ISO-10303-21;
HEADER;
/* Generated by software containing ST-Developer
 * from STEP Tools, Inc. (www.steptools.com) 
 */
/* OPTION: using custom schema-name function */

FILE_DESCRIPTION(
/* description */ (''),
/* implementation_level */ '2;1');

FILE_NAME(
/* name */ 'FFF_ReverseMoldA',
/* time_stamp */ '2026-04-16T17:57:00+03:00',
/* author */ (''),
/* organization */ (''),
/* preprocessor_version */ 'ST-DEVELOPER v16.5',
/* originating_system */ 'Rhino 7.23',
/* authorisation */ '');

FILE_SCHEMA (('CONFIG_CONTROL_DESIGN'));
ENDSEC;

DATA;
#10=SHAPE_REPRESENTATION_RELATIONSHIP('','',#921,#12);
#11=MANIFOLD_SOLID_BREP('brep_1',#13);
#12=ADVANCED_BREP_SHAPE_REPRESENTATION('brep_rep_0',(#11,#963),#920);
#13=CLOSED_SHELL('',(#14,#15,#16,#17,#18,#19,#20,#21,#22,#23,#24,#25,#26,
#27,#28,#29,#30,#31,#32,#33,#34,#35,#36,#37,#38,#39,#40,#41,#42,#43,#44,
#45,#46,#47,#48,#49,#50,#51,#52,#53,#54,#55,#56,#57,#58,#59,#60,#61,#62,
#63));
#14=ADVANCED_FACE('',(#67,#64),#819,.T.);
#15=ADVANCED_FACE('',(#68),#809,.T.);
#16=ADVANCED_FACE('',(#69),#810,.T.);
#17=ADVANCED_FACE('',(#70),#811,.T.);
#18=ADVANCED_FACE('',(#71),#812,.T.);
#19=ADVANCED_FACE('',(#72),#813,.T.);
#20=ADVANCED_FACE('',(#73),#814,.T.);
#21=ADVANCED_FACE('',(#74),#815,.T.);
#22=ADVANCED_FACE('',(#75),#816,.T.);
#23=ADVANCED_FACE('',(#76),#817,.T.);
#24=ADVANCED_FACE('',(#77),#818,.T.);
#25=ADVANCED_FACE('',(#78),#785,.T.);
#26=ADVANCED_FACE('',(#79),#786,.T.);
#27=ADVANCED_FACE('',(#80),#787,.T.);
#28=ADVANCED_FACE('',(#81),#788,.T.);
#29=ADVANCED_FACE('',(#82),#789,.T.);
#30=ADVANCED_FACE('',(#83),#790,.T.);
#31=ADVANCED_FACE('',(#84),#791,.T.);
#32=ADVANCED_FACE('',(#85),#792,.T.);
#33=ADVANCED_FACE('',(#86),#820,.T.);
#34=ADVANCED_FACE('',(#87),#793,.F.);
#35=ADVANCED_FACE('',(#88),#821,.T.);
#36=ADVANCED_FACE('',(#89),#794,.F.);
#37=ADVANCED_FACE('',(#90),#822,.T.);
#38=ADVANCED_FACE('',(#91),#795,.F.);
#39=ADVANCED_FACE('',(#92),#823,.T.);
#40=ADVANCED_FACE('',(#93),#796,.F.);
#41=ADVANCED_FACE('',(#94,#65),#824,.T.);
#42=ADVANCED_FACE('',(#95),#797,.F.);
#43=ADVANCED_FACE('',(#96),#798,.F.);
#44=ADVANCED_FACE('',(#97),#799,.F.);
#45=ADVANCED_FACE('',(#98),#800,.F.);
#46=ADVANCED_FACE('',(#99),#801,.T.);
#47=ADVANCED_FACE('',(#100),#802,.T.);
#48=ADVANCED_FACE('',(#101),#803,.T.);
#49=ADVANCED_FACE('',(#102),#804,.T.);
#50=ADVANCED_FACE('',(#103,#66),#825,.T.);
#51=ADVANCED_FACE('',(#104),#826,.T.);
#52=ADVANCED_FACE('',(#105),#827,.T.);
#53=ADVANCED_FACE('',(#106),#828,.T.);
#54=ADVANCED_FACE('',(#107),#829,.T.);
#55=ADVANCED_FACE('',(#108),#805,.F.);
#56=ADVANCED_FACE('',(#109),#806,.F.);
#57=ADVANCED_FACE('',(#110),#807,.F.);
#58=ADVANCED_FACE('',(#111),#808,.F.);
#59=ADVANCED_FACE('',(#112),#830,.T.);
#60=ADVANCED_FACE('',(#113),#831,.T.);
#61=ADVANCED_FACE('',(#114),#832,.T.);
#62=ADVANCED_FACE('',(#115),#833,.T.);
#63=ADVANCED_FACE('',(#116),#834,.T.);
#64=FACE_BOUND('',#118,.T.);
#65=FACE_BOUND('',#146,.T.);
#66=FACE_BOUND('',#156,.T.);
#67=FACE_OUTER_BOUND('',#117,.T.);
#68=FACE_OUTER_BOUND('',#119,.T.);
#69=FACE_OUTER_BOUND('',#120,.T.);
#70=FACE_OUTER_BOUND('',#121,.T.);
#71=FACE_OUTER_BOUND('',#122,.T.);
#72=FACE_OUTER_BOUND('',#123,.T.);
#73=FACE_OUTER_BOUND('',#124,.T.);
#74=FACE_OUTER_BOUND('',#125,.T.);
#75=FACE_OUTER_BOUND('',#126,.T.);
#76=FACE_OUTER_BOUND('',#127,.T.);
#77=FACE_OUTER_BOUND('',#128,.T.);
#78=FACE_OUTER_BOUND('',#129,.T.);
#79=FACE_OUTER_BOUND('',#130,.T.);
#80=FACE_OUTER_BOUND('',#131,.T.);
#81=FACE_OUTER_BOUND('',#132,.T.);
#82=FACE_OUTER_BOUND('',#133,.T.);
#83=FACE_OUTER_BOUND('',#134,.T.);
#84=FACE_OUTER_BOUND('',#135,.T.);
#85=FACE_OUTER_BOUND('',#136,.T.);
#86=FACE_OUTER_BOUND('',#137,.T.);
#87=FACE_OUTER_BOUND('',#138,.T.);
#88=FACE_OUTER_BOUND('',#139,.T.);
#89=FACE_OUTER_BOUND('',#140,.T.);
#90=FACE_OUTER_BOUND('',#141,.T.);
#91=FACE_OUTER_BOUND('',#142,.T.);
#92=FACE_OUTER_BOUND('',#143,.T.);
#93=FACE_OUTER_BOUND('',#144,.T.);
#94=FACE_OUTER_BOUND('',#145,.T.);
#95=FACE_OUTER_BOUND('',#147,.T.);
#96=FACE_OUTER_BOUND('',#148,.T.);
#97=FACE_OUTER_BOUND('',#149,.T.);
#98=FACE_OUTER_BOUND('',#150,.T.);
#99=FACE_OUTER_BOUND('',#151,.T.);
#100=FACE_OUTER_BOUND('',#152,.T.);
#101=FACE_OUTER_BOUND('',#153,.T.);
#102=FACE_OUTER_BOUND('',#154,.T.);
#103=FACE_OUTER_BOUND('',#155,.T.);
#104=FACE_OUTER_BOUND('',#157,.T.);
#105=FACE_OUTER_BOUND('',#158,.T.);
#106=FACE_OUTER_BOUND('',#159,.T.);
#107=FACE_OUTER_BOUND('',#160,.T.);
#108=FACE_OUTER_BOUND('',#161,.T.);
#109=FACE_OUTER_BOUND('',#162,.T.);
#110=FACE_OUTER_BOUND('',#163,.T.);
#111=FACE_OUTER_BOUND('',#164,.T.);
#112=FACE_OUTER_BOUND('',#165,.T.);
#113=FACE_OUTER_BOUND('',#166,.T.);
#114=FACE_OUTER_BOUND('',#167,.T.);
#115=FACE_OUTER_BOUND('',#168,.T.);
#116=FACE_OUTER_BOUND('',#169,.T.);
#117=EDGE_LOOP('',(#170,#171,#172,#173,#174,#175,#176,#177));
#118=EDGE_LOOP('',(#178));
#119=EDGE_LOOP('',(#179,#180,#181,#182,#183,#184,#185,#186,#187,#188,#189));
#120=EDGE_LOOP('',(#190,#191,#192,#193));
#121=EDGE_LOOP('',(#194,#195,#196,#197));
#122=EDGE_LOOP('',(#198,#199,#200,#201,#202,#203));
#123=EDGE_LOOP('',(#204,#205,#206,#207));
#124=EDGE_LOOP('',(#208,#209,#210,#211,#212,#213));
#125=EDGE_LOOP('',(#214,#215,#216,#217));
#126=EDGE_LOOP('',(#218,#219));
#127=EDGE_LOOP('',(#220,#221));
#128=EDGE_LOOP('',(#222,#223,#224,#225));
#129=EDGE_LOOP('',(#226,#227,#228,#229));
#130=EDGE_LOOP('',(#230,#231,#232,#233));
#131=EDGE_LOOP('',(#234,#235,#236,#237));
#132=EDGE_LOOP('',(#238,#239,#240,#241));
#133=EDGE_LOOP('',(#242,#243,#244,#245));
#134=EDGE_LOOP('',(#246,#247,#248,#249));
#135=EDGE_LOOP('',(#250,#251,#252,#253));
#136=EDGE_LOOP('',(#254,#255,#256,#257));
#137=EDGE_LOOP('',(#258,#259,#260,#261));
#138=EDGE_LOOP('',(#262,#263,#264,#265));
#139=EDGE_LOOP('',(#266,#267,#268,#269));
#140=EDGE_LOOP('',(#270,#271,#272,#273));
#141=EDGE_LOOP('',(#274,#275,#276,#277));
#142=EDGE_LOOP('',(#278,#279,#280,#281));
#143=EDGE_LOOP('',(#282,#283,#284,#285));
#144=EDGE_LOOP('',(#286,#287,#288,#289));
#145=EDGE_LOOP('',(#290,#291,#292,#293,#294,#295,#296,#297));
#146=EDGE_LOOP('',(#298,#299,#300,#301,#302,#303,#304,#305));
#147=EDGE_LOOP('',(#306,#307,#308,#309));
#148=EDGE_LOOP('',(#310,#311,#312,#313));
#149=EDGE_LOOP('',(#314,#315,#316,#317));
#150=EDGE_LOOP('',(#318,#319,#320,#321));
#151=EDGE_LOOP('',(#322,#323,#324,#325));
#152=EDGE_LOOP('',(#326,#327,#328,#329));
#153=EDGE_LOOP('',(#330,#331,#332,#333));
#154=EDGE_LOOP('',(#334,#335,#336,#337));
#155=EDGE_LOOP('',(#338,#339,#340,#341,#342,#343,#344,#345));
#156=EDGE_LOOP('',(#346,#347,#348,#349,#350,#351,#352,#353));
#157=EDGE_LOOP('',(#354,#355,#356,#357,#358,#359,#360,#361));
#158=EDGE_LOOP('',(#362,#363,#364,#365,#366,#367,#368,#369));
#159=EDGE_LOOP('',(#370,#371,#372,#373,#374,#375,#376,#377));
#160=EDGE_LOOP('',(#378,#379,#380,#381,#382,#383,#384,#385));
#161=EDGE_LOOP('',(#386,#387,#388,#389));
#162=EDGE_LOOP('',(#390,#391,#392,#393));
#163=EDGE_LOOP('',(#394,#395,#396,#397));
#164=EDGE_LOOP('',(#398,#399,#400,#401));
#165=EDGE_LOOP('',(#402,#403,#404,#405,#406,#407));
#166=EDGE_LOOP('',(#408,#409,#410,#411,#412,#413));
#167=EDGE_LOOP('',(#414,#415,#416,#417,#418,#419));
#168=EDGE_LOOP('',(#420,#421,#422,#423,#424,#425));
#169=EDGE_LOOP('',(#426,#427,#428,#429,#430,#431,#432,#433));
#170=ORIENTED_EDGE('',*,*,#551,.F.);
#171=ORIENTED_EDGE('',*,*,#547,.F.);
#172=ORIENTED_EDGE('',*,*,#565,.F.);
#173=ORIENTED_EDGE('',*,*,#563,.F.);
#174=ORIENTED_EDGE('',*,*,#561,.F.);
#175=ORIENTED_EDGE('',*,*,#558,.F.);
#176=ORIENTED_EDGE('',*,*,#556,.F.);
#177=ORIENTED_EDGE('',*,*,#553,.F.);
#178=ORIENTED_EDGE('',*,*,#457,.T.);
#179=ORIENTED_EDGE('',*,*,#444,.T.);
#180=ORIENTED_EDGE('',*,*,#449,.F.);
#181=ORIENTED_EDGE('',*,*,#451,.T.);
#182=ORIENTED_EDGE('',*,*,#448,.T.);
#183=ORIENTED_EDGE('',*,*,#447,.T.);
#184=ORIENTED_EDGE('',*,*,#450,.F.);
#185=ORIENTED_EDGE('',*,*,#453,.T.);
#186=ORIENTED_EDGE('',*,*,#446,.T.);
#187=ORIENTED_EDGE('',*,*,#434,.T.);
#188=ORIENTED_EDGE('',*,*,#435,.T.);
#189=ORIENTED_EDGE('',*,*,#434,.F.);
#190=ORIENTED_EDGE('',*,*,#436,.F.);
#191=ORIENTED_EDGE('',*,*,#435,.F.);
#192=ORIENTED_EDGE('',*,*,#436,.T.);
#193=ORIENTED_EDGE('',*,*,#455,.F.);
#194=ORIENTED_EDGE('',*,*,#442,.F.);
#195=ORIENTED_EDGE('',*,*,#437,.F.);
#196=ORIENTED_EDGE('',*,*,#440,.T.);
#197=ORIENTED_EDGE('',*,*,#439,.T.);
#198=ORIENTED_EDGE('',*,*,#438,.F.);
#199=ORIENTED_EDGE('',*,*,#437,.T.);
#200=ORIENTED_EDGE('',*,*,#445,.F.);
#201=ORIENTED_EDGE('',*,*,#451,.F.);
#202=ORIENTED_EDGE('',*,*,#452,.F.);
#203=ORIENTED_EDGE('',*,*,#444,.F.);
#204=ORIENTED_EDGE('',*,*,#441,.F.);
#205=ORIENTED_EDGE('',*,*,#440,.F.);
#206=ORIENTED_EDGE('',*,*,#438,.T.);
#207=ORIENTED_EDGE('',*,*,#446,.F.);
#208=ORIENTED_EDGE('',*,*,#443,.F.);
#209=ORIENTED_EDGE('',*,*,#439,.F.);
#210=ORIENTED_EDGE('',*,*,#441,.T.);
#211=ORIENTED_EDGE('',*,*,#453,.F.);
#212=ORIENTED_EDGE('',*,*,#454,.F.);
#213=ORIENTED_EDGE('',*,*,#447,.F.);
#214=ORIENTED_EDGE('',*,*,#445,.T.);
#215=ORIENTED_EDGE('',*,*,#442,.T.);
#216=ORIENTED_EDGE('',*,*,#443,.T.);
#217=ORIENTED_EDGE('',*,*,#448,.F.);
#218=ORIENTED_EDGE('',*,*,#449,.T.);
#219=ORIENTED_EDGE('',*,*,#452,.T.);
#220=ORIENTED_EDGE('',*,*,#450,.T.);
#221=ORIENTED_EDGE('',*,*,#454,.T.);
#222=ORIENTED_EDGE('',*,*,#455,.T.);
#223=ORIENTED_EDGE('',*,*,#456,.T.);
#224=ORIENTED_EDGE('',*,*,#457,.F.);
#225=ORIENTED_EDGE('',*,*,#456,.F.);
#226=ORIENTED_EDGE('',*,*,#458,.F.);
#227=ORIENTED_EDGE('',*,*,#459,.T.);
#228=ORIENTED_EDGE('',*,*,#460,.F.);
#229=ORIENTED_EDGE('',*,*,#461,.F.);
#230=ORIENTED_EDGE('',*,*,#464,.F.);
#231=ORIENTED_EDGE('',*,*,#465,.T.);
#232=ORIENTED_EDGE('',*,*,#466,.F.);
#233=ORIENTED_EDGE('',*,*,#462,.F.);
#234=ORIENTED_EDGE('',*,*,#469,.F.);
#235=ORIENTED_EDGE('',*,*,#470,.T.);
#236=ORIENTED_EDGE('',*,*,#471,.F.);
#237=ORIENTED_EDGE('',*,*,#467,.F.);
#238=ORIENTED_EDGE('',*,*,#474,.F.);
#239=ORIENTED_EDGE('',*,*,#475,.T.);
#240=ORIENTED_EDGE('',*,*,#476,.F.);
#241=ORIENTED_EDGE('',*,*,#472,.F.);
#242=ORIENTED_EDGE('',*,*,#478,.T.);
#243=ORIENTED_EDGE('',*,*,#479,.T.);
#244=ORIENTED_EDGE('',*,*,#480,.F.);
#245=ORIENTED_EDGE('',*,*,#481,.F.);
#246=ORIENTED_EDGE('',*,*,#484,.T.);
#247=ORIENTED_EDGE('',*,*,#485,.T.);
#248=ORIENTED_EDGE('',*,*,#486,.F.);
#249=ORIENTED_EDGE('',*,*,#482,.F.);
#250=ORIENTED_EDGE('',*,*,#489,.T.);
#251=ORIENTED_EDGE('',*,*,#490,.T.);
#252=ORIENTED_EDGE('',*,*,#491,.F.);
#253=ORIENTED_EDGE('',*,*,#487,.F.);
#254=ORIENTED_EDGE('',*,*,#494,.T.);
#255=ORIENTED_EDGE('',*,*,#495,.T.);
#256=ORIENTED_EDGE('',*,*,#496,.F.);
#257=ORIENTED_EDGE('',*,*,#492,.F.);
#258=ORIENTED_EDGE('',*,*,#498,.T.);
#259=ORIENTED_EDGE('',*,*,#499,.T.);
#260=ORIENTED_EDGE('',*,*,#500,.F.);
#261=ORIENTED_EDGE('',*,*,#501,.F.);
#262=ORIENTED_EDGE('',*,*,#502,.T.);
#263=ORIENTED_EDGE('',*,*,#503,.T.);
#264=ORIENTED_EDGE('',*,*,#504,.F.);
#265=ORIENTED_EDGE('',*,*,#499,.F.);
#266=ORIENTED_EDGE('',*,*,#505,.T.);
#267=ORIENTED_EDGE('',*,*,#506,.T.);
#268=ORIENTED_EDGE('',*,*,#507,.F.);
#269=ORIENTED_EDGE('',*,*,#503,.F.);
#270=ORIENTED_EDGE('',*,*,#508,.T.);
#271=ORIENTED_EDGE('',*,*,#509,.T.);
#272=ORIENTED_EDGE('',*,*,#510,.F.);
#273=ORIENTED_EDGE('',*,*,#506,.F.);
#274=ORIENTED_EDGE('',*,*,#511,.T.);
#275=ORIENTED_EDGE('',*,*,#512,.T.);
#276=ORIENTED_EDGE('',*,*,#513,.F.);
#277=ORIENTED_EDGE('',*,*,#509,.F.);
#278=ORIENTED_EDGE('',*,*,#514,.T.);
#279=ORIENTED_EDGE('',*,*,#515,.T.);
#280=ORIENTED_EDGE('',*,*,#516,.F.);
#281=ORIENTED_EDGE('',*,*,#512,.F.);
#282=ORIENTED_EDGE('',*,*,#517,.T.);
#283=ORIENTED_EDGE('',*,*,#518,.T.);
#284=ORIENTED_EDGE('',*,*,#519,.F.);
#285=ORIENTED_EDGE('',*,*,#515,.F.);
#286=ORIENTED_EDGE('',*,*,#520,.T.);
#287=ORIENTED_EDGE('',*,*,#501,.T.);
#288=ORIENTED_EDGE('',*,*,#521,.F.);
#289=ORIENTED_EDGE('',*,*,#518,.F.);
#290=ORIENTED_EDGE('',*,*,#480,.T.);
#291=ORIENTED_EDGE('',*,*,#483,.T.);
#292=ORIENTED_EDGE('',*,*,#486,.T.);
#293=ORIENTED_EDGE('',*,*,#488,.T.);
#294=ORIENTED_EDGE('',*,*,#491,.T.);
#295=ORIENTED_EDGE('',*,*,#493,.T.);
#296=ORIENTED_EDGE('',*,*,#496,.T.);
#297=ORIENTED_EDGE('',*,*,#497,.T.);
#298=ORIENTED_EDGE('',*,*,#500,.T.);
#299=ORIENTED_EDGE('',*,*,#504,.T.);
#300=ORIENTED_EDGE('',*,*,#507,.T.);
#301=ORIENTED_EDGE('',*,*,#510,.T.);
#302=ORIENTED_EDGE('',*,*,#513,.T.);
#303=ORIENTED_EDGE('',*,*,#516,.T.);
#304=ORIENTED_EDGE('',*,*,#519,.T.);
#305=ORIENTED_EDGE('',*,*,#521,.T.);
#306=ORIENTED_EDGE('',*,*,#554,.T.);
#307=ORIENTED_EDGE('',*,*,#524,.T.);
#308=ORIENTED_EDGE('',*,*,#534,.F.);
#309=ORIENTED_EDGE('',*,*,#529,.F.);
#310=ORIENTED_EDGE('',*,*,#535,.F.);
#311=ORIENTED_EDGE('',*,*,#525,.T.);
#312=ORIENTED_EDGE('',*,*,#559,.T.);
#313=ORIENTED_EDGE('',*,*,#527,.F.);
#314=ORIENTED_EDGE('',*,*,#536,.F.);
#315=ORIENTED_EDGE('',*,*,#526,.T.);
#316=ORIENTED_EDGE('',*,*,#564,.T.);
#317=ORIENTED_EDGE('',*,*,#522,.F.);
#318=ORIENTED_EDGE('',*,*,#549,.T.);
#319=ORIENTED_EDGE('',*,*,#528,.T.);
#320=ORIENTED_EDGE('',*,*,#537,.F.);
#321=ORIENTED_EDGE('',*,*,#523,.F.);
#322=ORIENTED_EDGE('',*,*,#458,.T.);
#323=ORIENTED_EDGE('',*,*,#539,.F.);
#324=ORIENTED_EDGE('',*,*,#494,.F.);
#325=ORIENTED_EDGE('',*,*,#538,.T.);
#326=ORIENTED_EDGE('',*,*,#474,.T.);
#327=ORIENTED_EDGE('',*,*,#540,.T.);
#328=ORIENTED_EDGE('',*,*,#478,.F.);
#329=ORIENTED_EDGE('',*,*,#541,.F.);
#330=ORIENTED_EDGE('',*,*,#469,.T.);
#331=ORIENTED_EDGE('',*,*,#542,.T.);
#332=ORIENTED_EDGE('',*,*,#484,.F.);
#333=ORIENTED_EDGE('',*,*,#543,.F.);
#334=ORIENTED_EDGE('',*,*,#464,.T.);
#335=ORIENTED_EDGE('',*,*,#544,.T.);
#336=ORIENTED_EDGE('',*,*,#489,.F.);
#337=ORIENTED_EDGE('',*,*,#545,.F.);
#338=ORIENTED_EDGE('',*,*,#520,.F.);
#339=ORIENTED_EDGE('',*,*,#517,.F.);
#340=ORIENTED_EDGE('',*,*,#514,.F.);
#341=ORIENTED_EDGE('',*,*,#511,.F.);
#342=ORIENTED_EDGE('',*,*,#508,.F.);
#343=ORIENTED_EDGE('',*,*,#505,.F.);
#344=ORIENTED_EDGE('',*,*,#502,.F.);
#345=ORIENTED_EDGE('',*,*,#498,.F.);
#346=ORIENTED_EDGE('',*,*,#530,.T.);
#347=ORIENTED_EDGE('',*,*,#537,.T.);
#348=ORIENTED_EDGE('',*,*,#533,.T.);
#349=ORIENTED_EDGE('',*,*,#534,.T.);
#350=ORIENTED_EDGE('',*,*,#531,.T.);
#351=ORIENTED_EDGE('',*,*,#535,.T.);
#352=ORIENTED_EDGE('',*,*,#532,.T.);
#353=ORIENTED_EDGE('',*,*,#536,.T.);
#354=ORIENTED_EDGE('',*,*,#462,.T.);
#355=ORIENTED_EDGE('',*,*,#463,.F.);
#356=ORIENTED_EDGE('',*,*,#459,.F.);
#357=ORIENTED_EDGE('',*,*,#538,.F.);
#358=ORIENTED_EDGE('',*,*,#492,.T.);
#359=ORIENTED_EDGE('',*,*,#493,.F.);
#360=ORIENTED_EDGE('',*,*,#490,.F.);
#361=ORIENTED_EDGE('',*,*,#544,.F.);
#362=ORIENTED_EDGE('',*,*,#467,.T.);
#363=ORIENTED_EDGE('',*,*,#468,.F.);
#364=ORIENTED_EDGE('',*,*,#465,.F.);
#365=ORIENTED_EDGE('',*,*,#545,.T.);
#366=ORIENTED_EDGE('',*,*,#487,.T.);
#367=ORIENTED_EDGE('',*,*,#488,.F.);
#368=ORIENTED_EDGE('',*,*,#485,.F.);
#369=ORIENTED_EDGE('',*,*,#542,.F.);
#370=ORIENTED_EDGE('',*,*,#472,.T.);
#371=ORIENTED_EDGE('',*,*,#473,.F.);
#372=ORIENTED_EDGE('',*,*,#470,.F.);
#373=ORIENTED_EDGE('',*,*,#543,.T.);
#374=ORIENTED_EDGE('',*,*,#482,.T.);
#375=ORIENTED_EDGE('',*,*,#483,.F.);
#376=ORIENTED_EDGE('',*,*,#479,.F.);
#377=ORIENTED_EDGE('',*,*,#540,.F.);
#378=ORIENTED_EDGE('',*,*,#461,.T.);
#379=ORIENTED_EDGE('',*,*,#477,.F.);
#380=ORIENTED_EDGE('',*,*,#475,.F.);
#381=ORIENTED_EDGE('',*,*,#541,.T.);
#382=ORIENTED_EDGE('',*,*,#481,.T.);
#383=ORIENTED_EDGE('',*,*,#497,.F.);
#384=ORIENTED_EDGE('',*,*,#495,.F.);
#385=ORIENTED_EDGE('',*,*,#539,.T.);
#386=ORIENTED_EDGE('',*,*,#546,.T.);
#387=ORIENTED_EDGE('',*,*,#551,.T.);
#388=ORIENTED_EDGE('',*,*,#550,.F.);
#389=ORIENTED_EDGE('',*,*,#549,.F.);
#390=ORIENTED_EDGE('',*,*,#552,.T.);
#391=ORIENTED_EDGE('',*,*,#556,.T.);
#392=ORIENTED_EDGE('',*,*,#555,.F.);
#393=ORIENTED_EDGE('',*,*,#554,.F.);
#394=ORIENTED_EDGE('',*,*,#557,.T.);
#395=ORIENTED_EDGE('',*,*,#561,.T.);
#396=ORIENTED_EDGE('',*,*,#560,.F.);
#397=ORIENTED_EDGE('',*,*,#559,.F.);
#398=ORIENTED_EDGE('',*,*,#562,.T.);
#399=ORIENTED_EDGE('',*,*,#565,.T.);
#400=ORIENTED_EDGE('',*,*,#548,.F.);
#401=ORIENTED_EDGE('',*,*,#564,.F.);
#402=ORIENTED_EDGE('',*,*,#522,.T.);
#403=ORIENTED_EDGE('',*,*,#548,.T.);
#404=ORIENTED_EDGE('',*,*,#547,.T.);
#405=ORIENTED_EDGE('',*,*,#546,.F.);
#406=ORIENTED_EDGE('',*,*,#523,.T.);
#407=ORIENTED_EDGE('',*,*,#530,.F.);
#408=ORIENTED_EDGE('',*,*,#525,.F.);
#409=ORIENTED_EDGE('',*,*,#531,.F.);
#410=ORIENTED_EDGE('',*,*,#524,.F.);
#411=ORIENTED_EDGE('',*,*,#555,.T.);
#412=ORIENTED_EDGE('',*,*,#558,.T.);
#413=ORIENTED_EDGE('',*,*,#557,.F.);
#414=ORIENTED_EDGE('',*,*,#532,.F.);
#415=ORIENTED_EDGE('',*,*,#527,.T.);
#416=ORIENTED_EDGE('',*,*,#560,.T.);
#417=ORIENTED_EDGE('',*,*,#563,.T.);
#418=ORIENTED_EDGE('',*,*,#562,.F.);
#419=ORIENTED_EDGE('',*,*,#526,.F.);
#420=ORIENTED_EDGE('',*,*,#529,.T.);
#421=ORIENTED_EDGE('',*,*,#533,.F.);
#422=ORIENTED_EDGE('',*,*,#528,.F.);
#423=ORIENTED_EDGE('',*,*,#550,.T.);
#424=ORIENTED_EDGE('',*,*,#553,.T.);
#425=ORIENTED_EDGE('',*,*,#552,.F.);
#426=ORIENTED_EDGE('',*,*,#460,.T.);
#427=ORIENTED_EDGE('',*,*,#463,.T.);
#428=ORIENTED_EDGE('',*,*,#466,.T.);
#429=ORIENTED_EDGE('',*,*,#468,.T.);
#430=ORIENTED_EDGE('',*,*,#471,.T.);
#431=ORIENTED_EDGE('',*,*,#473,.T.);
#432=ORIENTED_EDGE('',*,*,#476,.T.);
#433=ORIENTED_EDGE('',*,*,#477,.T.);
#434=EDGE_CURVE('',#700,#701,#638,.T.);
#435=EDGE_CURVE('',#701,#701,#639,.T.);
#436=EDGE_CURVE('',#701,#713,#640,.T.);
#437=EDGE_CURVE('',#705,#706,#641,.T.);
#438=EDGE_CURVE('',#705,#700,#642,.T.);
#439=EDGE_CURVE('',#707,#708,#643,.T.);
#440=EDGE_CURVE('',#705,#707,#644,.T.);
#441=EDGE_CURVE('',#707,#703,#645,.T.);
#442=EDGE_CURVE('',#706,#708,#646,.T.);
#443=EDGE_CURVE('',#708,#704,#647,.T.);
#444=EDGE_CURVE('',#700,#710,#648,.T.);
#445=EDGE_CURVE('',#702,#706,#649,.T.);
#446=EDGE_CURVE('',#703,#700,#650,.T.);
#447=EDGE_CURVE('',#704,#712,#651,.T.);
#448=EDGE_CURVE('',#702,#704,#652,.T.);
#449=EDGE_CURVE('',#709,#710,#653,.T.);
#450=EDGE_CURVE('',#711,#712,#654,.T.);
#451=EDGE_CURVE('',#709,#702,#655,.T.);
#452=EDGE_CURVE('',#710,#709,#656,.T.);
#453=EDGE_CURVE('',#711,#703,#657,.T.);
#454=EDGE_CURVE('',#712,#711,#658,.T.);
#455=EDGE_CURVE('',#713,#713,#659,.T.);
#456=EDGE_CURVE('',#713,#698,#660,.T.);
#457=EDGE_CURVE('',#698,#698,#661,.T.);
#458=EDGE_CURVE('',#715,#714,#566,.T.);
#459=EDGE_CURVE('',#715,#716,#567,.T.);
#460=EDGE_CURVE('',#717,#716,#568,.T.);
#461=EDGE_CURVE('',#714,#717,#569,.T.);
#462=EDGE_CURVE('',#718,#719,#662,.T.);
#463=EDGE_CURVE('',#716,#719,#663,.T.);
#464=EDGE_CURVE('',#720,#718,#570,.T.);
#465=EDGE_CURVE('',#720,#721,#571,.T.);
#466=EDGE_CURVE('',#719,#721,#572,.T.);
#467=EDGE_CURVE('',#722,#723,#664,.T.);
#468=EDGE_CURVE('',#721,#723,#665,.T.);
#469=EDGE_CURVE('',#724,#722,#573,.T.);
#470=EDGE_CURVE('',#724,#725,#574,.T.);
#471=EDGE_CURVE('',#723,#725,#575,.T.);
#472=EDGE_CURVE('',#726,#727,#666,.T.);
#473=EDGE_CURVE('',#725,#727,#667,.T.);
#474=EDGE_CURVE('',#728,#726,#576,.T.);
#475=EDGE_CURVE('',#728,#729,#577,.T.);
#476=EDGE_CURVE('',#727,#729,#578,.T.);
#477=EDGE_CURVE('',#729,#717,#668,.T.);
#478=EDGE_CURVE('',#730,#731,#579,.T.);
#479=EDGE_CURVE('',#731,#732,#580,.T.);
#480=EDGE_CURVE('',#733,#732,#581,.T.);
#481=EDGE_CURVE('',#730,#733,#582,.T.);
#482=EDGE_CURVE('',#734,#735,#583,.T.);
#483=EDGE_CURVE('',#732,#735,#584,.T.);
#484=EDGE_CURVE('',#734,#736,#585,.T.);
#485=EDGE_CURVE('',#736,#737,#586,.T.);
#486=EDGE_CURVE('',#735,#737,#587,.T.);
#487=EDGE_CURVE('',#738,#739,#588,.T.);
#488=EDGE_CURVE('',#737,#739,#589,.T.);
#489=EDGE_CURVE('',#738,#740,#590,.T.);
#490=EDGE_CURVE('',#740,#741,#591,.T.);
#491=EDGE_CURVE('',#739,#741,#592,.T.);
#492=EDGE_CURVE('',#742,#743,#593,.T.);
#493=EDGE_CURVE('',#741,#743,#594,.T.);
#494=EDGE_CURVE('',#742,#744,#595,.T.);
#495=EDGE_CURVE('',#744,#745,#596,.T.);
#496=EDGE_CURVE('',#743,#745,#597,.T.);
#497=EDGE_CURVE('',#745,#733,#598,.T.);
#498=EDGE_CURVE('',#746,#747,#599,.T.);
#499=EDGE_CURVE('',#747,#748,#600,.T.);
#500=EDGE_CURVE('',#749,#748,#601,.T.);
#501=EDGE_CURVE('',#746,#749,#602,.T.);
#502=EDGE_CURVE('',#747,#750,#603,.T.);
#503=EDGE_CURVE('',#750,#751,#604,.T.);
#504=EDGE_CURVE('',#748,#751,#605,.T.);
#505=EDGE_CURVE('',#750,#752,#606,.T.);
#506=EDGE_CURVE('',#752,#753,#607,.T.);
#507=EDGE_CURVE('',#751,#753,#608,.T.);
#508=EDGE_CURVE('',#752,#754,#609,.T.);
#509=EDGE_CURVE('',#754,#755,#610,.T.);
#510=EDGE_CURVE('',#753,#755,#611,.T.);
#511=EDGE_CURVE('',#754,#756,#612,.T.);
#512=EDGE_CURVE('',#756,#757,#613,.T.);
#513=EDGE_CURVE('',#755,#757,#614,.T.);
#514=EDGE_CURVE('',#756,#758,#615,.T.);
#515=EDGE_CURVE('',#758,#759,#616,.T.);
#516=EDGE_CURVE('',#757,#759,#617,.T.);
#517=EDGE_CURVE('',#758,#760,#618,.T.);
#518=EDGE_CURVE('',#760,#761,#619,.T.);
#519=EDGE_CURVE('',#759,#761,#620,.T.);
#520=EDGE_CURVE('',#760,#746,#621,.T.);
#521=EDGE_CURVE('',#761,#749,#622,.T.);
#522=EDGE_CURVE('',#770,#763,#669,.T.);
#523=EDGE_CURVE('',#762,#771,#670,.T.);
#524=EDGE_CURVE('',#765,#772,#671,.T.);
#525=EDGE_CURVE('',#773,#764,#672,.T.);
#526=EDGE_CURVE('',#775,#766,#673,.T.);
#527=EDGE_CURVE('',#774,#767,#674,.T.);
#528=EDGE_CURVE('',#769,#776,#675,.T.);
#529=EDGE_CURVE('',#768,#777,#676,.T.);
#530=EDGE_CURVE('',#770,#771,#677,.T.);
#531=EDGE_CURVE('',#772,#773,#678,.T.);
#532=EDGE_CURVE('',#774,#775,#679,.T.);
#533=EDGE_CURVE('',#776,#777,#680,.T.);
#534=EDGE_CURVE('',#777,#772,#623,.T.);
#535=EDGE_CURVE('',#773,#774,#624,.T.);
#536=EDGE_CURVE('',#775,#770,#625,.T.);
#537=EDGE_CURVE('',#771,#776,#626,.T.);
#538=EDGE_CURVE('',#742,#715,#681,.T.);
#539=EDGE_CURVE('',#744,#714,#682,.T.);
#540=EDGE_CURVE('',#726,#731,#683,.T.);
#541=EDGE_CURVE('',#728,#730,#684,.T.);
#542=EDGE_CURVE('',#722,#736,#685,.T.);
#543=EDGE_CURVE('',#724,#734,#686,.T.);
#544=EDGE_CURVE('',#718,#740,#687,.T.);
#545=EDGE_CURVE('',#720,#738,#688,.T.);
#546=EDGE_CURVE('',#762,#778,#689,.T.);
#547=EDGE_CURVE('',#779,#778,#690,.T.);
#548=EDGE_CURVE('',#763,#779,#691,.T.);
#549=EDGE_CURVE('',#762,#769,#627,.T.);
#550=EDGE_CURVE('',#769,#699,#628,.T.);
#551=EDGE_CURVE('',#778,#699,#629,.T.);
#552=EDGE_CURVE('',#768,#780,#692,.T.);
#553=EDGE_CURVE('',#699,#780,#693,.T.);
#554=EDGE_CURVE('',#768,#765,#630,.T.);
#555=EDGE_CURVE('',#765,#781,#631,.T.);
#556=EDGE_CURVE('',#780,#781,#632,.T.);
#557=EDGE_CURVE('',#764,#782,#694,.T.);
#558=EDGE_CURVE('',#781,#782,#695,.T.);
#559=EDGE_CURVE('',#764,#767,#633,.T.);
#560=EDGE_CURVE('',#767,#783,#634,.T.);
#561=EDGE_CURVE('',#782,#783,#635,.T.);
#562=EDGE_CURVE('',#766,#784,#696,.T.);
#563=EDGE_CURVE('',#783,#784,#697,.T.);
#564=EDGE_CURVE('',#766,#763,#636,.T.);
#565=EDGE_CURVE('',#784,#779,#637,.T.);
#566=(
BOUNDED_CURVE()
B_SPLINE_CURVE(2,(#10145,#10146,#10147),.UNSPECIFIED.,.F.,.F.)
B_SPLINE_CURVE_WITH_KNOTS((3,3),(157.184213673425,169.750584287784),
 .UNSPECIFIED.)
CURVE()
GEOMETRIC_REPRESENTATION_ITEM()
RATIONAL_B_SPLINE_CURVE((1.,0.707106781186546,1.))
REPRESENTATION_ITEM('')
);
#567=(
BOUNDED_CURVE()
B_SPLINE_CURVE(1,(#10148,#10149),.UNSPECIFIED.,.F.,.F.)
B_SPLINE_CURVE_WITH_KNOTS((2,2),(0.,1.),.UNSPECIFIED.)
CURVE()
GEOMETRIC_REPRESENTATION_ITEM()
RATIONAL_B_SPLINE_CURVE((1.,1.))
REPRESENTATION_ITEM('')
);
#568=(
BOUNDED_CURVE()
B_SPLINE_CURVE(2,(#10150,#10151,#10152),.UNSPECIFIED.,.F.,.F.)
B_SPLINE_CURVE_WITH_KNOTS((3,3),(-169.750584287784,-157.184213673425),
 .UNSPECIFIED.)
CURVE()
GEOMETRIC_REPRESENTATION_ITEM()
RATIONAL_B_SPLINE_CURVE((1.,0.707106781186546,1.))
REPRESENTATION_ITEM('')
);
#569=(
BOUNDED_CURVE()
B_SPLINE_CURVE(1,(#10153,#10154),.UNSPECIFIED.,.F.,.F.)
B_SPLINE_CURVE_WITH_KNOTS((2,2),(0.,1.),.UNSPECIFIED.)
CURVE()
GEOMETRIC_REPRESENTATION_ITEM()
RATIONAL_B_SPLINE_CURVE((1.,1.))
REPRESENTATION_ITEM('')
);
#570=(
BOUNDED_CURVE()
B_SPLINE_CURVE(2,(#10159,#10160,#10161),.UNSPECIFIED.,.F.,.F.)
B_SPLINE_CURVE_WITH_KNOTS((3,3),(110.650002864363,123.216373478722),
 .UNSPECIFIED.)
CURVE()
GEOMETRIC_REPRESENTATION_ITEM()
RATIONAL_B_SPLINE_CURVE((1.,0.707106781186547,1.))
REPRESENTATION_ITEM('')
);
#571=(
BOUNDED_CURVE()
B_SPLINE_CURVE(1,(#10162,#10163),.UNSPECIFIED.,.F.,.F.)
B_SPLINE_CURVE_WITH_KNOTS((2,2),(0.,1.),.UNSPECIFIED.)
CURVE()
GEOMETRIC_REPRESENTATION_ITEM()
RATIONAL_B_SPLINE_CURVE((1.,1.))
REPRESENTATION_ITEM('')
);
#572=(
BOUNDED_CURVE()
B_SPLINE_CURVE(2,(#10164,#10165,#10166),.UNSPECIFIED.,.F.,.F.)
B_SPLINE_CURVE_WITH_KNOTS((3,3),(-123.216373478722,-110.650002864363),
 .UNSPECIFIED.)
CURVE()
GEOMETRIC_REPRESENTATION_ITEM()
RATIONAL_B_SPLINE_CURVE((1.,0.707106781186547,1.))
REPRESENTATION_ITEM('')
);
#573=(
BOUNDED_CURVE()
B_SPLINE_CURVE(2,(#10171,#10172,#10173),.UNSPECIFIED.,.F.,.F.)
B_SPLINE_CURVE_WITH_KNOTS((3,3),(78.5921068367123,91.1584774510715),
 .UNSPECIFIED.)
CURVE()
GEOMETRIC_REPRESENTATION_ITEM()
RATIONAL_B_SPLINE_CURVE((1.,0.707106781186545,1.))
REPRESENTATION_ITEM('')
);
#574=(
BOUNDED_CURVE()
B_SPLINE_CURVE(1,(#10174,#10175),.UNSPECIFIED.,.F.,.F.)
B_SPLINE_CURVE_WITH_KNOTS((2,2),(0.,1.),.UNSPECIFIED.)
CURVE()
GEOMETRIC_REPRESENTATION_ITEM()
RATIONAL_B_SPLINE_CURVE((1.,1.))
REPRESENTATION_ITEM('')
);
#575=(
BOUNDED_CURVE()
B_SPLINE_CURVE(2,(#10176,#10177,#10178),.UNSPECIFIED.,.F.,.F.)
B_SPLINE_CURVE_WITH_KNOTS((3,3),(-91.1584774510715,-78.5921068367123),
 .UNSPECIFIED.)
CURVE()
GEOMETRIC_REPRESENTATION_ITEM()
RATIONAL_B_SPLINE_CURVE((1.,0.707106781186545,1.))
REPRESENTATION_ITEM('')
);
#576=(
BOUNDED_CURVE()
B_SPLINE_CURVE(2,(#10183,#10184,#10185),.UNSPECIFIED.,.F.,.F.)
B_SPLINE_CURVE_WITH_KNOTS((3,3),(32.057896027651,44.6242666420101),
 .UNSPECIFIED.)
CURVE()
GEOMETRIC_REPRESENTATION_ITEM()
RATIONAL_B_SPLINE_CURVE((1.,0.707106781186536,1.))
REPRESENTATION_ITEM('')
);
#577=(
BOUNDED_CURVE()
B_SPLINE_CURVE(1,(#10186,#10187),.UNSPECIFIED.,.F.,.F.)
B_SPLINE_CURVE_WITH_KNOTS((2,2),(0.,1.),.UNSPECIFIED.)
CURVE()
GEOMETRIC_REPRESENTATION_ITEM()
RATIONAL_B_SPLINE_CURVE((1.,1.))
REPRESENTATION_ITEM('')
);
#578=(
BOUNDED_CURVE()
B_SPLINE_CURVE(2,(#10188,#10189,#10190),.UNSPECIFIED.,.F.,.F.)
B_SPLINE_CURVE_WITH_KNOTS((3,3),(-44.6242666420101,-32.057896027651),
 .UNSPECIFIED.)
CURVE()
GEOMETRIC_REPRESENTATION_ITEM()
RATIONAL_B_SPLINE_CURVE((1.,0.707106781186536,1.))
REPRESENTATION_ITEM('')
);
#579=(
BOUNDED_CURVE()
B_SPLINE_CURVE(2,(#10193,#10194,#10195),.UNSPECIFIED.,.F.,.F.)
B_SPLINE_CURVE_WITH_KNOTS((3,3),(-317.568458206035,-305.002087591675),
 .UNSPECIFIED.)
CURVE()
GEOMETRIC_REPRESENTATION_ITEM()
RATIONAL_B_SPLINE_CURVE((1.,0.707106781186548,1.))
REPRESENTATION_ITEM('')
);
#580=(
BOUNDED_CURVE()
B_SPLINE_CURVE(1,(#10196,#10197),.UNSPECIFIED.,.F.,.F.)
B_SPLINE_CURVE_WITH_KNOTS((2,2),(0.,3.),.UNSPECIFIED.)
CURVE()
GEOMETRIC_REPRESENTATION_ITEM()
RATIONAL_B_SPLINE_CURVE((1.,1.))
REPRESENTATION_ITEM('')
);
#581=(
BOUNDED_CURVE()
B_SPLINE_CURVE(2,(#10198,#10199,#10200),.UNSPECIFIED.,.F.,.F.)
B_SPLINE_CURVE_WITH_KNOTS((3,3),(-317.568458206035,-305.002087591675),
 .UNSPECIFIED.)
CURVE()
GEOMETRIC_REPRESENTATION_ITEM()
RATIONAL_B_SPLINE_CURVE((1.,0.707106781186548,1.))
REPRESENTATION_ITEM('')
);
#582=(
BOUNDED_CURVE()
B_SPLINE_CURVE(1,(#10201,#10202),.UNSPECIFIED.,.F.,.F.)
B_SPLINE_CURVE_WITH_KNOTS((2,2),(0.,3.),.UNSPECIFIED.)
CURVE()
GEOMETRIC_REPRESENTATION_ITEM()
RATIONAL_B_SPLINE_CURVE((1.,1.))
REPRESENTATION_ITEM('')
);
#583=(
BOUNDED_CURVE()
B_SPLINE_CURVE(1,(#10203,#10204),.UNSPECIFIED.,.F.,.F.)
B_SPLINE_CURVE_WITH_KNOTS((2,2),(0.,3.),.UNSPECIFIED.)
CURVE()
GEOMETRIC_REPRESENTATION_ITEM()
RATIONAL_B_SPLINE_CURVE((1.,1.))
REPRESENTATION_ITEM('')
);
#584=(
BOUNDED_CURVE()
B_SPLINE_CURVE(2,(#10205,#10206,#10207),.UNSPECIFIED.,.F.,.F.)
B_SPLINE_CURVE_WITH_KNOTS((3,3),(-305.002087591675,-273.753423576079),
 .UNSPECIFIED.)
CURVE()
GEOMETRIC_REPRESENTATION_ITEM()
RATIONAL_B_SPLINE_CURVE((1.,1.,1.))
REPRESENTATION_ITEM('')
);
#585=(
BOUNDED_CURVE()
B_SPLINE_CURVE(2,(#10208,#10209,#10210),.UNSPECIFIED.,.F.,.F.)
B_SPLINE_CURVE_WITH_KNOTS((3,3),(-273.753423576079,-261.18705296172),
 .UNSPECIFIED.)
CURVE()
GEOMETRIC_REPRESENTATION_ITEM()
RATIONAL_B_SPLINE_CURVE((1.,0.707106781186547,1.))
REPRESENTATION_ITEM('')
);
#586=(
BOUNDED_CURVE()
B_SPLINE_CURVE(1,(#10211,#10212),.UNSPECIFIED.,.F.,.F.)
B_SPLINE_CURVE_WITH_KNOTS((2,2),(0.,3.),.UNSPECIFIED.)
CURVE()
GEOMETRIC_REPRESENTATION_ITEM()
RATIONAL_B_SPLINE_CURVE((1.,1.))
REPRESENTATION_ITEM('')
);
#587=(
BOUNDED_CURVE()
B_SPLINE_CURVE(2,(#10213,#10214,#10215),.UNSPECIFIED.,.F.,.F.)
B_SPLINE_CURVE_WITH_KNOTS((3,3),(-273.753423576079,-261.18705296172),
 .UNSPECIFIED.)
CURVE()
GEOMETRIC_REPRESENTATION_ITEM()
RATIONAL_B_SPLINE_CURVE((1.,0.707106781186547,1.))
REPRESENTATION_ITEM('')
);
#588=(
BOUNDED_CURVE()
B_SPLINE_CURVE(1,(#10216,#10217),.UNSPECIFIED.,.F.,.F.)
B_SPLINE_CURVE_WITH_KNOTS((2,2),(0.,3.),.UNSPECIFIED.)
CURVE()
GEOMETRIC_REPRESENTATION_ITEM()
RATIONAL_B_SPLINE_CURVE((1.,1.))
REPRESENTATION_ITEM('')
);
#589=(
BOUNDED_CURVE()
B_SPLINE_CURVE(2,(#10218,#10219,#10220),.UNSPECIFIED.,.F.,.F.)
B_SPLINE_CURVE_WITH_KNOTS((3,3),(-261.18705296172,-214.217355977838),
 .UNSPECIFIED.)
CURVE()
GEOMETRIC_REPRESENTATION_ITEM()
RATIONAL_B_SPLINE_CURVE((1.,1.,1.))
REPRESENTATION_ITEM('')
);
#590=(
BOUNDED_CURVE()
B_SPLINE_CURVE(2,(#10221,#10222,#10223),.UNSPECIFIED.,.F.,.F.)
B_SPLINE_CURVE_WITH_KNOTS((3,3),(-214.217355977838,-201.650985363479),
 .UNSPECIFIED.)
CURVE()
GEOMETRIC_REPRESENTATION_ITEM()
RATIONAL_B_SPLINE_CURVE((1.,0.707106781186546,1.))
REPRESENTATION_ITEM('')
);
#591=(
BOUNDED_CURVE()
B_SPLINE_CURVE(1,(#10224,#10225),.UNSPECIFIED.,.F.,.F.)
B_SPLINE_CURVE_WITH_KNOTS((2,2),(0.,3.),.UNSPECIFIED.)
CURVE()
GEOMETRIC_REPRESENTATION_ITEM()
RATIONAL_B_SPLINE_CURVE((1.,1.))
REPRESENTATION_ITEM('')
);
#592=(
BOUNDED_CURVE()
B_SPLINE_CURVE(2,(#10226,#10227,#10228),.UNSPECIFIED.,.F.,.F.)
B_SPLINE_CURVE_WITH_KNOTS((3,3),(-214.217355977838,-201.650985363479),
 .UNSPECIFIED.)
CURVE()
GEOMETRIC_REPRESENTATION_ITEM()
RATIONAL_B_SPLINE_CURVE((1.,0.707106781186546,1.))
REPRESENTATION_ITEM('')
);
#593=(
BOUNDED_CURVE()
B_SPLINE_CURVE(1,(#10229,#10230),.UNSPECIFIED.,.F.,.F.)
B_SPLINE_CURVE_WITH_KNOTS((2,2),(0.,3.),.UNSPECIFIED.)
CURVE()
GEOMETRIC_REPRESENTATION_ITEM()
RATIONAL_B_SPLINE_CURVE((1.,1.))
REPRESENTATION_ITEM('')
);
#594=(
BOUNDED_CURVE()
B_SPLINE_CURVE(2,(#10231,#10232,#10233),.UNSPECIFIED.,.F.,.F.)
B_SPLINE_CURVE_WITH_KNOTS((3,3),(-201.650985363479,-170.402321347883),
 .UNSPECIFIED.)
CURVE()
GEOMETRIC_REPRESENTATION_ITEM()
RATIONAL_B_SPLINE_CURVE((1.,1.,1.))
REPRESENTATION_ITEM('')
);
#595=(
BOUNDED_CURVE()
B_SPLINE_CURVE(2,(#10234,#10235,#10236),.UNSPECIFIED.,.F.,.F.)
B_SPLINE_CURVE_WITH_KNOTS((3,3),(-170.402321347883,-157.835950733524),
 .UNSPECIFIED.)
CURVE()
GEOMETRIC_REPRESENTATION_ITEM()
RATIONAL_B_SPLINE_CURVE((1.,0.707106781186546,1.))
REPRESENTATION_ITEM('')
);
#596=(
BOUNDED_CURVE()
B_SPLINE_CURVE(1,(#10237,#10238),.UNSPECIFIED.,.F.,.F.)
B_SPLINE_CURVE_WITH_KNOTS((2,2),(0.,3.),.UNSPECIFIED.)
CURVE()
GEOMETRIC_REPRESENTATION_ITEM()
RATIONAL_B_SPLINE_CURVE((1.,1.))
REPRESENTATION_ITEM('')
);
#597=(
BOUNDED_CURVE()
B_SPLINE_CURVE(2,(#10239,#10240,#10241),.UNSPECIFIED.,.F.,.F.)
B_SPLINE_CURVE_WITH_KNOTS((3,3),(-170.402321347883,-157.835950733524),
 .UNSPECIFIED.)
CURVE()
GEOMETRIC_REPRESENTATION_ITEM()
RATIONAL_B_SPLINE_CURVE((1.,0.707106781186546,1.))
REPRESENTATION_ITEM('')
);
#598=(
BOUNDED_CURVE()
B_SPLINE_CURVE(2,(#10242,#10243,#10244),.UNSPECIFIED.,.F.,.F.)
B_SPLINE_CURVE_WITH_KNOTS((3,3),(-157.835950733524,-110.866253749642),
 .UNSPECIFIED.)
CURVE()
GEOMETRIC_REPRESENTATION_ITEM()
RATIONAL_B_SPLINE_CURVE((1.,1.,1.))
REPRESENTATION_ITEM('')
);
#599=(
BOUNDED_CURVE()
B_SPLINE_CURVE(2,(#10245,#10246,#10247),.UNSPECIFIED.,.F.,.F.)
B_SPLINE_CURVE_WITH_KNOTS((3,3),(-110.866253749642,-63.8965567657598),
 .UNSPECIFIED.)
CURVE()
GEOMETRIC_REPRESENTATION_ITEM()
RATIONAL_B_SPLINE_CURVE((1.,1.,1.))
REPRESENTATION_ITEM('')
);
#600=(
BOUNDED_CURVE()
B_SPLINE_CURVE(1,(#10248,#10249),.UNSPECIFIED.,.F.,.F.)
B_SPLINE_CURVE_WITH_KNOTS((2,2),(0.,3.),.UNSPECIFIED.)
CURVE()
GEOMETRIC_REPRESENTATION_ITEM()
RATIONAL_B_SPLINE_CURVE((1.,1.))
REPRESENTATION_ITEM('')
);
#601=(
BOUNDED_CURVE()
B_SPLINE_CURVE(2,(#10250,#10251,#10252),.UNSPECIFIED.,.F.,.F.)
B_SPLINE_CURVE_WITH_KNOTS((3,3),(-110.866253749642,-63.8965567657598),
 .UNSPECIFIED.)
CURVE()
GEOMETRIC_REPRESENTATION_ITEM()
RATIONAL_B_SPLINE_CURVE((1.,1.,1.))
REPRESENTATION_ITEM('')
);
#602=(
BOUNDED_CURVE()
B_SPLINE_CURVE(1,(#10253,#10254),.UNSPECIFIED.,.F.,.F.)
B_SPLINE_CURVE_WITH_KNOTS((2,2),(0.,3.),.UNSPECIFIED.)
CURVE()
GEOMETRIC_REPRESENTATION_ITEM()
RATIONAL_B_SPLINE_CURVE((1.,1.))
REPRESENTATION_ITEM('')
);
#603=(
BOUNDED_CURVE()
B_SPLINE_CURVE(2,(#10255,#10256,#10257),.UNSPECIFIED.,.F.,.F.)
B_SPLINE_CURVE_WITH_KNOTS((3,3),(-63.8965567657598,-51.3301861514005),
 .UNSPECIFIED.)
CURVE()
GEOMETRIC_REPRESENTATION_ITEM()
RATIONAL_B_SPLINE_CURVE((1.,0.707106781186559,1.))
REPRESENTATION_ITEM('')
);
#604=(
BOUNDED_CURVE()
B_SPLINE_CURVE(1,(#10258,#10259),.UNSPECIFIED.,.F.,.F.)
B_SPLINE_CURVE_WITH_KNOTS((2,2),(0.,3.),.UNSPECIFIED.)
CURVE()
GEOMETRIC_REPRESENTATION_ITEM()
RATIONAL_B_SPLINE_CURVE((1.,1.))
REPRESENTATION_ITEM('')
);
#605=(
BOUNDED_CURVE()
B_SPLINE_CURVE(2,(#10260,#10261,#10262),.UNSPECIFIED.,.F.,.F.)
B_SPLINE_CURVE_WITH_KNOTS((3,3),(-63.8965567657598,-51.3301861514005),
 .UNSPECIFIED.)
CURVE()
GEOMETRIC_REPRESENTATION_ITEM()
RATIONAL_B_SPLINE_CURVE((1.,0.707106781186559,1.))
REPRESENTATION_ITEM('')
);
#606=(
BOUNDED_CURVE()
B_SPLINE_CURVE(2,(#10263,#10264,#10265),.UNSPECIFIED.,.F.,.F.)
B_SPLINE_CURVE_WITH_KNOTS((3,3),(-51.3301861514005,-20.0815221358044),
 .UNSPECIFIED.)
CURVE()
GEOMETRIC_REPRESENTATION_ITEM()
RATIONAL_B_SPLINE_CURVE((1.,1.,1.))
REPRESENTATION_ITEM('')
);
#607=(
BOUNDED_CURVE()
B_SPLINE_CURVE(1,(#10266,#10267),.UNSPECIFIED.,.F.,.F.)
B_SPLINE_CURVE_WITH_KNOTS((2,2),(0.,3.),.UNSPECIFIED.)
CURVE()
GEOMETRIC_REPRESENTATION_ITEM()
RATIONAL_B_SPLINE_CURVE((1.,1.))
REPRESENTATION_ITEM('')
);
#608=(
BOUNDED_CURVE()
B_SPLINE_CURVE(2,(#10268,#10269,#10270),.UNSPECIFIED.,.F.,.F.)
B_SPLINE_CURVE_WITH_KNOTS((3,3),(-51.3301861514005,-20.0815221358044),
 .UNSPECIFIED.)
CURVE()
GEOMETRIC_REPRESENTATION_ITEM()
RATIONAL_B_SPLINE_CURVE((1.,1.,1.))
REPRESENTATION_ITEM('')
);
#609=(
BOUNDED_CURVE()
B_SPLINE_CURVE(2,(#10271,#10272,#10273),.UNSPECIFIED.,.F.,.F.)
B_SPLINE_CURVE_WITH_KNOTS((3,3),(-20.0815221358044,-7.51515152144514),
 .UNSPECIFIED.)
CURVE()
GEOMETRIC_REPRESENTATION_ITEM()
RATIONAL_B_SPLINE_CURVE((1.,0.707106781186548,1.))
REPRESENTATION_ITEM('')
);
#610=(
BOUNDED_CURVE()
B_SPLINE_CURVE(1,(#10274,#10275),.UNSPECIFIED.,.F.,.F.)
B_SPLINE_CURVE_WITH_KNOTS((2,2),(0.,3.),.UNSPECIFIED.)
CURVE()
GEOMETRIC_REPRESENTATION_ITEM()
RATIONAL_B_SPLINE_CURVE((1.,1.))
REPRESENTATION_ITEM('')
);
#611=(
BOUNDED_CURVE()
B_SPLINE_CURVE(2,(#10276,#10277,#10278),.UNSPECIFIED.,.F.,.F.)
B_SPLINE_CURVE_WITH_KNOTS((3,3),(-20.0815221358044,-7.51515152144514),
 .UNSPECIFIED.)
CURVE()
GEOMETRIC_REPRESENTATION_ITEM()
RATIONAL_B_SPLINE_CURVE((1.,0.707106781186548,1.))
REPRESENTATION_ITEM('')
);
#612=(
BOUNDED_CURVE()
B_SPLINE_CURVE(2,(#10279,#10280,#10281),.UNSPECIFIED.,.F.,.F.)
B_SPLINE_CURVE_WITH_KNOTS((3,3),(-7.51515152144514,39.4545454624368),
 .UNSPECIFIED.)
CURVE()
GEOMETRIC_REPRESENTATION_ITEM()
RATIONAL_B_SPLINE_CURVE((1.,1.,1.))
REPRESENTATION_ITEM('')
);
#613=(
BOUNDED_CURVE()
B_SPLINE_CURVE(1,(#10282,#10283),.UNSPECIFIED.,.F.,.F.)
B_SPLINE_CURVE_WITH_KNOTS((2,2),(0.,3.),.UNSPECIFIED.)
CURVE()
GEOMETRIC_REPRESENTATION_ITEM()
RATIONAL_B_SPLINE_CURVE((1.,1.))
REPRESENTATION_ITEM('')
);
#614=(
BOUNDED_CURVE()
B_SPLINE_CURVE(2,(#10284,#10285,#10286),.UNSPECIFIED.,.F.,.F.)
B_SPLINE_CURVE_WITH_KNOTS((3,3),(-7.51515152144514,39.4545454624368),
 .UNSPECIFIED.)
CURVE()
GEOMETRIC_REPRESENTATION_ITEM()
RATIONAL_B_SPLINE_CURVE((1.,1.,1.))
REPRESENTATION_ITEM('')
);
#615=(
BOUNDED_CURVE()
B_SPLINE_CURVE(2,(#10287,#10288,#10289),.UNSPECIFIED.,.F.,.F.)
B_SPLINE_CURVE_WITH_KNOTS((3,3),(39.4545454624368,52.020916076796),
 .UNSPECIFIED.)
CURVE()
GEOMETRIC_REPRESENTATION_ITEM()
RATIONAL_B_SPLINE_CURVE((1.,0.707106781186549,1.))
REPRESENTATION_ITEM('')
);
#616=(
BOUNDED_CURVE()
B_SPLINE_CURVE(1,(#10290,#10291),.UNSPECIFIED.,.F.,.F.)
B_SPLINE_CURVE_WITH_KNOTS((2,2),(0.,3.),.UNSPECIFIED.)
CURVE()
GEOMETRIC_REPRESENTATION_ITEM()
RATIONAL_B_SPLINE_CURVE((1.,1.))
REPRESENTATION_ITEM('')
);
#617=(
BOUNDED_CURVE()
B_SPLINE_CURVE(2,(#10292,#10293,#10294),.UNSPECIFIED.,.F.,.F.)
B_SPLINE_CURVE_WITH_KNOTS((3,3),(39.4545454624368,52.020916076796),
 .UNSPECIFIED.)
CURVE()
GEOMETRIC_REPRESENTATION_ITEM()
RATIONAL_B_SPLINE_CURVE((1.,0.707106781186549,1.))
REPRESENTATION_ITEM('')
);
#618=(
BOUNDED_CURVE()
B_SPLINE_CURVE(2,(#10295,#10296,#10297),.UNSPECIFIED.,.F.,.F.)
B_SPLINE_CURVE_WITH_KNOTS((3,3),(52.020916076796,83.2695800923922),
 .UNSPECIFIED.)
CURVE()
GEOMETRIC_REPRESENTATION_ITEM()
RATIONAL_B_SPLINE_CURVE((1.,1.,1.))
REPRESENTATION_ITEM('')
);
#619=(
BOUNDED_CURVE()
B_SPLINE_CURVE(1,(#10298,#10299),.UNSPECIFIED.,.F.,.F.)
B_SPLINE_CURVE_WITH_KNOTS((2,2),(0.,3.),.UNSPECIFIED.)
CURVE()
GEOMETRIC_REPRESENTATION_ITEM()
RATIONAL_B_SPLINE_CURVE((1.,1.))
REPRESENTATION_ITEM('')
);
#620=(
BOUNDED_CURVE()
B_SPLINE_CURVE(2,(#10300,#10301,#10302),.UNSPECIFIED.,.F.,.F.)
B_SPLINE_CURVE_WITH_KNOTS((3,3),(52.020916076796,83.2695800923922),
 .UNSPECIFIED.)
CURVE()
GEOMETRIC_REPRESENTATION_ITEM()
RATIONAL_B_SPLINE_CURVE((1.,1.,1.))
REPRESENTATION_ITEM('')
);
#621=(
BOUNDED_CURVE()
B_SPLINE_CURVE(2,(#10303,#10304,#10305),.UNSPECIFIED.,.F.,.F.)
B_SPLINE_CURVE_WITH_KNOTS((3,3),(83.2695800923922,95.8359507067513),
 .UNSPECIFIED.)
CURVE()
GEOMETRIC_REPRESENTATION_ITEM()
RATIONAL_B_SPLINE_CURVE((1.,0.707106781186547,1.))
REPRESENTATION_ITEM('')
);
#622=(
BOUNDED_CURVE()
B_SPLINE_CURVE(2,(#10306,#10307,#10308),.UNSPECIFIED.,.F.,.F.)
B_SPLINE_CURVE_WITH_KNOTS((3,3),(83.2695800923922,95.8359507067513),
 .UNSPECIFIED.)
CURVE()
GEOMETRIC_REPRESENTATION_ITEM()
RATIONAL_B_SPLINE_CURVE((1.,0.707106781186547,1.))
REPRESENTATION_ITEM('')
);
#623=(
BOUNDED_CURVE()
B_SPLINE_CURVE(2,(#10333,#10334,#10335),.UNSPECIFIED.,.F.,.F.)
B_SPLINE_CURVE_WITH_KNOTS((3,3),(0.,12.5663706143595),.UNSPECIFIED.)
CURVE()
GEOMETRIC_REPRESENTATION_ITEM()
RATIONAL_B_SPLINE_CURVE((1.,0.707106781186548,1.))
REPRESENTATION_ITEM('')
);
#624=(
BOUNDED_CURVE()
B_SPLINE_CURVE(2,(#10336,#10337,#10338),.UNSPECIFIED.,.F.,.F.)
B_SPLINE_CURVE_WITH_KNOTS((3,3),(-12.5663706143593,0.),.UNSPECIFIED.)
CURVE()
GEOMETRIC_REPRESENTATION_ITEM()
RATIONAL_B_SPLINE_CURVE((1.,0.70710678118655,1.))
REPRESENTATION_ITEM('')
);
#625=(
BOUNDED_CURVE()
B_SPLINE_CURVE(2,(#10339,#10340,#10341),.UNSPECIFIED.,.F.,.F.)
B_SPLINE_CURVE_WITH_KNOTS((3,3),(-12.5663706143592,0.),.UNSPECIFIED.)
CURVE()
GEOMETRIC_REPRESENTATION_ITEM()
RATIONAL_B_SPLINE_CURVE((1.,0.707106781186548,1.))
REPRESENTATION_ITEM('')
);
#626=(
BOUNDED_CURVE()
B_SPLINE_CURVE(2,(#10342,#10343,#10344),.UNSPECIFIED.,.F.,.F.)
B_SPLINE_CURVE_WITH_KNOTS((3,3),(0.,12.5663706143593),.UNSPECIFIED.)
CURVE()
GEOMETRIC_REPRESENTATION_ITEM()
RATIONAL_B_SPLINE_CURVE((1.,0.707106781186547,1.))
REPRESENTATION_ITEM('')
);
#627=(
BOUNDED_CURVE()
B_SPLINE_CURVE(2,(#10367,#10368,#10369),.UNSPECIFIED.,.F.,.F.)
B_SPLINE_CURVE_WITH_KNOTS((3,3),(146.622279557846,159.188650172205),
 .UNSPECIFIED.)
CURVE()
GEOMETRIC_REPRESENTATION_ITEM()
RATIONAL_B_SPLINE_CURVE((1.,0.707106781186548,1.))
REPRESENTATION_ITEM('')
);
#628=(
BOUNDED_CURVE()
B_SPLINE_CURVE(1,(#10370,#10371),.UNSPECIFIED.,.F.,.F.)
B_SPLINE_CURVE_WITH_KNOTS((2,2),(0.,1.),.UNSPECIFIED.)
CURVE()
GEOMETRIC_REPRESENTATION_ITEM()
RATIONAL_B_SPLINE_CURVE((1.,1.))
REPRESENTATION_ITEM('')
);
#629=(
BOUNDED_CURVE()
B_SPLINE_CURVE(2,(#10372,#10373,#10374),.UNSPECIFIED.,.F.,.F.)
B_SPLINE_CURVE_WITH_KNOTS((3,3),(146.622279557846,159.188650172205),
 .UNSPECIFIED.)
CURVE()
GEOMETRIC_REPRESENTATION_ITEM()
RATIONAL_B_SPLINE_CURVE((1.,0.707106781186548,1.))
REPRESENTATION_ITEM('')
);
#630=(
BOUNDED_CURVE()
B_SPLINE_CURVE(2,(#10379,#10380,#10381),.UNSPECIFIED.,.F.,.F.)
B_SPLINE_CURVE_WITH_KNOTS((3,3),(186.296750776071,198.86312139043),
 .UNSPECIFIED.)
CURVE()
GEOMETRIC_REPRESENTATION_ITEM()
RATIONAL_B_SPLINE_CURVE((1.,0.707106781186551,1.))
REPRESENTATION_ITEM('')
);
#631=(
BOUNDED_CURVE()
B_SPLINE_CURVE(1,(#10382,#10383),.UNSPECIFIED.,.F.,.F.)
B_SPLINE_CURVE_WITH_KNOTS((2,2),(0.,1.),.UNSPECIFIED.)
CURVE()
GEOMETRIC_REPRESENTATION_ITEM()
RATIONAL_B_SPLINE_CURVE((1.,1.))
REPRESENTATION_ITEM('')
);
#632=(
BOUNDED_CURVE()
B_SPLINE_CURVE(2,(#10384,#10385,#10386),.UNSPECIFIED.,.F.,.F.)
B_SPLINE_CURVE_WITH_KNOTS((3,3),(186.296750776071,198.86312139043),
 .UNSPECIFIED.)
CURVE()
GEOMETRIC_REPRESENTATION_ITEM()
RATIONAL_B_SPLINE_CURVE((1.,0.707106781186551,1.))
REPRESENTATION_ITEM('')
);
#633=(
BOUNDED_CURVE()
B_SPLINE_CURVE(2,(#10391,#10392,#10393),.UNSPECIFIED.,.F.,.F.)
B_SPLINE_CURVE_WITH_KNOTS((3,3),(239.959602159324,252.525972773683),
 .UNSPECIFIED.)
CURVE()
GEOMETRIC_REPRESENTATION_ITEM()
RATIONAL_B_SPLINE_CURVE((1.,0.707106781186547,1.))
REPRESENTATION_ITEM('')
);
#634=(
BOUNDED_CURVE()
B_SPLINE_CURVE(1,(#10394,#10395),.UNSPECIFIED.,.F.,.F.)
B_SPLINE_CURVE_WITH_KNOTS((2,2),(0.,1.),.UNSPECIFIED.)
CURVE()
GEOMETRIC_REPRESENTATION_ITEM()
RATIONAL_B_SPLINE_CURVE((1.,1.))
REPRESENTATION_ITEM('')
);
#635=(
BOUNDED_CURVE()
B_SPLINE_CURVE(2,(#10396,#10397,#10398),.UNSPECIFIED.,.F.,.F.)
B_SPLINE_CURVE_WITH_KNOTS((3,3),(239.959602159324,252.525972773683),
 .UNSPECIFIED.)
CURVE()
GEOMETRIC_REPRESENTATION_ITEM()
RATIONAL_B_SPLINE_CURVE((1.,0.707106781186547,1.))
REPRESENTATION_ITEM('')
);
#636=(
BOUNDED_CURVE()
B_SPLINE_CURVE(2,(#10403,#10404,#10405),.UNSPECIFIED.,.F.,.F.)
B_SPLINE_CURVE_WITH_KNOTS((3,3),(282.49381224259,295.060182856949),
 .UNSPECIFIED.)
CURVE()
GEOMETRIC_REPRESENTATION_ITEM()
RATIONAL_B_SPLINE_CURVE((1.,0.707106781186548,1.))
REPRESENTATION_ITEM('')
);
#637=(
BOUNDED_CURVE()
B_SPLINE_CURVE(2,(#10406,#10407,#10408),.UNSPECIFIED.,.F.,.F.)
B_SPLINE_CURVE_WITH_KNOTS((3,3),(282.49381224259,295.060182856949),
 .UNSPECIFIED.)
CURVE()
GEOMETRIC_REPRESENTATION_ITEM()
RATIONAL_B_SPLINE_CURVE((1.,0.707106781186548,1.))
REPRESENTATION_ITEM('')
);
#638=B_SPLINE_CURVE_WITH_KNOTS('',1,(#6971,#6972),.UNSPECIFIED.,.F.,.F.,
(2,2),(-4.99999999997322,0.),.UNSPECIFIED.);
#639=B_SPLINE_CURVE_WITH_KNOTS('',3,(#6973,#6974,#6975,#6976,#6977,#6978,
#6979,#6980,#6981,#6982,#6983,#6984,#6985,#6986,#6987,#6988,#6989,#6990,
#6991,#6992,#6993,#6994,#6995,#6996,#6997,#6998,#6999,#7000,#7001,#7002,
#7003,#7004,#7005,#7006,#7007,#7008,#7009,#7010,#7011,#7012,#7013,#7014,
#7015,#7016,#7017,#7018,#7019,#7020,#7021,#7022,#7023,#7024,#7025,#7026,
#7027,#7028,#7029,#7030,#7031,#7032,#7033,#7034,#7035,#7036,#7037,#7038,
#7039,#7040,#7041,#7042,#7043,#7044,#7045,#7046,#7047,#7048,#7049,#7050,
#7051,#7052,#7053,#7054,#7055,#7056,#7057,#7058,#7059,#7060,#7061,#7062,
#7063,#7064,#7065,#7066,#7067,#7068,#7069,#7070,#7071,#7072,#7073,#7074,
#7075,#7076,#7077,#7078,#7079,#7080,#7081,#7082,#7083,#7084,#7085,#7086,
#7087,#7088,#7089,#7090,#7091,#7092,#7093,#7094,#7095,#7096,#7097,#7098,
#7099,#7100,#7101,#7102,#7103,#7104,#7105,#7106,#7107,#7108,#7109,#7110,
#7111,#7112,#7113,#7114,#7115,#7116,#7117,#7118,#7119,#7120,#7121,#7122,
#7123,#7124,#7125,#7126,#7127,#7128,#7129,#7130,#7131,#7132,#7133,#7134,
#7135,#7136,#7137,#7138,#7139,#7140,#7141,#7142,#7143,#7144,#7145,#7146,
#7147,#7148,#7149,#7150,#7151,#7152,#7153,#7154,#7155,#7156,#7157,#7158,
#7159,#7160,#7161,#7162,#7163,#7164,#7165,#7166,#7167,#7168,#7169,#7170,
#7171,#7172,#7173,#7174,#7175,#7176,#7177,#7178,#7179,#7180,#7181,#7182,
#7183,#7184,#7185,#7186,#7187,#7188,#7189,#7190,#7191,#7192,#7193,#7194,
#7195,#7196,#7197,#7198,#7199,#7200,#7201,#7202,#7203,#7204,#7205,#7206,
#7207,#7208,#7209,#7210,#7211,#7212,#7213,#7214,#7215,#7216,#7217,#7218,
#7219,#7220,#7221,#7222,#7223,#7224,#7225,#7226,#7227,#7228,#7229,#7230,
#7231,#7232,#7233,#7234,#7235,#7236,#7237,#7238,#7239,#7240,#7241,#7242,
#7243,#7244,#7245,#7246,#7247,#7248,#7249,#7250,#7251,#7252,#7253,#7254,
#7255,#7256,#7257,#7258,#7259,#7260,#7261,#7262,#7263,#7264,#7265,#7266,
#7267,#7268,#7269,#7270,#7271,#7272,#7273,#7274,#7275,#7276,#7277,#7278,
#7279,#7280,#7281,#7282,#7283,#7284,#7285,#7286,#7287,#7288,#7289,#7290,
#7291,#7292,#7293,#7294,#7295,#7296,#7297,#7298,#7299,#7300,#7301,#7302,
#7303,#7304,#7305,#7306,#7307,#7308,#7309,#7310,#7311,#7312,#7313,#7314,
#7315,#7316,#7317,#7318,#7319,#7320,#7321,#7322,#7323,#7324,#7325,#7326,
#7327,#7328,#7329,#7330,#7331,#7332,#7333,#7334,#7335,#7336,#7337,#7338,
#7339,#7340,#7341,#7342,#7343,#7344,#7345,#7346,#7347,#7348,#7349,#7350,
#7351,#7352),.UNSPECIFIED.,.T.,.F.,(4,1,2,2,2,2,2,2,2,2,2,2,2,2,2,2,2,2,
2,2,2,2,2,2,2,2,2,2,2,2,2,2,2,2,2,2,2,2,2,2,2,2,2,2,2,2,2,2,2,2,2,2,2,2,
2,2,2,2,2,2,2,2,2,2,2,2,2,2,2,2,2,2,2,2,2,2,2,2,2,2,2,2,2,2,2,2,2,2,2,2,
2,2,2,2,2,2,2,2,2,2,2,2,2,2,2,2,2,2,2,2,2,2,2,2,2,2,2,2,2,2,2,2,2,2,2,2,
2,2,2,2,2,2,2,2,2,2,2,2,2,2,2,2,2,2,2,2,2,2,2,2,2,2,2,2,2,2,2,2,2,2,2,2,
2,2,2,2,2,2,2,2,2,2,2,2,2,2,2,2,2,2,2,2,2,2,2,2,2,2,2,1,4),(-173.442771049355,
-173.10401563715,-172.765260224944,-172.087749400532,-171.410238576121,
-170.732727751709,-169.377706102886,-168.700195278475,-168.022684454063,
-167.345173629651,-166.66766280524,-165.990151980828,-165.312641156417,
-164.973885744211,-164.635130332005,-164.2963749198,-163.957619507594,-163.280108683182,
-162.602597858771,-161.247576209948,-160.570065385536,-159.892554561124,
-159.215043736713,-158.537532912301,-157.182511263478,-155.827489614655,
-154.472467965832,-153.117446317009,-151.762424668186,-150.407403019363,
-149.05238137054,-147.697359721717,-146.342338072894,-144.987316424071,
-143.632294775247,-142.277273126424,-140.922251477601,-139.567229828778,
-138.212208179955,-136.857186531132,-135.502164882309,-134.147143233486,
-132.792121584663,-131.43709993584,-130.759589111428,-130.082078287017,
-129.743322874811,-129.404567462605,-128.727056638193,-128.049545813782,
-127.37203498937,-126.017013340547,-124.661991691724,-123.984480867313,
-123.306970042901,-122.62945921849,-121.951948394078,-121.274437569666,
-120.596926745255,-119.919415920843,-119.241905096432,-117.886883447609,
-116.531861798786,-115.176840149963,-113.821818501139,-112.466796852316,
-111.111775203493,-109.75675355467,-108.401731905847,-107.046710257024,
-106.707954844818,-106.369199432612,-105.691688608201,-105.014177783789,
-104.336666959378,-103.659156134966,-103.320400722761,-102.981645310555,
-102.304134486143,-101.626623661732,-100.94911283732,-100.610357425114,
-100.271602012909,-98.9165803640855,-97.5615587152624,-96.2065370664393,
-94.8515154176162,-93.4964937687931,-92.14147211997,-90.7864504711469,-89.4314288223239,
-88.7539179979123,-88.0764071735008,-87.3988963490892,-86.7213855246777,
-86.3826301124719,-86.0438747002661,-85.3663638758546,-84.688853051443,
-84.0113422270315,-82.6563205782084,-81.9788097537969,-81.3012989293853,
-80.6237881049738,-79.9462772805622,-79.2687664561507,-78.5912556317392,
-78.2525002195334,-77.9137448073276,-77.5749893951218,-77.2362339829161,
-76.5587231585045,-75.881212334093,-75.2037015096814,-74.5261906852699,
-73.8486798608583,-73.1711690364468,-72.4936582120353,-71.8161473876237,
-70.4611257388006,-69.1061040899775,-67.7510824411544,-66.3960607923314,
-65.0410391435083,-63.6860174946852,-62.3309958458621,-60.975974197039,
-59.6209525482159,-58.2659308993928,-56.9109092505697,-55.5558876017466,
-54.2008659529236,-52.8458443041005,-51.4908226552774,-50.1358010064543,
-48.7807793576312,-47.4257577088081,-46.070736059985,-45.3932252355735,
-44.7157144111619,-44.0382035867504,-43.3606927623388,-43.0219373501331,
-42.6831819379273,-42.0056711135158,-40.6506494646927,-39.2956278158696,
-37.9406061670465,-37.2630953426349,-36.5855845182234,-35.9080736938119,
-35.2305628694003,-34.5530520449888,-33.8755412205772,-33.1980303961657,
-32.5205195717541,-31.165497922931,-29.810476274108,-28.4554546252849,-27.1004329764618,
-25.7454113276387,-24.3903896788156,-23.0353680299925,-21.6803463811694,
-20.3253247323463,-19.9865693201406,-19.6478139079348,-18.9703030835232,
-18.2927922591117,-17.6152814347002,-16.9377706102886,-16.5990151980828,
-16.2602597858771,-15.5827489614655,-14.905238137054,-14.2277273126424,
-13.8889719004367,-13.5502164882309,-12.1951948394078,-10.8401731905847,
-9.48515154176162,-8.13012989293853,-6.77510824411544,-5.42008659529236,
-4.06506494646927,-2.71004329764618,-2.03253247323463,-1.35502164882309,
-0.677510824411544,-0.338755412205771,0.),.UNSPECIFIED.);
#640=B_SPLINE_CURVE_WITH_KNOTS('',1,(#7353,#7354),.UNSPECIFIED.,.F.,.F.,
(2,2),(0.,1.19361179290655),.UNSPECIFIED.);
#641=B_SPLINE_CURVE_WITH_KNOTS('',3,(#7355,#7356,#7357,#7358,#7359,#7360,
#7361,#7362,#7363,#7364,#7365,#7366,#7367,#7368,#7369),.UNSPECIFIED.,.F.,
 .F.,(4,1,1,1,1,1,1,1,1,1,1,1,4),(0.,0.0625,0.125,0.1875,0.25,0.375,0.5,
0.625,0.75,0.8125,0.875,0.9375,1.),.UNSPECIFIED.);
#642=B_SPLINE_CURVE_WITH_KNOTS('',3,(#7370,#7371,#7372,#7373,#7374,#7375,
#7376,#7377,#7378,#7379,#7380,#7381,#7382,#7383,#7384,#7385,#7386,#7387),
 .UNSPECIFIED.,.F.,.F.,(4,1,1,1,1,1,3,1,3,1,1,4),(-1.,-0.96875,-0.9375,
-0.90625,-0.875,-0.8125,-0.75,-0.5,-0.25,-0.1875,-0.125,-0.114643815044702),
 .UNSPECIFIED.);
#643=B_SPLINE_CURVE_WITH_KNOTS('',3,(#7388,#7389,#7390,#7391,#7392,#7393,
#7394,#7395,#7396,#7397,#7398,#7399,#7400,#7401,#7402),.UNSPECIFIED.,.F.,
 .F.,(4,1,1,1,1,1,1,1,1,1,1,1,4),(0.,0.0625,0.125,0.1875,0.25,0.375,0.5,
0.625,0.75,0.8125,0.875,0.9375,1.),.UNSPECIFIED.);
#644=B_SPLINE_CURVE_WITH_KNOTS('',3,(#7403,#7404,#7405,#7406,#7407,#7408,
#7409,#7410,#7411,#7412,#7413,#7414,#7415,#7416,#7417),.UNSPECIFIED.,.F.,
 .F.,(4,1,1,1,1,1,1,1,1,1,1,1,4),(-1.,-0.9375,-0.875,-0.8125,-0.75,-0.625,
-0.5,-0.375,-0.25,-0.1875,-0.125,-0.0625,0.),.UNSPECIFIED.);
#645=B_SPLINE_CURVE_WITH_KNOTS('',3,(#7418,#7419,#7420,#7421,#7422,#7423,
#7424,#7425,#7426,#7427,#7428,#7429,#7430,#7431,#7432,#7433,#7434,#7435),
 .UNSPECIFIED.,.F.,.F.,(4,1,1,1,1,1,3,1,3,1,1,4),(-1.,-0.96875,-0.9375,
-0.90625,-0.875,-0.8125,-0.75,-0.5,-0.25,-0.1875,-0.125,-0.114643815044707),
 .UNSPECIFIED.);
#646=B_SPLINE_CURVE_WITH_KNOTS('',3,(#7436,#7437,#7438,#7439,#7440,#7441,
#7442,#7443,#7444,#7445,#7446,#7447,#7448,#7449,#7450),.UNSPECIFIED.,.F.,
 .F.,(4,1,1,1,1,1,1,1,1,1,1,1,4),(-1.,-0.9375,-0.875,-0.8125,-0.75,-0.625,
-0.5,-0.375,-0.25,-0.1875,-0.125,-0.0625,0.),.UNSPECIFIED.);
#647=B_SPLINE_CURVE_WITH_KNOTS('',3,(#7451,#7452,#7453,#7454,#7455,#7456,
#7457,#7458,#7459,#7460,#7461,#7462,#7463,#7464,#7465,#7466,#7467,#7468),
 .UNSPECIFIED.,.F.,.F.,(4,1,1,1,1,1,3,1,3,1,1,4),(-1.,-0.96875,-0.9375,
-0.90625,-0.875,-0.8125,-0.75,-0.5,-0.25,-0.1875,-0.125,-0.114643815044712),
 .UNSPECIFIED.);
#648=B_SPLINE_CURVE_WITH_KNOTS('',3,(#7469,#7470,#7471,#7472,#7473,#7474,
#7475,#7476,#7477,#7478,#7479,#7480,#7481,#7482,#7483,#7484,#7485,#7486,
#7487,#7488,#7489,#7490,#7491,#7492,#7493,#7494),.UNSPECIFIED.,.F.,.F.,
(4,2,2,2,2,2,2,2,2,2,2,2,4),(125.73443702656,126.445572164624,127.106624556497,
127.808189260893,128.60881400151,129.647468023291,130.690308652235,132.53210131499,
133.681841206776,134.866238645872,136.065033265119,137.261544867557,137.284745876766),
 .UNSPECIFIED.);
#649=B_SPLINE_CURVE_WITH_KNOTS('',3,(#7495,#7496,#7497,#7498,#7499,#7500,
#7501,#7502,#7503,#7504,#7505,#7506,#7507,#7508,#7509,#7510,#7511,#7512),
 .UNSPECIFIED.,.F.,.F.,(4,1,1,3,1,3,1,1,1,1,1,4),(-0.885356184955288,-0.875,
-0.8125,-0.75,-0.5,-0.25,-0.1875,-0.125,-0.09375,-0.0625,-0.03125,0.),
 .UNSPECIFIED.);
#650=B_SPLINE_CURVE_WITH_KNOTS('',3,(#7513,#7514,#7515,#7516,#7517,#7518,
#7519,#7520,#7521,#7522,#7523,#7524,#7525,#7526,#7527,#7528,#7529,#7530,
#7531,#7532,#7533,#7534,#7535,#7536,#7537,#7538,#7539,#7540,#7541,#7542,
#7543,#7544,#7545,#7546,#7547,#7548,#7549,#7550,#7551,#7552,#7553,#7554,
#7555,#7556,#7557,#7558,#7559,#7560,#7561,#7562,#7563,#7564,#7565,#7566,
#7567,#7568,#7569,#7570,#7571,#7572,#7573,#7574,#7575,#7576,#7577,#7578,
#7579,#7580,#7581,#7582,#7583,#7584,#7585,#7586,#7587,#7588,#7589,#7590,
#7591,#7592,#7593,#7594,#7595,#7596,#7597,#7598,#7599,#7600,#7601,#7602,
#7603,#7604,#7605,#7606,#7607,#7608,#7609,#7610,#7611,#7612,#7613,#7614,
#7615,#7616,#7617,#7618,#7619,#7620,#7621,#7622,#7623,#7624,#7625,#7626,
#7627,#7628,#7629,#7630,#7631,#7632,#7633,#7634,#7635,#7636,#7637,#7638),
 .UNSPECIFIED.,.F.,.F.,(4,2,2,2,2,2,2,2,2,2,2,2,2,2,2,2,2,2,2,2,2,2,2,2,
2,2,2,2,2,2,2,2,2,2,2,2,2,2,2,2,2,2,2,2,2,2,2,2,2,2,2,2,2,2,2,2,2,2,2,2,
2,2,4),(237.284293671599,237.810889841052,238.211523096398,239.12266373045,
240.238021503564,241.489094792251,242.538146935528,243.617750869133,244.662638276379,
244.921769258781,245.184994819875,245.717268609817,248.294173341402,250.747852171294,
253.278958579253,254.606689882696,255.266265801618,255.916257431804,257.184787641953,
257.792301673746,258.089888548925,258.237361449158,258.308533882334,258.327009419306,
258.345399975657,258.382216391263,258.455694814283,258.602070901247,258.892755766077,
259.468052278072,260.608035221572,261.747728659574,262.322876094099,262.613483749787,
262.759820409934,262.833278870596,262.870085238742,262.888472153273,262.906948792544,
262.975728508888,263.123158740224,263.420656427969,264.027985070582,265.296111833443,
265.946179304448,266.605847479184,267.933795121873,270.465343291479,271.72863992088,
272.977734191483,274.23992871784,275.523984962032,276.063467715383,276.335076858871,
276.471486792164,276.601918408212,277.649370713821,279.734188878189,280.979788641035,
282.090767499628,282.998728071773,283.398788499525,283.923966140958),
 .UNSPECIFIED.);
#651=B_SPLINE_CURVE_WITH_KNOTS('',3,(#7639,#7640,#7641,#7642,#7643,#7644,
#7645,#7646,#7647,#7648,#7649,#7650,#7651,#7652,#7653,#7654,#7655,#7656,
#7657,#7658,#7659,#7660,#7661,#7662,#7663,#7664),.UNSPECIFIED.,.F.,.F.,
(4,2,2,2,2,2,2,2,2,2,2,2,4),(204.829201583759,205.540336693449,206.201389085816,
206.902953790736,207.703578531957,208.742232554518,209.785073184245,211.62686584838,
212.776605741062,213.96100318108,215.159797801246,216.356309404627,216.379584489311),
 .UNSPECIFIED.);
#652=B_SPLINE_CURVE_WITH_KNOTS('',3,(#7665,#7666,#7667,#7668,#7669,#7670,
#7671,#7672,#7673,#7674,#7675,#7676,#7677,#7678,#7679,#7680,#7681,#7682,
#7683,#7684,#7685,#7686,#7687,#7688,#7689,#7690,#7691,#7692,#7693,#7694,
#7695,#7696,#7697,#7698,#7699,#7700,#7701,#7702,#7703,#7704,#7705,#7706,
#7707,#7708,#7709,#7710,#7711,#7712,#7713,#7714,#7715,#7716,#7717,#7718,
#7719,#7720,#7721,#7722,#7723,#7724,#7725,#7726,#7727,#7728,#7729,#7730,
#7731,#7732,#7733,#7734,#7735,#7736,#7737,#7738,#7739,#7740,#7741,#7742,
#7743,#7744,#7745,#7746,#7747,#7748,#7749,#7750,#7751,#7752,#7753,#7754,
#7755,#7756,#7757,#7758,#7759,#7760,#7761,#7762,#7763,#7764,#7765,#7766,
#7767,#7768,#7769,#7770,#7771,#7772,#7773,#7774,#7775,#7776,#7777,#7778,
#7779,#7780,#7781,#7782,#7783,#7784,#7785,#7786),.UNSPECIFIED.,.F.,.F.,
(4,2,2,2,2,2,2,2,2,2,2,2,2,2,2,2,2,2,2,2,2,2,2,2,2,2,2,2,2,2,2,2,2,2,2,
2,2,2,2,2,2,2,2,2,2,2,2,2,2,2,2,2,2,2,2,2,2,2,2,2,4),(158.189529114399,
158.716067930134,159.116657578919,160.027698797078,161.14293501571,162.39387220503,
163.442810059859,164.522296418957,165.567070133284,165.826172820481,166.089369703137,
166.621585507744,169.198209355526,171.651620795008,174.182451005471,175.510037544417,
176.169541607846,176.819462479487,178.087856152727,178.695304767168,178.99285959216,
179.140316604012,179.21149067342,179.229964197097,179.248352766487,179.285165213936,
179.358635716957,179.5049960253,179.795649551822,180.370884028551,181.510744024416,
182.650311770397,183.225395756468,183.515971341943,183.662291849722,183.735742201152,
183.772544505896,183.790929399043,183.809404035556,183.878163172433,184.025577109436,
184.323041898541,184.930303360095,186.19828974822,186.84828605944,187.507882109601,
188.835684781775,191.366957261239,193.820800090165,196.397886241659,196.930048658484,
197.193218021336,197.452269616187,198.496990468259,199.576382439653,200.625212844329,
201.876097597005,202.991203378777,203.902146593431,204.302710579554,204.829201583759),
 .UNSPECIFIED.);
#653=B_SPLINE_CURVE_WITH_KNOTS('',3,(#7787,#7788,#7789,#7790,#7791,#7792,
#7793,#7794,#7795,#7796,#7797,#7798,#7799,#7800,#7801,#7802,#7803,#7804,
#7805,#7806,#7807,#7808,#7809,#7810,#7811,#7812,#7813,#7814,#7815,#7816,
#7817,#7818,#7819,#7820),.UNSPECIFIED.,.F.,.F.,(4,2,2,2,2,2,2,2,2,2,2,2,
2,2,2,2,4),(-22.9025875306088,-21.6803463811694,-20.3253247323463,-19.9865693201406,
-19.6478139079348,-18.9703030835232,-18.2927922591117,-17.6152814347002,
-16.9377706102886,-16.5990151980828,-16.2602597858771,-15.5827489614655,
-14.905238137054,-14.2277273126424,-13.8889719004367,-13.5502164882309,
-12.620749149296),.UNSPECIFIED.);
#654=B_SPLINE_CURVE_WITH_KNOTS('',3,(#7821,#7822,#7823,#7824,#7825,#7826,
#7827,#7828,#7829,#7830,#7831,#7832,#7833,#7834,#7835,#7836,#7837,#7838,
#7839,#7840,#7841,#7842,#7843,#7844,#7845,#7846,#7847,#7848,#7849,#7850,
#7851,#7852,#7853,#7854),.UNSPECIFIED.,.F.,.F.,(4,2,2,2,2,2,2,2,2,2,2,2,
2,2,2,2,4),(-109.623788950401,-108.401731905847,-107.046710257024,-106.707954844818,
-106.369199432612,-105.691688608201,-105.014177783789,-104.336666959378,
-103.659156134966,-103.320400722761,-102.981645310555,-102.304134486143,
-101.626623661732,-100.94911283732,-100.610357425114,-100.271602012909,
-99.3420093800551),.UNSPECIFIED.);
#655=B_SPLINE_CURVE_WITH_KNOTS('',3,(#7855,#7856,#7857,#7858,#7859,#7860,
#7861,#7862,#7863,#7864,#7865,#7866,#7867,#7868,#7869,#7870,#7871,#7872,
#7873,#7874,#7875,#7876,#7877,#7878,#7879,#7880),.UNSPECIFIED.,.F.,.F.,
(4,2,2,2,2,2,2,2,2,2,2,2,4),(146.648396822042,146.662421872258,147.858922289473,
149.057705773534,150.242092658969,151.391823211677,153.233537111816,154.276298370423,
155.314930556614,156.115629408177,156.817253775656,157.478350274276,158.189529114399),
 .UNSPECIFIED.);
#656=B_SPLINE_CURVE_WITH_KNOTS('',3,(#7881,#7882,#7883,#7884,#7885,#7886,
#7887,#7888,#7889,#7890),.UNSPECIFIED.,.F.,.F.,(4,2,2,2,4),(137.284745876766,
139.619466790266,141.961982055824,144.304498601919,146.648396822042),
 .UNSPECIFIED.);
#657=B_SPLINE_CURVE_WITH_KNOTS('',3,(#7891,#7892,#7893,#7894,#7895,#7896,
#7897,#7898,#7899,#7900,#7901,#7902,#7903,#7904,#7905,#7906,#7907,#7908,
#7909,#7910,#7911,#7912,#7913,#7914,#7915,#7916),.UNSPECIFIED.,.F.,.F.,
(4,2,2,2,2,2,2,2,2,2,2,2,4),(225.742992719485,225.757186420167,226.953686838348,
228.152470323375,229.336857209766,230.4865877634,232.328301665026,233.371062924473,
234.409695111499,235.210393963704,235.91201833175,236.573114830905,237.284293671599),
 .UNSPECIFIED.);
#658=B_SPLINE_CURVE_WITH_KNOTS('',3,(#7917,#7918,#7919,#7920,#7921,#7922,
#7923,#7924,#7925,#7926),.UNSPECIFIED.,.F.,.F.,(4,2,2,2,4),(216.379584489311,
218.714231329225,221.056746596661,223.39926314776,225.742992719485),
 .UNSPECIFIED.);
#659=B_SPLINE_CURVE_WITH_KNOTS('',3,(#7927,#7928,#7929,#7930,#7931,#7932,
#7933,#7934,#7935,#7936,#7937,#7938,#7939,#7940,#7941,#7942,#7943,#7944,
#7945,#7946,#7947,#7948,#7949,#7950,#7951,#7952,#7953,#7954,#7955,#7956,
#7957,#7958,#7959,#7960,#7961,#7962,#7963,#7964,#7965,#7966,#7967,#7968,
#7969,#7970,#7971,#7972,#7973,#7974,#7975,#7976,#7977,#7978,#7979,#7980,
#7981,#7982,#7983,#7984,#7985,#7986,#7987,#7988,#7989,#7990,#7991,#7992,
#7993,#7994,#7995,#7996,#7997,#7998,#7999,#8000,#8001,#8002,#8003,#8004,
#8005,#8006,#8007,#8008,#8009,#8010,#8011,#8012,#8013,#8014,#8015,#8016,
#8017,#8018,#8019,#8020,#8021,#8022,#8023,#8024,#8025,#8026,#8027,#8028,
#8029,#8030,#8031,#8032,#8033,#8034,#8035,#8036,#8037,#8038,#8039,#8040,
#8041,#8042,#8043,#8044,#8045,#8046,#8047,#8048,#8049,#8050,#8051,#8052,
#8053,#8054,#8055,#8056,#8057,#8058,#8059,#8060,#8061,#8062,#8063,#8064,
#8065,#8066,#8067,#8068,#8069,#8070,#8071,#8072,#8073,#8074,#8075,#8076,
#8077,#8078,#8079,#8080,#8081,#8082,#8083,#8084,#8085,#8086,#8087,#8088,
#8089,#8090,#8091,#8092,#8093,#8094,#8095,#8096,#8097,#8098,#8099,#8100,
#8101,#8102,#8103,#8104,#8105,#8106,#8107,#8108,#8109,#8110,#8111,#8112,
#8113,#8114,#8115,#8116,#8117,#8118,#8119,#8120,#8121,#8122,#8123,#8124,
#8125,#8126,#8127,#8128,#8129,#8130,#8131,#8132,#8133,#8134,#8135,#8136,
#8137,#8138,#8139,#8140,#8141,#8142,#8143,#8144,#8145,#8146,#8147,#8148,
#8149,#8150,#8151,#8152,#8153,#8154,#8155,#8156,#8157,#8158,#8159,#8160,
#8161,#8162,#8163,#8164,#8165,#8166,#8167,#8168,#8169,#8170,#8171,#8172,
#8173,#8174,#8175,#8176,#8177,#8178,#8179,#8180,#8181,#8182,#8183,#8184,
#8185,#8186,#8187,#8188,#8189,#8190,#8191,#8192,#8193,#8194,#8195,#8196,
#8197,#8198,#8199,#8200,#8201,#8202,#8203,#8204,#8205,#8206,#8207,#8208,
#8209,#8210,#8211,#8212,#8213,#8214,#8215,#8216,#8217,#8218,#8219,#8220,
#8221,#8222,#8223,#8224,#8225,#8226,#8227,#8228,#8229,#8230,#8231,#8232,
#8233,#8234,#8235,#8236,#8237,#8238,#8239,#8240,#8241,#8242,#8243,#8244,
#8245,#8246,#8247,#8248,#8249,#8250,#8251,#8252,#8253,#8254,#8255,#8256,
#8257,#8258,#8259,#8260,#8261,#8262,#8263,#8264,#8265,#8266,#8267,#8268,
#8269,#8270,#8271,#8272,#8273,#8274,#8275,#8276,#8277,#8278,#8279,#8280,
#8281,#8282,#8283,#8284,#8285,#8286,#8287,#8288,#8289,#8290,#8291,#8292,
#8293,#8294,#8295,#8296,#8297,#8298,#8299,#8300,#8301,#8302,#8303,#8304,
#8305,#8306,#8307,#8308,#8309,#8310,#8311,#8312,#8313,#8314,#8315,#8316,
#8317,#8318,#8319,#8320,#8321,#8322,#8323,#8324,#8325,#8326,#8327,#8328,
#8329,#8330,#8331,#8332,#8333,#8334,#8335,#8336,#8337,#8338,#8339,#8340,
#8341,#8342,#8343,#8344,#8345,#8346,#8347,#8348,#8349,#8350,#8351,#8352,
#8353,#8354,#8355,#8356,#8357,#8358,#8359,#8360,#8361,#8362,#8363,#8364,
#8365,#8366,#8367,#8368,#8369,#8370,#8371,#8372,#8373,#8374,#8375,#8376,
#8377,#8378,#8379,#8380,#8381,#8382,#8383,#8384,#8385,#8386,#8387,#8388,
#8389,#8390,#8391,#8392,#8393,#8394,#8395,#8396,#8397,#8398,#8399,#8400,
#8401,#8402,#8403,#8404,#8405,#8406,#8407,#8408,#8409,#8410,#8411,#8412,
#8413,#8414,#8415,#8416,#8417,#8418,#8419,#8420,#8421,#8422,#8423,#8424,
#8425,#8426,#8427,#8428,#8429,#8430,#8431,#8432,#8433,#8434,#8435,#8436,
#8437,#8438,#8439,#8440,#8441,#8442,#8443,#8444,#8445,#8446,#8447,#8448,
#8449,#8450,#8451,#8452,#8453,#8454,#8455,#8456,#8457,#8458,#8459,#8460,
#8461,#8462,#8463,#8464,#8465,#8466,#8467,#8468,#8469,#8470,#8471,#8472,
#8473,#8474,#8475,#8476,#8477,#8478,#8479,#8480,#8481,#8482,#8483,#8484,
#8485,#8486,#8487,#8488,#8489,#8490,#8491,#8492,#8493,#8494,#8495,#8496,
#8497,#8498,#8499,#8500,#8501,#8502,#8503,#8504,#8505,#8506,#8507,#8508,
#8509,#8510,#8511,#8512,#8513,#8514,#8515,#8516,#8517,#8518,#8519,#8520,
#8521,#8522,#8523,#8524,#8525,#8526,#8527,#8528,#8529,#8530,#8531,#8532,
#8533,#8534,#8535,#8536,#8537,#8538,#8539,#8540,#8541,#8542,#8543,#8544,
#8545,#8546,#8547,#8548,#8549,#8550,#8551,#8552,#8553,#8554,#8555,#8556,
#8557,#8558,#8559,#8560,#8561,#8562,#8563,#8564,#8565,#8566,#8567,#8568,
#8569,#8570,#8571,#8572,#8573,#8574,#8575,#8576,#8577,#8578,#8579,#8580,
#8581,#8582,#8583,#8584,#8585,#8586,#8587,#8588,#8589,#8590,#8591,#8592,
#8593,#8594,#8595,#8596,#8597,#8598,#8599,#8600,#8601,#8602,#8603,#8604,
#8605,#8606,#8607,#8608,#8609,#8610,#8611,#8612,#8613,#8614,#8615,#8616,
#8617,#8618,#8619,#8620,#8621,#8622,#8623,#8624,#8625,#8626,#8627,#8628,
#8629,#8630,#8631,#8632,#8633,#8634,#8635,#8636,#8637,#8638,#8639,#8640,
#8641,#8642,#8643,#8644,#8645,#8646,#8647,#8648,#8649,#8650,#8651,#8652,
#8653,#8654,#8655,#8656,#8657,#8658,#8659,#8660,#8661,#8662,#8663,#8664,
#8665,#8666,#8667,#8668,#8669,#8670,#8671,#8672,#8673,#8674,#8675,#8676,
#8677,#8678,#8679,#8680,#8681,#8682,#8683,#8684,#8685,#8686,#8687,#8688,
#8689,#8690,#8691,#8692,#8693,#8694,#8695,#8696,#8697,#8698,#8699,#8700,
#8701,#8702,#8703,#8704,#8705,#8706,#8707,#8708,#8709,#8710,#8711,#8712,
#8713,#8714,#8715,#8716,#8717,#8718,#8719,#8720,#8721,#8722,#8723,#8724,
#8725,#8726,#8727,#8728,#8729,#8730,#8731,#8732,#8733,#8734,#8735,#8736,
#8737,#8738,#8739,#8740,#8741,#8742,#8743,#8744,#8745,#8746,#8747,#8748,
#8749,#8750,#8751,#8752,#8753,#8754,#8755,#8756,#8757,#8758,#8759,#8760,
#8761,#8762,#8763,#8764,#8765,#8766,#8767,#8768,#8769,#8770,#8771,#8772,
#8773,#8774,#8775,#8776,#8777,#8778,#8779,#8780,#8781,#8782,#8783,#8784,
#8785,#8786,#8787,#8788,#8789,#8790,#8791,#8792,#8793,#8794,#8795,#8796,
#8797,#8798,#8799,#8800,#8801,#8802,#8803,#8804,#8805,#8806,#8807,#8808,
#8809,#8810,#8811,#8812,#8813,#8814,#8815,#8816,#8817,#8818,#8819,#8820,
#8821,#8822,#8823,#8824,#8825,#8826,#8827,#8828,#8829,#8830,#8831,#8832,
#8833,#8834,#8835,#8836,#8837,#8838,#8839,#8840,#8841,#8842,#8843,#8844,
#8845,#8846,#8847,#8848,#8849,#8850,#8851,#8852,#8853,#8854,#8855,#8856,
#8857,#8858,#8859,#8860,#8861,#8862,#8863,#8864,#8865,#8866,#8867,#8868,
#8869,#8870,#8871,#8872,#8873,#8874,#8875,#8876,#8877,#8878,#8879,#8880,
#8881,#8882,#8883,#8884,#8885,#8886,#8887,#8888,#8889,#8890,#8891,#8892,
#8893,#8894,#8895,#8896,#8897,#8898,#8899,#8900,#8901,#8902,#8903,#8904,
#8905,#8906,#8907,#8908,#8909,#8910,#8911,#8912,#8913,#8914,#8915,#8916,
#8917,#8918,#8919,#8920,#8921,#8922,#8923,#8924,#8925,#8926,#8927,#8928,
#8929,#8930,#8931,#8932,#8933,#8934,#8935,#8936,#8937,#8938,#8939,#8940,
#8941,#8942,#8943,#8944,#8945,#8946,#8947,#8948,#8949,#8950,#8951,#8952,
#8953,#8954,#8955,#8956,#8957,#8958,#8959,#8960,#8961,#8962,#8963,#8964,
#8965,#8966,#8967,#8968,#8969,#8970,#8971,#8972,#8973,#8974,#8975,#8976,
#8977,#8978,#8979,#8980,#8981,#8982,#8983,#8984,#8985,#8986,#8987,#8988,
#8989,#8990,#8991,#8992,#8993,#8994,#8995,#8996,#8997,#8998,#8999,#9000,
#9001,#9002,#9003,#9004,#9005,#9006,#9007,#9008,#9009,#9010,#9011,#9012,
#9013,#9014,#9015,#9016,#9017,#9018,#9019,#9020,#9021,#9022,#9023,#9024,
#9025,#9026,#9027,#9028,#9029,#9030,#9031,#9032,#9033,#9034),
 .UNSPECIFIED.,.T.,.F.,(4,3,3,3,3,3,3,3,3,3,3,3,3,3,3,3,3,3,3,3,3,3,3,3,
3,3,3,3,3,3,3,3,3,3,3,3,3,3,3,3,3,3,3,3,3,3,3,3,3,3,3,3,3,3,3,3,3,3,3,3,
3,3,3,3,3,3,3,3,3,3,3,3,3,3,3,3,3,3,3,3,3,3,3,3,3,3,3,3,3,3,3,3,3,3,3,3,
3,3,3,3,3,3,3,3,3,3,3,3,3,3,3,3,3,3,3,3,3,3,3,3,3,3,3,3,3,3,3,3,3,3,3,3,
3,3,3,3,3,3,3,3,3,3,3,3,3,3,3,3,3,3,3,3,3,3,3,3,3,3,3,3,3,3,3,3,3,3,3,3,
3,3,3,3,3,3,3,3,3,3,3,3,3,3,3,3,3,3,3,3,3,3,3,3,3,3,3,3,3,3,3,3,3,3,3,3,
3,3,3,3,3,3,3,3,3,3,3,3,3,3,3,3,3,3,3,3,3,3,3,3,3,3,3,3,3,3,3,3,3,3,3,3,
3,3,3,3,3,3,3,3,3,3,3,3,3,3,3,3,3,3,3,3,3,3,3,3,3,3,3,3,3,3,3,3,3,3,3,3,
3,3,3,3,3,3,3,3,3,3,3,3,3,3,3,3,3,3,3,3,3,3,3,3,3,3,3,3,3,3,3,3,3,3,3,3,
3,3,3,3,3,3,3,3,3,3,3,3,3,3,3,3,3,3,3,3,3,3,3,3,3,3,3,3,3,3,3,3,3,3,3,3,
3,3,3,3,3,3,3,3,3,3,3,3,3,3,3,3,3,3,3,3,3,4),(0.,1.00334696369359,1.98313379697125,
2.91578864387134,3.78522210658351,3.82454425174903,3.86318247447576,3.90113243603059,
3.93868111276384,4.72705002750368,5.42443656987935,6.04010993882226,6.58495817043116,
7.17829688878688,7.73445601591256,8.25385332831148,8.73375873551488,9.23463696825682,
9.72496992941306,10.1988012557992,10.6483562709517,10.6817627653027,10.7157341023,
10.7496813745505,10.7835828267731,11.7996577560562,12.7310469193076,13.5954389368956,
14.4179242547898,14.4460295298837,14.4735409273116,14.5013724816869,14.5277779387126,
15.3076645353559,16.0775848186935,16.8118152887476,17.1593472262523,17.3269192382176,
17.4897068275972,17.6524944191078,17.8200664350225,18.1675983900618,18.9018288204248,
19.6717491694605,20.4516359293837,20.4780414528094,20.5058731018475,20.5333844141559,
20.5614896228306,21.3839747604391,22.2483667270254,23.1797559113546,24.1958308452983,
24.2297323004219,24.2636795753594,24.2976509088434,24.3310573996162,24.7806124068051,
25.254443733352,25.7447766943743,26.2456549271872,26.7255603342951,27.2449576466384,
27.8011167739918,28.3944555008266,28.9393037263934,29.5549770842345,30.2523636654497,
31.0407464491486,31.0782864610782,31.1162154063921,31.1549265255964,31.1942222374007,
32.0638974504653,32.9956013455527,33.4806289089957,33.9777223121021,34.9757462955981,
35.1751688963129,35.3682483118814,35.7442859249252,36.1055187249442,36.2808052242189,
36.4503083456663,37.3690575140524,37.7775552993431,38.1616259792012,38.5189523372185,
38.8476364793862,39.1534566031251,39.4382011831634,39.753058643217,40.0547711414897,
40.6227301813789,41.1410393993213,41.379477585524,41.6043232215989,42.3284541774558,
43.0053513640754,43.3214568629441,43.6116493911745,43.8556657049346,44.0561377390882,
44.2680261964117,44.485951450375,44.9548315030907,45.471661602714,46.0285363485161,
46.3271907745305,46.6416766014042,46.9693560061243,47.3064762127509,47.888636079815,
48.5271698301501,49.2135186248172,49.9436653264407,50.4981441128917,51.0902763044058,
51.7169110544738,52.3791245157414,53.347067665746,54.3670175575937,55.4324314511082,
56.5410106595475,56.6151312131338,56.6891066793032,56.7629146203082,56.837086622514,
57.7245189495909,58.6095908843833,59.4927346094891,60.3733974160792,61.2540602226664,
62.1372039477709,63.0222758825612,63.909708209657,63.983880211869,64.0576881528626,
64.1316636190105,64.2057841725963,65.3143633810445,66.3797772745613,67.3997271664088,
68.3676703164147,69.0298837776815,69.6565185277505,70.2486507192628,70.8031295057144,
71.5332762073377,72.2196250020692,72.8581587524106,73.4403186194779,73.7774388261045,
74.1051182308225,74.4196040576889,74.718258483698,75.2751332295035,75.7919633291254,
76.2608433818424,76.4787686358054,76.6906570931282,76.8911291273361,77.1351454411066,
77.4253379693384,77.7414434682075,78.4183406548281,79.1424716103403,79.3673172464132,
79.6057554326172,80.124064650561,80.6920236904545,80.9937361887304,81.3085936487793,
81.5933382288126,81.8991583525519,82.2278424947209,82.5851688527389,82.969239532599,
83.3777373178945,84.296486486272,84.4659896077157,84.6412761069923,85.0025089070172,
85.3785465200601,85.5716259356271,85.7710485363423,86.7690725198392,87.2661659229456,
87.751193486393,88.6828973814723,89.5525725945411,89.5918683063456,89.6305794255558,
89.6685083708696,89.7060483827975,90.4944311664933,91.191817747706,91.8074911055502,
92.3523393311149,92.9456780579493,93.5018371853079,94.0212344976347,94.5011399048346,
95.002018137597,95.4923510987598,95.9661824251509,96.4157374403118,96.4491439346524,
96.483115271625,96.5170625438849,96.5509639961108,97.5670389254014,98.4984280886531,
99.3628201062373,100.185305424137,100.213410699231,100.240922096655,100.268753651021,
100.295159108046,101.075045704699,101.844965988036,102.57919645809,102.926728395596,
103.094300407561,103.25708799694,103.41987558845,103.587447604366,103.934979559405,
104.669209989768,105.439130338804,106.219017098729,106.245422622156,106.273254271198,
106.300765583501,106.328870792173,107.15135592978,108.015747896368,108.947137080699,
109.96321201464,109.997113469764,110.031060744708,110.065032078186,110.098438568953,
110.547993576139,111.021824902693,111.512157863723,112.013036096531,112.492941503639,
113.012338815982,113.568497943335,114.16183667017,114.706684895736,115.322358253576,
116.019744834793,116.808127618491,116.845667630421,116.883596575736,116.922307694941,
116.961603406745,117.83127861981,118.762982514895,119.248010078337,119.745103481443,
120.743127464942,120.942550065655,121.135629481224,121.511667094273,121.872899894285,
122.04818639356,122.217689515006,123.136438683398,123.544936468687,123.929007148545,
124.286333506561,124.615017648735,124.920837772475,125.205582352509,125.520439812557,
125.822152310833,126.390111350725,126.908420568664,127.146858754866,127.371704390943,
128.095835346797,128.77273253342,129.088838032292,129.379030560518,129.623046874273,
129.82351890843,130.035407365759,130.25333261972,130.722212672429,131.239042772052,
131.795917517858,132.094571943883,132.409057770742,132.736737175455,133.073857382094,
133.656017249158,134.294550999493,134.980899794159,135.711046495785,136.265525282233,
136.857657473748,137.484292223817,138.146505685081,139.114448835088,140.134398726939,
141.199812620448,142.308391828915,142.382512382502,142.456487848645,142.530295789625,
142.604467791835,143.491900118939,144.376972053727,145.26011577883,146.140778585424,
147.021441392012,147.904585117115,148.789657051906,149.677089378994,149.751261381209,
149.825069322227,149.899044788371,149.973165341948,151.081744550392,152.147158443903,
153.167108335752,154.135051485758,154.797264947026,155.423899697092,156.016031888605,
156.570510675059,157.300657376678,157.987006171413,158.625539921757,159.207699788821,
159.544819995449,159.872499400166,160.186985227034,160.485639653045,161.042514398847,
161.559344498471,162.02822455118,162.24614980514,162.458038262483,162.658510296693,
162.902526610406,163.192719138646,163.508824637784,164.185721823611,164.909852783341,
165.134698416955,165.373136585425,165.891445852928,166.459404766609,166.761117288677,
167.075975261283,167.360719679032,167.666538103767,167.995222678821,168.352554197202,
168.736623828995,169.14518205115,170.064521976422,170.408447086571,170.770092072557,
171.146029702031,171.535341632828),.UNSPECIFIED.);
#660=B_SPLINE_CURVE_WITH_KNOTS('',1,(#9035,#9036),.UNSPECIFIED.,.F.,.F.,
(2,2),(0.,1.),.UNSPECIFIED.);
#661=B_SPLINE_CURVE_WITH_KNOTS('',3,(#9037,#9038,#9039,#9040,#9041,#9042,
#9043,#9044,#9045,#9046,#9047,#9048,#9049,#9050,#9051,#9052,#9053,#9054,
#9055,#9056,#9057,#9058,#9059,#9060,#9061,#9062,#9063,#9064,#9065,#9066,
#9067,#9068,#9069,#9070,#9071,#9072,#9073,#9074,#9075,#9076,#9077,#9078,
#9079,#9080,#9081,#9082,#9083,#9084,#9085,#9086,#9087,#9088,#9089,#9090,
#9091,#9092,#9093,#9094,#9095,#9096,#9097,#9098,#9099,#9100,#9101,#9102,
#9103,#9104,#9105,#9106,#9107,#9108,#9109,#9110,#9111,#9112,#9113,#9114,
#9115,#9116,#9117,#9118,#9119,#9120,#9121,#9122,#9123,#9124,#9125,#9126,
#9127,#9128,#9129,#9130,#9131,#9132,#9133,#9134,#9135,#9136,#9137,#9138,
#9139,#9140,#9141,#9142,#9143,#9144,#9145,#9146,#9147,#9148,#9149,#9150,
#9151,#9152,#9153,#9154,#9155,#9156,#9157,#9158,#9159,#9160,#9161,#9162,
#9163,#9164,#9165,#9166,#9167,#9168,#9169,#9170,#9171,#9172,#9173,#9174,
#9175,#9176,#9177,#9178,#9179,#9180,#9181,#9182,#9183,#9184,#9185,#9186,
#9187,#9188,#9189,#9190,#9191,#9192,#9193,#9194,#9195,#9196,#9197,#9198,
#9199,#9200,#9201,#9202,#9203,#9204,#9205,#9206,#9207,#9208,#9209,#9210,
#9211,#9212,#9213,#9214,#9215,#9216,#9217,#9218,#9219,#9220,#9221,#9222,
#9223,#9224,#9225,#9226,#9227,#9228,#9229,#9230,#9231,#9232,#9233,#9234,
#9235,#9236,#9237,#9238,#9239,#9240,#9241,#9242,#9243,#9244,#9245,#9246,
#9247,#9248,#9249,#9250,#9251,#9252,#9253,#9254,#9255,#9256,#9257,#9258,
#9259,#9260,#9261,#9262,#9263,#9264,#9265,#9266,#9267,#9268,#9269,#9270,
#9271,#9272,#9273,#9274,#9275,#9276,#9277,#9278,#9279,#9280,#9281,#9282,
#9283,#9284,#9285,#9286,#9287,#9288,#9289,#9290,#9291,#9292,#9293,#9294,
#9295,#9296,#9297,#9298,#9299,#9300,#9301,#9302,#9303,#9304,#9305,#9306,
#9307,#9308,#9309,#9310,#9311,#9312,#9313,#9314,#9315,#9316,#9317,#9318,
#9319,#9320,#9321,#9322,#9323,#9324,#9325,#9326,#9327,#9328,#9329,#9330,
#9331,#9332,#9333,#9334,#9335,#9336,#9337,#9338,#9339,#9340,#9341,#9342,
#9343,#9344,#9345,#9346,#9347,#9348,#9349,#9350,#9351,#9352,#9353,#9354,
#9355,#9356,#9357,#9358,#9359,#9360,#9361,#9362,#9363,#9364,#9365,#9366,
#9367,#9368,#9369,#9370,#9371,#9372,#9373,#9374,#9375,#9376,#9377,#9378,
#9379,#9380,#9381,#9382,#9383,#9384,#9385,#9386,#9387,#9388,#9389,#9390,
#9391,#9392,#9393,#9394,#9395,#9396,#9397,#9398,#9399,#9400,#9401,#9402,
#9403,#9404,#9405,#9406,#9407,#9408,#9409,#9410,#9411,#9412,#9413,#9414,
#9415,#9416,#9417,#9418,#9419,#9420,#9421,#9422,#9423,#9424,#9425,#9426,
#9427,#9428,#9429,#9430,#9431,#9432,#9433,#9434,#9435,#9436,#9437,#9438,
#9439,#9440,#9441,#9442,#9443,#9444,#9445,#9446,#9447,#9448,#9449,#9450,
#9451,#9452,#9453,#9454,#9455,#9456,#9457,#9458,#9459,#9460,#9461,#9462,
#9463,#9464,#9465,#9466,#9467,#9468,#9469,#9470,#9471,#9472,#9473,#9474,
#9475,#9476,#9477,#9478,#9479,#9480,#9481,#9482,#9483,#9484,#9485,#9486,
#9487,#9488,#9489,#9490,#9491,#9492,#9493,#9494,#9495,#9496,#9497,#9498,
#9499,#9500,#9501,#9502,#9503,#9504,#9505,#9506,#9507,#9508,#9509,#9510,
#9511,#9512,#9513,#9514,#9515,#9516,#9517,#9518,#9519,#9520,#9521,#9522,
#9523,#9524,#9525,#9526,#9527,#9528,#9529,#9530,#9531,#9532,#9533,#9534,
#9535,#9536,#9537,#9538,#9539,#9540,#9541,#9542,#9543,#9544,#9545,#9546,
#9547,#9548,#9549,#9550,#9551,#9552,#9553,#9554,#9555,#9556,#9557,#9558,
#9559,#9560,#9561,#9562,#9563,#9564,#9565,#9566,#9567,#9568,#9569,#9570,
#9571,#9572,#9573,#9574,#9575,#9576,#9577,#9578,#9579,#9580,#9581,#9582,
#9583,#9584,#9585,#9586,#9587,#9588,#9589,#9590,#9591,#9592,#9593,#9594,
#9595,#9596,#9597,#9598,#9599,#9600,#9601,#9602,#9603,#9604,#9605,#9606,
#9607,#9608,#9609,#9610,#9611,#9612,#9613,#9614,#9615,#9616,#9617,#9618,
#9619,#9620,#9621,#9622,#9623,#9624,#9625,#9626,#9627,#9628,#9629,#9630,
#9631,#9632,#9633,#9634,#9635,#9636,#9637,#9638,#9639,#9640,#9641,#9642,
#9643,#9644,#9645,#9646,#9647,#9648,#9649,#9650,#9651,#9652,#9653,#9654,
#9655,#9656,#9657,#9658,#9659,#9660,#9661,#9662,#9663,#9664,#9665,#9666,
#9667,#9668,#9669,#9670,#9671,#9672,#9673,#9674,#9675,#9676,#9677,#9678,
#9679,#9680,#9681,#9682,#9683,#9684,#9685,#9686,#9687,#9688,#9689,#9690,
#9691,#9692,#9693,#9694,#9695,#9696,#9697,#9698,#9699,#9700,#9701,#9702,
#9703,#9704,#9705,#9706,#9707,#9708,#9709,#9710,#9711,#9712,#9713,#9714,
#9715,#9716,#9717,#9718,#9719,#9720,#9721,#9722,#9723,#9724,#9725,#9726,
#9727,#9728,#9729,#9730,#9731,#9732,#9733,#9734,#9735,#9736,#9737,#9738,
#9739,#9740,#9741,#9742,#9743,#9744,#9745,#9746,#9747,#9748,#9749,#9750,
#9751,#9752,#9753,#9754,#9755,#9756,#9757,#9758,#9759,#9760,#9761,#9762,
#9763,#9764,#9765,#9766,#9767,#9768,#9769,#9770,#9771,#9772,#9773,#9774,
#9775,#9776,#9777,#9778,#9779,#9780,#9781,#9782,#9783,#9784,#9785,#9786,
#9787,#9788,#9789,#9790,#9791,#9792,#9793,#9794,#9795,#9796,#9797,#9798,
#9799,#9800,#9801,#9802,#9803,#9804,#9805,#9806,#9807,#9808,#9809,#9810,
#9811,#9812,#9813,#9814,#9815,#9816,#9817,#9818,#9819,#9820,#9821,#9822,
#9823,#9824,#9825,#9826,#9827,#9828,#9829,#9830,#9831,#9832,#9833,#9834,
#9835,#9836,#9837,#9838,#9839,#9840,#9841,#9842,#9843,#9844,#9845,#9846,
#9847,#9848,#9849,#9850,#9851,#9852,#9853,#9854,#9855,#9856,#9857,#9858,
#9859,#9860,#9861,#9862,#9863,#9864,#9865,#9866,#9867,#9868,#9869,#9870,
#9871,#9872,#9873,#9874,#9875,#9876,#9877,#9878,#9879,#9880,#9881,#9882,
#9883,#9884,#9885,#9886,#9887,#9888,#9889,#9890,#9891,#9892,#9893,#9894,
#9895,#9896,#9897,#9898,#9899,#9900,#9901,#9902,#9903,#9904,#9905,#9906,
#9907,#9908,#9909,#9910,#9911,#9912,#9913,#9914,#9915,#9916,#9917,#9918,
#9919,#9920,#9921,#9922,#9923,#9924,#9925,#9926,#9927,#9928,#9929,#9930,
#9931,#9932,#9933,#9934,#9935,#9936,#9937,#9938,#9939,#9940,#9941,#9942,
#9943,#9944,#9945,#9946,#9947,#9948,#9949,#9950,#9951,#9952,#9953,#9954,
#9955,#9956,#9957,#9958,#9959,#9960,#9961,#9962,#9963,#9964,#9965,#9966,
#9967,#9968,#9969,#9970,#9971,#9972,#9973,#9974,#9975,#9976,#9977,#9978,
#9979,#9980,#9981,#9982,#9983,#9984,#9985,#9986,#9987,#9988,#9989,#9990,
#9991,#9992,#9993,#9994,#9995,#9996,#9997,#9998,#9999,#10000,#10001,#10002,
#10003,#10004,#10005,#10006,#10007,#10008,#10009,#10010,#10011,#10012,#10013,
#10014,#10015,#10016,#10017,#10018,#10019,#10020,#10021,#10022,#10023,#10024,
#10025,#10026,#10027,#10028,#10029,#10030,#10031,#10032,#10033,#10034,#10035,
#10036,#10037,#10038,#10039,#10040,#10041,#10042,#10043,#10044,#10045,#10046,
#10047,#10048,#10049,#10050,#10051,#10052,#10053,#10054,#10055,#10056,#10057,
#10058,#10059,#10060,#10061,#10062,#10063,#10064,#10065,#10066,#10067,#10068,
#10069,#10070,#10071,#10072,#10073,#10074,#10075,#10076,#10077,#10078,#10079,
#10080,#10081,#10082,#10083,#10084,#10085,#10086,#10087,#10088,#10089,#10090,
#10091,#10092,#10093,#10094,#10095,#10096,#10097,#10098,#10099,#10100,#10101,
#10102,#10103,#10104,#10105,#10106,#10107,#10108,#10109,#10110,#10111,#10112,
#10113,#10114,#10115,#10116,#10117,#10118,#10119,#10120,#10121,#10122,#10123,
#10124,#10125,#10126,#10127,#10128,#10129,#10130,#10131,#10132,#10133,#10134,
#10135,#10136,#10137,#10138,#10139,#10140,#10141,#10142,#10143,#10144),
 .UNSPECIFIED.,.T.,.F.,(4,3,3,3,3,3,3,3,3,3,3,3,3,3,3,3,3,3,3,3,3,3,3,3,
3,3,3,3,3,3,3,3,3,3,3,3,3,3,3,3,3,3,3,3,3,3,3,3,3,3,3,3,3,3,3,3,3,3,3,3,
3,3,3,3,3,3,3,3,3,3,3,3,3,3,3,3,3,3,3,3,3,3,3,3,3,3,3,3,3,3,3,3,3,3,3,3,
3,3,3,3,3,3,3,3,3,3,3,3,3,3,3,3,3,3,3,3,3,3,3,3,3,3,3,3,3,3,3,3,3,3,3,3,
3,3,3,3,3,3,3,3,3,3,3,3,3,3,3,3,3,3,3,3,3,3,3,3,3,3,3,3,3,3,3,3,3,3,3,3,
3,3,3,3,3,3,3,3,3,3,3,3,3,3,3,3,3,3,3,3,3,3,3,3,3,3,3,3,3,3,3,3,3,3,3,3,
3,3,3,3,3,3,3,3,3,3,3,3,3,3,3,3,3,3,3,3,3,3,3,3,3,3,3,3,3,3,3,3,3,3,3,3,
3,3,3,3,3,3,3,3,3,3,3,3,3,3,3,3,3,3,3,3,3,3,3,3,3,3,3,3,3,3,3,3,3,3,3,3,
3,3,3,3,3,3,3,3,3,3,3,3,3,3,3,3,3,3,3,3,3,3,3,3,3,3,3,3,3,3,3,3,3,3,3,3,
3,3,3,3,3,3,3,3,3,3,3,3,3,3,3,3,3,3,3,3,3,3,3,3,3,3,3,3,3,3,3,3,3,3,3,3,
3,3,3,3,3,3,3,3,3,3,3,3,3,3,3,3,3,3,3,3,3,4),(0.,1.00334696369359,1.98313379697125,
2.91578864387134,3.78522210658351,3.82454425174903,3.86318247447576,3.90113243603059,
3.93868111276384,4.72705002750368,5.42443656987935,6.04010993882226,6.58495817043116,
7.17829688878688,7.73445601591256,8.25385332831148,8.73375873551488,9.23463696825682,
9.72496992941306,10.1988012557992,10.6483562709517,10.6817627653027,10.7157341023,
10.7496813745505,10.7835828267731,11.7996577560562,12.7310469193076,13.5954389368956,
14.4179242547898,14.4460295298837,14.4735409273116,14.5013724816869,14.5277779387126,
15.3076645353559,16.0775848186935,16.8118152887476,17.1593472262523,17.3269192382176,
17.4897068275972,17.6524944191078,17.8200664350225,18.1675983900618,18.9018288204248,
19.6717491694605,20.4516359293837,20.4780414528094,20.5058731018475,20.5333844141559,
20.5614896228306,21.3839747604391,22.2483667270254,23.1797559113546,24.1958308452983,
24.2297323004219,24.2636795753594,24.2976509088434,24.3310573996162,24.7806124068051,
25.254443733352,25.7447766943743,26.2456549271872,26.7255603342951,27.2449576466384,
27.8011167739918,28.3944555008266,28.9393037263934,29.5549770842345,30.2523636654497,
31.0407464491486,31.0782864610782,31.1162154063921,31.1549265255964,31.1942222374007,
32.0638974504653,32.9956013455527,33.4806289089957,33.9777223121021,34.9757462955981,
35.1751688963129,35.3682483118814,35.7442859249252,36.1055187249442,36.2808052242189,
36.4503083456663,37.3690575140524,37.7775552993431,38.1616259792012,38.5189523372185,
38.8476364793862,39.1534566031251,39.4382011831634,39.753058643217,40.0547711414897,
40.6227301813789,41.1410393993213,41.379477585524,41.6043232215989,42.3284541774558,
43.0053513640754,43.3214568629441,43.6116493911745,43.8556657049346,44.0561377390882,
44.2680261964117,44.485951450375,44.9548315030907,45.471661602714,46.0285363485161,
46.3271907745305,46.6416766014042,46.9693560061243,47.3064762127509,47.888636079815,
48.5271698301501,49.2135186248172,49.9436653264407,50.4981441128917,51.0902763044058,
51.7169110544738,52.3791245157414,53.347067665746,54.3670175575937,55.4324314511082,
56.5410106595475,56.6151312131338,56.6891066793032,56.7629146203082,56.837086622514,
57.7245189495909,58.6095908843833,59.4927346094891,60.3733974160792,61.2540602226664,
62.1372039477709,63.0222758825612,63.909708209657,63.983880211869,64.0576881528626,
64.1316636190105,64.2057841725963,65.3143633810445,66.3797772745613,67.3997271664088,
68.3676703164147,69.0298837776815,69.6565185277505,70.2486507192628,70.8031295057144,
71.5332762073377,72.2196250020692,72.8581587524106,73.4403186194779,73.7774388261045,
74.1051182308225,74.4196040576889,74.718258483698,75.2751332295035,75.7919633291254,
76.2608433818424,76.4787686358054,76.6906570931282,76.8911291273361,77.1351454411066,
77.4253379693384,77.7414434682075,78.4183406548281,79.1424716103403,79.3673172464132,
79.6057554326172,80.124064650561,80.6920236904545,80.9937361887304,81.3085936487793,
81.5933382288126,81.8991583525519,82.2278424947209,82.5851688527389,82.969239532599,
83.3777373178945,84.296486486272,84.4659896077157,84.6412761069923,85.0025089070172,
85.3785465200601,85.5716259356271,85.7710485363423,86.7690725198392,87.2661659229456,
87.751193486393,88.6828973814723,89.5525725945411,89.5918683063456,89.6305794255558,
89.6685083708696,89.7060483827975,90.4944311664933,91.191817747706,91.8074911055502,
92.3523393311149,92.9456780579493,93.5018371853079,94.0212344976347,94.5011399048346,
95.002018137597,95.4923510987598,95.9661824251509,96.4157374403118,96.4491439346524,
96.483115271625,96.5170625438849,96.5509639961108,97.5670389254014,98.4984280886531,
99.3628201062373,100.185305424137,100.213410699231,100.240922096655,100.268753651021,
100.295159108046,101.075045704699,101.844965988036,102.57919645809,102.926728395596,
103.094300407561,103.25708799694,103.41987558845,103.587447604366,103.934979559405,
104.669209989768,105.439130338804,106.219017098729,106.245422622156,106.273254271198,
106.300765583501,106.328870792173,107.15135592978,108.015747896368,108.947137080699,
109.96321201464,109.997113469764,110.031060744708,110.065032078186,110.098438568953,
110.547993576139,111.021824902693,111.512157863723,112.013036096531,112.492941503639,
113.012338815982,113.568497943335,114.16183667017,114.706684895736,115.322358253576,
116.019744834793,116.808127618491,116.845667630421,116.883596575736,116.922307694941,
116.961603406745,117.83127861981,118.762982514895,119.248010078337,119.745103481443,
120.743127464942,120.942550065655,121.135629481224,121.511667094273,121.872899894285,
122.04818639356,122.217689515006,123.136438683398,123.544936468687,123.929007148545,
124.286333506561,124.615017648735,124.920837772475,125.205582352509,125.520439812557,
125.822152310833,126.390111350725,126.908420568664,127.146858754866,127.371704390943,
128.095835346797,128.77273253342,129.088838032292,129.379030560518,129.623046874273,
129.82351890843,130.035407365759,130.25333261972,130.722212672429,131.239042772052,
131.795917517858,132.094571943883,132.409057770742,132.736737175455,133.073857382094,
133.656017249158,134.294550999493,134.980899794159,135.711046495785,136.265525282233,
136.857657473748,137.484292223817,138.146505685081,139.114448835088,140.134398726939,
141.199812620448,142.308391828915,142.382512382502,142.456487848645,142.530295789625,
142.604467791835,143.491900118939,144.376972053727,145.26011577883,146.140778585424,
147.021441392012,147.904585117115,148.789657051906,149.677089378994,149.751261381209,
149.825069322227,149.899044788371,149.973165341948,151.081744550392,152.147158443903,
153.167108335752,154.135051485758,154.797264947026,155.423899697092,156.016031888605,
156.570510675059,157.300657376678,157.987006171413,158.625539921757,159.207699788821,
159.544819995449,159.872499400166,160.186985227034,160.485639653045,161.042514398847,
161.559344498471,162.02822455118,162.24614980514,162.458038262483,162.658510296693,
162.902526610406,163.192719138646,163.508824637784,164.185721823611,164.909852783341,
165.134698416955,165.373136585425,165.891445852928,166.459404766609,166.761117288677,
167.075975261283,167.360719679032,167.666538103767,167.995222678821,168.352554197202,
168.736623828995,169.14518205115,170.064521976422,170.408447086571,170.770092072557,
171.146029702031,171.535341632828),.UNSPECIFIED.);
#662=B_SPLINE_CURVE_WITH_KNOTS('',1,(#10155,#10156),.UNSPECIFIED.,.F.,.F.,
(2,2),(0.,1.),.UNSPECIFIED.);
#663=B_SPLINE_CURVE_WITH_KNOTS('',1,(#10157,#10158),.UNSPECIFIED.,.F.,.F.,
(2,2),(-157.184213673425,-123.216373478722),.UNSPECIFIED.);
#664=B_SPLINE_CURVE_WITH_KNOTS('',1,(#10167,#10168),.UNSPECIFIED.,.F.,.F.,
(2,2),(0.,1.),.UNSPECIFIED.);
#665=B_SPLINE_CURVE_WITH_KNOTS('',1,(#10169,#10170),.UNSPECIFIED.,.F.,.F.,
(2,2),(-110.650002864363,-91.1584774510715),.UNSPECIFIED.);
#666=B_SPLINE_CURVE_WITH_KNOTS('',1,(#10179,#10180),.UNSPECIFIED.,.F.,.F.,
(2,2),(0.,1.),.UNSPECIFIED.);
#667=B_SPLINE_CURVE_WITH_KNOTS('',1,(#10181,#10182),.UNSPECIFIED.,.F.,.F.,
(2,2),(-78.5921068367123,-44.6242666420101),.UNSPECIFIED.);
#668=B_SPLINE_CURVE_WITH_KNOTS('',1,(#10191,#10192),.UNSPECIFIED.,.F.,.F.,
(2,2),(-32.057896027651,-12.5663706143592),.UNSPECIFIED.);
#669=B_SPLINE_CURVE_WITH_KNOTS('',1,(#10309,#10310),.UNSPECIFIED.,.F.,.F.,
(2,2),(-1.24344978758018E-14,18.0000012841309),.UNSPECIFIED.);
#670=B_SPLINE_CURVE_WITH_KNOTS('',1,(#10311,#10312),.UNSPECIFIED.,.F.,.F.,
(2,2),(-3.5527136788005E-15,18.0000012841309),.UNSPECIFIED.);
#671=B_SPLINE_CURVE_WITH_KNOTS('',1,(#10313,#10314),.UNSPECIFIED.,.F.,.F.,
(2,2),(2.66453525910038E-15,18.0000012841309),.UNSPECIFIED.);
#672=B_SPLINE_CURVE_WITH_KNOTS('',1,(#10315,#10316),.UNSPECIFIED.,.F.,.F.,
(2,2),(8.88178419700125E-15,18.0000012841309),.UNSPECIFIED.);
#673=B_SPLINE_CURVE_WITH_KNOTS('',1,(#10317,#10318),.UNSPECIFIED.,.F.,.F.,
(2,2),(-8.88178419700125E-15,18.0000012841309),.UNSPECIFIED.);
#674=B_SPLINE_CURVE_WITH_KNOTS('',1,(#10319,#10320),.UNSPECIFIED.,.F.,.F.,
(2,2),(8.88178419700125E-15,18.0000012841309),.UNSPECIFIED.);
#675=B_SPLINE_CURVE_WITH_KNOTS('',1,(#10321,#10322),.UNSPECIFIED.,.F.,.F.,
(2,2),(8.88178419700125E-15,18.0000012841309),.UNSPECIFIED.);
#676=B_SPLINE_CURVE_WITH_KNOTS('',1,(#10323,#10324),.UNSPECIFIED.,.F.,.F.,
(2,2),(-1.06581410364015E-14,18.0000012841309),.UNSPECIFIED.);
#677=B_SPLINE_CURVE_WITH_KNOTS('',1,(#10325,#10326),.UNSPECIFIED.,.F.,.F.,
(2,2),(163.,209.000000026772),.UNSPECIFIED.);
#678=B_SPLINE_CURVE_WITH_KNOTS('',1,(#10327,#10328),.UNSPECIFIED.,.F.,.F.,
(2,2),(54.9999999732276,101.),.UNSPECIFIED.);
#679=B_SPLINE_CURVE_WITH_KNOTS('',1,(#10329,#10330),.UNSPECIFIED.,.F.,.F.,
(2,2),(26.,55.9678394689067),.UNSPECIFIED.);
#680=B_SPLINE_CURVE_WITH_KNOTS('',1,(#10331,#10332),.UNSPECIFIED.,.F.,.F.,
(2,2),(132.032160531093,162.),.UNSPECIFIED.);
#681=B_SPLINE_CURVE_WITH_KNOTS('',1,(#10345,#10346),.UNSPECIFIED.,.F.,.F.,
(2,2),(0.,19.3634437075456),.UNSPECIFIED.);
#682=B_SPLINE_CURVE_WITH_KNOTS('',1,(#10347,#10348),.UNSPECIFIED.,.F.,.F.,
(2,2),(0.,19.3634437075456),.UNSPECIFIED.);
#683=B_SPLINE_CURVE_WITH_KNOTS('',1,(#10349,#10350),.UNSPECIFIED.,.F.,.F.,
(2,2),(1.63655760900123,21.0000013165468),.UNSPECIFIED.);
#684=B_SPLINE_CURVE_WITH_KNOTS('',1,(#10351,#10352),.UNSPECIFIED.,.F.,.F.,
(2,2),(1.63655760900124,21.0000013165468),.UNSPECIFIED.);
#685=B_SPLINE_CURVE_WITH_KNOTS('',1,(#10353,#10354),.UNSPECIFIED.,.F.,.F.,
(2,2),(1.63655760900121,21.0000013165468),.UNSPECIFIED.);
#686=B_SPLINE_CURVE_WITH_KNOTS('',1,(#10355,#10356),.UNSPECIFIED.,.F.,.F.,
(2,2),(1.63655760900122,21.0000013165468),.UNSPECIFIED.);
#687=B_SPLINE_CURVE_WITH_KNOTS('',1,(#10357,#10358),.UNSPECIFIED.,.F.,.F.,
(2,2),(1.63655760900122,21.0000013165468),.UNSPECIFIED.);
#688=B_SPLINE_CURVE_WITH_KNOTS('',1,(#10359,#10360),.UNSPECIFIED.,.F.,.F.,
(2,2),(1.63655760900121,21.0000013165468),.UNSPECIFIED.);
#689=B_SPLINE_CURVE_WITH_KNOTS('',1,(#10361,#10362),.UNSPECIFIED.,.F.,.F.,
(2,2),(0.,1.),.UNSPECIFIED.);
#690=B_SPLINE_CURVE_WITH_KNOTS('',1,(#10363,#10364),.UNSPECIFIED.,.F.,.F.,
(2,2),(100.622279531073,146.622279557846),.UNSPECIFIED.);
#691=B_SPLINE_CURVE_WITH_KNOTS('',1,(#10365,#10366),.UNSPECIFIED.,.F.,.F.,
(2,2),(0.,1.),.UNSPECIFIED.);
#692=B_SPLINE_CURVE_WITH_KNOTS('',1,(#10375,#10376),.UNSPECIFIED.,.F.,.F.,
(2,2),(0.,1.),.UNSPECIFIED.);
#693=B_SPLINE_CURVE_WITH_KNOTS('',1,(#10377,#10378),.UNSPECIFIED.,.F.,.F.,
(2,2),(159.188650172205,186.296750776071),.UNSPECIFIED.);
#694=B_SPLINE_CURVE_WITH_KNOTS('',1,(#10387,#10388),.UNSPECIFIED.,.F.,.F.,
(2,2),(0.,1.),.UNSPECIFIED.);
#695=B_SPLINE_CURVE_WITH_KNOTS('',1,(#10389,#10390),.UNSPECIFIED.,.F.,.F.,
(2,2),(198.86312139043,239.959602159324),.UNSPECIFIED.);
#696=B_SPLINE_CURVE_WITH_KNOTS('',1,(#10399,#10400),.UNSPECIFIED.,.F.,.F.,
(2,2),(0.,1.),.UNSPECIFIED.);
#697=B_SPLINE_CURVE_WITH_KNOTS('',1,(#10401,#10402),.UNSPECIFIED.,.F.,.F.,
(2,2),(252.525972773683,282.49381224259),.UNSPECIFIED.);
#698=VERTEX_POINT('',#6884);
#699=VERTEX_POINT('',#6885);
#700=VERTEX_POINT('',#6886);
#701=VERTEX_POINT('',#6887);
#702=VERTEX_POINT('',#6888);
#703=VERTEX_POINT('',#6889);
#704=VERTEX_POINT('',#6890);
#705=VERTEX_POINT('',#6891);
#706=VERTEX_POINT('',#6892);
#707=VERTEX_POINT('',#6893);
#708=VERTEX_POINT('',#6894);
#709=VERTEX_POINT('',#6895);
#710=VERTEX_POINT('',#6896);
#711=VERTEX_POINT('',#6897);
#712=VERTEX_POINT('',#6898);
#713=VERTEX_POINT('',#6899);
#714=VERTEX_POINT('',#6900);
#715=VERTEX_POINT('',#6901);
#716=VERTEX_POINT('',#6902);
#717=VERTEX_POINT('',#6903);
#718=VERTEX_POINT('',#6904);
#719=VERTEX_POINT('',#6905);
#720=VERTEX_POINT('',#6906);
#721=VERTEX_POINT('',#6907);
#722=VERTEX_POINT('',#6908);
#723=VERTEX_POINT('',#6909);
#724=VERTEX_POINT('',#6910);
#725=VERTEX_POINT('',#6911);
#726=VERTEX_POINT('',#6912);
#727=VERTEX_POINT('',#6913);
#728=VERTEX_POINT('',#6914);
#729=VERTEX_POINT('',#6915);
#730=VERTEX_POINT('',#6916);
#731=VERTEX_POINT('',#6917);
#732=VERTEX_POINT('',#6918);
#733=VERTEX_POINT('',#6919);
#734=VERTEX_POINT('',#6920);
#735=VERTEX_POINT('',#6921);
#736=VERTEX_POINT('',#6922);
#737=VERTEX_POINT('',#6923);
#738=VERTEX_POINT('',#6924);
#739=VERTEX_POINT('',#6925);
#740=VERTEX_POINT('',#6926);
#741=VERTEX_POINT('',#6927);
#742=VERTEX_POINT('',#6928);
#743=VERTEX_POINT('',#6929);
#744=VERTEX_POINT('',#6930);
#745=VERTEX_POINT('',#6931);
#746=VERTEX_POINT('',#6932);
#747=VERTEX_POINT('',#6933);
#748=VERTEX_POINT('',#6934);
#749=VERTEX_POINT('',#6935);
#750=VERTEX_POINT('',#6936);
#751=VERTEX_POINT('',#6937);
#752=VERTEX_POINT('',#6938);
#753=VERTEX_POINT('',#6939);
#754=VERTEX_POINT('',#6940);
#755=VERTEX_POINT('',#6941);
#756=VERTEX_POINT('',#6942);
#757=VERTEX_POINT('',#6943);
#758=VERTEX_POINT('',#6944);
#759=VERTEX_POINT('',#6945);
#760=VERTEX_POINT('',#6946);
#761=VERTEX_POINT('',#6947);
#762=VERTEX_POINT('',#6948);
#763=VERTEX_POINT('',#6949);
#764=VERTEX_POINT('',#6950);
#765=VERTEX_POINT('',#6951);
#766=VERTEX_POINT('',#6952);
#767=VERTEX_POINT('',#6953);
#768=VERTEX_POINT('',#6954);
#769=VERTEX_POINT('',#6955);
#770=VERTEX_POINT('',#6956);
#771=VERTEX_POINT('',#6957);
#772=VERTEX_POINT('',#6958);
#773=VERTEX_POINT('',#6959);
#774=VERTEX_POINT('',#6960);
#775=VERTEX_POINT('',#6961);
#776=VERTEX_POINT('',#6962);
#777=VERTEX_POINT('',#6963);
#778=VERTEX_POINT('',#6964);
#779=VERTEX_POINT('',#6965);
#780=VERTEX_POINT('',#6966);
#781=VERTEX_POINT('',#6967);
#782=VERTEX_POINT('',#6968);
#783=VERTEX_POINT('',#6969);
#784=VERTEX_POINT('',#6970);
#785=CYLINDRICAL_SURFACE('',#924,8.00000000000006);
#786=CYLINDRICAL_SURFACE('',#925,8.);
#787=CYLINDRICAL_SURFACE('',#926,8.);
#788=CYLINDRICAL_SURFACE('',#927,7.99999999999986);
#789=CYLINDRICAL_SURFACE('',#928,7.99999999999994);
#790=CYLINDRICAL_SURFACE('',#929,8.00000000000005);
#791=CYLINDRICAL_SURFACE('',#930,8.00000000000006);
#792=CYLINDRICAL_SURFACE('',#931,8.00000000000007);
#793=CYLINDRICAL_SURFACE('',#933,7.50000000000011);
#794=CYLINDRICAL_SURFACE('',#935,7.50000000000004);
#795=CYLINDRICAL_SURFACE('',#937,7.49999999999997);
#796=CYLINDRICAL_SURFACE('',#939,7.49999999999993);
#797=CYLINDRICAL_SURFACE('',#941,8.00000000000014);
#798=CYLINDRICAL_SURFACE('',#942,7.99999999999996);
#799=CYLINDRICAL_SURFACE('',#943,8.);
#800=CYLINDRICAL_SURFACE('',#944,8.00000000000006);
#801=CYLINDRICAL_SURFACE('',#945,7.99999999999997);
#802=CYLINDRICAL_SURFACE('',#946,8.);
#803=CYLINDRICAL_SURFACE('',#947,8.00000000000003);
#804=CYLINDRICAL_SURFACE('',#948,7.99999999999996);
#805=CYLINDRICAL_SURFACE('',#954,8.00000000000011);
#806=CYLINDRICAL_SURFACE('',#955,7.9999999999999);
#807=CYLINDRICAL_SURFACE('',#956,8.00000000000006);
#808=CYLINDRICAL_SURFACE('',#957,7.99999999999998);
#809=B_SPLINE_SURFACE_WITH_KNOTS('',3,1,((#1010,#1011),(#1012,#1013),(#1014,
#1015),(#1016,#1017),(#1018,#1019),(#1020,#1021),(#1022,#1023),(#1024,#1025),
(#1026,#1027),(#1028,#1029),(#1030,#1031),(#1032,#1033),(#1034,#1035),(#1036,
#1037),(#1038,#1039),(#1040,#1041),(#1042,#1043),(#1044,#1045),(#1046,#1047),
(#1048,#1049),(#1050,#1051),(#1052,#1053),(#1054,#1055),(#1056,#1057),(#1058,
#1059),(#1060,#1061),(#1062,#1063),(#1064,#1065),(#1066,#1067),(#1068,#1069),
(#1070,#1071),(#1072,#1073),(#1074,#1075),(#1076,#1077),(#1078,#1079),(#1080,
#1081),(#1082,#1083),(#1084,#1085),(#1086,#1087),(#1088,#1089),(#1090,#1091),
(#1092,#1093),(#1094,#1095),(#1096,#1097),(#1098,#1099),(#1100,#1101),(#1102,
#1103),(#1104,#1105),(#1106,#1107),(#1108,#1109),(#1110,#1111),(#1112,#1113),
(#1114,#1115),(#1116,#1117),(#1118,#1119),(#1120,#1121),(#1122,#1123),(#1124,
#1125),(#1126,#1127),(#1128,#1129),(#1130,#1131),(#1132,#1133),(#1134,#1135),
(#1136,#1137),(#1138,#1139),(#1140,#1141),(#1142,#1143),(#1144,#1145),(#1146,
#1147),(#1148,#1149),(#1150,#1151),(#1152,#1153),(#1154,#1155),(#1156,#1157),
(#1158,#1159),(#1160,#1161),(#1162,#1163),(#1164,#1165),(#1166,#1167),(#1168,
#1169),(#1170,#1171),(#1172,#1173),(#1174,#1175),(#1176,#1177),(#1178,#1179),
(#1180,#1181),(#1182,#1183),(#1184,#1185),(#1186,#1187),(#1188,#1189),(#1190,
#1191),(#1192,#1193),(#1194,#1195),(#1196,#1197),(#1198,#1199),(#1200,#1201),
(#1202,#1203),(#1204,#1205),(#1206,#1207),(#1208,#1209),(#1210,#1211),(#1212,
#1213),(#1214,#1215),(#1216,#1217),(#1218,#1219),(#1220,#1221),(#1222,#1223),
(#1224,#1225),(#1226,#1227),(#1228,#1229),(#1230,#1231),(#1232,#1233),(#1234,
#1235),(#1236,#1237),(#1238,#1239),(#1240,#1241),(#1242,#1243),(#1244,#1245),
(#1246,#1247),(#1248,#1249),(#1250,#1251),(#1252,#1253),(#1254,#1255),(#1256,
#1257),(#1258,#1259),(#1260,#1261),(#1262,#1263),(#1264,#1265),(#1266,#1267),
(#1268,#1269),(#1270,#1271),(#1272,#1273),(#1274,#1275),(#1276,#1277),(#1278,
#1279),(#1280,#1281),(#1282,#1283),(#1284,#1285),(#1286,#1287),(#1288,#1289),
(#1290,#1291),(#1292,#1293),(#1294,#1295),(#1296,#1297),(#1298,#1299),(#1300,
#1301),(#1302,#1303),(#1304,#1305),(#1306,#1307),(#1308,#1309),(#1310,#1311),
(#1312,#1313),(#1314,#1315),(#1316,#1317),(#1318,#1319),(#1320,#1321),(#1322,
#1323),(#1324,#1325),(#1326,#1327),(#1328,#1329),(#1330,#1331),(#1332,#1333),
(#1334,#1335),(#1336,#1337),(#1338,#1339),(#1340,#1341),(#1342,#1343),(#1344,
#1345),(#1346,#1347),(#1348,#1349),(#1350,#1351),(#1352,#1353),(#1354,#1355),
(#1356,#1357),(#1358,#1359),(#1360,#1361),(#1362,#1363),(#1364,#1365),(#1366,
#1367),(#1368,#1369),(#1370,#1371),(#1372,#1373),(#1374,#1375),(#1376,#1377),
(#1378,#1379),(#1380,#1381),(#1382,#1383),(#1384,#1385),(#1386,#1387),(#1388,
#1389),(#1390,#1391),(#1392,#1393),(#1394,#1395),(#1396,#1397),(#1398,#1399),
(#1400,#1401),(#1402,#1403),(#1404,#1405),(#1406,#1407),(#1408,#1409),(#1410,
#1411),(#1412,#1413),(#1414,#1415),(#1416,#1417),(#1418,#1419),(#1420,#1421),
(#1422,#1423),(#1424,#1425),(#1426,#1427),(#1428,#1429),(#1430,#1431),(#1432,
#1433),(#1434,#1435),(#1436,#1437),(#1438,#1439),(#1440,#1441),(#1442,#1443),
(#1444,#1445),(#1446,#1447),(#1448,#1449),(#1450,#1451),(#1452,#1453),(#1454,
#1455),(#1456,#1457),(#1458,#1459),(#1460,#1461),(#1462,#1463),(#1464,#1465),
(#1466,#1467),(#1468,#1469),(#1470,#1471),(#1472,#1473),(#1474,#1475),(#1476,
#1477),(#1478,#1479),(#1480,#1481),(#1482,#1483),(#1484,#1485),(#1486,#1487),
(#1488,#1489),(#1490,#1491),(#1492,#1493),(#1494,#1495),(#1496,#1497),(#1498,
#1499),(#1500,#1501),(#1502,#1503),(#1504,#1505),(#1506,#1507),(#1508,#1509),
(#1510,#1511),(#1512,#1513),(#1514,#1515),(#1516,#1517),(#1518,#1519),(#1520,
#1521),(#1522,#1523),(#1524,#1525),(#1526,#1527),(#1528,#1529),(#1530,#1531),
(#1532,#1533),(#1534,#1535),(#1536,#1537),(#1538,#1539),(#1540,#1541),(#1542,
#1543),(#1544,#1545),(#1546,#1547),(#1548,#1549),(#1550,#1551),(#1552,#1553),
(#1554,#1555),(#1556,#1557),(#1558,#1559),(#1560,#1561),(#1562,#1563),(#1564,
#1565),(#1566,#1567),(#1568,#1569),(#1570,#1571),(#1572,#1573),(#1574,#1575),
(#1576,#1577),(#1578,#1579),(#1580,#1581),(#1582,#1583),(#1584,#1585),(#1586,
#1587),(#1588,#1589),(#1590,#1591),(#1592,#1593),(#1594,#1595),(#1596,#1597),
(#1598,#1599),(#1600,#1601),(#1602,#1603),(#1604,#1605),(#1606,#1607),(#1608,
#1609),(#1610,#1611),(#1612,#1613),(#1614,#1615),(#1616,#1617),(#1618,#1619),
(#1620,#1621),(#1622,#1623),(#1624,#1625),(#1626,#1627),(#1628,#1629),(#1630,
#1631),(#1632,#1633),(#1634,#1635),(#1636,#1637),(#1638,#1639),(#1640,#1641),
(#1642,#1643),(#1644,#1645),(#1646,#1647),(#1648,#1649),(#1650,#1651),(#1652,
#1653),(#1654,#1655),(#1656,#1657),(#1658,#1659),(#1660,#1661),(#1662,#1663),
(#1664,#1665),(#1666,#1667),(#1668,#1669),(#1670,#1671),(#1672,#1673),(#1674,
#1675),(#1676,#1677),(#1678,#1679),(#1680,#1681),(#1682,#1683),(#1684,#1685),
(#1686,#1687),(#1688,#1689),(#1690,#1691),(#1692,#1693),(#1694,#1695),(#1696,
#1697),(#1698,#1699),(#1700,#1701),(#1702,#1703),(#1704,#1705),(#1706,#1707),
(#1708,#1709),(#1710,#1711),(#1712,#1713),(#1714,#1715),(#1716,#1717),(#1718,
#1719),(#1720,#1721),(#1722,#1723),(#1724,#1725),(#1726,#1727),(#1728,#1729),
(#1730,#1731),(#1732,#1733),(#1734,#1735),(#1736,#1737),(#1738,#1739),(#1740,
#1741),(#1742,#1743),(#1744,#1745),(#1746,#1747),(#1748,#1749),(#1750,#1751),
(#1752,#1753),(#1754,#1755),(#1756,#1757),(#1758,#1759),(#1760,#1761),(#1762,
#1763),(#1764,#1765),(#1766,#1767),(#1768,#1769)),.UNSPECIFIED.,.T.,.F.,
 .F.,(1,1,1,1,1,2,2,2,2,2,2,2,2,2,2,2,2,2,2,2,2,2,2,2,2,2,2,2,2,2,2,2,2,
2,2,2,2,2,2,2,2,2,2,2,2,2,2,2,2,2,2,2,2,2,2,2,2,2,2,2,2,2,2,2,2,2,2,2,2,
2,2,2,2,2,2,2,2,2,2,2,2,2,2,2,2,2,2,2,2,2,2,2,2,2,2,2,2,2,2,2,2,2,2,2,2,
2,2,2,2,2,2,2,2,2,2,2,2,2,2,2,2,2,2,2,2,2,2,2,2,2,2,2,2,2,2,2,2,2,2,2,2,
2,2,2,2,2,2,2,2,2,2,2,2,2,2,2,2,2,2,2,2,2,2,2,2,2,2,2,2,2,2,2,2,2,2,2,2,
2,2,2,2,2,2,2,2,2,2,2,2,2,2,2,1,1,1,1,1),(2,2),(-0.677510824411542,-0.677510824411542,
-0.338755412205785,0.,0.338755412205771,0.677510824411544,1.35502164882309,
2.03253247323463,2.71004329764618,4.06506494646927,5.42008659529236,6.77510824411544,
8.13012989293853,9.48515154176162,10.8401731905847,12.1951948394078,13.5502164882309,
13.8889719004367,14.2277273126424,14.905238137054,15.5827489614655,16.2602597858771,
16.5990151980828,16.9377706102886,17.6152814347002,18.2927922591117,18.9703030835232,
19.6478139079348,19.9865693201406,20.3253247323463,21.6803463811694,23.0353680299925,
24.3903896788156,25.7454113276387,27.1004329764618,28.4554546252849,29.810476274108,
31.165497922931,32.5205195717541,33.1980303961657,33.8755412205772,34.5530520449888,
35.2305628694003,35.9080736938119,36.5855845182234,37.2630953426349,37.9406061670465,
39.2956278158696,40.6506494646927,42.0056711135158,42.6831819379273,43.0219373501331,
43.3606927623388,44.0382035867504,44.7157144111619,45.3932252355735,46.070736059985,
47.4257577088081,48.7807793576312,50.1358010064543,51.4908226552774,52.8458443041005,
54.2008659529236,55.5558876017466,56.9109092505697,58.2659308993928,59.6209525482159,
60.975974197039,62.3309958458621,63.6860174946852,65.0410391435083,66.3960607923314,
67.7510824411544,69.1061040899775,70.4611257388006,71.8161473876237,72.4936582120353,
73.1711690364468,73.8486798608583,74.5261906852699,75.2037015096814,75.881212334093,
76.5587231585045,77.2362339829161,77.5749893951218,77.9137448073276,78.2525002195334,
78.5912556317392,79.2687664561507,79.9462772805622,80.6237881049738,81.3012989293853,
81.9788097537969,82.6563205782084,84.0113422270315,84.688853051443,85.3663638758546,
86.0438747002661,86.3826301124719,86.7213855246777,87.3988963490892,88.0764071735008,
88.7539179979123,89.4314288223239,90.7864504711469,92.14147211997,93.4964937687931,
94.8515154176162,96.2065370664393,97.5615587152624,98.9165803640855,100.271602012909,
100.610357425114,100.94911283732,101.626623661732,102.304134486143,102.981645310555,
103.320400722761,103.659156134966,104.336666959378,105.014177783789,105.691688608201,
106.369199432612,106.707954844818,107.046710257024,108.401731905847,109.75675355467,
111.111775203493,112.466796852316,113.821818501139,115.176840149963,116.531861798786,
117.886883447609,119.241905096432,119.919415920843,120.596926745255,121.274437569666,
121.951948394078,122.62945921849,123.306970042901,123.984480867313,124.661991691724,
126.017013340547,127.37203498937,128.049545813782,128.727056638193,129.404567462605,
129.743322874811,130.082078287017,130.759589111428,131.43709993584,132.792121584663,
134.147143233486,135.502164882309,136.857186531132,138.212208179955,139.567229828778,
140.922251477601,142.277273126424,143.632294775247,144.987316424071,146.342338072894,
147.697359721717,149.05238137054,150.407403019363,151.762424668186,153.117446317009,
154.472467965832,155.827489614655,157.182511263478,158.537532912301,159.215043736713,
159.892554561124,160.570065385536,161.247576209948,162.602597858771,163.280108683182,
163.957619507594,164.2963749198,164.635130332005,164.973885744211,165.312641156417,
165.990151980828,166.66766280524,167.345173629651,168.022684454063,168.700195278475,
169.377706102886,170.732727751709,171.410238576121,172.087749400532,172.765260224944,
173.10401563715,173.442771049355,173.781526461561,174.120281873767,174.120281873767),
(-4.99999999997322,0.),.UNSPECIFIED.);
#810=B_SPLINE_SURFACE_WITH_KNOTS('',3,1,((#1770,#1771),(#1772,#1773),(#1774,
#1775),(#1776,#1777),(#1778,#1779),(#1780,#1781),(#1782,#1783),(#1784,#1785),
(#1786,#1787),(#1788,#1789),(#1790,#1791),(#1792,#1793),(#1794,#1795),(#1796,
#1797),(#1798,#1799),(#1800,#1801),(#1802,#1803),(#1804,#1805),(#1806,#1807),
(#1808,#1809),(#1810,#1811),(#1812,#1813),(#1814,#1815),(#1816,#1817),(#1818,
#1819),(#1820,#1821),(#1822,#1823),(#1824,#1825),(#1826,#1827),(#1828,#1829),
(#1830,#1831),(#1832,#1833),(#1834,#1835),(#1836,#1837),(#1838,#1839),(#1840,
#1841),(#1842,#1843),(#1844,#1845),(#1846,#1847),(#1848,#1849),(#1850,#1851),
(#1852,#1853),(#1854,#1855),(#1856,#1857),(#1858,#1859),(#1860,#1861),(#1862,
#1863),(#1864,#1865),(#1866,#1867),(#1868,#1869),(#1870,#1871),(#1872,#1873),
(#1874,#1875),(#1876,#1877),(#1878,#1879),(#1880,#1881),(#1882,#1883),(#1884,
#1885),(#1886,#1887),(#1888,#1889),(#1890,#1891),(#1892,#1893),(#1894,#1895),
(#1896,#1897),(#1898,#1899),(#1900,#1901),(#1902,#1903),(#1904,#1905),(#1906,
#1907),(#1908,#1909),(#1910,#1911),(#1912,#1913),(#1914,#1915),(#1916,#1917),
(#1918,#1919),(#1920,#1921),(#1922,#1923),(#1924,#1925),(#1926,#1927),(#1928,
#1929),(#1930,#1931),(#1932,#1933),(#1934,#1935),(#1936,#1937),(#1938,#1939),
(#1940,#1941),(#1942,#1943),(#1944,#1945),(#1946,#1947),(#1948,#1949),(#1950,
#1951),(#1952,#1953),(#1954,#1955),(#1956,#1957),(#1958,#1959),(#1960,#1961),
(#1962,#1963),(#1964,#1965),(#1966,#1967),(#1968,#1969),(#1970,#1971),(#1972,
#1973),(#1974,#1975),(#1976,#1977),(#1978,#1979),(#1980,#1981),(#1982,#1983),
(#1984,#1985),(#1986,#1987),(#1988,#1989),(#1990,#1991),(#1992,#1993),(#1994,
#1995),(#1996,#1997),(#1998,#1999),(#2000,#2001),(#2002,#2003),(#2004,#2005),
(#2006,#2007),(#2008,#2009),(#2010,#2011),(#2012,#2013),(#2014,#2015),(#2016,
#2017),(#2018,#2019),(#2020,#2021),(#2022,#2023),(#2024,#2025),(#2026,#2027),
(#2028,#2029),(#2030,#2031),(#2032,#2033),(#2034,#2035),(#2036,#2037),(#2038,
#2039),(#2040,#2041),(#2042,#2043),(#2044,#2045),(#2046,#2047),(#2048,#2049),
(#2050,#2051),(#2052,#2053),(#2054,#2055),(#2056,#2057),(#2058,#2059),(#2060,
#2061),(#2062,#2063),(#2064,#2065),(#2066,#2067),(#2068,#2069),(#2070,#2071),
(#2072,#2073),(#2074,#2075),(#2076,#2077),(#2078,#2079),(#2080,#2081),(#2082,
#2083),(#2084,#2085),(#2086,#2087),(#2088,#2089),(#2090,#2091),(#2092,#2093),
(#2094,#2095),(#2096,#2097),(#2098,#2099),(#2100,#2101),(#2102,#2103),(#2104,
#2105),(#2106,#2107),(#2108,#2109),(#2110,#2111),(#2112,#2113),(#2114,#2115),
(#2116,#2117),(#2118,#2119),(#2120,#2121),(#2122,#2123),(#2124,#2125),(#2126,
#2127),(#2128,#2129),(#2130,#2131),(#2132,#2133),(#2134,#2135),(#2136,#2137),
(#2138,#2139),(#2140,#2141),(#2142,#2143),(#2144,#2145),(#2146,#2147),(#2148,
#2149),(#2150,#2151),(#2152,#2153),(#2154,#2155),(#2156,#2157),(#2158,#2159),
(#2160,#2161),(#2162,#2163),(#2164,#2165),(#2166,#2167),(#2168,#2169),(#2170,
#2171),(#2172,#2173),(#2174,#2175),(#2176,#2177),(#2178,#2179),(#2180,#2181),
(#2182,#2183),(#2184,#2185),(#2186,#2187),(#2188,#2189),(#2190,#2191),(#2192,
#2193),(#2194,#2195),(#2196,#2197),(#2198,#2199),(#2200,#2201),(#2202,#2203),
(#2204,#2205),(#2206,#2207),(#2208,#2209),(#2210,#2211),(#2212,#2213),(#2214,
#2215),(#2216,#2217),(#2218,#2219),(#2220,#2221),(#2222,#2223),(#2224,#2225),
(#2226,#2227),(#2228,#2229),(#2230,#2231),(#2232,#2233),(#2234,#2235),(#2236,
#2237),(#2238,#2239),(#2240,#2241),(#2242,#2243),(#2244,#2245),(#2246,#2247),
(#2248,#2249),(#2250,#2251),(#2252,#2253),(#2254,#2255),(#2256,#2257),(#2258,
#2259),(#2260,#2261),(#2262,#2263),(#2264,#2265),(#2266,#2267),(#2268,#2269),
(#2270,#2271),(#2272,#2273),(#2274,#2275),(#2276,#2277),(#2278,#2279),(#2280,
#2281),(#2282,#2283),(#2284,#2285),(#2286,#2287),(#2288,#2289),(#2290,#2291),
(#2292,#2293),(#2294,#2295),(#2296,#2297),(#2298,#2299),(#2300,#2301),(#2302,
#2303),(#2304,#2305),(#2306,#2307),(#2308,#2309),(#2310,#2311),(#2312,#2313),
(#2314,#2315),(#2316,#2317),(#2318,#2319),(#2320,#2321),(#2322,#2323),(#2324,
#2325),(#2326,#2327),(#2328,#2329),(#2330,#2331),(#2332,#2333),(#2334,#2335),
(#2336,#2337),(#2338,#2339),(#2340,#2341),(#2342,#2343),(#2344,#2345),(#2346,
#2347),(#2348,#2349),(#2350,#2351),(#2352,#2353),(#2354,#2355),(#2356,#2357),
(#2358,#2359),(#2360,#2361),(#2362,#2363),(#2364,#2365),(#2366,#2367),(#2368,
#2369),(#2370,#2371),(#2372,#2373),(#2374,#2375),(#2376,#2377),(#2378,#2379),
(#2380,#2381),(#2382,#2383),(#2384,#2385),(#2386,#2387),(#2388,#2389),(#2390,
#2391),(#2392,#2393),(#2394,#2395),(#2396,#2397),(#2398,#2399),(#2400,#2401),
(#2402,#2403),(#2404,#2405),(#2406,#2407),(#2408,#2409),(#2410,#2411),(#2412,
#2413),(#2414,#2415),(#2416,#2417),(#2418,#2419),(#2420,#2421),(#2422,#2423),
(#2424,#2425),(#2426,#2427),(#2428,#2429),(#2430,#2431),(#2432,#2433),(#2434,
#2435),(#2436,#2437),(#2438,#2439),(#2440,#2441),(#2442,#2443),(#2444,#2445),
(#2446,#2447),(#2448,#2449),(#2450,#2451),(#2452,#2453),(#2454,#2455),(#2456,
#2457),(#2458,#2459),(#2460,#2461),(#2462,#2463),(#2464,#2465),(#2466,#2467),
(#2468,#2469),(#2470,#2471),(#2472,#2473),(#2474,#2475),(#2476,#2477),(#2478,
#2479),(#2480,#2481),(#2482,#2483),(#2484,#2485),(#2486,#2487),(#2488,#2489),
(#2490,#2491),(#2492,#2493),(#2494,#2495),(#2496,#2497),(#2498,#2499),(#2500,
#2501),(#2502,#2503),(#2504,#2505),(#2506,#2507),(#2508,#2509),(#2510,#2511),
(#2512,#2513)),.UNSPECIFIED.,.T.,.F.,.F.,(4,1,1,1,1,1,1,1,1,1,1,1,1,1,1,
1,1,1,1,1,1,1,1,1,1,1,1,1,1,1,1,1,1,1,1,1,1,1,1,1,1,1,1,1,1,1,1,1,1,1,1,
1,1,1,1,1,1,1,1,1,1,1,1,1,1,1,1,1,1,1,1,1,1,1,1,1,1,1,1,1,1,1,1,1,1,1,1,
1,1,1,1,1,1,1,1,1,1,1,1,1,1,1,1,1,1,1,1,1,1,1,1,1,1,1,1,1,1,1,1,1,1,1,1,
1,1,1,1,1,1,1,1,1,1,1,1,1,1,1,1,1,1,1,1,1,1,1,1,1,1,1,1,1,1,1,1,1,1,1,1,
1,1,1,1,1,1,1,1,1,1,1,1,1,1,1,1,1,1,1,1,1,1,1,1,1,1,1,1,1,1,1,1,1,1,1,1,
1,1,1,1,1,1,1,1,1,1,1,1,1,1,1,1,1,1,1,1,1,1,1,1,1,1,1,1,1,1,1,1,1,1,1,1,
1,1,1,1,1,1,1,1,1,1,1,1,1,1,1,1,1,1,1,1,1,1,1,1,1,1,1,1,1,1,1,1,1,1,1,1,
1,1,1,1,1,1,1,1,1,1,1,1,1,1,1,1,1,1,1,1,1,1,1,1,1,1,1,1,1,1,1,1,1,1,1,1,
1,1,1,1,1,1,1,1,1,1,1,1,1,1,1,1,1,1,1,1,1,1,1,1,1,1,1,1,1,1,1,1,1,1,1,1,
1,1,1,1,1,1,1,1,1,1,1,1,1,1,1,1,1,1,1,1,1,1,1,1,1,1,1,1,1,1,4),(2,2),(125.73443702656,
126.077431249081,126.420425471603,126.763419694125,127.106413916646,127.122639536799,
127.138865156952,127.155090777104,127.171316397257,127.536192592219,127.901068787182,
128.265944982144,128.630821177106,129.067732125216,129.504643073326,129.941554021436,
130.378464969546,130.855979904322,131.333494839098,131.811009773874,132.288524708651,
132.324956089671,132.361387470692,132.397818851713,132.434250232734,133.5767768453,
134.719303457867,135.861830070433,137.004356683,137.044291305357,137.084225927715,
137.124160550073,137.16409517243,138.363567146942,139.563039121455,140.762511095967,
141.362247083223,141.662115076851,141.961983070479,142.261851064107,142.561719057735,
143.161455044991,144.360927019503,145.560398994016,146.759870968528,146.799805590885,
146.839740213242,146.879674835599,146.919609457957,148.062136070524,149.204662683091,
150.347189295657,151.489715908224,151.526147289244,151.562578670264,151.599010051283,
151.635441432303,152.11295636708,152.590471301858,153.067986236635,153.545501171412,
153.982412119522,154.419323067632,154.856234015742,155.293144963852,155.658021158814,
156.022897353777,156.387773548739,156.752649743701,156.768875363854,156.785100984007,
156.80132660416,156.817552224312,157.160546446834,157.503540669356,157.675037780616,
157.846534891877,158.189529114399,158.258377902612,158.327226690826,158.464924267253,
158.60262184368,158.671470631894,158.740319420107,159.144907128013,159.347200981965,
159.549494835918,159.751788689871,159.954082543823,160.156376397776,160.358670251729,
160.596328349083,160.833986446436,161.309302641143,161.784618835851,162.022276933204,
162.259935030558,163.083764439041,163.907593847524,164.319508551766,164.731423256008,
165.143337960249,165.555252664491,166.008601496909,166.461950329328,167.368647994165,
168.275345659003,169.18204332384,169.639935865477,170.097828407114,170.555720948751,
171.013613490388,171.761610002958,172.509606515528,173.257603028099,174.005599540669,
174.533511182927,175.061422825185,175.589334467444,176.117246109702,176.845264921543,
177.573283733384,178.301302545224,179.029321357065,179.077182572828,179.125043788591,
179.172905004354,179.220766220117,179.792916002357,180.365065784598,180.937215566838,
181.509365349079,182.081515131319,182.65366491356,183.2258146958,183.797964478041,
183.845825693804,183.893686909567,183.94154812533,183.989409341092,184.717428152933,
185.445446964774,186.173465776615,186.901484588456,187.429396230714,187.957307872973,
188.485219515231,189.013131157489,189.761127670059,190.509124182629,191.257120695199,
192.00511720777,192.463009749407,192.920902291044,193.378794832682,193.836687374319,
194.743385039156,195.650082703993,196.55678036883,197.010129201249,197.463478033667,
197.875392737909,198.28730744215,198.699222146392,199.111136850633,199.934966259117,
200.7587956676,200.996453764953,201.234111862307,201.709428057014,202.184744251721,
202.422402349075,202.660060446428,202.862354300381,203.064648154334,203.266942008287,
203.46923586224,203.671529716192,203.873823570145,204.278411278051,204.347260066264,
204.416108854478,204.553806430905,204.691504007332,204.760352795545,204.829201583759,
205.17219580628,205.343692917541,205.515190028802,205.858184251324,206.201178473845,
206.217404093998,206.233629714151,206.249855334304,206.266080954457,206.630957149419,
206.995833344381,207.360709539343,207.725585734306,208.162496682416,208.599407630525,
209.036318578635,209.473229526745,209.950744461524,210.428259396303,210.905774331082,
211.38328926586,211.419720646879,211.456152027897,211.492583408915,211.529014789933,
212.6715414025,213.814068015067,214.956594627634,216.099121240201,216.139055862558,
216.178990484915,216.218925107272,216.25885972963,217.458331704142,218.657803678654,
219.857275653166,220.457011640423,220.756879634051,221.056747627679,221.356615621307,
221.656483614935,222.256219602191,223.455691576703,224.655163551215,225.854635525727,
225.894570148084,225.934504770441,225.974439392798,226.014374015154,227.156900627722,
228.299427240289,229.441953852857,230.584480465424,230.620911846442,230.657343227461,
230.693774608479,230.730205989497,231.207720924276,231.685235859055,232.162750793833,
232.640265728612,233.077176676722,233.514087624832,233.950998572942,234.387909521052,
234.752785716014,235.117661910976,235.482538105939,235.847414300901,235.863639921054,
235.879865541206,235.896091161359,235.912316781512,236.255311004034,236.598305226555,
236.769802337816,236.941299449077,237.284293671599,237.353142459812,237.421991248026,
237.559688824452,237.697386400879,237.766235189093,237.835083977306,238.239671685212,
238.441965539165,238.644259393118,238.846553247071,239.048847101024,239.251140954976,
239.453434808929,239.691092906283,239.928751003636,240.404067198344,240.879383393051,
241.117041490404,241.354699587758,242.178528996241,243.002358404724,243.414273108965,
243.826187813207,244.238102517449,244.65001722169,245.103366054108,245.556714886526,
246.463412551362,247.370110216198,248.276807881034,248.734700422673,249.192592964311,
249.650485505949,250.108378047587,250.856374560158,251.604371072728,252.352367585298,
253.100364097869,253.628275740127,254.156187382385,254.684099024643,255.212010666901,
255.940029478742,256.668048290583,257.396067102424,258.124085914265,258.171947130028,
258.219808345791,258.267669561554,258.315530777317,258.887680559557,259.459830341798,
260.031980124038,260.604129906278,261.176279688519,261.74842947076,262.320579253001,
262.892729035242,262.940590251005,262.988451466767,263.036312682529,263.084173898292,
263.812192710133,264.540211521974,265.268230333814,265.996249145655,266.524160787914,
267.052072430172,267.57998407243,268.107895714688,268.855892227258,269.603888739829,
270.351885252399,271.09988176497,271.557774306608,272.015666848246,272.473559389884,
272.931451931522,273.838149596358,274.744847261194,275.65154492603,276.104893758448,
276.558242590866,276.970157295108,277.382071999349,277.793986703591,278.205901407833,
279.029730816316,279.853560224799,280.091218322153,280.328876419507,280.804192614214,
281.279508808921,281.517166906274,281.754825003628,281.957118857581,282.159412711533,
282.361706565486,282.564000419439,282.766294273392,282.968588127345,283.37317583525,
283.510873411677,283.648570988104,283.786268564531,283.923966140958),(0.,
21.9999999999999),.UNSPECIFIED.);
#811=B_SPLINE_SURFACE_WITH_KNOTS('',3,3,((#2514,#2515,#2516,#2517,#2518,
#2519,#2520,#2521,#2522,#2523,#2524,#2525,#2526,#2527,#2528),(#2529,#2530,
#2531,#2532,#2533,#2534,#2535,#2536,#2537,#2538,#2539,#2540,#2541,#2542,
#2543),(#2544,#2545,#2546,#2547,#2548,#2549,#2550,#2551,#2552,#2553,#2554,
#2555,#2556,#2557,#2558),(#2559,#2560,#2561,#2562,#2563,#2564,#2565,#2566,
#2567,#2568,#2569,#2570,#2571,#2572,#2573),(#2574,#2575,#2576,#2577,#2578,
#2579,#2580,#2581,#2582,#2583,#2584,#2585,#2586,#2587,#2588),(#2589,#2590,
#2591,#2592,#2593,#2594,#2595,#2596,#2597,#2598,#2599,#2600,#2601,#2602,
#2603),(#2604,#2605,#2606,#2607,#2608,#2609,#2610,#2611,#2612,#2613,#2614,
#2615,#2616,#2617,#2618),(#2619,#2620,#2621,#2622,#2623,#2624,#2625,#2626,
#2627,#2628,#2629,#2630,#2631,#2632,#2633),(#2634,#2635,#2636,#2637,#2638,
#2639,#2640,#2641,#2642,#2643,#2644,#2645,#2646,#2647,#2648),(#2649,#2650,
#2651,#2652,#2653,#2654,#2655,#2656,#2657,#2658,#2659,#2660,#2661,#2662,
#2663),(#2664,#2665,#2666,#2667,#2668,#2669,#2670,#2671,#2672,#2673,#2674,
#2675,#2676,#2677,#2678),(#2679,#2680,#2681,#2682,#2683,#2684,#2685,#2686,
#2687,#2688,#2689,#2690,#2691,#2692,#2693),(#2694,#2695,#2696,#2697,#2698,
#2699,#2700,#2701,#2702,#2703,#2704,#2705,#2706,#2707,#2708),(#2709,#2710,
#2711,#2712,#2713,#2714,#2715,#2716,#2717,#2718,#2719,#2720,#2721,#2722,
#2723),(#2724,#2725,#2726,#2727,#2728,#2729,#2730,#2731,#2732,#2733,#2734,
#2735,#2736,#2737,#2738)),.UNSPECIFIED.,.F.,.F.,.F.,(4,1,1,1,1,1,1,1,1,
1,1,1,4),(4,1,1,1,1,1,1,1,1,1,1,1,4),(0.,0.125,0.25,0.375,0.5,0.75,1.,1.25,
1.5,1.625,1.75,1.875,2.),(0.,0.125,0.25,0.375,0.5,0.75,1.,1.25,1.5,1.625,
1.75,1.875,2.),.UNSPECIFIED.);
#812=B_SPLINE_SURFACE_WITH_KNOTS('',3,3,((#2739,#2740,#2741,#2742,#2743,
#2744,#2745,#2746,#2747,#2748,#2749,#2750,#2751,#2752,#2753,#2754,#2755,
#2756,#2757,#2758,#2759),(#2760,#2761,#2762,#2763,#2764,#2765,#2766,#2767,
#2768,#2769,#2770,#2771,#2772,#2773,#2774,#2775,#2776,#2777,#2778,#2779,
#2780),(#2781,#2782,#2783,#2784,#2785,#2786,#2787,#2788,#2789,#2790,#2791,
#2792,#2793,#2794,#2795,#2796,#2797,#2798,#2799,#2800,#2801),(#2802,#2803,
#2804,#2805,#2806,#2807,#2808,#2809,#2810,#2811,#2812,#2813,#2814,#2815,
#2816,#2817,#2818,#2819,#2820,#2821,#2822),(#2823,#2824,#2825,#2826,#2827,
#2828,#2829,#2830,#2831,#2832,#2833,#2834,#2835,#2836,#2837,#2838,#2839,
#2840,#2841,#2842,#2843),(#2844,#2845,#2846,#2847,#2848,#2849,#2850,#2851,
#2852,#2853,#2854,#2855,#2856,#2857,#2858,#2859,#2860,#2861,#2862,#2863,
#2864),(#2865,#2866,#2867,#2868,#2869,#2870,#2871,#2872,#2873,#2874,#2875,
#2876,#2877,#2878,#2879,#2880,#2881,#2882,#2883,#2884,#2885),(#2886,#2887,
#2888,#2889,#2890,#2891,#2892,#2893,#2894,#2895,#2896,#2897,#2898,#2899,
#2900,#2901,#2902,#2903,#2904,#2905,#2906),(#2907,#2908,#2909,#2910,#2911,
#2912,#2913,#2914,#2915,#2916,#2917,#2918,#2919,#2920,#2921,#2922,#2923,
#2924,#2925,#2926,#2927),(#2928,#2929,#2930,#2931,#2932,#2933,#2934,#2935,
#2936,#2937,#2938,#2939,#2940,#2941,#2942,#2943,#2944,#2945,#2946,#2947,
#2948),(#2949,#2950,#2951,#2952,#2953,#2954,#2955,#2956,#2957,#2958,#2959,
#2960,#2961,#2962,#2963,#2964,#2965,#2966,#2967,#2968,#2969),(#2970,#2971,
#2972,#2973,#2974,#2975,#2976,#2977,#2978,#2979,#2980,#2981,#2982,#2983,
#2984,#2985,#2986,#2987,#2988,#2989,#2990),(#2991,#2992,#2993,#2994,#2995,
#2996,#2997,#2998,#2999,#3000,#3001,#3002,#3003,#3004,#3005,#3006,#3007,
#3008,#3009,#3010,#3011),(#3012,#3013,#3014,#3015,#3016,#3017,#3018,#3019,
#3020,#3021,#3022,#3023,#3024,#3025,#3026,#3027,#3028,#3029,#3030,#3031,
#3032),(#3033,#3034,#3035,#3036,#3037,#3038,#3039,#3040,#3041,#3042,#3043,
#3044,#3045,#3046,#3047,#3048,#3049,#3050,#3051,#3052,#3053)),
 .UNSPECIFIED.,.F.,.F.,.F.,(4,1,1,1,1,1,1,1,1,1,1,1,4),(4,1,1,1,1,1,3,1,
3,1,1,1,1,1,4),(0.,0.25,0.5,0.75,1.,1.5,2.,2.5,3.,3.25,3.5,3.75,4.),(0.,
0.125,0.25,0.375,0.5,0.75,1.,2.,3.,3.25,3.5,3.625,3.75,3.875,4.),
 .UNSPECIFIED.);
#813=B_SPLINE_SURFACE_WITH_KNOTS('',3,3,((#3054,#3055,#3056,#3057,#3058,
#3059,#3060,#3061,#3062,#3063,#3064,#3065,#3066,#3067,#3068),(#3069,#3070,
#3071,#3072,#3073,#3074,#3075,#3076,#3077,#3078,#3079,#3080,#3081,#3082,
#3083),(#3084,#3085,#3086,#3087,#3088,#3089,#3090,#3091,#3092,#3093,#3094,
#3095,#3096,#3097,#3098),(#3099,#3100,#3101,#3102,#3103,#3104,#3105,#3106,
#3107,#3108,#3109,#3110,#3111,#3112,#3113),(#3114,#3115,#3116,#3117,#3118,
#3119,#3120,#3121,#3122,#3123,#3124,#3125,#3126,#3127,#3128),(#3129,#3130,
#3131,#3132,#3133,#3134,#3135,#3136,#3137,#3138,#3139,#3140,#3141,#3142,
#3143),(#3144,#3145,#3146,#3147,#3148,#3149,#3150,#3151,#3152,#3153,#3154,
#3155,#3156,#3157,#3158),(#3159,#3160,#3161,#3162,#3163,#3164,#3165,#3166,
#3167,#3168,#3169,#3170,#3171,#3172,#3173),(#3174,#3175,#3176,#3177,#3178,
#3179,#3180,#3181,#3182,#3183,#3184,#3185,#3186,#3187,#3188),(#3189,#3190,
#3191,#3192,#3193,#3194,#3195,#3196,#3197,#3198,#3199,#3200,#3201,#3202,
#3203),(#3204,#3205,#3206,#3207,#3208,#3209,#3210,#3211,#3212,#3213,#3214,
#3215,#3216,#3217,#3218),(#3219,#3220,#3221,#3222,#3223,#3224,#3225,#3226,
#3227,#3228,#3229,#3230,#3231,#3232,#3233),(#3234,#3235,#3236,#3237,#3238,
#3239,#3240,#3241,#3242,#3243,#3244,#3245,#3246,#3247,#3248),(#3249,#3250,
#3251,#3252,#3253,#3254,#3255,#3256,#3257,#3258,#3259,#3260,#3261,#3262,
#3263),(#3264,#3265,#3266,#3267,#3268,#3269,#3270,#3271,#3272,#3273,#3274,
#3275,#3276,#3277,#3278),(#3279,#3280,#3281,#3282,#3283,#3284,#3285,#3286,
#3287,#3288,#3289,#3290,#3291,#3292,#3293),(#3294,#3295,#3296,#3297,#3298,
#3299,#3300,#3301,#3302,#3303,#3304,#3305,#3306,#3307,#3308),(#3309,#3310,
#3311,#3312,#3313,#3314,#3315,#3316,#3317,#3318,#3319,#3320,#3321,#3322,
#3323),(#3324,#3325,#3326,#3327,#3328,#3329,#3330,#3331,#3332,#3333,#3334,
#3335,#3336,#3337,#3338),(#3339,#3340,#3341,#3342,#3343,#3344,#3345,#3346,
#3347,#3348,#3349,#3350,#3351,#3352,#3353),(#3354,#3355,#3356,#3357,#3358,
#3359,#3360,#3361,#3362,#3363,#3364,#3365,#3366,#3367,#3368)),
 .UNSPECIFIED.,.F.,.F.,.F.,(4,1,1,1,1,1,3,1,3,1,1,1,1,1,4),(4,1,1,1,1,1,
1,1,1,1,1,1,4),(0.,0.125,0.25,0.375,0.5,0.75,1.,2.,3.,3.25,3.5,3.625,3.75,
3.875,4.),(0.,0.25,0.5,0.75,1.,1.5,2.,2.5,3.,3.25,3.5,3.75,4.),
 .UNSPECIFIED.);
#814=B_SPLINE_SURFACE_WITH_KNOTS('',3,3,((#3369,#3370,#3371,#3372,#3373,
#3374,#3375,#3376,#3377,#3378,#3379,#3380,#3381,#3382,#3383,#3384,#3385,
#3386,#3387,#3388,#3389),(#3390,#3391,#3392,#3393,#3394,#3395,#3396,#3397,
#3398,#3399,#3400,#3401,#3402,#3403,#3404,#3405,#3406,#3407,#3408,#3409,
#3410),(#3411,#3412,#3413,#3414,#3415,#3416,#3417,#3418,#3419,#3420,#3421,
#3422,#3423,#3424,#3425,#3426,#3427,#3428,#3429,#3430,#3431),(#3432,#3433,
#3434,#3435,#3436,#3437,#3438,#3439,#3440,#3441,#3442,#3443,#3444,#3445,
#3446,#3447,#3448,#3449,#3450,#3451,#3452),(#3453,#3454,#3455,#3456,#3457,
#3458,#3459,#3460,#3461,#3462,#3463,#3464,#3465,#3466,#3467,#3468,#3469,
#3470,#3471,#3472,#3473),(#3474,#3475,#3476,#3477,#3478,#3479,#3480,#3481,
#3482,#3483,#3484,#3485,#3486,#3487,#3488,#3489,#3490,#3491,#3492,#3493,
#3494),(#3495,#3496,#3497,#3498,#3499,#3500,#3501,#3502,#3503,#3504,#3505,
#3506,#3507,#3508,#3509,#3510,#3511,#3512,#3513,#3514,#3515),(#3516,#3517,
#3518,#3519,#3520,#3521,#3522,#3523,#3524,#3525,#3526,#3527,#3528,#3529,
#3530,#3531,#3532,#3533,#3534,#3535,#3536),(#3537,#3538,#3539,#3540,#3541,
#3542,#3543,#3544,#3545,#3546,#3547,#3548,#3549,#3550,#3551,#3552,#3553,
#3554,#3555,#3556,#3557),(#3558,#3559,#3560,#3561,#3562,#3563,#3564,#3565,
#3566,#3567,#3568,#3569,#3570,#3571,#3572,#3573,#3574,#3575,#3576,#3577,
#3578),(#3579,#3580,#3581,#3582,#3583,#3584,#3585,#3586,#3587,#3588,#3589,
#3590,#3591,#3592,#3593,#3594,#3595,#3596,#3597,#3598,#3599),(#3600,#3601,
#3602,#3603,#3604,#3605,#3606,#3607,#3608,#3609,#3610,#3611,#3612,#3613,
#3614,#3615,#3616,#3617,#3618,#3619,#3620),(#3621,#3622,#3623,#3624,#3625,
#3626,#3627,#3628,#3629,#3630,#3631,#3632,#3633,#3634,#3635,#3636,#3637,
#3638,#3639,#3640,#3641),(#3642,#3643,#3644,#3645,#3646,#3647,#3648,#3649,
#3650,#3651,#3652,#3653,#3654,#3655,#3656,#3657,#3658,#3659,#3660,#3661,
#3662),(#3663,#3664,#3665,#3666,#3667,#3668,#3669,#3670,#3671,#3672,#3673,
#3674,#3675,#3676,#3677,#3678,#3679,#3680,#3681,#3682,#3683)),
 .UNSPECIFIED.,.F.,.F.,.F.,(4,1,1,1,1,1,1,1,1,1,1,1,4),(4,1,1,1,1,1,3,1,
3,1,1,1,1,1,4),(0.,0.25,0.5,0.75,1.,1.5,2.,2.5,3.,3.25,3.5,3.75,4.),(0.,
0.125,0.25,0.375,0.5,0.75,1.,2.,3.,3.25,3.5,3.625,3.75,3.875,4.),
 .UNSPECIFIED.);
#815=B_SPLINE_SURFACE_WITH_KNOTS('',3,3,((#3684,#3685,#3686,#3687,#3688,
#3689,#3690,#3691,#3692,#3693,#3694,#3695,#3696,#3697,#3698,#3699,#3700,
#3701,#3702,#3703,#3704),(#3705,#3706,#3707,#3708,#3709,#3710,#3711,#3712,
#3713,#3714,#3715,#3716,#3717,#3718,#3719,#3720,#3721,#3722,#3723,#3724,
#3725),(#3726,#3727,#3728,#3729,#3730,#3731,#3732,#3733,#3734,#3735,#3736,
#3737,#3738,#3739,#3740,#3741,#3742,#3743,#3744,#3745,#3746),(#3747,#3748,
#3749,#3750,#3751,#3752,#3753,#3754,#3755,#3756,#3757,#3758,#3759,#3760,
#3761,#3762,#3763,#3764,#3765,#3766,#3767),(#3768,#3769,#3770,#3771,#3772,
#3773,#3774,#3775,#3776,#3777,#3778,#3779,#3780,#3781,#3782,#3783,#3784,
#3785,#3786,#3787,#3788),(#3789,#3790,#3791,#3792,#3793,#3794,#3795,#3796,
#3797,#3798,#3799,#3800,#3801,#3802,#3803,#3804,#3805,#3806,#3807,#3808,
#3809),(#3810,#3811,#3812,#3813,#3814,#3815,#3816,#3817,#3818,#3819,#3820,
#3821,#3822,#3823,#3824,#3825,#3826,#3827,#3828,#3829,#3830),(#3831,#3832,
#3833,#3834,#3835,#3836,#3837,#3838,#3839,#3840,#3841,#3842,#3843,#3844,
#3845,#3846,#3847,#3848,#3849,#3850,#3851),(#3852,#3853,#3854,#3855,#3856,
#3857,#3858,#3859,#3860,#3861,#3862,#3863,#3864,#3865,#3866,#3867,#3868,
#3869,#3870,#3871,#3872),(#3873,#3874,#3875,#3876,#3877,#3878,#3879,#3880,
#3881,#3882,#3883,#3884,#3885,#3886,#3887,#3888,#3889,#3890,#3891,#3892,
#3893),(#3894,#3895,#3896,#3897,#3898,#3899,#3900,#3901,#3902,#3903,#3904,
#3905,#3906,#3907,#3908,#3909,#3910,#3911,#3912,#3913,#3914),(#3915,#3916,
#3917,#3918,#3919,#3920,#3921,#3922,#3923,#3924,#3925,#3926,#3927,#3928,
#3929,#3930,#3931,#3932,#3933,#3934,#3935),(#3936,#3937,#3938,#3939,#3940,
#3941,#3942,#3943,#3944,#3945,#3946,#3947,#3948,#3949,#3950,#3951,#3952,
#3953,#3954,#3955,#3956),(#3957,#3958,#3959,#3960,#3961,#3962,#3963,#3964,
#3965,#3966,#3967,#3968,#3969,#3970,#3971,#3972,#3973,#3974,#3975,#3976,
#3977),(#3978,#3979,#3980,#3981,#3982,#3983,#3984,#3985,#3986,#3987,#3988,
#3989,#3990,#3991,#3992,#3993,#3994,#3995,#3996,#3997,#3998)),
 .UNSPECIFIED.,.F.,.F.,.F.,(4,1,1,1,1,1,1,1,1,1,1,1,4),(4,1,1,1,1,1,3,1,
3,1,1,1,1,1,4),(0.,0.25,0.5,0.75,1.,1.5,2.,2.5,3.,3.25,3.5,3.75,4.),(0.,
0.125,0.25,0.375,0.5,0.75,1.,2.,3.,3.25,3.5,3.625,3.75,3.875,4.),
 .UNSPECIFIED.);
#816=B_SPLINE_SURFACE_WITH_KNOTS('',3,3,((#3999,#4000,#4001,#4002,#4003,
#4004,#4005,#4006,#4007,#4008,#4009,#4010,#4011,#4012,#4013,#4014,#4015,
#4016,#4017,#4018,#4019),(#4020,#4021,#4022,#4023,#4024,#4025,#4026,#4027,
#4028,#4029,#4030,#4031,#4032,#4033,#4034,#4035,#4036,#4037,#4038,#4039,
#4040),(#4041,#4042,#4043,#4044,#4045,#4046,#4047,#4048,#4049,#4050,#4051,
#4052,#4053,#4054,#4055,#4056,#4057,#4058,#4059,#4060,#4061),(#4062,#4063,
#4064,#4065,#4066,#4067,#4068,#4069,#4070,#4071,#4072,#4073,#4074,#4075,
#4076,#4077,#4078,#4079,#4080,#4081,#4082),(#4083,#4084,#4085,#4086,#4087,
#4088,#4089,#4090,#4091,#4092,#4093,#4094,#4095,#4096,#4097,#4098,#4099,
#4100,#4101,#4102,#4103),(#4104,#4105,#4106,#4107,#4108,#4109,#4110,#4111,
#4112,#4113,#4114,#4115,#4116,#4117,#4118,#4119,#4120,#4121,#4122,#4123,
#4124),(#4125,#4126,#4127,#4128,#4129,#4130,#4131,#4132,#4133,#4134,#4135,
#4136,#4137,#4138,#4139,#4140,#4141,#4142,#4143,#4144,#4145),(#4146,#4147,
#4148,#4149,#4150,#4151,#4152,#4153,#4154,#4155,#4156,#4157,#4158,#4159,
#4160,#4161,#4162,#4163,#4164,#4165,#4166),(#4167,#4168,#4169,#4170,#4171,
#4172,#4173,#4174,#4175,#4176,#4177,#4178,#4179,#4180,#4181,#4182,#4183,
#4184,#4185,#4186,#4187),(#4188,#4189,#4190,#4191,#4192,#4193,#4194,#4195,
#4196,#4197,#4198,#4199,#4200,#4201,#4202,#4203,#4204,#4205,#4206,#4207,
#4208),(#4209,#4210,#4211,#4212,#4213,#4214,#4215,#4216,#4217,#4218,#4219,
#4220,#4221,#4222,#4223,#4224,#4225,#4226,#4227,#4228,#4229),(#4230,#4231,
#4232,#4233,#4234,#4235,#4236,#4237,#4238,#4239,#4240,#4241,#4242,#4243,
#4244,#4245,#4246,#4247,#4248,#4249,#4250),(#4251,#4252,#4253,#4254,#4255,
#4256,#4257,#4258,#4259,#4260,#4261,#4262,#4263,#4264,#4265,#4266,#4267,
#4268,#4269,#4270,#4271),(#4272,#4273,#4274,#4275,#4276,#4277,#4278,#4279,
#4280,#4281,#4282,#4283,#4284,#4285,#4286,#4287,#4288,#4289,#4290,#4291,
#4292),(#4293,#4294,#4295,#4296,#4297,#4298,#4299,#4300,#4301,#4302,#4303,
#4304,#4305,#4306,#4307,#4308,#4309,#4310,#4311,#4312,#4313)),
 .UNSPECIFIED.,.F.,.F.,.F.,(4,1,1,1,1,1,1,1,1,1,1,1,4),(4,1,1,1,1,1,3,1,
3,1,1,1,1,1,4),(0.,0.25,0.5,0.75,1.,1.5,2.,2.5,3.,3.25,3.5,3.75,4.),(0.,
0.125,0.25,0.375,0.5,0.75,1.,2.,3.,3.25,3.5,3.625,3.75,3.875,4.),
 .UNSPECIFIED.);
#817=B_SPLINE_SURFACE_WITH_KNOTS('',3,3,((#4314,#4315,#4316,#4317,#4318,
#4319,#4320,#4321,#4322,#4323,#4324,#4325,#4326,#4327,#4328,#4329,#4330,
#4331,#4332,#4333,#4334),(#4335,#4336,#4337,#4338,#4339,#4340,#4341,#4342,
#4343,#4344,#4345,#4346,#4347,#4348,#4349,#4350,#4351,#4352,#4353,#4354,
#4355),(#4356,#4357,#4358,#4359,#4360,#4361,#4362,#4363,#4364,#4365,#4366,
#4367,#4368,#4369,#4370,#4371,#4372,#4373,#4374,#4375,#4376),(#4377,#4378,
#4379,#4380,#4381,#4382,#4383,#4384,#4385,#4386,#4387,#4388,#4389,#4390,
#4391,#4392,#4393,#4394,#4395,#4396,#4397),(#4398,#4399,#4400,#4401,#4402,
#4403,#4404,#4405,#4406,#4407,#4408,#4409,#4410,#4411,#4412,#4413,#4414,
#4415,#4416,#4417,#4418),(#4419,#4420,#4421,#4422,#4423,#4424,#4425,#4426,
#4427,#4428,#4429,#4430,#4431,#4432,#4433,#4434,#4435,#4436,#4437,#4438,
#4439),(#4440,#4441,#4442,#4443,#4444,#4445,#4446,#4447,#4448,#4449,#4450,
#4451,#4452,#4453,#4454,#4455,#4456,#4457,#4458,#4459,#4460),(#4461,#4462,
#4463,#4464,#4465,#4466,#4467,#4468,#4469,#4470,#4471,#4472,#4473,#4474,
#4475,#4476,#4477,#4478,#4479,#4480,#4481),(#4482,#4483,#4484,#4485,#4486,
#4487,#4488,#4489,#4490,#4491,#4492,#4493,#4494,#4495,#4496,#4497,#4498,
#4499,#4500,#4501,#4502),(#4503,#4504,#4505,#4506,#4507,#4508,#4509,#4510,
#4511,#4512,#4513,#4514,#4515,#4516,#4517,#4518,#4519,#4520,#4521,#4522,
#4523),(#4524,#4525,#4526,#4527,#4528,#4529,#4530,#4531,#4532,#4533,#4534,
#4535,#4536,#4537,#4538,#4539,#4540,#4541,#4542,#4543,#4544),(#4545,#4546,
#4547,#4548,#4549,#4550,#4551,#4552,#4553,#4554,#4555,#4556,#4557,#4558,
#4559,#4560,#4561,#4562,#4563,#4564,#4565),(#4566,#4567,#4568,#4569,#4570,
#4571,#4572,#4573,#4574,#4575,#4576,#4577,#4578,#4579,#4580,#4581,#4582,
#4583,#4584,#4585,#4586),(#4587,#4588,#4589,#4590,#4591,#4592,#4593,#4594,
#4595,#4596,#4597,#4598,#4599,#4600,#4601,#4602,#4603,#4604,#4605,#4606,
#4607),(#4608,#4609,#4610,#4611,#4612,#4613,#4614,#4615,#4616,#4617,#4618,
#4619,#4620,#4621,#4622,#4623,#4624,#4625,#4626,#4627,#4628)),
 .UNSPECIFIED.,.F.,.F.,.F.,(4,1,1,1,1,1,1,1,1,1,1,1,4),(4,1,1,1,1,1,3,1,
3,1,1,1,1,1,4),(0.,0.25,0.5,0.75,1.,1.5,2.,2.5,3.,3.25,3.5,3.75,4.),(0.,
0.125,0.25,0.375,0.5,0.75,1.,2.,3.,3.25,3.5,3.625,3.75,3.875,4.),
 .UNSPECIFIED.);
#818=B_SPLINE_SURFACE_WITH_KNOTS('',3,1,((#4629,#4630),(#4631,#4632),(#4633,
#4634),(#4635,#4636),(#4637,#4638),(#4639,#4640),(#4641,#4642),(#4643,#4644),
(#4645,#4646),(#4647,#4648),(#4649,#4650),(#4651,#4652),(#4653,#4654),(#4655,
#4656),(#4657,#4658),(#4659,#4660),(#4661,#4662),(#4663,#4664),(#4665,#4666),
(#4667,#4668),(#4669,#4670),(#4671,#4672),(#4673,#4674),(#4675,#4676),(#4677,
#4678),(#4679,#4680),(#4681,#4682),(#4683,#4684),(#4685,#4686),(#4687,#4688),
(#4689,#4690),(#4691,#4692),(#4693,#4694),(#4695,#4696),(#4697,#4698),(#4699,
#4700),(#4701,#4702),(#4703,#4704),(#4705,#4706),(#4707,#4708),(#4709,#4710),
(#4711,#4712),(#4713,#4714),(#4715,#4716),(#4717,#4718),(#4719,#4720),(#4721,
#4722),(#4723,#4724),(#4725,#4726),(#4727,#4728),(#4729,#4730),(#4731,#4732),
(#4733,#4734),(#4735,#4736),(#4737,#4738),(#4739,#4740),(#4741,#4742),(#4743,
#4744),(#4745,#4746),(#4747,#4748),(#4749,#4750),(#4751,#4752),(#4753,#4754),
(#4755,#4756),(#4757,#4758),(#4759,#4760),(#4761,#4762),(#4763,#4764),(#4765,
#4766),(#4767,#4768),(#4769,#4770),(#4771,#4772),(#4773,#4774),(#4775,#4776),
(#4777,#4778),(#4779,#4780),(#4781,#4782),(#4783,#4784),(#4785,#4786),(#4787,
#4788),(#4789,#4790),(#4791,#4792),(#4793,#4794),(#4795,#4796),(#4797,#4798),
(#4799,#4800),(#4801,#4802),(#4803,#4804),(#4805,#4806),(#4807,#4808),(#4809,
#4810),(#4811,#4812),(#4813,#4814),(#4815,#4816),(#4817,#4818),(#4819,#4820),
(#4821,#4822),(#4823,#4824),(#4825,#4826),(#4827,#4828),(#4829,#4830),(#4831,
#4832),(#4833,#4834),(#4835,#4836),(#4837,#4838),(#4839,#4840),(#4841,#4842),
(#4843,#4844),(#4845,#4846),(#4847,#4848),(#4849,#4850),(#4851,#4852),(#4853,
#4854),(#4855,#4856),(#4857,#4858),(#4859,#4860),(#4861,#4862),(#4863,#4864),
(#4865,#4866),(#4867,#4868),(#4869,#4870),(#4871,#4872),(#4873,#4874),(#4875,
#4876),(#4877,#4878),(#4879,#4880),(#4881,#4882),(#4883,#4884),(#4885,#4886),
(#4887,#4888),(#4889,#4890),(#4891,#4892),(#4893,#4894),(#4895,#4896),(#4897,
#4898),(#4899,#4900),(#4901,#4902),(#4903,#4904),(#4905,#4906),(#4907,#4908),
(#4909,#4910),(#4911,#4912),(#4913,#4914),(#4915,#4916),(#4917,#4918),(#4919,
#4920),(#4921,#4922),(#4923,#4924),(#4925,#4926),(#4927,#4928),(#4929,#4930),
(#4931,#4932),(#4933,#4934),(#4935,#4936),(#4937,#4938),(#4939,#4940),(#4941,
#4942),(#4943,#4944),(#4945,#4946),(#4947,#4948),(#4949,#4950),(#4951,#4952),
(#4953,#4954),(#4955,#4956),(#4957,#4958),(#4959,#4960),(#4961,#4962),(#4963,
#4964),(#4965,#4966),(#4967,#4968),(#4969,#4970),(#4971,#4972),(#4973,#4974),
(#4975,#4976),(#4977,#4978),(#4979,#4980),(#4981,#4982),(#4983,#4984),(#4985,
#4986),(#4987,#4988),(#4989,#4990),(#4991,#4992),(#4993,#4994),(#4995,#4996),
(#4997,#4998),(#4999,#5000),(#5001,#5002),(#5003,#5004),(#5005,#5006),(#5007,
#5008),(#5009,#5010),(#5011,#5012),(#5013,#5014),(#5015,#5016),(#5017,#5018),
(#5019,#5020),(#5021,#5022),(#5023,#5024),(#5025,#5026),(#5027,#5028),(#5029,
#5030),(#5031,#5032),(#5033,#5034),(#5035,#5036),(#5037,#5038),(#5039,#5040),
(#5041,#5042),(#5043,#5044),(#5045,#5046),(#5047,#5048),(#5049,#5050),(#5051,
#5052),(#5053,#5054),(#5055,#5056),(#5057,#5058),(#5059,#5060),(#5061,#5062),
(#5063,#5064),(#5065,#5066),(#5067,#5068),(#5069,#5070),(#5071,#5072),(#5073,
#5074),(#5075,#5076),(#5077,#5078),(#5079,#5080),(#5081,#5082),(#5083,#5084),
(#5085,#5086),(#5087,#5088),(#5089,#5090),(#5091,#5092),(#5093,#5094),(#5095,
#5096),(#5097,#5098),(#5099,#5100),(#5101,#5102),(#5103,#5104),(#5105,#5106),
(#5107,#5108),(#5109,#5110),(#5111,#5112),(#5113,#5114),(#5115,#5116),(#5117,
#5118),(#5119,#5120),(#5121,#5122),(#5123,#5124),(#5125,#5126),(#5127,#5128),
(#5129,#5130),(#5131,#5132),(#5133,#5134),(#5135,#5136),(#5137,#5138),(#5139,
#5140),(#5141,#5142),(#5143,#5144),(#5145,#5146),(#5147,#5148),(#5149,#5150),
(#5151,#5152),(#5153,#5154),(#5155,#5156),(#5157,#5158),(#5159,#5160),(#5161,
#5162),(#5163,#5164),(#5165,#5166),(#5167,#5168),(#5169,#5170),(#5171,#5172),
(#5173,#5174),(#5175,#5176),(#5177,#5178),(#5179,#5180),(#5181,#5182),(#5183,
#5184),(#5185,#5186),(#5187,#5188),(#5189,#5190),(#5191,#5192),(#5193,#5194),
(#5195,#5196),(#5197,#5198),(#5199,#5200),(#5201,#5202),(#5203,#5204),(#5205,
#5206),(#5207,#5208),(#5209,#5210),(#5211,#5212),(#5213,#5214),(#5215,#5216),
(#5217,#5218),(#5219,#5220),(#5221,#5222),(#5223,#5224),(#5225,#5226),(#5227,
#5228),(#5229,#5230),(#5231,#5232),(#5233,#5234),(#5235,#5236),(#5237,#5238),
(#5239,#5240),(#5241,#5242),(#5243,#5244),(#5245,#5246),(#5247,#5248),(#5249,
#5250),(#5251,#5252),(#5253,#5254),(#5255,#5256),(#5257,#5258),(#5259,#5260),
(#5261,#5262),(#5263,#5264),(#5265,#5266),(#5267,#5268),(#5269,#5270),(#5271,
#5272),(#5273,#5274),(#5275,#5276),(#5277,#5278),(#5279,#5280),(#5281,#5282),
(#5283,#5284),(#5285,#5286),(#5287,#5288),(#5289,#5290),(#5291,#5292),(#5293,
#5294),(#5295,#5296),(#5297,#5298),(#5299,#5300),(#5301,#5302),(#5303,#5304),
(#5305,#5306),(#5307,#5308),(#5309,#5310),(#5311,#5312),(#5313,#5314),(#5315,
#5316),(#5317,#5318),(#5319,#5320),(#5321,#5322),(#5323,#5324),(#5325,#5326),
(#5327,#5328),(#5329,#5330),(#5331,#5332),(#5333,#5334),(#5335,#5336),(#5337,
#5338),(#5339,#5340),(#5341,#5342),(#5343,#5344),(#5345,#5346),(#5347,#5348),
(#5349,#5350),(#5351,#5352),(#5353,#5354),(#5355,#5356),(#5357,#5358),(#5359,
#5360),(#5361,#5362),(#5363,#5364),(#5365,#5366),(#5367,#5368),(#5369,#5370),
(#5371,#5372),(#5373,#5374),(#5375,#5376),(#5377,#5378),(#5379,#5380),(#5381,
#5382),(#5383,#5384),(#5385,#5386),(#5387,#5388),(#5389,#5390),(#5391,#5392),
(#5393,#5394),(#5395,#5396),(#5397,#5398),(#5399,#5400),(#5401,#5402),(#5403,
#5404),(#5405,#5406),(#5407,#5408),(#5409,#5410),(#5411,#5412),(#5413,#5414),
(#5415,#5416),(#5417,#5418),(#5419,#5420),(#5421,#5422),(#5423,#5424),(#5425,
#5426),(#5427,#5428),(#5429,#5430),(#5431,#5432),(#5433,#5434),(#5435,#5436),
(#5437,#5438),(#5439,#5440),(#5441,#5442),(#5443,#5444),(#5445,#5446),(#5447,
#5448),(#5449,#5450),(#5451,#5452),(#5453,#5454),(#5455,#5456),(#5457,#5458),
(#5459,#5460),(#5461,#5462),(#5463,#5464),(#5465,#5466),(#5467,#5468),(#5469,
#5470),(#5471,#5472),(#5473,#5474),(#5475,#5476),(#5477,#5478),(#5479,#5480),
(#5481,#5482),(#5483,#5484),(#5485,#5486),(#5487,#5488),(#5489,#5490),(#5491,
#5492),(#5493,#5494),(#5495,#5496),(#5497,#5498),(#5499,#5500),(#5501,#5502),
(#5503,#5504),(#5505,#5506),(#5507,#5508),(#5509,#5510),(#5511,#5512),(#5513,
#5514),(#5515,#5516),(#5517,#5518),(#5519,#5520),(#5521,#5522),(#5523,#5524),
(#5525,#5526),(#5527,#5528),(#5529,#5530),(#5531,#5532),(#5533,#5534),(#5535,
#5536),(#5537,#5538),(#5539,#5540),(#5541,#5542),(#5543,#5544),(#5545,#5546),
(#5547,#5548),(#5549,#5550),(#5551,#5552),(#5553,#5554),(#5555,#5556),(#5557,
#5558),(#5559,#5560),(#5561,#5562),(#5563,#5564),(#5565,#5566),(#5567,#5568),
(#5569,#5570),(#5571,#5572),(#5573,#5574),(#5575,#5576),(#5577,#5578),(#5579,
#5580),(#5581,#5582),(#5583,#5584),(#5585,#5586),(#5587,#5588),(#5589,#5590),
(#5591,#5592),(#5593,#5594),(#5595,#5596),(#5597,#5598),(#5599,#5600),(#5601,
#5602),(#5603,#5604),(#5605,#5606),(#5607,#5608),(#5609,#5610),(#5611,#5612),
(#5613,#5614),(#5615,#5616),(#5617,#5618),(#5619,#5620),(#5621,#5622),(#5623,
#5624),(#5625,#5626),(#5627,#5628),(#5629,#5630),(#5631,#5632),(#5633,#5634),
(#5635,#5636),(#5637,#5638),(#5639,#5640),(#5641,#5642),(#5643,#5644),(#5645,
#5646),(#5647,#5648),(#5649,#5650),(#5651,#5652),(#5653,#5654),(#5655,#5656),
(#5657,#5658),(#5659,#5660),(#5661,#5662),(#5663,#5664),(#5665,#5666),(#5667,
#5668),(#5669,#5670),(#5671,#5672),(#5673,#5674),(#5675,#5676),(#5677,#5678),
(#5679,#5680),(#5681,#5682),(#5683,#5684),(#5685,#5686),(#5687,#5688),(#5689,
#5690),(#5691,#5692),(#5693,#5694),(#5695,#5696),(#5697,#5698),(#5699,#5700),
(#5701,#5702),(#5703,#5704),(#5705,#5706),(#5707,#5708),(#5709,#5710),(#5711,
#5712),(#5713,#5714),(#5715,#5716),(#5717,#5718),(#5719,#5720),(#5721,#5722),
(#5723,#5724),(#5725,#5726),(#5727,#5728),(#5729,#5730),(#5731,#5732),(#5733,
#5734),(#5735,#5736),(#5737,#5738),(#5739,#5740),(#5741,#5742),(#5743,#5744),
(#5745,#5746),(#5747,#5748),(#5749,#5750),(#5751,#5752),(#5753,#5754),(#5755,
#5756),(#5757,#5758),(#5759,#5760),(#5761,#5762),(#5763,#5764),(#5765,#5766),
(#5767,#5768),(#5769,#5770),(#5771,#5772),(#5773,#5774),(#5775,#5776),(#5777,
#5778),(#5779,#5780),(#5781,#5782),(#5783,#5784),(#5785,#5786),(#5787,#5788),
(#5789,#5790),(#5791,#5792),(#5793,#5794),(#5795,#5796),(#5797,#5798),(#5799,
#5800),(#5801,#5802),(#5803,#5804),(#5805,#5806),(#5807,#5808),(#5809,#5810),
(#5811,#5812),(#5813,#5814),(#5815,#5816),(#5817,#5818),(#5819,#5820),(#5821,
#5822),(#5823,#5824),(#5825,#5826),(#5827,#5828),(#5829,#5830),(#5831,#5832),
(#5833,#5834),(#5835,#5836),(#5837,#5838),(#5839,#5840),(#5841,#5842),(#5843,
#5844),(#5845,#5846),(#5847,#5848),(#5849,#5850),(#5851,#5852),(#5853,#5854),
(#5855,#5856),(#5857,#5858),(#5859,#5860),(#5861,#5862),(#5863,#5864),(#5865,
#5866),(#5867,#5868),(#5869,#5870),(#5871,#5872),(#5873,#5874),(#5875,#5876),
(#5877,#5878),(#5879,#5880),(#5881,#5882),(#5883,#5884),(#5885,#5886),(#5887,
#5888),(#5889,#5890),(#5891,#5892),(#5893,#5894),(#5895,#5896),(#5897,#5898),
(#5899,#5900),(#5901,#5902),(#5903,#5904),(#5905,#5906),(#5907,#5908),(#5909,
#5910),(#5911,#5912),(#5913,#5914),(#5915,#5916),(#5917,#5918),(#5919,#5920),
(#5921,#5922),(#5923,#5924),(#5925,#5926),(#5927,#5928),(#5929,#5930),(#5931,
#5932),(#5933,#5934),(#5935,#5936),(#5937,#5938),(#5939,#5940),(#5941,#5942),
(#5943,#5944),(#5945,#5946),(#5947,#5948),(#5949,#5950),(#5951,#5952),(#5953,
#5954),(#5955,#5956),(#5957,#5958),(#5959,#5960),(#5961,#5962),(#5963,#5964),
(#5965,#5966),(#5967,#5968),(#5969,#5970),(#5971,#5972),(#5973,#5974),(#5975,
#5976),(#5977,#5978),(#5979,#5980),(#5981,#5982),(#5983,#5984),(#5985,#5986),
(#5987,#5988),(#5989,#5990),(#5991,#5992),(#5993,#5994),(#5995,#5996),(#5997,
#5998),(#5999,#6000),(#6001,#6002),(#6003,#6004),(#6005,#6006),(#6007,#6008),
(#6009,#6010),(#6011,#6012),(#6013,#6014),(#6015,#6016),(#6017,#6018),(#6019,
#6020),(#6021,#6022),(#6023,#6024),(#6025,#6026),(#6027,#6028),(#6029,#6030),
(#6031,#6032),(#6033,#6034),(#6035,#6036),(#6037,#6038),(#6039,#6040),(#6041,
#6042),(#6043,#6044),(#6045,#6046),(#6047,#6048),(#6049,#6050),(#6051,#6052),
(#6053,#6054),(#6055,#6056),(#6057,#6058),(#6059,#6060),(#6061,#6062),(#6063,
#6064),(#6065,#6066),(#6067,#6068),(#6069,#6070),(#6071,#6072),(#6073,#6074),
(#6075,#6076),(#6077,#6078),(#6079,#6080),(#6081,#6082),(#6083,#6084),(#6085,
#6086),(#6087,#6088),(#6089,#6090),(#6091,#6092),(#6093,#6094),(#6095,#6096),
(#6097,#6098),(#6099,#6100),(#6101,#6102),(#6103,#6104),(#6105,#6106),(#6107,
#6108),(#6109,#6110),(#6111,#6112),(#6113,#6114),(#6115,#6116),(#6117,#6118),
(#6119,#6120),(#6121,#6122),(#6123,#6124),(#6125,#6126),(#6127,#6128),(#6129,
#6130),(#6131,#6132),(#6133,#6134),(#6135,#6136),(#6137,#6138),(#6139,#6140),
(#6141,#6142),(#6143,#6144),(#6145,#6146),(#6147,#6148),(#6149,#6150),(#6151,
#6152),(#6153,#6154),(#6155,#6156),(#6157,#6158),(#6159,#6160),(#6161,#6162),
(#6163,#6164),(#6165,#6166),(#6167,#6168),(#6169,#6170),(#6171,#6172),(#6173,
#6174),(#6175,#6176),(#6177,#6178),(#6179,#6180),(#6181,#6182),(#6183,#6184),
(#6185,#6186),(#6187,#6188),(#6189,#6190),(#6191,#6192),(#6193,#6194),(#6195,
#6196),(#6197,#6198),(#6199,#6200),(#6201,#6202),(#6203,#6204),(#6205,#6206),
(#6207,#6208),(#6209,#6210),(#6211,#6212),(#6213,#6214),(#6215,#6216),(#6217,
#6218),(#6219,#6220),(#6221,#6222),(#6223,#6224),(#6225,#6226),(#6227,#6228),
(#6229,#6230),(#6231,#6232),(#6233,#6234),(#6235,#6236),(#6237,#6238),(#6239,
#6240),(#6241,#6242),(#6243,#6244),(#6245,#6246),(#6247,#6248),(#6249,#6250),
(#6251,#6252),(#6253,#6254),(#6255,#6256),(#6257,#6258),(#6259,#6260),(#6261,
#6262),(#6263,#6264),(#6265,#6266),(#6267,#6268),(#6269,#6270),(#6271,#6272),
(#6273,#6274),(#6275,#6276),(#6277,#6278),(#6279,#6280),(#6281,#6282),(#6283,
#6284),(#6285,#6286),(#6287,#6288),(#6289,#6290),(#6291,#6292),(#6293,#6294),
(#6295,#6296),(#6297,#6298),(#6299,#6300),(#6301,#6302),(#6303,#6304),(#6305,
#6306),(#6307,#6308),(#6309,#6310),(#6311,#6312),(#6313,#6314),(#6315,#6316),
(#6317,#6318),(#6319,#6320),(#6321,#6322),(#6323,#6324),(#6325,#6326),(#6327,
#6328),(#6329,#6330),(#6331,#6332),(#6333,#6334),(#6335,#6336),(#6337,#6338),
(#6339,#6340),(#6341,#6342),(#6343,#6344),(#6345,#6346),(#6347,#6348),(#6349,
#6350),(#6351,#6352),(#6353,#6354),(#6355,#6356),(#6357,#6358),(#6359,#6360),
(#6361,#6362),(#6363,#6364),(#6365,#6366),(#6367,#6368),(#6369,#6370),(#6371,
#6372),(#6373,#6374),(#6375,#6376),(#6377,#6378),(#6379,#6380),(#6381,#6382),
(#6383,#6384),(#6385,#6386),(#6387,#6388),(#6389,#6390),(#6391,#6392),(#6393,
#6394),(#6395,#6396),(#6397,#6398),(#6399,#6400),(#6401,#6402),(#6403,#6404),
(#6405,#6406),(#6407,#6408),(#6409,#6410),(#6411,#6412),(#6413,#6414),(#6415,
#6416),(#6417,#6418),(#6419,#6420),(#6421,#6422),(#6423,#6424),(#6425,#6426),
(#6427,#6428),(#6429,#6430),(#6431,#6432),(#6433,#6434),(#6435,#6436),(#6437,
#6438),(#6439,#6440),(#6441,#6442),(#6443,#6444),(#6445,#6446),(#6447,#6448),
(#6449,#6450),(#6451,#6452),(#6453,#6454),(#6455,#6456),(#6457,#6458),(#6459,
#6460),(#6461,#6462),(#6463,#6464),(#6465,#6466),(#6467,#6468),(#6469,#6470),
(#6471,#6472),(#6473,#6474),(#6475,#6476),(#6477,#6478),(#6479,#6480),(#6481,
#6482),(#6483,#6484),(#6485,#6486),(#6487,#6488),(#6489,#6490),(#6491,#6492),
(#6493,#6494),(#6495,#6496),(#6497,#6498),(#6499,#6500),(#6501,#6502),(#6503,
#6504),(#6505,#6506),(#6507,#6508),(#6509,#6510),(#6511,#6512),(#6513,#6514),
(#6515,#6516),(#6517,#6518),(#6519,#6520),(#6521,#6522),(#6523,#6524),(#6525,
#6526),(#6527,#6528),(#6529,#6530),(#6531,#6532),(#6533,#6534),(#6535,#6536),
(#6537,#6538),(#6539,#6540),(#6541,#6542),(#6543,#6544),(#6545,#6546),(#6547,
#6548),(#6549,#6550),(#6551,#6552),(#6553,#6554),(#6555,#6556),(#6557,#6558),
(#6559,#6560),(#6561,#6562),(#6563,#6564),(#6565,#6566),(#6567,#6568),(#6569,
#6570),(#6571,#6572),(#6573,#6574),(#6575,#6576),(#6577,#6578),(#6579,#6580),
(#6581,#6582),(#6583,#6584),(#6585,#6586),(#6587,#6588),(#6589,#6590),(#6591,
#6592),(#6593,#6594),(#6595,#6596),(#6597,#6598),(#6599,#6600),(#6601,#6602),
(#6603,#6604),(#6605,#6606),(#6607,#6608),(#6609,#6610),(#6611,#6612),(#6613,
#6614),(#6615,#6616),(#6617,#6618),(#6619,#6620),(#6621,#6622),(#6623,#6624),
(#6625,#6626),(#6627,#6628),(#6629,#6630),(#6631,#6632),(#6633,#6634),(#6635,
#6636),(#6637,#6638),(#6639,#6640),(#6641,#6642),(#6643,#6644),(#6645,#6646),
(#6647,#6648),(#6649,#6650),(#6651,#6652),(#6653,#6654),(#6655,#6656),(#6657,
#6658),(#6659,#6660),(#6661,#6662),(#6663,#6664),(#6665,#6666),(#6667,#6668),
(#6669,#6670),(#6671,#6672),(#6673,#6674),(#6675,#6676),(#6677,#6678),(#6679,
#6680),(#6681,#6682),(#6683,#6684),(#6685,#6686),(#6687,#6688),(#6689,#6690),
(#6691,#6692),(#6693,#6694),(#6695,#6696),(#6697,#6698),(#6699,#6700),(#6701,
#6702),(#6703,#6704),(#6705,#6706),(#6707,#6708),(#6709,#6710),(#6711,#6712),
(#6713,#6714),(#6715,#6716),(#6717,#6718),(#6719,#6720),(#6721,#6722),(#6723,
#6724),(#6725,#6726),(#6727,#6728),(#6729,#6730),(#6731,#6732),(#6733,#6734),
(#6735,#6736),(#6737,#6738),(#6739,#6740),(#6741,#6742),(#6743,#6744),(#6745,
#6746),(#6747,#6748),(#6749,#6750),(#6751,#6752),(#6753,#6754),(#6755,#6756),
(#6757,#6758),(#6759,#6760),(#6761,#6762),(#6763,#6764),(#6765,#6766),(#6767,
#6768),(#6769,#6770),(#6771,#6772),(#6773,#6774),(#6775,#6776),(#6777,#6778),
(#6779,#6780),(#6781,#6782),(#6783,#6784),(#6785,#6786),(#6787,#6788),(#6789,
#6790),(#6791,#6792),(#6793,#6794),(#6795,#6796),(#6797,#6798),(#6799,#6800),
(#6801,#6802),(#6803,#6804),(#6805,#6806),(#6807,#6808),(#6809,#6810),(#6811,
#6812),(#6813,#6814),(#6815,#6816),(#6817,#6818),(#6819,#6820),(#6821,#6822),
(#6823,#6824),(#6825,#6826),(#6827,#6828),(#6829,#6830),(#6831,#6832),(#6833,
#6834),(#6835,#6836),(#6837,#6838),(#6839,#6840),(#6841,#6842),(#6843,#6844)),
 .UNSPECIFIED.,.T.,.F.,.F.,(4,3,3,3,3,3,3,3,3,3,3,3,3,3,3,3,3,3,3,3,3,3,
3,3,3,3,3,3,3,3,3,3,3,3,3,3,3,3,3,3,3,3,3,3,3,3,3,3,3,3,3,3,3,3,3,3,3,3,
3,3,3,3,3,3,3,3,3,3,3,3,3,3,3,3,3,3,3,3,3,3,3,3,3,3,3,3,3,3,3,3,3,3,3,3,
3,3,3,3,3,3,3,3,3,3,3,3,3,3,3,3,3,3,3,3,3,3,3,3,3,3,3,3,3,3,3,3,3,3,3,3,
3,3,3,3,3,3,3,3,3,3,3,3,3,3,3,3,3,3,3,3,3,3,3,3,3,3,3,3,3,3,3,3,3,3,3,3,
3,3,3,3,3,3,3,3,3,3,3,3,3,3,3,3,3,3,3,3,3,3,3,3,3,3,3,3,3,3,3,3,3,3,3,3,
3,3,3,3,3,3,3,3,3,3,3,3,3,3,3,3,3,3,3,3,3,3,3,3,3,3,3,3,3,3,3,3,3,3,3,3,
3,3,3,3,3,3,3,3,3,3,3,3,3,3,3,3,3,3,3,3,3,3,3,3,3,3,3,3,3,3,3,3,3,3,3,3,
3,3,3,3,3,3,3,3,3,3,3,3,3,3,3,3,3,3,3,3,3,3,3,3,3,3,3,3,3,3,3,3,3,3,3,3,
3,3,3,3,3,3,3,3,3,3,3,3,3,3,3,3,3,3,3,3,3,3,3,3,3,3,3,3,3,3,3,3,3,3,3,3,
3,3,3,3,3,3,3,3,3,3,3,3,3,3,3,3,3,3,3,3,3,3,3,4),(2,2),(0.,1.00334696369359,
1.98313379697125,2.91578864387134,3.78522210658351,3.82454425174903,3.86318247447576,
3.90113243603059,3.93868111276384,4.72705002750368,5.42443656987935,6.04010993882226,
6.58495817043116,7.17829688878688,7.73445601591256,8.25385332831148,8.73375873551488,
9.23463696825682,9.72496992941306,10.1988012557992,10.6483562709517,10.6817627653027,
10.7157341023,10.7496813745505,10.7835828267731,11.7996577560562,12.7310469193076,
13.5954389368956,14.4179242547898,14.4460295298837,14.4735409273116,14.5013724816869,
14.5277779387126,15.3076645353559,16.0775848186935,16.8118152887476,17.1593472262523,
17.3269192382176,17.4897068275972,17.6524944191078,17.8200664350225,18.1675983900618,
18.9018288204248,19.6717491694605,20.4516359293837,20.4780414528094,20.5058731018475,
20.5333844141559,20.5614896228306,21.3839747604391,22.2483667270254,23.1797559113546,
24.1958308452983,24.2297323004219,24.2636795753594,24.2976509088434,24.3310573996162,
24.7806124068051,25.254443733352,25.7447766943743,26.2456549271872,26.7255603342951,
27.2449576466384,27.8011167739918,28.3944555008266,28.9393037263934,29.5549770842345,
30.2523636654497,31.0407464491486,31.0782864610782,31.1162154063921,31.1549265255964,
31.1942222374007,32.0638974504653,32.9956013455527,33.4806289089957,33.9777223121021,
34.9757462955981,35.1751688963129,35.3682483118814,35.7442859249252,36.1055187249442,
36.2808052242189,36.4503083456663,37.3690575140524,37.7775552993431,38.1616259792012,
38.5189523372185,38.8476364793862,39.1534566031251,39.4382011831634,39.753058643217,
40.0547711414897,40.6227301813789,41.1410393993213,41.379477585524,41.6043232215989,
42.3284541774558,43.0053513640754,43.3214568629441,43.6116493911745,43.8556657049346,
44.0561377390882,44.2680261964117,44.485951450375,44.9548315030907,45.471661602714,
46.0285363485161,46.3271907745305,46.6416766014042,46.9693560061243,47.3064762127509,
47.888636079815,48.5271698301501,49.2135186248172,49.9436653264407,50.4981441128917,
51.0902763044058,51.7169110544738,52.3791245157414,53.347067665746,54.3670175575937,
55.4324314511082,56.5410106595475,56.6151312131338,56.6891066793032,56.7629146203082,
56.837086622514,57.7245189495909,58.6095908843833,59.4927346094891,60.3733974160792,
61.2540602226664,62.1372039477709,63.0222758825612,63.909708209657,63.983880211869,
64.0576881528626,64.1316636190105,64.2057841725963,65.3143633810445,66.3797772745613,
67.3997271664088,68.3676703164147,69.0298837776815,69.6565185277505,70.2486507192628,
70.8031295057144,71.5332762073377,72.2196250020692,72.8581587524106,73.4403186194779,
73.7774388261045,74.1051182308225,74.4196040576889,74.718258483698,75.2751332295035,
75.7919633291254,76.2608433818424,76.4787686358054,76.6906570931282,76.8911291273361,
77.1351454411066,77.4253379693384,77.7414434682075,78.4183406548281,79.1424716103403,
79.3673172464132,79.6057554326172,80.124064650561,80.6920236904545,80.9937361887304,
81.3085936487793,81.5933382288126,81.8991583525519,82.2278424947209,82.5851688527389,
82.969239532599,83.3777373178945,84.296486486272,84.4659896077157,84.6412761069923,
85.0025089070172,85.3785465200601,85.5716259356271,85.7710485363423,86.7690725198392,
87.2661659229456,87.751193486393,88.6828973814723,89.5525725945411,89.5918683063456,
89.6305794255558,89.6685083708696,89.7060483827975,90.4944311664933,91.191817747706,
91.8074911055502,92.3523393311149,92.9456780579493,93.5018371853079,94.0212344976347,
94.5011399048346,95.002018137597,95.4923510987598,95.9661824251509,96.4157374403118,
96.4491439346524,96.483115271625,96.5170625438849,96.5509639961108,97.5670389254014,
98.4984280886531,99.3628201062373,100.185305424137,100.213410699231,100.240922096655,
100.268753651021,100.295159108046,101.075045704699,101.844965988036,102.57919645809,
102.926728395596,103.094300407561,103.25708799694,103.41987558845,103.587447604366,
103.934979559405,104.669209989768,105.439130338804,106.219017098729,106.245422622156,
106.273254271198,106.300765583501,106.328870792173,107.15135592978,108.015747896368,
108.947137080699,109.96321201464,109.997113469764,110.031060744708,110.065032078186,
110.098438568953,110.547993576139,111.021824902693,111.512157863723,112.013036096531,
112.492941503639,113.012338815982,113.568497943335,114.16183667017,114.706684895736,
115.322358253576,116.019744834793,116.808127618491,116.845667630421,116.883596575736,
116.922307694941,116.961603406745,117.83127861981,118.762982514895,119.248010078337,
119.745103481443,120.743127464942,120.942550065655,121.135629481224,121.511667094273,
121.872899894285,122.04818639356,122.217689515006,123.136438683398,123.544936468687,
123.929007148545,124.286333506561,124.615017648735,124.920837772475,125.205582352509,
125.520439812557,125.822152310833,126.390111350725,126.908420568664,127.146858754866,
127.371704390943,128.095835346797,128.77273253342,129.088838032292,129.379030560518,
129.623046874273,129.82351890843,130.035407365759,130.25333261972,130.722212672429,
131.239042772052,131.795917517858,132.094571943883,132.409057770742,132.736737175455,
133.073857382094,133.656017249158,134.294550999493,134.980899794159,135.711046495785,
136.265525282233,136.857657473748,137.484292223817,138.146505685081,139.114448835088,
140.134398726939,141.199812620448,142.308391828915,142.382512382502,142.456487848645,
142.530295789625,142.604467791835,143.491900118939,144.376972053727,145.26011577883,
146.140778585424,147.021441392012,147.904585117115,148.789657051906,149.677089378994,
149.751261381209,149.825069322227,149.899044788371,149.973165341948,151.081744550392,
152.147158443903,153.167108335752,154.135051485758,154.797264947026,155.423899697092,
156.016031888605,156.570510675059,157.300657376678,157.987006171413,158.625539921757,
159.207699788821,159.544819995449,159.872499400166,160.186985227034,160.485639653045,
161.042514398847,161.559344498471,162.02822455118,162.24614980514,162.458038262483,
162.658510296693,162.902526610406,163.192719138646,163.508824637784,164.185721823611,
164.909852783341,165.134698416955,165.373136585425,165.891445852928,166.459404766609,
166.761117288677,167.075975261283,167.360719679032,167.666538103767,167.995222678821,
168.352554197202,168.736623828995,169.14518205115,170.064521976422,170.408447086571,
170.770092072557,171.146029702031,171.535341632828),(0.,1.),
 .UNSPECIFIED.);
#819=PLANE('',#923);
#820=PLANE('',#932);
#821=PLANE('',#934);
#822=PLANE('',#936);
#823=PLANE('',#938);
#824=PLANE('',#940);
#825=PLANE('',#949);
#826=PLANE('',#950);
#827=PLANE('',#951);
#828=PLANE('',#952);
#829=PLANE('',#953);
#830=PLANE('',#958);
#831=PLANE('',#959);
#832=PLANE('',#960);
#833=PLANE('',#961);
#834=PLANE('',#962);
#835=SHAPE_DEFINITION_REPRESENTATION(#836,#921);
#836=PRODUCT_DEFINITION_SHAPE('Document','',#838);
#837=PRODUCT_DEFINITION_CONTEXT('3D Mechanical Parts',#910,'design');
#838=PRODUCT_DEFINITION('A','First version',#880,#837);
#839=DATE_TIME_ROLE('classification_date');
#840=DATE_TIME_ROLE('creation_date');
#841=APPLIED_DATE_AND_TIME_ASSIGNMENT(#865,#839,(#844));
#842=APPLIED_DATE_AND_TIME_ASSIGNMENT(#867,#840,(#838));
#843=SECURITY_CLASSIFICATION_LEVEL('unclassified');
#844=SECURITY_CLASSIFICATION('A','Security for version',#843);
#845=APPLIED_SECURITY_CLASSIFICATION_ASSIGNMENT(#844,(#880));
#846=APPROVAL_ROLE('Version approval');
#847=APPROVAL_ROLE('Version Security approval');
#848=APPROVAL_ROLE('Definition approval');
#849=APPROVAL_PERSON_ORGANIZATION(#898,#874,#846);
#850=APPROVAL_PERSON_ORGANIZATION(#899,#875,#847);
#851=APPROVAL_PERSON_ORGANIZATION(#902,#876,#848);
#852=COORDINATED_UNIVERSAL_TIME_OFFSET(5,0,.BEHIND.);
#853=LOCAL_TIME(0,0,0.,#852);
#854=LOCAL_TIME(0,0,0.,#852);
#855=LOCAL_TIME(0,0,0.,#852);
#856=LOCAL_TIME(0,0,0.,#852);
#857=LOCAL_TIME(0,0,0.,#852);
#858=CALENDAR_DATE(1999,1,1);
#859=CALENDAR_DATE(1999,1,1);
#860=CALENDAR_DATE(1999,1,1);
#861=CALENDAR_DATE(1999,1,1);
#862=CALENDAR_DATE(1999,1,1);
#863=DATE_AND_TIME(#858,#853);
#864=DATE_AND_TIME(#859,#854);
#865=DATE_AND_TIME(#860,#855);
#866=DATE_AND_TIME(#861,#856);
#867=DATE_AND_TIME(#862,#857);
#868=APPROVAL_DATE_TIME(#863,#874);
#869=APPROVAL_DATE_TIME(#864,#875);
#870=APPROVAL_DATE_TIME(#866,#876);
#871=APPROVAL_STATUS('not_yet_approved');
#872=APPROVAL_STATUS('not_yet_approved');
#873=APPROVAL_STATUS('approved');
#874=APPROVAL(#871,'Version approval');
#875=APPROVAL(#872,'Version Security approval');
#876=APPROVAL(#873,'Definition approval');
#877=APPLIED_APPROVAL_ASSIGNMENT(#874,(#880));
#878=APPLIED_APPROVAL_ASSIGNMENT(#875,(#844));
#879=APPLIED_APPROVAL_ASSIGNMENT(#876,(#838));
#880=PRODUCT_DEFINITION_FORMATION_WITH_SPECIFIED_SOURCE('A',
'First version',#912,.MADE.);
#881=PERSON_AND_ORGANIZATION_ROLE('design_owner');
#882=PERSON_AND_ORGANIZATION_ROLE('creator');
#883=PERSON_AND_ORGANIZATION_ROLE('design_supplier');
#884=PERSON_AND_ORGANIZATION_ROLE('classification_officer');
#885=PERSON_AND_ORGANIZATION_ROLE('creator');
#886=ORGANIZATION('STI','lab','lab');
#887=ORGANIZATION('STI','unknown','unknown');
#888=ORGANIZATION('STI','unknown','unknown');
#889=ORGANIZATION('STI','unknown','unknown');
#890=ORGANIZATION('STI','unknown','unknown');
#891=ORGANIZATION('STI','unknown','unknown');
#892=ORGANIZATION('STI','unknown','unknown');
#893=PERSON('1','Box','vc60',$,$,$);
#894=PERSON('2','last','first',$,$,$);
#895=PERSON('3','President','Mr.',$,$,$);
#896=PERSON_AND_ORGANIZATION(#893,#886);
#897=PERSON_AND_ORGANIZATION(#894,#887);
#898=PERSON_AND_ORGANIZATION(#895,#888);
#899=PERSON_AND_ORGANIZATION(#895,#889);
#900=PERSON_AND_ORGANIZATION(#895,#890);
#901=PERSON_AND_ORGANIZATION(#894,#891);
#902=PERSON_AND_ORGANIZATION(#895,#892);
#903=APPLIED_PERSON_AND_ORGANIZATION_ASSIGNMENT(#896,#881,(#912));
#904=APPLIED_PERSON_AND_ORGANIZATION_ASSIGNMENT(#897,#882,(#880));
#905=APPLIED_PERSON_AND_ORGANIZATION_ASSIGNMENT(#897,#883,(#880));
#906=APPLIED_PERSON_AND_ORGANIZATION_ASSIGNMENT(#900,#884,(#844));
#907=APPLIED_PERSON_AND_ORGANIZATION_ASSIGNMENT(#901,#885,(#838));
#908=PRODUCT_RELATED_PRODUCT_CATEGORY('detail','detail',(#912));
#909=APPLICATION_PROTOCOL_DEFINITION('International Standard',
'config_control_design',1994,#910);
#910=APPLICATION_CONTEXT(
'configuration controlled 3d designs of mechanical parts and assemblie
s');
#911=PRODUCT_CONTEXT('3D Mechanical Parts',#910,'mechanical');
#912=PRODUCT('Document','Document','',(#911));
#913=(
LENGTH_UNIT()
NAMED_UNIT(*)
SI_UNIT(.MILLI.,.METRE.)
);
#914=(
NAMED_UNIT(*)
PLANE_ANGLE_UNIT()
SI_UNIT($,.RADIAN.)
);
#915=DIMENSIONAL_EXPONENTS(0.,0.,0.,0.,0.,0.,0.);
#916=PLANE_ANGLE_MEASURE_WITH_UNIT(PLANE_ANGLE_MEASURE(0.01745329252),#914);
#917=(
CONVERSION_BASED_UNIT('DEGREES',#916)
NAMED_UNIT(#915)
PLANE_ANGLE_UNIT()
);
#918=(
NAMED_UNIT(*)
SI_UNIT($,.STERADIAN.)
SOLID_ANGLE_UNIT()
);
#919=UNCERTAINTY_MEASURE_WITH_UNIT(LENGTH_MEASURE(0.001),#913,
'DISTANCE_ACCURACY_VALUE',
'Maximum model space distance between geometric entities at asserted c
onnectivities');
#920=(
GEOMETRIC_REPRESENTATION_CONTEXT(3)
GLOBAL_UNCERTAINTY_ASSIGNED_CONTEXT((#919))
GLOBAL_UNIT_ASSIGNED_CONTEXT((#918,#917,#913))
REPRESENTATION_CONTEXT('ID1','3D')
);
#921=SHAPE_REPRESENTATION('Document',(#922,#963),#920);
#922=AXIS2_PLACEMENT_3D('',#1008,#964,#965);
#923=AXIS2_PLACEMENT_3D('',#1009,#966,$);
#924=AXIS2_PLACEMENT_3D('',#6845,#967,$);
#925=AXIS2_PLACEMENT_3D('',#6846,#968,$);
#926=AXIS2_PLACEMENT_3D('',#6847,#969,$);
#927=AXIS2_PLACEMENT_3D('',#6848,#970,$);
#928=AXIS2_PLACEMENT_3D('',#6849,#971,$);
#929=AXIS2_PLACEMENT_3D('',#6850,#972,$);
#930=AXIS2_PLACEMENT_3D('',#6851,#973,$);
#931=AXIS2_PLACEMENT_3D('',#6852,#974,$);
#932=AXIS2_PLACEMENT_3D('',#6853,#975,$);
#933=AXIS2_PLACEMENT_3D('',#6854,#976,$);
#934=AXIS2_PLACEMENT_3D('',#6855,#977,$);
#935=AXIS2_PLACEMENT_3D('',#6856,#978,$);
#936=AXIS2_PLACEMENT_3D('',#6857,#979,$);
#937=AXIS2_PLACEMENT_3D('',#6858,#980,$);
#938=AXIS2_PLACEMENT_3D('',#6859,#981,$);
#939=AXIS2_PLACEMENT_3D('',#6860,#982,$);
#940=AXIS2_PLACEMENT_3D('',#6861,#983,$);
#941=AXIS2_PLACEMENT_3D('',#6862,#984,$);
#942=AXIS2_PLACEMENT_3D('',#6863,#985,$);
#943=AXIS2_PLACEMENT_3D('',#6864,#986,$);
#944=AXIS2_PLACEMENT_3D('',#6865,#987,$);
#945=AXIS2_PLACEMENT_3D('',#6866,#988,$);
#946=AXIS2_PLACEMENT_3D('',#6867,#989,$);
#947=AXIS2_PLACEMENT_3D('',#6868,#990,$);
#948=AXIS2_PLACEMENT_3D('',#6869,#991,$);
#949=AXIS2_PLACEMENT_3D('',#6870,#992,$);
#950=AXIS2_PLACEMENT_3D('',#6871,#993,$);
#951=AXIS2_PLACEMENT_3D('',#6872,#994,$);
#952=AXIS2_PLACEMENT_3D('',#6873,#995,$);
#953=AXIS2_PLACEMENT_3D('',#6874,#996,$);
#954=AXIS2_PLACEMENT_3D('',#6875,#997,$);
#955=AXIS2_PLACEMENT_3D('',#6876,#998,$);
#956=AXIS2_PLACEMENT_3D('',#6877,#999,$);
#957=AXIS2_PLACEMENT_3D('',#6878,#1000,$);
#958=AXIS2_PLACEMENT_3D('',#6879,#1001,$);
#959=AXIS2_PLACEMENT_3D('',#6880,#1002,$);
#960=AXIS2_PLACEMENT_3D('',#6881,#1003,$);
#961=AXIS2_PLACEMENT_3D('',#6882,#1004,$);
#962=AXIS2_PLACEMENT_3D('',#6883,#1005,$);
#963=AXIS2_PLACEMENT_3D('',#10409,#1006,#1007);
#964=DIRECTION('',(0.,0.,1.));
#965=DIRECTION('',(1.,0.,0.));
#966=DIRECTION('',(0.,0.,1.));
#967=DIRECTION('',(-6.70078870827234E-17,6.70078870827229E-17,-1.));
#968=DIRECTION('',(0.,0.,-1.));
#969=DIRECTION('',(0.,0.,-1.));
#970=DIRECTION('',(0.,0.,-1.));
#971=DIRECTION('',(1.51621540317363E-15,6.2803698347351E-16,1.));
#972=DIRECTION('',(4.44089209850064E-16,4.44089209850062E-16,1.));
#973=DIRECTION('',(-6.28036983473517E-16,-1.51621540317364E-15,1.));
#974=DIRECTION('',(4.44089209850056E-16,4.44089209850068E-16,1.));
#975=DIRECTION('',(-1.,0.,0.));
#976=DIRECTION('',(-2.7608977029304E-15,1.8135073885836E-15,-1.));
#977=DIRECTION('',(0.,1.,0.));
#978=DIRECTION('',(-1.61729643005189E-15,-6.69906115705088E-16,-1.));
#979=DIRECTION('',(1.,0.,0.));
#980=DIRECTION('',(-1.61729643005187E-15,6.6990611570507E-16,-1.));
#981=DIRECTION('',(0.,-1.,0.));
#982=DIRECTION('',(-4.736951571734E-16,4.73695157173402E-16,-1.));
#983=DIRECTION('',(0.,0.,1.));
#984=DIRECTION('',(1.30745518529969E-13,1.27636894061018E-13,-1.));
#985=DIRECTION('',(6.97801764528437E-14,-7.06683548725438E-14,1.));
#986=DIRECTION('',(-3.12375105487056E-14,-3.52343134373562E-14,1.));
#987=DIRECTION('',(1.85940408337477E-14,-2.21467545125482E-14,-1.));
#988=DIRECTION('',(1.60818928998536E-15,-1.60818928998536E-15,1.));
#989=DIRECTION('',(-3.21637857997073E-15,-3.21637857997073E-15,-1.));
#990=DIRECTION('',(1.60818928998536E-15,-1.60818928998536E-15,-1.));
#991=DIRECTION('',(0.,0.,-1.));
#992=DIRECTION('',(0.,0.,1.));
#993=DIRECTION('',(0.,-1.,0.));
#994=DIRECTION('',(-1.,0.,0.));
#995=DIRECTION('',(0.,1.,0.));
#996=DIRECTION('',(1.,0.,0.));
#997=DIRECTION('',(0.,0.,-1.));
#998=DIRECTION('',(1.67519717706807E-17,1.67519717706808E-17,-1.));
#999=DIRECTION('',(0.,0.,-1.));
#1000=DIRECTION('',(0.,0.,-1.));
#1001=DIRECTION('',(-1.,0.,0.));
#1002=DIRECTION('',(1.,0.,0.));
#1003=DIRECTION('',(0.,-1.,0.));
#1004=DIRECTION('',(0.,1.,0.));
#1005=DIRECTION('',(0.,0.,-1.));
#1006=DIRECTION('',(0.,0.,1.));
#1007=DIRECTION('',(1.,0.,0.));
#1008=CARTESIAN_POINT('',(0.,0.,0.));
#1009=CARTESIAN_POINT('',(-225.999993640081,-120.,-1.28413073596789E-6));
#1010=CARTESIAN_POINT('',(-185.672540470096,-72.2158044362914,2.29102683109119));
#1011=CARTESIAN_POINT('',(-181.13819905746,-70.0941991736174,2.23288384114721));
#1012=CARTESIAN_POINT('',(-185.537438404298,-72.4738102948695,2.19021091947494));
#1013=CARTESIAN_POINT('',(-180.979454649777,-70.425179994304,2.19290553452353));
#1014=CARTESIAN_POINT('',(-185.431319618937,-72.7522379347861,2.10979254366348));
#1015=CARTESIAN_POINT('',(-180.836845870272,-70.7643264604271,2.157157073413));
#1016=CARTESIAN_POINT('',(-185.382979402725,-72.9493949855123,2.07518150612055));
#1017=CARTESIAN_POINT('',(-180.752948485989,-70.9951767870175,2.13655047570819));
#1018=CARTESIAN_POINT('',(-185.3281226743,-73.2498984347553,2.03792581935281));
#1019=CARTESIAN_POINT('',(-180.63554592973,-71.3445413059783,2.10787167406394));
#1020=CARTESIAN_POINT('',(-185.315756306951,-73.4574494885608,2.03366382188992));
#1021=CARTESIAN_POINT('',(-180.568887100255,-71.581554836531,2.09178709962509));
#1022=CARTESIAN_POINT('',(-185.329605804621,-73.8663979200846,2.05993419435177));
#1023=CARTESIAN_POINT('',(-180.459031006081,-72.0612865021938,2.06575893347983));
#1024=CARTESIAN_POINT('',(-185.355246242838,-74.06909518477,2.0899311679402));
#1025=CARTESIAN_POINT('',(-180.415772599693,-72.3040641320663,2.05581201120043));
#1026=CARTESIAN_POINT('',(-185.429804077746,-74.4644216946704,2.16958324601811));
#1027=CARTESIAN_POINT('',(-180.353135978713,-72.7926886242149,2.04251015481186));
#1028=CARTESIAN_POINT('',(-185.478630828825,-74.6584045102577,2.21921007789343));
#1029=CARTESIAN_POINT('',(-180.333519451265,-73.0383527809945,2.03916249256483));
#1030=CARTESIAN_POINT('',(-185.646128696649,-75.2270583954655,2.38480078744704));
#1031=CARTESIAN_POINT('',(-180.308900421154,-73.7781005512613,2.04030652249148));
#1032=CARTESIAN_POINT('',(-185.784662633686,-75.5921549089005,2.51422076517037));
#1033=CARTESIAN_POINT('',(-180.338437493994,-74.2708010090134,2.05636705924385));
#1034=CARTESIAN_POINT('',(-186.081492948552,-76.3086551389861,2.78460677255072));
#1035=CARTESIAN_POINT('',(-180.476107542595,-75.2455262492444,2.12794843613878));
#1036=CARTESIAN_POINT('',(-186.240736405525,-76.6592121498579,2.92652377878736));
#1037=CARTESIAN_POINT('',(-180.583283233761,-75.72359262382,2.18390804335897));
#1038=CARTESIAN_POINT('',(-186.56770633712,-77.354550607695,3.21550643450304));
#1039=CARTESIAN_POINT('',(-180.852726369698,-76.6596899585113,2.3420035955707));
#1040=CARTESIAN_POINT('',(-186.735564471903,-77.6989621832981,3.36335558745705));
#1041=CARTESIAN_POINT('',(-181.013996851669,-77.1147710712869,2.44236034901377));
#1042=CARTESIAN_POINT('',(-187.072349410763,-78.384736133863,3.66331174230627));
#1043=CARTESIAN_POINT('',(-181.366060075076,-78.003504404257,2.68344595559707));
#1044=CARTESIAN_POINT('',(-187.241750481143,-78.7266611648229,3.81645675366955));
#1045=CARTESIAN_POINT('',(-181.556421359246,-78.4370909584959,2.82193687157283));
#1046=CARTESIAN_POINT('',(-187.574814382814,-79.4099560664929,4.1252715924848));
#1047=CARTESIAN_POINT('',(-181.949398343535,-79.2887373557646,3.12319003419751));
#1048=CARTESIAN_POINT('',(-187.739239135019,-79.7524306143048,4.2812065664139));
#1049=CARTESIAN_POINT('',(-182.152284960358,-79.7078965846713,3.28784181716929));
#1050=CARTESIAN_POINT('',(-188.058085555827,-80.442416491398,4.59162749447797));
#1051=CARTESIAN_POINT('',(-182.55789806813,-80.5358119586731,3.63389568932377));
#1052=CARTESIAN_POINT('',(-188.21245304841,-80.7898376418248,4.74603388101982));
#1053=CARTESIAN_POINT('',(-182.761464699927,-80.9454518968696,3.81947828573928));
#1054=CARTESIAN_POINT('',(-188.506569646726,-81.4945461797481,5.04933521379694));
#1055=CARTESIAN_POINT('',(-183.156521942699,-81.7585003559852,4.21091857805638));
#1056=CARTESIAN_POINT('',(-188.645671294849,-81.8505532554034,5.19777862110813));
#1057=CARTESIAN_POINT('',(-183.349086240065,-82.1634943717518,4.41774652995804));
#1058=CARTESIAN_POINT('',(-188.905267735266,-82.575179549051,5.48457924567764));
#1059=CARTESIAN_POINT('',(-183.710079586858,-82.9738403835304,4.84555127469159));
#1060=CARTESIAN_POINT('',(-189.024496413481,-82.9424808171509,5.62372461089048));
#1061=CARTESIAN_POINT('',(-183.879189975939,-83.3810943246199,5.06727341748465));
#1062=CARTESIAN_POINT('',(-189.15767150325,-83.4105255600814,5.78687638805356));
#1063=CARTESIAN_POINT('',(-184.068600530492,-83.8987330683528,5.34207587288052));
#1064=CARTESIAN_POINT('',(-189.183536077068,-83.5045044158087,5.81887164744941));
#1065=CARTESIAN_POINT('',(-184.105534078747,-84.0030150926341,5.39595347651496));
#1066=CARTESIAN_POINT('',(-189.233705080642,-83.6936629573852,5.88163907590503));
#1067=CARTESIAN_POINT('',(-184.176346764695,-84.2108520718311,5.50736466908927));
#1068=CARTESIAN_POINT('',(-189.257857951935,-83.7881899289127,5.91218305854905));
#1069=CARTESIAN_POINT('',(-184.210576456623,-84.3158577626418,5.56353515136999));
#1070=CARTESIAN_POINT('',(-189.328215138468,-84.0748993087361,6.00202476069953));
#1071=CARTESIAN_POINT('',(-184.308560186792,-84.6312952888966,5.72828160316169));
#1072=CARTESIAN_POINT('',(-189.371544698827,-84.2670176230044,6.05853277307042));
#1073=CARTESIAN_POINT('',(-184.368642551735,-84.8452941316709,5.83573476436934));
#1074=CARTESIAN_POINT('',(-189.450976772792,-84.6558263393015,6.16377309893252));
#1075=CARTESIAN_POINT('',(-184.476144060516,-85.2814753673581,6.03746440936328));
#1076=CARTESIAN_POINT('',(-189.486924710442,-84.8517603470959,6.21230507461939));
#1077=CARTESIAN_POINT('',(-184.523974440371,-85.5046469605124,6.13270137003792));
#1078=CARTESIAN_POINT('',(-189.550752275044,-85.2486254302414,6.29965201079164));
#1079=CARTESIAN_POINT('',(-184.603292441005,-85.9608809191939,6.29976094335692));
#1080=CARTESIAN_POINT('',(-189.578322174208,-85.4474438778241,6.33804090293447));
#1081=CARTESIAN_POINT('',(-184.635200528409,-86.1957859947108,6.37238908279145));
#1082=CARTESIAN_POINT('',(-189.613007582902,-85.7500905703264,6.38688601801595));
#1083=CARTESIAN_POINT('',(-184.665994361048,-86.5557276048519,6.44654296519522));
#1084=CARTESIAN_POINT('',(-189.623341506232,-85.8507617948069,6.40154861592108));
#1085=CARTESIAN_POINT('',(-184.673443493594,-86.6783467963774,6.46535751359415));
#1086=CARTESIAN_POINT('',(-189.641688825697,-86.054146415792,6.42772884683921));
#1087=CARTESIAN_POINT('',(-184.681387348183,-86.9232094009139,6.48616028740179));
#1088=CARTESIAN_POINT('',(-189.649555878459,-86.1552151055544,6.43903738986059));
#1089=CARTESIAN_POINT('',(-184.681729579645,-87.0467449238117,6.48716693191617));
#1090=CARTESIAN_POINT('',(-189.669463393816,-86.4615167942584,6.46780146473251));
#1091=CARTESIAN_POINT('',(-184.671430926553,-87.4158473776715,6.45984575763328));
#1092=CARTESIAN_POINT('',(-189.677510207108,-86.6661172070051,6.47965373744317));
#1093=CARTESIAN_POINT('',(-184.650682681818,-87.6577810626291,6.40796114018767));
#1094=CARTESIAN_POINT('',(-189.682315753578,-87.0769746264114,6.48677840688762));
#1095=CARTESIAN_POINT('',(-184.590314100294,-88.1266161169267,6.27191520791235));
#1096=CARTESIAN_POINT('',(-189.678890367238,-87.282189061576,6.4816437828303));
#1097=CARTESIAN_POINT('',(-184.550521112356,-88.355948625499,6.18679918673988));
#1098=CARTESIAN_POINT('',(-189.661192432868,-87.6916566328598,6.45581542334482));
#1099=CARTESIAN_POINT('',(-184.457283638471,-88.8020555857888,6.00123152925622));
#1100=CARTESIAN_POINT('',(-189.646985448069,-87.8952081109371,6.43523586621659));
#1101=CARTESIAN_POINT('',(-184.403538669166,-89.0209886779371,5.89946024470069));
#1102=CARTESIAN_POINT('',(-189.608751170504,-88.3006193943613,6.38079440891308));
#1103=CARTESIAN_POINT('',(-184.284973166454,-89.4493450012026,5.68763722290754));
#1104=CARTESIAN_POINT('',(-189.584820942088,-88.5015196944669,6.34707180781289));
#1105=CARTESIAN_POINT('',(-184.219831421857,-89.6599179176912,5.57695615159895));
#1106=CARTESIAN_POINT('',(-189.542321325144,-88.8009985224057,6.2881888701153));
#1107=CARTESIAN_POINT('',(-184.114393145355,-89.9716192559156,5.40921549467803));
#1108=CARTESIAN_POINT('',(-189.527129737776,-88.8999958120069,6.26728192178852));
#1109=CARTESIAN_POINT('',(-184.07753915523,-90.0762233384955,5.35528242918454));
#1110=CARTESIAN_POINT('',(-189.49451293934,-89.098212460467,6.22275975791359));
#1111=CARTESIAN_POINT('',(-184.001975142409,-90.2838183645126,5.24510390705931));
#1112=CARTESIAN_POINT('',(-189.477251096148,-89.1964305772162,6.19936669004655));
#1113=CARTESIAN_POINT('',(-183.963259085666,-90.38671371543,5.19030698977247));
#1114=CARTESIAN_POINT('',(-189.385925381712,-89.6860579710169,6.07667054132221));
#1115=CARTESIAN_POINT('',(-183.764259055434,-90.9004824672459,4.91504129567895));
#1116=CARTESIAN_POINT('',(-189.297351407324,-90.070701102105,5.96083606277063));
#1117=CARTESIAN_POINT('',(-183.588770202944,-91.3060291807194,4.69552745374361));
#1118=CARTESIAN_POINT('',(-189.094797507456,-90.8250839286752,5.70835388383036));
#1119=CARTESIAN_POINT('',(-183.217647236299,-92.1157615593665,4.27479466511315));
#1120=CARTESIAN_POINT('',(-188.980765399402,-91.1951284494294,5.57162022499937));
#1121=CARTESIAN_POINT('',(-183.021641321576,-92.5211996211858,4.07288260869331));
#1122=CARTESIAN_POINT('',(-188.729768207172,-91.9242426850806,5.28913403073553));
#1123=CARTESIAN_POINT('',(-182.622009785513,-93.3367781208565,3.69028795146426));
#1124=CARTESIAN_POINT('',(-188.594141618043,-92.2829338795455,5.14232658848313));
#1125=CARTESIAN_POINT('',(-182.417494262577,-93.7484814615059,3.51154632539101));
#1126=CARTESIAN_POINT('',(-188.306750201491,-92.9908900867097,4.84189795780152));
#1127=CARTESIAN_POINT('',(-182.012751878251,-94.581194258137,3.17409860402861));
#1128=CARTESIAN_POINT('',(-188.155063085406,-93.340030159296,4.68830527619123));
#1129=CARTESIAN_POINT('',(-181.81185609161,-95.0021442639352,3.0149892113528));
#1130=CARTESIAN_POINT('',(-187.84050946268,-94.0324955872559,4.37861630070582));
#1131=CARTESIAN_POINT('',(-181.425224893269,-95.8617395944439,2.72616632669221));
#1132=CARTESIAN_POINT('',(-187.67767419237,-94.3758165971344,4.22255574340442));
#1133=CARTESIAN_POINT('',(-181.239844003826,-96.2996080329203,2.59436543816251));
#1134=CARTESIAN_POINT('',(-187.346531290352,-95.0601118202662,3.91260657876053));
#1135=CARTESIAN_POINT('',(-180.902499160339,-97.1983383284316,2.37161421176232));
#1136=CARTESIAN_POINT('',(-187.178180830389,-95.4010522559056,3.75878107547415));
#1137=CARTESIAN_POINT('',(-180.751132314453,-97.6600620124063,2.28107024968017));
#1138=CARTESIAN_POINT('',(-186.84085506057,-96.0860612348408,3.45653787927244));
#1139=CARTESIAN_POINT('',(-180.508083036239,-98.6050184538353,2.14331095807219));
#1140=CARTESIAN_POINT('',(-186.672378873465,-96.4292857428914,3.30787299425656));
#1141=CARTESIAN_POINT('',(-180.416462131018,-99.0895310064909,2.09736996403723));
#1142=CARTESIAN_POINT('',(-186.341798008327,-97.1226456611585,3.01589694879195));
#1143=CARTESIAN_POINT('',(-180.315649156943,-100.067953820197,2.04358760464632));
#1144=CARTESIAN_POINT('',(-186.179993960009,-97.4712239193489,2.87283222264313));
#1145=CARTESIAN_POINT('',(-180.306268145155,-100.563456637048,2.03540187715487));
#1146=CARTESIAN_POINT('',(-185.874755125505,-98.181544775154,2.59701343553349));
#1147=CARTESIAN_POINT('',(-180.381364502496,-101.545655395129,2.04731866138633));
#1148=CARTESIAN_POINT('',(-185.730180459321,-98.5431111589,2.46405971135406));
#1149=CARTESIAN_POINT('',(-180.46543064812,-102.033613714981,2.0671602848536));
#1150=CARTESIAN_POINT('',(-185.546479841917,-99.1032746816873,2.28669452037534));
#1151=CARTESIAN_POINT('',(-180.662972905117,-102.744567803552,2.11427055625958));
#1152=CARTESIAN_POINT('',(-185.491044300452,-99.2934712307424,2.23172474057344));
#1153=CARTESIAN_POINT('',(-180.740164517642,-102.977896219001,2.13338570114489));
#1154=CARTESIAN_POINT('',(-185.398859688559,-99.6818449855809,2.13723379330881));
#1155=CARTESIAN_POINT('',(-180.917399887344,-103.435489125605,2.17761174398561));
#1156=CARTESIAN_POINT('',(-185.361904536081,-99.8812815544852,2.09753485618186));
#1157=CARTESIAN_POINT('',(-181.017418459753,-103.660145700514,2.2020806152712));
#1158=CARTESIAN_POINT('',(-185.319293280192,-100.28542052389,2.04544348810873));
#1159=CARTESIAN_POINT('',(-181.238038782184,-104.097051897579,2.25823530975194));
#1160=CARTESIAN_POINT('',(-185.313936028154,-100.492525644264,2.03388282103777));
#1161=CARTESIAN_POINT('',(-181.358728431211,-104.309855698905,2.28871275812762));
#1162=CARTESIAN_POINT('',(-185.34828833079,-100.90099238316,2.0502995376769));
#1163=CARTESIAN_POINT('',(-181.61936825962,-104.722677438343,2.35593930576144));
#1164=CARTESIAN_POINT('',(-185.38876576433,-101.102625897777,2.07871690275329));
#1165=CARTESIAN_POINT('',(-181.759342626069,-104.923035304157,2.39270937922996));
#1166=CARTESIAN_POINT('',(-185.515403985718,-101.481795446457,2.17274515286178));
#1167=CARTESIAN_POINT('',(-182.0552727647,-105.308312152496,2.47532060756004));
#1168=CARTESIAN_POINT('',(-185.600461368717,-101.658431000623,2.23871623818409));
#1169=CARTESIAN_POINT('',(-182.211000288288,-105.493484354033,2.52085874923779));
#1170=CARTESIAN_POINT('',(-185.802385241168,-101.985945637299,2.38346068156293));
#1171=CARTESIAN_POINT('',(-182.536088467973,-105.849318935176,2.62631204887342));
#1172=CARTESIAN_POINT('',(-185.917837985336,-102.135016123661,2.46482226623525));
#1173=CARTESIAN_POINT('',(-182.704839015956,-106.019440038082,2.68441575681624));
#1174=CARTESIAN_POINT('',(-186.164063074293,-102.409677380344,2.64664366368237));
#1175=CARTESIAN_POINT('',(-183.051735133349,-106.344849940145,2.8121820804191));
#1176=CARTESIAN_POINT('',(-186.29395916523,-102.534833528992,2.74413817706787));
#1177=CARTESIAN_POINT('',(-183.230102206635,-106.500232836275,2.88403222039091));
#1178=CARTESIAN_POINT('',(-186.562006001263,-102.769603793685,2.94886108560609));
#1179=CARTESIAN_POINT('',(-183.591861991558,-106.796281086663,3.03814900371936));
#1180=CARTESIAN_POINT('',(-186.699606705502,-102.878613407105,3.05544905877496));
#1181=CARTESIAN_POINT('',(-183.776070213907,-106.937405913665,3.12255134939585));
#1182=CARTESIAN_POINT('',(-187.117686148395,-103.188671289258,3.3843007390211));
#1183=CARTESIAN_POINT('',(-184.330802267593,-107.34087480604,3.39850522523617));
#1184=CARTESIAN_POINT('',(-187.403278018431,-103.373647728519,3.61484898477291));
#1185=CARTESIAN_POINT('',(-184.705464831581,-107.584691922355,3.60792897149253));
#1186=CARTESIAN_POINT('',(-187.975503209813,-103.721962548965,4.08967013194885));
#1187=CARTESIAN_POINT('',(-185.4460582425,-108.036104819866,4.07745164791161));
#1188=CARTESIAN_POINT('',(-188.262048581413,-103.884755379392,4.33425913258593));
#1189=CARTESIAN_POINT('',(-185.809830720684,-108.242670188429,4.33934029530636));
#1190=CARTESIAN_POINT('',(-188.828537175978,-104.200254024022,4.83757370263895));
#1191=CARTESIAN_POINT('',(-186.511966832601,-108.63266479187,4.91056403904959));
#1192=CARTESIAN_POINT('',(-189.109177926022,-104.353122894582,5.09668916809903));
#1193=CARTESIAN_POINT('',(-186.848204409935,-108.815084723413,5.22269301067236));
#1194=CARTESIAN_POINT('',(-189.5180756674,-104.577271042761,5.49791428001392));
#1195=CARTESIAN_POINT('',(-187.323290047888,-109.076819255446,5.72513666040256));
#1196=CARTESIAN_POINT('',(-189.652981736119,-104.651410744058,5.63449236317251));
#1197=CARTESIAN_POINT('',(-187.476201792606,-109.161382989561,5.89967215056192));
#1198=CARTESIAN_POINT('',(-189.850434305813,-104.761077791713,5.84293336774407));
#1199=CARTESIAN_POINT('',(-187.672239604614,-109.272627473015,6.19291017560692));
#1200=CARTESIAN_POINT('',(-189.916066654089,-104.797731817626,5.91371252824901));
#1201=CARTESIAN_POINT('',(-187.731878534116,-109.307110117157,6.29581204527334));
#1202=CARTESIAN_POINT('',(-190.044506137276,-104.870037620248,6.05582850345143));
#1203=CARTESIAN_POINT('',(-187.848731115588,-109.376216296902,6.50117612285415));
#1204=CARTESIAN_POINT('',(-190.108182707299,-104.906198413848,6.12805440509843));
#1205=CARTESIAN_POINT('',(-187.906165488063,-109.410943366052,6.6046712547783));
#1206=CARTESIAN_POINT('',(-190.295175168477,-105.013523378172,6.34734396025859));
#1207=CARTESIAN_POINT('',(-188.078033192926,-109.51700046132,6.91384495893725));
#1208=CARTESIAN_POINT('',(-190.414905586556,-105.084238304728,6.4990715375612));
#1209=CARTESIAN_POINT('',(-188.194846693664,-109.592115390673,7.11770076833396));
#1210=CARTESIAN_POINT('',(-190.658795876633,-105.23353934765,6.79345535702466));
#1211=CARTESIAN_POINT('',(-188.438858227349,-109.755433191333,7.51341150390123));
#1212=CARTESIAN_POINT('',(-190.780300212624,-105.310285861518,6.93971000198234));
#1213=CARTESIAN_POINT('',(-188.564510905681,-109.842546972484,7.70672319885945));
#1214=CARTESIAN_POINT('',(-191.024285533454,-105.468889841687,7.22927190499944));
#1215=CARTESIAN_POINT('',(-188.821367688963,-110.026044839827,8.08546214006642));
#1216=CARTESIAN_POINT('',(-191.146289187296,-105.550425832315,7.37263089864242));
#1217=CARTESIAN_POINT('',(-188.952234925236,-110.122202638475,8.27088600656855));
#1218=CARTESIAN_POINT('',(-191.391015251186,-105.718113622439,7.65711292571399));
#1219=CARTESIAN_POINT('',(-189.217780828711,-110.322336648274,8.63469676365752));
#1220=CARTESIAN_POINT('',(-191.513002517325,-105.803751608498,7.79744345337701));
#1221=CARTESIAN_POINT('',(-189.352514262341,-110.426317442269,8.81254390883532));
#1222=CARTESIAN_POINT('',(-191.880495362086,-106.067403040022,8.21589865842967));
#1223=CARTESIAN_POINT('',(-189.764590504048,-110.750560545103,9.3342330642805));
#1224=CARTESIAN_POINT('',(-192.125586103878,-106.250769804913,8.48925506561417));
#1225=CARTESIAN_POINT('',(-190.051329554282,-110.983909680964,9.66073003634244));
#1226=CARTESIAN_POINT('',(-192.616768047884,-106.630637138137,9.02660518404041));
#1227=CARTESIAN_POINT('',(-190.638646320482,-111.467697237868,10.2870912047756));
#1228=CARTESIAN_POINT('',(-192.8625510606,-106.826869346042,9.29021219551666));
#1229=CARTESIAN_POINT('',(-190.944494900917,-111.722913811906,10.5795720452354));
#1230=CARTESIAN_POINT('',(-193.357839404416,-107.22895762697,9.80710285440554));
#1231=CARTESIAN_POINT('',(-191.580052126889,-112.244500065388,11.1213795096357));
#1232=CARTESIAN_POINT('',(-193.607152509446,-107.434740949652,10.0603900362577));
#1233=CARTESIAN_POINT('',(-191.910925993856,-112.512091024622,11.373470590565));
#1234=CARTESIAN_POINT('',(-194.112093341734,-107.853128249458,10.5541183979656));
#1235=CARTESIAN_POINT('',(-192.600466680454,-113.047863912385,11.828748048074));
#1236=CARTESIAN_POINT('',(-194.368441183013,-108.065756245843,10.7948674394642));
#1237=CARTESIAN_POINT('',(-192.960888518819,-113.31762617906,12.0330528360388));
#1238=CARTESIAN_POINT('',(-194.893743778729,-108.493444895869,11.2583329482854));
#1239=CARTESIAN_POINT('',(-193.714290908756,-113.844611241507,12.3869237148044));
#1240=CARTESIAN_POINT('',(-195.163108557644,-108.708954338594,11.4815757244513));
#1241=CARTESIAN_POINT('',(-194.106808125959,-114.101429537429,12.5409145064579));
#1242=CARTESIAN_POINT('',(-195.722238863907,-109.138695489638,11.9018324730949));
#1243=CARTESIAN_POINT('',(-194.922306167026,-114.589385938256,12.803440082717));
#1244=CARTESIAN_POINT('',(-196.012245256114,-109.353223270219,12.0986715599647));
#1245=CARTESIAN_POINT('',(-195.344726400545,-114.820117880592,12.9121244102949));
#1246=CARTESIAN_POINT('',(-196.621467467267,-109.771875690868,12.4566143651386));
#1247=CARTESIAN_POINT('',(-196.216579886387,-115.243784811206,13.0917079528536));
#1248=CARTESIAN_POINT('',(-196.940324036432,-109.975741598181,12.6172453564929));
#1249=CARTESIAN_POINT('',(-196.665216986587,-115.436438811471,13.1639092951101));
#1250=CARTESIAN_POINT('',(-197.6108757817,-110.36116297961,12.8936487786096));
#1251=CARTESIAN_POINT('',(-197.583501406213,-115.775968841702,13.2807901834985));
#1252=CARTESIAN_POINT('',(-197.962058976422,-110.541632479129,13.0094295224818));
#1253=CARTESIAN_POINT('',(-198.052384805946,-115.922831415355,13.3255755096342));
#1254=CARTESIAN_POINT('',(-198.69408931806,-110.862816437828,13.1970570111762));
#1255=CARTESIAN_POINT('',(-199.004800860505,-116.166841739532,13.3939071762));
#1256=CARTESIAN_POINT('',(-199.074623439786,-111.003020784424,13.2689550898755));
#1257=CARTESIAN_POINT('',(-199.488421936243,-116.263805025797,13.4183793349156));
#1258=CARTESIAN_POINT('',(-199.85571527585,-111.232360717339,13.3751748927019));
#1259=CARTESIAN_POINT('',(-200.462924807437,-116.40595771379,13.4521007175824));
#1260=CARTESIAN_POINT('',(-200.256321037505,-111.321204324503,13.4106208159685));
#1261=CARTESIAN_POINT('',(-200.954701324772,-116.451324445348,13.4614246849914));
#1262=CARTESIAN_POINT('',(-201.067125185168,-111.4427735068,13.4559158467984));
#1263=CARTESIAN_POINT('',(-201.939126303785,-116.490520503106,13.4689035173991));
#1264=CARTESIAN_POINT('',(-201.477102406752,-111.475745145791,13.4655388027391));
#1265=CARTESIAN_POINT('',(-202.433283402798,-116.484742901738,13.4680574109813));
#1266=CARTESIAN_POINT('',(-202.298003284362,-111.487024076978,13.4686698811884));
#1267=CARTESIAN_POINT('',(-203.41649846262,-116.421862729207,13.4552469015251));
#1268=CARTESIAN_POINT('',(-202.708982892702,-111.465653283988,13.4632026600496));
#1269=CARTESIAN_POINT('',(-203.906353687997,-116.3647210739,13.4428805449504));
#1270=CARTESIAN_POINT('',(-203.523402706481,-111.367167547225,13.4283850989219));
#1271=CARTESIAN_POINT('',(-204.877353518055,-116.198851579869,13.4018355471631));
#1272=CARTESIAN_POINT('',(-203.926619067909,-111.290017752919,13.3988993493553));
#1273=CARTESIAN_POINT('',(-205.358247399276,-116.090118098418,13.3735494589629));
#1274=CARTESIAN_POINT('',(-204.715773861656,-111.08214545072,13.3073170342861));
#1275=CARTESIAN_POINT('',(-206.30343551151,-115.823457609737,13.295226999905));
#1276=CARTESIAN_POINT('',(-205.10117094599,-110.95202719402,13.2440048798032));
#1277=CARTESIAN_POINT('',(-206.768481005669,-115.665656881359,13.2448263155809));
#1278=CARTESIAN_POINT('',(-205.844981350443,-110.648125047417,13.0743411830584));
#1279=CARTESIAN_POINT('',(-207.676872698424,-115.305536935576,13.1147828792114));
#1280=CARTESIAN_POINT('',(-206.202954293726,-110.474655256809,12.9679002082052));
#1281=CARTESIAN_POINT('',(-208.120287939572,-115.103142155968,13.0354327820936));
#1282=CARTESIAN_POINT('',(-206.886510712064,-110.100052615711,12.7101986393346));
#1283=CARTESIAN_POINT('',(-208.979518143974,-114.662831189692,12.838425451418));
#1284=CARTESIAN_POINT('',(-207.212358020536,-109.899400867073,12.5583711137483));
#1285=CARTESIAN_POINT('',(-209.395711708763,-114.424702013102,12.7197217754658));
#1286=CARTESIAN_POINT('',(-207.833691143515,-109.48583028677,12.2158592612205));
#1287=CARTESIAN_POINT('',(-210.197429959378,-113.925452469477,12.4361842393537));
#1288=CARTESIAN_POINT('',(-208.128812112504,-109.272879639276,12.0259743178636));
#1289=CARTESIAN_POINT('',(-210.582207244981,-113.664729032263,12.2721707497398));
#1290=CARTESIAN_POINT('',(-208.697253663273,-108.843662080536,11.6170295095258));
#1291=CARTESIAN_POINT('',(-211.321819809694,-113.13196233466,11.8946018051971));
#1292=CARTESIAN_POINT('',(-208.969973035597,-108.628195624615,11.3985689707691));
#1293=CARTESIAN_POINT('',(-211.673439647615,-112.862827215943,11.6784053156094));
#1294=CARTESIAN_POINT('',(-209.501627211468,-108.199023200178,10.9423202171168));
#1295=CARTESIAN_POINT('',(-212.350712439545,-112.32774552774,11.2017011144476));
#1296=CARTESIAN_POINT('',(-209.75968610928,-107.98589247299,10.7051621194182));
#1297=CARTESIAN_POINT('',(-212.675010869153,-112.062517730498,10.9402541642683));
#1298=CARTESIAN_POINT('',(-210.141160828896,-107.669991299105,10.3388145747171));
#1299=CARTESIAN_POINT('',(-213.143671723109,-111.675602578831,10.5196262528822));
#1300=CARTESIAN_POINT('',(-210.266869387596,-107.565727274124,10.2153568980462));
#1301=CARTESIAN_POINT('',(-213.296421075569,-111.548867448529,10.3742038001734));
#1302=CARTESIAN_POINT('',(-210.518048416818,-107.358244436667,9.96437652288794));
#1303=CARTESIAN_POINT('',(-213.596915132333,-111.30007871064,10.0718076153451));
#1304=CARTESIAN_POINT('',(-210.642428773953,-107.255924353535,9.83795441894882));
#1305=CARTESIAN_POINT('',(-213.743434156922,-111.179156307601,9.91607974557027));
#1306=CARTESIAN_POINT('',(-210.891097966911,-107.052739286537,9.58147067143478));
#1307=CARTESIAN_POINT('',(-214.033507957781,-110.941808601737,9.59582137727015));
#1308=CARTESIAN_POINT('',(-211.014510188912,-106.952608515249,9.45231010678502));
#1309=CARTESIAN_POINT('',(-214.176815351233,-110.825475670552,9.43202683368441));
#1310=CARTESIAN_POINT('',(-211.261268278397,-106.754453555774,9.19079856720627));
#1311=CARTESIAN_POINT('',(-214.457772874885,-110.600591686428,9.095295298972));
#1312=CARTESIAN_POINT('',(-211.384339945145,-106.656660064818,9.05873617323847));
#1313=CARTESIAN_POINT('',(-214.594859735342,-110.492403086669,8.92187008837309));
#1314=CARTESIAN_POINT('',(-211.630093824191,-106.464127505533,8.79213501169167));
#1315=CARTESIAN_POINT('',(-214.865298639692,-110.283503249664,8.56642878702984));
#1316=CARTESIAN_POINT('',(-211.752826984967,-106.369418002094,8.65765067032005));
#1317=CARTESIAN_POINT('',(-214.99818488311,-110.183086211834,8.38474290130841));
#1318=CARTESIAN_POINT('',(-211.998395702153,-106.183230552359,8.38591486790657));
#1319=CARTESIAN_POINT('',(-215.260204411474,-109.990217147518,8.01396932869368));
#1320=CARTESIAN_POINT('',(-212.1207489356,-106.092099357427,8.2491753375799));
#1321=CARTESIAN_POINT('',(-215.388624386542,-109.898226485832,7.82572783897589));
#1322=CARTESIAN_POINT('',(-212.365862190591,-105.913158396841,7.9724397963851));
#1323=CARTESIAN_POINT('',(-215.640319790659,-109.723372536129,7.43910827308823));
#1324=CARTESIAN_POINT('',(-212.48818411657,-105.825671516949,7.83293251562766));
#1325=CARTESIAN_POINT('',(-215.762570639773,-109.641269445498,7.24199195895067));
#1326=CARTESIAN_POINT('',(-212.73286365108,-105.654642064862,7.55095357635467));
#1327=CARTESIAN_POINT('',(-215.998687281375,-109.488856108891,6.83668036180301));
#1328=CARTESIAN_POINT('',(-212.854929924723,-105.571299852617,7.40881962540513));
#1329=CARTESIAN_POINT('',(-216.111347887591,-109.419142026483,6.62885724845159));
#1330=CARTESIAN_POINT('',(-213.038326061953,-105.449330172718,7.19298561547829));
#1331=CARTESIAN_POINT('',(-216.286111493972,-109.315376719949,6.32042905937256));
#1332=CARTESIAN_POINT('',(-213.09905121301,-105.409482365778,7.12114079285039));
#1333=CARTESIAN_POINT('',(-216.345176812353,-109.281113181872,6.21742101599823));
#1334=CARTESIAN_POINT('',(-213.221119512305,-105.330501199866,6.97594559398933));
#1335=CARTESIAN_POINT('',(-216.473723470181,-109.207952949581,6.02066475022375));
#1336=CARTESIAN_POINT('',(-213.282206754822,-105.291542954677,6.90289599208767));
#1337=CARTESIAN_POINT('',(-216.54430704687,-109.168398478576,5.92689387924556));
#1338=CARTESIAN_POINT('',(-213.40368880238,-105.215227773069,6.75682776363816));
#1339=CARTESIAN_POINT('',(-216.691703778404,-109.086408800279,5.74800931912585));
#1340=CARTESIAN_POINT('',(-213.46457735971,-105.177557751586,6.68324996382053));
#1341=CARTESIAN_POINT('',(-216.769508544496,-109.043415609789,5.66155709157788));
#1342=CARTESIAN_POINT('',(-213.586341833923,-105.103446310958,6.5351721230587));
#1343=CARTESIAN_POINT('',(-216.926962557349,-108.956685261087,5.49370313341823));
#1344=CARTESIAN_POINT('',(-213.646995186274,-105.067124760009,6.46130812291542));
#1345=CARTESIAN_POINT('',(-217.007225330508,-108.912617228509,5.41127512286717));
#1346=CARTESIAN_POINT('',(-213.829036051701,-104.960054563113,6.23629571446385));
#1347=CARTESIAN_POINT('',(-217.251482286522,-108.778678551149,5.16822719434773));
#1348=CARTESIAN_POINT('',(-213.954448402087,-104.88858106105,6.09144698630796));
#1349=CARTESIAN_POINT('',(-217.418742536173,-108.687288768283,5.01216876712932));
#1350=CARTESIAN_POINT('',(-214.21363144923,-104.743036986,5.80719870791411));
#1351=CARTESIAN_POINT('',(-217.761469593817,-108.498766757395,4.71192730730885));
#1352=CARTESIAN_POINT('',(-214.345790077205,-104.66992880037,5.66912324387404));
#1353=CARTESIAN_POINT('',(-217.936756769082,-108.401852470022,4.56844909818516));
#1354=CARTESIAN_POINT('',(-214.615337833642,-104.521649242216,5.39710975268931));
#1355=CARTESIAN_POINT('',(-218.293901276488,-108.200698601971,4.29475936700943));
#1356=CARTESIAN_POINT('',(-214.752460182647,-104.446654527111,5.26351416228717));
#1357=CARTESIAN_POINT('',(-218.475033004335,-108.097004077101,4.16298119443581));
#1358=CARTESIAN_POINT('',(-215.028954330936,-104.295257256573,5.00118448981078));
#1359=CARTESIAN_POINT('',(-218.84131714901,-107.881165073305,3.91474295570097));
#1360=CARTESIAN_POINT('',(-215.16904858628,-104.218478097685,4.8717935162096));
#1361=CARTESIAN_POINT('',(-219.026699632843,-107.768847553434,3.79667127611156));
#1362=CARTESIAN_POINT('',(-215.450783488597,-104.062836081933,4.61710908915955));
#1363=CARTESIAN_POINT('',(-219.398713760135,-107.534281431161,3.57287174925795));
#1364=CARTESIAN_POINT('',(-215.592562134586,-103.98392654826,4.49168978231111));
#1365=CARTESIAN_POINT('',(-219.58432448224,-107.412720636797,3.46804399996716));
#1366=CARTESIAN_POINT('',(-215.877665326521,-103.822522251904,4.24395224811106));
#1367=CARTESIAN_POINT('',(-219.957139370872,-107.156111204661,3.27057290656253));
#1368=CARTESIAN_POINT('',(-216.020545481857,-103.740253519364,4.12202609989206));
#1369=CARTESIAN_POINT('',(-220.141595433861,-107.022956869985,3.17736217739911));
#1370=CARTESIAN_POINT('',(-216.450004244646,-103.485597234982,3.76129005786996));
#1371=CARTESIAN_POINT('',(-220.693120654839,-106.600729776198,2.92352567078412));
#1372=CARTESIAN_POINT('',(-216.736495642255,-103.306524797768,3.52763193461606));
#1373=CARTESIAN_POINT('',(-221.052266738389,-106.292410797382,2.78006010294012));
#1374=CARTESIAN_POINT('',(-217.158603687,-103.009655282179,3.19177057436527));
#1375=CARTESIAN_POINT('',(-221.559067132177,-105.783107861172,2.60528647373365));
#1376=CARTESIAN_POINT('',(-217.298093713623,-102.905683748781,3.08233716044752));
#1377=CARTESIAN_POINT('',(-221.722146856133,-105.606271594611,2.55168511957947));
#1378=CARTESIAN_POINT('',(-217.571343605967,-102.68413143576,2.87110118575824));
#1379=CARTESIAN_POINT('',(-222.034654334184,-105.236506220878,2.4584509547312));
#1380=CARTESIAN_POINT('',(-217.705619703182,-102.565932764726,2.76879147040247));
#1381=CARTESIAN_POINT('',(-222.183519551368,-105.044543632546,2.41718632493032));
#1382=CARTESIAN_POINT('',(-217.962075168875,-102.310216523834,2.57676683256911));
#1383=CARTESIAN_POINT('',(-222.463951336781,-104.645813738787,2.34244344313086));
#1384=CARTESIAN_POINT('',(-218.085213323169,-102.171929233215,2.48619274104882));
#1385=CARTESIAN_POINT('',(-222.595295311501,-104.439931878194,2.30908742262451));
#1386=CARTESIAN_POINT('',(-218.253361621373,-101.943535679435,2.36650098048968));
#1387=CARTESIAN_POINT('',(-222.777553177812,-104.121089307462,2.26227032919473));
#1388=CARTESIAN_POINT('',(-218.306492590402,-101.863836237409,2.32882878136316));
#1389=CARTESIAN_POINT('',(-222.835343846266,-104.01424818364,2.24785427022479));
#1390=CARTESIAN_POINT('',(-218.404489765638,-101.698523103779,2.25753756577367));
#1391=CARTESIAN_POINT('',(-222.946874314509,-103.795617589127,2.21933543827336));
#1392=CARTESIAN_POINT('',(-218.449708216284,-101.612069735174,2.22406521008477));
#1393=CARTESIAN_POINT('',(-222.999530926074,-103.685614781758,2.20610596182359));
#1394=CARTESIAN_POINT('',(-218.570325555031,-101.344433596636,2.13266100229867));
#1395=CARTESIAN_POINT('',(-223.150800292765,-103.349303621196,2.16858712065729));
#1396=CARTESIAN_POINT('',(-218.631078916372,-101.150817934187,2.08742282078209));
#1397=CARTESIAN_POINT('',(-223.240133079046,-103.121379012815,2.14624128544304));
#1398=CARTESIAN_POINT('',(-218.703987010623,-100.750092659052,2.03797626322005));
#1399=CARTESIAN_POINT('',(-223.396573102388,-102.655416224887,2.10762724682257));
#1400=CARTESIAN_POINT('',(-218.716421388136,-100.542541104509,2.03364866548682));
#1401=CARTESIAN_POINT('',(-223.463207610097,-102.418391213377,2.09168754687095));
#1402=CARTESIAN_POINT('',(-218.702553491603,-100.13364854235,2.05993500462854));
#1403=CARTESIAN_POINT('',(-223.57330566594,-101.938819061894,2.06581102236717));
#1404=CARTESIAN_POINT('',(-218.676925030658,-99.9309368062659,2.08992153989902));
#1405=CARTESIAN_POINT('',(-223.616370787142,-101.696001284221,2.05583499497473));
#1406=CARTESIAN_POINT('',(-218.602344375465,-99.5355387703244,2.16959598613874));
#1407=CARTESIAN_POINT('',(-223.678989658341,-101.207406123764,2.04252484351553));
#1408=CARTESIAN_POINT('',(-218.553567067314,-99.341700928192,2.21917550452981));
#1409=CARTESIAN_POINT('',(-223.698654016371,-100.961484834277,2.03916167838539));
#1410=CARTESIAN_POINT('',(-218.385827962156,-98.7723466227171,2.38499626556207));
#1411=CARTESIAN_POINT('',(-223.723251175423,-100.221820756413,2.04030326637954));
#1412=CARTESIAN_POINT('',(-218.247582113419,-98.4080867447128,2.51414149745721));
#1413=CARTESIAN_POINT('',(-223.693721844039,-99.7291703021046,2.05637279665336));
#1414=CARTESIAN_POINT('',(-217.950643383451,-97.6912724951458,2.78463088058086));
#1415=CARTESIAN_POINT('',(-223.556054531911,-98.7544832644708,2.12794712963636));
#1416=CARTESIAN_POINT('',(-217.79143811029,-97.3408206380288,2.92651177343705));
#1417=CARTESIAN_POINT('',(-223.448879637876,-98.276407119635,2.18390746128153));
#1418=CARTESIAN_POINT('',(-217.464434768208,-96.6454056285872,3.21552518882093));
#1419=CARTESIAN_POINT('',(-223.179430158659,-97.340299377747,2.34200732969915));
#1420=CARTESIAN_POINT('',(-217.296655386325,-96.3011568298621,3.36330279630874));
#1421=CARTESIAN_POINT('',(-223.018181184066,-96.885265637261,2.44234825551578));
#1422=CARTESIAN_POINT('',(-216.959611347145,-95.614854830992,3.66349393182478));
#1423=CARTESIAN_POINT('',(-222.666044350532,-95.9963659507102,2.68348833443613));
#1424=CARTESIAN_POINT('',(-216.790635216605,-95.2737966055565,3.81625154342992));
#1425=CARTESIAN_POINT('',(-222.475851820251,-95.5631582202195,2.82185331669754));
#1426=CARTESIAN_POINT('',(-216.457126546739,-94.5895875078459,4.12547779420863));
#1427=CARTESIAN_POINT('',(-222.082672362279,-94.7110670083318,3.12326153104757));
#1428=CARTESIAN_POINT('',(-216.293011707047,-94.2477540043328,4.28112311977313));
#1429=CARTESIAN_POINT('',(-221.879920619463,-94.292196865968,3.28780559360083));
#1430=CARTESIAN_POINT('',(-215.974050154645,-93.5575295044359,4.59165185452132));
#1431=CARTESIAN_POINT('',(-221.474221869675,-93.4641009997729,3.63393484558423));
#1432=CARTESIAN_POINT('',(-215.819718231976,-93.2101830809183,4.7460246816829));
#1433=CARTESIAN_POINT('',(-221.270783979684,-93.0547286693309,3.81939235153703));
#1434=CARTESIAN_POINT('',(-215.525584648433,-92.5054356087117,5.0493428569027));
#1435=CARTESIAN_POINT('',(-220.875492985498,-92.2411900071368,4.21107251110228));
#1436=CARTESIAN_POINT('',(-215.386506878692,-92.1494900761379,5.19776087504551));
#1437=CARTESIAN_POINT('',(-220.683152691939,-91.8366755476484,4.41766034343993));
#1438=CARTESIAN_POINT('',(-215.126838732368,-91.4246741281847,5.48463895979804));
#1439=CARTESIAN_POINT('',(-220.322000643327,-91.0259605280044,4.84565662133874));
#1440=CARTESIAN_POINT('',(-215.007542762739,-91.0571100807633,5.62387223620865));
#1441=CARTESIAN_POINT('',(-220.15313554014,-90.6193193578374,5.06705207454552));
#1442=CARTESIAN_POINT('',(-214.874490810992,-90.5894750206969,5.78687580077564));
#1443=CARTESIAN_POINT('',(-219.96353396357,-90.1011930648619,5.34211528028461));
#1444=CARTESIAN_POINT('',(-214.848610708056,-90.4954379690437,5.81889039423819));
#1445=CARTESIAN_POINT('',(-219.926673594439,-89.9971205911081,5.39588124277562));
#1446=CARTESIAN_POINT('',(-214.798511973962,-90.3065530700114,5.88156914852211));
#1447=CARTESIAN_POINT('',(-219.855692862777,-89.7887785532189,5.50756181264159));
#1448=CARTESIAN_POINT('',(-214.774243030959,-90.2115707291355,5.91225991713403));
#1449=CARTESIAN_POINT('',(-219.821661946534,-89.6843772378891,5.56341015241207));
#1450=CARTESIAN_POINT('',(-214.703972160062,-89.9252017426547,6.00199231058996));
#1451=CARTESIAN_POINT('',(-219.723569086633,-89.368605388069,5.72833439238047));
#1452=CARTESIAN_POINT('',(-214.660608774034,-89.7329500341352,6.05854315923036));
#1453=CARTESIAN_POINT('',(-219.663529508226,-89.1547379470558,5.83571782972962));
#1454=CARTESIAN_POINT('',(-214.581187250751,-89.3441829243898,6.16377012387985));
#1455=CARTESIAN_POINT('',(-219.556014584342,-88.7185144124464,6.03746939815375));
#1456=CARTESIAN_POINT('',(-214.545236211378,-89.1482366879002,6.21230602754558));
#1457=CARTESIAN_POINT('',(-219.508188370808,-88.4953594637636,6.1326993506808));
#1458=CARTESIAN_POINT('',(-214.481409616779,-88.7513754190488,6.29965173529736));
#1459=CARTESIAN_POINT('',(-219.428868310371,-88.0391059816789,6.29976303083219));
#1460=CARTESIAN_POINT('',(-214.453839424326,-88.5525558501126,6.33804099893444));
#1461=CARTESIAN_POINT('',(-219.396963265957,-87.8042525935989,6.37238380450082));
#1462=CARTESIAN_POINT('',(-214.419154105151,-88.2499094206482,6.38688600045539));
#1463=CARTESIAN_POINT('',(-219.366162501271,-87.4441816395804,6.44655512569985));
#1464=CARTESIAN_POINT('',(-214.408820161796,-88.149238396906,6.40154862432285));
#1465=CARTESIAN_POINT('',(-219.358730468691,-87.321882352398,6.46532642731332));
#1466=CARTESIAN_POINT('',(-214.390472857031,-87.9458528549726,6.42772883451376));
#1467=CARTESIAN_POINT('',(-219.35077009028,-87.0767520536633,6.4861709957823));
#1468=CARTESIAN_POINT('',(-214.382605772849,-87.8447871878025,6.43903742411546));
#1469=CARTESIAN_POINT('',(-219.350435517835,-86.9532002689716,6.48715831821097));
#1470=CARTESIAN_POINT('',(-214.36269841049,-87.5384700403727,6.46780127055665));
#1471=CARTESIAN_POINT('',(-219.360718147994,-86.5843491616213,6.45987706484691));
#1472=CARTESIAN_POINT('',(-214.354651093128,-87.3339207105932,6.47965429619136));
#1473=CARTESIAN_POINT('',(-219.381484207289,-86.3421376101601,6.40794818387527));
#1474=CARTESIAN_POINT('',(-214.349847214922,-86.9228941661004,6.48677647363302));
#1475=CARTESIAN_POINT('',(-219.441846093817,-85.873407139233,6.27191889902456));
#1476=CARTESIAN_POINT('',(-214.353270107942,-86.7179544394132,6.48164562469107));
#1477=CARTESIAN_POINT('',(-219.481640994595,-85.6440440462698,6.18679806600912));
#1478=CARTESIAN_POINT('',(-214.370959771829,-86.3084601985618,6.45582907954695));
#1479=CARTESIAN_POINT('',(-219.574878058639,-85.1979461017684,6.00123163366096));
#1480=CARTESIAN_POINT('',(-214.385181478871,-86.1047318337617,6.43522835593955));
#1481=CARTESIAN_POINT('',(-219.62862254955,-84.979012038754,5.89946087297402));
#1482=CARTESIAN_POINT('',(-214.423399624106,-85.6994826477553,6.38080979291722));
#1483=CARTESIAN_POINT('',(-219.747190238992,-84.5506503057707,5.6876346802476));
#1484=CARTESIAN_POINT('',(-214.447345688968,-85.4984342081734,6.34706480191905));
#1485=CARTESIAN_POINT('',(-219.812324808425,-84.3400972941697,5.57696418333648));
#1486=CARTESIAN_POINT('',(-214.489839485235,-85.1990095116876,6.28819009115755));
#1487=CARTESIAN_POINT('',(-219.917781432837,-84.0283445639031,5.40919644736615));
#1488=CARTESIAN_POINT('',(-214.505032212757,-85.1000016198084,6.2672815314116));
#1489=CARTESIAN_POINT('',(-219.954589481686,-83.9238692532849,5.35533116780328));
#1490=CARTESIAN_POINT('',(-214.537648656781,-84.9017882636178,6.22275986818794));
#1491=CARTESIAN_POINT('',(-220.030197717433,-83.7161510585233,5.24508777591318));
#1492=CARTESIAN_POINT('',(-214.554910600257,-84.8035692262233,6.19936665946564));
#1493=CARTESIAN_POINT('',(-220.068893745103,-83.6133084640251,5.19031878610502));
#1494=CARTESIAN_POINT('',(-214.646236269504,-84.3139421506351,6.07667056706526));
#1495=CARTESIAN_POINT('',(-220.267969202268,-83.0993577530567,4.91495593983651));
#1496=CARTESIAN_POINT('',(-214.734810301758,-83.9292988264938,5.96083603225087));
#1497=CARTESIAN_POINT('',(-220.443356559855,-82.6940520262624,4.69557009719997));
#1498=CARTESIAN_POINT('',(-214.937364058986,-83.174916207869,5.70835397218325));
#1499=CARTESIAN_POINT('',(-220.814552648394,-81.8841568353446,4.27475403358525));
#1500=CARTESIAN_POINT('',(-215.051396608432,-82.8048711522813,5.57161995353982));
#1501=CARTESIAN_POINT('',(-221.010446137546,-81.4789547028681,4.07295804956268));
#1502=CARTESIAN_POINT('',(-215.302392303858,-82.075758695154,5.28913497683104));
#1503=CARTESIAN_POINT('',(-221.410173245255,-80.6631773797508,3.69026628143279));
#1504=CARTESIAN_POINT('',(-215.438044097258,-81.717004625656,5.14230100305478));
#1505=CARTESIAN_POINT('',(-221.614660271889,-80.2515336903962,3.51155345098823));
#1506=CARTESIAN_POINT('',(-215.725404578742,-81.0091275434622,4.84190529330672));
#1507=CARTESIAN_POINT('',(-222.019412927942,-79.4187981553273,3.17409588535855));
#1508=CARTESIAN_POINT('',(-215.877100820479,-80.659964146781,4.68830290609875));
#1509=CARTESIAN_POINT('',(-222.220301259883,-78.9978680826812,3.01499215195281));
#1510=CARTESIAN_POINT('',(-216.191651483205,-79.9675062257263,4.37861705883093));
#1511=CARTESIAN_POINT('',(-222.606949875379,-78.1382214531977,2.72615809142152));
#1512=CARTESIAN_POINT('',(-216.354487988128,-79.6241822652255,4.22255525811465));
#1513=CARTESIAN_POINT('',(-222.792277259477,-77.7005126279932,2.59439065917485));
#1514=CARTESIAN_POINT('',(-216.685629264681,-78.9398904941718,3.91260758343579));
#1515=CARTESIAN_POINT('',(-223.129803419947,-76.8012407821614,2.37152634245234));
#1516=CARTESIAN_POINT('',(-216.853984179449,-78.5989409263207,3.75877810843655));
#1517=CARTESIAN_POINT('',(-223.28096218785,-76.3401577964505,2.28111140735328));
#1518=CARTESIAN_POINT('',(-217.191295027387,-77.9139624168538,3.4565481752069));
#1519=CARTESIAN_POINT('',(-223.524123405153,-75.3947711734081,2.14328596238351));
#1520=CARTESIAN_POINT('',(-217.359787758568,-77.5707041369546,3.30786858877436));
#1521=CARTESIAN_POINT('',(-223.615629913978,-74.9108430443803,2.09740645840906));
#1522=CARTESIAN_POINT('',(-217.690362245857,-76.877357237689,3.01589821071121));
#1523=CARTESIAN_POINT('',(-223.71652252699,-73.9321569758663,2.04358377846989));
#1524=CARTESIAN_POINT('',(-217.852168169147,-76.5287751521487,2.87283181844952));
#1525=CARTESIAN_POINT('',(-223.725891470032,-73.436482189037,2.03540232860257));
#1526=CARTESIAN_POINT('',(-218.157406417301,-75.8184554932416,2.59701355237345));
#1527=CARTESIAN_POINT('',(-223.650797846221,-72.4543625005545,2.04731851133573));
#1528=CARTESIAN_POINT('',(-218.301981260422,-75.4568887484675,2.46405967097871));
#1529=CARTESIAN_POINT('',(-223.566730551715,-71.9663794142541,2.06716039625743));
#1530=CARTESIAN_POINT('',(-218.485681824455,-74.8967253344583,2.28669452741334));
#1531=CARTESIAN_POINT('',(-223.369189445029,-71.2554350157493,2.11427039045065));
#1532=CARTESIAN_POINT('',(-218.541117376377,-74.7065287640878,2.23172473832064));
#1533=CARTESIAN_POINT('',(-223.291996226877,-71.0221015140901,2.13338593316896));
#1534=CARTESIAN_POINT('',(-218.633301985012,-74.318155015884,2.13723379395071));
#1535=CARTESIAN_POINT('',(-223.114764419166,-70.5645158157565,2.17761108295559));
#1536=CARTESIAN_POINT('',(-218.670257138448,-74.1187184450232,2.09753485597204));
#1537=CARTESIAN_POINT('',(-223.014735144365,-70.339839605927,2.20208264322778));
#1538=CARTESIAN_POINT('',(-218.712868394033,-73.7145794762482,2.04544348817007));
#1539=CARTESIAN_POINT('',(-222.794151011684,-69.9029991303041,2.25822824309878));
#1540=CARTESIAN_POINT('',(-218.718225646166,-73.5074743556975,2.03388282101462));
#1541=CARTESIAN_POINT('',(-222.673374521776,-69.6900344702235,2.28872735697001));
#1542=CARTESIAN_POINT('',(-218.683873343481,-73.0990076168305,2.05029953769553));
#1543=CARTESIAN_POINT('',(-222.412721526615,-69.2772350190221,2.3559594300813));
#1544=CARTESIAN_POINT('',(-218.643395910004,-72.8973741021869,2.07871690271943));
#1545=CARTESIAN_POINT('',(-222.273125612547,-69.0773854730171,2.3926263502565));
#1546=CARTESIAN_POINT('',(-218.516757688386,-72.5182045534477,2.17274515301443));
#1547=CARTESIAN_POINT('',(-221.97680110294,-68.6915673277863,2.47534438861035));
#1548=CARTESIAN_POINT('',(-218.431700306153,-72.3415689996659,2.23871623771839));
#1549=CARTESIAN_POINT('',(-221.821189489683,-68.5065542199839,2.52085113854696));
#1550=CARTESIAN_POINT('',(-218.229776431122,-72.0140543616965,2.38346068318588));
#1551=CARTESIAN_POINT('',(-221.496065156882,-68.1506700161328,2.62631422605523));
#1552=CARTESIAN_POINT('',(-218.114323695741,-71.8649838801293,2.46482226078546));
#1553=CARTESIAN_POINT('',(-221.327325234476,-67.9805634989812,2.6844150681843));
#1554=CARTESIAN_POINT('',(-217.868098571319,-71.5903226002158,2.64664368633046));
#1555=CARTESIAN_POINT('',(-220.980425803768,-67.655149043964,2.81218224836524));
#1556=CARTESIAN_POINT('',(-217.738202586694,-71.4651665196504,2.74413811526093));
#1557=CARTESIAN_POINT('',(-220.802059701512,-67.4997674974243,2.88403225612608));
#1558=CARTESIAN_POINT('',(-217.470155388583,-71.2303960243539,2.94886131158598));
#1559=CARTESIAN_POINT('',(-220.440299623205,-67.2037187872188,3.03814867394566));
#1560=CARTESIAN_POINT('',(-217.332555848641,-71.12138715435,3.05544835960631));
#1561=CARTESIAN_POINT('',(-220.256091456656,-67.0625942199681,3.12255243111746));
#1562=CARTESIAN_POINT('',(-216.914470476081,-70.8113254882212,3.38430475184867));
#1563=CARTESIAN_POINT('',(-219.701359532189,-66.6591245701609,3.39849899117657));
#1564=CARTESIAN_POINT('',(-216.628898199622,-70.6263615525372,3.61483742760594));
#1565=CARTESIAN_POINT('',(-219.326696460145,-66.4153098451145,3.60794693116625));
#1566=CARTESIAN_POINT('',(-216.056608138592,-70.2780053357142,4.08971012330124));
#1567=CARTESIAN_POINT('',(-218.586104763979,-65.9638890756539,4.07738949952698));
#1568=CARTESIAN_POINT('',(-215.770270217535,-70.1153448892258,4.33413427381023));
#1569=CARTESIAN_POINT('',(-218.222326792234,-65.7573488676564,4.339534331396));
#1570=CARTESIAN_POINT('',(-215.344874525358,-69.8783831688834,4.71204076578166));
#1571=CARTESIAN_POINT('',(-217.695738725715,-65.464788728885,4.76729856349076));
#1572=CARTESIAN_POINT('',(-215.204461229906,-69.8010809855143,4.83928173175439));
#1573=CARTESIAN_POINT('',(-217.523867506822,-65.37047570236,4.91737872372222));
#1574=CARTESIAN_POINT('',(-214.924858042051,-69.6476641366739,5.09892477981787));
#1575=CARTESIAN_POINT('',(-217.188959457194,-65.1869868595593,5.22840946680824));
#1576=CARTESIAN_POINT('',(-214.786910595539,-69.5722704101697,5.23016780027427));
#1577=CARTESIAN_POINT('',(-217.02530587349,-65.0974487412905,5.39003716644991));
#1578=CARTESIAN_POINT('',(-214.514020668195,-69.4226973552413,5.49799030496168));
#1579=CARTESIAN_POINT('',(-216.708955291554,-64.9232448107487,5.7251762687963));
#1580=CARTESIAN_POINT('',(-214.37920262397,-69.3486002279569,5.6344659665149));
#1581=CARTESIAN_POINT('',(-216.555930834407,-64.8385947668994,5.89965840043453));
#1582=CARTESIAN_POINT('',(-214.181723418059,-69.238920298405,5.84293796579307));
#1583=CARTESIAN_POINT('',(-216.359927124516,-64.727376399607,6.19291256517885));
#1584=CARTESIAN_POINT('',(-214.116096272105,-69.2022687851518,5.91371106635497));
#1585=CARTESIAN_POINT('',(-216.30028155004,-64.6928886586336,6.29581130441763));
#1586=CARTESIAN_POINT('',(-213.987655223519,-69.1299622377458,6.0558288867366));
#1587=CARTESIAN_POINT('',(-216.18343091515,-64.6237839992011,6.50117624950055));
#1588=CARTESIAN_POINT('',(-213.923978929955,-69.0938015381685,6.12805439031682));
#1589=CARTESIAN_POINT('',(-216.125996374596,-64.5890567057768,6.60467147559569));
#1590=CARTESIAN_POINT('',(-213.736987276433,-68.9864771670893,6.34734339568742));
#1591=CARTESIAN_POINT('',(-215.954126686274,-64.4829985795582,6.91384335383568));
#1592=CARTESIAN_POINT('',(-213.617253754892,-68.9157600700378,6.49907329555605));
#1593=CARTESIAN_POINT('',(-215.837320295723,-64.4078874828069,7.11770545977813));
#1594=CARTESIAN_POINT('',(-213.373373915074,-68.7664662979557,6.79344922141435));
#1595=CARTESIAN_POINT('',(-215.593284997407,-64.2445568213848,7.51339524273072));
#1596=CARTESIAN_POINT('',(-213.251836106641,-68.6896965066417,6.93972917142274));
#1597=CARTESIAN_POINT('',(-215.467708385113,-64.1574842203104,7.70677397528919));
#1598=CARTESIAN_POINT('',(-212.886028939329,-68.4519093187441,7.37394288106993));
#1599=CARTESIAN_POINT('',(-215.082035060645,-63.8820272785763,8.27454032081399));
#1600=CARTESIAN_POINT('',(-212.641266419439,-68.2838589175185,7.65842064084201));
#1601=CARTESIAN_POINT('',(-214.816752324501,-63.6816084680947,8.63877085532742));
#1602=CARTESIAN_POINT('',(-212.151778117606,-67.9326752345762,8.21576625835052));
#1603=CARTESIAN_POINT('',(-214.267643873984,-63.2494838857342,9.33419773943718));
#1604=CARTESIAN_POINT('',(-211.906539785607,-67.7492051422564,8.48929744202557));
#1605=CARTESIAN_POINT('',(-213.980808850227,-63.016076098367,9.66074134251893));
#1606=CARTESIAN_POINT('',(-211.415403875952,-67.3693700375338,9.02659304652137));
#1607=CARTESIAN_POINT('',(-213.393522018779,-62.5323068352366,10.2870879664438));
#1608=CARTESIAN_POINT('',(-211.169607333183,-67.1731283572801,9.29021608030029));
#1609=CARTESIAN_POINT('',(-213.087664640165,-62.2770848844398,10.5795730817074));
#1610=CARTESIAN_POINT('',(-210.674323209503,-66.7710430308605,9.8071017417041));
#1611=CARTESIAN_POINT('',(-212.452110158403,-61.755500308006,11.1213792127678));
#1612=CARTESIAN_POINT('',(-210.425008864101,-66.5652588397934,10.0603903923999));
#1613=CARTESIAN_POINT('',(-212.121235484881,-61.4879088558678,11.373470685581));
#1614=CARTESIAN_POINT('',(-209.920068418721,-66.146871810867,10.5541182959391));
#1615=CARTESIAN_POINT('',(-211.431695049849,-60.952136121844,11.8287480208592));
#1616=CARTESIAN_POINT('',(-209.663720463663,-65.9342437348137,10.7948674721579));
#1617=CARTESIAN_POINT('',(-211.071273137551,-60.6823738099861,12.0330528447499));
#1618=CARTESIAN_POINT('',(-209.138417903377,-65.5065551095904,11.2583329390102));
#1619=CARTESIAN_POINT('',(-210.317870770671,-60.1553887616294,12.3869237123088));
#1620=CARTESIAN_POINT('',(-208.869053113877,-65.2910456594459,11.4815757276362));
#1621=CARTESIAN_POINT('',(-209.925353546691,-59.8985704615682,12.5409145072556));
#1622=CARTESIAN_POINT('',(-208.309922811179,-64.8613045109214,11.9018324721831));
#1623=CARTESIAN_POINT('',(-209.109855507751,-59.4106140620304,12.8034400824887));
#1624=CARTESIAN_POINT('',(-208.019916417925,-64.6467767296015,12.098671560257));
#1625=CARTESIAN_POINT('',(-208.687435273571,-59.1798821193197,12.9121244103668));
#1626=CARTESIAN_POINT('',(-207.410694207101,-64.2281243091838,12.4566143650542));
#1627=CARTESIAN_POINT('',(-207.815581788045,-58.7562151888012,13.0917079528367));
#1628=CARTESIAN_POINT('',(-207.091837637838,-64.0242584018008,12.6172453565194));
#1629=CARTESIAN_POINT('',(-207.366944687383,-58.5635611885691,13.1639092951035));
#1630=CARTESIAN_POINT('',(-206.4212858926,-63.6388370203945,12.8936487786018));
#1631=CARTESIAN_POINT('',(-206.448660269167,-58.224031158124,13.2807901835421));
#1632=CARTESIAN_POINT('',(-206.070102697869,-63.4583675208687,13.0094295224843));
#1633=CARTESIAN_POINT('',(-205.979776865018,-58.0771685852078,13.3255755094915));
#1634=CARTESIAN_POINT('',(-205.338072356235,-63.1371835621721,13.1970570111753));
#1635=CARTESIAN_POINT('',(-205.027360825335,-57.8331582584767,13.3939071766996));
#1636=CARTESIAN_POINT('',(-204.957538234508,-62.9969792155753,13.2689550898752));
#1637=CARTESIAN_POINT('',(-204.543739701937,-57.7361949804172,13.418379333353));
#1638=CARTESIAN_POINT('',(-204.176446398443,-62.7676392826602,13.3751748927023));
#1639=CARTESIAN_POINT('',(-203.569236992944,-57.5940422645142,13.4521007230349));
#1640=CARTESIAN_POINT('',(-203.775840636791,-62.6787956754968,13.4106208159678));
#1641=CARTESIAN_POINT('',(-203.077459955576,-57.5486756224338,13.4614246679501));
#1642=CARTESIAN_POINT('',(-202.965036489125,-62.5572264931996,13.4559158467971));
#1643=CARTESIAN_POINT('',(-202.09303674593,-57.5094792602454,13.4689035768879));
#1644=CARTESIAN_POINT('',(-202.555059267539,-62.5242548542096,13.4655388027371));
#1645=CARTESIAN_POINT('',(-201.598873974145,-57.5152578376383,13.4680572251064));
#1646=CARTESIAN_POINT('',(-201.734158389933,-62.5129759230208,13.4686698811865));
#1647=CARTESIAN_POINT('',(-200.615678215246,-57.5781346893641,13.4552475504735));
#1648=CARTESIAN_POINT('',(-201.32317878159,-62.5343467160135,13.4632026600479));
#1649=CARTESIAN_POINT('',(-200.12576698393,-57.6352862000374,13.4428787017242));
#1650=CARTESIAN_POINT('',(-200.508758967815,-62.6328324527722,13.4283850989238));
#1651=CARTESIAN_POINT('',(-199.154895451413,-57.801130549658,13.4018402297061));
#1652=CARTESIAN_POINT('',(-200.105542606371,-62.7099822470884,13.3988993493503));
#1653=CARTESIAN_POINT('',(-198.673876225752,-57.9098900713091,13.3735472164338));
#1654=CARTESIAN_POINT('',(-199.316387812674,-62.9178545492603,13.3073170343051));
#1655=CARTESIAN_POINT('',(-197.728741630481,-58.1765378416303,13.2952285912914));
#1656=CARTESIAN_POINT('',(-198.930990728196,-63.0479728060418,13.2440048797444));
#1657=CARTESIAN_POINT('',(-197.263661758291,-58.3343513217492,13.2448229068645));
#1658=CARTESIAN_POINT('',(-198.187180324225,-63.3518749523628,13.0743411832652));
#1659=CARTESIAN_POINT('',(-196.355344238338,-58.6944366223083,13.1147942083916));
#1660=CARTESIAN_POINT('',(-197.829207380365,-63.5253447434511,12.9679002078127));
#1661=CARTESIAN_POINT('',(-195.911745227054,-58.8969202580365,13.0354056814518));
#1662=CARTESIAN_POINT('',(-197.145650964687,-63.899947382467,12.7101986413044));
#1663=CARTESIAN_POINT('',(-195.052697013678,-59.3371379510677,12.83844249574));
#1664=CARTESIAN_POINT('',(-196.819803648531,-64.1005991371394,12.5583711086976));
#1665=CARTESIAN_POINT('',(-194.636326368585,-59.5753780892278,12.7196731302554));
#1666=CARTESIAN_POINT('',(-196.19847054772,-64.5141696993039,12.2158592782718));
#1667=CARTESIAN_POINT('',(-193.8351552557,-60.0742694657115,12.4363545107517));
#1668=CARTESIAN_POINT('',(-195.903349509184,-64.7271204040339,12.0259742647362));
#1669=CARTESIAN_POINT('',(-193.449770913224,-60.3353918416101,12.2720960649096));
#1670=CARTESIAN_POINT('',(-195.334908194562,-65.1563377683278,11.6170296949605));
#1671=CARTESIAN_POINT('',(-192.710403124804,-60.8679960123668,11.8946299341492));
#1672=CARTESIAN_POINT('',(-195.062188065274,-65.3718048475703,11.398568391417));
#1673=CARTESIAN_POINT('',(-192.358675159143,-61.137208130559,11.6783752872954));
#1674=CARTESIAN_POINT('',(-194.530536464837,-65.8009751512582,10.9423222398384));
#1675=CARTESIAN_POINT('',(-191.681566314851,-61.6721608718733,11.2017888347319));
#1676=CARTESIAN_POINT('',(-194.272469310176,-66.0141126775798,10.7051557998511));
#1677=CARTESIAN_POINT('',(-191.357105849026,-61.9375180378556,10.9402222783501));
#1678=CARTESIAN_POINT('',(-193.891015660408,-66.3299965014171,10.3388295430235));
#1679=CARTESIAN_POINT('',(-190.888475282957,-62.3244098199298,10.5196098452178));
#1680=CARTESIAN_POINT('',(-193.765241614331,-66.434314452225,10.2153057013382));
#1681=CARTESIAN_POINT('',(-190.735799978178,-62.451083313493,10.3742625564786));
#1682=CARTESIAN_POINT('',(-193.514291777269,-66.6416085605399,9.96455688994132));
#1683=CARTESIAN_POINT('',(-190.435222873465,-62.6999407948992,10.0717826406488));
#1684=CARTESIAN_POINT('',(-193.389656385117,-66.7441386281398,9.8378771352665));
#1685=CARTESIAN_POINT('',(-190.288755441522,-62.8208209444306,9.91611262340268));
#1686=CARTESIAN_POINT('',(-193.141086007651,-66.9472424505143,9.58149310928904));
#1687=CARTESIAN_POINT('',(-189.998573058782,-63.0582568483824,9.59572310528268));
#1688=CARTESIAN_POINT('',(-193.01764317279,-67.0473980132447,9.45230200224388));
#1689=CARTESIAN_POINT('',(-189.855539754947,-63.1743672301272,9.43226651716666));
#1690=CARTESIAN_POINT('',(-192.77089997272,-67.2455421348409,9.19080418431044));
#1691=CARTESIAN_POINT('',(-189.574231839031,-63.3995381846912,9.09506109458834));
#1692=CARTESIAN_POINT('',(-192.647806805878,-67.3433487669299,9.05872430697625));
#1693=CARTESIAN_POINT('',(-189.437298877289,-63.5075841567291,8.92199997296724));
#1694=CARTESIAN_POINT('',(-192.279273439424,-67.6320906477963,8.65889938950929));
#1695=CARTESIAN_POINT('',(-189.032009805649,-63.8207424820432,8.38838981900101));
#1696=CARTESIAN_POINT('',(-192.033666721828,-67.8186589794736,8.38719926626499));
#1697=CARTESIAN_POINT('',(-188.769221368926,-64.0144795105482,8.01809312322638));
#1698=CARTESIAN_POINT('',(-191.666352240205,-68.086801716116,7.97249973438582));
#1699=CARTESIAN_POINT('',(-188.391867859464,-64.2766058226778,7.43926837084557));
#1700=CARTESIAN_POINT('',(-191.543960659752,-68.1743412588507,7.83291331739335));
#1701=CARTESIAN_POINT('',(-188.269591235322,-64.3587323389952,7.24195589140949));
#1702=CARTESIAN_POINT('',(-191.299302907955,-68.345354242251,7.55095912610417));
#1703=CARTESIAN_POINT('',(-188.033443931744,-64.511161740849,6.83663651060005));
#1704=CARTESIAN_POINT('',(-191.177230049296,-68.4287014320512,7.40881769345244));
#1705=CARTESIAN_POINT('',(-187.920898836939,-64.5808069064938,6.62900524336264));
#1706=CARTESIAN_POINT('',(-190.993835919007,-68.5506695974154,7.19298596442527));
#1707=CARTESIAN_POINT('',(-187.745972066791,-64.6846693158241,6.32029194188287));
#1708=CARTESIAN_POINT('',(-190.933110328673,-68.5905177276691,7.12114064035344));
#1709=CARTESIAN_POINT('',(-187.687000092809,-64.7188773737671,6.21745485830815));
#1710=CARTESIAN_POINT('',(-190.811042323018,-68.6694987023957,6.9759457834004));
#1711=CARTESIAN_POINT('',(-187.558500382232,-64.792012357223,6.02074557721825));
#1712=CARTESIAN_POINT('',(-190.749954492039,-68.7084572934161,6.9028954862658));
#1713=CARTESIAN_POINT('',(-187.487796694665,-64.8316337490135,5.92682281768258));
#1714=CARTESIAN_POINT('',(-190.628474336557,-68.7847713816932,6.75682949820258));
#1715=CARTESIAN_POINT('',(-187.340586683683,-64.9135198463207,5.74815799121417));
#1716=CARTESIAN_POINT('',(-190.567579745427,-68.8224448840015,6.68324455226608));
#1717=CARTESIAN_POINT('',(-187.262578484254,-64.9566256600333,5.66147318248064));
#1718=CARTESIAN_POINT('',(-190.445835790391,-68.8965444891819,6.53519101384523));
#1719=CARTESIAN_POINT('',(-187.105295660997,-65.0432615801933,5.49380606036901));
#1720=CARTESIAN_POINT('',(-190.385116654719,-68.9329039833719,6.46124910162623));
#1721=CARTESIAN_POINT('',(-187.024924834719,-65.0873891760129,5.41126018394174));
#1722=CARTESIAN_POINT('',(-190.203411517604,-69.0397805353891,6.23663432122363));
#1723=CARTESIAN_POINT('',(-186.780532865915,-65.2214016560665,5.16808914591072));
#1724=CARTESIAN_POINT('',(-190.077593613617,-69.1114879568745,6.09130526572437));
#1725=CARTESIAN_POINT('',(-186.613481451685,-65.3126771101365,5.01222770357932));
#1726=CARTESIAN_POINT('',(-189.818564497875,-69.256943245771,5.80723929975732));
#1727=CARTESIAN_POINT('',(-186.270676737189,-65.5012416669367,4.71191262795026));
#1728=CARTESIAN_POINT('',(-189.686360627617,-69.3300775267139,5.66911025191086));
#1729=CARTESIAN_POINT('',(-186.095405598153,-65.5981470410352,4.56844982083212));
#1730=CARTESIAN_POINT('',(-189.416826982539,-69.4783489455731,5.39711347386145));
#1731=CARTESIAN_POINT('',(-185.738243891994,-65.7993111342134,4.29474822039984));
#1732=CARTESIAN_POINT('',(-189.27970048603,-69.5533460529173,5.26351297126299));
#1733=CARTESIAN_POINT('',(-185.557183764571,-65.9029634944841,4.16301818205077));
#1734=CARTESIAN_POINT('',(-189.003207631369,-69.7047425773046,5.00118483092918));
#1735=CARTESIAN_POINT('',(-185.190650854589,-66.1189488973109,3.91461302747254));
#1736=CARTESIAN_POINT('',(-188.863112995803,-69.7815219554991,4.87179340699992));
#1737=CARTESIAN_POINT('',(-185.00539963968,-66.2311977559368,3.79664302860954));
#1738=CARTESIAN_POINT('',(-188.581378212091,-69.9371639028454,4.6171091204394));
#1739=CARTESIAN_POINT('',(-184.634005301018,-66.4653562092517,3.57319125262319));
#1740=CARTESIAN_POINT('',(-188.439599531246,-70.0160734566098,4.49168977224295));
#1741=CARTESIAN_POINT('',(-184.447597068056,-66.5874350221316,3.46790590771025));
#1742=CARTESIAN_POINT('',(-188.1544963502,-70.1774777467272,4.24395225115747));
#1743=CARTESIAN_POINT('',(-184.075085029074,-66.8438492245903,3.27060960086013));
#1744=CARTESIAN_POINT('',(-188.011616191643,-70.2597464809971,4.12202609841596));
#1745=CARTESIAN_POINT('',(-183.89056523196,-66.9770400160187,3.17735920053125));
#1746=CARTESIAN_POINT('',(-187.582157430482,-70.5144027650897,3.76129006193471));
#1747=CARTESIAN_POINT('',(-183.338937315604,-67.3993595409092,2.92348150901671));
#1748=CARTESIAN_POINT('',(-187.295666030145,-70.6934752017387,3.52763192360023));
#1749=CARTESIAN_POINT('',(-182.979960963121,-67.7075285420735,2.78008873717869));
#1750=CARTESIAN_POINT('',(-186.873557990515,-70.9903447197644,3.19177059913175));
#1751=CARTESIAN_POINT('',(-182.47302170094,-68.2169710383632,2.60526100458776));
#1752=CARTESIAN_POINT('',(-186.734067947451,-71.0943162462249,3.08233707408265));
#1753=CARTESIAN_POINT('',(-182.310143334432,-68.3936164533043,2.55176133202488));
#1754=CARTESIAN_POINT('',(-186.460818115993,-71.3158685810095,2.87110149085902));
#1755=CARTESIAN_POINT('',(-181.997431471968,-68.7635387142832,2.45838139334774));
#1756=CARTESIAN_POINT('',(-186.326541821808,-71.4340671830414,2.76879051625764));
#1757=CARTESIAN_POINT('',(-181.84869684057,-68.9554637267063,2.41717066142161));
#1758=CARTESIAN_POINT('',(-186.070087026788,-71.6897836585026,2.57677016412282));
#1759=CARTESIAN_POINT('',(-181.568097794884,-69.3541854314508,2.34261080495256));
#1760=CARTESIAN_POINT('',(-185.946946722055,-71.828070197193,2.48618233186406));
#1761=CARTESIAN_POINT('',(-181.436860840739,-69.5602758260536,2.30889215654193));
#1762=CARTESIAN_POINT('',(-185.778803911378,-72.0564656696911,2.36652563482082));
#1763=CARTESIAN_POINT('',(-181.254895414078,-69.8783004640095,2.2624005567466));
#1764=CARTESIAN_POINT('',(-185.672540470096,-72.2158044362914,2.29102683109119));
#1765=CARTESIAN_POINT('',(-181.13819905746,-70.0941991736174,2.23288384114721));
#1766=CARTESIAN_POINT('',(-185.537438404298,-72.4738102948695,2.19021091947494));
#1767=CARTESIAN_POINT('',(-180.979454649777,-70.425179994304,2.19290553452353));
#1768=CARTESIAN_POINT('',(-185.431319618937,-72.7522379347861,2.10979254366348));
#1769=CARTESIAN_POINT('',(-180.836845870272,-70.7643264604271,2.157157073413));
#1770=CARTESIAN_POINT('',(-180.98214392114,-70.4265409352101,2.19361050877572));
#1771=CARTESIAN_POINT('',(-180.98214392114,-70.4265409352101,-19.8063894912242));
#1772=CARTESIAN_POINT('',(-180.844765324611,-70.7318430100413,2.1589582691922));
#1773=CARTESIAN_POINT('',(-180.844765324611,-70.7318430100413,-19.8410417308077));
#1774=CARTESIAN_POINT('',(-180.610825252222,-71.3634331340538,2.101604763279));
#1775=CARTESIAN_POINT('',(-180.610825252222,-71.3634331340538,-19.8983952367209));
#1776=CARTESIAN_POINT('',(-180.395924675226,-72.3247397732785,2.05064041690372));
#1777=CARTESIAN_POINT('',(-180.395924675226,-72.3247397732785,-19.9493595830962));
#1778=CARTESIAN_POINT('',(-180.309171632427,-73.2574311195476,2.03393112832256));
#1779=CARTESIAN_POINT('',(-180.309171632427,-73.2574311195476,-19.9660688716774));
#1780=CARTESIAN_POINT('',(-180.32157510873,-73.8515928199095,2.04540370209153));
#1781=CARTESIAN_POINT('',(-180.32157510873,-73.8515928199095,-19.9545962979084));
#1782=CARTESIAN_POINT('',(-180.342744313358,-74.1549783912533,2.0577178440234));
#1783=CARTESIAN_POINT('',(-180.342744313358,-74.1549783912533,-19.9422821559765));
#1784=CARTESIAN_POINT('',(-180.345612167396,-74.193500234544,2.05933033494983));
#1785=CARTESIAN_POINT('',(-180.345612167396,-74.193500234544,-19.9406696650501));
#1786=CARTESIAN_POINT('',(-180.348587059641,-74.2312693225358,2.06102998980572));
#1787=CARTESIAN_POINT('',(-180.348587059641,-74.2312693225358,-19.9389700101942));
#1788=CARTESIAN_POINT('',(-180.374086897332,-74.5365258494401,2.07500868839597));
#1789=CARTESIAN_POINT('',(-180.374086897332,-74.5365258494401,-19.924991311604));
#1790=CARTESIAN_POINT('',(-180.446520771456,-75.0658377761372,2.11219600832632));
#1791=CARTESIAN_POINT('',(-180.446520771456,-75.0658377761372,-19.8878039916736));
#1792=CARTESIAN_POINT('',(-180.592797889133,-75.7471858321076,2.19032911737952));
#1793=CARTESIAN_POINT('',(-180.592797889133,-75.7471858321076,-19.8096708826204));
#1794=CARTESIAN_POINT('',(-180.757054089458,-76.3393566783238,2.28525124621498));
#1795=CARTESIAN_POINT('',(-180.757054089458,-76.3393566783238,-19.714748753785));
#1796=CARTESIAN_POINT('',(-180.935518587726,-76.8864335622879,2.39414768332784));
#1797=CARTESIAN_POINT('',(-180.935518587727,-76.8864335622879,-19.6058523166721));
#1798=CARTESIAN_POINT('',(-181.127643003259,-77.407732413501,2.51930151394693));
#1799=CARTESIAN_POINT('',(-181.12764300326,-77.407732413501,-19.480698486053));
#1800=CARTESIAN_POINT('',(-181.336370842358,-77.924224091536,2.66371661113533));
#1801=CARTESIAN_POINT('',(-181.336370842358,-77.924224091536,-19.3362833888646));
#1802=CARTESIAN_POINT('',(-181.543046695846,-78.4024674920352,2.81377765292302));
#1803=CARTESIAN_POINT('',(-181.543046695846,-78.4024674920352,-19.1862223470769));
#1804=CARTESIAN_POINT('',(-181.745292605214,-78.8489908013401,2.96546666153029));
#1805=CARTESIAN_POINT('',(-181.745292605214,-78.8489908013401,-19.0345333384696));
#1806=CARTESIAN_POINT('',(-181.950733179183,-79.2872466494609,3.12615737191928));
#1807=CARTESIAN_POINT('',(-181.950733179184,-79.2872466494609,-18.8738426280807));
#1808=CARTESIAN_POINT('',(-182.163902823328,-79.7308328623967,3.29924182155506));
#1809=CARTESIAN_POINT('',(-182.163902823328,-79.7308328623967,-18.7007581784449));
#1810=CARTESIAN_POINT('',(-182.372477294305,-80.1579047968073,3.4746278791996));
#1811=CARTESIAN_POINT('',(-182.372477294306,-80.1579047968073,-18.5253721208003));
#1812=CARTESIAN_POINT('',(-182.509977352929,-80.4371324717131,3.59495379364148));
#1813=CARTESIAN_POINT('',(-182.509977352929,-80.4371324717131,-18.4050462063585));
#1814=CARTESIAN_POINT('',(-182.583902938749,-80.5872073043968,3.66128216882205));
#1815=CARTESIAN_POINT('',(-182.583902938749,-80.5872073043968,-18.3387178311779));
#1816=CARTESIAN_POINT('',(-182.599007241385,-80.6178662769973,3.67484043436235));
#1817=CARTESIAN_POINT('',(-182.599007241385,-80.6178662769973,-18.3251595656376));
#1818=CARTESIAN_POINT('',(-182.613986811336,-80.6482727033481,3.68826846900518));
#1819=CARTESIAN_POINT('',(-182.613986811336,-80.6482727033481,-18.3117315309947));
#1820=CARTESIAN_POINT('',(-182.780721314686,-80.9866482738839,3.83995703186051));
#1821=CARTESIAN_POINT('',(-182.780721314686,-80.9866482738839,-18.1600429681394));
#1822=CARTESIAN_POINT('',(-183.083597214573,-81.6033789722849,4.13209865410804));
#1823=CARTESIAN_POINT('',(-183.083597214573,-81.6033789722849,-17.8679013458919));
#1824=CARTESIAN_POINT('',(-183.478666783858,-82.4436712813651,4.56263229917414));
#1825=CARTESIAN_POINT('',(-183.478666783858,-82.4436712813651,-17.4373677008258));
#1826=CARTESIAN_POINT('',(-183.819966405353,-83.2330855387731,4.98633729647628));
#1827=CARTESIAN_POINT('',(-183.819966405353,-83.2330855387731,-17.0136627035236));
#1828=CARTESIAN_POINT('',(-184.017446479024,-83.7518408862961,5.2650630994898));
#1829=CARTESIAN_POINT('',(-184.017446479024,-83.7518408862961,-16.7349369005101));
#1830=CARTESIAN_POINT('',(-184.112596535452,-84.024560748197,5.40777310186084));
#1831=CARTESIAN_POINT('',(-184.112596535452,-84.024560748197,-16.5922268981391));
#1832=CARTESIAN_POINT('',(-184.12146303605,-84.0501367777051,5.42148079025518));
#1833=CARTESIAN_POINT('',(-184.12146303605,-84.0501367777051,-16.5785192097447));
#1834=CARTESIAN_POINT('',(-184.130738521703,-84.077066658346,5.43535429836865));
#1835=CARTESIAN_POINT('',(-184.130738521703,-84.077066658346,-16.5646457016313));
#1836=CARTESIAN_POINT('',(-184.220615385194,-84.3396490089763,5.5771325616889));
#1837=CARTESIAN_POINT('',(-184.220615385194,-84.3396490089763,-16.422867438311));
#1838=CARTESIAN_POINT('',(-184.375843059343,-84.8457546273928,5.84290680505623));
#1839=CARTESIAN_POINT('',(-184.375843059343,-84.8457546273928,-16.1570931949437));
#1840=CARTESIAN_POINT('',(-184.550298129021,-85.6017270935918,6.18166884920271));
#1841=CARTESIAN_POINT('',(-184.550298129021,-85.6017270935918,-15.8183311507972));
#1842=CARTESIAN_POINT('',(-184.639381466236,-86.2096673363726,6.38114593903663));
#1843=CARTESIAN_POINT('',(-184.639381466236,-86.2096673363726,-15.6188540609633));
#1844=CARTESIAN_POINT('',(-184.6704116773,-86.6144994836059,6.45757584456721));
#1845=CARTESIAN_POINT('',(-184.6704116773,-86.6144994836059,-15.5424241554327));
#1846=CARTESIAN_POINT('',(-184.679212201002,-86.8382459955872,6.48035766375009));
#1847=CARTESIAN_POINT('',(-184.679212201002,-86.8382459955872,-15.5196423362499));
#1848=CARTESIAN_POINT('',(-184.681379332001,-86.9999999956494,6.4862892942509));
#1849=CARTESIAN_POINT('',(-184.681379332001,-86.9999999956494,-15.513710705749));
#1850=CARTESIAN_POINT('',(-184.679212200594,-87.161753999455,6.48035766325325));
#1851=CARTESIAN_POINT('',(-184.679212200594,-87.161753999455,-15.5196423367467));
#1852=CARTESIAN_POINT('',(-184.670411677527,-87.3855005134988,6.45757584365635));
#1853=CARTESIAN_POINT('',(-184.670411677527,-87.3855005134988,-15.5424241563436));
#1854=CARTESIAN_POINT('',(-184.639381458981,-87.7903327070655,6.38114593870555));
#1855=CARTESIAN_POINT('',(-184.639381458981,-87.7903327070655,-15.6188540612944));
#1856=CARTESIAN_POINT('',(-184.550298153412,-88.3982728041938,6.18166885715309));
#1857=CARTESIAN_POINT('',(-184.550298153412,-88.3982728041938,-15.8183311428469));
#1858=CARTESIAN_POINT('',(-184.37584300179,-89.1542455693286,5.84290677524308));
#1859=CARTESIAN_POINT('',(-184.37584300179,-89.1542455693286,-16.1570932247569));
#1860=CARTESIAN_POINT('',(-184.220615461455,-89.6603507567668,5.57713262751921));
#1861=CARTESIAN_POINT('',(-184.220615461455,-89.6603507567668,-16.4228673724807));
#1862=CARTESIAN_POINT('',(-184.130738440309,-89.9229335794505,5.43535417781027));
#1863=CARTESIAN_POINT('',(-184.130738440309,-89.9229335794505,-16.5646458221896));
#1864=CARTESIAN_POINT('',(-184.121462898467,-89.9498636203377,5.42148058482428));
#1865=CARTESIAN_POINT('',(-184.121462898467,-89.9498636203377,-16.5785194151756));
#1866=CARTESIAN_POINT('',(-184.112596448756,-89.9754395004093,5.40777297726601));
#1867=CARTESIAN_POINT('',(-184.112596448756,-89.9754395004093,-16.5922270227339));
#1868=CARTESIAN_POINT('',(-184.017446559517,-90.2481588902031,5.26506316731582));
#1869=CARTESIAN_POINT('',(-184.017446559517,-90.2481588902031,-16.7349368326841));
#1870=CARTESIAN_POINT('',(-183.819966340898,-90.7669146302546,4.98633726567437));
#1871=CARTESIAN_POINT('',(-183.819966340898,-90.7669146302546,-17.0136627343255));
#1872=CARTESIAN_POINT('',(-183.478666813814,-91.5563286454169,4.56263230777904));
#1873=CARTESIAN_POINT('',(-183.478666813814,-91.5563286454169,-17.4373676922209));
#1874=CARTESIAN_POINT('',(-183.083597199564,-92.396621062227,4.13209865048836));
#1875=CARTESIAN_POINT('',(-183.083597199564,-92.396621062227,-17.8679013495116));
#1876=CARTESIAN_POINT('',(-182.780721321799,-93.0133517108382,3.83995703467119));
#1877=CARTESIAN_POINT('',(-182.780721321799,-93.0133517108382,-18.1600429653288));
#1878=CARTESIAN_POINT('',(-182.613986806077,-93.351727307343,3.68826846482276));
#1879=CARTESIAN_POINT('',(-182.613986806077,-93.351727307343,-18.3117315351772));
#1880=CARTESIAN_POINT('',(-182.599007233999,-93.3821337379932,3.67484042741998));
#1881=CARTESIAN_POINT('',(-182.599007233999,-93.3821337379932,-18.32515957258));
#1882=CARTESIAN_POINT('',(-182.58390293386,-93.412792705527,3.66128216452472));
#1883=CARTESIAN_POINT('',(-182.58390293386,-93.412792705527,-18.3387178354752));
#1884=CARTESIAN_POINT('',(-182.509977355338,-93.5628675233929,3.59495379580187));
#1885=CARTESIAN_POINT('',(-182.509977355338,-93.5628675233929,-18.405046204198));
#1886=CARTESIAN_POINT('',(-182.372477293333,-93.8420952051754,3.47462787825205));
#1887=CARTESIAN_POINT('',(-182.372477293333,-93.8420952051754,-18.5253721217479));
#1888=CARTESIAN_POINT('',(-182.163902823527,-94.2691671371699,3.29924182181034));
#1889=CARTESIAN_POINT('',(-182.163902823527,-94.2691671371699,-18.7007581781896));
#1890=CARTESIAN_POINT('',(-181.950733179154,-94.712753350706,3.12615737185047));
#1891=CARTESIAN_POINT('',(-181.950733179154,-94.712753350706,-18.8738426281495));
#1892=CARTESIAN_POINT('',(-181.745292605256,-95.1510091981713,2.96546666154885));
#1893=CARTESIAN_POINT('',(-181.745292605256,-95.1510091981713,-19.0345333384511));
#1894=CARTESIAN_POINT('',(-181.543046695658,-95.5975325098318,2.81377765291781));
#1895=CARTESIAN_POINT('',(-181.543046695658,-95.5975325098318,-19.1862223470821));
#1896=CARTESIAN_POINT('',(-181.336370843051,-96.0757759014682,2.66371661113843));
#1897=CARTESIAN_POINT('',(-181.336370843051,-96.0757759014682,-19.3362833888615));
#1898=CARTESIAN_POINT('',(-181.127643000819,-96.59226761227,2.51930151393989));
#1899=CARTESIAN_POINT('',(-181.127643000819,-96.59226761227,-19.48069848606));
#1900=CARTESIAN_POINT('',(-180.935518595669,-97.1135663495984,2.39414768335079));
#1901=CARTESIAN_POINT('',(-180.935518595669,-97.1135663495984,-19.6058523166491));
#1902=CARTESIAN_POINT('',(-180.757054062724,-97.6606436331144,2.28525124613193));
#1903=CARTESIAN_POINT('',(-180.757054062724,-97.6606436331144,-19.714748753868));
#1904=CARTESIAN_POINT('',(-180.592797984276,-98.2528130055589,2.19032911769426));
#1905=CARTESIAN_POINT('',(-180.592797984276,-98.2528130055589,-19.8096708823057));
#1906=CARTESIAN_POINT('',(-180.446520434234,-98.934166493623,2.11219600714978));
#1907=CARTESIAN_POINT('',(-180.446520434234,-98.934166493623,-19.8878039928501));
#1908=CARTESIAN_POINT('',(-180.374087616552,-99.4634648239123,2.07500869101378));
#1909=CARTESIAN_POINT('',(-180.374087616552,-99.4634648239123,-19.9249913089861));
#1910=CARTESIAN_POINT('',(-180.348585766839,-99.768747698419,2.06102998490051));
#1911=CARTESIAN_POINT('',(-180.348585766839,-99.768747698419,-19.9389700150994));
#1912=CARTESIAN_POINT('',(-180.345615852863,-99.8064491441271,2.05933035854994));
#1913=CARTESIAN_POINT('',(-180.345615852863,-99.8064491441271,-19.94066964145));
#1914=CARTESIAN_POINT('',(-180.342738102564,-99.8451126077016,2.05771775452672));
#1915=CARTESIAN_POINT('',(-180.342738102564,-99.8451126077016,-19.9422822454732));
#1916=CARTESIAN_POINT('',(-180.321589958863,-100.148015201595,2.04540688202671));
#1917=CARTESIAN_POINT('',(-180.321589958863,-100.148015201595,-19.9545931179732));
#1918=CARTESIAN_POINT('',(-180.309142704017,-100.743304020502,2.03391561929723));
#1919=CARTESIAN_POINT('',(-180.309142704017,-100.743304020502,-19.9660843807027));
#1920=CARTESIAN_POINT('',(-180.381579639371,-101.519605821004,2.04789475016611));
#1921=CARTESIAN_POINT('',(-180.381579639371,-101.519605821004,-19.9521052498338));
#1922=CARTESIAN_POINT('',(-180.502763407614,-102.15415629058,2.07605510544957));
#1923=CARTESIAN_POINT('',(-180.502763407614,-102.15415629058,-19.9239448945503));
#1924=CARTESIAN_POINT('',(-180.670955980341,-102.799585771951,2.11590392506466));
#1925=CARTESIAN_POINT('',(-180.670955980341,-102.799585771951,-19.8840960749353));
#1926=CARTESIAN_POINT('',(-180.867453402943,-103.328946245319,2.16517162251017));
#1927=CARTESIAN_POINT('',(-180.867453402943,-103.328946245319,-19.8348283774898));
#1928=CARTESIAN_POINT('',(-181.064850856129,-103.753142253456,2.21412852489058));
#1929=CARTESIAN_POINT('',(-181.064850856129,-103.753142253456,-19.7858714751094));
#1930=CARTESIAN_POINT('',(-181.178908313225,-103.982212874685,2.24334092156283));
#1931=CARTESIAN_POINT('',(-181.178908313225,-103.982212874685,-19.7566590784371));
#1932=CARTESIAN_POINT('',(-181.329772702148,-104.258371662268,2.28122043221421));
#1933=CARTESIAN_POINT('',(-181.329772702148,-104.258371662268,-19.7187795677857));
#1934=CARTESIAN_POINT('',(-181.486149156362,-104.514563908548,2.32183319719039));
#1935=CARTESIAN_POINT('',(-181.486149156362,-104.514563908548,-19.6781668028096));
#1936=CARTESIAN_POINT('',(-181.615095978819,-104.710690298483,2.3549767517456));
#1937=CARTESIAN_POINT('',(-181.615095978819,-104.710690298483,-19.6450232482543));
#1938=CARTESIAN_POINT('',(-181.866656606804,-105.075843507884,2.42160019866171));
#1939=CARTESIAN_POINT('',(-181.866656606804,-105.075843507884,-19.5783998013382));
#1940=CARTESIAN_POINT('',(-182.190374530691,-105.476435058509,2.51259629889657));
#1941=CARTESIAN_POINT('',(-182.190374530691,-105.476435058509,-19.4874037011034));
#1942=CARTESIAN_POINT('',(-182.558982404699,-105.872321693238,2.63424004818575));
#1943=CARTESIAN_POINT('',(-182.558982404699,-105.872321693238,-19.3657599518142));
#1944=CARTESIAN_POINT('',(-182.833209845999,-106.142937065388,2.73056099292356));
#1945=CARTESIAN_POINT('',(-182.833209845999,-106.142937065388,-19.2694390070764));
#1946=CARTESIAN_POINT('',(-183.097582035995,-106.384282994509,2.83071945724854));
#1947=CARTESIAN_POINT('',(-183.097582035995,-106.384282994509,-19.1692805427514));
#1948=CARTESIAN_POINT('',(-183.346206616674,-106.596765254843,2.93298395908443));
#1949=CARTESIAN_POINT('',(-183.346206616674,-106.596765254843,-19.0670160409155));
#1950=CARTESIAN_POINT('',(-183.584439397136,-106.788947182879,3.03562301635509));
#1951=CARTESIAN_POINT('',(-183.584439397136,-106.788947182879,-18.9643769836449));
#1952=CARTESIAN_POINT('',(-183.822763190277,-106.971429710045,3.14578896774526));
#1953=CARTESIAN_POINT('',(-183.822763190277,-106.971429710045,-18.8542110322547));
#1954=CARTESIAN_POINT('',(-184.063150196793,-107.146896052297,3.26511345302442));
#1955=CARTESIAN_POINT('',(-184.063150196793,-107.146896052297,-18.7348865469755));
#1956=CARTESIAN_POINT('',(-184.393338547282,-107.376908945115,3.43738862300501));
#1957=CARTESIAN_POINT('',(-184.393338547282,-107.376908945115,-18.5626113769949));
#1958=CARTESIAN_POINT('',(-184.789727852419,-107.635921862512,3.66221611594125));
#1959=CARTESIAN_POINT('',(-184.789727852419,-107.635921862512,-18.3377838840587));
#1960=CARTESIAN_POINT('',(-185.159083086458,-107.862106439953,3.89436103201047));
#1961=CARTESIAN_POINT('',(-185.159083086458,-107.862106439953,-18.1056389679895));
#1962=CARTESIAN_POINT('',(-185.432820344394,-108.024054893654,4.07760550009079));
#1963=CARTESIAN_POINT('',(-185.432820344394,-108.024054893654,-17.9223944999092));
#1964=CARTESIAN_POINT('',(-185.785486856911,-108.228528969325,4.32738411188652));
#1965=CARTESIAN_POINT('',(-185.785486856911,-108.228528969325,-17.6726158881134));
#1966=CARTESIAN_POINT('',(-186.260233435629,-108.49404007554,4.69297585109272));
#1967=CARTESIAN_POINT('',(-186.260233435629,-108.49404007554,-17.3070241489072));
#1968=CARTESIAN_POINT('',(-186.759286996433,-108.76692362839,5.14344003013263));
#1969=CARTESIAN_POINT('',(-186.759286996433,-108.76692362839,-16.8565599698673));
#1970=CARTESIAN_POINT('',(-187.130031456114,-108.970232595062,5.51701224135629));
#1971=CARTESIAN_POINT('',(-187.130031456114,-108.970232595062,-16.4829877586437));
#1972=CARTESIAN_POINT('',(-187.388247796665,-109.112713725652,5.79819920844018));
#1973=CARTESIAN_POINT('',(-187.388247796665,-109.112713725652,-16.2018007915598));
#1974=CARTESIAN_POINT('',(-187.601529464102,-109.231979054433,6.07480135886066));
#1975=CARTESIAN_POINT('',(-187.601529464102,-109.231979054433,-15.9251986411393));
#1976=CARTESIAN_POINT('',(-187.773260101408,-109.330866021544,6.36543017066869));
#1977=CARTESIAN_POINT('',(-187.773260101408,-109.330866021544,-15.6345698293312));
#1978=CARTESIAN_POINT('',(-187.948400180776,-109.436205387855,6.6809322987122));
#1979=CARTESIAN_POINT('',(-187.948400180776,-109.436205387855,-15.3190677012877));
#1980=CARTESIAN_POINT('',(-188.193526394944,-109.590252202465,7.11929295857651));
#1981=CARTESIAN_POINT('',(-188.193526394944,-109.590252202465,-14.8807070414234));
#1982=CARTESIAN_POINT('',(-188.517267662734,-109.807276123992,7.64228400464821));
#1983=CARTESIAN_POINT('',(-188.517267662734,-109.807276123992,-14.3577159953517));
#1984=CARTESIAN_POINT('',(-188.939259406058,-110.110360332232,8.25822212520611));
#1985=CARTESIAN_POINT('',(-188.939259406058,-110.110360332232,-13.7417778747938));
#1986=CARTESIAN_POINT('',(-189.308252068769,-110.391129645387,8.75749988601398));
#1987=CARTESIAN_POINT('',(-189.30825206877,-110.391129645387,-13.242500113986));
#1988=CARTESIAN_POINT('',(-189.61845998769,-110.635555441317,9.14960225411807));
#1989=CARTESIAN_POINT('',(-189.61845998769,-110.635555441317,-12.8503977458819));
#1990=CARTESIAN_POINT('',(-189.864293361642,-110.83273403523,9.44234758366115));
#1991=CARTESIAN_POINT('',(-189.864293361642,-110.83273403523,-12.5576524163388));
#1992=CARTESIAN_POINT('',(-190.119258800534,-111.040163167654,9.73092279186783));
#1993=CARTESIAN_POINT('',(-190.119258800534,-111.040163167654,-12.2690772081321));
#1994=CARTESIAN_POINT('',(-190.433898170676,-111.298648046984,10.0723398416691));
#1995=CARTESIAN_POINT('',(-190.433898170676,-111.298648046984,-11.9276601583309));
#1996=CARTESIAN_POINT('',(-190.820756400805,-111.61954845132,10.4618377811628));
#1997=CARTESIAN_POINT('',(-190.820756400805,-111.61954845132,-11.5381622188371));
#1998=CARTESIAN_POINT('',(-191.315117794675,-112.028328467749,10.9039280457476));
#1999=CARTESIAN_POINT('',(-191.315117794675,-112.028328467749,-11.0960719542524));
#2000=CARTESIAN_POINT('',(-191.849285131786,-112.462002424584,11.3269775545951));
#2001=CARTESIAN_POINT('',(-191.849285131786,-112.462002424584,-10.6730224454049));
#2002=CARTESIAN_POINT('',(-192.36302826293,-112.865785283772,11.6786029729672));
#2003=CARTESIAN_POINT('',(-192.36302826293,-112.865785283772,-10.3213970270328));
#2004=CARTESIAN_POINT('',(-192.866656604398,-113.245478540112,11.976923791372));
#2005=CARTESIAN_POINT('',(-192.866656604398,-113.245478540112,-10.023076208628));
#2006=CARTESIAN_POINT('',(-193.348246816113,-113.591982590723,12.2207859697038));
#2007=CARTESIAN_POINT('',(-193.348246816113,-113.591982590723,-9.77921403029617));
#2008=CARTESIAN_POINT('',(-193.866378808162,-113.943381393769,12.4453861993618));
#2009=CARTESIAN_POINT('',(-193.866378808162,-113.943381393769,-9.55461380063814));
#2010=CARTESIAN_POINT('',(-194.497298469942,-114.342035876393,12.6755101177241));
#2011=CARTESIAN_POINT('',(-194.497298469942,-114.342035876393,-9.32448988227579));
#2012=CARTESIAN_POINT('',(-195.262739274851,-114.779867098119,12.8960424445105));
#2013=CARTESIAN_POINT('',(-195.262739274851,-114.779867098119,-9.10395755548941));
#2014=CARTESIAN_POINT('',(-196.178759396698,-115.231604992125,13.0879715437505));
#2015=CARTESIAN_POINT('',(-196.178759396698,-115.231604992125,-8.91202845624948));
#2016=CARTESIAN_POINT('',(-197.164900702695,-115.635711968384,13.2357095050063));
#2017=CARTESIAN_POINT('',(-197.164900702695,-115.635711968384,-8.76429049499369));
#2018=CARTESIAN_POINT('',(-197.892682250161,-115.871519975206,13.3096111617796));
#2019=CARTESIAN_POINT('',(-197.892682250161,-115.871519975206,-8.69038883822031));
#2020=CARTESIAN_POINT('',(-198.302787888997,-115.985038065912,13.3427598153263));
#2021=CARTESIAN_POINT('',(-198.302787888997,-115.985038065912,-8.65724018467365));
#2022=CARTESIAN_POINT('',(-198.374218103843,-116.004410079881,13.3483062095988));
#2023=CARTESIAN_POINT('',(-198.374218103843,-116.004410079881,-8.65169379040113));
#2024=CARTESIAN_POINT('',(-198.44539120587,-116.023309822613,13.3537137400975));
#2025=CARTESIAN_POINT('',(-198.44539120587,-116.023309822613,-8.6462862599024));
#2026=CARTESIAN_POINT('',(-198.779783837748,-116.110235801289,13.3781627549455));
#2027=CARTESIAN_POINT('',(-198.779783837749,-116.110235801289,-8.62183724505446));
#2028=CARTESIAN_POINT('',(-199.3818456312,-116.244673298608,13.413812030384));
#2029=CARTESIAN_POINT('',(-199.3818456312,-116.244673298608,-8.58618796961595));
#2030=CARTESIAN_POINT('',(-200.256142073095,-116.382273263537,13.4467266053754));
#2031=CARTESIAN_POINT('',(-200.256142073095,-116.382273263537,-8.55327339462458));
#2032=CARTESIAN_POINT('',(-201.136119697761,-116.464301626935,13.4641504510497));
#2033=CARTESIAN_POINT('',(-201.136119697761,-116.464301626935,-8.53584954895022));
#2034=CARTESIAN_POINT('',(-202.016080837149,-116.491231471662,13.4689884847672));
#2035=CARTESIAN_POINT('',(-202.016080837149,-116.491231471662,-8.53101151523278));
#2036=CARTESIAN_POINT('',(-202.896041976533,-116.464301626934,13.4641504510494));
#2037=CARTESIAN_POINT('',(-202.896041976533,-116.464301626934,-8.53584954895048));
#2038=CARTESIAN_POINT('',(-203.776019601196,-116.382273263537,13.4467266053748));
#2039=CARTESIAN_POINT('',(-203.776019601196,-116.382273263537,-8.55327339462512));
#2040=CARTESIAN_POINT('',(-204.650316043098,-116.244673298606,13.4138120303837));
#2041=CARTESIAN_POINT('',(-204.650316043098,-116.244673298606,-8.58618796961626));
#2042=CARTESIAN_POINT('',(-205.252377836525,-116.110235801295,13.378162754945));
#2043=CARTESIAN_POINT('',(-205.252377836525,-116.110235801295,-8.62183724505495));
#2044=CARTESIAN_POINT('',(-205.586770468449,-116.023309822607,13.3537137400982));
#2045=CARTESIAN_POINT('',(-205.586770468449,-116.023309822607,-8.64628625990173));
#2046=CARTESIAN_POINT('',(-205.657943570464,-116.004410079877,13.3483062095989));
#2047=CARTESIAN_POINT('',(-205.657943570464,-116.004410079877,-8.65169379040105));
#2048=CARTESIAN_POINT('',(-205.72937378528,-115.985038065916,13.3427598153259));
#2049=CARTESIAN_POINT('',(-205.72937378528,-115.985038065916,-8.65724018467407));
#2050=CARTESIAN_POINT('',(-206.139479424148,-115.8715199752,13.3096111617803));
#2051=CARTESIAN_POINT('',(-206.139479424148,-115.8715199752,-8.69038883821966));
#2052=CARTESIAN_POINT('',(-206.867260971588,-115.635711968388,13.2357095050062));
#2053=CARTESIAN_POINT('',(-206.867260971588,-115.635711968388,-8.76429049499379));
#2054=CARTESIAN_POINT('',(-207.853402277599,-115.231604992124,13.0879715437507));
#2055=CARTESIAN_POINT('',(-207.853402277599,-115.231604992124,-8.91202845624926));
#2056=CARTESIAN_POINT('',(-208.769422399441,-114.779867098119,12.8960424445107));
#2057=CARTESIAN_POINT('',(-208.769422399441,-114.779867098119,-9.10395755548925));
#2058=CARTESIAN_POINT('',(-209.534863204354,-114.342035876391,12.6755101177246));
#2059=CARTESIAN_POINT('',(-209.534863204354,-114.342035876391,-9.32448988227537));
#2060=CARTESIAN_POINT('',(-210.165782866131,-113.943381393769,12.4453861993615));
#2061=CARTESIAN_POINT('',(-210.165782866131,-113.943381393769,-9.55461380063844));
#2062=CARTESIAN_POINT('',(-210.683914858183,-113.591982590722,12.2207859697038));
#2063=CARTESIAN_POINT('',(-210.683914858183,-113.591982590722,-9.77921403029619));
#2064=CARTESIAN_POINT('',(-211.165505069895,-113.245478540112,11.9769237913721));
#2065=CARTESIAN_POINT('',(-211.165505069895,-113.245478540112,-10.0230762086278));
#2066=CARTESIAN_POINT('',(-211.669133411364,-112.865785283772,11.6786029729667));
#2067=CARTESIAN_POINT('',(-211.669133411364,-112.865785283772,-10.3213970270332));
#2068=CARTESIAN_POINT('',(-212.182876542508,-112.462002424583,11.3269775545958));
#2069=CARTESIAN_POINT('',(-212.182876542508,-112.462002424583,-10.6730224454041));
#2070=CARTESIAN_POINT('',(-212.717043879616,-112.028328467752,10.9039280457477));
#2071=CARTESIAN_POINT('',(-212.717043879616,-112.028328467752,-11.0960719542522));
#2072=CARTESIAN_POINT('',(-213.211405273489,-111.619548451321,10.4618377811618));
#2073=CARTESIAN_POINT('',(-213.211405273489,-111.619548451321,-11.5381622188382));
#2074=CARTESIAN_POINT('',(-213.59826350362,-111.298648046982,10.0723398416703));
#2075=CARTESIAN_POINT('',(-213.59826350362,-111.298648046982,-11.9276601583297));
#2076=CARTESIAN_POINT('',(-213.912902873762,-111.040163167653,9.7309227918631));
#2077=CARTESIAN_POINT('',(-213.912902873762,-111.040163167653,-12.2690772081368));
#2078=CARTESIAN_POINT('',(-214.167868312654,-110.832734035228,9.44234758366113));
#2079=CARTESIAN_POINT('',(-214.167868312654,-110.832734035228,-12.5576524163388));
#2080=CARTESIAN_POINT('',(-214.413701686599,-110.63555544132,9.14960225412237));
#2081=CARTESIAN_POINT('',(-214.413701686599,-110.63555544132,-12.8503977458776));
#2082=CARTESIAN_POINT('',(-214.723909605525,-110.391129645387,8.75749988601177));
#2083=CARTESIAN_POINT('',(-214.723909605525,-110.391129645387,-13.2425001139882));
#2084=CARTESIAN_POINT('',(-215.092902268238,-110.110360332229,8.25822212520674));
#2085=CARTESIAN_POINT('',(-215.092902268238,-110.110360332229,-13.7417778747932));
#2086=CARTESIAN_POINT('',(-215.51489401156,-109.807276123992,7.64228400464767));
#2087=CARTESIAN_POINT('',(-215.51489401156,-109.807276123992,-14.3577159953523));
#2088=CARTESIAN_POINT('',(-215.838635279352,-109.590252202463,7.11929295857563));
#2089=CARTESIAN_POINT('',(-215.838635279352,-109.590252202463,-14.8807070414243));
#2090=CARTESIAN_POINT('',(-216.083761493519,-109.436205387854,6.6809322987118));
#2091=CARTESIAN_POINT('',(-216.083761493519,-109.436205387854,-15.3190677012881));
#2092=CARTESIAN_POINT('',(-216.258901572888,-109.330866021542,6.3654301706687));
#2093=CARTESIAN_POINT('',(-216.258901572888,-109.330866021542,-15.6345698293312));
#2094=CARTESIAN_POINT('',(-216.430632210188,-109.231979054435,6.07480135886086));
#2095=CARTESIAN_POINT('',(-216.430632210188,-109.231979054435,-15.9251986411391));
#2096=CARTESIAN_POINT('',(-216.643913877629,-109.112713725651,5.79819920844039));
#2097=CARTESIAN_POINT('',(-216.643913877629,-109.112713725651,-16.2018007915595));
#2098=CARTESIAN_POINT('',(-216.902130218181,-108.970232595061,5.51701224135633));
#2099=CARTESIAN_POINT('',(-216.902130218181,-108.970232595061,-16.4829877586436));
#2100=CARTESIAN_POINT('',(-217.272874677862,-108.766923628388,5.14344003013246));
#2101=CARTESIAN_POINT('',(-217.272874677862,-108.766923628388,-16.8565599698675));
#2102=CARTESIAN_POINT('',(-217.771928238666,-108.494040075539,4.69297585109231));
#2103=CARTESIAN_POINT('',(-217.771928238666,-108.494040075539,-17.3070241489076));
#2104=CARTESIAN_POINT('',(-218.246674817378,-108.228528969327,4.32738411188638));
#2105=CARTESIAN_POINT('',(-218.246674817378,-108.228528969327,-17.6726158881135));
#2106=CARTESIAN_POINT('',(-218.599341329893,-108.024054893658,4.07760550009103));
#2107=CARTESIAN_POINT('',(-218.599341329893,-108.024054893658,-17.9223944999089));
#2108=CARTESIAN_POINT('',(-218.873078587835,-107.862106439953,3.89436103201087));
#2109=CARTESIAN_POINT('',(-218.873078587835,-107.862106439953,-18.1056389679891));
#2110=CARTESIAN_POINT('',(-219.242433821873,-107.635921862515,3.6622161159417));
#2111=CARTESIAN_POINT('',(-219.242433821873,-107.635921862515,-18.3377838840582));
#2112=CARTESIAN_POINT('',(-219.638823127011,-107.376908945115,3.43738862300543));
#2113=CARTESIAN_POINT('',(-219.638823127012,-107.376908945115,-18.5626113769945));
#2114=CARTESIAN_POINT('',(-219.969011477507,-107.146896052293,3.26511345302497));
#2115=CARTESIAN_POINT('',(-219.969011477507,-107.146896052293,-18.734886546975));
#2116=CARTESIAN_POINT('',(-220.209398484018,-106.971429710044,3.14578896774596));
#2117=CARTESIAN_POINT('',(-220.209398484018,-106.971429710044,-18.854211032254));
#2118=CARTESIAN_POINT('',(-220.447722277154,-106.788947182883,3.03562301635548));
#2119=CARTESIAN_POINT('',(-220.447722277154,-106.788947182883,-18.9643769836444));
#2120=CARTESIAN_POINT('',(-220.685955057617,-106.596765254846,2.93298395908462));
#2121=CARTESIAN_POINT('',(-220.685955057617,-106.596765254846,-19.0670160409153));
#2122=CARTESIAN_POINT('',(-220.934579638298,-106.38428299451,2.8307194572487));
#2123=CARTESIAN_POINT('',(-220.934579638298,-106.38428299451,-19.1692805427512));
#2124=CARTESIAN_POINT('',(-221.198951828293,-106.14293706539,2.73056099292384));
#2125=CARTESIAN_POINT('',(-221.198951828293,-106.14293706539,-19.2694390070761));
#2126=CARTESIAN_POINT('',(-221.473179269594,-105.872321693239,2.634240048186));
#2127=CARTESIAN_POINT('',(-221.473179269594,-105.872321693239,-19.3657599518139));
#2128=CARTESIAN_POINT('',(-221.841787143609,-105.476435058503,2.51259629889699));
#2129=CARTESIAN_POINT('',(-221.841787143609,-105.476435058503,-19.4874037011029));
#2130=CARTESIAN_POINT('',(-222.165505067492,-105.075843507879,2.42160019866179));
#2131=CARTESIAN_POINT('',(-222.165505067492,-105.075843507879,-19.5783998013382));
#2132=CARTESIAN_POINT('',(-222.417065695469,-104.710690298491,2.35497675174579));
#2133=CARTESIAN_POINT('',(-222.417065695469,-104.710690298491,-19.6450232482541));
#2134=CARTESIAN_POINT('',(-222.546012517929,-104.514563908552,2.32183319719061));
#2135=CARTESIAN_POINT('',(-222.54601251793,-104.514563908552,-19.6781668028093));
#2136=CARTESIAN_POINT('',(-222.702388972147,-104.258371662266,2.28122043221449));
#2137=CARTESIAN_POINT('',(-222.702388972147,-104.258371662266,-19.7187795677854));
#2138=CARTESIAN_POINT('',(-222.853253361069,-103.982212874684,2.24334092156311));
#2139=CARTESIAN_POINT('',(-222.853253361069,-103.982212874684,-19.7566590784368));
#2140=CARTESIAN_POINT('',(-222.967310818164,-103.753142253458,2.21412852489084));
#2141=CARTESIAN_POINT('',(-222.967310818164,-103.753142253458,-19.7858714751091));
#2142=CARTESIAN_POINT('',(-223.164708271352,-103.328946245319,2.16517162251054));
#2143=CARTESIAN_POINT('',(-223.164708271352,-103.328946245319,-19.8348283774894));
#2144=CARTESIAN_POINT('',(-223.361205693952,-102.79958577195,2.1159039250648));
#2145=CARTESIAN_POINT('',(-223.361205693952,-102.79958577195,-19.8840960749351));
#2146=CARTESIAN_POINT('',(-223.529398266679,-102.154156290583,2.07605510544976));
#2147=CARTESIAN_POINT('',(-223.529398266679,-102.154156290583,-19.9239448945502));
#2148=CARTESIAN_POINT('',(-223.650582034924,-101.519605820995,2.04789475016625));
#2149=CARTESIAN_POINT('',(-223.650582034924,-101.519605820995,-19.9521052498337));
#2150=CARTESIAN_POINT('',(-223.723018970277,-100.743304020517,2.03391561929751));
#2151=CARTESIAN_POINT('',(-223.723018970277,-100.743304020517,-19.9660843807024));
#2152=CARTESIAN_POINT('',(-223.710571715431,-100.148015201585,2.04540688202664));
#2153=CARTESIAN_POINT('',(-223.710571715431,-100.148015201585,-19.9545931179733));
#2154=CARTESIAN_POINT('',(-223.68942357173,-99.8451126077032,2.05771775452734));
#2155=CARTESIAN_POINT('',(-223.68942357173,-99.8451126077032,-19.9422822454726));
#2156=CARTESIAN_POINT('',(-223.68654582143,-99.8064491441194,2.05933035854991));
#2157=CARTESIAN_POINT('',(-223.68654582143,-99.8064491441194,-19.94066964145));
#2158=CARTESIAN_POINT('',(-223.683575907454,-99.7687476984129,2.06102998489984));
#2159=CARTESIAN_POINT('',(-223.683575907454,-99.7687476984129,-19.9389700151001));
#2160=CARTESIAN_POINT('',(-223.658074057743,-99.463464823921,2.07500869101423));
#2161=CARTESIAN_POINT('',(-223.658074057743,-99.463464823921,-19.9249913089857));
#2162=CARTESIAN_POINT('',(-223.585641240059,-98.9341664936164,2.11219600714989));
#2163=CARTESIAN_POINT('',(-223.585641240059,-98.9341664936164,-19.88780399285));
#2164=CARTESIAN_POINT('',(-223.439363690019,-98.2528130055639,2.1903291176944));
#2165=CARTESIAN_POINT('',(-223.439363690019,-98.2528130055639,-19.8096708823055));
#2166=CARTESIAN_POINT('',(-223.275107611569,-97.6606436331108,2.2852512461319));
#2167=CARTESIAN_POINT('',(-223.275107611569,-97.6606436331108,-19.714748753868));
#2168=CARTESIAN_POINT('',(-223.096643078625,-97.1135663495993,2.3941476833512));
#2169=CARTESIAN_POINT('',(-223.096643078625,-97.1135663495993,-19.6058523166487));
#2170=CARTESIAN_POINT('',(-222.904518673477,-96.592267612275,2.51930151394009));
#2171=CARTESIAN_POINT('',(-222.904518673477,-96.592267612275,-19.4806984860599));
#2172=CARTESIAN_POINT('',(-222.695790831236,-96.0757759014537,2.66371661113757));
#2173=CARTESIAN_POINT('',(-222.695790831236,-96.0757759014537,-19.3362833888624));
#2174=CARTESIAN_POINT('',(-222.489114978648,-95.5975325098607,2.81377765292296));
#2175=CARTESIAN_POINT('',(-222.489114978648,-95.5975325098607,-19.186222347077));
#2176=CARTESIAN_POINT('',(-222.286869069022,-95.1510091981345,2.96546666153165));
#2177=CARTESIAN_POINT('',(-222.286869069022,-95.1510091981345,-19.0345333384683));
#2178=CARTESIAN_POINT('',(-222.081428495129,-94.7127533506896,3.12615737191512));
#2179=CARTESIAN_POINT('',(-222.081428495129,-94.7127533506896,-18.8738426280848));
#2180=CARTESIAN_POINT('',(-221.868258850959,-94.2691671375576,3.29924182155673));
#2181=CARTESIAN_POINT('',(-221.868258850959,-94.2691671375576,-18.7007581784432));
#2182=CARTESIAN_POINT('',(-221.659684379987,-93.8420952032006,3.47462787920608));
#2183=CARTESIAN_POINT('',(-221.659684379988,-93.8420952032006,-18.5253721207939));
#2184=CARTESIAN_POINT('',(-221.522184321356,-93.5628675282651,3.59495379364636));
#2185=CARTESIAN_POINT('',(-221.522184321357,-93.5628675282651,-18.4050462063536));
#2186=CARTESIAN_POINT('',(-221.448258735539,-93.4127926955912,3.66128216882421));
#2187=CARTESIAN_POINT('',(-221.44825873554,-93.4127926955912,-18.3387178311757));
#2188=CARTESIAN_POINT('',(-221.433154432921,-93.3821337230283,3.67484043436391));
#2189=CARTESIAN_POINT('',(-221.433154432921,-93.3821337230283,-18.325159565636));
#2190=CARTESIAN_POINT('',(-221.41817486296,-93.3517272966551,3.68826846900597));
#2191=CARTESIAN_POINT('',(-221.41817486296,-93.3517272966551,-18.311731530994));
#2192=CARTESIAN_POINT('',(-221.251440359604,-93.0133517261074,3.83995703186121));
#2193=CARTESIAN_POINT('',(-221.251440359604,-93.0133517261074,-18.1600429681387));
#2194=CARTESIAN_POINT('',(-220.948564459722,-92.3966210277158,4.13209865410848));
#2195=CARTESIAN_POINT('',(-220.948564459722,-92.3966210277158,-17.8679013458915));
#2196=CARTESIAN_POINT('',(-220.553494890434,-91.5563287186301,4.56263229917379));
#2197=CARTESIAN_POINT('',(-220.553494890434,-91.5563287186301,-17.4373677008262));
#2198=CARTESIAN_POINT('',(-220.212195268941,-90.7669144612282,4.98633729647533));
#2199=CARTESIAN_POINT('',(-220.212195268941,-90.7669144612282,-17.0136627035246));
#2200=CARTESIAN_POINT('',(-220.014715195271,-90.2481591137064,5.26506309948942));
#2201=CARTESIAN_POINT('',(-220.014715195271,-90.2481591137064,-16.7349369005105));
#2202=CARTESIAN_POINT('',(-219.91956513884,-89.975439251798,5.40777310186109));
#2203=CARTESIAN_POINT('',(-219.91956513884,-89.975439251798,-16.5922268981388));
#2204=CARTESIAN_POINT('',(-219.910698638243,-89.9498632222931,5.42148079025531));
#2205=CARTESIAN_POINT('',(-219.910698638243,-89.9498632222931,-16.5785192097446));
#2206=CARTESIAN_POINT('',(-219.901423152594,-89.9229333416642,5.43535429836867));
#2207=CARTESIAN_POINT('',(-219.901423152594,-89.9229333416642,-16.5646457016313));
#2208=CARTESIAN_POINT('',(-219.811546289097,-89.6603509910171,5.57713256168903));
#2209=CARTESIAN_POINT('',(-219.811546289097,-89.6603509910171,-16.4228674383109));
#2210=CARTESIAN_POINT('',(-219.656318614952,-89.1542453726099,5.84290680505644));
#2211=CARTESIAN_POINT('',(-219.656318614952,-89.1542453726099,-16.1570931949435));
#2212=CARTESIAN_POINT('',(-219.481863545273,-88.3982729064069,6.18166884920299));
#2213=CARTESIAN_POINT('',(-219.481863545273,-88.3982729064069,-15.818331150797));
#2214=CARTESIAN_POINT('',(-219.392780208058,-87.7903326636276,6.38114593903679));
#2215=CARTESIAN_POINT('',(-219.392780208058,-87.7903326636276,-15.6188540609631));
#2216=CARTESIAN_POINT('',(-219.361749996994,-87.3855005163925,6.45757584456731));
#2217=CARTESIAN_POINT('',(-219.361749996994,-87.3855005163925,-15.5424241554326));
#2218=CARTESIAN_POINT('',(-219.352949473292,-87.1617540044122,6.48035766375022));
#2219=CARTESIAN_POINT('',(-219.352949473292,-87.1617540044122,-15.5196423362497));
#2220=CARTESIAN_POINT('',(-219.350782342292,-87.0000000043503,6.48628929425094));
#2221=CARTESIAN_POINT('',(-219.350782342293,-87.0000000043503,-15.513710705749));
#2222=CARTESIAN_POINT('',(-219.3529494737,-86.838246000545,6.48035766325332));
#2223=CARTESIAN_POINT('',(-219.3529494737,-86.838246000545,-15.5196423367466));
#2224=CARTESIAN_POINT('',(-219.361749996767,-86.6144994865008,6.45757584365636));
#2225=CARTESIAN_POINT('',(-219.361749996767,-86.6144994865008,-15.5424241563436));
#2226=CARTESIAN_POINT('',(-219.392780215313,-86.2096672929335,6.38114593870551));
#2227=CARTESIAN_POINT('',(-219.392780215313,-86.2096672929335,-15.6188540612944));
#2228=CARTESIAN_POINT('',(-219.481863520882,-85.6017271958065,6.18166885715305));
#2229=CARTESIAN_POINT('',(-219.481863520882,-85.6017271958065,-15.8183311428469));
#2230=CARTESIAN_POINT('',(-219.656318672505,-84.8457544306689,5.84290677524299));
#2231=CARTESIAN_POINT('',(-219.656318672505,-84.8457544306689,-16.1570932247569));
#2232=CARTESIAN_POINT('',(-219.811546212838,-84.3396492432353,5.57713262751925));
#2233=CARTESIAN_POINT('',(-219.811546212838,-84.3396492432353,-16.4228673724807));
#2234=CARTESIAN_POINT('',(-219.901423233986,-84.0770664205465,5.43535417781052));
#2235=CARTESIAN_POINT('',(-219.901423233986,-84.0770664205465,-16.5646458221894));
#2236=CARTESIAN_POINT('',(-219.91069877583,-84.0501363796511,5.42148058482456));
#2237=CARTESIAN_POINT('',(-219.91069877583,-84.0501363796511,-16.5785194151754));
#2238=CARTESIAN_POINT('',(-219.919565225538,-84.0245604995896,5.40777297726643));
#2239=CARTESIAN_POINT('',(-219.919565225538,-84.0245604995896,-16.5922270227335));
#2240=CARTESIAN_POINT('',(-220.014715114776,-83.7518411098008,5.2650631673168));
#2241=CARTESIAN_POINT('',(-220.014715114776,-83.7518411098008,-16.7349368326831));
#2242=CARTESIAN_POINT('',(-220.212195333395,-83.2330853697467,4.98633726567603));
#2243=CARTESIAN_POINT('',(-220.212195333395,-83.2330853697467,-17.0136627343239));
#2244=CARTESIAN_POINT('',(-220.55349486048,-82.4436713545826,4.56263230778003));
#2245=CARTESIAN_POINT('',(-220.55349486048,-82.4436713545826,-17.4373676922199));
#2246=CARTESIAN_POINT('',(-220.94856447473,-81.6033789377711,4.13209865048861));
#2247=CARTESIAN_POINT('',(-220.94856447473,-81.6033789377711,-17.8679013495113));
#2248=CARTESIAN_POINT('',(-221.251440352496,-80.9866482891582,3.83995703467161));
#2249=CARTESIAN_POINT('',(-221.251440352496,-80.9866482891582,-18.1600429653283));
#2250=CARTESIAN_POINT('',(-221.418174868216,-80.6482726926595,3.68826846482377));
#2251=CARTESIAN_POINT('',(-221.418174868216,-80.6482726926595,-18.3117315351762));
#2252=CARTESIAN_POINT('',(-221.433154440299,-80.6178662619984,3.6748404274212));
#2253=CARTESIAN_POINT('',(-221.433154440299,-80.6178662619984,-18.3251595725787));
#2254=CARTESIAN_POINT('',(-221.448258740433,-80.5872072944735,3.66128216452588));
#2255=CARTESIAN_POINT('',(-221.448258740433,-80.5872072944735,-18.3387178354741));
#2256=CARTESIAN_POINT('',(-221.522184318948,-80.437132476623,3.59495379580536));
#2257=CARTESIAN_POINT('',(-221.522184318948,-80.437132476623,-18.4050462041946));
#2258=CARTESIAN_POINT('',(-221.659684380958,-80.1579047948298,3.47462787825691));
#2259=CARTESIAN_POINT('',(-221.659684380958,-80.1579047948298,-18.525372121743));
#2260=CARTESIAN_POINT('',(-221.868258850765,-79.7308328628328,3.29924182181091));
#2261=CARTESIAN_POINT('',(-221.868258850765,-79.7308328628328,-18.700758178189));
#2262=CARTESIAN_POINT('',(-222.081428495144,-79.2872466492845,3.12615737184575));
#2263=CARTESIAN_POINT('',(-222.081428495144,-79.2872466492845,-18.8738426281542));
#2264=CARTESIAN_POINT('',(-222.286869069037,-78.8489908018296,2.96546666154967));
#2265=CARTESIAN_POINT('',(-222.286869069037,-78.8489908018296,-19.0345333384503));
#2266=CARTESIAN_POINT('',(-222.489114978636,-78.4024674901671,2.81377765291742));
#2267=CARTESIAN_POINT('',(-222.489114978636,-78.4024674901671,-19.1862223470825));
#2268=CARTESIAN_POINT('',(-222.695790831243,-77.9242240985307,2.66371661113837));
#2269=CARTESIAN_POINT('',(-222.695790831243,-77.9242240985307,-19.3362833888616));
#2270=CARTESIAN_POINT('',(-222.904518673475,-77.4077323877286,2.51930151393989));
#2271=CARTESIAN_POINT('',(-222.904518673475,-77.4077323877286,-19.48069848606));
#2272=CARTESIAN_POINT('',(-223.096643078625,-76.8864336504014,2.39414768335135));
#2273=CARTESIAN_POINT('',(-223.096643078625,-76.8864336504014,-19.6058523166486));
#2274=CARTESIAN_POINT('',(-223.27510761157,-76.3393563668847,2.28525124613205));
#2275=CARTESIAN_POINT('',(-223.27510761157,-76.3393563668847,-19.7147487538679));
#2276=CARTESIAN_POINT('',(-223.439363690017,-75.7471869944427,2.19032911769443));
#2277=CARTESIAN_POINT('',(-223.439363690017,-75.7471869944427,-19.8096708823055));
#2278=CARTESIAN_POINT('',(-223.58564124006,-75.0658335063763,2.11219600714986));
#2279=CARTESIAN_POINT('',(-223.58564124006,-75.0658335063763,-19.88780399285));
#2280=CARTESIAN_POINT('',(-223.658074057742,-74.5365351760838,2.07500869101386));
#2281=CARTESIAN_POINT('',(-223.658074057742,-74.5365351760838,-19.9249913089861));
#2282=CARTESIAN_POINT('',(-223.683575907455,-74.2312523015812,2.0610299849005));
#2283=CARTESIAN_POINT('',(-223.683575907455,-74.2312523015812,-19.9389700150994));
#2284=CARTESIAN_POINT('',(-223.686545821431,-74.1935508558706,2.05933035855));
#2285=CARTESIAN_POINT('',(-223.686545821431,-74.1935508558706,-19.9406696414499));
#2286=CARTESIAN_POINT('',(-223.68942357173,-74.1548873922964,2.05771775452689));
#2287=CARTESIAN_POINT('',(-223.68942357173,-74.1548873922964,-19.942282245473));
#2288=CARTESIAN_POINT('',(-223.710571715431,-73.8519847984071,2.04540688202675));
#2289=CARTESIAN_POINT('',(-223.710571715431,-73.8519847984071,-19.9545931179732));
#2290=CARTESIAN_POINT('',(-223.723018970277,-73.2566959794922,2.0339156192972));
#2291=CARTESIAN_POINT('',(-223.723018970277,-73.2566959794922,-19.9660843807027));
#2292=CARTESIAN_POINT('',(-223.650582034923,-72.4803941789964,2.04789475016608));
#2293=CARTESIAN_POINT('',(-223.650582034923,-72.4803941789964,-19.9521052498339));
#2294=CARTESIAN_POINT('',(-223.52939826668,-71.8458437094212,2.07605510544974));
#2295=CARTESIAN_POINT('',(-223.52939826668,-71.8458437094212,-19.9239448945502));
#2296=CARTESIAN_POINT('',(-223.361205693953,-71.2004142280502,2.11590392506488));
#2297=CARTESIAN_POINT('',(-223.361205693953,-71.2004142280502,-19.884096074935));
#2298=CARTESIAN_POINT('',(-223.164708271351,-70.6710537546785,2.16517162251031));
#2299=CARTESIAN_POINT('',(-223.164708271351,-70.6710537546785,-19.8348283774896));
#2300=CARTESIAN_POINT('',(-222.967310818166,-70.2468577465447,2.21412852489103));
#2301=CARTESIAN_POINT('',(-222.967310818166,-70.2468577465447,-19.7858714751089));
#2302=CARTESIAN_POINT('',(-222.853253361069,-70.0177871253154,2.24334092156343));
#2303=CARTESIAN_POINT('',(-222.853253361069,-70.0177871253154,-19.7566590784365));
#2304=CARTESIAN_POINT('',(-222.702388972142,-69.7416283377238,2.28122043221452));
#2305=CARTESIAN_POINT('',(-222.702388972142,-69.7416283377238,-19.7187795677854));
#2306=CARTESIAN_POINT('',(-222.546012517934,-69.4854360914546,2.3218331971903));
#2307=CARTESIAN_POINT('',(-222.546012517934,-69.4854360914546,-19.6781668028096));
#2308=CARTESIAN_POINT('',(-222.417065695475,-69.2893097015167,2.35497675174562));
#2309=CARTESIAN_POINT('',(-222.417065695475,-69.2893097015167,-19.6450232482543));
#2310=CARTESIAN_POINT('',(-222.165505067493,-68.9241564921208,2.42160019866216));
#2311=CARTESIAN_POINT('',(-222.165505067493,-68.9241564921208,-19.5783998013378));
#2312=CARTESIAN_POINT('',(-221.8417871436,-68.5235649414858,2.5125962988971));
#2313=CARTESIAN_POINT('',(-221.8417871436,-68.5235649414858,-19.4874037011028));
#2314=CARTESIAN_POINT('',(-221.473179269595,-68.1276783067619,2.63424004818614));
#2315=CARTESIAN_POINT('',(-221.473179269595,-68.1276783067619,-19.3657599518138));
#2316=CARTESIAN_POINT('',(-221.198951828294,-67.85706293461,2.73056099292389));
#2317=CARTESIAN_POINT('',(-221.198951828294,-67.85706293461,-19.2694390070761));
#2318=CARTESIAN_POINT('',(-220.934579638301,-67.6157170054919,2.83071945724864));
#2319=CARTESIAN_POINT('',(-220.934579638301,-67.6157170054919,-19.1692805427513));
#2320=CARTESIAN_POINT('',(-220.685955057615,-67.4032347451521,2.93298395908459));
#2321=CARTESIAN_POINT('',(-220.685955057615,-67.4032347451521,-19.0670160409153));
#2322=CARTESIAN_POINT('',(-220.447722277152,-67.2110528171147,3.03562301635562));
#2323=CARTESIAN_POINT('',(-220.447722277152,-67.2110528171147,-18.9643769836443));
#2324=CARTESIAN_POINT('',(-220.209398484016,-67.0285702899539,3.14578896774616));
#2325=CARTESIAN_POINT('',(-220.209398484016,-67.0285702899539,-18.8542110322538));
#2326=CARTESIAN_POINT('',(-219.969011477504,-66.8531039477052,3.26511345302466));
#2327=CARTESIAN_POINT('',(-219.969011477504,-66.8531039477052,-18.7348865469753));
#2328=CARTESIAN_POINT('',(-219.63882312701,-66.6230910548827,3.43738862300435));
#2329=CARTESIAN_POINT('',(-219.63882312701,-66.6230910548827,-18.5626113769956));
#2330=CARTESIAN_POINT('',(-219.242433821871,-66.3640781374854,3.66221611594174));
#2331=CARTESIAN_POINT('',(-219.242433821871,-66.3640781374854,-18.3377838840582));
#2332=CARTESIAN_POINT('',(-218.873078587836,-66.1378935600476,3.89436103201195));
#2333=CARTESIAN_POINT('',(-218.873078587836,-66.1378935600476,-18.105638967988));
#2334=CARTESIAN_POINT('',(-218.5993413299,-65.975945106346,4.0776055000916));
#2335=CARTESIAN_POINT('',(-218.5993413299,-65.975945106346,-17.9223944999083));
#2336=CARTESIAN_POINT('',(-218.246674817379,-65.7714710306727,4.32738411188603));
#2337=CARTESIAN_POINT('',(-218.246674817379,-65.7714710306727,-17.6726158881139));
#2338=CARTESIAN_POINT('',(-217.771928238669,-65.5059599244614,4.69297585109199));
#2339=CARTESIAN_POINT('',(-217.771928238669,-65.5059599244614,-17.3070241489079));
#2340=CARTESIAN_POINT('',(-217.272874677861,-65.2330763716104,5.14344003013232));
#2341=CARTESIAN_POINT('',(-217.272874677861,-65.2330763716104,-16.8565599698676));
#2342=CARTESIAN_POINT('',(-216.902130218174,-65.0297674049341,5.51701224135649));
#2343=CARTESIAN_POINT('',(-216.902130218174,-65.0297674049341,-16.4829877586435));
#2344=CARTESIAN_POINT('',(-216.643913877629,-64.8872862743476,5.79819920844061));
#2345=CARTESIAN_POINT('',(-216.643913877629,-64.8872862743476,-16.2018007915593));
#2346=CARTESIAN_POINT('',(-216.430632210196,-64.7680209455689,6.07480135886085));
#2347=CARTESIAN_POINT('',(-216.430632210196,-64.7680209455689,-15.9251986411391));
#2348=CARTESIAN_POINT('',(-216.258901572888,-64.669133978457,6.36543017066852));
#2349=CARTESIAN_POINT('',(-216.258901572888,-64.669133978457,-15.6345698293314));
#2350=CARTESIAN_POINT('',(-216.083761493511,-64.563794612141,6.68093229871226));
#2351=CARTESIAN_POINT('',(-216.083761493511,-64.563794612141,-15.3190677012877));
#2352=CARTESIAN_POINT('',(-215.83863527935,-64.4097477975347,7.11929295857657));
#2353=CARTESIAN_POINT('',(-215.83863527935,-64.4097477975347,-14.8807070414233));
#2354=CARTESIAN_POINT('',(-215.514894011565,-64.1927238760118,7.64228400464622));
#2355=CARTESIAN_POINT('',(-215.514894011565,-64.1927238760118,-14.3577159953537));
#2356=CARTESIAN_POINT('',(-215.092902268237,-63.8896396677692,8.25822212520347));
#2357=CARTESIAN_POINT('',(-215.092902268237,-63.8896396677692,-13.7417778747965));
#2358=CARTESIAN_POINT('',(-214.723909605532,-63.6088703546179,8.75749988600755));
#2359=CARTESIAN_POINT('',(-214.723909605532,-63.6088703546179,-13.2425001139924));
#2360=CARTESIAN_POINT('',(-214.41370168659,-63.3644445586719,9.14960225412515));
#2361=CARTESIAN_POINT('',(-214.41370168659,-63.3644445586719,-12.8503977458748));
#2362=CARTESIAN_POINT('',(-214.167868312658,-63.1672659647738,9.44234758366015));
#2363=CARTESIAN_POINT('',(-214.167868312658,-63.1672659647738,-12.5576524163398));
#2364=CARTESIAN_POINT('',(-213.912902873774,-62.9598368323559,9.7309227918581));
#2365=CARTESIAN_POINT('',(-213.912902873774,-62.9598368323559,-12.2690772081418));
#2366=CARTESIAN_POINT('',(-213.598263503612,-62.7013519530115,10.0723398416716));
#2367=CARTESIAN_POINT('',(-213.598263503612,-62.7013519530115,-11.9276601583283));
#2368=CARTESIAN_POINT('',(-213.211405273491,-62.3804515486804,10.4618377811629));
#2369=CARTESIAN_POINT('',(-213.211405273491,-62.3804515486804,-11.5381622188371));
#2370=CARTESIAN_POINT('',(-212.717043879618,-61.9716715322493,10.9039280457481));
#2371=CARTESIAN_POINT('',(-212.717043879618,-61.9716715322493,-11.0960719542519));
#2372=CARTESIAN_POINT('',(-212.18287654251,-61.5379975754172,11.3269775545946));
#2373=CARTESIAN_POINT('',(-212.18287654251,-61.5379975754172,-10.6730224454053));
#2374=CARTESIAN_POINT('',(-211.669133411361,-61.1342147162259,11.6786029729671));
#2375=CARTESIAN_POINT('',(-211.669133411361,-61.1342147162259,-10.3213970270329));
#2376=CARTESIAN_POINT('',(-211.165505069898,-60.7545214598897,11.9769237913724));
#2377=CARTESIAN_POINT('',(-211.165505069898,-60.7545214598897,-10.0230762086275));
#2378=CARTESIAN_POINT('',(-210.683914858182,-60.4080174092767,12.2207859697037));
#2379=CARTESIAN_POINT('',(-210.683914858182,-60.4080174092767,-9.77921403029627));
#2380=CARTESIAN_POINT('',(-210.16578286613,-60.0566186062304,12.445386199361));
#2381=CARTESIAN_POINT('',(-210.16578286613,-60.0566186062304,-9.55461380063892));
#2382=CARTESIAN_POINT('',(-209.534863204356,-59.6579641236094,12.675510117724));
#2383=CARTESIAN_POINT('',(-209.534863204357,-59.6579641236094,-9.32448988227596));
#2384=CARTESIAN_POINT('',(-208.769422399444,-59.2201329018806,12.8960424445104));
#2385=CARTESIAN_POINT('',(-208.769422399444,-59.2201329018806,-9.10395755548953));
#2386=CARTESIAN_POINT('',(-207.853402277592,-58.7683950078724,13.0879715437503));
#2387=CARTESIAN_POINT('',(-207.853402277592,-58.7683950078724,-8.91202845624963));
#2388=CARTESIAN_POINT('',(-206.867260971598,-58.3642880316156,13.2357095050059));
#2389=CARTESIAN_POINT('',(-206.867260971598,-58.3642880316156,-8.764290494994));
#2390=CARTESIAN_POINT('',(-206.13947942415,-58.1284800247986,13.3096111617794));
#2391=CARTESIAN_POINT('',(-206.13947942415,-58.1284800247986,-8.69038883822051));
#2392=CARTESIAN_POINT('',(-205.729373785265,-58.0149619340791,13.342759815326));
#2393=CARTESIAN_POINT('',(-205.729373785265,-58.0149619340791,-8.65724018467398));
#2394=CARTESIAN_POINT('',(-205.657943570452,-57.9955899201195,13.3483062095987));
#2395=CARTESIAN_POINT('',(-205.657943570452,-57.9955899201195,-8.65169379040125));
#2396=CARTESIAN_POINT('',(-205.586770468457,-57.9766901773946,13.3537137400976));
#2397=CARTESIAN_POINT('',(-205.586770468457,-57.9766901773946,-8.6462862599023));
#2398=CARTESIAN_POINT('',(-205.252377836523,-57.8897641987048,13.3781627549454));
#2399=CARTESIAN_POINT('',(-205.252377836524,-57.8897641987048,-8.62183724505461));
#2400=CARTESIAN_POINT('',(-204.650316043095,-57.7553267013934,13.4138120303835));
#2401=CARTESIAN_POINT('',(-204.650316043095,-57.7553267013934,-8.58618796961646));
#2402=CARTESIAN_POINT('',(-203.776019601196,-57.6177267364624,13.4467266053741));
#2403=CARTESIAN_POINT('',(-203.776019601196,-57.6177267364624,-8.55327339462586));
#2404=CARTESIAN_POINT('',(-202.896041976538,-57.5356983730651,13.4641504510479));
#2405=CARTESIAN_POINT('',(-202.896041976538,-57.5356983730651,-8.53584954895202));
#2406=CARTESIAN_POINT('',(-202.01608083714,-57.508768528337,13.4689884847649));
#2407=CARTESIAN_POINT('',(-202.01608083714,-57.508768528337,-8.53101151523505));
#2408=CARTESIAN_POINT('',(-201.136119697759,-57.5356983730662,13.464150451048));
#2409=CARTESIAN_POINT('',(-201.136119697759,-57.5356983730662,-8.53584954895193));
#2410=CARTESIAN_POINT('',(-200.256142073096,-57.6177267364628,13.4467266053744));
#2411=CARTESIAN_POINT('',(-200.256142073096,-57.6177267364628,-8.55327339462548));
#2412=CARTESIAN_POINT('',(-199.381845631197,-57.7553267013925,13.4138120303837));
#2413=CARTESIAN_POINT('',(-199.381845631198,-57.7553267013925,-8.58618796961618));
#2414=CARTESIAN_POINT('',(-198.77978383776,-57.8897641987078,13.3781627549459));
#2415=CARTESIAN_POINT('',(-198.77978383776,-57.8897641987078,-8.62183724505404));
#2416=CARTESIAN_POINT('',(-198.445391205855,-57.9766901773896,13.353713740097));
#2417=CARTESIAN_POINT('',(-198.445391205855,-57.9766901773896,-8.64628625990297));
#2418=CARTESIAN_POINT('',(-198.3742181038,-57.9955899201298,13.3483062095992));
#2419=CARTESIAN_POINT('',(-198.3742181038,-57.9955899201298,-8.65169379040075));
#2420=CARTESIAN_POINT('',(-198.302787888998,-58.0149619340878,13.3427598153275));
#2421=CARTESIAN_POINT('',(-198.302787888999,-58.0149619340878,-8.65724018467242));
#2422=CARTESIAN_POINT('',(-197.892682250166,-58.1284800247925,13.3096111617797));
#2423=CARTESIAN_POINT('',(-197.892682250166,-58.1284800247925,-8.69038883822028));
#2424=CARTESIAN_POINT('',(-197.164900702688,-58.3642880316179,13.2357095050067));
#2425=CARTESIAN_POINT('',(-197.164900702688,-58.3642880316179,-8.76429049499321));
#2426=CARTESIAN_POINT('',(-196.178759396703,-58.7683950078726,13.0879715437508));
#2427=CARTESIAN_POINT('',(-196.178759396703,-58.7683950078726,-8.91202845624912));
#2428=CARTESIAN_POINT('',(-195.26273927485,-59.2201329018808,12.896042444511));
#2429=CARTESIAN_POINT('',(-195.26273927485,-59.2201329018808,-9.10395755548893));
#2430=CARTESIAN_POINT('',(-194.497298469941,-59.6579641236069,12.6755101177243));
#2431=CARTESIAN_POINT('',(-194.497298469941,-59.6579641236069,-9.32448988227568));
#2432=CARTESIAN_POINT('',(-193.86637880816,-60.0566186062324,12.4453861993618));
#2433=CARTESIAN_POINT('',(-193.86637880816,-60.0566186062324,-9.55461380063812));
#2434=CARTESIAN_POINT('',(-193.348246816114,-60.4080174092765,12.220785969704));
#2435=CARTESIAN_POINT('',(-193.348246816114,-60.4080174092765,-9.77921403029594));
#2436=CARTESIAN_POINT('',(-192.866656604399,-60.7545214598865,11.9769237913723));
#2437=CARTESIAN_POINT('',(-192.8666566044,-60.7545214598865,-10.0230762086276));
#2438=CARTESIAN_POINT('',(-192.363028262928,-61.13421471623,11.6786029729675));
#2439=CARTESIAN_POINT('',(-192.363028262928,-61.13421471623,-10.3213970270325));
#2440=CARTESIAN_POINT('',(-191.849285131789,-61.5379975754136,11.3269775545961));
#2441=CARTESIAN_POINT('',(-191.849285131789,-61.5379975754136,-10.6730224454038));
#2442=CARTESIAN_POINT('',(-191.315117794677,-61.9716715322479,10.9039280457481));
#2443=CARTESIAN_POINT('',(-191.315117794677,-61.9716715322479,-11.0960719542518));
#2444=CARTESIAN_POINT('',(-190.820756400801,-62.3804515486822,10.4618377811621));
#2445=CARTESIAN_POINT('',(-190.820756400801,-62.3804515486822,-11.5381622188378));
#2446=CARTESIAN_POINT('',(-190.433898170675,-62.7013519530165,10.0723398416702));
#2447=CARTESIAN_POINT('',(-190.433898170675,-62.7013519530165,-11.9276601583298));
#2448=CARTESIAN_POINT('',(-190.11925880053,-62.9598368323482,9.73092279186258));
#2449=CARTESIAN_POINT('',(-190.11925880053,-62.9598368323482,-12.2690772081373));
#2450=CARTESIAN_POINT('',(-189.86429336164,-63.1672659647704,9.44234758365983));
#2451=CARTESIAN_POINT('',(-189.86429336164,-63.1672659647704,-12.5576524163401));
#2452=CARTESIAN_POINT('',(-189.618459987693,-63.3644445586801,9.1496022541205));
#2453=CARTESIAN_POINT('',(-189.618459987693,-63.3644445586801,-12.8503977458794));
#2454=CARTESIAN_POINT('',(-189.308252068765,-63.6088703546166,8.75749988600932));
#2455=CARTESIAN_POINT('',(-189.308252068765,-63.6088703546166,-13.2425001139906));
#2456=CARTESIAN_POINT('',(-188.939259406057,-63.8896396677692,8.25822212520275));
#2457=CARTESIAN_POINT('',(-188.939259406057,-63.8896396677692,-13.7417778747972));
#2458=CARTESIAN_POINT('',(-188.51726766273,-64.1927238760102,7.64228400464667));
#2459=CARTESIAN_POINT('',(-188.51726766273,-64.1927238760102,-14.3577159953532));
#2460=CARTESIAN_POINT('',(-188.193526394944,-64.4097477975351,7.11929295857695));
#2461=CARTESIAN_POINT('',(-188.193526394944,-64.4097477975351,-14.880707041423));
#2462=CARTESIAN_POINT('',(-187.948400180787,-64.5637946121374,6.68093229871291));
#2463=CARTESIAN_POINT('',(-187.948400180787,-64.5637946121374,-15.319067701287));
#2464=CARTESIAN_POINT('',(-187.773260101394,-64.6691339784643,6.36543017066869));
#2465=CARTESIAN_POINT('',(-187.773260101394,-64.6691339784643,-15.6345698293312));
#2466=CARTESIAN_POINT('',(-187.601529464084,-64.768020945578,6.07480135885915));
#2467=CARTESIAN_POINT('',(-187.601529464084,-64.768020945578,-15.9251986411408));
#2468=CARTESIAN_POINT('',(-187.388247796696,-64.8872862743308,5.79819920843913));
#2469=CARTESIAN_POINT('',(-187.388247796696,-64.8872862743308,-16.2018007915608));
#2470=CARTESIAN_POINT('',(-187.130031456236,-65.029767404867,5.51701224136049));
#2471=CARTESIAN_POINT('',(-187.130031456236,-65.029767404867,-16.4829877586394));
#2472=CARTESIAN_POINT('',(-186.759286995927,-65.233076371876,5.1434400301351));
#2473=CARTESIAN_POINT('',(-186.759286995928,-65.233076371876,-16.8565599698648));
#2474=CARTESIAN_POINT('',(-186.260233436463,-65.5059599240867,4.69297585104744));
#2475=CARTESIAN_POINT('',(-186.260233436463,-65.5059599240867,-17.3070241489525));
#2476=CARTESIAN_POINT('',(-185.785486857395,-65.7714710301839,4.32738411200498));
#2477=CARTESIAN_POINT('',(-185.785486857395,-65.7714710301839,-17.672615887995));
#2478=CARTESIAN_POINT('',(-185.432820337538,-65.9759451107006,4.07760549987589));
#2479=CARTESIAN_POINT('',(-185.432820337538,-65.9759451107006,-17.9223945001241));
#2480=CARTESIAN_POINT('',(-185.159083121461,-66.137893538953,3.89436103193268));
#2481=CARTESIAN_POINT('',(-185.159083121461,-66.137893538953,-18.1056389680673));
#2482=CARTESIAN_POINT('',(-184.789727783954,-66.3640781771589,3.66221611773773));
#2483=CARTESIAN_POINT('',(-184.789727783954,-66.3640781771589,-18.3377838822622));
#2484=CARTESIAN_POINT('',(-184.39333857829,-66.6230910452828,3.43738861769527));
#2485=CARTESIAN_POINT('',(-184.39333857829,-66.6230910452828,-18.5626113823047));
#2486=CARTESIAN_POINT('',(-184.063150382979,-66.8531037962664,3.26511346222049));
#2487=CARTESIAN_POINT('',(-184.063150382979,-66.8531037962664,-18.7348865377795));
#2488=CARTESIAN_POINT('',(-183.822762731129,-67.0285706478612,3.14578897252966));
#2489=CARTESIAN_POINT('',(-183.822762731129,-67.0285706478612,-18.8542110274703));
#2490=CARTESIAN_POINT('',(-183.58443901647,-67.2110530624755,3.03562298265752));
#2491=CARTESIAN_POINT('',(-183.58443901647,-67.2110530624755,-18.9643770173424));
#2492=CARTESIAN_POINT('',(-183.346207336337,-67.4032345350527,2.93298393784375));
#2493=CARTESIAN_POINT('',(-183.346207336337,-67.4032345350527,-19.0670160621562));
#2494=CARTESIAN_POINT('',(-183.097586067767,-67.6157121721953,2.83071957591091));
#2495=CARTESIAN_POINT('',(-183.097586067767,-67.6157121721953,-19.169280424089));
#2496=CARTESIAN_POINT('',(-182.833197254072,-67.8570782896331,2.73056107349578));
#2497=CARTESIAN_POINT('',(-182.833197254072,-67.8570782896331,-19.2694389265042));
#2498=CARTESIAN_POINT('',(-182.559010468558,-68.1276390856083,2.6342396072354));
#2499=CARTESIAN_POINT('',(-182.559010468558,-68.1276390856083,-19.3657603927645));
#2500=CARTESIAN_POINT('',(-182.190216291612,-68.523785023815,2.51259604448373));
#2501=CARTESIAN_POINT('',(-182.190216291612,-68.523785023815,-19.4874039555162));
#2502=CARTESIAN_POINT('',(-181.834166623223,-68.9642948086157,2.41233203287112));
#2503=CARTESIAN_POINT('',(-181.834166623223,-68.9642948086157,-19.5876679671288));
#2504=CARTESIAN_POINT('',(-181.518351990774,-69.4327756312109,2.32994674322515));
#2505=CARTESIAN_POINT('',(-181.518351990774,-69.4327756312109,-19.6700532567748));
#2506=CARTESIAN_POINT('',(-181.329325190309,-69.7423698612845,2.28125802607252));
#2507=CARTESIAN_POINT('',(-181.32932519031,-69.7423698612845,-19.7187419739274));
#2508=CARTESIAN_POINT('',(-181.149052500912,-70.0724195847697,2.23562365095998));
#2509=CARTESIAN_POINT('',(-181.149052500912,-70.0724195847697,-19.7643763490399));
#2510=CARTESIAN_POINT('',(-181.036370162424,-70.306031740964,2.20722115724215));
#2511=CARTESIAN_POINT('',(-181.036370162424,-70.306031740964,-19.7927788427578));
#2512=CARTESIAN_POINT('',(-180.98214392114,-70.4265409352101,2.19361050877572));
#2513=CARTESIAN_POINT('',(-180.98214392114,-70.4265409352101,-19.8063894912242));
#2514=CARTESIAN_POINT('',(-208.33350419474,-102.243972194331,16.4173907975809));
#2515=CARTESIAN_POINT('',(-208.376718816276,-102.059746997459,16.3812366938244));
#2516=CARTESIAN_POINT('',(-208.534052784603,-101.364429842655,16.235304326837));
#2517=CARTESIAN_POINT('',(-208.808571118036,-99.9194466953354,15.8855534455663));
#2518=CARTESIAN_POINT('',(-209.077822620084,-98.1913096547496,15.4435967016031));
#2519=CARTESIAN_POINT('',(-209.404501194372,-95.5755083572144,14.7843935381764));
#2520=CARTESIAN_POINT('',(-209.704803634035,-91.8450718056311,13.928676097591));
#2521=CARTESIAN_POINT('',(-209.841766786553,-86.9999999999998,13.4025602387188));
#2522=CARTESIAN_POINT('',(-209.704803634034,-82.1549281943685,13.928676097591));
#2523=CARTESIAN_POINT('',(-209.404501194372,-78.4244916427854,14.7843935381764));
#2524=CARTESIAN_POINT('',(-209.077822620084,-75.8086903452499,15.4435967016031));
#2525=CARTESIAN_POINT('',(-208.808571118036,-74.0805533046644,15.8855534455663));
#2526=CARTESIAN_POINT('',(-208.534052784603,-72.6355701573443,16.235304326837));
#2527=CARTESIAN_POINT('',(-208.376718816276,-71.9402530025409,16.3812366938244));
#2528=CARTESIAN_POINT('',(-208.33350419474,-71.7560278056683,16.4173907975809));
#2529=CARTESIAN_POINT('',(-208.253085978703,-102.329723165703,16.4701336081448));
#2530=CARTESIAN_POINT('',(-208.259760469222,-102.04351393347,16.4499746132275));
#2531=CARTESIAN_POINT('',(-208.380388522962,-101.344074695212,16.3252955610775));
#2532=CARTESIAN_POINT('',(-208.625911525661,-99.897995501492,15.9917679403693));
#2533=CARTESIAN_POINT('',(-208.874676300849,-98.1709545073068,15.5608314951623));
#2534=CARTESIAN_POINT('',(-209.182070553133,-95.5587023124026,14.9115023081051));
#2535=CARTESIAN_POINT('',(-209.467113507395,-91.835050809967,14.0630606601019));
#2536=CARTESIAN_POINT('',(-209.598459335514,-86.9999999999995,13.5392836056274));
#2537=CARTESIAN_POINT('',(-209.467113507395,-82.1649491900325,14.0630606601019));
#2538=CARTESIAN_POINT('',(-209.182070553133,-78.4412976875972,14.9115023081051));
#2539=CARTESIAN_POINT('',(-208.874676300849,-75.8290454926928,15.5608314951623));
#2540=CARTESIAN_POINT('',(-208.625911525661,-74.1020044985078,15.9917679403693));
#2541=CARTESIAN_POINT('',(-208.380388522962,-72.6559253047872,16.3252955610775));
#2542=CARTESIAN_POINT('',(-208.259760469222,-71.95648606653,16.4499746132275));
#2543=CARTESIAN_POINT('',(-208.253085978703,-71.6702768342961,16.4701336081448));
#2544=CARTESIAN_POINT('',(-207.954015368317,-102.63020209705,16.653284306069));
#2545=CARTESIAN_POINT('',(-207.962438849127,-102.255731039776,16.6284249986677));
#2546=CARTESIAN_POINT('',(-208.032751351317,-101.424273642828,16.5150397434609));
#2547=CARTESIAN_POINT('',(-208.226583728187,-99.9259358841966,16.1986254821577));
#2548=CARTESIAN_POINT('',(-208.436746730518,-98.1728406463533,15.7805383850812));
#2549=CARTESIAN_POINT('',(-208.706017664301,-95.5475106258141,15.144665500972));
#2550=CARTESIAN_POINT('',(-208.960730757904,-91.8232304103626,14.3099186552419));
#2551=CARTESIAN_POINT('',(-209.080808384617,-86.9999999999995,13.7931082515663));
#2552=CARTESIAN_POINT('',(-208.960730757904,-82.1767695896369,14.3099186552419));
#2553=CARTESIAN_POINT('',(-208.706017664301,-78.4524893741855,15.144665500972));
#2554=CARTESIAN_POINT('',(-208.436746730518,-75.827159353646,15.7805383850812));
#2555=CARTESIAN_POINT('',(-208.226583728187,-74.0740641158029,16.1986254821577));
#2556=CARTESIAN_POINT('',(-208.032751351317,-72.5757263571716,16.5150397434609));
#2557=CARTESIAN_POINT('',(-207.962438849127,-71.7442689602231,16.6284249986677));
#2558=CARTESIAN_POINT('',(-207.954015368317,-71.3697979029496,16.653284306069));
#2559=CARTESIAN_POINT('',(-207.3394031036,-103.132265447985,16.9295612727185));
#2560=CARTESIAN_POINT('',(-207.348280156454,-102.691217069454,16.9040973406596));
#2561=CARTESIAN_POINT('',(-207.398232100656,-101.737411051979,16.7903796880281));
#2562=CARTESIAN_POINT('',(-207.533857041292,-100.100183704916,16.4756770343502));
#2563=CARTESIAN_POINT('',(-207.694282515105,-98.2650474973916,16.0610913967525));
#2564=CARTESIAN_POINT('',(-207.909219393107,-95.5799536931431,15.4335213981593));
#2565=CARTESIAN_POINT('',(-208.119775081113,-91.8249378606793,14.618307052982));
#2566=CARTESIAN_POINT('',(-208.222862330118,-86.9999999999998,14.1168777071013));
#2567=CARTESIAN_POINT('',(-208.119775081113,-82.1750621393205,14.618307052982));
#2568=CARTESIAN_POINT('',(-207.909219393107,-78.4200463068564,15.4335213981593));
#2569=CARTESIAN_POINT('',(-207.694282515105,-75.7349525026079,16.0610913967525));
#2570=CARTESIAN_POINT('',(-207.533857041292,-73.8998162950834,16.4756770343503));
#2571=CARTESIAN_POINT('',(-207.398232100656,-72.2625889480209,16.7903796880281));
#2572=CARTESIAN_POINT('',(-207.348280156454,-71.3087829305459,16.9040973406596));
#2573=CARTESIAN_POINT('',(-207.3394031036,-70.8677345520141,16.9295612727184));
#2574=CARTESIAN_POINT('',(-206.613061506541,-103.598642523909,17.1531703221547));
#2575=CARTESIAN_POINT('',(-206.621484987351,-103.112937752135,17.1296652205269));
#2576=CARTESIAN_POINT('',(-206.658511808704,-102.073498709081,17.0178818328723));
#2577=CARTESIAN_POINT('',(-206.755686211202,-100.326577707785,16.702973409016));
#2578=CARTESIAN_POINT('',(-206.875589375436,-98.4082203315702,16.2879178536079));
#2579=CARTESIAN_POINT('',(-207.04055806509,-95.6435967457921,15.6637625520912));
#2580=CARTESIAN_POINT('',(-207.209063787846,-91.8408566352687,14.8686316504283));
#2581=CARTESIAN_POINT('',(-207.295085165775,-86.9999999999998,14.3855783995236));
#2582=CARTESIAN_POINT('',(-207.209063787846,-82.1591433647309,14.8686316504283));
#2583=CARTESIAN_POINT('',(-207.04055806509,-78.3564032542074,15.6637625520912));
#2584=CARTESIAN_POINT('',(-206.875589375436,-75.5917796684294,16.2879178536079));
#2585=CARTESIAN_POINT('',(-206.755686211202,-73.673422292215,16.702973409016));
#2586=CARTESIAN_POINT('',(-206.658511808704,-71.9265012909182,17.0178818328723));
#2587=CARTESIAN_POINT('',(-206.621484987351,-70.8870622478644,17.1296652205269));
#2588=CARTESIAN_POINT('',(-206.613061506541,-70.4013574760902,17.1531703221547));
#2589=CARTESIAN_POINT('',(-205.524389865352,-104.132562585027,17.3625596351438));
#2590=CARTESIAN_POINT('',(-205.531344636688,-103.60751486138,17.343593175802));
#2591=CARTESIAN_POINT('',(-205.556695598002,-102.489677686901,17.2374983769717));
#2592=CARTESIAN_POINT('',(-205.61881961791,-100.632038224484,16.9255376270417));
#2593=CARTESIAN_POINT('',(-205.694814537754,-98.6158565422243,16.5124254141823));
#2594=CARTESIAN_POINT('',(-205.801000060132,-95.7460133138945,15.895629964804));
#2595=CARTESIAN_POINT('',(-205.917275822961,-91.8740611331527,15.1300924395331));
#2596=CARTESIAN_POINT('',(-205.9804588246,-86.9999999999998,14.6729526389512));
#2597=CARTESIAN_POINT('',(-205.917275822961,-82.1259388668468,15.1300924395331));
#2598=CARTESIAN_POINT('',(-205.801000060132,-78.2539866861052,15.895629964804));
#2599=CARTESIAN_POINT('',(-205.694814537754,-75.3841434577753,16.5124254141823));
#2600=CARTESIAN_POINT('',(-205.61881961791,-73.3679617755154,16.9255376270417));
#2601=CARTESIAN_POINT('',(-205.556695598002,-71.5103223130982,17.2374983769717));
#2602=CARTESIAN_POINT('',(-205.531344636688,-70.3924851386196,17.343593175802));
#2603=CARTESIAN_POINT('',(-205.524389865352,-69.8674374149728,17.3625596351438));
#2604=CARTESIAN_POINT('',(-203.992062975554,-104.559493198521,17.4231307459414));
#2605=CARTESIAN_POINT('',(-203.996209919953,-104.006210361687,17.4106547081527));
#2606=CARTESIAN_POINT('',(-204.009218607483,-102.832758670605,17.3176648725555));
#2607=CARTESIAN_POINT('',(-204.038951159891,-100.897005338269,17.0262647876582));
#2608=CARTESIAN_POINT('',(-204.074978358324,-98.8107584667523,16.6351473198169));
#2609=CARTESIAN_POINT('',(-204.126174317484,-95.8618809278607,16.0502981168463));
#2610=CARTESIAN_POINT('',(-204.186281506061,-91.9249614389432,15.33093289856));
#2611=CARTESIAN_POINT('',(-204.220790715058,-86.9999999999998,14.903992281759));
#2612=CARTESIAN_POINT('',(-204.186281506061,-82.0750385610563,15.33093289856));
#2613=CARTESIAN_POINT('',(-204.126174317484,-78.1381190721386,16.0502981168463));
#2614=CARTESIAN_POINT('',(-204.074978358324,-75.1892415332472,16.6351473198169));
#2615=CARTESIAN_POINT('',(-204.038951159891,-73.10299466173,17.0262647876582));
#2616=CARTESIAN_POINT('',(-204.009218607483,-71.167241329395,17.3176648725555));
#2617=CARTESIAN_POINT('',(-203.996209919953,-69.9937896383128,17.4106547081527));
#2618=CARTESIAN_POINT('',(-203.992062975554,-69.4405068014789,17.4231307459414));
#2619=CARTESIAN_POINT('',(-202.016080837147,-104.719463781456,17.3790072002445));
#2620=CARTESIAN_POINT('',(-202.016080837147,-104.157617307371,17.3707522628659));
#2621=CARTESIAN_POINT('',(-202.016080837147,-102.967750165398,17.2880230960896));
#2622=CARTESIAN_POINT('',(-202.016080837147,-101.009242193704,17.0157098392619));
#2623=CARTESIAN_POINT('',(-202.016080837147,-98.9018422859531,16.6456154451643));
#2624=CARTESIAN_POINT('',(-202.016080837147,-95.9265402577757,16.0890325625322));
#2625=CARTESIAN_POINT('',(-202.016080837147,-91.9592594957917,15.4010429630346));
#2626=CARTESIAN_POINT('',(-202.016080837147,-86.9999999999998,14.991344804853));
#2627=CARTESIAN_POINT('',(-202.016080837147,-82.0407405042081,15.4010429630346));
#2628=CARTESIAN_POINT('',(-202.016080837147,-78.0734597422238,16.0890325625322));
#2629=CARTESIAN_POINT('',(-202.016080837147,-75.0981577140465,16.6456154451643));
#2630=CARTESIAN_POINT('',(-202.016080837147,-72.9907578062951,17.0157098392619));
#2631=CARTESIAN_POINT('',(-202.016080837147,-71.0322498346013,17.2880230960896));
#2632=CARTESIAN_POINT('',(-202.016080837147,-69.8423826926285,17.3707522628659));
#2633=CARTESIAN_POINT('',(-202.016080837147,-69.2805362185436,17.3790072002445));
#2634=CARTESIAN_POINT('',(-200.04009869874,-104.559493198521,17.4231307459414));
#2635=CARTESIAN_POINT('',(-200.035951754341,-104.006210361687,17.4106547081527));
#2636=CARTESIAN_POINT('',(-200.02294306681,-102.832758670605,17.3176648725555));
#2637=CARTESIAN_POINT('',(-199.993210514402,-100.897005338269,17.0262647876582));
#2638=CARTESIAN_POINT('',(-199.95718331597,-98.8107584667523,16.6351473198169));
#2639=CARTESIAN_POINT('',(-199.905987356809,-95.8618809278607,16.0502981168463));
#2640=CARTESIAN_POINT('',(-199.845880168233,-91.9249614389432,15.33093289856));
#2641=CARTESIAN_POINT('',(-199.811370959236,-86.9999999999998,14.903992281759));
#2642=CARTESIAN_POINT('',(-199.845880168232,-82.0750385610563,15.33093289856));
#2643=CARTESIAN_POINT('',(-199.905987356809,-78.1381190721388,16.0502981168463));
#2644=CARTESIAN_POINT('',(-199.95718331597,-75.1892415332472,16.6351473198169));
#2645=CARTESIAN_POINT('',(-199.993210514402,-73.1029946617302,17.0262647876582));
#2646=CARTESIAN_POINT('',(-200.02294306681,-71.167241329395,17.3176648725555));
#2647=CARTESIAN_POINT('',(-200.035951754341,-69.9937896383126,17.4106547081526));
#2648=CARTESIAN_POINT('',(-200.04009869874,-69.4405068014789,17.4231307459414));
#2649=CARTESIAN_POINT('',(-198.507771808941,-104.132562585027,17.3625596351438));
#2650=CARTESIAN_POINT('',(-198.500817037606,-103.60751486138,17.3435931758019));
#2651=CARTESIAN_POINT('',(-198.475466076291,-102.489677686901,17.2374983769717));
#2652=CARTESIAN_POINT('',(-198.413342056384,-100.632038224484,16.9255376270417));
#2653=CARTESIAN_POINT('',(-198.33734713654,-98.6158565422243,16.5124254141823));
#2654=CARTESIAN_POINT('',(-198.231161614161,-95.7460133138945,15.895629964804));
#2655=CARTESIAN_POINT('',(-198.114885851333,-91.874061133153,15.130092439533));
#2656=CARTESIAN_POINT('',(-198.051702849693,-86.9999999999998,14.6729526389512));
#2657=CARTESIAN_POINT('',(-198.114885851333,-82.1259388668466,15.130092439533));
#2658=CARTESIAN_POINT('',(-198.231161614161,-78.2539866861052,15.895629964804));
#2659=CARTESIAN_POINT('',(-198.33734713654,-75.3841434577753,16.5124254141823));
#2660=CARTESIAN_POINT('',(-198.413342056384,-73.3679617755151,16.9255376270417));
#2661=CARTESIAN_POINT('',(-198.475466076291,-71.5103223130982,17.2374983769717));
#2662=CARTESIAN_POINT('',(-198.500817037606,-70.3924851386196,17.343593175802));
#2663=CARTESIAN_POINT('',(-198.507771808941,-69.8674374149728,17.3625596351438));
#2664=CARTESIAN_POINT('',(-197.419100167752,-103.598642523909,17.1531703221547));
#2665=CARTESIAN_POINT('',(-197.410676686942,-103.112937752135,17.1296652205269));
#2666=CARTESIAN_POINT('',(-197.373649865589,-102.073498709081,17.0178818328723));
#2667=CARTESIAN_POINT('',(-197.276475463092,-100.326577707785,16.702973409016));
#2668=CARTESIAN_POINT('',(-197.156572298858,-98.4082203315702,16.2879178536079));
#2669=CARTESIAN_POINT('',(-196.991603609203,-95.6435967457921,15.6637625520912));
#2670=CARTESIAN_POINT('',(-196.823097886448,-91.8408566352687,14.8686316504283));
#2671=CARTESIAN_POINT('',(-196.737076508519,-86.9999999999998,14.3855783995236));
#2672=CARTESIAN_POINT('',(-196.823097886448,-82.1591433647309,14.8686316504282));
#2673=CARTESIAN_POINT('',(-196.991603609203,-78.3564032542074,15.6637625520912));
#2674=CARTESIAN_POINT('',(-197.156572298858,-75.5917796684294,16.2879178536079));
#2675=CARTESIAN_POINT('',(-197.276475463092,-73.673422292215,16.702973409016));
#2676=CARTESIAN_POINT('',(-197.373649865589,-71.9265012909182,17.0178818328723));
#2677=CARTESIAN_POINT('',(-197.410676686942,-70.8870622478644,17.1296652205269));
#2678=CARTESIAN_POINT('',(-197.419100167752,-70.40135747609,17.1531703221547));
#2679=CARTESIAN_POINT('',(-196.692758570694,-103.132265447985,16.9295612727184));
#2680=CARTESIAN_POINT('',(-196.68388151784,-102.691217069454,16.9040973406596));
#2681=CARTESIAN_POINT('',(-196.633929573637,-101.737411051979,16.7903796880281));
#2682=CARTESIAN_POINT('',(-196.498304633001,-100.100183704916,16.4756770343502));
#2683=CARTESIAN_POINT('',(-196.337879159189,-98.2650474973916,16.0610913967524));
#2684=CARTESIAN_POINT('',(-196.122942281186,-95.5799536931431,15.4335213981593));
#2685=CARTESIAN_POINT('',(-195.91238659318,-91.8249378606793,14.618307052982));
#2686=CARTESIAN_POINT('',(-195.809299344175,-86.9999999999995,14.1168777071013));
#2687=CARTESIAN_POINT('',(-195.91238659318,-82.1750621393205,14.6183070529819));
#2688=CARTESIAN_POINT('',(-196.122942281186,-78.4200463068564,15.4335213981593));
#2689=CARTESIAN_POINT('',(-196.337879159189,-75.7349525026077,16.0610913967524));
#2690=CARTESIAN_POINT('',(-196.498304633002,-73.8998162950834,16.4756770343502));
#2691=CARTESIAN_POINT('',(-196.633929573637,-72.2625889480209,16.7903796880281));
#2692=CARTESIAN_POINT('',(-196.68388151784,-71.3087829305459,16.9040973406596));
#2693=CARTESIAN_POINT('',(-196.692758570694,-70.8677345520141,16.9295612727184));
#2694=CARTESIAN_POINT('',(-196.078146305977,-102.63020209705,16.653284306069));
#2695=CARTESIAN_POINT('',(-196.069722825167,-102.255731039776,16.6284249986677));
#2696=CARTESIAN_POINT('',(-195.999410322977,-101.424273642828,16.5150397434609));
#2697=CARTESIAN_POINT('',(-195.805577946107,-99.9259358841966,16.1986254821577));
#2698=CARTESIAN_POINT('',(-195.595414943776,-98.1728406463533,15.7805383850812));
#2699=CARTESIAN_POINT('',(-195.326144009993,-95.5475106258139,15.144665500972));
#2700=CARTESIAN_POINT('',(-195.071430916389,-91.8232304103626,14.3099186552419));
#2701=CARTESIAN_POINT('',(-194.951353289677,-86.9999999999998,13.7931082515663));
#2702=CARTESIAN_POINT('',(-195.071430916389,-82.1767695896369,14.3099186552419));
#2703=CARTESIAN_POINT('',(-195.326144009993,-78.4524893741857,15.144665500972));
#2704=CARTESIAN_POINT('',(-195.595414943776,-75.827159353646,15.7805383850812));
#2705=CARTESIAN_POINT('',(-195.805577946107,-74.0740641158029,16.1986254821577));
#2706=CARTESIAN_POINT('',(-195.999410322977,-72.5757263571718,16.5150397434609));
#2707=CARTESIAN_POINT('',(-196.069722825167,-71.7442689602231,16.6284249986677));
#2708=CARTESIAN_POINT('',(-196.078146305977,-71.3697979029496,16.653284306069));
#2709=CARTESIAN_POINT('',(-195.77907569559,-102.329723165703,16.4701336081448));
#2710=CARTESIAN_POINT('',(-195.772401205072,-102.04351393347,16.4499746132275));
#2711=CARTESIAN_POINT('',(-195.651773151331,-101.344074695212,16.3252955610775));
#2712=CARTESIAN_POINT('',(-195.406250148633,-99.8979955014918,15.9917679403693));
#2713=CARTESIAN_POINT('',(-195.157485373445,-98.1709545073068,15.5608314951622));
#2714=CARTESIAN_POINT('',(-194.85009112116,-95.5587023124026,14.911502308105));
#2715=CARTESIAN_POINT('',(-194.565048166899,-91.8350508099668,14.0630606601019));
#2716=CARTESIAN_POINT('',(-194.433702338779,-86.9999999999998,13.5392836056274));
#2717=CARTESIAN_POINT('',(-194.565048166899,-82.1649491900328,14.0630606601019));
#2718=CARTESIAN_POINT('',(-194.85009112116,-78.4412976875972,14.911502308105));
#2719=CARTESIAN_POINT('',(-195.157485373445,-75.8290454926928,15.5608314951622));
#2720=CARTESIAN_POINT('',(-195.406250148633,-74.1020044985075,15.9917679403693));
#2721=CARTESIAN_POINT('',(-195.651773151331,-72.6559253047872,16.3252955610775));
#2722=CARTESIAN_POINT('',(-195.772401205072,-71.95648606653,16.4499746132275));
#2723=CARTESIAN_POINT('',(-195.77907569559,-71.6702768342961,16.4701336081448));
#2724=CARTESIAN_POINT('',(-195.698657479554,-102.243972194331,16.4173907975809));
#2725=CARTESIAN_POINT('',(-195.655442858017,-102.059746997459,16.3812366938244));
#2726=CARTESIAN_POINT('',(-195.498108889691,-101.364429842655,16.235304326837));
#2727=CARTESIAN_POINT('',(-195.223590556258,-99.9194466953354,15.8855534455663));
#2728=CARTESIAN_POINT('',(-194.95433905421,-98.1913096547496,15.443596701603));
#2729=CARTESIAN_POINT('',(-194.627660479922,-95.5755083572142,14.7843935381764));
#2730=CARTESIAN_POINT('',(-194.327358040259,-91.8450718056311,13.9286760975909));
#2731=CARTESIAN_POINT('',(-194.19039488774,-86.9999999999998,13.4025602387188));
#2732=CARTESIAN_POINT('',(-194.327358040259,-82.1549281943685,13.9286760975909));
#2733=CARTESIAN_POINT('',(-194.627660479922,-78.4244916427854,14.7843935381764));
#2734=CARTESIAN_POINT('',(-194.95433905421,-75.8086903452499,15.443596701603));
#2735=CARTESIAN_POINT('',(-195.223590556258,-74.0805533046641,15.8855534455663));
#2736=CARTESIAN_POINT('',(-195.498108889691,-72.6355701573443,16.2353043268369));
#2737=CARTESIAN_POINT('',(-195.655442858017,-71.9402530025409,16.3812366938244));
#2738=CARTESIAN_POINT('',(-195.698657479554,-71.7560278056683,16.4173907975809));
#2739=CARTESIAN_POINT('',(-195.698657479554,-71.7560278056683,16.4173907975809));
#2740=CARTESIAN_POINT('',(-195.662117348536,-71.654043770307,16.4013956887417));
#2741=CARTESIAN_POINT('',(-195.529988524756,-71.2927614987816,16.3309688520383));
#2742=CARTESIAN_POINT('',(-195.292232332042,-70.6721685585064,16.1077103542537));
#2743=CARTESIAN_POINT('',(-195.039442635128,-70.0769277414638,15.762009889548));
#2744=CARTESIAN_POINT('',(-194.685300206336,-69.3718156710843,15.1425607526778));
#2745=CARTESIAN_POINT('',(-194.216120307444,-68.7590790963181,14.0799223091582));
#2746=CARTESIAN_POINT('',(-193.75922788316,-68.5856254032672,13.1018592742999));
#2747=CARTESIAN_POINT('',(-193.497074581873,-68.5856254032672,12.6257388228313));
#2748=CARTESIAN_POINT('',(-192.9727679793,-68.5856254032672,11.6734979198941));
#2749=CARTESIAN_POINT('',(-191.654498060996,-69.2794401754709,9.87230464170398));
#2750=CARTESIAN_POINT('',(-189.71138253885,-70.4456777532296,7.68577338781497));
#2751=CARTESIAN_POINT('',(-188.562230332434,-70.9181005587845,6.34819450917881));
#2752=CARTESIAN_POINT('',(-187.987654229226,-71.1543119615619,5.67940506986075));
#2753=CARTESIAN_POINT('',(-186.749704800138,-71.5713867754546,4.21966956537877));
#2754=CARTESIAN_POINT('',(-185.639231651192,-72.158226048849,2.60671748422221));
#2755=CARTESIAN_POINT('',(-185.408405330937,-72.7893143622916,1.7536515174007));
#2756=CARTESIAN_POINT('',(-185.521758898806,-73.3177557863924,1.32750302888516));
#2757=CARTESIAN_POINT('',(-185.879282983344,-73.8756391411653,1.1100086645188));
#2758=CARTESIAN_POINT('',(-186.190733902721,-74.2074023447681,1.08228098828866));
#2759=CARTESIAN_POINT('',(-186.287117271098,-74.3029349974092,1.07972722002853));
#2760=CARTESIAN_POINT('',(-195.655442858017,-71.9402530025409,16.3812366938244));
#2761=CARTESIAN_POINT('',(-195.538484510963,-71.9240199385517,16.3124987744213));
#2762=CARTESIAN_POINT('',(-195.367900782305,-71.6468774086125,16.2161183103966));
#2763=CARTESIAN_POINT('',(-195.100630890807,-71.0916091651375,15.9764521740011));
#2764=CARTESIAN_POINT('',(-194.827613651058,-70.5416510535665,15.6229509807979));
#2765=CARTESIAN_POINT('',(-194.455137241687,-69.8781784132325,15.0015284827182));
#2766=CARTESIAN_POINT('',(-193.972209764206,-69.297330439656,13.946509600354));
#2767=CARTESIAN_POINT('',(-193.512263614389,-69.1312560040496,12.9831493209995));
#2768=CARTESIAN_POINT('',(-193.250110313102,-69.1312560040496,12.5159941305279));
#2769=CARTESIAN_POINT('',(-192.725803710529,-69.1312560040496,11.5816837495847));
#2770=CARTESIAN_POINT('',(-191.419748694358,-69.795553746475,9.82926258134314));
#2771=CARTESIAN_POINT('',(-189.504375181011,-70.9018263521348,7.69231156293414));
#2772=CARTESIAN_POINT('',(-188.370750081262,-71.3438012153688,6.37347133182344));
#2773=CARTESIAN_POINT('',(-187.803937531387,-71.564788646986,5.71405121626811));
#2774=CARTESIAN_POINT('',(-186.5823432601,-71.9511827904223,4.27002862420433));
#2775=CARTESIAN_POINT('',(-185.494610166244,-72.4954548399735,2.66820057432327));
#2776=CARTESIAN_POINT('',(-185.283489142769,-73.0877788036184,1.81835190408637));
#2777=CARTESIAN_POINT('',(-185.413629879674,-73.5810746021389,1.39066382167522));
#2778=CARTESIAN_POINT('',(-185.791200899796,-74.0940228902298,1.16656569496294));
#2779=CARTESIAN_POINT('',(-186.124586048991,-74.3727539655279,1.12650199694884));
#2780=CARTESIAN_POINT('',(-186.297524273227,-74.4304742641787,1.10101050262739));
#2781=CARTESIAN_POINT('',(-195.498108889691,-72.6355701573443,16.235304326837));
#2782=CARTESIAN_POINT('',(-195.34444462805,-72.6152150099015,16.1453130925964));
#2783=CARTESIAN_POINT('',(-195.077424753132,-72.453595472515,15.9750923380179));
#2784=CARTESIAN_POINT('',(-194.745634997297,-72.0166831091069,15.6885061729874));
#2785=CARTESIAN_POINT('',(-194.430399409455,-71.5535323585439,15.3101247999244));
#2786=CARTESIAN_POINT('',(-194.022000189222,-70.973885888953,14.6779443357103));
#2787=CARTESIAN_POINT('',(-193.514796607294,-70.4570032616998,13.6384369000359));
#2788=CARTESIAN_POINT('',(-193.054736803465,-70.3056303333947,12.7101930016269));
#2789=CARTESIAN_POINT('',(-192.796679647511,-70.3056303333947,12.2642272389295));
#2790=CARTESIAN_POINT('',(-192.280565335602,-70.3056303333949,11.3722957135345));
#2791=CARTESIAN_POINT('',(-191.024118679469,-70.911122046615,9.73368215480078));
#2792=CARTESIAN_POINT('',(-189.204993617054,-71.9017291104615,7.72232259646008));
#2793=CARTESIAN_POINT('',(-188.126200898864,-72.2868444610876,6.45764507145818));
#2794=CARTESIAN_POINT('',(-187.586804539769,-72.4794021364005,5.82530630895723));
#2795=CARTESIAN_POINT('',(-186.423396728088,-72.8094233963782,4.43112991103954));
#2796=CARTESIAN_POINT('',(-185.396285290982,-73.2716211990792,2.86399541735475));
#2797=CARTESIAN_POINT('',(-185.214096774528,-73.7836260504873,2.01523933623537));
#2798=CARTESIAN_POINT('',(-185.363655362724,-74.2062066923068,1.57335482696044));
#2799=CARTESIAN_POINT('',(-185.765863585377,-74.6348180360278,1.31835966390046));
#2800=CARTESIAN_POINT('',(-186.164002307426,-74.8510784066723,1.23132390359243));
#2801=CARTESIAN_POINT('',(-186.385963349514,-74.923463212426,1.19813830660181));
#2802=CARTESIAN_POINT('',(-195.223590556258,-74.0805533046644,15.8855534455663));
#2803=CARTESIAN_POINT('',(-195.040930963883,-74.0591021108207,15.7793389507633));
#2804=CARTESIAN_POINT('',(-194.709620391857,-73.9453569527418,15.5613385133396));
#2805=CARTESIAN_POINT('',(-194.287388490279,-73.6444423767696,15.1957137898982));
#2806=CARTESIAN_POINT('',(-193.912598663451,-73.2954624342658,14.7695552752981));
#2807=CARTESIAN_POINT('',(-193.454601782811,-72.8378471904314,14.1102797050844));
#2808=CARTESIAN_POINT('',(-192.919961326869,-72.4148341001078,13.0960289049127));
#2809=CARTESIAN_POINT('',(-192.473503372164,-72.2853637878368,12.2319306519533));
#2810=CARTESIAN_POINT('',(-192.230806761207,-72.2853637878366,11.824241075704));
#2811=CARTESIAN_POINT('',(-191.745413539293,-72.2853637878366,11.0088619232051));
#2812=CARTESIAN_POINT('',(-190.618886026632,-72.8032450369208,9.57298002004951));
#2813=CARTESIAN_POINT('',(-189.033252802289,-73.6315478443069,7.80482923022867));
#2814=CARTESIAN_POINT('',(-188.088753868695,-73.9419694026087,6.65718119106464));
#2815=CARTESIAN_POINT('',(-187.616504401898,-74.09718018176,6.08335717148262));
#2816=CARTESIAN_POINT('',(-186.596164307592,-74.3557368173663,4.80392281019177));
#2817=CARTESIAN_POINT('',(-185.696875138781,-74.7065894214443,3.31975471535151));
#2818=CARTESIAN_POINT('',(-185.542568683685,-75.0982570602334,2.46824955079737));
#2819=CARTESIAN_POINT('',(-185.695458696919,-75.4199661283769,1.99284151755774));
#2820=CARTESIAN_POINT('',(-186.103025979289,-75.7420990968603,1.67596050901077));
#2821=CARTESIAN_POINT('',(-186.531210717853,-75.9258298522184,1.55815287307469));
#2822=CARTESIAN_POINT('',(-186.781093484104,-76.0021123013589,1.51955106920538));
#2823=CARTESIAN_POINT('',(-194.95433905421,-75.8086903452499,15.443596701603));
#2824=CARTESIAN_POINT('',(-194.751192734975,-75.7883351978071,15.3263619080439));
#2825=CARTESIAN_POINT('',(-194.376537028364,-75.7050284689894,15.077129623726));
#2826=CARTESIAN_POINT('',(-193.893015682871,-75.4939201557256,14.6574635651966));
#2827=CARTESIAN_POINT('',(-193.471507970642,-75.2383047041828,14.19045033416));
#2828=CARTESIAN_POINT('',(-192.970251090478,-74.8936626934335,13.5025970754958));
#2829=CARTESIAN_POINT('',(-192.416471167645,-74.5597977430944,12.5167648686258));
#2830=CARTESIAN_POINT('',(-191.993178331183,-74.4521017797847,11.7226217993659));
#2831=CARTESIAN_POINT('',(-191.771986483222,-74.4521017797847,11.3564157817978));
#2832=CARTESIAN_POINT('',(-191.329602787301,-74.4521017797847,10.6240037466617));
#2833=CARTESIAN_POINT('',(-190.368471957621,-74.8828856330229,9.40610381288487));
#2834=CARTESIAN_POINT('',(-189.072275594701,-75.558479089314,7.91151198109383));
#2835=CARTESIAN_POINT('',(-188.294826365541,-75.8032886923672,6.90240804794344));
#2836=CARTESIAN_POINT('',(-187.90610175096,-75.925693493894,6.39785608136824));
#2837=CARTESIAN_POINT('',(-187.063976997949,-76.124009534401,5.25784813959043));
#2838=CARTESIAN_POINT('',(-186.320865024068,-76.3778686806534,3.88116209175891));
#2839=CARTESIAN_POINT('',(-186.194841491597,-76.6578532562166,3.03415792170376));
#2840=CARTESIAN_POINT('',(-186.341941686414,-76.8903647900581,2.53412031437876));
#2841=CARTESIAN_POINT('',(-186.738044546257,-77.1294738989566,2.17734141338137));
#2842=CARTESIAN_POINT('',(-187.173038110071,-77.2826613368532,2.0403567410091));
#2843=CARTESIAN_POINT('',(-187.434496943101,-77.3550461426066,1.9984219179146));
#2844=CARTESIAN_POINT('',(-194.627660479922,-78.4244916427854,14.7843935381764));
#2845=CARTESIAN_POINT('',(-194.405229838683,-78.4076855979736,14.6572847682477));
#2846=CARTESIAN_POINT('',(-193.991560162562,-78.3516531053156,14.3820128814001));
#2847=CARTESIAN_POINT('',(-193.45279149465,-78.2213291799467,13.9169290622629));
#2848=CARTESIAN_POINT('',(-192.98391970021,-78.0657160909191,13.4106563063654));
#2849=CARTESIAN_POINT('',(-192.43616784186,-77.8524944509682,12.6953567856292));
#2850=CARTESIAN_POINT('',(-191.867025338622,-77.6276746054973,11.7531953033354));
#2851=CARTESIAN_POINT('',(-191.481758270614,-77.5488685885002,11.052523148965));
#2852=CARTESIAN_POINT('',(-191.293335585314,-77.5488685885002,10.7415254758783));
#2853=CARTESIAN_POINT('',(-190.916490214715,-77.5488685885005,10.119530129705));
#2854=CARTESIAN_POINT('',(-190.19648626315,-77.8640926564881,9.19024667014664));
#2855=CARTESIAN_POINT('',(-189.316566895495,-78.3467346506145,8.06823851653194));
#2856=CARTESIAN_POINT('',(-188.779806108804,-78.5141525767531,7.25351847630224));
#2857=CARTESIAN_POINT('',(-188.511425715459,-78.5978615398224,6.84615845618736));
#2858=CARTESIAN_POINT('',(-187.926264377337,-78.7283279304988,5.9045804342465));
#2859=CARTESIAN_POINT('',(-187.417815423492,-78.8754455462408,4.69534409146467));
#2860=CARTESIAN_POINT('',(-187.351260350132,-79.0294084949039,3.87952541137911));
#2861=CARTESIAN_POINT('',(-187.501946672678,-79.1630587452073,3.37008063621234));
#2862=CARTESIAN_POINT('',(-187.883736205499,-79.3149306450882,2.98968913377049));
#2863=CARTESIAN_POINT('',(-188.31266508937,-79.4283554185747,2.83988633917746));
#2864=CARTESIAN_POINT('',(-188.57581359392,-79.4881192838379,2.79537183327757));
#2865=CARTESIAN_POINT('',(-194.327358040259,-82.1549281943685,13.9286760975909));
#2866=CARTESIAN_POINT('',(-194.08966791362,-82.1449071987045,13.79429153508));
#2867=CARTESIAN_POINT('',(-193.645290156552,-82.1166436156523,13.503611280176));
#2868=CARTESIAN_POINT('',(-193.063850341551,-82.0566891280378,13.0191522751334));
#2869=CARTESIAN_POINT('',(-192.559656679114,-81.9862811895246,12.5035494143634));
#2870=CARTESIAN_POINT('',(-191.979885775238,-81.8879402198236,11.7976134816458));
#2871=CARTESIAN_POINT('',(-191.40888418663,-81.7744086911325,10.9238077612263));
#2872=CARTESIAN_POINT('',(-191.074012196876,-81.731501328572,10.326190417183));
#2873=CARTESIAN_POINT('',(-190.926550964902,-81.731501328572,10.0757982425134));
#2874=CARTESIAN_POINT('',(-190.631628500955,-81.731501328572,9.57501389317419));
#2875=CARTESIAN_POINT('',(-190.201581676285,-81.9031307788139,8.96077717331215));
#2876=CARTESIAN_POINT('',(-189.81600041946,-82.1605749541764,8.25801714665536));
#2877=CARTESIAN_POINT('',(-189.565543523357,-82.2463896792974,7.66870949052139));
#2878=CARTESIAN_POINT('',(-189.440315075306,-82.2892970418575,7.37405566245439));
#2879=CARTESIAN_POINT('',(-189.161025045358,-82.3536580856985,6.66578418491763));
#2880=CARTESIAN_POINT('',(-188.974117900463,-82.4161559860231,5.69509701192966));
#2881=CARTESIAN_POINT('',(-189.062488356364,-82.4767907428318,4.99457561436301));
#2882=CARTESIAN_POINT('',(-189.282857518272,-82.5329371485213,4.53900799571587));
#2883=CARTESIAN_POINT('',(-189.692461234233,-82.6051060121026,4.18507306571257));
#2884=CARTESIAN_POINT('',(-190.115115570292,-82.6674683062904,4.03807774421693));
#2885=CARTESIAN_POINT('',(-190.369696242022,-82.7031039029691,3.99212195128177));
#2886=CARTESIAN_POINT('',(-194.19039488774,-86.9999999999998,13.4025602387188));
#2887=CARTESIAN_POINT('',(-193.947087436702,-86.9999999999995,13.2658368718103));
#2888=CARTESIAN_POINT('',(-193.491508583444,-87.,12.972768050115));
#2889=CARTESIAN_POINT('',(-192.895021282563,-86.9999999999998,12.4916427394708));
#2890=CARTESIAN_POINT('',(-192.379187793234,-86.9999999999998,11.9863395362586));
#2891=CARTESIAN_POINT('',(-191.790645332925,-87.,11.3034903225956));
#2892=CARTESIAN_POINT('',(-191.225465949149,-86.9999999999998,10.4762050017625));
#2893=CARTESIAN_POINT('',(-190.921976153422,-87.,9.9349070106015));
#2894=CARTESIAN_POINT('',(-190.799091793444,-86.9999999999998,9.71751616210825));
#2895=CARTESIAN_POINT('',(-190.553323073488,-86.9999999999998,9.28273446512173));
#2896=CARTESIAN_POINT('',(-190.292669936656,-86.9999999999998,8.83923624784676));
#2897=CARTESIAN_POINT('',(-190.193288293029,-86.9999999999998,8.36943250905971));
#2898=CARTESIAN_POINT('',(-190.108791066279,-86.9999999999998,7.90834529056114));
#2899=CARTESIAN_POINT('',(-190.066542452904,-87.,7.67780168131187));
#2900=CARTESIAN_POINT('',(-189.964642023684,-86.9999999999998,7.10362178826075));
#2901=CARTESIAN_POINT('',(-189.981945177722,-87.,6.28775893254177));
#2902=CARTESIAN_POINT('',(-190.195506933329,-86.9999999999995,5.68694207250919));
#2903=CARTESIAN_POINT('',(-190.483765870733,-86.9999999999998,5.28995519430253));
#2904=CARTESIAN_POINT('',(-190.928340433346,-86.9999999999998,4.9742831374601));
#2905=CARTESIAN_POINT('',(-191.347752561566,-86.9999999999998,4.83650435017223));
#2906=CARTESIAN_POINT('',(-191.592920564714,-86.9999999999998,4.79039711160443));
#2907=CARTESIAN_POINT('',(-194.327358040259,-91.8450718056311,13.9286760975909));
#2908=CARTESIAN_POINT('',(-194.08966791362,-91.8550928012951,13.79429153508));
#2909=CARTESIAN_POINT('',(-193.645290156552,-91.8833563843475,13.503611280176));
#2910=CARTESIAN_POINT('',(-193.063850341551,-91.9433108719616,13.0191522751334));
#2911=CARTESIAN_POINT('',(-192.559656679114,-92.013718810475,12.5035494143634));
#2912=CARTESIAN_POINT('',(-191.979885775238,-92.112059780176,11.7976134816457));
#2913=CARTESIAN_POINT('',(-191.40888418663,-92.225591308867,10.9238077612264));
#2914=CARTESIAN_POINT('',(-191.074012196876,-92.2684986714276,10.326190417183));
#2915=CARTESIAN_POINT('',(-190.926550964902,-92.2684986714276,10.0757982425134));
#2916=CARTESIAN_POINT('',(-190.631628500955,-92.2684986714276,9.57501389317419));
#2917=CARTESIAN_POINT('',(-190.201581676285,-92.0968692211857,8.96077717331215));
#2918=CARTESIAN_POINT('',(-189.81600041946,-91.8394250458232,8.25801714665536));
#2919=CARTESIAN_POINT('',(-189.565543523357,-91.7536103207021,7.66870949052139));
#2920=CARTESIAN_POINT('',(-189.440315075306,-91.7107029581418,7.37405566245442));
#2921=CARTESIAN_POINT('',(-189.161025045358,-91.6463419143013,6.66578418491765));
#2922=CARTESIAN_POINT('',(-188.974117900463,-91.5838440139764,5.69509701192966));
#2923=CARTESIAN_POINT('',(-189.062488356364,-91.5232092571678,4.99457561436301));
#2924=CARTESIAN_POINT('',(-189.282857518272,-91.4670628514784,4.53900799571587));
#2925=CARTESIAN_POINT('',(-189.692461234233,-91.3948939878969,4.18507306571257));
#2926=CARTESIAN_POINT('',(-190.115115570292,-91.3325316937091,4.03807774421693));
#2927=CARTESIAN_POINT('',(-190.369696242022,-91.2968960970304,3.99212195128174));
#2928=CARTESIAN_POINT('',(-194.627660479922,-95.5755083572144,14.7843935381764));
#2929=CARTESIAN_POINT('',(-194.405229838683,-95.5923144020257,14.6572847682477));
#2930=CARTESIAN_POINT('',(-193.991560162562,-95.6483468946842,14.3820128814001));
#2931=CARTESIAN_POINT('',(-193.452791494649,-95.7786708200531,13.9169290622629));
#2932=CARTESIAN_POINT('',(-192.98391970021,-95.9342839090805,13.4106563063654));
#2933=CARTESIAN_POINT('',(-192.43616784186,-96.1475055490314,12.6953567856292));
#2934=CARTESIAN_POINT('',(-191.867025338622,-96.3723253945022,11.7531953033354));
#2935=CARTESIAN_POINT('',(-191.481758270614,-96.4511314114991,11.052523148965));
#2936=CARTESIAN_POINT('',(-191.293335585314,-96.4511314114991,10.7415254758783));
#2937=CARTESIAN_POINT('',(-190.916490214715,-96.4511314114991,10.119530129705));
#2938=CARTESIAN_POINT('',(-190.19648626315,-96.1359073435115,9.19024667014664));
#2939=CARTESIAN_POINT('',(-189.316566895495,-95.653265349385,8.06823851653194));
#2940=CARTESIAN_POINT('',(-188.779806108804,-95.4858474232465,7.25351847630224));
#2941=CARTESIAN_POINT('',(-188.511425715459,-95.402138460177,6.84615845618739));
#2942=CARTESIAN_POINT('',(-187.926264377337,-95.2716720695007,5.9045804342465));
#2943=CARTESIAN_POINT('',(-187.417815423492,-95.1245544537587,4.69534409146467));
#2944=CARTESIAN_POINT('',(-187.351260350132,-94.9705915050956,3.87952541137911));
#2945=CARTESIAN_POINT('',(-187.501946672678,-94.8369412547922,3.37008063621237));
#2946=CARTESIAN_POINT('',(-187.883736205499,-94.6850693549113,2.98968913377051));
#2947=CARTESIAN_POINT('',(-188.31266508937,-94.5716445814248,2.83988633917746));
#2948=CARTESIAN_POINT('',(-188.57581359392,-94.5118807161614,2.79537183327757));
#2949=CARTESIAN_POINT('',(-194.95433905421,-98.1913096547496,15.443596701603));
#2950=CARTESIAN_POINT('',(-194.751192734975,-98.2116648021922,15.3263619080439));
#2951=CARTESIAN_POINT('',(-194.376537028364,-98.2949715310099,15.077129623726));
#2952=CARTESIAN_POINT('',(-193.893015682871,-98.5060798442739,14.6574635651966));
#2953=CARTESIAN_POINT('',(-193.471507970642,-98.7616952958165,14.1904503341599));
#2954=CARTESIAN_POINT('',(-192.970251090478,-99.1063373065663,13.5025970754958));
#2955=CARTESIAN_POINT('',(-192.416471167645,-99.4402022569052,12.5167648686258));
#2956=CARTESIAN_POINT('',(-191.993178331183,-99.5478982202146,11.7226217993658));
#2957=CARTESIAN_POINT('',(-191.771986483222,-99.5478982202146,11.3564157817978));
#2958=CARTESIAN_POINT('',(-191.329602787301,-99.5478982202148,10.6240037466617));
#2959=CARTESIAN_POINT('',(-190.368471957621,-99.1171143669767,9.40610381288487));
#2960=CARTESIAN_POINT('',(-189.072275594701,-98.4415209106855,7.91151198109383));
#2961=CARTESIAN_POINT('',(-188.294826365541,-98.1967113076321,6.90240804794344));
#2962=CARTESIAN_POINT('',(-187.90610175096,-98.0743065061056,6.39785608136825));
#2963=CARTESIAN_POINT('',(-187.063976997949,-97.8759904655985,5.25784813959043));
#2964=CARTESIAN_POINT('',(-186.320865024068,-97.6221313193462,3.88116209175894));
#2965=CARTESIAN_POINT('',(-186.194841491597,-97.3421467437829,3.03415792170378));
#2966=CARTESIAN_POINT('',(-186.341941686414,-97.1096352099414,2.53412031437876));
#2967=CARTESIAN_POINT('',(-186.738044546257,-96.8705261010427,2.17734141338135));
#2968=CARTESIAN_POINT('',(-187.173038110071,-96.7173386631466,2.04035674100907));
#2969=CARTESIAN_POINT('',(-187.434496943101,-96.6449538573929,1.9984219179146));
#2970=CARTESIAN_POINT('',(-195.223590556258,-99.9194466953354,15.8855534455663));
#2971=CARTESIAN_POINT('',(-195.040930963883,-99.9408978891788,15.7793389507633));
#2972=CARTESIAN_POINT('',(-194.709620391857,-100.054643047258,15.5613385133396));
#2973=CARTESIAN_POINT('',(-194.287388490279,-100.35555762323,15.1957137898982));
#2974=CARTESIAN_POINT('',(-193.912598663452,-100.704537565734,14.7695552752981));
#2975=CARTESIAN_POINT('',(-193.454601782811,-101.162152809568,14.1102797050844));
#2976=CARTESIAN_POINT('',(-192.919961326869,-101.585165899892,13.0960289049127));
#2977=CARTESIAN_POINT('',(-192.473503372164,-101.714636212163,12.2319306519533));
#2978=CARTESIAN_POINT('',(-192.230806761207,-101.714636212163,11.8242410757039));
#2979=CARTESIAN_POINT('',(-191.745413539293,-101.714636212163,11.0088619232051));
#2980=CARTESIAN_POINT('',(-190.618886026632,-101.196754963079,9.57298002004951));
#2981=CARTESIAN_POINT('',(-189.033252802289,-100.368452155693,7.80482923022867));
#2982=CARTESIAN_POINT('',(-188.088753868695,-100.058030597391,6.65718119106464));
#2983=CARTESIAN_POINT('',(-187.616504401898,-99.9028198182395,6.08335717148262));
#2984=CARTESIAN_POINT('',(-186.596164307592,-99.644263182633,4.8039228101918));
#2985=CARTESIAN_POINT('',(-185.696875138781,-99.2934105785553,3.31975471535151));
#2986=CARTESIAN_POINT('',(-185.542568683685,-98.9017429397661,2.4682495507974));
#2987=CARTESIAN_POINT('',(-185.695458696919,-98.5800338716224,1.99284151755771));
#2988=CARTESIAN_POINT('',(-186.103025979289,-98.2579009031392,1.6759605090108));
#2989=CARTESIAN_POINT('',(-186.531210717853,-98.0741701477809,1.55815287307469));
#2990=CARTESIAN_POINT('',(-186.781093484104,-97.9978876986406,1.51955106920535));
#2991=CARTESIAN_POINT('',(-195.498108889691,-101.364429842655,16.2353043268369));
#2992=CARTESIAN_POINT('',(-195.34444462805,-101.384784990098,16.1453130925965));
#2993=CARTESIAN_POINT('',(-195.077424753132,-101.546404527484,15.9750923380179));
#2994=CARTESIAN_POINT('',(-194.745634997297,-101.983316890893,15.6885061729874));
#2995=CARTESIAN_POINT('',(-194.430399409455,-102.446467641456,15.3101247999244));
#2996=CARTESIAN_POINT('',(-194.022000189222,-103.026114111047,14.6779443357103));
#2997=CARTESIAN_POINT('',(-193.514796607294,-103.5429967383,13.6384369000359));
#2998=CARTESIAN_POINT('',(-193.054736803465,-103.694369666605,12.7101930016269));
#2999=CARTESIAN_POINT('',(-192.796679647511,-103.694369666605,12.2642272389295));
#3000=CARTESIAN_POINT('',(-192.280565335602,-103.694369666605,11.3722957135345));
#3001=CARTESIAN_POINT('',(-191.024118679469,-103.088877953384,9.73368215480077));
#3002=CARTESIAN_POINT('',(-189.204993617054,-102.098270889538,7.72232259646008));
#3003=CARTESIAN_POINT('',(-188.126200898864,-101.713155538912,6.45764507145818));
#3004=CARTESIAN_POINT('',(-187.586804539769,-101.520597863599,5.82530630895723));
#3005=CARTESIAN_POINT('',(-186.423396728088,-101.190576603621,4.43112991103954));
#3006=CARTESIAN_POINT('',(-185.396285290982,-100.72837880092,2.86399541735472));
#3007=CARTESIAN_POINT('',(-185.214096774528,-100.216373949512,2.01523933623537));
#3008=CARTESIAN_POINT('',(-185.363655362724,-99.7937933076928,1.57335482696041));
#3009=CARTESIAN_POINT('',(-185.765863585376,-99.3651819639717,1.31835966390051));
#3010=CARTESIAN_POINT('',(-186.164002307426,-99.148921593327,1.23132390359237));
#3011=CARTESIAN_POINT('',(-186.385963349514,-99.0765367875733,1.19813830660184));
#3012=CARTESIAN_POINT('',(-195.655442858017,-102.059746997459,16.3812366938244));
#3013=CARTESIAN_POINT('',(-195.538484510963,-102.075980061448,16.3124987744214));
#3014=CARTESIAN_POINT('',(-195.367900782305,-102.353122591387,16.2161183103965));
#3015=CARTESIAN_POINT('',(-195.100630890807,-102.908390834862,15.9764521740011));
#3016=CARTESIAN_POINT('',(-194.827613651058,-103.458348946433,15.6229509807979));
#3017=CARTESIAN_POINT('',(-194.455137241688,-104.121821586767,15.0015284827181));
#3018=CARTESIAN_POINT('',(-193.972209764206,-104.702669560344,13.946509600354));
#3019=CARTESIAN_POINT('',(-193.512263614389,-104.86874399595,12.9831493209995));
#3020=CARTESIAN_POINT('',(-193.250110313102,-104.86874399595,12.5159941305279));
#3021=CARTESIAN_POINT('',(-192.725803710529,-104.86874399595,11.5816837495847));
#3022=CARTESIAN_POINT('',(-191.419748694358,-104.204446253524,9.82926258134314));
#3023=CARTESIAN_POINT('',(-189.504375181011,-103.098173647865,7.69231156293414));
#3024=CARTESIAN_POINT('',(-188.370750081262,-102.656198784631,6.37347133182346));
#3025=CARTESIAN_POINT('',(-187.803937531387,-102.435211353014,5.71405121626812));
#3026=CARTESIAN_POINT('',(-186.5823432601,-102.048817209577,4.27002862420433));
#3027=CARTESIAN_POINT('',(-185.494610166244,-101.504545160026,2.66820057432327));
#3028=CARTESIAN_POINT('',(-185.283489142769,-100.912221196381,1.81835190408637));
#3029=CARTESIAN_POINT('',(-185.413629879674,-100.418925397861,1.39066382167525));
#3030=CARTESIAN_POINT('',(-185.791200899796,-99.9059771097695,1.16656569496294));
#3031=CARTESIAN_POINT('',(-186.124586048991,-99.6272460344717,1.12650199694884));
#3032=CARTESIAN_POINT('',(-186.297524273227,-99.5695257358209,1.10101050262739));
#3033=CARTESIAN_POINT('',(-195.698657479554,-102.243972194331,16.4173907975809));
#3034=CARTESIAN_POINT('',(-195.662117348536,-102.345956229693,16.4013956887417));
#3035=CARTESIAN_POINT('',(-195.529988524756,-102.707238501218,16.3309688520383));
#3036=CARTESIAN_POINT('',(-195.292232332042,-103.327831441493,16.1077103542537));
#3037=CARTESIAN_POINT('',(-195.039442635128,-103.923072258536,15.762009889548));
#3038=CARTESIAN_POINT('',(-194.685300206336,-104.628184328915,15.1425607526778));
#3039=CARTESIAN_POINT('',(-194.216120307444,-105.240920903681,14.0799223091582));
#3040=CARTESIAN_POINT('',(-193.75922788316,-105.414374596732,13.1018592742999));
#3041=CARTESIAN_POINT('',(-193.497074581873,-105.414374596732,12.6257388228313));
#3042=CARTESIAN_POINT('',(-192.9727679793,-105.414374596732,11.6734979198941));
#3043=CARTESIAN_POINT('',(-191.654498060996,-104.720559824529,9.87230464170398));
#3044=CARTESIAN_POINT('',(-189.71138253885,-103.55432224677,7.68577338781497));
#3045=CARTESIAN_POINT('',(-188.562230332434,-103.081899441215,6.34819450917881));
#3046=CARTESIAN_POINT('',(-187.987654229226,-102.845688038438,5.67940506986075));
#3047=CARTESIAN_POINT('',(-186.749704800138,-102.428613224545,4.21966956537877));
#3048=CARTESIAN_POINT('',(-185.639231651192,-101.841773951151,2.60671748422221));
#3049=CARTESIAN_POINT('',(-185.408405330937,-101.210685637708,1.7536515174007));
#3050=CARTESIAN_POINT('',(-185.521758898806,-100.682244213607,1.32750302888516));
#3051=CARTESIAN_POINT('',(-185.879282983344,-100.124360858834,1.11000866451883));
#3052=CARTESIAN_POINT('',(-186.190733902721,-99.7925976552315,1.08228098828863));
#3053=CARTESIAN_POINT('',(-186.287117271098,-99.6970650025903,1.07972722002853));
#3054=CARTESIAN_POINT('',(-217.745044403195,-74.3029349974092,1.07972722002861));
#3055=CARTESIAN_POINT('',(-217.668489547337,-74.2651226434191,1.05678949396729));
#3056=CARTESIAN_POINT('',(-217.337223628305,-74.1495877906332,0.990181877967494));
#3057=CARTESIAN_POINT('',(-216.395729618036,-74.0242791373314,0.997864785166477));
#3058=CARTESIAN_POINT('',(-214.986804983707,-73.9873064427875,1.14114366042292));
#3059=CARTESIAN_POINT('',(-212.479450094244,-74.0535721819815,1.49796049148852));
#3060=CARTESIAN_POINT('',(-208.155875378724,-74.3489244537766,2.22666035038995));
#3061=CARTESIAN_POINT('',(-202.016080837147,-74.6111438559747,2.77695179375861));
#3062=CARTESIAN_POINT('',(-195.87628629557,-74.3489244537766,2.22666035038993));
#3063=CARTESIAN_POINT('',(-191.55271158005,-74.0535721819815,1.49796049148848));
#3064=CARTESIAN_POINT('',(-189.045356690587,-73.9873064427875,1.14114366042289));
#3065=CARTESIAN_POINT('',(-187.636432056258,-74.0242791373314,0.997864785166392));
#3066=CARTESIAN_POINT('',(-186.694938045988,-74.1495877906334,0.990181877967466));
#3067=CARTESIAN_POINT('',(-186.363672126956,-74.2651226434191,1.05678949396722));
#3068=CARTESIAN_POINT('',(-186.287117271098,-74.3029349974092,1.07972722002853));
#3069=CARTESIAN_POINT('',(-217.841427771573,-74.2074023447681,1.08228098828874));
#3070=CARTESIAN_POINT('',(-217.775279917844,-74.0420507240085,1.03805997962854));
#3071=CARTESIAN_POINT('',(-217.471102586846,-73.8588192358152,0.966810444513946));
#3072=CARTESIAN_POINT('',(-216.536817443575,-73.6848346898944,0.972866609194305));
#3073=CARTESIAN_POINT('',(-215.120683942248,-73.6170844655071,1.1166213486262));
#3074=CARTESIAN_POINT('',(-212.589986054885,-73.6584613349942,1.47572166267081));
#3075=CARTESIAN_POINT('',(-208.221785019852,-73.9385110005312,2.20820309885548));
#3076=CARTESIAN_POINT('',(-202.016080837147,-74.1978722313252,2.76113437801784));
#3077=CARTESIAN_POINT('',(-195.810376654442,-73.9385110005312,2.20820309885546));
#3078=CARTESIAN_POINT('',(-191.442175619409,-73.6584613349942,1.47572166267077));
#3079=CARTESIAN_POINT('',(-188.911477732046,-73.6170844655071,1.11662134862614));
#3080=CARTESIAN_POINT('',(-187.495344230719,-73.6848346898946,0.972866609194249));
#3081=CARTESIAN_POINT('',(-186.561059087447,-73.8588192358152,0.966810444513889));
#3082=CARTESIAN_POINT('',(-186.25688175645,-74.0420507240083,1.03805997962846));
#3083=CARTESIAN_POINT('',(-186.190733902721,-74.2074023447681,1.08228098828866));
#3084=CARTESIAN_POINT('',(-218.15287869095,-73.8756391411653,1.11000866451891));
#3085=CARTESIAN_POINT('',(-218.064796607402,-73.6572553921008,1.05345163407474));
#3086=CARTESIAN_POINT('',(-217.737805587631,-73.3245155416405,0.979017481235722));
#3087=CARTESIAN_POINT('',(-216.775144375546,-73.0530302828404,0.994773324490488));
#3088=CARTESIAN_POINT('',(-215.320614356633,-72.9247111148147,1.14930358862397));
#3089=CARTESIAN_POINT('',(-212.733181033007,-72.9168878442272,1.52017047655314));
#3090=CARTESIAN_POINT('',(-208.298336526512,-73.1614521044835,2.25491754333496));
#3091=CARTESIAN_POINT('',(-202.016080837147,-73.4099280000335,2.80423116615215));
#3092=CARTESIAN_POINT('',(-195.733825147782,-73.1614521044835,2.25491754333494));
#3093=CARTESIAN_POINT('',(-191.298980641287,-72.9168878442272,1.52017047655313));
#3094=CARTESIAN_POINT('',(-188.711547317661,-72.9247111148147,1.14930358862388));
#3095=CARTESIAN_POINT('',(-187.257017298748,-73.0530302828406,0.994773324490431));
#3096=CARTESIAN_POINT('',(-186.294356086663,-73.3245155416405,0.97901748123568));
#3097=CARTESIAN_POINT('',(-185.967365066891,-73.6572553921008,1.05345163407467));
#3098=CARTESIAN_POINT('',(-185.879282983344,-73.8756391411653,1.1100086645188));
#3099=CARTESIAN_POINT('',(-218.510402775488,-73.3177557863924,1.32750302888524));
#3100=CARTESIAN_POINT('',(-218.402273756356,-73.0544369706458,1.26434223609518));
#3101=CARTESIAN_POINT('',(-218.019732196778,-72.6262937978279,1.19439007022012));
#3102=CARTESIAN_POINT('',(-216.956540146741,-72.2258491445284,1.24210437335514));
#3103=CARTESIAN_POINT('',(-215.413439239304,-72.0134613270575,1.42599552127006));
#3104=CARTESIAN_POINT('',(-212.737226676357,-71.9306503415476,1.8219579461627));
#3105=CARTESIAN_POINT('',(-208.271440542305,-72.1083924117754,2.54187221910135));
#3106=CARTESIAN_POINT('',(-202.016080837147,-72.3275399747586,3.06380527959375));
#3107=CARTESIAN_POINT('',(-195.760721131989,-72.1083924117754,2.54187221910133));
#3108=CARTESIAN_POINT('',(-191.294934997937,-71.9306503415473,1.82195794616263));
#3109=CARTESIAN_POINT('',(-188.61872243499,-72.0134613270577,1.42599552127003));
#3110=CARTESIAN_POINT('',(-187.075621527553,-72.2258491445282,1.24210437335508));
#3111=CARTESIAN_POINT('',(-186.012429477516,-72.6262937978279,1.19439007022004));
#3112=CARTESIAN_POINT('',(-185.629887917938,-73.0544369706456,1.26434223609508));
#3113=CARTESIAN_POINT('',(-185.521758898806,-73.3177557863924,1.32750302888516));
#3114=CARTESIAN_POINT('',(-218.623756343357,-72.7893143622919,1.75365151740078));
#3115=CARTESIAN_POINT('',(-218.498840155189,-72.490849920965,1.68895113071508));
#3116=CARTESIAN_POINT('',(-218.068567770759,-71.9928394025274,1.62703701612133));
#3117=CARTESIAN_POINT('',(-216.917292821738,-71.4984654872942,1.70266817233922));
#3118=CARTESIAN_POINT('',(-215.295605152251,-71.21262020426,1.91284400844133));
#3119=CARTESIAN_POINT('',(-212.553409501524,-71.050713696183,2.32719449879086));
#3120=CARTESIAN_POINT('',(-208.126901396489,-71.1490859904663,3.01170607031702));
#3121=CARTESIAN_POINT('',(-202.016080837147,-71.3284115387885,3.48904239666841));
#3122=CARTESIAN_POINT('',(-195.905260277805,-71.1490859904661,3.011706070317));
#3123=CARTESIAN_POINT('',(-191.47875217277,-71.050713696183,2.32719449879082));
#3124=CARTESIAN_POINT('',(-188.736556522042,-71.21262020426,1.9128440084413));
#3125=CARTESIAN_POINT('',(-187.114868852555,-71.498465487294,1.70266817233913));
#3126=CARTESIAN_POINT('',(-185.963593903535,-71.9928394025271,1.62703701612125));
#3127=CARTESIAN_POINT('',(-185.533321519105,-72.490849920965,1.688951130715));
#3128=CARTESIAN_POINT('',(-185.408405330937,-72.7893143622916,1.7536515174007));
#3129=CARTESIAN_POINT('',(-218.392930023102,-72.158226048849,2.60671748422228));
#3130=CARTESIAN_POINT('',(-218.248308538155,-71.8209972577242,2.54523439412122));
#3131=CARTESIAN_POINT('',(-217.768147473626,-71.2482484523309,2.4950968767485));
#3132=CARTESIAN_POINT('',(-216.536008761381,-70.6502833585237,2.59304969328837));
#3133=CARTESIAN_POINT('',(-214.852830102127,-70.2695081627128,2.81883470653769));
#3134=CARTESIAN_POINT('',(-212.088348185036,-69.992770143911,3.2298884586303));
#3135=CARTESIAN_POINT('',(-207.809431763376,-69.9699812839667,3.83665166107295));
#3136=CARTESIAN_POINT('',(-202.016080837147,-70.0855614334237,4.23788798746931));
#3137=CARTESIAN_POINT('',(-196.222729910917,-69.9699812839669,3.83665166107293));
#3138=CARTESIAN_POINT('',(-191.943813489257,-69.992770143911,3.22988845863032));
#3139=CARTESIAN_POINT('',(-189.179331572167,-70.2695081627128,2.81883470653761));
#3140=CARTESIAN_POINT('',(-187.496152912913,-70.6502833585237,2.59304969328831));
#3141=CARTESIAN_POINT('',(-186.264014200667,-71.2482484523312,2.49509687674845));
#3142=CARTESIAN_POINT('',(-185.783853136139,-71.820997257724,2.54523439412111));
#3143=CARTESIAN_POINT('',(-185.639231651192,-72.158226048849,2.60671748422221));
#3144=CARTESIAN_POINT('',(-217.282456874155,-71.5713867754546,4.21966956537883));
#3145=CARTESIAN_POINT('',(-217.115095334117,-71.1915907604869,4.16931050655332));
#3146=CARTESIAN_POINT('',(-216.604595705977,-70.5306473065721,4.12897555808629));
#3147=CARTESIAN_POINT('',(-215.377432825099,-69.7967972981496,4.20905642781508));
#3148=CARTESIAN_POINT('',(-213.754772711077,-69.2821319065645,4.38915437484978));
#3149=CARTESIAN_POINT('',(-211.151784522221,-68.8369834660848,4.70855278713977));
#3150=CARTESIAN_POINT('',(-207.238887230911,-68.6366066795169,5.15501242015121));
#3151=CARTESIAN_POINT('',(-202.016080837147,-68.6588041131893,5.4417728470177));
#3152=CARTESIAN_POINT('',(-196.793274443383,-68.6366066795167,5.15501242015121));
#3153=CARTESIAN_POINT('',(-192.880377152073,-68.8369834660846,4.70855278713973));
#3154=CARTESIAN_POINT('',(-190.277388963217,-69.2821319065647,4.38915437484973));
#3155=CARTESIAN_POINT('',(-188.654728849195,-69.7967972981496,4.20905642781499));
#3156=CARTESIAN_POINT('',(-187.427565968317,-70.5306473065721,4.12897555808626));
#3157=CARTESIAN_POINT('',(-186.917066340176,-71.1915907604869,4.16931050655323));
#3158=CARTESIAN_POINT('',(-186.749704800138,-71.5713867754546,4.21966956537877));
#3159=CARTESIAN_POINT('',(-216.044507445068,-71.1543119615619,5.67940506986081));
#3160=CARTESIAN_POINT('',(-215.860790747229,-70.7438352761378,5.64475892345344));
#3161=CARTESIAN_POINT('',(-215.343056947492,-70.0165420238563,5.61742943051313));
#3162=CARTESIAN_POINT('',(-214.171917687232,-69.1748196014673,5.67409956704573));
#3163=CARTESIAN_POINT('',(-212.662602517838,-68.5505517354452,5.80021005584131));
#3164=CARTESIAN_POINT('',(-210.274431281832,-67.9657834563495,6.02331247901263));
#3165=CARTESIAN_POINT('',(-206.725590721601,-67.6196450000652,6.33467127023364));
#3166=CARTESIAN_POINT('',(-202.016080837147,-67.5658906833285,6.53447884986902));
#3167=CARTESIAN_POINT('',(-197.306570952693,-67.6196450000652,6.33467127023364));
#3168=CARTESIAN_POINT('',(-193.757730392462,-67.9657834563495,6.02331247901262));
#3169=CARTESIAN_POINT('',(-191.369559156456,-68.5505517354454,5.8002100558413));
#3170=CARTESIAN_POINT('',(-189.860243987062,-69.1748196014673,5.67409956704569));
#3171=CARTESIAN_POINT('',(-188.689104726801,-70.0165420238563,5.61742943051307));
#3172=CARTESIAN_POINT('',(-188.171370927065,-70.7438352761378,5.64475892345338));
#3173=CARTESIAN_POINT('',(-187.987654229226,-71.1543119615619,5.67940506986075));
#3174=CARTESIAN_POINT('',(-215.46993134186,-70.9181005587845,6.34819450917887));
#3175=CARTESIAN_POINT('',(-215.278451090688,-70.4923999022001,6.32291768653425));
#3176=CARTESIAN_POINT('',(-214.757079268397,-69.7326405215811,6.30598413559044));
#3177=CARTESIAN_POINT('',(-213.611691820101,-68.8391052354445,6.35859872357499));
#3178=CARTESIAN_POINT('',(-212.154878901925,-68.1628517212423,6.46638285732361));
#3179=CARTESIAN_POINT('',(-209.866433377824,-67.5124600477416,6.65319393849234));
#3180=CARTESIAN_POINT('',(-206.486834022898,-67.0985648214137,6.91040481118253));
#3181=CARTESIAN_POINT('',(-202.016080837147,-67.0098654318358,7.0742101432884));
#3182=CARTESIAN_POINT('',(-197.545327651396,-67.0985648214137,6.91040481118251));
#3183=CARTESIAN_POINT('',(-194.16572829647,-67.5124600477416,6.65319393849229));
#3184=CARTESIAN_POINT('',(-191.877282772369,-68.1628517212423,6.46638285732357));
#3185=CARTESIAN_POINT('',(-190.420469854193,-68.8391052354445,6.35859872357496));
#3186=CARTESIAN_POINT('',(-189.275082405897,-69.7326405215811,6.3059841355904));
#3187=CARTESIAN_POINT('',(-188.753710583606,-70.4923999022001,6.32291768653419));
#3188=CARTESIAN_POINT('',(-188.562230332434,-70.9181005587845,6.34819450917881));
#3189=CARTESIAN_POINT('',(-214.320779135444,-70.4456777532296,7.68577338781501));
#3190=CARTESIAN_POINT('',(-214.113771777604,-69.9895291543244,7.67923521269584));
#3191=CARTESIAN_POINT('',(-213.585123910205,-69.1648375170305,7.68309354574511));
#3192=CARTESIAN_POINT('',(-212.491240085838,-68.1676765033988,7.72759703663354));
#3193=CARTESIAN_POINT('',(-211.139431670098,-67.3874516928363,7.7987284602882));
#3194=CARTESIAN_POINT('',(-209.050437569808,-66.6058132305252,7.91295685745169));
#3195=CARTESIAN_POINT('',(-206.009320625491,-66.0564044641103,8.06187189308031));
#3196=CARTESIAN_POINT('',(-202.016080837147,-65.8978149288507,8.15367273012715));
#3197=CARTESIAN_POINT('',(-198.022841048803,-66.0564044641103,8.06187189308029));
#3198=CARTESIAN_POINT('',(-194.981724104486,-66.6058132305254,7.91295685745168));
#3199=CARTESIAN_POINT('',(-192.892730004196,-67.3874516928363,7.79872846028816));
#3200=CARTESIAN_POINT('',(-191.540921588456,-68.1676765033988,7.72759703663348));
#3201=CARTESIAN_POINT('',(-190.447037764089,-69.1648375170307,7.68309354574506));
#3202=CARTESIAN_POINT('',(-189.918389896689,-69.9895291543244,7.67923521269581));
#3203=CARTESIAN_POINT('',(-189.71138253885,-70.4456777532296,7.68577338781497));
#3204=CARTESIAN_POINT('',(-212.377663613297,-69.2794401754709,9.87230464170402));
#3205=CARTESIAN_POINT('',(-212.142914246659,-68.7633266044668,9.91534670206486));
#3206=CARTESIAN_POINT('',(-211.599546794995,-67.8144406205904,9.99193451696584));
#3207=CARTESIAN_POINT('',(-210.590590231729,-66.6270148978538,10.0814143580619));
#3208=CARTESIAN_POINT('',(-209.415429052091,-65.6613722068778,10.1485793541093));
#3209=CARTESIAN_POINT('',(-207.66387568327,-64.6507323661681,10.2124956037165));
#3210=CARTESIAN_POINT('',(-205.197426278288,-63.8712890380975,10.2520389841373));
#3211=CARTESIAN_POINT('',(-202.016080837147,-63.5971656303818,10.2596242397544));
#3212=CARTESIAN_POINT('',(-198.834735396005,-63.8712890380975,10.2520389841373));
#3213=CARTESIAN_POINT('',(-196.368285991024,-64.6507323661681,10.2124956037165));
#3214=CARTESIAN_POINT('',(-194.616732622203,-65.6613722068778,10.1485793541093));
#3215=CARTESIAN_POINT('',(-193.441571442565,-66.6270148978538,10.0814143580619));
#3216=CARTESIAN_POINT('',(-192.432614879299,-67.8144406205904,9.9919345169658));
#3217=CARTESIAN_POINT('',(-191.889247427635,-68.7633266044668,9.91534670206481));
#3218=CARTESIAN_POINT('',(-191.654498060996,-69.2794401754709,9.87230464170398));
#3219=CARTESIAN_POINT('',(-211.059393694994,-68.5856254032672,11.6734979198941));
#3220=CARTESIAN_POINT('',(-210.812429426223,-68.0399948024849,11.7653120902035));
#3221=CARTESIAN_POINT('',(-210.269810726067,-67.0318467287007,11.9231807353908));
#3222=CARTESIAN_POINT('',(-209.328070998969,-65.7577820243541,12.0934168099847));
#3223=CARTESIAN_POINT('',(-208.276778405987,-64.7106927493253,12.2077981844985));
#3224=CARTESIAN_POINT('',(-206.753329542141,-63.6022983190271,12.3001166745528));
#3225=CARTESIAN_POINT('',(-204.666430352527,-62.7283339693881,12.3294390024556));
#3226=CARTESIAN_POINT('',(-202.016080837147,-62.408566834898,12.3126020853313));
#3227=CARTESIAN_POINT('',(-199.365731321766,-62.7283339693881,12.3294390024556));
#3228=CARTESIAN_POINT('',(-197.278832132153,-63.6022983190273,12.3001166745528));
#3229=CARTESIAN_POINT('',(-195.755383268307,-64.7106927493253,12.2077981844985));
#3230=CARTESIAN_POINT('',(-194.704090675325,-65.7577820243541,12.0934168099847));
#3231=CARTESIAN_POINT('',(-193.762350948227,-67.0318467287007,11.9231807353908));
#3232=CARTESIAN_POINT('',(-193.21973224807,-68.0399948024849,11.7653120902034));
#3233=CARTESIAN_POINT('',(-192.9727679793,-68.5856254032674,11.6734979198941));
#3234=CARTESIAN_POINT('',(-210.535087092421,-68.5856254032672,12.6257388228313));
#3235=CARTESIAN_POINT('',(-210.28812282365,-68.0399948024849,12.7354835151347));
#3236=CARTESIAN_POINT('',(-209.753696414159,-67.0318467287007,12.9226953927498));
#3237=CARTESIAN_POINT('',(-208.845749886055,-65.7577820243541,13.1206002535376));
#3238=CARTESIAN_POINT('',(-207.846683146063,-64.7106927493253,13.2495117240311));
#3239=CARTESIAN_POINT('',(-206.413349479535,-63.6022983190271,13.3479619180836));
#3240=CARTESIAN_POINT('',(-204.469815376562,-62.7283339693881,13.3681390116148));
#3241=CARTESIAN_POINT('',(-202.016080837147,-62.408566834898,13.3390910081198));
#3242=CARTESIAN_POINT('',(-199.562346297731,-62.7283339693881,13.3681390116148));
#3243=CARTESIAN_POINT('',(-197.618812194759,-63.6022983190271,13.3479619180836));
#3244=CARTESIAN_POINT('',(-196.18547852823,-64.7106927493253,13.2495117240311));
#3245=CARTESIAN_POINT('',(-195.186411788239,-65.7577820243541,13.1206002535376));
#3246=CARTESIAN_POINT('',(-194.278465260135,-67.0318467287007,12.9226953927497));
#3247=CARTESIAN_POINT('',(-193.744038850644,-68.0399948024849,12.7354835151347));
#3248=CARTESIAN_POINT('',(-193.497074581873,-68.5856254032672,12.6257388228313));
#3249=CARTESIAN_POINT('',(-210.272933791134,-68.5856254032672,13.1018592742999));
#3250=CARTESIAN_POINT('',(-210.025969522363,-68.0399948024849,13.2205692276003));
#3251=CARTESIAN_POINT('',(-209.495639258205,-67.0318467287009,13.4224527214293));
#3252=CARTESIAN_POINT('',(-208.604589329598,-65.7577820243541,13.6341919753141));
#3253=CARTESIAN_POINT('',(-207.631635516102,-64.7106927493253,13.7703684937974));
#3254=CARTESIAN_POINT('',(-206.243359448232,-63.6022983190271,13.871884539849));
#3255=CARTESIAN_POINT('',(-204.37150788858,-62.7283339693881,13.8874890161944));
#3256=CARTESIAN_POINT('',(-202.016080837147,-62.408566834898,13.852335469514));
#3257=CARTESIAN_POINT('',(-199.660653785714,-62.7283339693881,13.8874890161944));
#3258=CARTESIAN_POINT('',(-197.788802226062,-63.6022983190273,13.871884539849));
#3259=CARTESIAN_POINT('',(-196.400526158192,-64.7106927493253,13.7703684937974));
#3260=CARTESIAN_POINT('',(-195.427572344696,-65.7577820243544,13.6341919753141));
#3261=CARTESIAN_POINT('',(-194.536522416089,-67.0318467287007,13.4224527214292));
#3262=CARTESIAN_POINT('',(-194.00619215193,-68.0399948024849,13.2205692276003));
#3263=CARTESIAN_POINT('',(-193.75922788316,-68.5856254032672,13.1018592742999));
#3264=CARTESIAN_POINT('',(-209.81604136685,-68.7590790963181,14.0799223091582));
#3265=CARTESIAN_POINT('',(-209.572130823612,-68.2208277529803,14.2133350179625));
#3266=CARTESIAN_POINT('',(-209.053901807574,-67.2274952016733,14.4389131528614));
#3267=CARTESIAN_POINT('',(-208.196737468416,-65.975090242729,14.6719665276628));
#3268=CARTESIAN_POINT('',(-207.271155287742,-64.9483626137135,14.818134095499));
#3269=CARTESIAN_POINT('',(-205.961025889604,-63.8644068308126,14.9217471374362));
#3270=CARTESIAN_POINT('',(-204.209334406073,-63.0140727365654,14.9261890253536));
#3271=CARTESIAN_POINT('',(-202.016080837147,-62.705716533769,14.8788243923025));
#3272=CARTESIAN_POINT('',(-199.822827268221,-63.0140727365654,14.9261890253536));
#3273=CARTESIAN_POINT('',(-198.071135784689,-63.8644068308126,14.9217471374361));
#3274=CARTESIAN_POINT('',(-196.761006386551,-64.9483626137135,14.818134095499));
#3275=CARTESIAN_POINT('',(-195.835424205877,-65.975090242729,14.6719665276628));
#3276=CARTESIAN_POINT('',(-194.978259866719,-67.2274952016733,14.4389131528614));
#3277=CARTESIAN_POINT('',(-194.460030850682,-68.2208277529803,14.2133350179625));
#3278=CARTESIAN_POINT('',(-194.216120307444,-68.7590790963181,14.0799223091582));
#3279=CARTESIAN_POINT('',(-209.346861467957,-69.3718156710843,15.1425607526779));
#3280=CARTESIAN_POINT('',(-209.116698503309,-68.8654529289363,15.2835930226376));
#3281=CARTESIAN_POINT('',(-208.62918369718,-67.9357094360639,15.5241379554686));
#3282=CARTESIAN_POINT('',(-207.82549722752,-66.7744736573109,15.7770323957434));
#3283=CARTESIAN_POINT('',(-206.958548867427,-65.8310508253967,15.9386397393404));
#3284=CARTESIAN_POINT('',(-205.730471693431,-64.8428156270061,16.054581218291));
#3285=CARTESIAN_POINT('',(-204.082982350004,-64.0742214275301,16.0544696367535));
#3286=CARTESIAN_POINT('',(-202.016080837147,-63.7997448272492,15.9963873157407));
#3287=CARTESIAN_POINT('',(-199.949179324289,-64.0742214275301,16.0544696367535));
#3288=CARTESIAN_POINT('',(-198.301689980863,-64.8428156270061,16.054581218291));
#3289=CARTESIAN_POINT('',(-197.073612806867,-65.8310508253967,15.9386397393404));
#3290=CARTESIAN_POINT('',(-196.206664446773,-66.7744736573111,15.7770323957434));
#3291=CARTESIAN_POINT('',(-195.402977977114,-67.9357094360639,15.5241379554685));
#3292=CARTESIAN_POINT('',(-194.915463170985,-68.8654529289363,15.2835930226376));
#3293=CARTESIAN_POINT('',(-194.685300206336,-69.3718156710843,15.1425607526778));
#3294=CARTESIAN_POINT('',(-208.992719039166,-70.0769277414638,15.762009889548));
#3295=CARTESIAN_POINT('',(-208.780890055096,-69.6122044293613,15.9010687982981));
#3296=CARTESIAN_POINT('',(-208.330788360419,-68.7651924859283,16.1444782524248));
#3297=CARTESIAN_POINT('',(-207.583090659901,-67.7213158313502,16.4146156401879));
#3298=CARTESIAN_POINT('',(-206.769633821989,-66.8834176555984,16.5989245312171));
#3299=CARTESIAN_POINT('',(-205.606393883056,-66.013307684038,16.7424294525354));
#3300=CARTESIAN_POINT('',(-204.021876221442,-65.3373025079272,16.7529808458145));
#3301=CARTESIAN_POINT('',(-202.016080837147,-65.0963523175972,16.6917797784345));
#3302=CARTESIAN_POINT('',(-200.010285452851,-65.3373025079275,16.7529808458145));
#3303=CARTESIAN_POINT('',(-198.425767791237,-66.0133076840377,16.7424294525353));
#3304=CARTESIAN_POINT('',(-197.262527852305,-66.8834176555986,16.5989245312171));
#3305=CARTESIAN_POINT('',(-196.449071014393,-67.7213158313502,16.4146156401879));
#3306=CARTESIAN_POINT('',(-195.701373313875,-68.7651924859283,16.1444782524247));
#3307=CARTESIAN_POINT('',(-195.251271619198,-69.6122044293616,15.901068798298));
#3308=CARTESIAN_POINT('',(-195.039442635128,-70.0769277414638,15.762009889548));
#3309=CARTESIAN_POINT('',(-208.739929342252,-70.6721685585064,16.1077103542537));
#3310=CARTESIAN_POINT('',(-208.548327901017,-70.2527279518756,16.2389685345063));
#3311=CARTESIAN_POINT('',(-208.136918029587,-69.500039469322,16.4760552545031));
#3312=CARTESIAN_POINT('',(-207.43948118109,-68.5885442882823,16.7550375856504));
#3313=CARTESIAN_POINT('',(-206.666021216765,-67.8535460006995,16.9570133406269));
#3314=CARTESIAN_POINT('',(-205.54455366922,-67.0873949047291,17.125287081694));
#3315=CARTESIAN_POINT('',(-203.99457354268,-66.4903886291454,17.1492934525734));
#3316=CARTESIAN_POINT('',(-202.016080837147,-66.2764579015468,17.0891629529193));
#3317=CARTESIAN_POINT('',(-200.037588131613,-66.4903886291454,17.1492934525734));
#3318=CARTESIAN_POINT('',(-198.487608005074,-67.0873949047291,17.1252870816939));
#3319=CARTESIAN_POINT('',(-197.366140457529,-67.8535460006997,16.9570133406269));
#3320=CARTESIAN_POINT('',(-196.592680493204,-68.588544288282,16.7550375856504));
#3321=CARTESIAN_POINT('',(-195.895243644706,-69.500039469322,16.4760552545031));
#3322=CARTESIAN_POINT('',(-195.483833773277,-70.2527279518758,16.2389685345063));
#3323=CARTESIAN_POINT('',(-195.292232332042,-70.6721685585064,16.1077103542537));
#3324=CARTESIAN_POINT('',(-208.502173149538,-71.2927614987816,16.3309688520383));
#3325=CARTESIAN_POINT('',(-208.340085407087,-70.938645588951,16.4458193936801));
#3326=CARTESIAN_POINT('',(-207.982210466457,-70.3289000135305,16.6641955878685));
#3327=CARTESIAN_POINT('',(-207.344969783535,-69.6162986768315,16.9431632803812));
#3328=CARTESIAN_POINT('',(-206.607970923845,-69.0122726602719,17.1589124426391));
#3329=CARTESIAN_POINT('',(-205.51496696999,-68.3600359712168,17.3512971330229));
#3330=CARTESIAN_POINT('',(-203.984336941091,-67.8475443083912,17.3925210992881));
#3331=CARTESIAN_POINT('',(-202.016080837147,-67.6611709900928,17.3375527203615));
#3332=CARTESIAN_POINT('',(-200.047824733203,-67.8475443083912,17.3925210992881));
#3333=CARTESIAN_POINT('',(-198.517194704304,-68.3600359712168,17.3512971330228));
#3334=CARTESIAN_POINT('',(-197.424190750449,-69.0122726602722,17.1589124426391));
#3335=CARTESIAN_POINT('',(-196.687191890759,-69.6162986768315,16.9431632803812));
#3336=CARTESIAN_POINT('',(-196.049951207837,-70.3289000135305,16.6641955878685));
#3337=CARTESIAN_POINT('',(-195.692076267207,-70.938645588951,16.4458193936801));
#3338=CARTESIAN_POINT('',(-195.529988524756,-71.2927614987816,16.3309688520383));
#3339=CARTESIAN_POINT('',(-208.370044325758,-71.654043770307,16.4013956887417));
#3340=CARTESIAN_POINT('',(-208.246411488185,-71.3840676020623,16.4902926030621));
#3341=CARTESIAN_POINT('',(-207.945591887507,-70.9953268456761,16.6781436134702));
#3342=CARTESIAN_POINT('',(-207.330526050746,-70.4266861734827,16.9550252047773));
#3343=CARTESIAN_POINT('',(-206.604638025731,-69.9156527043158,17.1766754237825));
#3344=CARTESIAN_POINT('',(-205.517435094017,-69.3423896913257,17.3815260944857));
#3345=CARTESIAN_POINT('',(-203.987916031155,-68.8872239646448,17.4356067837302));
#3346=CARTESIAN_POINT('',(-202.016080837147,-68.7186897444587,17.3872621376232));
#3347=CARTESIAN_POINT('',(-200.044245643138,-68.8872239646448,17.4356067837302));
#3348=CARTESIAN_POINT('',(-198.514726580277,-69.3423896913259,17.3815260944857));
#3349=CARTESIAN_POINT('',(-197.427523648562,-69.9156527043156,17.1766754237825));
#3350=CARTESIAN_POINT('',(-196.701635623547,-70.4266861734827,16.9550252047773));
#3351=CARTESIAN_POINT('',(-196.086569786787,-70.9953268456761,16.6781436134702));
#3352=CARTESIAN_POINT('',(-195.785750186109,-71.3840676020623,16.4902926030621));
#3353=CARTESIAN_POINT('',(-195.662117348536,-71.654043770307,16.4013956887417));
#3354=CARTESIAN_POINT('',(-208.33350419474,-71.7560278056683,16.4173907975809));
#3355=CARTESIAN_POINT('',(-208.253085978703,-71.6702768342961,16.4701336081448));
#3356=CARTESIAN_POINT('',(-207.954015368317,-71.3697979029496,16.653284306069));
#3357=CARTESIAN_POINT('',(-207.3394031036,-70.8677345520141,16.9295612727185));
#3358=CARTESIAN_POINT('',(-206.613061506541,-70.4013574760902,17.1531703221547));
#3359=CARTESIAN_POINT('',(-205.524389865352,-69.8674374149728,17.3625596351438));
#3360=CARTESIAN_POINT('',(-203.992062975554,-69.4405068014789,17.4231307459414));
#3361=CARTESIAN_POINT('',(-202.016080837147,-69.2805362185436,17.3790072002445));
#3362=CARTESIAN_POINT('',(-200.04009869874,-69.4405068014787,17.4231307459414));
#3363=CARTESIAN_POINT('',(-198.507771808941,-69.8674374149728,17.3625596351438));
#3364=CARTESIAN_POINT('',(-197.419100167752,-70.40135747609,17.1531703221547));
#3365=CARTESIAN_POINT('',(-196.692758570694,-70.8677345520143,16.9295612727184));
#3366=CARTESIAN_POINT('',(-196.078146305977,-71.3697979029494,16.653284306069));
#3367=CARTESIAN_POINT('',(-195.77907569559,-71.6702768342961,16.4701336081447));
#3368=CARTESIAN_POINT('',(-195.698657479554,-71.7560278056683,16.4173907975809));
#3369=CARTESIAN_POINT('',(-217.745044403195,-74.3029349974092,1.07972722002861));
#3370=CARTESIAN_POINT('',(-217.841427771573,-74.2074023447681,1.08228098828874));
#3371=CARTESIAN_POINT('',(-218.15287869095,-73.8756391411653,1.11000866451891));
#3372=CARTESIAN_POINT('',(-218.510402775488,-73.3177557863924,1.32750302888524));
#3373=CARTESIAN_POINT('',(-218.623756343357,-72.7893143622919,1.75365151740078));
#3374=CARTESIAN_POINT('',(-218.392930023102,-72.1582260488487,2.60671748422228));
#3375=CARTESIAN_POINT('',(-217.282456874155,-71.5713867754546,4.21966956537883));
#3376=CARTESIAN_POINT('',(-216.044507445068,-71.1543119615619,5.67940506986081));
#3377=CARTESIAN_POINT('',(-215.46993134186,-70.9181005587845,6.34819450917887));
#3378=CARTESIAN_POINT('',(-214.320779135444,-70.4456777532296,7.68577338781501));
#3379=CARTESIAN_POINT('',(-212.377663613297,-69.2794401754709,9.87230464170402));
#3380=CARTESIAN_POINT('',(-211.059393694994,-68.5856254032672,11.6734979198941));
#3381=CARTESIAN_POINT('',(-210.535087092421,-68.5856254032672,12.6257388228313));
#3382=CARTESIAN_POINT('',(-210.272933791134,-68.5856254032672,13.1018592742999));
#3383=CARTESIAN_POINT('',(-209.81604136685,-68.7590790963181,14.0799223091583));
#3384=CARTESIAN_POINT('',(-209.346861467957,-69.3718156710843,15.1425607526779));
#3385=CARTESIAN_POINT('',(-208.992719039166,-70.0769277414638,15.762009889548));
#3386=CARTESIAN_POINT('',(-208.739929342252,-70.6721685585064,16.1077103542537));
#3387=CARTESIAN_POINT('',(-208.502173149538,-71.2927614987816,16.3309688520384));
#3388=CARTESIAN_POINT('',(-208.370044325758,-71.654043770307,16.4013956887417));
#3389=CARTESIAN_POINT('',(-208.33350419474,-71.7560278056683,16.4173907975809));
#3390=CARTESIAN_POINT('',(-217.734637401067,-74.4304742641787,1.10101050262747));
#3391=CARTESIAN_POINT('',(-217.907575625303,-74.3727539655279,1.12650199694894));
#3392=CARTESIAN_POINT('',(-218.240960774498,-74.09402289023,1.16656569496302));
#3393=CARTESIAN_POINT('',(-218.61853179462,-73.5810746021386,1.39066382167533));
#3394=CARTESIAN_POINT('',(-218.748672531525,-73.0877788036184,1.81835190408645));
#3395=CARTESIAN_POINT('',(-218.53755150805,-72.4954548399735,2.66820057432334));
#3396=CARTESIAN_POINT('',(-217.449818414193,-71.9511827904223,4.27002862420439));
#3397=CARTESIAN_POINT('',(-216.228224142906,-71.564788646986,5.71405121626818));
#3398=CARTESIAN_POINT('',(-215.661411593032,-71.3438012153688,6.3734713318235));
#3399=CARTESIAN_POINT('',(-214.527786493283,-70.9018263521348,7.69231156293419));
#3400=CARTESIAN_POINT('',(-212.612412979936,-69.795553746475,9.82926258134318));
#3401=CARTESIAN_POINT('',(-211.306357963765,-69.1312560040496,11.5816837495847));
#3402=CARTESIAN_POINT('',(-210.782051361191,-69.1312560040496,12.5159941305279));
#3403=CARTESIAN_POINT('',(-210.519898059905,-69.1312560040496,12.9831493209996));
#3404=CARTESIAN_POINT('',(-210.059951910087,-69.297330439656,13.946509600354));
#3405=CARTESIAN_POINT('',(-209.577024432606,-69.8781784132325,15.0015284827182));
#3406=CARTESIAN_POINT('',(-209.204548023236,-70.5416510535665,15.6229509807979));
#3407=CARTESIAN_POINT('',(-208.931530783487,-71.0916091651375,15.9764521740011));
#3408=CARTESIAN_POINT('',(-208.664260891989,-71.6468774086125,16.2161183103966));
#3409=CARTESIAN_POINT('',(-208.493677163331,-71.9240199385517,16.3124987744213));
#3410=CARTESIAN_POINT('',(-208.376718816276,-71.9402530025409,16.3812366938244));
#3411=CARTESIAN_POINT('',(-217.646198324779,-74.923463212426,1.19813830660191));
#3412=CARTESIAN_POINT('',(-217.868159366868,-74.8510784066723,1.23132390359245));
#3413=CARTESIAN_POINT('',(-218.266298088917,-74.6348180360278,1.31835966390059));
#3414=CARTESIAN_POINT('',(-218.66850631157,-74.2062066923068,1.57335482696049));
#3415=CARTESIAN_POINT('',(-218.818064899766,-73.7836260504878,2.01523933623545));
#3416=CARTESIAN_POINT('',(-218.635876383312,-73.2716211990792,2.86399541735479));
#3417=CARTESIAN_POINT('',(-217.608764946206,-72.8094233963782,4.43112991103961));
#3418=CARTESIAN_POINT('',(-216.445357134524,-72.4794021364005,5.82530630895729));
#3419=CARTESIAN_POINT('',(-215.905960775429,-72.2868444610876,6.45764507145825));
#3420=CARTESIAN_POINT('',(-214.827168057239,-71.9017291104615,7.72232259646013));
#3421=CARTESIAN_POINT('',(-213.008042994824,-70.911122046615,9.73368215480083));
#3422=CARTESIAN_POINT('',(-211.751596338691,-70.3056303333947,11.3722957135346));
#3423=CARTESIAN_POINT('',(-211.235482026783,-70.3056303333947,12.2642272389295));
#3424=CARTESIAN_POINT('',(-210.977424870829,-70.3056303333947,12.710193001627));
#3425=CARTESIAN_POINT('',(-210.517365067,-70.4570032616998,13.6384369000359));
#3426=CARTESIAN_POINT('',(-210.010161485071,-70.9738858889527,14.6779443357103));
#3427=CARTESIAN_POINT('',(-209.601762264839,-71.5535323585439,15.3101247999244));
#3428=CARTESIAN_POINT('',(-209.286526676996,-72.0166831091067,15.6885061729874));
#3429=CARTESIAN_POINT('',(-208.954736921162,-72.4535954725152,15.9750923380179));
#3430=CARTESIAN_POINT('',(-208.687717046244,-72.6152150099015,16.1453130925965));
#3431=CARTESIAN_POINT('',(-208.534052784603,-72.6355701573443,16.235304326837));
#3432=CARTESIAN_POINT('',(-217.251068190189,-76.0021123013589,1.51955106920541));
#3433=CARTESIAN_POINT('',(-217.500950956441,-75.9258298522186,1.55815287307475));
#3434=CARTESIAN_POINT('',(-217.929135695005,-75.7420990968603,1.67596050901087));
#3435=CARTESIAN_POINT('',(-218.336702977375,-75.4199661283769,1.99284151755779));
#3436=CARTESIAN_POINT('',(-218.489592990609,-75.0982570602334,2.46824955079747));
#3437=CARTESIAN_POINT('',(-218.335286535513,-74.7065894214443,3.31975471535159));
#3438=CARTESIAN_POINT('',(-217.435997366702,-74.3557368173665,4.80392281019186));
#3439=CARTESIAN_POINT('',(-216.415657272396,-74.0971801817598,6.08335717148268));
#3440=CARTESIAN_POINT('',(-215.943407805599,-73.9419694026089,6.65718119106469));
#3441=CARTESIAN_POINT('',(-214.998908872004,-73.6315478443069,7.80482923022873));
#3442=CARTESIAN_POINT('',(-213.413275647662,-72.8032450369208,9.57298002004955));
#3443=CARTESIAN_POINT('',(-212.286748135001,-72.2853637878366,11.0088619232052));
#3444=CARTESIAN_POINT('',(-211.801354913087,-72.2853637878366,11.824241075704));
#3445=CARTESIAN_POINT('',(-211.55865830213,-72.2853637878366,12.2319306519534));
#3446=CARTESIAN_POINT('',(-211.112200347425,-72.4148341001078,13.0960289049127));
#3447=CARTESIAN_POINT('',(-210.577559891482,-72.8378471904314,14.1102797050844));
#3448=CARTESIAN_POINT('',(-210.119563010842,-73.2954624342656,14.7695552752982));
#3449=CARTESIAN_POINT('',(-209.744773184015,-73.6444423767698,15.1957137898982));
#3450=CARTESIAN_POINT('',(-209.322541282437,-73.9453569527418,15.5613385133396));
#3451=CARTESIAN_POINT('',(-208.991230710411,-74.0591021108207,15.7793389507633));
#3452=CARTESIAN_POINT('',(-208.808571118036,-74.0805533046644,15.8855534455663));
#3453=CARTESIAN_POINT('',(-216.597664731193,-77.3550461426066,1.99842191791466));
#3454=CARTESIAN_POINT('',(-216.859123564223,-77.2826613368529,2.04035674100913));
#3455=CARTESIAN_POINT('',(-217.294117128037,-77.1294738989568,2.17734141338141));
#3456=CARTESIAN_POINT('',(-217.69021998788,-76.8903647900579,2.53412031437883));
#3457=CARTESIAN_POINT('',(-217.837320182697,-76.6578532562166,3.03415792170386));
#3458=CARTESIAN_POINT('',(-217.711296650226,-76.3778686806536,3.88116209175902));
#3459=CARTESIAN_POINT('',(-216.968184676344,-76.124009534401,5.25784813959049));
#3460=CARTESIAN_POINT('',(-216.126059923333,-75.925693493894,6.39785608136831));
#3461=CARTESIAN_POINT('',(-215.737335308753,-75.8032886923675,6.90240804794349));
#3462=CARTESIAN_POINT('',(-214.959886079592,-75.558479089314,7.91151198109389));
#3463=CARTESIAN_POINT('',(-213.663689716673,-74.8828856330229,9.40610381288492));
#3464=CARTESIAN_POINT('',(-212.702558886993,-74.4521017797847,10.6240037466617));
#3465=CARTESIAN_POINT('',(-212.260175191072,-74.4521017797847,11.3564157817978));
#3466=CARTESIAN_POINT('',(-212.038983343111,-74.4521017797847,11.7226217993659));
#3467=CARTESIAN_POINT('',(-211.615690506649,-74.5597977430944,12.5167648686259));
#3468=CARTESIAN_POINT('',(-211.061910583815,-74.8936626934333,13.5025970754958));
#3469=CARTESIAN_POINT('',(-210.560653703652,-75.2383047041831,14.19045033416));
#3470=CARTESIAN_POINT('',(-210.139145991423,-75.4939201557254,14.6574635651966));
#3471=CARTESIAN_POINT('',(-209.655624645929,-75.7050284689894,15.0771296237261));
#3472=CARTESIAN_POINT('',(-209.280968939319,-75.7883351978071,15.3263619080439));
#3473=CARTESIAN_POINT('',(-209.077822620084,-75.8086903452499,15.4435967016031));
#3474=CARTESIAN_POINT('',(-215.456348080374,-79.4881192838379,2.79537183327763));
#3475=CARTESIAN_POINT('',(-215.719496584924,-79.4283554185747,2.83988633917752));
#3476=CARTESIAN_POINT('',(-216.148425468794,-79.3149306450882,2.98968913377058));
#3477=CARTESIAN_POINT('',(-216.530215001616,-79.1630587452073,3.37008063621243));
#3478=CARTESIAN_POINT('',(-216.680901324162,-79.0294084949039,3.87952541137917));
#3479=CARTESIAN_POINT('',(-216.614346250802,-78.8754455462408,4.69534409146473));
#3480=CARTESIAN_POINT('',(-216.105897296957,-78.7283279304988,5.90458043424656));
#3481=CARTESIAN_POINT('',(-215.520735958835,-78.5978615398224,6.84615845618745));
#3482=CARTESIAN_POINT('',(-215.25235556549,-78.5141525767531,7.2535184763023));
#3483=CARTESIAN_POINT('',(-214.715594778799,-78.3467346506145,8.06823851653199));
#3484=CARTESIAN_POINT('',(-213.835675411144,-77.8640926564881,9.19024667014669));
#3485=CARTESIAN_POINT('',(-213.115671459579,-77.5488685885005,10.119530129705));
#3486=CARTESIAN_POINT('',(-212.738826088979,-77.5488685885005,10.7415254758784));
#3487=CARTESIAN_POINT('',(-212.55040340368,-77.5488685885005,11.052523148965));
#3488=CARTESIAN_POINT('',(-212.165136335671,-77.6276746054973,11.7531953033355));
#3489=CARTESIAN_POINT('',(-211.595993832433,-77.8524944509682,12.6953567856292));
#3490=CARTESIAN_POINT('',(-211.048241974083,-78.0657160909191,13.4106563063655));
#3491=CARTESIAN_POINT('',(-210.579370179644,-78.2213291799467,13.9169290622629));
#3492=CARTESIAN_POINT('',(-210.040601511732,-78.3516531053156,14.3820128814001));
#3493=CARTESIAN_POINT('',(-209.62693183561,-78.4076855979738,14.6572847682478));
#3494=CARTESIAN_POINT('',(-209.404501194372,-78.4244916427854,14.7843935381764));
#3495=CARTESIAN_POINT('',(-213.662465432272,-82.7031039029691,3.99212195128179));
#3496=CARTESIAN_POINT('',(-213.917046104001,-82.6674683062904,4.03807774421698));
#3497=CARTESIAN_POINT('',(-214.339700440061,-82.6051060121026,4.18507306571262));
#3498=CARTESIAN_POINT('',(-214.749304156022,-82.5329371485213,4.53900799571593));
#3499=CARTESIAN_POINT('',(-214.969673317929,-82.4767907428316,4.99457561436306));
#3500=CARTESIAN_POINT('',(-215.05804377383,-82.4161559860231,5.69509701192973));
#3501=CARTESIAN_POINT('',(-214.871136628936,-82.3536580856983,6.66578418491769));
#3502=CARTESIAN_POINT('',(-214.591846598988,-82.2892970418577,7.37405566245446));
#3503=CARTESIAN_POINT('',(-214.466618150936,-82.2463896792974,7.66870949052143));
#3504=CARTESIAN_POINT('',(-214.216161254834,-82.1605749541764,8.2580171466554));
#3505=CARTESIAN_POINT('',(-213.830579998009,-81.9031307788139,8.96077717331219));
#3506=CARTESIAN_POINT('',(-213.400533173339,-81.731501328572,9.57501389317424));
#3507=CARTESIAN_POINT('',(-213.105610709391,-81.731501328572,10.0757982425135));
#3508=CARTESIAN_POINT('',(-212.958149477418,-81.731501328572,10.3261904171831));
#3509=CARTESIAN_POINT('',(-212.623277487664,-81.7744086911325,10.9238077612264));
#3510=CARTESIAN_POINT('',(-212.052275899056,-81.8879402198236,11.7976134816458));
#3511=CARTESIAN_POINT('',(-211.47250499518,-81.9862811895246,12.5035494143634));
#3512=CARTESIAN_POINT('',(-210.968311332743,-82.056689128038,13.0191522751334));
#3513=CARTESIAN_POINT('',(-210.386871517741,-82.1166436156523,13.503611280176));
#3514=CARTESIAN_POINT('',(-209.942493760674,-82.1449071987045,13.79429153508));
#3515=CARTESIAN_POINT('',(-209.704803634035,-82.1549281943685,13.928676097591));
#3516=CARTESIAN_POINT('',(-212.439241109579,-86.9999999999995,4.79039711160449));
#3517=CARTESIAN_POINT('',(-212.684409112728,-86.9999999999998,4.83650435017229));
#3518=CARTESIAN_POINT('',(-213.103821240948,-86.9999999999998,4.97428313746015));
#3519=CARTESIAN_POINT('',(-213.54839580356,-86.9999999999995,5.28995519430264));
#3520=CARTESIAN_POINT('',(-213.836654740964,-86.9999999999998,5.68694207250927));
#3521=CARTESIAN_POINT('',(-214.050216496572,-86.9999999999998,6.28775893254177));
#3522=CARTESIAN_POINT('',(-214.067519650609,-86.9999999999995,7.10362178826081));
#3523=CARTESIAN_POINT('',(-213.96561922139,-86.9999999999998,7.67780168131189));
#3524=CARTESIAN_POINT('',(-213.923370608015,-86.9999999999998,7.9083452905612));
#3525=CARTESIAN_POINT('',(-213.838873381265,-86.9999999999998,8.36943250905976));
#3526=CARTESIAN_POINT('',(-213.739491737638,-86.9999999999998,8.83923624784681));
#3527=CARTESIAN_POINT('',(-213.478838600806,-86.9999999999998,9.28273446512177));
#3528=CARTESIAN_POINT('',(-213.23306988085,-86.9999999999998,9.71751616210828));
#3529=CARTESIAN_POINT('',(-213.110185520872,-86.9999999999998,9.93490701060155));
#3530=CARTESIAN_POINT('',(-212.806695725145,-86.9999999999998,10.4762050017626));
#3531=CARTESIAN_POINT('',(-212.241516341369,-87.,11.3034903225957));
#3532=CARTESIAN_POINT('',(-211.65297388106,-87.,11.9863395362586));
#3533=CARTESIAN_POINT('',(-211.137140391731,-86.9999999999998,12.4916427394709));
#3534=CARTESIAN_POINT('',(-210.54065309085,-86.9999999999995,12.972768050115));
#3535=CARTESIAN_POINT('',(-210.085074237592,-86.9999999999998,13.2658368718103));
#3536=CARTESIAN_POINT('',(-209.841766786553,-86.9999999999998,13.4025602387188));
#3537=CARTESIAN_POINT('',(-213.662465432272,-91.2968960970304,3.99212195128182));
#3538=CARTESIAN_POINT('',(-213.917046104001,-91.3325316937091,4.03807774421698));
#3539=CARTESIAN_POINT('',(-214.339700440061,-91.3948939878969,4.18507306571262));
#3540=CARTESIAN_POINT('',(-214.749304156022,-91.4670628514782,4.53900799571593));
#3541=CARTESIAN_POINT('',(-214.969673317929,-91.5232092571678,4.99457561436306));
#3542=CARTESIAN_POINT('',(-215.05804377383,-91.5838440139767,5.69509701192973));
#3543=CARTESIAN_POINT('',(-214.871136628936,-91.646341914301,6.66578418491769));
#3544=CARTESIAN_POINT('',(-214.591846598988,-91.7107029581416,7.37405566245443));
#3545=CARTESIAN_POINT('',(-214.466618150936,-91.7536103207021,7.66870949052143));
#3546=CARTESIAN_POINT('',(-214.216161254834,-91.8394250458232,8.2580171466554));
#3547=CARTESIAN_POINT('',(-213.830579998009,-92.0968692211857,8.96077717331219));
#3548=CARTESIAN_POINT('',(-213.400533173339,-92.2684986714276,9.57501389317424));
#3549=CARTESIAN_POINT('',(-213.105610709391,-92.2684986714276,10.0757982425135));
#3550=CARTESIAN_POINT('',(-212.958149477418,-92.2684986714276,10.3261904171831));
#3551=CARTESIAN_POINT('',(-212.623277487664,-92.225591308867,10.9238077612264));
#3552=CARTESIAN_POINT('',(-212.052275899056,-92.112059780176,11.7976134816458));
#3553=CARTESIAN_POINT('',(-211.47250499518,-92.013718810475,12.5035494143634));
#3554=CARTESIAN_POINT('',(-210.968311332743,-91.9433108719618,13.0191522751335));
#3555=CARTESIAN_POINT('',(-210.386871517741,-91.8833563843475,13.503611280176));
#3556=CARTESIAN_POINT('',(-209.942493760674,-91.8550928012951,13.79429153508));
#3557=CARTESIAN_POINT('',(-209.704803634035,-91.8450718056311,13.928676097591));
#3558=CARTESIAN_POINT('',(-215.456348080374,-94.5118807161614,2.79537183327763));
#3559=CARTESIAN_POINT('',(-215.719496584924,-94.5716445814246,2.83988633917752));
#3560=CARTESIAN_POINT('',(-216.148425468794,-94.6850693549113,2.98968913377055));
#3561=CARTESIAN_POINT('',(-216.530215001616,-94.8369412547922,3.3700806362124));
#3562=CARTESIAN_POINT('',(-216.680901324162,-94.9705915050956,3.87952541137917));
#3563=CARTESIAN_POINT('',(-216.614346250802,-95.1245544537587,4.69534409146473));
#3564=CARTESIAN_POINT('',(-216.105897296956,-95.2716720695007,5.90458043424656));
#3565=CARTESIAN_POINT('',(-215.520735958835,-95.402138460177,6.84615845618742));
#3566=CARTESIAN_POINT('',(-215.25235556549,-95.4858474232465,7.2535184763023));
#3567=CARTESIAN_POINT('',(-214.715594778799,-95.653265349385,8.06823851653199));
#3568=CARTESIAN_POINT('',(-213.835675411144,-96.1359073435115,9.19024667014669));
#3569=CARTESIAN_POINT('',(-213.115671459579,-96.4511314114991,10.119530129705));
#3570=CARTESIAN_POINT('',(-212.738826088979,-96.4511314114991,10.7415254758784));
#3571=CARTESIAN_POINT('',(-212.55040340368,-96.4511314114991,11.052523148965));
#3572=CARTESIAN_POINT('',(-212.165136335671,-96.3723253945022,11.7531953033355));
#3573=CARTESIAN_POINT('',(-211.595993832434,-96.1475055490314,12.6953567856292));
#3574=CARTESIAN_POINT('',(-211.048241974083,-95.9342839090805,13.4106563063655));
#3575=CARTESIAN_POINT('',(-210.579370179644,-95.7786708200529,13.9169290622629));
#3576=CARTESIAN_POINT('',(-210.040601511732,-95.6483468946842,14.3820128814001));
#3577=CARTESIAN_POINT('',(-209.62693183561,-95.5923144020257,14.6572847682478));
#3578=CARTESIAN_POINT('',(-209.404501194372,-95.5755083572142,14.7843935381764));
#3579=CARTESIAN_POINT('',(-216.597664731193,-96.6449538573929,1.99842191791466));
#3580=CARTESIAN_POINT('',(-216.859123564223,-96.7173386631466,2.04035674100916));
#3581=CARTESIAN_POINT('',(-217.294117128037,-96.8705261010427,2.17734141338143));
#3582=CARTESIAN_POINT('',(-217.69021998788,-97.1096352099414,2.53412031437883));
#3583=CARTESIAN_POINT('',(-217.837320182697,-97.3421467437829,3.03415792170383));
#3584=CARTESIAN_POINT('',(-217.711296650226,-97.6221313193464,3.88116209175899));
#3585=CARTESIAN_POINT('',(-216.968184676344,-97.8759904655985,5.25784813959049));
#3586=CARTESIAN_POINT('',(-216.126059923333,-98.0743065061056,6.3978560813683));
#3587=CARTESIAN_POINT('',(-215.737335308753,-98.1967113076321,6.9024080479435));
#3588=CARTESIAN_POINT('',(-214.959886079592,-98.4415209106855,7.91151198109387));
#3589=CARTESIAN_POINT('',(-213.663689716673,-99.1171143669767,9.40610381288492));
#3590=CARTESIAN_POINT('',(-212.702558886993,-99.5478982202148,10.6240037466617));
#3591=CARTESIAN_POINT('',(-212.260175191072,-99.5478982202148,11.3564157817978));
#3592=CARTESIAN_POINT('',(-212.038983343111,-99.5478982202148,11.7226217993659));
#3593=CARTESIAN_POINT('',(-211.615690506649,-99.4402022569052,12.5167648686259));
#3594=CARTESIAN_POINT('',(-211.061910583815,-99.1063373065663,13.5025970754958));
#3595=CARTESIAN_POINT('',(-210.560653703652,-98.7616952958165,14.19045033416));
#3596=CARTESIAN_POINT('',(-210.139145991423,-98.5060798442739,14.6574635651966));
#3597=CARTESIAN_POINT('',(-209.655624645929,-98.2949715310099,15.0771296237261));
#3598=CARTESIAN_POINT('',(-209.280968939319,-98.2116648021924,15.3263619080439));
#3599=CARTESIAN_POINT('',(-209.077822620084,-98.1913096547496,15.4435967016031));
#3600=CARTESIAN_POINT('',(-217.251068190189,-97.9978876986406,1.51955106920544));
#3601=CARTESIAN_POINT('',(-217.500950956441,-98.0741701477812,1.55815287307475));
#3602=CARTESIAN_POINT('',(-217.929135695005,-98.2579009031392,1.67596050901084));
#3603=CARTESIAN_POINT('',(-218.336702977375,-98.5800338716226,1.99284151755781));
#3604=CARTESIAN_POINT('',(-218.489592990609,-98.9017429397659,2.46824955079745));
#3605=CARTESIAN_POINT('',(-218.335286535513,-99.2934105785553,3.31975471535159));
#3606=CARTESIAN_POINT('',(-217.435997366702,-99.644263182633,4.80392281019183));
#3607=CARTESIAN_POINT('',(-216.415657272396,-99.9028198182395,6.08335717148268));
#3608=CARTESIAN_POINT('',(-215.943407805599,-100.058030597391,6.6571811910647));
#3609=CARTESIAN_POINT('',(-214.998908872004,-100.368452155693,7.80482923022873));
#3610=CARTESIAN_POINT('',(-213.413275647662,-101.196754963079,9.57298002004955));
#3611=CARTESIAN_POINT('',(-212.286748135001,-101.714636212163,11.0088619232052));
#3612=CARTESIAN_POINT('',(-211.801354913087,-101.714636212163,11.824241075704));
#3613=CARTESIAN_POINT('',(-211.55865830213,-101.714636212163,12.2319306519534));
#3614=CARTESIAN_POINT('',(-211.112200347425,-101.585165899892,13.0960289049127));
#3615=CARTESIAN_POINT('',(-210.577559891482,-101.162152809568,14.1102797050844));
#3616=CARTESIAN_POINT('',(-210.119563010842,-100.704537565734,14.7695552752981));
#3617=CARTESIAN_POINT('',(-209.744773184015,-100.35555762323,15.1957137898982));
#3618=CARTESIAN_POINT('',(-209.322541282437,-100.054643047258,15.5613385133396));
#3619=CARTESIAN_POINT('',(-208.991230710411,-99.9408978891788,15.7793389507633));
#3620=CARTESIAN_POINT('',(-208.808571118036,-99.9194466953354,15.8855534455663));
#3621=CARTESIAN_POINT('',(-217.64619832478,-99.0765367875736,1.19813830660188));
#3622=CARTESIAN_POINT('',(-217.868159366868,-99.1489215933273,1.2313239035925));
#3623=CARTESIAN_POINT('',(-218.266298088917,-99.3651819639717,1.31835966390053));
#3624=CARTESIAN_POINT('',(-218.66850631157,-99.7937933076928,1.57335482696052));
#3625=CARTESIAN_POINT('',(-218.818064899766,-100.216373949512,2.01523933623545));
#3626=CARTESIAN_POINT('',(-218.635876383312,-100.72837880092,2.86399541735482));
#3627=CARTESIAN_POINT('',(-217.608764946206,-101.190576603621,4.43112991103961));
#3628=CARTESIAN_POINT('',(-216.445357134524,-101.520597863599,5.82530630895729));
#3629=CARTESIAN_POINT('',(-215.905960775429,-101.713155538912,6.45764507145824));
#3630=CARTESIAN_POINT('',(-214.827168057239,-102.098270889538,7.72232259646013));
#3631=CARTESIAN_POINT('',(-213.008042994824,-103.088877953384,9.73368215480081));
#3632=CARTESIAN_POINT('',(-211.751596338691,-103.694369666605,11.3722957135346));
#3633=CARTESIAN_POINT('',(-211.235482026783,-103.694369666605,12.2642272389295));
#3634=CARTESIAN_POINT('',(-210.977424870829,-103.694369666605,12.710193001627));
#3635=CARTESIAN_POINT('',(-210.517365067,-103.5429967383,13.6384369000359));
#3636=CARTESIAN_POINT('',(-210.010161485072,-103.026114111046,14.6779443357103));
#3637=CARTESIAN_POINT('',(-209.601762264839,-102.446467641456,15.3101247999244));
#3638=CARTESIAN_POINT('',(-209.286526676996,-101.983316890893,15.6885061729874));
#3639=CARTESIAN_POINT('',(-208.954736921162,-101.546404527484,15.9750923380179));
#3640=CARTESIAN_POINT('',(-208.687717046244,-101.384784990098,16.1453130925965));
#3641=CARTESIAN_POINT('',(-208.534052784603,-101.364429842655,16.235304326837));
#3642=CARTESIAN_POINT('',(-217.734637401067,-99.5695257358207,1.10101050262747));
#3643=CARTESIAN_POINT('',(-217.907575625302,-99.6272460344717,1.12650199694891));
#3644=CARTESIAN_POINT('',(-218.240960774498,-99.9059771097695,1.16656569496302));
#3645=CARTESIAN_POINT('',(-218.61853179462,-100.418925397861,1.3906638216753));
#3646=CARTESIAN_POINT('',(-218.748672531525,-100.912221196381,1.81835190408645));
#3647=CARTESIAN_POINT('',(-218.53755150805,-101.504545160026,2.66820057432334));
#3648=CARTESIAN_POINT('',(-217.449818414194,-102.048817209577,4.27002862420439));
#3649=CARTESIAN_POINT('',(-216.228224142906,-102.435211353014,5.71405121626817));
#3650=CARTESIAN_POINT('',(-215.661411593032,-102.656198784631,6.3734713318235));
#3651=CARTESIAN_POINT('',(-214.527786493283,-103.098173647865,7.69231156293419));
#3652=CARTESIAN_POINT('',(-212.612412979936,-104.204446253524,9.82926258134318));
#3653=CARTESIAN_POINT('',(-211.306357963765,-104.86874399595,11.5816837495847));
#3654=CARTESIAN_POINT('',(-210.782051361191,-104.86874399595,12.5159941305279));
#3655=CARTESIAN_POINT('',(-210.519898059905,-104.86874399595,12.9831493209996));
#3656=CARTESIAN_POINT('',(-210.059951910087,-104.702669560344,13.946509600354));
#3657=CARTESIAN_POINT('',(-209.577024432606,-104.121821586767,15.0015284827182));
#3658=CARTESIAN_POINT('',(-209.204548023236,-103.458348946433,15.6229509807979));
#3659=CARTESIAN_POINT('',(-208.931530783487,-102.908390834862,15.9764521740011));
#3660=CARTESIAN_POINT('',(-208.664260891989,-102.353122591387,16.2161183103966));
#3661=CARTESIAN_POINT('',(-208.493677163331,-102.075980061448,16.3124987744214));
#3662=CARTESIAN_POINT('',(-208.376718816276,-102.059746997459,16.3812366938244));
#3663=CARTESIAN_POINT('',(-217.745044403195,-99.6970650025903,1.07972722002861));
#3664=CARTESIAN_POINT('',(-217.841427771573,-99.7925976552315,1.08228098828871));
#3665=CARTESIAN_POINT('',(-218.15287869095,-100.124360858834,1.11000866451888));
#3666=CARTESIAN_POINT('',(-218.510402775488,-100.682244213607,1.32750302888524));
#3667=CARTESIAN_POINT('',(-218.623756343357,-101.210685637708,1.75365151740078));
#3668=CARTESIAN_POINT('',(-218.392930023102,-101.841773951151,2.60671748422228));
#3669=CARTESIAN_POINT('',(-217.282456874155,-102.428613224545,4.21966956537883));
#3670=CARTESIAN_POINT('',(-216.044507445068,-102.845688038438,5.67940506986083));
#3671=CARTESIAN_POINT('',(-215.46993134186,-103.081899441215,6.34819450917887));
#3672=CARTESIAN_POINT('',(-214.320779135444,-103.55432224677,7.68577338781501));
#3673=CARTESIAN_POINT('',(-212.377663613297,-104.720559824529,9.87230464170402));
#3674=CARTESIAN_POINT('',(-211.059393694994,-105.414374596732,11.6734979198941));
#3675=CARTESIAN_POINT('',(-210.535087092421,-105.414374596732,12.6257388228313));
#3676=CARTESIAN_POINT('',(-210.272933791134,-105.414374596732,13.1018592742999));
#3677=CARTESIAN_POINT('',(-209.81604136685,-105.240920903681,14.0799223091583));
#3678=CARTESIAN_POINT('',(-209.346861467957,-104.628184328915,15.1425607526779));
#3679=CARTESIAN_POINT('',(-208.992719039166,-103.923072258536,15.762009889548));
#3680=CARTESIAN_POINT('',(-208.739929342252,-103.327831441493,16.1077103542537));
#3681=CARTESIAN_POINT('',(-208.502173149538,-102.707238501218,16.3309688520383));
#3682=CARTESIAN_POINT('',(-208.370044325758,-102.345956229693,16.4013956887417));
#3683=CARTESIAN_POINT('',(-208.33350419474,-102.243972194331,16.4173907975809));
#3684=CARTESIAN_POINT('',(-217.745044403195,-99.6970650025903,1.07972722002861));
#3685=CARTESIAN_POINT('',(-217.841427771573,-99.7925976552315,1.08228098828868));
#3686=CARTESIAN_POINT('',(-218.15287869095,-100.124360858834,1.11000866451888));
#3687=CARTESIAN_POINT('',(-218.510402775488,-100.682244213607,1.32750302888524));
#3688=CARTESIAN_POINT('',(-218.623756343357,-101.210685637708,1.75365151740078));
#3689=CARTESIAN_POINT('',(-218.392930023102,-101.841773951151,2.60671748422228));
#3690=CARTESIAN_POINT('',(-217.282456874155,-102.428613224545,4.21966956537883));
#3691=CARTESIAN_POINT('',(-216.044507445068,-102.845688038438,5.67940506986083));
#3692=CARTESIAN_POINT('',(-215.46993134186,-103.081899441215,6.34819450917887));
#3693=CARTESIAN_POINT('',(-214.320779135444,-103.55432224677,7.68577338781501));
#3694=CARTESIAN_POINT('',(-212.377663613297,-104.720559824529,9.87230464170402));
#3695=CARTESIAN_POINT('',(-211.059393694994,-105.414374596732,11.6734979198941));
#3696=CARTESIAN_POINT('',(-210.535087092421,-105.414374596732,12.6257388228313));
#3697=CARTESIAN_POINT('',(-210.272933791134,-105.414374596732,13.1018592742999));
#3698=CARTESIAN_POINT('',(-209.81604136685,-105.240920903681,14.0799223091583));
#3699=CARTESIAN_POINT('',(-209.346861467957,-104.628184328915,15.1425607526779));
#3700=CARTESIAN_POINT('',(-208.992719039166,-103.923072258536,15.762009889548));
#3701=CARTESIAN_POINT('',(-208.739929342252,-103.327831441493,16.1077103542537));
#3702=CARTESIAN_POINT('',(-208.502173149538,-102.707238501218,16.3309688520384));
#3703=CARTESIAN_POINT('',(-208.370044325758,-102.345956229693,16.4013956887417));
#3704=CARTESIAN_POINT('',(-208.33350419474,-102.243972194331,16.4173907975809));
#3705=CARTESIAN_POINT('',(-217.668489547337,-99.7348773565805,1.05678949396729));
#3706=CARTESIAN_POINT('',(-217.775279917844,-99.9579492759913,1.03805997962848));
#3707=CARTESIAN_POINT('',(-218.064796607402,-100.342744607899,1.05345163407474));
#3708=CARTESIAN_POINT('',(-218.402273756356,-100.945563029354,1.26434223609515));
#3709=CARTESIAN_POINT('',(-218.498840155189,-101.509150079034,1.68895113071508));
#3710=CARTESIAN_POINT('',(-218.248308538154,-102.179002742276,2.54523439412119));
#3711=CARTESIAN_POINT('',(-217.115095334117,-102.808409239513,4.16931050655329));
#3712=CARTESIAN_POINT('',(-215.860790747229,-103.256164723862,5.64475892345344));
#3713=CARTESIAN_POINT('',(-215.278451090688,-103.507600097799,6.32291768653425));
#3714=CARTESIAN_POINT('',(-214.113771777604,-104.010470845675,7.67923521269585));
#3715=CARTESIAN_POINT('',(-212.142914246659,-105.236673395533,9.91534670206486));
#3716=CARTESIAN_POINT('',(-210.812429426223,-105.960005197515,11.7653120902035));
#3717=CARTESIAN_POINT('',(-210.28812282365,-105.960005197515,12.7354835151347));
#3718=CARTESIAN_POINT('',(-210.025969522363,-105.960005197515,13.2205692276003));
#3719=CARTESIAN_POINT('',(-209.572130823612,-105.779172247019,14.2133350179625));
#3720=CARTESIAN_POINT('',(-209.116698503309,-105.134547071063,15.2835930226376));
#3721=CARTESIAN_POINT('',(-208.780890055096,-104.387795570638,15.9010687982981));
#3722=CARTESIAN_POINT('',(-208.548327901017,-103.747272048124,16.2389685345063));
#3723=CARTESIAN_POINT('',(-208.340085407087,-103.061354411049,16.4458193936801));
#3724=CARTESIAN_POINT('',(-208.246411488185,-102.615932397937,16.4902926030621));
#3725=CARTESIAN_POINT('',(-208.253085978703,-102.329723165703,16.4701336081448));
#3726=CARTESIAN_POINT('',(-217.337223628305,-99.8504122093661,0.990181877967522));
#3727=CARTESIAN_POINT('',(-217.471102586847,-100.141180764184,0.966810444513946));
#3728=CARTESIAN_POINT('',(-217.737805587631,-100.675484458359,0.979017481235751));
#3729=CARTESIAN_POINT('',(-218.019732196778,-101.373706202171,1.19439007022012));
#3730=CARTESIAN_POINT('',(-218.068567770759,-102.007160597472,1.62703701612133));
#3731=CARTESIAN_POINT('',(-217.768147473626,-102.751751547669,2.49509687674853));
#3732=CARTESIAN_POINT('',(-216.604595705977,-103.469352693427,4.12897555808632));
#3733=CARTESIAN_POINT('',(-215.343056947492,-103.983457976143,5.61742943051313));
#3734=CARTESIAN_POINT('',(-214.757079268397,-104.267359478418,6.30598413559044));
#3735=CARTESIAN_POINT('',(-213.585123910205,-104.835162482969,7.68309354574511));
#3736=CARTESIAN_POINT('',(-211.599546794995,-106.185559379409,9.99193451696584));
#3737=CARTESIAN_POINT('',(-210.269810726067,-106.968153271299,11.9231807353908));
#3738=CARTESIAN_POINT('',(-209.753696414159,-106.968153271299,12.9226953927498));
#3739=CARTESIAN_POINT('',(-209.495639258205,-106.968153271299,13.4224527214292));
#3740=CARTESIAN_POINT('',(-209.053901807575,-106.772504798326,14.4389131528614));
#3741=CARTESIAN_POINT('',(-208.62918369718,-106.064290563936,15.5241379554685));
#3742=CARTESIAN_POINT('',(-208.330788360419,-105.234807514071,16.1444782524248));
#3743=CARTESIAN_POINT('',(-208.136918029587,-104.499960530678,16.4760552545031));
#3744=CARTESIAN_POINT('',(-207.982210466457,-103.671099986469,16.6641955878685));
#3745=CARTESIAN_POINT('',(-207.945591887507,-103.004673154323,16.6781436134702));
#3746=CARTESIAN_POINT('',(-207.954015368317,-102.63020209705,16.653284306069));
#3747=CARTESIAN_POINT('',(-216.395729618036,-99.9757208626681,0.997864785166449));
#3748=CARTESIAN_POINT('',(-216.536817443575,-100.315165310105,0.972866609194305));
#3749=CARTESIAN_POINT('',(-216.775144375546,-100.946969717159,0.994773324490488));
#3750=CARTESIAN_POINT('',(-216.956540146741,-101.774150855471,1.24210437335514));
#3751=CARTESIAN_POINT('',(-216.917292821738,-102.501534512705,1.70266817233919));
#3752=CARTESIAN_POINT('',(-216.536008761381,-103.349716641476,2.59304969328837));
#3753=CARTESIAN_POINT('',(-215.377432825099,-104.20320270185,4.20905642781505));
#3754=CARTESIAN_POINT('',(-214.171917687232,-104.825180398532,5.67409956704573));
#3755=CARTESIAN_POINT('',(-213.611691820101,-105.160894764555,6.35859872357502));
#3756=CARTESIAN_POINT('',(-212.491240085838,-105.832323496601,7.72759703663354));
#3757=CARTESIAN_POINT('',(-210.590590231729,-107.372985102146,10.0814143580619));
#3758=CARTESIAN_POINT('',(-209.328070998969,-108.242217975645,12.0934168099847));
#3759=CARTESIAN_POINT('',(-208.845749886055,-108.242217975645,13.1206002535376));
#3760=CARTESIAN_POINT('',(-208.604589329597,-108.242217975645,13.6341919753141));
#3761=CARTESIAN_POINT('',(-208.196737468416,-108.024909757271,14.6719665276628));
#3762=CARTESIAN_POINT('',(-207.82549722752,-107.225526342689,15.7770323957434));
#3763=CARTESIAN_POINT('',(-207.583090659901,-106.278684168649,16.4146156401879));
#3764=CARTESIAN_POINT('',(-207.43948118109,-105.411455711718,16.7550375856504));
#3765=CARTESIAN_POINT('',(-207.344969783535,-104.383701323168,16.9431632803812));
#3766=CARTESIAN_POINT('',(-207.330526050746,-103.573313826517,16.9550252047773));
#3767=CARTESIAN_POINT('',(-207.3394031036,-103.132265447985,16.9295612727185));
#3768=CARTESIAN_POINT('',(-214.986804983707,-100.012693557212,1.14114366042295));
#3769=CARTESIAN_POINT('',(-215.120683942248,-100.382915534492,1.1166213486262));
#3770=CARTESIAN_POINT('',(-215.320614356633,-101.075288885185,1.14930358862394));
#3771=CARTESIAN_POINT('',(-215.413439239304,-101.986538672942,1.42599552127009));
#3772=CARTESIAN_POINT('',(-215.295605152251,-102.787379795739,1.91284400844136));
#3773=CARTESIAN_POINT('',(-214.852830102127,-103.730491837287,2.81883470653766));
#3774=CARTESIAN_POINT('',(-213.754772711077,-104.717868093435,4.38915437484978));
#3775=CARTESIAN_POINT('',(-212.662602517838,-105.449448264554,5.80021005584134));
#3776=CARTESIAN_POINT('',(-212.154878901925,-105.837148278757,6.46638285732361));
#3777=CARTESIAN_POINT('',(-211.139431670098,-106.612548307163,7.7987284602882));
#3778=CARTESIAN_POINT('',(-209.415429052091,-108.338627793122,10.1485793541093));
#3779=CARTESIAN_POINT('',(-208.276778405987,-109.289307250674,12.2077981844985));
#3780=CARTESIAN_POINT('',(-207.846683146063,-109.289307250674,13.2495117240311));
#3781=CARTESIAN_POINT('',(-207.631635516102,-109.289307250674,13.7703684937974));
#3782=CARTESIAN_POINT('',(-207.271155287742,-109.051637386286,14.818134095499));
#3783=CARTESIAN_POINT('',(-206.958548867427,-108.168949174603,15.9386397393404));
#3784=CARTESIAN_POINT('',(-206.769633821989,-107.116582344401,16.5989245312171));
#3785=CARTESIAN_POINT('',(-206.666021216765,-106.1464539993,16.9570133406269));
#3786=CARTESIAN_POINT('',(-206.607970923845,-104.987727339727,17.1589124426391));
#3787=CARTESIAN_POINT('',(-206.604638025731,-104.084347295684,17.1766754237825));
#3788=CARTESIAN_POINT('',(-206.613061506541,-103.598642523909,17.1531703221547));
#3789=CARTESIAN_POINT('',(-212.479450094244,-99.946427818018,1.49796049148852));
#3790=CARTESIAN_POINT('',(-212.589986054885,-100.341538665006,1.47572166267081));
#3791=CARTESIAN_POINT('',(-212.733181033007,-101.083112155772,1.52017047655317));
#3792=CARTESIAN_POINT('',(-212.737226676357,-102.069349658452,1.82195794616267));
#3793=CARTESIAN_POINT('',(-212.553409501524,-102.949286303817,2.32719449879086));
#3794=CARTESIAN_POINT('',(-212.088348185036,-104.007229856089,3.22988845863036));
#3795=CARTESIAN_POINT('',(-211.151784522221,-105.163016533915,4.70855278713977));
#3796=CARTESIAN_POINT('',(-210.274431281832,-106.03421654365,6.02331247901266));
#3797=CARTESIAN_POINT('',(-209.866433377824,-106.487539952258,6.65319393849231));
#3798=CARTESIAN_POINT('',(-209.050437569808,-107.394186769474,7.91295685745169));
#3799=CARTESIAN_POINT('',(-207.66387568327,-109.349267633831,10.2124956037165));
#3800=CARTESIAN_POINT('',(-206.753329542141,-110.397701680972,12.3001166745528));
#3801=CARTESIAN_POINT('',(-206.413349479535,-110.397701680972,13.3479619180836));
#3802=CARTESIAN_POINT('',(-206.243359448231,-110.397701680972,13.871884539849));
#3803=CARTESIAN_POINT('',(-205.961025889604,-110.135593169187,14.9217471374362));
#3804=CARTESIAN_POINT('',(-205.730471693431,-109.157184372993,16.054581218291));
#3805=CARTESIAN_POINT('',(-205.606393883056,-107.986692315962,16.7424294525354));
#3806=CARTESIAN_POINT('',(-205.54455366922,-106.91260509527,17.125287081694));
#3807=CARTESIAN_POINT('',(-205.51496696999,-105.639964028783,17.3512971330229));
#3808=CARTESIAN_POINT('',(-205.517435094017,-104.657610308674,17.3815260944857));
#3809=CARTESIAN_POINT('',(-205.524389865352,-104.132562585027,17.3625596351438));
#3810=CARTESIAN_POINT('',(-208.155875378724,-99.651075546223,2.22666035038995));
#3811=CARTESIAN_POINT('',(-208.221785019852,-100.061488999468,2.20820309885548));
#3812=CARTESIAN_POINT('',(-208.298336526512,-100.838547895516,2.25491754333496));
#3813=CARTESIAN_POINT('',(-208.271440542305,-101.891607588224,2.54187221910135));
#3814=CARTESIAN_POINT('',(-208.126901396489,-102.850914009533,3.01170607031702));
#3815=CARTESIAN_POINT('',(-207.809431763376,-104.030018716033,3.83665166107295));
#3816=CARTESIAN_POINT('',(-207.238887230911,-105.363393320483,5.15501242015122));
#3817=CARTESIAN_POINT('',(-206.725590721601,-106.380354999934,6.33467127023366));
#3818=CARTESIAN_POINT('',(-206.486834022898,-106.901435178586,6.91040481118253));
#3819=CARTESIAN_POINT('',(-206.009320625491,-107.943595535889,8.06187189308031));
#3820=CARTESIAN_POINT('',(-205.197426278288,-110.128710961902,10.2520389841373));
#3821=CARTESIAN_POINT('',(-204.666430352527,-111.271666030611,12.3294390024556));
#3822=CARTESIAN_POINT('',(-204.469815376562,-111.271666030611,13.3681390116148));
#3823=CARTESIAN_POINT('',(-204.37150788858,-111.271666030611,13.8874890161944));
#3824=CARTESIAN_POINT('',(-204.209334406073,-110.985927263434,14.9261890253536));
#3825=CARTESIAN_POINT('',(-204.082982350004,-109.925778572469,16.0544696367535));
#3826=CARTESIAN_POINT('',(-204.021876221442,-108.662697492072,16.7529808458145));
#3827=CARTESIAN_POINT('',(-203.99457354268,-107.509611370854,17.1492934525734));
#3828=CARTESIAN_POINT('',(-203.984336941091,-106.152455691609,17.3925210992881));
#3829=CARTESIAN_POINT('',(-203.987916031155,-105.112776035355,17.4356067837302));
#3830=CARTESIAN_POINT('',(-203.992062975554,-104.559493198521,17.4231307459414));
#3831=CARTESIAN_POINT('',(-202.016080837147,-99.3888561440249,2.77695179375861));
#3832=CARTESIAN_POINT('',(-202.016080837147,-99.8021277686744,2.76113437801784));
#3833=CARTESIAN_POINT('',(-202.016080837147,-100.590071999966,2.80423116615215));
#3834=CARTESIAN_POINT('',(-202.016080837147,-101.672460025241,3.06380527959375));
#3835=CARTESIAN_POINT('',(-202.016080837147,-102.671588461211,3.48904239666841));
#3836=CARTESIAN_POINT('',(-202.016080837147,-103.914438566576,4.23788798746931));
#3837=CARTESIAN_POINT('',(-202.016080837147,-105.34119588681,5.44177284701767));
#3838=CARTESIAN_POINT('',(-202.016080837147,-106.434109316671,6.53447884986899));
#3839=CARTESIAN_POINT('',(-202.016080837147,-106.990134568164,7.07421014328839));
#3840=CARTESIAN_POINT('',(-202.016080837147,-108.102185071149,8.15367273012716));
#3841=CARTESIAN_POINT('',(-202.016080837147,-110.402834369618,10.2596242397544));
#3842=CARTESIAN_POINT('',(-202.016080837147,-111.591433165102,12.3126020853313));
#3843=CARTESIAN_POINT('',(-202.016080837147,-111.591433165102,13.3390910081198));
#3844=CARTESIAN_POINT('',(-202.016080837147,-111.591433165102,13.852335469514));
#3845=CARTESIAN_POINT('',(-202.016080837147,-111.294283466231,14.8788243923025));
#3846=CARTESIAN_POINT('',(-202.016080837147,-110.20025517275,15.9963873157407));
#3847=CARTESIAN_POINT('',(-202.016080837147,-108.903647682402,16.6917797784345));
#3848=CARTESIAN_POINT('',(-202.016080837147,-107.723542098453,17.0891629529193));
#3849=CARTESIAN_POINT('',(-202.016080837147,-106.338829009907,17.3375527203615));
#3850=CARTESIAN_POINT('',(-202.016080837147,-105.281310255541,17.3872621376232));
#3851=CARTESIAN_POINT('',(-202.016080837147,-104.719463781456,17.3790072002445));
#3852=CARTESIAN_POINT('',(-195.87628629557,-99.651075546223,2.22666035038993));
#3853=CARTESIAN_POINT('',(-195.810376654442,-100.061488999468,2.20820309885546));
#3854=CARTESIAN_POINT('',(-195.733825147782,-100.838547895516,2.25491754333494));
#3855=CARTESIAN_POINT('',(-195.760721131989,-101.891607588224,2.54187221910133));
#3856=CARTESIAN_POINT('',(-195.905260277805,-102.850914009533,3.011706070317));
#3857=CARTESIAN_POINT('',(-196.222729910917,-104.030018716033,3.83665166107293));
#3858=CARTESIAN_POINT('',(-196.793274443383,-105.363393320483,5.15501242015119));
#3859=CARTESIAN_POINT('',(-197.306570952692,-106.380354999934,6.33467127023362));
#3860=CARTESIAN_POINT('',(-197.545327651396,-106.901435178586,6.91040481118251));
#3861=CARTESIAN_POINT('',(-198.022841048803,-107.943595535889,8.06187189308029));
#3862=CARTESIAN_POINT('',(-198.834735396005,-110.128710961902,10.2520389841373));
#3863=CARTESIAN_POINT('',(-199.365731321766,-111.271666030611,12.3294390024556));
#3864=CARTESIAN_POINT('',(-199.562346297731,-111.271666030611,13.3681390116148));
#3865=CARTESIAN_POINT('',(-199.660653785714,-111.271666030611,13.8874890161944));
#3866=CARTESIAN_POINT('',(-199.822827268221,-110.985927263434,14.9261890253536));
#3867=CARTESIAN_POINT('',(-199.949179324289,-109.925778572469,16.0544696367535));
#3868=CARTESIAN_POINT('',(-200.010285452851,-108.662697492072,16.7529808458145));
#3869=CARTESIAN_POINT('',(-200.037588131613,-107.509611370854,17.1492934525734));
#3870=CARTESIAN_POINT('',(-200.047824733203,-106.152455691609,17.3925210992881));
#3871=CARTESIAN_POINT('',(-200.044245643138,-105.112776035355,17.4356067837302));
#3872=CARTESIAN_POINT('',(-200.04009869874,-104.559493198521,17.4231307459414));
#3873=CARTESIAN_POINT('',(-191.55271158005,-99.946427818018,1.49796049148848));
#3874=CARTESIAN_POINT('',(-191.442175619409,-100.341538665006,1.47572166267077));
#3875=CARTESIAN_POINT('',(-191.298980641287,-101.083112155772,1.5201704765531));
#3876=CARTESIAN_POINT('',(-191.294934997937,-102.069349658452,1.82195794616266));
#3877=CARTESIAN_POINT('',(-191.47875217277,-102.949286303817,2.32719449879082));
#3878=CARTESIAN_POINT('',(-191.943813489258,-104.007229856089,3.22988845863026));
#3879=CARTESIAN_POINT('',(-192.880377152073,-105.163016533915,4.70855278713973));
#3880=CARTESIAN_POINT('',(-193.757730392462,-106.03421654365,6.0233124790126));
#3881=CARTESIAN_POINT('',(-194.16572829647,-106.487539952258,6.65319393849231));
#3882=CARTESIAN_POINT('',(-194.981724104486,-107.394186769474,7.91295685745168));
#3883=CARTESIAN_POINT('',(-196.368285991024,-109.349267633831,10.2124956037165));
#3884=CARTESIAN_POINT('',(-197.278832132153,-110.397701680972,12.3001166745528));
#3885=CARTESIAN_POINT('',(-197.618812194759,-110.397701680972,13.3479619180836));
#3886=CARTESIAN_POINT('',(-197.788802226062,-110.397701680972,13.871884539849));
#3887=CARTESIAN_POINT('',(-198.071135784689,-110.135593169187,14.9217471374362));
#3888=CARTESIAN_POINT('',(-198.301689980863,-109.157184372993,16.0545812182909));
#3889=CARTESIAN_POINT('',(-198.425767791237,-107.986692315962,16.7424294525353));
#3890=CARTESIAN_POINT('',(-198.487608005074,-106.91260509527,17.1252870816939));
#3891=CARTESIAN_POINT('',(-198.517194704304,-105.639964028783,17.3512971330228));
#3892=CARTESIAN_POINT('',(-198.514726580277,-104.657610308674,17.3815260944857));
#3893=CARTESIAN_POINT('',(-198.507771808941,-104.132562585027,17.3625596351438));
#3894=CARTESIAN_POINT('',(-189.045356690587,-100.012693557212,1.14114366042286));
#3895=CARTESIAN_POINT('',(-188.911477732046,-100.382915534492,1.11662134862614));
#3896=CARTESIAN_POINT('',(-188.711547317661,-101.075288885185,1.14930358862391));
#3897=CARTESIAN_POINT('',(-188.61872243499,-101.986538672942,1.42599552127));
#3898=CARTESIAN_POINT('',(-188.736556522042,-102.787379795739,1.91284400844127));
#3899=CARTESIAN_POINT('',(-189.179331572167,-103.730491837287,2.81883470653764));
#3900=CARTESIAN_POINT('',(-190.277388963217,-104.717868093435,4.38915437484973));
#3901=CARTESIAN_POINT('',(-191.369559156455,-105.449448264554,5.80021005584127));
#3902=CARTESIAN_POINT('',(-191.877282772369,-105.837148278757,6.46638285732357));
#3903=CARTESIAN_POINT('',(-192.892730004196,-106.612548307163,7.79872846028816));
#3904=CARTESIAN_POINT('',(-194.616732622203,-108.338627793122,10.1485793541093));
#3905=CARTESIAN_POINT('',(-195.755383268307,-109.289307250674,12.2077981844985));
#3906=CARTESIAN_POINT('',(-196.18547852823,-109.289307250674,13.2495117240311));
#3907=CARTESIAN_POINT('',(-196.400526158192,-109.289307250674,13.7703684937974));
#3908=CARTESIAN_POINT('',(-196.761006386551,-109.051637386286,14.818134095499));
#3909=CARTESIAN_POINT('',(-197.073612806867,-108.168949174603,15.9386397393404));
#3910=CARTESIAN_POINT('',(-197.262527852305,-107.116582344401,16.5989245312171));
#3911=CARTESIAN_POINT('',(-197.366140457529,-106.1464539993,16.9570133406269));
#3912=CARTESIAN_POINT('',(-197.424190750449,-104.987727339727,17.1589124426391));
#3913=CARTESIAN_POINT('',(-197.427523648562,-104.084347295684,17.1766754237825));
#3914=CARTESIAN_POINT('',(-197.419100167752,-103.598642523909,17.1531703221547));
#3915=CARTESIAN_POINT('',(-187.636432056258,-99.9757208626681,0.997864785166421));
#3916=CARTESIAN_POINT('',(-187.495344230719,-100.315165310105,0.972866609194249));
#3917=CARTESIAN_POINT('',(-187.257017298748,-100.946969717159,0.994773324490431));
#3918=CARTESIAN_POINT('',(-187.075621527553,-101.774150855471,1.24210437335508));
#3919=CARTESIAN_POINT('',(-187.114868852555,-102.501534512706,1.70266817233916));
#3920=CARTESIAN_POINT('',(-187.496152912913,-103.349716641476,2.59304969328831));
#3921=CARTESIAN_POINT('',(-188.654728849195,-104.20320270185,4.20905642781502));
#3922=CARTESIAN_POINT('',(-189.860243987062,-104.825180398532,5.67409956704568));
#3923=CARTESIAN_POINT('',(-190.420469854193,-105.160894764555,6.35859872357495));
#3924=CARTESIAN_POINT('',(-191.540921588456,-105.832323496601,7.72759703663348));
#3925=CARTESIAN_POINT('',(-193.441571442565,-107.372985102146,10.0814143580619));
#3926=CARTESIAN_POINT('',(-194.704090675325,-108.242217975645,12.0934168099847));
#3927=CARTESIAN_POINT('',(-195.186411788239,-108.242217975645,13.1206002535376));
#3928=CARTESIAN_POINT('',(-195.427572344696,-108.242217975645,13.6341919753141));
#3929=CARTESIAN_POINT('',(-195.835424205877,-108.024909757271,14.6719665276628));
#3930=CARTESIAN_POINT('',(-196.206664446773,-107.225526342688,15.7770323957433));
#3931=CARTESIAN_POINT('',(-196.449071014393,-106.278684168649,16.4146156401878));
#3932=CARTESIAN_POINT('',(-196.592680493204,-105.411455711718,16.7550375856504));
#3933=CARTESIAN_POINT('',(-196.687191890759,-104.383701323168,16.9431632803812));
#3934=CARTESIAN_POINT('',(-196.701635623547,-103.573313826517,16.9550252047773));
#3935=CARTESIAN_POINT('',(-196.692758570694,-103.132265447985,16.9295612727184));
#3936=CARTESIAN_POINT('',(-186.694938045988,-99.8504122093661,0.990181877967437));
#3937=CARTESIAN_POINT('',(-186.561059087447,-100.141180764184,0.966810444513889));
#3938=CARTESIAN_POINT('',(-186.294356086663,-100.675484458359,0.979017481235651));
#3939=CARTESIAN_POINT('',(-186.012429477516,-101.373706202172,1.19439007022004));
#3940=CARTESIAN_POINT('',(-185.963593903535,-102.007160597472,1.62703701612125));
#3941=CARTESIAN_POINT('',(-186.264014200667,-102.751751547669,2.49509687674842));
#3942=CARTESIAN_POINT('',(-187.427565968317,-103.469352693427,4.12897555808623));
#3943=CARTESIAN_POINT('',(-188.689104726801,-103.983457976143,5.61742943051307));
#3944=CARTESIAN_POINT('',(-189.275082405897,-104.267359478418,6.3059841355904));
#3945=CARTESIAN_POINT('',(-190.447037764089,-104.835162482969,7.68309354574506));
#3946=CARTESIAN_POINT('',(-192.432614879299,-106.185559379409,9.9919345169658));
#3947=CARTESIAN_POINT('',(-193.762350948227,-106.968153271299,11.9231807353908));
#3948=CARTESIAN_POINT('',(-194.278465260135,-106.968153271299,12.9226953927497));
#3949=CARTESIAN_POINT('',(-194.536522416089,-106.968153271299,13.4224527214292));
#3950=CARTESIAN_POINT('',(-194.978259866719,-106.772504798326,14.4389131528614));
#3951=CARTESIAN_POINT('',(-195.402977977114,-106.064290563936,15.5241379554685));
#3952=CARTESIAN_POINT('',(-195.701373313875,-105.234807514071,16.1444782524248));
#3953=CARTESIAN_POINT('',(-195.895243644706,-104.499960530678,16.4760552545031));
#3954=CARTESIAN_POINT('',(-196.049951207837,-103.671099986469,16.6641955878685));
#3955=CARTESIAN_POINT('',(-196.086569786787,-103.004673154323,16.6781436134702));
#3956=CARTESIAN_POINT('',(-196.078146305977,-102.63020209705,16.653284306069));
#3957=CARTESIAN_POINT('',(-186.363672126956,-99.7348773565805,1.05678949396722));
#3958=CARTESIAN_POINT('',(-186.25688175645,-99.9579492759913,1.03805997962846));
#3959=CARTESIAN_POINT('',(-185.967365066891,-100.342744607899,1.05345163407467));
#3960=CARTESIAN_POINT('',(-185.629887917938,-100.945563029354,1.26434223609511));
#3961=CARTESIAN_POINT('',(-185.533321519105,-101.509150079034,1.688951130715));
#3962=CARTESIAN_POINT('',(-185.783853136139,-102.179002742276,2.54523439412114));
#3963=CARTESIAN_POINT('',(-186.917066340177,-102.808409239513,4.16931050655326));
#3964=CARTESIAN_POINT('',(-188.171370927065,-103.256164723862,5.64475892345338));
#3965=CARTESIAN_POINT('',(-188.753710583606,-103.507600097799,6.32291768653419));
#3966=CARTESIAN_POINT('',(-189.918389896689,-104.010470845675,7.67923521269579));
#3967=CARTESIAN_POINT('',(-191.889247427635,-105.236673395533,9.91534670206481));
#3968=CARTESIAN_POINT('',(-193.21973224807,-105.960005197515,11.7653120902034));
#3969=CARTESIAN_POINT('',(-193.744038850644,-105.960005197515,12.7354835151347));
#3970=CARTESIAN_POINT('',(-194.00619215193,-105.960005197515,13.2205692276003));
#3971=CARTESIAN_POINT('',(-194.460030850682,-105.779172247019,14.2133350179625));
#3972=CARTESIAN_POINT('',(-194.915463170985,-105.134547071063,15.2835930226376));
#3973=CARTESIAN_POINT('',(-195.251271619198,-104.387795570638,15.901068798298));
#3974=CARTESIAN_POINT('',(-195.483833773277,-103.747272048124,16.2389685345063));
#3975=CARTESIAN_POINT('',(-195.692076267207,-103.061354411049,16.4458193936801));
#3976=CARTESIAN_POINT('',(-195.785750186109,-102.615932397937,16.4902926030621));
#3977=CARTESIAN_POINT('',(-195.77907569559,-102.329723165703,16.4701336081448));
#3978=CARTESIAN_POINT('',(-186.287117271098,-99.6970650025903,1.07972722002853));
#3979=CARTESIAN_POINT('',(-186.190733902721,-99.7925976552315,1.08228098828863));
#3980=CARTESIAN_POINT('',(-185.879282983344,-100.124360858834,1.11000866451883));
#3981=CARTESIAN_POINT('',(-185.521758898806,-100.682244213607,1.32750302888516));
#3982=CARTESIAN_POINT('',(-185.408405330937,-101.210685637708,1.7536515174007));
#3983=CARTESIAN_POINT('',(-185.639231651192,-101.841773951151,2.60671748422221));
#3984=CARTESIAN_POINT('',(-186.749704800138,-102.428613224545,4.21966956537877));
#3985=CARTESIAN_POINT('',(-187.987654229226,-102.845688038438,5.67940506986075));
#3986=CARTESIAN_POINT('',(-188.562230332434,-103.081899441215,6.34819450917881));
#3987=CARTESIAN_POINT('',(-189.71138253885,-103.55432224677,7.68577338781497));
#3988=CARTESIAN_POINT('',(-191.654498060996,-104.720559824529,9.87230464170398));
#3989=CARTESIAN_POINT('',(-192.9727679793,-105.414374596732,11.6734979198941));
#3990=CARTESIAN_POINT('',(-193.497074581873,-105.414374596732,12.6257388228313));
#3991=CARTESIAN_POINT('',(-193.75922788316,-105.414374596732,13.1018592742999));
#3992=CARTESIAN_POINT('',(-194.216120307444,-105.240920903681,14.0799223091582));
#3993=CARTESIAN_POINT('',(-194.685300206336,-104.628184328915,15.1425607526779));
#3994=CARTESIAN_POINT('',(-195.039442635128,-103.923072258536,15.762009889548));
#3995=CARTESIAN_POINT('',(-195.292232332042,-103.327831441493,16.1077103542537));
#3996=CARTESIAN_POINT('',(-195.529988524756,-102.707238501218,16.3309688520383));
#3997=CARTESIAN_POINT('',(-195.662117348536,-102.345956229693,16.4013956887417));
#3998=CARTESIAN_POINT('',(-195.698657479554,-102.243972194331,16.4173907975809));
#3999=CARTESIAN_POINT('',(-195.698657479554,-71.7560278056683,16.4173907975809));
#4000=CARTESIAN_POINT('',(-195.662117348536,-71.654043770307,16.4013956887417));
#4001=CARTESIAN_POINT('',(-195.529988524756,-71.2927614987816,16.3309688520384));
#4002=CARTESIAN_POINT('',(-195.292232332042,-70.6721685585064,16.1077103542537));
#4003=CARTESIAN_POINT('',(-195.039442635128,-70.0769277414638,15.762009889548));
#4004=CARTESIAN_POINT('',(-194.685300206336,-69.3718156710843,15.1425607526779));
#4005=CARTESIAN_POINT('',(-194.216120307444,-68.7590790963181,14.0799223091583));
#4006=CARTESIAN_POINT('',(-193.75922788316,-68.5856254032672,13.1018592742999));
#4007=CARTESIAN_POINT('',(-193.497074581873,-68.5856254032672,12.6257388228313));
#4008=CARTESIAN_POINT('',(-192.9727679793,-68.5856254032672,11.6734979198941));
#4009=CARTESIAN_POINT('',(-191.654498060996,-69.2794401754709,9.87230464170401));
#4010=CARTESIAN_POINT('',(-189.71138253885,-70.4456777532296,7.685773387815));
#4011=CARTESIAN_POINT('',(-188.562230332434,-70.9181005587845,6.34819450917884));
#4012=CARTESIAN_POINT('',(-187.987654229226,-71.1543119615619,5.67940506986078));
#4013=CARTESIAN_POINT('',(-186.749704800138,-71.5713867754546,4.2196695653788));
#4014=CARTESIAN_POINT('',(-185.639231651192,-72.158226048849,2.60671748422223));
#4015=CARTESIAN_POINT('',(-185.408405330937,-72.7893143622916,1.75365151740073));
#4016=CARTESIAN_POINT('',(-185.521758898806,-73.3177557863924,1.32750302888519));
#4017=CARTESIAN_POINT('',(-185.879282983344,-73.8756391411653,1.11000866451883));
#4018=CARTESIAN_POINT('',(-186.190733902721,-74.2074023447681,1.08228098828869));
#4019=CARTESIAN_POINT('',(-186.287117271098,-74.3029349974092,1.07972722002856));
#4020=CARTESIAN_POINT('',(-195.655442858017,-71.9402530025409,16.3812366938244));
#4021=CARTESIAN_POINT('',(-195.538484510963,-71.9240199385517,16.3124987744214));
#4022=CARTESIAN_POINT('',(-195.367900782305,-71.6468774086125,16.2161183103966));
#4023=CARTESIAN_POINT('',(-195.100630890807,-71.0916091651375,15.9764521740011));
#4024=CARTESIAN_POINT('',(-194.827613651058,-70.5416510535665,15.6229509807979));
#4025=CARTESIAN_POINT('',(-194.455137241687,-69.8781784132325,15.0015284827182));
#4026=CARTESIAN_POINT('',(-193.972209764206,-69.297330439656,13.946509600354));
#4027=CARTESIAN_POINT('',(-193.512263614389,-69.1312560040496,12.9831493209996));
#4028=CARTESIAN_POINT('',(-193.250110313102,-69.1312560040496,12.5159941305279));
#4029=CARTESIAN_POINT('',(-192.725803710529,-69.1312560040496,11.5816837495847));
#4030=CARTESIAN_POINT('',(-191.419748694358,-69.795553746475,9.82926258134319));
#4031=CARTESIAN_POINT('',(-189.504375181011,-70.9018263521348,7.69231156293417));
#4032=CARTESIAN_POINT('',(-188.370750081262,-71.3438012153688,6.37347133182348));
#4033=CARTESIAN_POINT('',(-187.803937531387,-71.564788646986,5.71405121626814));
#4034=CARTESIAN_POINT('',(-186.5823432601,-71.9511827904223,4.27002862420436));
#4035=CARTESIAN_POINT('',(-185.494610166244,-72.4954548399735,2.6682005743233));
#4036=CARTESIAN_POINT('',(-185.283489142769,-73.0877788036184,1.8183519040864));
#4037=CARTESIAN_POINT('',(-185.413629879674,-73.5810746021389,1.39066382167525));
#4038=CARTESIAN_POINT('',(-185.791200899796,-74.0940228902298,1.16656569496297));
#4039=CARTESIAN_POINT('',(-186.124586048991,-74.3727539655279,1.12650199694889));
#4040=CARTESIAN_POINT('',(-186.297524273227,-74.4304742641787,1.10101050262742));
#4041=CARTESIAN_POINT('',(-195.498108889691,-72.6355701573443,16.235304326837));
#4042=CARTESIAN_POINT('',(-195.34444462805,-72.6152150099015,16.1453130925965));
#4043=CARTESIAN_POINT('',(-195.077424753132,-72.453595472515,15.9750923380179));
#4044=CARTESIAN_POINT('',(-194.745634997297,-72.0166831091069,15.6885061729875));
#4045=CARTESIAN_POINT('',(-194.430399409455,-71.5535323585439,15.3101247999244));
#4046=CARTESIAN_POINT('',(-194.022000189222,-70.973885888953,14.6779443357103));
#4047=CARTESIAN_POINT('',(-193.514796607294,-70.4570032616998,13.6384369000359));
#4048=CARTESIAN_POINT('',(-193.054736803465,-70.3056303333947,12.710193001627));
#4049=CARTESIAN_POINT('',(-192.796679647511,-70.3056303333947,12.2642272389295));
#4050=CARTESIAN_POINT('',(-192.280565335602,-70.3056303333949,11.3722957135346));
#4051=CARTESIAN_POINT('',(-191.024118679469,-70.911122046615,9.73368215480081));
#4052=CARTESIAN_POINT('',(-189.204993617054,-71.9017291104615,7.72232259646011));
#4053=CARTESIAN_POINT('',(-188.126200898864,-72.2868444610876,6.45764507145821));
#4054=CARTESIAN_POINT('',(-187.586804539769,-72.4794021364005,5.82530630895726));
#4055=CARTESIAN_POINT('',(-186.423396728088,-72.8094233963782,4.43112991103957));
#4056=CARTESIAN_POINT('',(-185.396285290982,-73.2716211990792,2.86399541735478));
#4057=CARTESIAN_POINT('',(-185.214096774528,-73.7836260504873,2.0152393362354));
#4058=CARTESIAN_POINT('',(-185.363655362724,-74.2062066923068,1.57335482696047));
#4059=CARTESIAN_POINT('',(-185.765863585377,-74.6348180360278,1.31835966390051));
#4060=CARTESIAN_POINT('',(-186.164002307426,-74.8510784066723,1.23132390359249));
#4061=CARTESIAN_POINT('',(-186.385963349514,-74.923463212426,1.19813830660187));
#4062=CARTESIAN_POINT('',(-195.223590556258,-74.0805533046644,15.8855534455663));
#4063=CARTESIAN_POINT('',(-195.040930963883,-74.0591021108207,15.7793389507633));
#4064=CARTESIAN_POINT('',(-194.709620391857,-73.9453569527418,15.5613385133396));
#4065=CARTESIAN_POINT('',(-194.287388490279,-73.6444423767696,15.1957137898982));
#4066=CARTESIAN_POINT('',(-193.912598663451,-73.2954624342658,14.7695552752982));
#4067=CARTESIAN_POINT('',(-193.454601782811,-72.8378471904314,14.1102797050844));
#4068=CARTESIAN_POINT('',(-192.919961326869,-72.4148341001078,13.0960289049127));
#4069=CARTESIAN_POINT('',(-192.473503372164,-72.2853637878368,12.2319306519534));
#4070=CARTESIAN_POINT('',(-192.230806761207,-72.2853637878366,11.824241075704));
#4071=CARTESIAN_POINT('',(-191.745413539293,-72.2853637878366,11.0088619232052));
#4072=CARTESIAN_POINT('',(-190.618886026632,-72.8032450369208,9.57298002004955));
#4073=CARTESIAN_POINT('',(-189.033252802289,-73.6315478443069,7.8048292302287));
#4074=CARTESIAN_POINT('',(-188.088753868695,-73.9419694026087,6.65718119106467));
#4075=CARTESIAN_POINT('',(-187.616504401898,-74.09718018176,6.08335717148266));
#4076=CARTESIAN_POINT('',(-186.596164307592,-74.3557368173663,4.80392281019181));
#4077=CARTESIAN_POINT('',(-185.696875138781,-74.7065894214443,3.31975471535157));
#4078=CARTESIAN_POINT('',(-185.542568683685,-75.0982570602334,2.46824955079743));
#4079=CARTESIAN_POINT('',(-185.695458696919,-75.4199661283769,1.99284151755777));
#4080=CARTESIAN_POINT('',(-186.103025979289,-75.7420990968603,1.67596050901082));
#4081=CARTESIAN_POINT('',(-186.531210717853,-75.9258298522184,1.55815287307472));
#4082=CARTESIAN_POINT('',(-186.781093484104,-76.0021123013589,1.51955106920541));
#4083=CARTESIAN_POINT('',(-194.95433905421,-75.8086903452499,15.4435967016031));
#4084=CARTESIAN_POINT('',(-194.751192734975,-75.7883351978071,15.3263619080439));
#4085=CARTESIAN_POINT('',(-194.376537028364,-75.7050284689894,15.0771296237261));
#4086=CARTESIAN_POINT('',(-193.893015682871,-75.4939201557256,14.6574635651966));
#4087=CARTESIAN_POINT('',(-193.471507970642,-75.2383047041828,14.19045033416));
#4088=CARTESIAN_POINT('',(-192.970251090478,-74.8936626934335,13.5025970754958));
#4089=CARTESIAN_POINT('',(-192.416471167645,-74.5597977430944,12.5167648686259));
#4090=CARTESIAN_POINT('',(-191.993178331183,-74.4521017797847,11.7226217993659));
#4091=CARTESIAN_POINT('',(-191.771986483222,-74.4521017797847,11.3564157817978));
#4092=CARTESIAN_POINT('',(-191.329602787301,-74.4521017797847,10.6240037466617));
#4093=CARTESIAN_POINT('',(-190.368471957621,-74.8828856330229,9.4061038128849));
#4094=CARTESIAN_POINT('',(-189.072275594701,-75.558479089314,7.91151198109386));
#4095=CARTESIAN_POINT('',(-188.294826365541,-75.8032886923672,6.90240804794347));
#4096=CARTESIAN_POINT('',(-187.90610175096,-75.925693493894,6.39785608136828));
#4097=CARTESIAN_POINT('',(-187.063976997949,-76.124009534401,5.25784813959045));
#4098=CARTESIAN_POINT('',(-186.320865024068,-76.3778686806534,3.88116209175894));
#4099=CARTESIAN_POINT('',(-186.194841491597,-76.6578532562166,3.03415792170381));
#4100=CARTESIAN_POINT('',(-186.341941686414,-76.8903647900581,2.53412031437881));
#4101=CARTESIAN_POINT('',(-186.738044546257,-77.1294738989566,2.1773414133814));
#4102=CARTESIAN_POINT('',(-187.173038110071,-77.2826613368532,2.04035674100912));
#4103=CARTESIAN_POINT('',(-187.434496943101,-77.3550461426066,1.99842191791464));
#4104=CARTESIAN_POINT('',(-194.627660479922,-78.4244916427854,14.7843935381764));
#4105=CARTESIAN_POINT('',(-194.405229838683,-78.4076855979736,14.6572847682478));
#4106=CARTESIAN_POINT('',(-193.991560162562,-78.3516531053156,14.3820128814001));
#4107=CARTESIAN_POINT('',(-193.45279149465,-78.2213291799467,13.9169290622629));
#4108=CARTESIAN_POINT('',(-192.98391970021,-78.0657160909191,13.4106563063655));
#4109=CARTESIAN_POINT('',(-192.43616784186,-77.8524944509682,12.6953567856292));
#4110=CARTESIAN_POINT('',(-191.867025338622,-77.6276746054973,11.7531953033355));
#4111=CARTESIAN_POINT('',(-191.481758270614,-77.5488685885002,11.052523148965));
#4112=CARTESIAN_POINT('',(-191.293335585314,-77.5488685885002,10.7415254758783));
#4113=CARTESIAN_POINT('',(-190.916490214715,-77.5488685885005,10.119530129705));
#4114=CARTESIAN_POINT('',(-190.19648626315,-77.8640926564881,9.19024667014667));
#4115=CARTESIAN_POINT('',(-189.316566895495,-78.3467346506145,8.06823851653197));
#4116=CARTESIAN_POINT('',(-188.779806108804,-78.5141525767531,7.25351847630226));
#4117=CARTESIAN_POINT('',(-188.511425715459,-78.5978615398224,6.84615845618739));
#4118=CARTESIAN_POINT('',(-187.926264377337,-78.7283279304988,5.90458043424654));
#4119=CARTESIAN_POINT('',(-187.417815423492,-78.8754455462408,4.69534409146471));
#4120=CARTESIAN_POINT('',(-187.351260350132,-79.0294084949039,3.87952541137914));
#4121=CARTESIAN_POINT('',(-187.501946672678,-79.1630587452073,3.37008063621238));
#4122=CARTESIAN_POINT('',(-187.883736205499,-79.3149306450882,2.98968913377051));
#4123=CARTESIAN_POINT('',(-188.31266508937,-79.4283554185747,2.83988633917749));
#4124=CARTESIAN_POINT('',(-188.57581359392,-79.4881192838379,2.7953718332776));
#4125=CARTESIAN_POINT('',(-194.327358040259,-82.1549281943685,13.928676097591));
#4126=CARTESIAN_POINT('',(-194.08966791362,-82.1449071987045,13.79429153508));
#4127=CARTESIAN_POINT('',(-193.645290156552,-82.1166436156523,13.5036112801761));
#4128=CARTESIAN_POINT('',(-193.063850341551,-82.0566891280378,13.0191522751334));
#4129=CARTESIAN_POINT('',(-192.559656679114,-81.9862811895246,12.5035494143634));
#4130=CARTESIAN_POINT('',(-191.979885775238,-81.8879402198236,11.7976134816458));
#4131=CARTESIAN_POINT('',(-191.40888418663,-81.7744086911325,10.9238077612264));
#4132=CARTESIAN_POINT('',(-191.074012196876,-81.731501328572,10.3261904171831));
#4133=CARTESIAN_POINT('',(-190.926550964902,-81.731501328572,10.0757982425135));
#4134=CARTESIAN_POINT('',(-190.631628500955,-81.731501328572,9.57501389317422));
#4135=CARTESIAN_POINT('',(-190.201581676285,-81.9031307788139,8.96077717331217));
#4136=CARTESIAN_POINT('',(-189.81600041946,-82.1605749541764,8.25801714665538));
#4137=CARTESIAN_POINT('',(-189.565543523357,-82.2463896792974,7.66870949052142));
#4138=CARTESIAN_POINT('',(-189.440315075306,-82.2892970418575,7.37405566245442));
#4139=CARTESIAN_POINT('',(-189.161025045358,-82.3536580856985,6.66578418491768));
#4140=CARTESIAN_POINT('',(-188.974117900463,-82.4161559860231,5.69509701192969));
#4141=CARTESIAN_POINT('',(-189.062488356364,-82.4767907428318,4.99457561436305));
#4142=CARTESIAN_POINT('',(-189.282857518272,-82.5329371485213,4.53900799571591));
#4143=CARTESIAN_POINT('',(-189.692461234233,-82.6051060121026,4.18507306571261));
#4144=CARTESIAN_POINT('',(-190.115115570292,-82.6674683062904,4.03807774421696));
#4145=CARTESIAN_POINT('',(-190.369696242022,-82.7031039029691,3.9921219512818));
#4146=CARTESIAN_POINT('',(-194.19039488774,-86.9999999999998,13.4025602387188));
#4147=CARTESIAN_POINT('',(-193.947087436702,-86.9999999999995,13.2658368718103));
#4148=CARTESIAN_POINT('',(-193.491508583444,-87.,12.972768050115));
#4149=CARTESIAN_POINT('',(-192.895021282563,-86.9999999999998,12.4916427394709));
#4150=CARTESIAN_POINT('',(-192.379187793234,-86.9999999999998,11.9863395362586));
#4151=CARTESIAN_POINT('',(-191.790645332925,-87.,11.3034903225957));
#4152=CARTESIAN_POINT('',(-191.225465949149,-86.9999999999998,10.4762050017626));
#4153=CARTESIAN_POINT('',(-190.921976153422,-87.,9.93490701060153));
#4154=CARTESIAN_POINT('',(-190.799091793444,-86.9999999999998,9.71751616210828));
#4155=CARTESIAN_POINT('',(-190.553323073488,-86.9999999999998,9.28273446512176));
#4156=CARTESIAN_POINT('',(-190.292669936656,-86.9999999999998,8.83923624784679));
#4157=CARTESIAN_POINT('',(-190.193288293029,-86.9999999999998,8.36943250905974));
#4158=CARTESIAN_POINT('',(-190.108791066279,-86.9999999999998,7.90834529056117));
#4159=CARTESIAN_POINT('',(-190.066542452904,-87.,7.6778016813119));
#4160=CARTESIAN_POINT('',(-189.964642023684,-86.9999999999998,7.10362178826077));
#4161=CARTESIAN_POINT('',(-189.981945177722,-87.,6.2877589325418));
#4162=CARTESIAN_POINT('',(-190.195506933329,-86.9999999999995,5.68694207250922));
#4163=CARTESIAN_POINT('',(-190.483765870733,-86.9999999999998,5.28995519430256));
#4164=CARTESIAN_POINT('',(-190.928340433346,-86.9999999999998,4.97428313746013));
#4165=CARTESIAN_POINT('',(-191.347752561566,-86.9999999999998,4.83650435017226));
#4166=CARTESIAN_POINT('',(-191.592920564714,-86.9999999999998,4.79039711160446));
#4167=CARTESIAN_POINT('',(-194.327358040259,-91.8450718056311,13.928676097591));
#4168=CARTESIAN_POINT('',(-194.08966791362,-91.8550928012951,13.79429153508));
#4169=CARTESIAN_POINT('',(-193.645290156552,-91.8833563843475,13.5036112801761));
#4170=CARTESIAN_POINT('',(-193.063850341551,-91.9433108719616,13.0191522751334));
#4171=CARTESIAN_POINT('',(-192.559656679114,-92.013718810475,12.5035494143634));
#4172=CARTESIAN_POINT('',(-191.979885775238,-92.112059780176,11.7976134816458));
#4173=CARTESIAN_POINT('',(-191.40888418663,-92.225591308867,10.9238077612264));
#4174=CARTESIAN_POINT('',(-191.074012196876,-92.2684986714276,10.326190417183));
#4175=CARTESIAN_POINT('',(-190.926550964902,-92.2684986714276,10.0757982425135));
#4176=CARTESIAN_POINT('',(-190.631628500955,-92.2684986714276,9.57501389317422));
#4177=CARTESIAN_POINT('',(-190.201581676285,-92.0968692211857,8.96077717331217));
#4178=CARTESIAN_POINT('',(-189.81600041946,-91.8394250458232,8.25801714665538));
#4179=CARTESIAN_POINT('',(-189.565543523357,-91.7536103207021,7.66870949052142));
#4180=CARTESIAN_POINT('',(-189.440315075306,-91.7107029581418,7.37405566245445));
#4181=CARTESIAN_POINT('',(-189.161025045358,-91.6463419143013,6.66578418491768));
#4182=CARTESIAN_POINT('',(-188.974117900463,-91.5838440139764,5.69509701192969));
#4183=CARTESIAN_POINT('',(-189.062488356364,-91.5232092571678,4.99457561436304));
#4184=CARTESIAN_POINT('',(-189.282857518272,-91.4670628514784,4.5390079957159));
#4185=CARTESIAN_POINT('',(-189.692461234233,-91.3948939878969,4.18507306571259));
#4186=CARTESIAN_POINT('',(-190.115115570292,-91.3325316937091,4.03807774421696));
#4187=CARTESIAN_POINT('',(-190.369696242022,-91.2968960970304,3.99212195128178));
#4188=CARTESIAN_POINT('',(-194.627660479922,-95.5755083572144,14.7843935381764));
#4189=CARTESIAN_POINT('',(-194.405229838683,-95.5923144020257,14.6572847682478));
#4190=CARTESIAN_POINT('',(-193.991560162562,-95.6483468946842,14.3820128814001));
#4191=CARTESIAN_POINT('',(-193.452791494649,-95.7786708200531,13.9169290622629));
#4192=CARTESIAN_POINT('',(-192.98391970021,-95.9342839090805,13.4106563063655));
#4193=CARTESIAN_POINT('',(-192.43616784186,-96.1475055490314,12.6953567856292));
#4194=CARTESIAN_POINT('',(-191.867025338622,-96.3723253945022,11.7531953033355));
#4195=CARTESIAN_POINT('',(-191.481758270614,-96.4511314114991,11.052523148965));
#4196=CARTESIAN_POINT('',(-191.293335585314,-96.4511314114991,10.7415254758784));
#4197=CARTESIAN_POINT('',(-190.916490214715,-96.4511314114991,10.119530129705));
#4198=CARTESIAN_POINT('',(-190.19648626315,-96.1359073435115,9.19024667014667));
#4199=CARTESIAN_POINT('',(-189.316566895495,-95.653265349385,8.06823851653197));
#4200=CARTESIAN_POINT('',(-188.779806108804,-95.4858474232465,7.25351847630226));
#4201=CARTESIAN_POINT('',(-188.511425715459,-95.402138460177,6.84615845618741));
#4202=CARTESIAN_POINT('',(-187.926264377337,-95.2716720695007,5.90458043424654));
#4203=CARTESIAN_POINT('',(-187.417815423492,-95.1245544537587,4.69534409146469));
#4204=CARTESIAN_POINT('',(-187.351260350132,-94.9705915050956,3.87952541137914));
#4205=CARTESIAN_POINT('',(-187.501946672678,-94.8369412547922,3.3700806362124));
#4206=CARTESIAN_POINT('',(-187.883736205499,-94.6850693549113,2.98968913377054));
#4207=CARTESIAN_POINT('',(-188.31266508937,-94.5716445814248,2.8398863391775));
#4208=CARTESIAN_POINT('',(-188.57581359392,-94.5118807161614,2.79537183327762));
#4209=CARTESIAN_POINT('',(-194.95433905421,-98.1913096547496,15.4435967016031));
#4210=CARTESIAN_POINT('',(-194.751192734975,-98.2116648021922,15.3263619080439));
#4211=CARTESIAN_POINT('',(-194.376537028364,-98.2949715310099,15.0771296237261));
#4212=CARTESIAN_POINT('',(-193.893015682871,-98.5060798442739,14.6574635651966));
#4213=CARTESIAN_POINT('',(-193.471507970642,-98.7616952958165,14.19045033416));
#4214=CARTESIAN_POINT('',(-192.970251090478,-99.1063373065663,13.5025970754958));
#4215=CARTESIAN_POINT('',(-192.416471167645,-99.4402022569052,12.5167648686259));
#4216=CARTESIAN_POINT('',(-191.993178331183,-99.5478982202146,11.7226217993659));
#4217=CARTESIAN_POINT('',(-191.771986483222,-99.5478982202146,11.3564157817978));
#4218=CARTESIAN_POINT('',(-191.329602787301,-99.5478982202148,10.6240037466617));
#4219=CARTESIAN_POINT('',(-190.368471957621,-99.1171143669767,9.4061038128849));
#4220=CARTESIAN_POINT('',(-189.072275594701,-98.4415209106855,7.91151198109386));
#4221=CARTESIAN_POINT('',(-188.294826365541,-98.1967113076321,6.90240804794347));
#4222=CARTESIAN_POINT('',(-187.90610175096,-98.0743065061056,6.39785608136829));
#4223=CARTESIAN_POINT('',(-187.063976997949,-97.8759904655985,5.25784813959045));
#4224=CARTESIAN_POINT('',(-186.320865024068,-97.6221313193462,3.88116209175897));
#4225=CARTESIAN_POINT('',(-186.194841491597,-97.3421467437829,3.03415792170381));
#4226=CARTESIAN_POINT('',(-186.341941686414,-97.1096352099414,2.53412031437881));
#4227=CARTESIAN_POINT('',(-186.738044546257,-96.8705261010427,2.17734141338139));
#4228=CARTESIAN_POINT('',(-187.173038110071,-96.7173386631466,2.0403567410091));
#4229=CARTESIAN_POINT('',(-187.434496943101,-96.6449538573929,1.99842191791464));
#4230=CARTESIAN_POINT('',(-195.223590556258,-99.9194466953354,15.8855534455664));
#4231=CARTESIAN_POINT('',(-195.040930963883,-99.9408978891788,15.7793389507633));
#4232=CARTESIAN_POINT('',(-194.709620391857,-100.054643047258,15.5613385133396));
#4233=CARTESIAN_POINT('',(-194.287388490279,-100.35555762323,15.1957137898982));
#4234=CARTESIAN_POINT('',(-193.912598663452,-100.704537565734,14.7695552752982));
#4235=CARTESIAN_POINT('',(-193.454601782811,-101.162152809568,14.1102797050844));
#4236=CARTESIAN_POINT('',(-192.919961326869,-101.585165899892,13.0960289049127));
#4237=CARTESIAN_POINT('',(-192.473503372164,-101.714636212163,12.2319306519534));
#4238=CARTESIAN_POINT('',(-192.230806761207,-101.714636212163,11.824241075704));
#4239=CARTESIAN_POINT('',(-191.745413539293,-101.714636212163,11.0088619232052));
#4240=CARTESIAN_POINT('',(-190.618886026632,-101.196754963079,9.57298002004955));
#4241=CARTESIAN_POINT('',(-189.033252802289,-100.368452155693,7.8048292302287));
#4242=CARTESIAN_POINT('',(-188.088753868695,-100.058030597391,6.65718119106467));
#4243=CARTESIAN_POINT('',(-187.616504401898,-99.9028198182395,6.08335717148265));
#4244=CARTESIAN_POINT('',(-186.596164307592,-99.644263182633,4.80392281019182));
#4245=CARTESIAN_POINT('',(-185.696875138781,-99.2934105785553,3.31975471535154));
#4246=CARTESIAN_POINT('',(-185.542568683685,-98.9017429397661,2.46824955079743));
#4247=CARTESIAN_POINT('',(-185.695458696919,-98.5800338716224,1.99284151755774));
#4248=CARTESIAN_POINT('',(-186.103025979289,-98.2579009031392,1.67596050901085));
#4249=CARTESIAN_POINT('',(-186.531210717853,-98.0741701477809,1.55815287307474));
#4250=CARTESIAN_POINT('',(-186.781093484104,-97.9978876986406,1.51955106920538));
#4251=CARTESIAN_POINT('',(-195.498108889691,-101.364429842655,16.235304326837));
#4252=CARTESIAN_POINT('',(-195.34444462805,-101.384784990098,16.1453130925965));
#4253=CARTESIAN_POINT('',(-195.077424753132,-101.546404527484,15.9750923380179));
#4254=CARTESIAN_POINT('',(-194.745634997297,-101.983316890893,15.6885061729874));
#4255=CARTESIAN_POINT('',(-194.430399409455,-102.446467641456,15.3101247999244));
#4256=CARTESIAN_POINT('',(-194.022000189222,-103.026114111047,14.6779443357103));
#4257=CARTESIAN_POINT('',(-193.514796607294,-103.5429967383,13.6384369000359));
#4258=CARTESIAN_POINT('',(-193.054736803465,-103.694369666605,12.710193001627));
#4259=CARTESIAN_POINT('',(-192.796679647511,-103.694369666605,12.2642272389295));
#4260=CARTESIAN_POINT('',(-192.280565335602,-103.694369666605,11.3722957135345));
#4261=CARTESIAN_POINT('',(-191.024118679469,-103.088877953384,9.73368215480081));
#4262=CARTESIAN_POINT('',(-189.204993617054,-102.098270889538,7.72232259646011));
#4263=CARTESIAN_POINT('',(-188.126200898864,-101.713155538912,6.45764507145821));
#4264=CARTESIAN_POINT('',(-187.586804539769,-101.520597863599,5.82530630895726));
#4265=CARTESIAN_POINT('',(-186.423396728088,-101.190576603621,4.43112991103957));
#4266=CARTESIAN_POINT('',(-185.396285290982,-100.72837880092,2.86399541735478));
#4267=CARTESIAN_POINT('',(-185.214096774528,-100.216373949512,2.0152393362354));
#4268=CARTESIAN_POINT('',(-185.363655362724,-99.7937933076928,1.57335482696044));
#4269=CARTESIAN_POINT('',(-185.765863585376,-99.3651819639717,1.31835966390054));
#4270=CARTESIAN_POINT('',(-186.164002307426,-99.148921593327,1.23132390359243));
#4271=CARTESIAN_POINT('',(-186.385963349514,-99.0765367875733,1.19813830660187));
#4272=CARTESIAN_POINT('',(-195.655442858017,-102.059746997459,16.3812366938244));
#4273=CARTESIAN_POINT('',(-195.538484510963,-102.075980061448,16.3124987744214));
#4274=CARTESIAN_POINT('',(-195.367900782305,-102.353122591387,16.2161183103966));
#4275=CARTESIAN_POINT('',(-195.100630890807,-102.908390834862,15.9764521740011));
#4276=CARTESIAN_POINT('',(-194.827613651058,-103.458348946433,15.622950980798));
#4277=CARTESIAN_POINT('',(-194.455137241688,-104.121821586767,15.0015284827182));
#4278=CARTESIAN_POINT('',(-193.972209764206,-104.702669560344,13.946509600354));
#4279=CARTESIAN_POINT('',(-193.512263614389,-104.86874399595,12.9831493209996));
#4280=CARTESIAN_POINT('',(-193.250110313102,-104.86874399595,12.5159941305279));
#4281=CARTESIAN_POINT('',(-192.725803710529,-104.86874399595,11.5816837495847));
#4282=CARTESIAN_POINT('',(-191.419748694358,-104.204446253524,9.82926258134317));
#4283=CARTESIAN_POINT('',(-189.504375181011,-103.098173647865,7.69231156293417));
#4284=CARTESIAN_POINT('',(-188.370750081262,-102.656198784631,6.37347133182348));
#4285=CARTESIAN_POINT('',(-187.803937531387,-102.435211353014,5.71405121626815));
#4286=CARTESIAN_POINT('',(-186.5823432601,-102.048817209577,4.27002862420438));
#4287=CARTESIAN_POINT('',(-185.494610166244,-101.504545160026,2.6682005743233));
#4288=CARTESIAN_POINT('',(-185.283489142769,-100.912221196381,1.8183519040864));
#4289=CARTESIAN_POINT('',(-185.413629879674,-100.418925397861,1.39066382167528));
#4290=CARTESIAN_POINT('',(-185.791200899796,-99.9059771097695,1.16656569496297));
#4291=CARTESIAN_POINT('',(-186.124586048991,-99.6272460344717,1.12650199694886));
#4292=CARTESIAN_POINT('',(-186.297524273227,-99.5695257358209,1.10101050262742));
#4293=CARTESIAN_POINT('',(-195.698657479554,-102.243972194331,16.4173907975809));
#4294=CARTESIAN_POINT('',(-195.662117348536,-102.345956229693,16.4013956887417));
#4295=CARTESIAN_POINT('',(-195.529988524756,-102.707238501218,16.3309688520384));
#4296=CARTESIAN_POINT('',(-195.292232332042,-103.327831441493,16.1077103542537));
#4297=CARTESIAN_POINT('',(-195.039442635128,-103.923072258536,15.762009889548));
#4298=CARTESIAN_POINT('',(-194.685300206336,-104.628184328915,15.1425607526779));
#4299=CARTESIAN_POINT('',(-194.216120307444,-105.240920903681,14.0799223091583));
#4300=CARTESIAN_POINT('',(-193.75922788316,-105.414374596732,13.1018592742999));
#4301=CARTESIAN_POINT('',(-193.497074581873,-105.414374596732,12.6257388228313));
#4302=CARTESIAN_POINT('',(-192.9727679793,-105.414374596732,11.6734979198941));
#4303=CARTESIAN_POINT('',(-191.654498060996,-104.720559824529,9.87230464170401));
#4304=CARTESIAN_POINT('',(-189.71138253885,-103.55432224677,7.685773387815));
#4305=CARTESIAN_POINT('',(-188.562230332434,-103.081899441215,6.34819450917886));
#4306=CARTESIAN_POINT('',(-187.987654229226,-102.845688038438,5.67940506986078));
#4307=CARTESIAN_POINT('',(-186.749704800138,-102.428613224545,4.2196695653788));
#4308=CARTESIAN_POINT('',(-185.639231651192,-101.841773951151,2.60671748422223));
#4309=CARTESIAN_POINT('',(-185.408405330937,-101.210685637708,1.75365151740073));
#4310=CARTESIAN_POINT('',(-185.521758898806,-100.682244213607,1.32750302888519));
#4311=CARTESIAN_POINT('',(-185.879282983344,-100.124360858834,1.11000866451886));
#4312=CARTESIAN_POINT('',(-186.190733902721,-99.7925976552315,1.08228098828866));
#4313=CARTESIAN_POINT('',(-186.287117271098,-99.6970650025903,1.07972722002856));
#4314=CARTESIAN_POINT('',(-217.745044403195,-74.3029349974092,1.07972722002864));
#4315=CARTESIAN_POINT('',(-217.841427771573,-74.2074023447681,1.08228098828877));
#4316=CARTESIAN_POINT('',(-218.15287869095,-73.8756391411653,1.11000866451894));
#4317=CARTESIAN_POINT('',(-218.510402775488,-73.3177557863924,1.32750302888527));
#4318=CARTESIAN_POINT('',(-218.623756343357,-72.7893143622919,1.7536515174008));
#4319=CARTESIAN_POINT('',(-218.392930023102,-72.1582260488487,2.60671748422231));
#4320=CARTESIAN_POINT('',(-217.282456874155,-71.5713867754546,4.21966956537886));
#4321=CARTESIAN_POINT('',(-216.044507445068,-71.1543119615619,5.67940506986084));
#4322=CARTESIAN_POINT('',(-215.46993134186,-70.9181005587845,6.34819450917892));
#4323=CARTESIAN_POINT('',(-214.320779135444,-70.4456777532296,7.68577338781504));
#4324=CARTESIAN_POINT('',(-212.377663613297,-69.2794401754709,9.87230464170404));
#4325=CARTESIAN_POINT('',(-211.059393694994,-68.5856254032672,11.6734979198941));
#4326=CARTESIAN_POINT('',(-210.535087092421,-68.5856254032672,12.6257388228314));
#4327=CARTESIAN_POINT('',(-210.272933791134,-68.5856254032672,13.1018592743));
#4328=CARTESIAN_POINT('',(-209.81604136685,-68.7590790963181,14.0799223091583));
#4329=CARTESIAN_POINT('',(-209.346861467957,-69.3718156710843,15.1425607526779));
#4330=CARTESIAN_POINT('',(-208.992719039166,-70.0769277414638,15.762009889548));
#4331=CARTESIAN_POINT('',(-208.739929342252,-70.6721685585064,16.1077103542537));
#4332=CARTESIAN_POINT('',(-208.502173149538,-71.2927614987816,16.3309688520384));
#4333=CARTESIAN_POINT('',(-208.370044325758,-71.654043770307,16.4013956887417));
#4334=CARTESIAN_POINT('',(-208.33350419474,-71.7560278056683,16.4173907975809));
#4335=CARTESIAN_POINT('',(-217.734637401067,-74.4304742641787,1.10101050262751));
#4336=CARTESIAN_POINT('',(-217.907575625303,-74.3727539655279,1.12650199694897));
#4337=CARTESIAN_POINT('',(-218.240960774498,-74.09402289023,1.16656569496305));
#4338=CARTESIAN_POINT('',(-218.61853179462,-73.5810746021386,1.39066382167535));
#4339=CARTESIAN_POINT('',(-218.748672531525,-73.0877788036184,1.81835190408648));
#4340=CARTESIAN_POINT('',(-218.53755150805,-72.4954548399735,2.66820057432337));
#4341=CARTESIAN_POINT('',(-217.449818414193,-71.9511827904223,4.27002862420444));
#4342=CARTESIAN_POINT('',(-216.228224142906,-71.564788646986,5.71405121626821));
#4343=CARTESIAN_POINT('',(-215.661411593032,-71.3438012153688,6.37347133182354));
#4344=CARTESIAN_POINT('',(-214.527786493283,-70.9018263521348,7.69231156293422));
#4345=CARTESIAN_POINT('',(-212.612412979936,-69.795553746475,9.82926258134323));
#4346=CARTESIAN_POINT('',(-211.306357963765,-69.1312560040496,11.5816837495848));
#4347=CARTESIAN_POINT('',(-210.782051361191,-69.1312560040496,12.515994130528));
#4348=CARTESIAN_POINT('',(-210.519898059905,-69.1312560040496,12.9831493209996));
#4349=CARTESIAN_POINT('',(-210.059951910087,-69.297330439656,13.9465096003541));
#4350=CARTESIAN_POINT('',(-209.577024432606,-69.8781784132325,15.0015284827182));
#4351=CARTESIAN_POINT('',(-209.204548023236,-70.5416510535665,15.622950980798));
#4352=CARTESIAN_POINT('',(-208.931530783487,-71.0916091651375,15.9764521740011));
#4353=CARTESIAN_POINT('',(-208.664260891989,-71.6468774086125,16.2161183103966));
#4354=CARTESIAN_POINT('',(-208.493677163331,-71.9240199385517,16.3124987744214));
#4355=CARTESIAN_POINT('',(-208.376718816276,-71.9402530025409,16.3812366938244));
#4356=CARTESIAN_POINT('',(-217.646198324779,-74.923463212426,1.19813830660194));
#4357=CARTESIAN_POINT('',(-217.868159366868,-74.8510784066723,1.23132390359249));
#4358=CARTESIAN_POINT('',(-218.266298088917,-74.6348180360278,1.31835966390062));
#4359=CARTESIAN_POINT('',(-218.66850631157,-74.2062066923068,1.57335482696052));
#4360=CARTESIAN_POINT('',(-218.818064899766,-73.7836260504878,2.01523933623547));
#4361=CARTESIAN_POINT('',(-218.635876383312,-73.2716211990792,2.86399541735484));
#4362=CARTESIAN_POINT('',(-217.608764946206,-72.8094233963782,4.43112991103964));
#4363=CARTESIAN_POINT('',(-216.445357134524,-72.4794021364005,5.82530630895732));
#4364=CARTESIAN_POINT('',(-215.905960775429,-72.2868444610876,6.45764507145828));
#4365=CARTESIAN_POINT('',(-214.827168057239,-71.9017291104615,7.72232259646016));
#4366=CARTESIAN_POINT('',(-213.008042994824,-70.911122046615,9.73368215480086));
#4367=CARTESIAN_POINT('',(-211.751596338691,-70.3056303333947,11.3722957135346));
#4368=CARTESIAN_POINT('',(-211.235482026783,-70.3056303333947,12.2642272389295));
#4369=CARTESIAN_POINT('',(-210.977424870829,-70.3056303333947,12.710193001627));
#4370=CARTESIAN_POINT('',(-210.517365067,-70.4570032616998,13.638436900036));
#4371=CARTESIAN_POINT('',(-210.010161485071,-70.9738858889527,14.6779443357103));
#4372=CARTESIAN_POINT('',(-209.601762264839,-71.5535323585439,15.3101247999245));
#4373=CARTESIAN_POINT('',(-209.286526676996,-72.0166831091067,15.6885061729875));
#4374=CARTESIAN_POINT('',(-208.954736921162,-72.4535954725152,15.9750923380179));
#4375=CARTESIAN_POINT('',(-208.687717046244,-72.6152150099015,16.1453130925965));
#4376=CARTESIAN_POINT('',(-208.534052784603,-72.6355701573443,16.235304326837));
#4377=CARTESIAN_POINT('',(-217.251068190189,-76.0021123013589,1.51955106920544));
#4378=CARTESIAN_POINT('',(-217.500950956441,-75.9258298522186,1.5581528730748));
#4379=CARTESIAN_POINT('',(-217.929135695005,-75.7420990968603,1.67596050901091));
#4380=CARTESIAN_POINT('',(-218.336702977375,-75.4199661283769,1.99284151755781));
#4381=CARTESIAN_POINT('',(-218.489592990609,-75.0982570602334,2.4682495507975));
#4382=CARTESIAN_POINT('',(-218.335286535513,-74.7065894214443,3.31975471535161));
#4383=CARTESIAN_POINT('',(-217.435997366702,-74.3557368173665,4.80392281019189));
#4384=CARTESIAN_POINT('',(-216.415657272396,-74.0971801817598,6.08335717148271));
#4385=CARTESIAN_POINT('',(-215.943407805599,-73.9419694026089,6.65718119106472));
#4386=CARTESIAN_POINT('',(-214.998908872004,-73.6315478443069,7.80482923022875));
#4387=CARTESIAN_POINT('',(-213.413275647662,-72.8032450369208,9.5729800200496));
#4388=CARTESIAN_POINT('',(-212.286748135001,-72.2853637878366,11.0088619232052));
#4389=CARTESIAN_POINT('',(-211.801354913087,-72.2853637878366,11.824241075704));
#4390=CARTESIAN_POINT('',(-211.55865830213,-72.2853637878366,12.2319306519534));
#4391=CARTESIAN_POINT('',(-211.112200347425,-72.4148341001078,13.0960289049127));
#4392=CARTESIAN_POINT('',(-210.577559891482,-72.8378471904314,14.1102797050845));
#4393=CARTESIAN_POINT('',(-210.119563010842,-73.2954624342656,14.7695552752982));
#4394=CARTESIAN_POINT('',(-209.744773184015,-73.6444423767698,15.1957137898983));
#4395=CARTESIAN_POINT('',(-209.322541282437,-73.9453569527418,15.5613385133396));
#4396=CARTESIAN_POINT('',(-208.991230710411,-74.0591021108207,15.7793389507633));
#4397=CARTESIAN_POINT('',(-208.808571118036,-74.0805533046644,15.8855534455664));
#4398=CARTESIAN_POINT('',(-216.597664731193,-77.3550461426066,1.9984219179147));
#4399=CARTESIAN_POINT('',(-216.859123564223,-77.2826613368529,2.04035674100916));
#4400=CARTESIAN_POINT('',(-217.294117128037,-77.1294738989568,2.17734141338145));
#4401=CARTESIAN_POINT('',(-217.69021998788,-76.8903647900579,2.53412031437887));
#4402=CARTESIAN_POINT('',(-217.837320182697,-76.6578532562166,3.03415792170389));
#4403=CARTESIAN_POINT('',(-217.711296650226,-76.3778686806536,3.88116209175904));
#4404=CARTESIAN_POINT('',(-216.968184676344,-76.124009534401,5.25784813959051));
#4405=CARTESIAN_POINT('',(-216.126059923333,-75.925693493894,6.39785608136835));
#4406=CARTESIAN_POINT('',(-215.737335308753,-75.8032886923675,6.90240804794353));
#4407=CARTESIAN_POINT('',(-214.959886079592,-75.558479089314,7.91151198109392));
#4408=CARTESIAN_POINT('',(-213.663689716673,-74.8828856330229,9.40610381288495));
#4409=CARTESIAN_POINT('',(-212.702558886993,-74.4521017797847,10.6240037466617));
#4410=CARTESIAN_POINT('',(-212.260175191072,-74.4521017797847,11.3564157817979));
#4411=CARTESIAN_POINT('',(-212.038983343111,-74.4521017797847,11.7226217993659));
#4412=CARTESIAN_POINT('',(-211.615690506649,-74.5597977430944,12.5167648686259));
#4413=CARTESIAN_POINT('',(-211.061910583815,-74.8936626934333,13.5025970754959));
#4414=CARTESIAN_POINT('',(-210.560653703652,-75.2383047041831,14.19045033416));
#4415=CARTESIAN_POINT('',(-210.139145991423,-75.4939201557254,14.6574635651966));
#4416=CARTESIAN_POINT('',(-209.655624645929,-75.7050284689894,15.0771296237261));
#4417=CARTESIAN_POINT('',(-209.280968939319,-75.7883351978071,15.3263619080439));
#4418=CARTESIAN_POINT('',(-209.077822620084,-75.8086903452499,15.4435967016031));
#4419=CARTESIAN_POINT('',(-215.456348080374,-79.4881192838379,2.79537183327768));
#4420=CARTESIAN_POINT('',(-215.719496584924,-79.4283554185747,2.83988633917756));
#4421=CARTESIAN_POINT('',(-216.148425468794,-79.3149306450882,2.9896891337706));
#4422=CARTESIAN_POINT('',(-216.530215001616,-79.1630587452073,3.37008063621246));
#4423=CARTESIAN_POINT('',(-216.680901324162,-79.0294084949039,3.8795254113792));
#4424=CARTESIAN_POINT('',(-216.614346250802,-78.8754455462408,4.69534409146475));
#4425=CARTESIAN_POINT('',(-216.105897296957,-78.7283279304988,5.9045804342466));
#4426=CARTESIAN_POINT('',(-215.520735958835,-78.5978615398224,6.84615845618747));
#4427=CARTESIAN_POINT('',(-215.25235556549,-78.5141525767531,7.25351847630233));
#4428=CARTESIAN_POINT('',(-214.715594778799,-78.3467346506145,8.06823851653202));
#4429=CARTESIAN_POINT('',(-213.835675411144,-77.8640926564881,9.19024667014672));
#4430=CARTESIAN_POINT('',(-213.115671459579,-77.5488685885005,10.1195301297051));
#4431=CARTESIAN_POINT('',(-212.738826088979,-77.5488685885005,10.7415254758784));
#4432=CARTESIAN_POINT('',(-212.55040340368,-77.5488685885005,11.0525231489651));
#4433=CARTESIAN_POINT('',(-212.165136335671,-77.6276746054973,11.7531953033355));
#4434=CARTESIAN_POINT('',(-211.595993832433,-77.8524944509682,12.6953567856293));
#4435=CARTESIAN_POINT('',(-211.048241974083,-78.0657160909191,13.4106563063655));
#4436=CARTESIAN_POINT('',(-210.579370179644,-78.2213291799467,13.9169290622629));
#4437=CARTESIAN_POINT('',(-210.040601511732,-78.3516531053156,14.3820128814001));
#4438=CARTESIAN_POINT('',(-209.62693183561,-78.4076855979738,14.6572847682478));
#4439=CARTESIAN_POINT('',(-209.404501194372,-78.4244916427854,14.7843935381764));
#4440=CARTESIAN_POINT('',(-213.662465432272,-82.7031039029691,3.99212195128182));
#4441=CARTESIAN_POINT('',(-213.917046104001,-82.6674683062904,4.03807774421701));
#4442=CARTESIAN_POINT('',(-214.339700440061,-82.6051060121026,4.18507306571265));
#4443=CARTESIAN_POINT('',(-214.749304156022,-82.5329371485213,4.53900799571596));
#4444=CARTESIAN_POINT('',(-214.969673317929,-82.4767907428316,4.99457561436309));
#4445=CARTESIAN_POINT('',(-215.05804377383,-82.4161559860231,5.69509701192975));
#4446=CARTESIAN_POINT('',(-214.871136628936,-82.3536580856983,6.66578418491772));
#4447=CARTESIAN_POINT('',(-214.591846598988,-82.2892970418577,7.37405566245449));
#4448=CARTESIAN_POINT('',(-214.466618150936,-82.2463896792974,7.66870949052146));
#4449=CARTESIAN_POINT('',(-214.216161254834,-82.1605749541764,8.25801714665543));
#4450=CARTESIAN_POINT('',(-213.830579998009,-81.9031307788139,8.96077717331222));
#4451=CARTESIAN_POINT('',(-213.400533173339,-81.731501328572,9.57501389317427));
#4452=CARTESIAN_POINT('',(-213.105610709391,-81.731501328572,10.0757982425135));
#4453=CARTESIAN_POINT('',(-212.958149477418,-81.731501328572,10.3261904171831));
#4454=CARTESIAN_POINT('',(-212.623277487664,-81.7744086911325,10.9238077612264));
#4455=CARTESIAN_POINT('',(-212.052275899056,-81.8879402198236,11.7976134816458));
#4456=CARTESIAN_POINT('',(-211.47250499518,-81.9862811895246,12.5035494143635));
#4457=CARTESIAN_POINT('',(-210.968311332743,-82.056689128038,13.0191522751335));
#4458=CARTESIAN_POINT('',(-210.386871517741,-82.1166436156523,13.5036112801761));
#4459=CARTESIAN_POINT('',(-209.942493760674,-82.1449071987045,13.79429153508));
#4460=CARTESIAN_POINT('',(-209.704803634035,-82.1549281943685,13.928676097591));
#4461=CARTESIAN_POINT('',(-212.439241109579,-86.9999999999995,4.79039711160452));
#4462=CARTESIAN_POINT('',(-212.684409112728,-86.9999999999998,4.83650435017232));
#4463=CARTESIAN_POINT('',(-213.103821240948,-86.9999999999998,4.97428313746018));
#4464=CARTESIAN_POINT('',(-213.54839580356,-86.9999999999995,5.28995519430267));
#4465=CARTESIAN_POINT('',(-213.836654740964,-86.9999999999998,5.68694207250933));
#4466=CARTESIAN_POINT('',(-214.050216496572,-86.9999999999998,6.28775893254182));
#4467=CARTESIAN_POINT('',(-214.067519650609,-86.9999999999995,7.10362178826083));
#4468=CARTESIAN_POINT('',(-213.96561922139,-86.9999999999998,7.67780168131192));
#4469=CARTESIAN_POINT('',(-213.923370608015,-86.9999999999998,7.90834529056123));
#4470=CARTESIAN_POINT('',(-213.838873381265,-86.9999999999998,8.3694325090598));
#4471=CARTESIAN_POINT('',(-213.739491737638,-86.9999999999998,8.83923624784684));
#4472=CARTESIAN_POINT('',(-213.478838600806,-86.9999999999998,9.2827344651218));
#4473=CARTESIAN_POINT('',(-213.23306988085,-86.9999999999998,9.71751616210831));
#4474=CARTESIAN_POINT('',(-213.110185520872,-86.9999999999998,9.93490701060159));
#4475=CARTESIAN_POINT('',(-212.806695725145,-86.9999999999998,10.4762050017626));
#4476=CARTESIAN_POINT('',(-212.241516341369,-87.,11.3034903225957));
#4477=CARTESIAN_POINT('',(-211.65297388106,-87.,11.9863395362587));
#4478=CARTESIAN_POINT('',(-211.137140391731,-86.9999999999998,12.4916427394709));
#4479=CARTESIAN_POINT('',(-210.54065309085,-86.9999999999995,12.9727680501151));
#4480=CARTESIAN_POINT('',(-210.085074237592,-86.9999999999998,13.2658368718103));
#4481=CARTESIAN_POINT('',(-209.841766786553,-86.9999999999998,13.4025602387189));
#4482=CARTESIAN_POINT('',(-213.662465432272,-91.2968960970304,3.99212195128185));
#4483=CARTESIAN_POINT('',(-213.917046104001,-91.3325316937091,4.03807774421701));
#4484=CARTESIAN_POINT('',(-214.339700440061,-91.3948939878969,4.18507306571265));
#4485=CARTESIAN_POINT('',(-214.749304156022,-91.4670628514782,4.53900799571596));
#4486=CARTESIAN_POINT('',(-214.969673317929,-91.5232092571678,4.99457561436311));
#4487=CARTESIAN_POINT('',(-215.05804377383,-91.5838440139767,5.69509701192975));
#4488=CARTESIAN_POINT('',(-214.871136628936,-91.646341914301,6.66578418491772));
#4489=CARTESIAN_POINT('',(-214.591846598988,-91.7107029581416,7.37405566245446));
#4490=CARTESIAN_POINT('',(-214.466618150936,-91.7536103207021,7.66870949052146));
#4491=CARTESIAN_POINT('',(-214.216161254834,-91.8394250458232,8.25801714665543));
#4492=CARTESIAN_POINT('',(-213.830579998009,-92.0968692211857,8.96077717331222));
#4493=CARTESIAN_POINT('',(-213.400533173339,-92.2684986714276,9.57501389317427));
#4494=CARTESIAN_POINT('',(-213.105610709391,-92.2684986714276,10.0757982425135));
#4495=CARTESIAN_POINT('',(-212.958149477418,-92.2684986714276,10.3261904171831));
#4496=CARTESIAN_POINT('',(-212.623277487664,-92.225591308867,10.9238077612264));
#4497=CARTESIAN_POINT('',(-212.052275899056,-92.112059780176,11.7976134816458));
#4498=CARTESIAN_POINT('',(-211.47250499518,-92.013718810475,12.5035494143635));
#4499=CARTESIAN_POINT('',(-210.968311332743,-91.9433108719618,13.0191522751335));
#4500=CARTESIAN_POINT('',(-210.386871517741,-91.8833563843475,13.5036112801761));
#4501=CARTESIAN_POINT('',(-209.942493760674,-91.8550928012951,13.79429153508));
#4502=CARTESIAN_POINT('',(-209.704803634035,-91.8450718056311,13.928676097591));
#4503=CARTESIAN_POINT('',(-215.456348080374,-94.5118807161614,2.79537183327766));
#4504=CARTESIAN_POINT('',(-215.719496584924,-94.5716445814246,2.83988633917755));
#4505=CARTESIAN_POINT('',(-216.148425468794,-94.6850693549113,2.98968913377058));
#4506=CARTESIAN_POINT('',(-216.530215001616,-94.8369412547922,3.37008063621244));
#4507=CARTESIAN_POINT('',(-216.680901324162,-94.9705915050956,3.8795254113792));
#4508=CARTESIAN_POINT('',(-216.614346250802,-95.1245544537587,4.69534409146477));
#4509=CARTESIAN_POINT('',(-216.105897296956,-95.2716720695007,5.9045804342466));
#4510=CARTESIAN_POINT('',(-215.520735958835,-95.402138460177,6.84615845618745));
#4511=CARTESIAN_POINT('',(-215.25235556549,-95.4858474232465,7.25351847630233));
#4512=CARTESIAN_POINT('',(-214.715594778799,-95.653265349385,8.06823851653202));
#4513=CARTESIAN_POINT('',(-213.835675411144,-96.1359073435115,9.19024667014672));
#4514=CARTESIAN_POINT('',(-213.115671459579,-96.4511314114991,10.1195301297051));
#4515=CARTESIAN_POINT('',(-212.738826088979,-96.4511314114991,10.7415254758784));
#4516=CARTESIAN_POINT('',(-212.55040340368,-96.4511314114991,11.0525231489651));
#4517=CARTESIAN_POINT('',(-212.165136335671,-96.3723253945022,11.7531953033355));
#4518=CARTESIAN_POINT('',(-211.595993832434,-96.1475055490314,12.6953567856293));
#4519=CARTESIAN_POINT('',(-211.048241974083,-95.9342839090805,13.4106563063655));
#4520=CARTESIAN_POINT('',(-210.579370179644,-95.7786708200529,13.9169290622629));
#4521=CARTESIAN_POINT('',(-210.040601511732,-95.6483468946842,14.3820128814001));
#4522=CARTESIAN_POINT('',(-209.62693183561,-95.5923144020257,14.6572847682478));
#4523=CARTESIAN_POINT('',(-209.404501194372,-95.5755083572142,14.7843935381764));
#4524=CARTESIAN_POINT('',(-216.597664731193,-96.6449538573929,1.9984219179147));
#4525=CARTESIAN_POINT('',(-216.859123564223,-96.7173386631466,2.04035674100918));
#4526=CARTESIAN_POINT('',(-217.294117128037,-96.8705261010427,2.17734141338146));
#4527=CARTESIAN_POINT('',(-217.69021998788,-97.1096352099414,2.53412031437887));
#4528=CARTESIAN_POINT('',(-217.837320182697,-97.3421467437829,3.03415792170387));
#4529=CARTESIAN_POINT('',(-217.711296650226,-97.6221313193464,3.88116209175902));
#4530=CARTESIAN_POINT('',(-216.968184676344,-97.8759904655985,5.25784813959051));
#4531=CARTESIAN_POINT('',(-216.126059923333,-98.0743065061056,6.39785608136834));
#4532=CARTESIAN_POINT('',(-215.737335308753,-98.1967113076321,6.90240804794353));
#4533=CARTESIAN_POINT('',(-214.959886079592,-98.4415209106855,7.91151198109392));
#4534=CARTESIAN_POINT('',(-213.663689716673,-99.1171143669767,9.40610381288495));
#4535=CARTESIAN_POINT('',(-212.702558886993,-99.5478982202148,10.6240037466617));
#4536=CARTESIAN_POINT('',(-212.260175191072,-99.5478982202148,11.3564157817979));
#4537=CARTESIAN_POINT('',(-212.038983343111,-99.5478982202148,11.7226217993659));
#4538=CARTESIAN_POINT('',(-211.615690506649,-99.4402022569052,12.5167648686259));
#4539=CARTESIAN_POINT('',(-211.061910583815,-99.1063373065663,13.5025970754959));
#4540=CARTESIAN_POINT('',(-210.560653703652,-98.7616952958165,14.19045033416));
#4541=CARTESIAN_POINT('',(-210.139145991423,-98.5060798442739,14.6574635651966));
#4542=CARTESIAN_POINT('',(-209.655624645929,-98.2949715310099,15.0771296237261));
#4543=CARTESIAN_POINT('',(-209.280968939319,-98.2116648021924,15.3263619080439));
#4544=CARTESIAN_POINT('',(-209.077822620084,-98.1913096547496,15.4435967016031));
#4545=CARTESIAN_POINT('',(-217.251068190189,-97.9978876986406,1.51955106920547));
#4546=CARTESIAN_POINT('',(-217.500950956441,-98.0741701477812,1.55815287307478));
#4547=CARTESIAN_POINT('',(-217.929135695005,-98.2579009031392,1.67596050901088));
#4548=CARTESIAN_POINT('',(-218.336702977375,-98.5800338716226,1.99284151755784));
#4549=CARTESIAN_POINT('',(-218.489592990609,-98.9017429397659,2.46824955079749));
#4550=CARTESIAN_POINT('',(-218.335286535513,-99.2934105785553,3.31975471535163));
#4551=CARTESIAN_POINT('',(-217.435997366702,-99.644263182633,4.80392281019187));
#4552=CARTESIAN_POINT('',(-216.415657272396,-99.9028198182395,6.08335717148272));
#4553=CARTESIAN_POINT('',(-215.943407805599,-100.058030597391,6.65718119106473));
#4554=CARTESIAN_POINT('',(-214.998908872004,-100.368452155693,7.80482923022875));
#4555=CARTESIAN_POINT('',(-213.413275647662,-101.196754963079,9.5729800200496));
#4556=CARTESIAN_POINT('',(-212.286748135001,-101.714636212163,11.0088619232052));
#4557=CARTESIAN_POINT('',(-211.801354913087,-101.714636212163,11.824241075704));
#4558=CARTESIAN_POINT('',(-211.55865830213,-101.714636212163,12.2319306519534));
#4559=CARTESIAN_POINT('',(-211.112200347425,-101.585165899892,13.0960289049127));
#4560=CARTESIAN_POINT('',(-210.577559891482,-101.162152809568,14.1102797050845));
#4561=CARTESIAN_POINT('',(-210.119563010842,-100.704537565734,14.7695552752982));
#4562=CARTESIAN_POINT('',(-209.744773184015,-100.35555762323,15.1957137898982));
#4563=CARTESIAN_POINT('',(-209.322541282437,-100.054643047258,15.5613385133397));
#4564=CARTESIAN_POINT('',(-208.991230710411,-99.9408978891788,15.7793389507633));
#4565=CARTESIAN_POINT('',(-208.808571118036,-99.9194466953354,15.8855534455664));
#4566=CARTESIAN_POINT('',(-217.64619832478,-99.0765367875736,1.19813830660193));
#4567=CARTESIAN_POINT('',(-217.868159366868,-99.1489215933273,1.23132390359255));
#4568=CARTESIAN_POINT('',(-218.266298088917,-99.3651819639717,1.31835966390057));
#4569=CARTESIAN_POINT('',(-218.66850631157,-99.7937933076928,1.57335482696055));
#4570=CARTESIAN_POINT('',(-218.818064899766,-100.216373949512,2.01523933623547));
#4571=CARTESIAN_POINT('',(-218.635876383312,-100.72837880092,2.86399541735485));
#4572=CARTESIAN_POINT('',(-217.608764946206,-101.190576603621,4.43112991103964));
#4573=CARTESIAN_POINT('',(-216.445357134524,-101.520597863599,5.82530630895732));
#4574=CARTESIAN_POINT('',(-215.905960775429,-101.713155538912,6.45764507145827));
#4575=CARTESIAN_POINT('',(-214.827168057239,-102.098270889538,7.72232259646016));
#4576=CARTESIAN_POINT('',(-213.008042994824,-103.088877953384,9.73368215480086));
#4577=CARTESIAN_POINT('',(-211.751596338691,-103.694369666605,11.3722957135346));
#4578=CARTESIAN_POINT('',(-211.235482026783,-103.694369666605,12.2642272389295));
#4579=CARTESIAN_POINT('',(-210.977424870829,-103.694369666605,12.710193001627));
#4580=CARTESIAN_POINT('',(-210.517365067,-103.5429967383,13.638436900036));
#4581=CARTESIAN_POINT('',(-210.010161485072,-103.026114111046,14.6779443357103));
#4582=CARTESIAN_POINT('',(-209.601762264839,-102.446467641456,15.3101247999245));
#4583=CARTESIAN_POINT('',(-209.286526676996,-101.983316890893,15.6885061729875));
#4584=CARTESIAN_POINT('',(-208.954736921162,-101.546404527484,15.9750923380179));
#4585=CARTESIAN_POINT('',(-208.687717046244,-101.384784990098,16.1453130925965));
#4586=CARTESIAN_POINT('',(-208.534052784603,-101.364429842655,16.235304326837));
#4587=CARTESIAN_POINT('',(-217.734637401067,-99.5695257358207,1.10101050262751));
#4588=CARTESIAN_POINT('',(-217.907575625302,-99.6272460344717,1.12650199694894));
#4589=CARTESIAN_POINT('',(-218.240960774498,-99.9059771097695,1.16656569496305));
#4590=CARTESIAN_POINT('',(-218.61853179462,-100.418925397861,1.39066382167533));
#4591=CARTESIAN_POINT('',(-218.748672531525,-100.912221196381,1.81835190408648));
#4592=CARTESIAN_POINT('',(-218.53755150805,-101.504545160026,2.66820057432337));
#4593=CARTESIAN_POINT('',(-217.449818414194,-102.048817209577,4.27002862420442));
#4594=CARTESIAN_POINT('',(-216.228224142906,-102.435211353014,5.7140512162682));
#4595=CARTESIAN_POINT('',(-215.661411593032,-102.656198784631,6.37347133182353));
#4596=CARTESIAN_POINT('',(-214.527786493283,-103.098173647865,7.69231156293422));
#4597=CARTESIAN_POINT('',(-212.612412979936,-104.204446253524,9.82926258134321));
#4598=CARTESIAN_POINT('',(-211.306357963765,-104.86874399595,11.5816837495848));
#4599=CARTESIAN_POINT('',(-210.782051361191,-104.86874399595,12.515994130528));
#4600=CARTESIAN_POINT('',(-210.519898059905,-104.86874399595,12.9831493209996));
#4601=CARTESIAN_POINT('',(-210.059951910087,-104.702669560344,13.946509600354));
#4602=CARTESIAN_POINT('',(-209.577024432606,-104.121821586767,15.0015284827182));
#4603=CARTESIAN_POINT('',(-209.204548023236,-103.458348946433,15.622950980798));
#4604=CARTESIAN_POINT('',(-208.931530783487,-102.908390834862,15.9764521740011));
#4605=CARTESIAN_POINT('',(-208.664260891989,-102.353122591387,16.2161183103966));
#4606=CARTESIAN_POINT('',(-208.493677163331,-102.075980061448,16.3124987744214));
#4607=CARTESIAN_POINT('',(-208.376718816276,-102.059746997459,16.3812366938244));
#4608=CARTESIAN_POINT('',(-217.745044403195,-99.6970650025903,1.07972722002864));
#4609=CARTESIAN_POINT('',(-217.841427771573,-99.7925976552315,1.08228098828874));
#4610=CARTESIAN_POINT('',(-218.15287869095,-100.124360858834,1.11000866451891));
#4611=CARTESIAN_POINT('',(-218.510402775488,-100.682244213607,1.32750302888527));
#4612=CARTESIAN_POINT('',(-218.623756343357,-101.210685637708,1.7536515174008));
#4613=CARTESIAN_POINT('',(-218.392930023102,-101.841773951151,2.60671748422231));
#4614=CARTESIAN_POINT('',(-217.282456874155,-102.428613224545,4.21966956537886));
#4615=CARTESIAN_POINT('',(-216.044507445068,-102.845688038438,5.67940506986086));
#4616=CARTESIAN_POINT('',(-215.46993134186,-103.081899441215,6.3481945091789));
#4617=CARTESIAN_POINT('',(-214.320779135444,-103.55432224677,7.68577338781504));
#4618=CARTESIAN_POINT('',(-212.377663613297,-104.720559824529,9.87230464170404));
#4619=CARTESIAN_POINT('',(-211.059393694994,-105.414374596732,11.6734979198941));
#4620=CARTESIAN_POINT('',(-210.535087092421,-105.414374596732,12.6257388228313));
#4621=CARTESIAN_POINT('',(-210.272933791134,-105.414374596732,13.1018592743));
#4622=CARTESIAN_POINT('',(-209.81604136685,-105.240920903681,14.0799223091583));
#4623=CARTESIAN_POINT('',(-209.346861467957,-104.628184328915,15.1425607526779));
#4624=CARTESIAN_POINT('',(-208.992719039166,-103.923072258536,15.762009889548));
#4625=CARTESIAN_POINT('',(-208.739929342252,-103.327831441493,16.1077103542537));
#4626=CARTESIAN_POINT('',(-208.502173149538,-102.707238501218,16.3309688520384));
#4627=CARTESIAN_POINT('',(-208.370044325758,-102.345956229693,16.4013956887417));
#4628=CARTESIAN_POINT('',(-208.33350419474,-102.243972194331,16.4173907975809));
#4629=CARTESIAN_POINT('',(-180.98214392114,-70.4265409352101,0.999998715869168));
#4630=CARTESIAN_POINT('',(-180.98214392114,-70.4265409352101,-1.28413083189116E-6));
#4631=CARTESIAN_POINT('',(-180.84537638661,-70.7304850219627,0.999998715869168));
#4632=CARTESIAN_POINT('',(-180.84537638661,-70.7304850219627,-1.28413083189116E-6));
#4633=CARTESIAN_POINT('',(-180.728220631908,-71.0462032287926,0.999998715869168));
#4634=CARTESIAN_POINT('',(-180.728220631908,-71.0462032287926,-1.28413083189116E-6));
#4635=CARTESIAN_POINT('',(-180.633493507486,-71.3657533762548,0.999998715869168));
#4636=CARTESIAN_POINT('',(-180.633493507486,-71.3657533762548,-1.28413083189116E-6));
#4637=CARTESIAN_POINT('',(-180.540899720819,-71.6781069747026,0.999998715869168));
#4638=CARTESIAN_POINT('',(-180.540899720819,-71.6781069747026,-1.28413083189116E-6));
#4639=CARTESIAN_POINT('',(-180.468522939396,-71.9982469059432,0.999998715869168));
#4640=CARTESIAN_POINT('',(-180.468522939396,-71.9982469059432,-1.28413083189116E-6));
#4641=CARTESIAN_POINT('',(-180.417282597592,-72.3199705577858,0.999998715869168));
#4642=CARTESIAN_POINT('',(-180.417282597592,-72.3199705577858,-1.28413083189116E-6));
#4643=CARTESIAN_POINT('',(-180.368458283592,-72.6265246525882,0.999998715869168));
#4644=CARTESIAN_POINT('',(-180.368458283592,-72.6265246525882,-1.28413083189116E-6));
#4645=CARTESIAN_POINT('',(-180.338455022677,-72.9369172020881,0.999998715869168));
#4646=CARTESIAN_POINT('',(-180.338455022677,-72.9369172020881,-1.28413083189116E-6));
#4647=CARTESIAN_POINT('',(-180.326659692131,-73.2470907564511,0.999998715869168));
#4648=CARTESIAN_POINT('',(-180.326659692131,-73.2470907564511,-1.28413083189116E-6));
#4649=CARTESIAN_POINT('',(-180.315642366229,-73.5368056670625,0.999998715869168));
#4650=CARTESIAN_POINT('',(-180.315642366229,-73.5368056670625,-1.28413083189116E-6));
#4651=CARTESIAN_POINT('',(-180.320513120481,-73.8263713156784,0.999998715869168));
#4652=CARTESIAN_POINT('',(-180.320513120481,-73.8263713156784,-1.28413083189116E-6));
#4653=CARTESIAN_POINT('',(-180.340028084246,-74.115616271622,0.999998715869168));
#4654=CARTESIAN_POINT('',(-180.340028084246,-74.115616271622,-1.28413083189116E-6));
#4655=CARTESIAN_POINT('',(-180.340910413423,-74.1286938907765,0.999998715869168));
#4656=CARTESIAN_POINT('',(-180.340910413423,-74.1286938907765,-1.28413083189116E-6));
#4657=CARTESIAN_POINT('',(-180.341822425603,-74.1417696201693,0.999998715869168));
#4658=CARTESIAN_POINT('',(-180.341822425603,-74.1417696201693,-1.28413083189116E-6));
#4659=CARTESIAN_POINT('',(-180.342764854454,-74.1548429939417,0.999998715869168));
#4660=CARTESIAN_POINT('',(-180.342764854454,-74.1548429939417,-1.28413083189116E-6));
#4661=CARTESIAN_POINT('',(-180.343690895551,-74.1676890367812,0.999998715869168));
#4662=CARTESIAN_POINT('',(-180.343690895551,-74.1676890367812,-1.28413083189116E-6));
#4663=CARTESIAN_POINT('',(-180.344646522785,-74.1805330515213,0.999998715869168));
#4664=CARTESIAN_POINT('',(-180.344646522785,-74.1805330515213,-1.28413083189116E-6));
#4665=CARTESIAN_POINT('',(-180.345630007097,-74.1933747753276,0.999998715869168));
#4666=CARTESIAN_POINT('',(-180.345630007097,-74.1933747753276,-1.28413083189116E-6));
#4667=CARTESIAN_POINT('',(-180.346595976335,-74.2059877982419,0.999998715869168));
#4668=CARTESIAN_POINT('',(-180.346595976335,-74.2059877982419,-1.28413083189116E-6));
#4669=CARTESIAN_POINT('',(-180.34758887598,-74.2185988646897,0.999998715869168));
#4670=CARTESIAN_POINT('',(-180.34758887598,-74.2185988646897,-1.28413083189116E-6));
#4671=CARTESIAN_POINT('',(-180.348611911409,-74.231207339443,0.999998715869168));
#4672=CARTESIAN_POINT('',(-180.348611911409,-74.231207339443,-1.28413083189116E-6));
#4673=CARTESIAN_POINT('',(-180.349624132963,-74.243682537809,0.999998715869168));
#4674=CARTESIAN_POINT('',(-180.349624132963,-74.243682537809,-1.28413083189116E-6));
#4675=CARTESIAN_POINT('',(-180.350665845564,-74.2561554447157,0.999998715869168));
#4676=CARTESIAN_POINT('',(-180.350665845564,-74.2561554447157,-1.28413083189116E-6));
#4677=CARTESIAN_POINT('',(-180.351733804675,-74.2686259472277,0.999998715869168));
#4678=CARTESIAN_POINT('',(-180.351733804675,-74.2686259472277,-1.28413083189116E-6));
#4679=CARTESIAN_POINT('',(-180.37427631206,-74.5318536233697,0.999998715869168));
#4680=CARTESIAN_POINT('',(-180.37427631206,-74.5318536233697,-1.28413083189116E-6));
#4681=CARTESIAN_POINT('',(-180.408096192594,-74.7896460220668,0.999998715869168));
#4682=CARTESIAN_POINT('',(-180.408096192594,-74.7896460220668,-1.28413083189116E-6));
#4683=CARTESIAN_POINT('',(-180.453185696255,-75.0499460435478,0.999998715869168));
#4684=CARTESIAN_POINT('',(-180.453185696255,-75.0499460435478,-1.28413083189116E-6));
#4685=CARTESIAN_POINT('',(-180.492986364488,-75.2797138155338,0.999998715869168));
#4686=CARTESIAN_POINT('',(-180.492986364488,-75.2797138155338,-1.28413083189116E-6));
#4687=CARTESIAN_POINT('',(-180.540554861719,-75.5057817336992,0.999998715869168));
#4688=CARTESIAN_POINT('',(-180.540554861719,-75.5057817336992,-1.28413083189116E-6));
#4689=CARTESIAN_POINT('',(-180.595794402908,-75.732322963815,0.999998715869168));
#4690=CARTESIAN_POINT('',(-180.595794402908,-75.732322963815,-1.28413083189116E-6));
#4691=CARTESIAN_POINT('',(-180.644618977197,-75.932555965057,0.999998715869168));
#4692=CARTESIAN_POINT('',(-180.644618977197,-75.932555965057,-1.28413083189116E-6));
#4693=CARTESIAN_POINT('',(-180.69835528447,-76.1288130167422,0.999998715869168));
#4694=CARTESIAN_POINT('',(-180.69835528447,-76.1288130167422,-1.28413083189116E-6));
#4695=CARTESIAN_POINT('',(-180.757585613007,-76.3262112092734,0.999998715869168));
#4696=CARTESIAN_POINT('',(-180.757585613007,-76.3262112092734,-1.28413083189116E-6));
#4697=CARTESIAN_POINT('',(-180.810165961859,-76.5014468711749,0.999998715869168));
#4698=CARTESIAN_POINT('',(-180.810165961859,-76.5014468711749,-1.28413083189116E-6));
#4699=CARTESIAN_POINT('',(-180.865286942685,-76.6716893506864,0.999998715869168));
#4700=CARTESIAN_POINT('',(-180.865286942685,-76.6716893506864,-1.28413083189116E-6));
#4701=CARTESIAN_POINT('',(-180.924853424782,-76.8446711156007,0.999998715869168));
#4702=CARTESIAN_POINT('',(-180.924853424782,-76.8446711156007,-1.28413083189116E-6));
#4703=CARTESIAN_POINT('',(-180.989691263739,-77.032960962862,0.999998715869168));
#4704=CARTESIAN_POINT('',(-180.989691263739,-77.032960962862,-1.28413083189116E-6));
#4705=CARTESIAN_POINT('',(-181.056878201735,-77.2160863613531,0.999998715869168));
#4706=CARTESIAN_POINT('',(-181.056878201735,-77.2160863613531,-1.28413083189116E-6));
#4707=CARTESIAN_POINT('',(-181.128548119456,-77.4018786505042,0.999998715869168));
#4708=CARTESIAN_POINT('',(-181.128548119456,-77.4018786505042,-1.28413083189116E-6));
#4709=CARTESIAN_POINT('',(-181.195329426936,-77.5749980342521,0.999998715869168));
#4710=CARTESIAN_POINT('',(-181.195329426936,-77.5749980342521,-1.28413083189116E-6));
#4711=CARTESIAN_POINT('',(-181.264526556795,-77.7466283825079,0.999998715869168));
#4712=CARTESIAN_POINT('',(-181.264526556795,-77.7466283825079,-1.28413083189116E-6));
#4713=CARTESIAN_POINT('',(-181.336028844756,-77.9178493786133,0.999998715869168));
#4714=CARTESIAN_POINT('',(-181.336028844756,-77.9178493786133,-1.28413083189116E-6));
#4715=CARTESIAN_POINT('',(-181.40282347648,-78.077797314606,0.999998715869168));
#4716=CARTESIAN_POINT('',(-181.40282347648,-78.077797314606,-1.28413083189116E-6));
#4717=CARTESIAN_POINT('',(-181.471217969981,-78.2364092031335,0.999998715869168));
#4718=CARTESIAN_POINT('',(-181.471217969981,-78.2364092031335,-1.28413083189116E-6));
#4719=CARTESIAN_POINT('',(-181.541295548818,-78.3949446755407,0.999998715869168));
#4720=CARTESIAN_POINT('',(-181.541295548818,-78.3949446755407,-1.28413083189116E-6));
#4721=CARTESIAN_POINT('',(-181.60596807642,-78.5412523803061,0.999998715869168));
#4722=CARTESIAN_POINT('',(-181.60596807642,-78.5412523803061,-1.28413083189116E-6));
#4723=CARTESIAN_POINT('',(-181.671899462199,-78.6870198287534,0.999998715869168));
#4724=CARTESIAN_POINT('',(-181.671899462199,-78.6870198287534,-1.28413083189116E-6));
#4725=CARTESIAN_POINT('',(-181.738783400489,-78.8323219125277,0.999998715869168));
#4726=CARTESIAN_POINT('',(-181.738783400489,-78.8323219125277,-1.28413083189116E-6));
#4727=CARTESIAN_POINT('',(-181.80859423524,-78.983982535673,0.999998715869168));
#4728=CARTESIAN_POINT('',(-181.80859423524,-78.983982535673,-1.28413083189116E-6));
#4729=CARTESIAN_POINT('',(-181.879438028284,-79.1351778356943,0.999998715869168));
#4730=CARTESIAN_POINT('',(-181.879438028284,-79.1351778356943,-1.28413083189116E-6));
#4731=CARTESIAN_POINT('',(-181.951022547561,-79.2860043334417,0.999998715869168));
#4732=CARTESIAN_POINT('',(-181.951022547561,-79.2860043334417,-1.28413083189116E-6));
#4733=CARTESIAN_POINT('',(-182.021102501188,-79.4336607551772,0.999998715869168));
#4734=CARTESIAN_POINT('',(-182.021102501188,-79.4336607551772,-1.28413083189116E-6));
#4735=CARTESIAN_POINT('',(-182.091885789908,-79.5809879435633,0.999998715869168));
#4736=CARTESIAN_POINT('',(-182.091885789908,-79.5809879435633,-1.28413083189116E-6));
#4737=CARTESIAN_POINT('',(-182.163136961133,-79.7280804826426,0.999998715869168));
#4738=CARTESIAN_POINT('',(-182.163136961133,-79.7280804826426,-1.28413083189116E-6));
#4739=CARTESIAN_POINT('',(-182.231991456734,-79.87022527003,0.999998715869168));
#4740=CARTESIAN_POINT('',(-182.231991456734,-79.87022527003,-1.28413083189116E-6));
#4741=CARTESIAN_POINT('',(-182.301289790863,-80.0121566740454,0.999998715869168));
#4742=CARTESIAN_POINT('',(-182.301289790863,-80.0121566740454,-1.28413083189116E-6));
#4743=CARTESIAN_POINT('',(-182.370826782455,-80.153967994898,0.999998715869168));
#4744=CARTESIAN_POINT('',(-182.370826782455,-80.153967994898,-1.28413083189116E-6));
#4745=CARTESIAN_POINT('',(-182.43680159024,-80.2885147220509,0.999998715869168));
#4746=CARTESIAN_POINT('',(-182.43680159024,-80.2885147220509,-1.28413083189116E-6));
#4747=CARTESIAN_POINT('',(-182.502995072799,-80.4229544268997,0.999998715869168));
#4748=CARTESIAN_POINT('',(-182.502995072799,-80.4229544268997,-1.28413083189116E-6));
#4749=CARTESIAN_POINT('',(-182.569211501234,-80.5573822764406,0.999998715869168));
#4750=CARTESIAN_POINT('',(-182.569211501234,-80.5573822764406,-1.28413083189116E-6));
#4751=CARTESIAN_POINT('',(-182.574132059767,-80.5673716418862,0.999998715869168));
#4752=CARTESIAN_POINT('',(-182.574132059767,-80.5673716418862,-1.28413083189116E-6));
#4753=CARTESIAN_POINT('',(-182.579052715767,-80.5773609593282,0.999998715869168));
#4754=CARTESIAN_POINT('',(-182.579052715767,-80.5773609593282,-1.28413083189116E-6));
#4755=CARTESIAN_POINT('',(-182.583973628915,-80.5873501500873,0.999998715869168));
#4756=CARTESIAN_POINT('',(-182.583973628915,-80.5873501500873,-1.28413083189116E-6));
#4757=CARTESIAN_POINT('',(-182.588977745694,-80.5975082397724,0.999998715869168));
#4758=CARTESIAN_POINT('',(-182.588977745694,-80.5975082397724,-1.28413083189116E-6));
#4759=CARTESIAN_POINT('',(-182.593982121184,-80.6076662020128,0.999998715869168));
#4760=CARTESIAN_POINT('',(-182.593982121184,-80.6076662020128,-1.28413083189116E-6));
#4761=CARTESIAN_POINT('',(-182.598986452604,-80.6178241859557,0.999998715869168));
#4762=CARTESIAN_POINT('',(-182.598986452604,-80.6178241859557,-1.28413083189116E-6));
#4763=CARTESIAN_POINT('',(-182.603987239039,-80.6279749741493,0.999998715869168));
#4764=CARTESIAN_POINT('',(-182.603987239039,-80.6279749741493,-1.28413083189116E-6));
#4765=CARTESIAN_POINT('',(-182.608987982691,-80.6381257834255,0.999998715869168));
#4766=CARTESIAN_POINT('',(-182.608987982691,-80.6381257834255,-1.28413083189116E-6));
#4767=CARTESIAN_POINT('',(-182.613989155511,-80.6482763812514,0.999998715869168));
#4768=CARTESIAN_POINT('',(-182.613989155511,-80.6482763812514,-1.28413083189116E-6));
#4769=CARTESIAN_POINT('',(-182.618983578043,-80.6584132784005,0.999998715869168));
#4770=CARTESIAN_POINT('',(-182.618983578043,-80.6584132784005,-1.28413083189116E-6));
#4771=CARTESIAN_POINT('',(-182.623978428697,-80.6685499646146,0.999998715869168));
#4772=CARTESIAN_POINT('',(-182.623978428697,-80.6685499646146,-1.28413083189116E-6));
#4773=CARTESIAN_POINT('',(-182.628972881541,-80.6786868468287,0.999998715869168));
#4774=CARTESIAN_POINT('',(-182.628972881541,-80.6786868468287,-1.28413083189116E-6));
#4775=CARTESIAN_POINT('',(-182.778662423791,-80.9825009593951,0.999998715869168));
#4776=CARTESIAN_POINT('',(-182.778662423791,-80.9825009593951,-1.28413083189116E-6));
#4777=CARTESIAN_POINT('',(-182.928092054224,-81.2864576315806,0.999998715869168));
#4778=CARTESIAN_POINT('',(-182.928092054224,-81.2864576315806,-1.28413083189116E-6));
#4779=CARTESIAN_POINT('',(-183.074911436228,-81.5916646260357,0.999998715869168));
#4780=CARTESIAN_POINT('',(-183.074911436228,-81.5916646260357,-1.28413083189116E-6));
#4781=CARTESIAN_POINT('',(-183.208804339694,-81.8700001570019,0.999998715869168));
#4782=CARTESIAN_POINT('',(-183.208804339694,-81.8700001570019,-1.28413083189116E-6));
#4783=CARTESIAN_POINT('',(-183.342522507424,-82.1537154782741,0.999998715869168));
#4784=CARTESIAN_POINT('',(-183.342522507424,-82.1537154782741,-1.28413083189116E-6));
#4785=CARTESIAN_POINT('',(-183.469705125893,-82.4351916060864,0.999998715869168));
#4786=CARTESIAN_POINT('',(-183.469705125893,-82.4351916060864,-1.28413083189116E-6));
#4787=CARTESIAN_POINT('',(-183.58828646694,-82.6976316872128,0.999998715869168));
#4788=CARTESIAN_POINT('',(-183.58828646694,-82.6976316872128,-1.28413083189116E-6));
#4789=CARTESIAN_POINT('',(-183.703054308181,-82.9622173431021,0.999998715869168));
#4790=CARTESIAN_POINT('',(-183.703054308181,-82.9622173431021,-1.28413083189116E-6));
#4791=CARTESIAN_POINT('',(-183.811605160684,-83.2289777620881,0.999998715869168));
#4792=CARTESIAN_POINT('',(-183.811605160684,-83.2289777620881,-1.28413083189116E-6));
#4793=CARTESIAN_POINT('',(-183.915096597355,-83.4833048205232,0.999998715869168));
#4794=CARTESIAN_POINT('',(-183.915096597355,-83.4833048205232,-1.28413083189116E-6));
#4795=CARTESIAN_POINT('',(-184.012557904254,-83.7386541864098,0.999998715869168));
#4796=CARTESIAN_POINT('',(-184.012557904254,-83.7386541864098,-1.28413083189116E-6));
#4797=CARTESIAN_POINT('',(-184.103261549167,-83.9978321518699,0.999998715869168));
#4798=CARTESIAN_POINT('',(-184.103261549167,-83.9978321518699,-1.28413083189116E-6));
#4799=CARTESIAN_POINT('',(-184.106356148353,-84.0066747063431,0.999998715869168));
#4800=CARTESIAN_POINT('',(-184.106356148353,-84.0066747063431,-1.28413083189116E-6));
#4801=CARTESIAN_POINT('',(-184.109442482531,-84.0155201682842,0.999998715869168));
#4802=CARTESIAN_POINT('',(-184.109442482531,-84.0155201682842,-1.28413083189116E-6));
#4803=CARTESIAN_POINT('',(-184.112520050257,-84.024368658,0.999998715869168));
#4804=CARTESIAN_POINT('',(-184.112520050257,-84.024368658,-1.28413083189116E-6));
#4805=CARTESIAN_POINT('',(-184.11553258944,-84.0330301804597,0.999998715869168));
#4806=CARTESIAN_POINT('',(-184.11553258944,-84.0330301804597,-1.28413083189116E-6));
#4807=CARTESIAN_POINT('',(-184.11853633307,-84.0416947784543,0.999998715869168));
#4808=CARTESIAN_POINT('',(-184.11853633307,-84.0416947784543,-1.28413083189116E-6));
#4809=CARTESIAN_POINT('',(-184.121531200226,-84.0503624195605,0.999998715869168));
#4810=CARTESIAN_POINT('',(-184.121531200226,-84.0503624195605,-1.28413083189116E-6));
#4811=CARTESIAN_POINT('',(-184.12456092194,-84.0591309355254,0.999998715869168));
#4812=CARTESIAN_POINT('',(-184.12456092194,-84.0591309355254,-1.28413083189116E-6));
#4813=CARTESIAN_POINT('',(-184.127582248173,-84.0679023666403,0.999998715869168));
#4814=CARTESIAN_POINT('',(-184.127582248173,-84.0679023666403,-1.28413083189116E-6));
#4815=CARTESIAN_POINT('',(-184.13059536009,-84.0766765975272,0.999998715869168));
#4816=CARTESIAN_POINT('',(-184.13059536009,-84.0766765975272,-1.28413083189116E-6));
#4817=CARTESIAN_POINT('',(-184.133454081007,-84.0850012393153,0.999998715869168));
#4818=CARTESIAN_POINT('',(-184.133454081007,-84.0850012393153,-1.28413083189116E-6));
#4819=CARTESIAN_POINT('',(-184.136304833248,-84.0933286334143,0.999998715869168));
#4820=CARTESIAN_POINT('',(-184.136304833248,-84.0933286334143,-1.28413083189116E-6));
#4821=CARTESIAN_POINT('',(-184.139146538473,-84.1016590918648,0.999998715869168));
#4822=CARTESIAN_POINT('',(-184.139146538473,-84.1016590918648,-1.28413083189116E-6));
#4823=CARTESIAN_POINT('',(-184.223006575565,-84.3474947783538,0.999998715869168));
#4824=CARTESIAN_POINT('',(-184.223006575565,-84.3474947783538,-1.28413083189116E-6));
#4825=CARTESIAN_POINT('',(-184.299386781494,-84.5964233722582,0.999998715869168));
#4826=CARTESIAN_POINT('',(-184.299386781494,-84.5964233722582,-1.28413083189116E-6));
#4827=CARTESIAN_POINT('',(-184.366747416993,-84.8472953992,0.999998715869168));
#4828=CARTESIAN_POINT('',(-184.366747416993,-84.8472953992,-1.28413083189116E-6));
#4829=CARTESIAN_POINT('',(-184.433004627085,-85.0940579255971,0.999998715869168));
#4830=CARTESIAN_POINT('',(-184.433004627085,-85.0940579255971,-1.28413083189116E-6));
#4831=CARTESIAN_POINT('',(-184.491488048053,-85.3462600930943,0.999998715869168));
#4832=CARTESIAN_POINT('',(-184.491488048053,-85.3462600930943,-1.28413083189116E-6));
#4833=CARTESIAN_POINT('',(-184.539038951517,-85.5973197311148,0.999998715869168));
#4834=CARTESIAN_POINT('',(-184.539038951517,-85.5973197311148,-1.28413083189116E-6));
#4835=CARTESIAN_POINT('',(-184.584422086755,-85.8369339692244,0.999998715869168));
#4836=CARTESIAN_POINT('',(-184.584422086755,-85.8369339692244,-1.28413083189116E-6));
#4837=CARTESIAN_POINT('',(-184.620819697761,-86.0806819665008,0.999998715869168));
#4838=CARTESIAN_POINT('',(-184.620819697761,-86.0806819665008,-1.28413083189116E-6));
#4839=CARTESIAN_POINT('',(-184.645263609874,-86.3233597572287,0.999998715869168));
#4840=CARTESIAN_POINT('',(-184.645263609874,-86.3233597572287,-1.28413083189116E-6));
#4841=CARTESIAN_POINT('',(-184.656859583782,-86.4384839368747,0.999998715869168));
#4842=CARTESIAN_POINT('',(-184.656859583782,-86.4384839368747,-1.28413083189116E-6));
#4843=CARTESIAN_POINT('',(-184.665853081002,-86.5542511420067,0.999998715869168));
#4844=CARTESIAN_POINT('',(-184.665853081002,-86.5542511420067,-1.28413083189116E-6));
#4845=CARTESIAN_POINT('',(-184.671867556102,-86.6698039329694,0.999998715869168));
#4846=CARTESIAN_POINT('',(-184.671867556102,-86.6698039329694,-1.28413083189116E-6));
#4847=CARTESIAN_POINT('',(-184.674767262927,-86.7255143999687,0.999998715869168));
#4848=CARTESIAN_POINT('',(-184.674767262927,-86.7255143999687,-1.28413083189116E-6));
#4849=CARTESIAN_POINT('',(-184.676989749175,-86.7814703435768,0.999998715869168));
#4850=CARTESIAN_POINT('',(-184.676989749175,-86.7814703435768,-1.28413083189116E-6));
#4851=CARTESIAN_POINT('',(-184.678473324039,-86.8372366816,0.999998715869168));
#4852=CARTESIAN_POINT('',(-184.678473324039,-86.8372366816,-1.28413083189116E-6));
#4853=CARTESIAN_POINT('',(-184.679920748595,-86.8916441597989,0.999998715869168));
#4854=CARTESIAN_POINT('',(-184.679920748595,-86.8916441597989,-1.28413083189116E-6));
#4855=CARTESIAN_POINT('',(-184.680656955002,-86.9455730994407,0.999998715869168));
#4856=CARTESIAN_POINT('',(-184.680656955002,-86.9455730994407,-1.28413083189116E-6));
#4857=CARTESIAN_POINT('',(-184.680656954933,-86.9999999962731,0.999998715869168));
#4858=CARTESIAN_POINT('',(-184.680656954933,-86.9999999962731,-1.28413083189116E-6));
#4859=CARTESIAN_POINT('',(-184.680656954865,-87.0544268935123,0.999998715869168));
#4860=CARTESIAN_POINT('',(-184.680656954865,-87.0544268935123,-1.28413083189116E-6));
#4861=CARTESIAN_POINT('',(-184.679920748311,-87.1083558344703,0.999998715869168));
#4862=CARTESIAN_POINT('',(-184.679920748311,-87.1083558344703,-1.28413083189116E-6));
#4863=CARTESIAN_POINT('',(-184.678473323778,-87.1627633130761,0.999998715869168));
#4864=CARTESIAN_POINT('',(-184.678473323778,-87.1627633130761,-1.28413083189116E-6));
#4865=CARTESIAN_POINT('',(-184.676989748901,-87.2185296529315,0.999998715869168));
#4866=CARTESIAN_POINT('',(-184.676989748901,-87.2185296529315,-1.28413083189116E-6));
#4867=CARTESIAN_POINT('',(-184.674767262797,-87.2744855968294,0.999998715869168));
#4868=CARTESIAN_POINT('',(-184.674767262797,-87.2744855968294,-1.28413083189116E-6));
#4869=CARTESIAN_POINT('',(-184.671867555761,-87.3301960656538,0.999998715869168));
#4870=CARTESIAN_POINT('',(-184.671867555761,-87.3301960656538,-1.28413083189116E-6));
#4871=CARTESIAN_POINT('',(-184.665853080335,-87.4457488582411,0.999998715869168));
#4872=CARTESIAN_POINT('',(-184.665853080335,-87.4457488582411,-1.28413083189116E-6));
#4873=CARTESIAN_POINT('',(-184.656859581073,-87.5615160775305,0.999998715869168));
#4874=CARTESIAN_POINT('',(-184.656859581073,-87.5615160775305,-1.28413083189116E-6));
#4875=CARTESIAN_POINT('',(-184.645263607579,-87.6766402588487,0.999998715869168));
#4876=CARTESIAN_POINT('',(-184.645263607579,-87.6766402588487,-1.28413083189116E-6));
#4877=CARTESIAN_POINT('',(-184.620819695586,-87.9193180605885,0.999998715869168));
#4878=CARTESIAN_POINT('',(-184.620819695586,-87.9193180605885,-1.28413083189116E-6));
#4879=CARTESIAN_POINT('',(-184.584422096402,-88.1630659972593,0.999998715869168));
#4880=CARTESIAN_POINT('',(-184.584422096402,-88.1630659972593,-1.28413083189116E-6));
#4881=CARTESIAN_POINT('',(-184.539038955922,-88.402680245624,0.999998715869168));
#4882=CARTESIAN_POINT('',(-184.539038955922,-88.402680245624,-1.28413083189116E-6));
#4883=CARTESIAN_POINT('',(-184.491488052412,-88.6537398656337,0.999998715869168));
#4884=CARTESIAN_POINT('',(-184.491488052412,-88.6537398656337,-1.28413083189116E-6));
#4885=CARTESIAN_POINT('',(-184.433004607669,-88.9059421314018,0.999998715869168));
#4886=CARTESIAN_POINT('',(-184.433004607669,-88.9059421314018,-1.28413083189116E-6));
#4887=CARTESIAN_POINT('',(-184.366747406003,-89.1527046417182,0.999998715869168));
#4888=CARTESIAN_POINT('',(-184.366747406003,-89.1527046417182,-1.28413083189116E-6));
#4889=CARTESIAN_POINT('',(-184.299386726623,-89.4035768476435,0.999998715869168));
#4890=CARTESIAN_POINT('',(-184.299386726623,-89.4035768476435,-1.28413083189116E-6));
#4891=CARTESIAN_POINT('',(-184.223006565501,-89.6525052410984,0.999998715869168));
#4892=CARTESIAN_POINT('',(-184.223006565501,-89.6525052410984,-1.28413083189116E-6));
#4893=CARTESIAN_POINT('',(-184.139146471612,-89.8983411024285,0.999998715869168));
#4894=CARTESIAN_POINT('',(-184.139146471612,-89.8983411024285,-1.28413083189116E-6));
#4895=CARTESIAN_POINT('',(-184.136304757212,-89.906671588062,0.999998715869168));
#4896=CARTESIAN_POINT('',(-184.136304757212,-89.906671588062,-1.28413083189116E-6));
#4897=CARTESIAN_POINT('',(-184.133453997627,-89.9149990038488,0.999998715869168));
#4898=CARTESIAN_POINT('',(-184.133453997627,-89.9149990038488,-1.28413083189116E-6));
#4899=CARTESIAN_POINT('',(-184.130595271791,-89.9233236596097,0.999998715869168));
#4900=CARTESIAN_POINT('',(-184.130595271791,-89.9233236596097,-1.28413083189116E-6));
#4901=CARTESIAN_POINT('',(-184.12758214749,-89.9320979261931,0.999998715869168));
#4902=CARTESIAN_POINT('',(-184.12758214749,-89.9320979261931,-1.28413083189116E-6));
#4903=CARTESIAN_POINT('',(-184.12456081075,-89.9408693869236,0.999998715869168));
#4904=CARTESIAN_POINT('',(-184.12456081075,-89.9408693869236,-1.28413083189116E-6));
#4905=CARTESIAN_POINT('',(-184.121531080489,-89.9496379268685,0.999998715869168));
#4906=CARTESIAN_POINT('',(-184.121531080489,-89.9496379268685,-1.28413083189116E-6));
#4907=CARTESIAN_POINT('',(-184.118536220022,-89.9583055478695,0.999998715869168));
#4908=CARTESIAN_POINT('',(-184.118536220022,-89.9583055478695,-1.28413083189116E-6));
#4909=CARTESIAN_POINT('',(-184.115532485415,-89.9669701190096,0.999998715869168));
#4910=CARTESIAN_POINT('',(-184.115532485415,-89.9669701190096,-1.28413083189116E-6));
#4911=CARTESIAN_POINT('',(-184.112519957811,-89.9756316078008,0.999998715869168));
#4912=CARTESIAN_POINT('',(-184.112519957811,-89.9756316078008,-1.28413083189116E-6));
#4913=CARTESIAN_POINT('',(-184.109442395161,-89.9844800825344,0.999998715869168));
#4914=CARTESIAN_POINT('',(-184.109442395161,-89.9844800825344,-1.28413083189116E-6));
#4915=CARTESIAN_POINT('',(-184.106356068214,-89.993325523898,0.999998715869168));
#4916=CARTESIAN_POINT('',(-184.106356068214,-89.993325523898,-1.28413083189116E-6));
#4917=CARTESIAN_POINT('',(-184.103261478588,-90.0021680512148,0.999998715869168));
#4918=CARTESIAN_POINT('',(-184.103261478588,-90.0021680512148,-1.28413083189116E-6));
#4919=CARTESIAN_POINT('',(-184.012557904779,-90.2613458182977,0.999998715869168));
#4920=CARTESIAN_POINT('',(-184.012557904779,-90.2613458182977,-1.28413083189116E-6));
#4921=CARTESIAN_POINT('',(-183.91509650227,-90.5166954060578,0.999998715869168));
#4922=CARTESIAN_POINT('',(-183.91509650227,-90.5166954060578,-1.28413083189116E-6));
#4923=CARTESIAN_POINT('',(-183.811605147579,-90.7710222701189,0.999998715869168));
#4924=CARTESIAN_POINT('',(-183.811605147579,-90.7710222701189,-1.28413083189116E-6));
#4925=CARTESIAN_POINT('',(-183.703054290165,-91.0377827086086,0.999998715869168));
#4926=CARTESIAN_POINT('',(-183.703054290165,-91.0377827086086,-1.28413083189116E-6));
#4927=CARTESIAN_POINT('',(-183.588286483369,-91.3023682804642,0.999998715869168));
#4928=CARTESIAN_POINT('',(-183.588286483369,-91.3023682804642,-1.28413083189116E-6));
#4929=CARTESIAN_POINT('',(-183.46970513262,-91.5648083790247,0.999998715869168));
#4930=CARTESIAN_POINT('',(-183.46970513262,-91.5648083790247,-1.28413083189116E-6));
#4931=CARTESIAN_POINT('',(-183.342522515983,-91.8462844984497,0.999998715869168));
#4932=CARTESIAN_POINT('',(-183.342522515983,-91.8462844984497,-1.28413083189116E-6));
#4933=CARTESIAN_POINT('',(-183.208804333455,-92.1299998545951,0.999998715869168));
#4934=CARTESIAN_POINT('',(-183.208804333455,-92.1299998545951,-1.28413083189116E-6));
#4935=CARTESIAN_POINT('',(-183.074911434157,-92.4083353782689,0.999998715869168));
#4936=CARTESIAN_POINT('',(-183.074911434157,-92.4083353782689,-1.28413083189116E-6));
#4937=CARTESIAN_POINT('',(-182.928091418962,-92.713543690505,0.999998715869168));
#4938=CARTESIAN_POINT('',(-182.928091418962,-92.713543690505,-1.28413083189116E-6));
#4939=CARTESIAN_POINT('',(-182.77865816903,-93.0175076754531,0.999998715869168));
#4940=CARTESIAN_POINT('',(-182.77865816903,-93.0175076754531,-1.28413083189116E-6));
#4941=CARTESIAN_POINT('',(-182.628972877372,-93.3213131615762,0.999998715869168));
#4942=CARTESIAN_POINT('',(-182.628972877372,-93.3213131615762,-1.28413083189116E-6));
#4943=CARTESIAN_POINT('',(-182.623978424109,-93.3314500446627,0.999998715869168));
#4944=CARTESIAN_POINT('',(-182.623978424109,-93.3314500446627,-1.28413083189116E-6));
#4945=CARTESIAN_POINT('',(-182.618983573038,-93.3415867317483,0.999998715869168));
#4946=CARTESIAN_POINT('',(-182.618983573038,-93.3415867317483,-1.28413083189116E-6));
#4947=CARTESIAN_POINT('',(-182.613989150082,-93.3517236297671,0.999998715869168));
#4948=CARTESIAN_POINT('',(-182.613989150082,-93.3517236297671,-1.28413083189116E-6));
#4949=CARTESIAN_POINT('',(-182.608987976871,-93.3618742283982,0.999998715869168));
#4950=CARTESIAN_POINT('',(-182.608987976871,-93.3618742283982,-1.28413083189116E-6));
#4951=CARTESIAN_POINT('',(-182.603987232817,-93.3720250384827,0.999998715869168));
#4952=CARTESIAN_POINT('',(-182.603987232817,-93.3720250384827,-1.28413083189116E-6));
#4953=CARTESIAN_POINT('',(-182.598986445989,-93.3821758274735,0.999998715869168));
#4954=CARTESIAN_POINT('',(-182.598986445989,-93.3821758274735,-1.28413083189116E-6));
#4955=CARTESIAN_POINT('',(-182.593982115084,-93.3923338103675,0.999998715869168));
#4956=CARTESIAN_POINT('',(-182.593982115084,-93.3923338103675,-1.28413083189116E-6));
#4957=CARTESIAN_POINT('',(-182.588977740113,-93.4024917715553,0.999998715869168));
#4958=CARTESIAN_POINT('',(-182.588977740113,-93.4024917715553,-1.28413083189116E-6));
#4959=CARTESIAN_POINT('',(-182.583973623851,-93.4126498601902,0.999998715869168));
#4960=CARTESIAN_POINT('',(-182.583973623851,-93.4126498601902,-1.28413083189116E-6));
#4961=CARTESIAN_POINT('',(-182.57905271123,-93.4226390498811,0.999998715869168));
#4962=CARTESIAN_POINT('',(-182.57905271123,-93.4226390498811,-1.28413083189116E-6));
#4963=CARTESIAN_POINT('',(-182.574132055756,-93.4326283662549,0.999998715869168));
#4964=CARTESIAN_POINT('',(-182.574132055756,-93.4326283662549,-1.28413083189116E-6));
#4965=CARTESIAN_POINT('',(-182.569211497752,-93.442617730627,0.999998715869168));
#4966=CARTESIAN_POINT('',(-182.569211497752,-93.442617730627,-1.28413083189116E-6));
#4967=CARTESIAN_POINT('',(-182.502995001125,-93.5770457186061,0.999998715869168));
#4968=CARTESIAN_POINT('',(-182.502995001125,-93.5770457186061,-1.28413083189116E-6));
#4969=CARTESIAN_POINT('',(-182.436801577394,-93.711485304153,0.999998715869168));
#4970=CARTESIAN_POINT('',(-182.436801577394,-93.711485304153,-1.28413083189116E-6));
#4971=CARTESIAN_POINT('',(-182.370826782492,-93.8460320050258,0.999998715869168));
#4972=CARTESIAN_POINT('',(-182.370826782492,-93.8460320050258,-1.28413083189116E-6));
#4973=CARTESIAN_POINT('',(-182.301289409207,-93.9878441042788,0.999998715869168));
#4974=CARTESIAN_POINT('',(-182.301289409207,-93.9878441042788,-1.28413083189116E-6));
#4975=CARTESIAN_POINT('',(-182.231991236262,-94.1297751850943,0.999998715869168));
#4976=CARTESIAN_POINT('',(-182.231991236262,-94.1297751850943,-1.28413083189116E-6));
#4977=CARTESIAN_POINT('',(-182.163136961099,-94.2719195174268,0.999998715869168));
#4978=CARTESIAN_POINT('',(-182.163136961099,-94.2719195174268,-1.28413083189116E-6));
#4979=CARTESIAN_POINT('',(-182.091884799119,-94.4190141018657,0.999998715869168));
#4980=CARTESIAN_POINT('',(-182.091884799119,-94.4190141018657,-1.28413083189116E-6));
#4981=CARTESIAN_POINT('',(-182.021101814522,-94.566340691674,0.999998715869168));
#4982=CARTESIAN_POINT('',(-182.021101814522,-94.566340691674,-1.28413083189116E-6));
#4983=CARTESIAN_POINT('',(-181.951022547582,-94.7139956665128,0.999998715869168));
#4984=CARTESIAN_POINT('',(-181.951022547582,-94.7139956665128,-1.28413083189116E-6));
#4985=CARTESIAN_POINT('',(-181.879435914751,-94.8648266173898,0.999998715869168));
#4986=CARTESIAN_POINT('',(-181.879435914751,-94.8648266173898,-1.28413083189116E-6));
#4987=CARTESIAN_POINT('',(-181.808592673992,-95.0160208558273,0.999998715869168));
#4988=CARTESIAN_POINT('',(-181.808592673992,-95.0160208558273,-1.28413083189116E-6));
#4989=CARTESIAN_POINT('',(-181.738783400478,-95.1676780875171,0.999998715869168));
#4990=CARTESIAN_POINT('',(-181.738783400478,-95.1676780875171,-1.28413083189116E-6));
#4991=CARTESIAN_POINT('',(-181.671896221309,-95.3129872121872,0.999998715869168));
#4992=CARTESIAN_POINT('',(-181.671896221309,-95.3129872121872,-1.28413083189116E-6));
#4993=CARTESIAN_POINT('',(-181.605965577175,-95.458753274514,0.999998715869168));
#4994=CARTESIAN_POINT('',(-181.605965577175,-95.458753274514,-1.28413083189116E-6));
#4995=CARTESIAN_POINT('',(-181.541295548814,-95.6050553244684,0.999998715869168));
#4996=CARTESIAN_POINT('',(-181.541295548814,-95.6050553244684,-1.28413083189116E-6));
#4997=CARTESIAN_POINT('',(-181.471217968178,-95.7635908000607,0.999998715869168));
#4998=CARTESIAN_POINT('',(-181.471217968178,-95.7635908000607,-1.28413083189116E-6));
#4999=CARTESIAN_POINT('',(-181.402823476851,-95.9222026815271,0.999998715869168));
#5000=CARTESIAN_POINT('',(-181.402823476851,-95.9222026815271,-1.28413083189116E-6));
#5001=CARTESIAN_POINT('',(-181.33602884478,-96.082150621329,0.999998715869168));
#5002=CARTESIAN_POINT('',(-181.33602884478,-96.082150621329,-1.28413083189116E-6));
#5003=CARTESIAN_POINT('',(-181.264526561748,-96.2533716088171,0.999998715869168));
#5004=CARTESIAN_POINT('',(-181.264526561748,-96.2533716088171,-1.28413083189116E-6));
#5005=CARTESIAN_POINT('',(-181.195329426956,-96.4250019766152,0.999998715869168));
#5006=CARTESIAN_POINT('',(-181.195329426956,-96.4250019766152,-1.28413083189116E-6));
#5007=CARTESIAN_POINT('',(-181.128548119369,-96.5981213497212,0.999998715869168));
#5008=CARTESIAN_POINT('',(-181.128548119369,-96.5981213497212,-1.28413083189116E-6));
#5009=CARTESIAN_POINT('',(-181.056878183351,-96.7839136745847,0.999998715869168));
#5010=CARTESIAN_POINT('',(-181.056878183351,-96.7839136745847,-1.28413083189116E-6));
#5011=CARTESIAN_POINT('',(-180.989691262152,-96.967039003071,0.999998715869168));
#5012=CARTESIAN_POINT('',(-180.989691262152,-96.967039003071,-1.28413083189116E-6));
#5013=CARTESIAN_POINT('',(-180.924853424256,-97.1553288930888,0.999998715869168));
#5014=CARTESIAN_POINT('',(-180.924853424256,-97.1553288930888,-1.28413083189116E-6));
#5015=CARTESIAN_POINT('',(-180.865286991676,-97.3283105563155,0.999998715869168));
#5016=CARTESIAN_POINT('',(-180.865286991676,-97.3283105563155,-1.28413083189116E-6));
#5017=CARTESIAN_POINT('',(-180.810165963421,-97.4985532506143,0.999998715869168));
#5018=CARTESIAN_POINT('',(-180.810165963421,-97.4985532506143,-1.28413083189116E-6));
#5019=CARTESIAN_POINT('',(-180.757585612008,-97.673788794056,0.999998715869168));
#5020=CARTESIAN_POINT('',(-180.757585612008,-97.673788794056,-1.28413083189116E-6));
#5021=CARTESIAN_POINT('',(-180.698355139185,-97.8711873243954,0.999998715869168));
#5022=CARTESIAN_POINT('',(-180.698355139185,-97.8711873243954,-1.28413083189116E-6));
#5023=CARTESIAN_POINT('',(-180.64461896967,-98.0674436436616,0.999998715869168));
#5024=CARTESIAN_POINT('',(-180.64461896967,-98.0674436436616,-1.28413083189116E-6));
#5025=CARTESIAN_POINT('',(-180.595794405677,-98.267677024829,0.999998715869168));
#5026=CARTESIAN_POINT('',(-180.595794405677,-98.267677024829,-1.28413083189116E-6));
#5027=CARTESIAN_POINT('',(-180.540555235569,-98.4942172107353,0.999998715869168));
#5028=CARTESIAN_POINT('',(-180.540555235569,-98.4942172107353,-1.28413083189116E-6));
#5029=CARTESIAN_POINT('',(-180.492986382647,-98.7202873507074,0.999998715869168));
#5030=CARTESIAN_POINT('',(-180.492986382647,-98.7202873507074,-1.28413083189116E-6));
#5031=CARTESIAN_POINT('',(-180.45318568946,-98.9500539956944,0.999998715869168));
#5032=CARTESIAN_POINT('',(-180.45318568946,-98.9500539956944,-1.28413083189116E-6));
#5033=CARTESIAN_POINT('',(-180.408094177474,-99.2103641711456,0.999998715869168));
#5034=CARTESIAN_POINT('',(-180.408094177474,-99.2103641711456,-1.28413083189116E-6));
#5035=CARTESIAN_POINT('',(-180.374275943471,-99.4681499235876,0.999998715869168));
#5036=CARTESIAN_POINT('',(-180.374275943471,-99.4681499235876,-1.28413083189116E-6));
#5037=CARTESIAN_POINT('',(-180.351732753891,-99.731387904264,0.999998715869168));
#5038=CARTESIAN_POINT('',(-180.351732753891,-99.731387904264,-1.28413083189116E-6));
#5039=CARTESIAN_POINT('',(-180.350665046428,-99.7438555790513,0.999998715869168));
#5040=CARTESIAN_POINT('',(-180.350665046428,-99.7438555790513,-1.28413083189116E-6));
#5041=CARTESIAN_POINT('',(-180.349623555417,-99.7563256009853,0.999998715869168));
#5042=CARTESIAN_POINT('',(-180.349623555417,-99.7563256009853,-1.28413083189116E-6));
#5043=CARTESIAN_POINT('',(-180.348611489401,-99.7687978698207,0.999998715869168));
#5044=CARTESIAN_POINT('',(-180.348611489401,-99.7687978698207,-1.28413083189116E-6));
#5045=CARTESIAN_POINT('',(-180.34758893433,-99.7813994012827,0.999998715869168));
#5046=CARTESIAN_POINT('',(-180.34758893433,-99.7813994012827,-1.28413083189116E-6));
#5047=CARTESIAN_POINT('',(-180.346596521143,-99.7940034844423,0.999998715869168));
#5048=CARTESIAN_POINT('',(-180.346596521143,-99.7940034844423,-1.28413083189116E-6));
#5049=CARTESIAN_POINT('',(-180.345631213476,-99.8066094804381,0.999998715869168));
#5050=CARTESIAN_POINT('',(-180.345631213476,-99.8066094804381,-1.28413083189116E-6));
#5051=CARTESIAN_POINT('',(-180.344645995094,-99.8194754913384,0.999998715869168));
#5052=CARTESIAN_POINT('',(-180.344645995094,-99.8194754913384,-1.28413083189116E-6));
#5053=CARTESIAN_POINT('',(-180.343688774605,-99.8323437502022,0.999998715869168));
#5054=CARTESIAN_POINT('',(-180.343688774605,-99.8323437502022,-1.28413083189116E-6));
#5055=CARTESIAN_POINT('',(-180.342760748131,-99.8452139652186,0.999998715869168));
#5056=CARTESIAN_POINT('',(-180.342760748131,-99.8452139652186,-1.28413083189116E-6));
#5057=CARTESIAN_POINT('',(-180.341818703841,-99.8582785845001,0.999998715869168));
#5058=CARTESIAN_POINT('',(-180.341818703841,-99.8582785845001,-1.28413083189116E-6));
#5059=CARTESIAN_POINT('',(-180.340906687955,-99.8713454810206,0.999998715869168));
#5060=CARTESIAN_POINT('',(-180.340906687955,-99.8713454810206,-1.28413083189116E-6));
#5061=CARTESIAN_POINT('',(-180.340024517217,-99.8844142280204,0.999998715869168));
#5062=CARTESIAN_POINT('',(-180.340024517217,-99.8844142280204,-1.28413083189116E-6));
#5063=CARTESIAN_POINT('',(-180.320509895682,-100.173509797253,0.999998715869168));
#5064=CARTESIAN_POINT('',(-180.320509895682,-100.173509797253,-1.28413083189116E-6));
#5065=CARTESIAN_POINT('',(-180.315644368156,-100.463615889066,0.999998715869168));
#5066=CARTESIAN_POINT('',(-180.315644368156,-100.463615889066,-1.28413083189116E-6));
#5067=CARTESIAN_POINT('',(-180.32667000207,-100.753180917256,0.999998715869168));
#5068=CARTESIAN_POINT('',(-180.32667000207,-100.753180917256,-1.28413083189116E-6));
#5069=CARTESIAN_POINT('',(-180.338468054572,-101.063031891053,0.999998715869168));
#5070=CARTESIAN_POINT('',(-180.338468054572,-101.063031891053,-1.28413083189116E-6));
#5071=CARTESIAN_POINT('',(-180.368486241395,-101.373118980622,0.999998715869168));
#5072=CARTESIAN_POINT('',(-180.368486241395,-101.373118980622,-1.28413083189116E-6));
#5073=CARTESIAN_POINT('',(-180.417145099762,-101.679369190829,0.999998715869168));
#5074=CARTESIAN_POINT('',(-180.417145099762,-101.679369190829,-1.28413083189116E-6));
#5075=CARTESIAN_POINT('',(-180.442531364566,-101.839145831582,0.999998715869168));
#5076=CARTESIAN_POINT('',(-180.442531364566,-101.839145831582,-1.28413083189116E-6));
#5077=CARTESIAN_POINT('',(-180.472964368724,-101.997716593355,0.999998715869168));
#5078=CARTESIAN_POINT('',(-180.472964368724,-101.997716593355,-1.28413083189116E-6));
#5079=CARTESIAN_POINT('',(-180.508639508175,-102.155516167055,0.999998715869168));
#5080=CARTESIAN_POINT('',(-180.508639508175,-102.155516167055,-1.28413083189116E-6));
#5081=CARTESIAN_POINT('',(-180.545062836695,-102.316625157847,0.999998715869168));
#5082=CARTESIAN_POINT('',(-180.545062836695,-102.316625157847,-1.28413083189116E-6));
#5083=CARTESIAN_POINT('',(-180.587183027928,-102.47796125386,0.999998715869168));
#5084=CARTESIAN_POINT('',(-180.587183027928,-102.47796125386,-1.28413083189116E-6));
#5085=CARTESIAN_POINT('',(-180.634147988389,-102.636318460349,0.999998715869168));
#5086=CARTESIAN_POINT('',(-180.634147988389,-102.636318460349,-1.28413083189116E-6));
#5087=CARTESIAN_POINT('',(-180.728834391897,-102.955583593427,0.999998715869168));
#5088=CARTESIAN_POINT('',(-180.728834391897,-102.955583593427,-1.28413083189116E-6));
#5089=CARTESIAN_POINT('',(-180.844420707655,-103.266822204501,0.999998715869168));
#5090=CARTESIAN_POINT('',(-180.844420707655,-103.266822204501,-1.28413083189116E-6));
#5091=CARTESIAN_POINT('',(-180.980881460821,-103.570583639444,0.999998715869168));
#5092=CARTESIAN_POINT('',(-180.980881460821,-103.570583639444,-1.28413083189116E-6));
#5093=CARTESIAN_POINT('',(-181.008011125111,-103.630974232073,0.999998715869168));
#5094=CARTESIAN_POINT('',(-181.008011125111,-103.630974232073,-1.28413083189116E-6));
#5095=CARTESIAN_POINT('',(-181.036267128864,-103.691739368538,0.999998715869168));
#5096=CARTESIAN_POINT('',(-181.036267128864,-103.691739368538,-1.28413083189116E-6));
#5097=CARTESIAN_POINT('',(-181.064971563004,-103.751397592035,0.999998715869168));
#5098=CARTESIAN_POINT('',(-181.064971563004,-103.751397592035,-1.28413083189116E-6));
#5099=CARTESIAN_POINT('',(-181.092963075861,-103.809574106571,0.999998715869168));
#5100=CARTESIAN_POINT('',(-181.092963075861,-103.809574106571,-1.28413083189116E-6));
#5101=CARTESIAN_POINT('',(-181.121448967384,-103.866839223604,0.999998715869168));
#5102=CARTESIAN_POINT('',(-181.121448967384,-103.866839223604,-1.28413083189116E-6));
#5103=CARTESIAN_POINT('',(-181.150946786788,-103.924266586781,0.999998715869168));
#5104=CARTESIAN_POINT('',(-181.150946786788,-103.924266586781,-1.28413083189116E-6));
#5105=CARTESIAN_POINT('',(-181.208105570134,-104.035545260128,0.999998715869168));
#5106=CARTESIAN_POINT('',(-181.208105570134,-104.035545260128,-1.28413083189116E-6));
#5107=CARTESIAN_POINT('',(-181.268342305776,-104.146028808386,0.999998715869168));
#5108=CARTESIAN_POINT('',(-181.268342305776,-104.146028808386,-1.28413083189116E-6));
#5109=CARTESIAN_POINT('',(-181.330875115206,-104.254378354007,0.999998715869168));
#5110=CARTESIAN_POINT('',(-181.330875115206,-104.254378354007,-1.28413083189116E-6));
#5111=CARTESIAN_POINT('',(-181.391164639671,-104.358840997555,0.999998715869168));
#5112=CARTESIAN_POINT('',(-181.391164639671,-104.358840997555,-1.28413083189116E-6));
#5113=CARTESIAN_POINT('',(-181.453595867045,-104.46133266702,0.999998715869168));
#5114=CARTESIAN_POINT('',(-181.453595867045,-104.46133266702,-1.28413083189116E-6));
#5115=CARTESIAN_POINT('',(-181.518706333567,-104.562859888774,0.999998715869168));
#5116=CARTESIAN_POINT('',(-181.518706333567,-104.562859888774,-1.28413083189116E-6));
#5117=CARTESIAN_POINT('',(-181.550183746761,-104.611942847019,0.999998715869168));
#5118=CARTESIAN_POINT('',(-181.550183746761,-104.611942847019,-1.28413083189116E-6));
#5119=CARTESIAN_POINT('',(-181.582399083517,-104.660974661004,0.999998715869168));
#5120=CARTESIAN_POINT('',(-181.582399083517,-104.660974661004,-1.28413083189116E-6));
#5121=CARTESIAN_POINT('',(-181.614946752318,-104.709354509144,0.999998715869168));
#5122=CARTESIAN_POINT('',(-181.614946752318,-104.709354509144,-1.28413083189116E-6));
#5123=CARTESIAN_POINT('',(-181.646543171419,-104.756320390701,0.999998715869168));
#5124=CARTESIAN_POINT('',(-181.646543171419,-104.756320390701,-1.28413083189116E-6));
#5125=CARTESIAN_POINT('',(-181.678463835842,-104.80268828299,0.999998715869168));
#5126=CARTESIAN_POINT('',(-181.678463835842,-104.80268828299,-1.28413083189116E-6));
#5127=CARTESIAN_POINT('',(-181.711062661583,-104.848964045317,0.999998715869168));
#5128=CARTESIAN_POINT('',(-181.711062661583,-104.848964045317,-1.28413083189116E-6));
#5129=CARTESIAN_POINT('',(-181.887377178694,-105.099251854868,0.999998715869168));
#5130=CARTESIAN_POINT('',(-181.887377178694,-105.099251854868,-1.28413083189116E-6));
#5131=CARTESIAN_POINT('',(-182.078100245032,-105.33914472773,0.999998715869168));
#5132=CARTESIAN_POINT('',(-182.078100245032,-105.33914472773,-1.28413083189116E-6));
#5133=CARTESIAN_POINT('',(-182.280939937097,-105.568422148536,0.999998715869168));
#5134=CARTESIAN_POINT('',(-182.280939937097,-105.568422148536,-1.28413083189116E-6));
#5135=CARTESIAN_POINT('',(-182.371556443294,-105.670849432918,0.999998715869168));
#5136=CARTESIAN_POINT('',(-182.371556443294,-105.670849432918,-1.28413083189116E-6));
#5137=CARTESIAN_POINT('',(-182.463377462354,-105.769791424224,0.999998715869168));
#5138=CARTESIAN_POINT('',(-182.463377462354,-105.769791424224,-1.28413083189116E-6));
#5139=CARTESIAN_POINT('',(-182.558610993998,-105.867938425922,0.999998715869168));
#5140=CARTESIAN_POINT('',(-182.558610993998,-105.867938425922,-1.28413083189116E-6));
#5141=CARTESIAN_POINT('',(-182.647661944244,-105.959713703117,0.999998715869168));
#5142=CARTESIAN_POINT('',(-182.647661944244,-105.959713703117,-1.28413083189116E-6));
#5143=CARTESIAN_POINT('',(-182.738881215016,-106.049956850749,0.999998715869168));
#5144=CARTESIAN_POINT('',(-182.738881215016,-106.049956850749,-1.28413083189116E-6));
#5145=CARTESIAN_POINT('',(-182.831567304115,-106.138058824883,0.999998715869168));
#5146=CARTESIAN_POINT('',(-182.831567304115,-106.138058824883,-1.28413083189116E-6));
#5147=CARTESIAN_POINT('',(-182.917936249635,-106.220156091885,0.999998715869168));
#5148=CARTESIAN_POINT('',(-182.917936249635,-106.220156091885,-1.28413083189116E-6));
#5149=CARTESIAN_POINT('',(-183.005708469168,-106.300517312298,0.999998715869168));
#5150=CARTESIAN_POINT('',(-183.005708469168,-106.300517312298,-1.28413083189116E-6));
#5151=CARTESIAN_POINT('',(-183.094957434442,-106.379472383044,0.999998715869168));
#5152=CARTESIAN_POINT('',(-183.094957434442,-106.379472383044,-1.28413083189116E-6));
#5153=CARTESIAN_POINT('',(-183.177301854034,-106.45231927213,0.999998715869168));
#5154=CARTESIAN_POINT('',(-183.177301854034,-106.45231927213,-1.28413083189116E-6));
#5155=CARTESIAN_POINT('',(-183.259925537378,-106.523106666949,0.999998715869168));
#5156=CARTESIAN_POINT('',(-183.259925537378,-106.523106666949,-1.28413083189116E-6));
#5157=CARTESIAN_POINT('',(-183.344474649971,-106.593381866127,0.999998715869168));
#5158=CARTESIAN_POINT('',(-183.344474649971,-106.593381866127,-1.28413083189116E-6));
#5159=CARTESIAN_POINT('',(-183.422889963332,-106.65855879816,0.999998715869168));
#5160=CARTESIAN_POINT('',(-183.422889963332,-106.65855879816,-1.28413083189116E-6));
#5161=CARTESIAN_POINT('',(-183.502131323892,-106.722607148246,0.999998715869168));
#5162=CARTESIAN_POINT('',(-183.502131323892,-106.722607148246,-1.28413083189116E-6));
#5163=CARTESIAN_POINT('',(-183.582267412503,-106.785655931065,0.999998715869168));
#5164=CARTESIAN_POINT('',(-183.582267412503,-106.785655931065,-1.28413083189116E-6));
#5165=CARTESIAN_POINT('',(-183.657102976554,-106.844534412743,0.999998715869168));
#5166=CARTESIAN_POINT('',(-183.657102976554,-106.844534412743,-1.28413083189116E-6));
#5167=CARTESIAN_POINT('',(-183.731932837027,-106.901924033803,0.999998715869168));
#5168=CARTESIAN_POINT('',(-183.731932837027,-106.901924033803,-1.28413083189116E-6));
#5169=CARTESIAN_POINT('',(-183.808122087527,-106.959039159149,0.999998715869168));
#5170=CARTESIAN_POINT('',(-183.808122087527,-106.959039159149,-1.28413083189116E-6));
#5171=CARTESIAN_POINT('',(-183.892371543658,-107.022196602169,0.999998715869168));
#5172=CARTESIAN_POINT('',(-183.892371543658,-107.022196602169,-1.28413083189116E-6));
#5173=CARTESIAN_POINT('',(-183.976553282152,-107.083723814624,0.999998715869168));
#5174=CARTESIAN_POINT('',(-183.976553282152,-107.083723814624,-1.28413083189116E-6));
#5175=CARTESIAN_POINT('',(-184.062268286512,-107.144877018503,0.999998715869168));
#5176=CARTESIAN_POINT('',(-184.062268286512,-107.144877018503,-1.28413083189116E-6));
#5177=CARTESIAN_POINT('',(-184.144170057585,-107.203309678477,0.999998715869168));
#5178=CARTESIAN_POINT('',(-184.144170057585,-107.203309678477,-1.28413083189116E-6));
#5179=CARTESIAN_POINT('',(-184.226606011975,-107.260784149582,0.999998715869168));
#5180=CARTESIAN_POINT('',(-184.226606011975,-107.260784149582,-1.28413083189116E-6));
#5181=CARTESIAN_POINT('',(-184.309701717462,-107.317505508669,0.999998715869168));
#5182=CARTESIAN_POINT('',(-184.309701717462,-107.317505508669,-1.28413083189116E-6));
#5183=CARTESIAN_POINT('',(-184.466418674083,-107.424480938018,0.999998715869168));
#5184=CARTESIAN_POINT('',(-184.466418674083,-107.424480938018,-1.28413083189116E-6));
#5185=CARTESIAN_POINT('',(-184.624043490061,-107.527799786532,0.999998715869168));
#5186=CARTESIAN_POINT('',(-184.624043490061,-107.527799786532,-1.28413083189116E-6));
#5187=CARTESIAN_POINT('',(-184.7843210382,-107.629356194521,0.999998715869168));
#5188=CARTESIAN_POINT('',(-184.7843210382,-107.629356194521,-1.28413083189116E-6));
#5189=CARTESIAN_POINT('',(-184.930582692447,-107.722031733948,0.999998715869168));
#5190=CARTESIAN_POINT('',(-184.930582692447,-107.722031733948,-1.28413083189116E-6));
#5191=CARTESIAN_POINT('',(-185.077159008793,-107.812046596746,0.999998715869168));
#5192=CARTESIAN_POINT('',(-185.077159008793,-107.812046596746,-1.28413083189116E-6));
#5193=CARTESIAN_POINT('',(-185.225705156834,-107.901010286024,0.999998715869168));
#5194=CARTESIAN_POINT('',(-185.225705156834,-107.901010286024,-1.28413083189116E-6));
#5195=CARTESIAN_POINT('',(-185.293890621943,-107.941846286225,0.999998715869168));
#5196=CARTESIAN_POINT('',(-185.293890621943,-107.941846286225,-1.28413083189116E-6));
#5197=CARTESIAN_POINT('',(-185.362286080516,-107.9823374586,0.999998715869168));
#5198=CARTESIAN_POINT('',(-185.362286080516,-107.9823374586,-1.28413083189116E-6));
#5199=CARTESIAN_POINT('',(-185.430860561599,-108.022513982613,0.999998715869168));
#5200=CARTESIAN_POINT('',(-185.430860561599,-108.022513982613,-1.28413083189116E-6));
#5201=CARTESIAN_POINT('',(-185.495527222476,-108.060400986823,0.999998715869168));
#5202=CARTESIAN_POINT('',(-185.495527222476,-108.060400986823,-1.28413083189116E-6));
#5203=CARTESIAN_POINT('',(-185.560359978191,-108.098008117162,0.999998715869168));
#5204=CARTESIAN_POINT('',(-185.560359978191,-108.098008117162,-1.28413083189116E-6));
#5205=CARTESIAN_POINT('',(-185.625319142319,-108.135389606874,0.999998715869168));
#5206=CARTESIAN_POINT('',(-185.625319142319,-108.135389606874,-1.28413083189116E-6));
#5207=CARTESIAN_POINT('',(-185.834520475261,-108.25577689295,0.999998715869168));
#5208=CARTESIAN_POINT('',(-185.834520475261,-108.25577689295,-1.28413083189116E-6));
#5209=CARTESIAN_POINT('',(-186.045123656593,-108.373782641492,0.999998715869168));
#5210=CARTESIAN_POINT('',(-186.045123656593,-108.373782641492,-1.28413083189116E-6));
#5211=CARTESIAN_POINT('',(-186.25631882974,-108.490606417689,0.999998715869168));
#5212=CARTESIAN_POINT('',(-186.25631882974,-108.490606417689,-1.28413083189116E-6));
#5213=CARTESIAN_POINT('',(-186.453757024652,-108.599820445414,0.999998715869168));
#5214=CARTESIAN_POINT('',(-186.453757024652,-108.599820445414,-1.28413083189116E-6));
#5215=CARTESIAN_POINT('',(-186.65171608746,-108.708095664907,0.999998715869168));
#5216=CARTESIAN_POINT('',(-186.65171608746,-108.708095664907,-1.28413083189116E-6));
#5217=CARTESIAN_POINT('',(-186.849598245606,-108.81650104709,0.999998715869168));
#5218=CARTESIAN_POINT('',(-186.849598245606,-108.81650104709,-1.28413083189116E-6));
#5219=CARTESIAN_POINT('',(-186.942008402371,-108.867125916232,0.999998715869168));
#5220=CARTESIAN_POINT('',(-186.942008402371,-108.867125916232,-1.28413083189116E-6));
#5221=CARTESIAN_POINT('',(-187.034399821754,-108.917785253007,0.999998715869168));
#5222=CARTESIAN_POINT('',(-187.034399821754,-108.917785253007,-1.28413083189116E-6));
#5223=CARTESIAN_POINT('',(-187.126724455412,-108.968565829326,0.999998715869168));
#5224=CARTESIAN_POINT('',(-187.126724455412,-108.968565829326,-1.28413083189116E-6));
#5225=CARTESIAN_POINT('',(-187.211480640544,-109.015183592724,0.999998715869168));
#5226=CARTESIAN_POINT('',(-187.211480640544,-109.015183592724,-1.28413083189116E-6));
#5227=CARTESIAN_POINT('',(-187.296186062314,-109.061894949348,0.999998715869168));
#5228=CARTESIAN_POINT('',(-187.296186062314,-109.061894949348,-1.28413083189116E-6));
#5229=CARTESIAN_POINT('',(-187.380758684479,-109.108844425351,0.999998715869168));
#5230=CARTESIAN_POINT('',(-187.380758684479,-109.108844425351,-1.28413083189116E-6));
#5231=CARTESIAN_POINT('',(-187.451873632161,-109.148323034907,0.999998715869168));
#5232=CARTESIAN_POINT('',(-187.451873632161,-109.148323034907,-1.28413083189116E-6));
#5233=CARTESIAN_POINT('',(-187.522904757884,-109.187957918221,0.999998715869168));
#5234=CARTESIAN_POINT('',(-187.522904757884,-109.187957918221,-1.28413083189116E-6));
#5235=CARTESIAN_POINT('',(-187.593675746837,-109.22804798013,0.999998715869168));
#5236=CARTESIAN_POINT('',(-187.593675746837,-109.22804798013,-1.28413083189116E-6));
#5237=CARTESIAN_POINT('',(-187.651817323485,-109.260983783936,0.999998715869168));
#5238=CARTESIAN_POINT('',(-187.651817323485,-109.260983783936,-1.28413083189116E-6));
#5239=CARTESIAN_POINT('',(-187.709766390228,-109.294273945673,0.999998715869168));
#5240=CARTESIAN_POINT('',(-187.709766390228,-109.294273945673,-1.28413083189116E-6));
#5241=CARTESIAN_POINT('',(-187.767367335434,-109.32814040934,0.999998715869168));
#5242=CARTESIAN_POINT('',(-187.767367335434,-109.32814040934,-1.28413083189116E-6));
#5243=CARTESIAN_POINT('',(-187.828406420188,-109.364028326433,0.999998715869168));
#5244=CARTESIAN_POINT('',(-187.828406420188,-109.364028326433,-1.28413083189116E-6));
#5245=CARTESIAN_POINT('',(-187.888621372814,-109.400256886676,0.999998715869168));
#5246=CARTESIAN_POINT('',(-187.888621372814,-109.400256886676,-1.28413083189116E-6));
#5247=CARTESIAN_POINT('',(-187.948933720442,-109.437353007177,0.999998715869168));
#5248=CARTESIAN_POINT('',(-187.948933720442,-109.437353007177,-1.28413083189116E-6));
#5249=CARTESIAN_POINT('',(-188.010923089951,-109.4754806081,0.999998715869168));
#5250=CARTESIAN_POINT('',(-188.010923089951,-109.4754806081,-1.28413083189116E-6));
#5251=CARTESIAN_POINT('',(-188.072184584978,-109.514014004359,0.999998715869168));
#5252=CARTESIAN_POINT('',(-188.072184584978,-109.514014004359,-1.28413083189116E-6));
#5253=CARTESIAN_POINT('',(-188.133400408074,-109.553371525697,0.999998715869168));
#5254=CARTESIAN_POINT('',(-188.133400408074,-109.553371525697,-1.28413083189116E-6));
#5255=CARTESIAN_POINT('',(-188.264570579453,-109.637704832968,0.999998715869168));
#5256=CARTESIAN_POINT('',(-188.264570579453,-109.637704832968,-1.28413083189116E-6));
#5257=CARTESIAN_POINT('',(-188.39482057655,-109.725367889817,0.999998715869168));
#5258=CARTESIAN_POINT('',(-188.39482057655,-109.725367889817,-1.28413083189116E-6));
#5259=CARTESIAN_POINT('',(-188.522851366397,-109.814385374393,0.999998715869168));
#5260=CARTESIAN_POINT('',(-188.522851366397,-109.814385374393,-1.28413083189116E-6));
#5261=CARTESIAN_POINT('',(-188.663630890358,-109.912266822425,0.999998715869168));
#5262=CARTESIAN_POINT('',(-188.663630890358,-109.912266822425,-1.28413083189116E-6));
#5263=CARTESIAN_POINT('',(-188.804755177321,-110.013890783105,0.999998715869168));
#5264=CARTESIAN_POINT('',(-188.804755177321,-110.013890783105,-1.28413083189116E-6));
#5265=CARTESIAN_POINT('',(-188.942578347486,-110.115887824408,0.999998715869168));
#5266=CARTESIAN_POINT('',(-188.942578347486,-110.115887824408,-1.28413083189116E-6));
#5267=CARTESIAN_POINT('',(-189.091645766567,-110.22620625405,0.999998715869168));
#5268=CARTESIAN_POINT('',(-189.091645766567,-110.22620625405,-1.28413083189116E-6));
#5269=CARTESIAN_POINT('',(-189.23955013858,-110.338957568594,0.999998715869168));
#5270=CARTESIAN_POINT('',(-189.23955013858,-110.338957568594,-1.28413083189116E-6));
#5271=CARTESIAN_POINT('',(-189.38583504178,-110.452935330436,0.999998715869168));
#5272=CARTESIAN_POINT('',(-189.38583504178,-110.452935330436,-1.28413083189116E-6));
#5273=CARTESIAN_POINT('',(-189.464363051328,-110.514120364395,0.999998715869168));
#5274=CARTESIAN_POINT('',(-189.464363051328,-110.514120364395,-1.28413083189116E-6));
#5275=CARTESIAN_POINT('',(-189.542546162897,-110.575754437975,0.999998715869168));
#5276=CARTESIAN_POINT('',(-189.542546162897,-110.575754437975,-1.28413083189116E-6));
#5277=CARTESIAN_POINT('',(-189.620462878679,-110.637712968726,0.999998715869168));
#5278=CARTESIAN_POINT('',(-189.620462878679,-110.637712968726,-1.28413083189116E-6));
#5279=CARTESIAN_POINT('',(-189.702511859434,-110.702957431946,0.999998715869168));
#5280=CARTESIAN_POINT('',(-189.702511859434,-110.702957431946,-1.28413083189116E-6));
#5281=CARTESIAN_POINT('',(-189.784275703159,-110.768564546152,0.999998715869168));
#5282=CARTESIAN_POINT('',(-189.784275703159,-110.768564546152,-1.28413083189116E-6));
#5283=CARTESIAN_POINT('',(-189.865815372465,-110.834442458316,0.999998715869168));
#5284=CARTESIAN_POINT('',(-189.865815372465,-110.834442458316,-1.28413083189116E-6));
#5285=CARTESIAN_POINT('',(-189.9507771232,-110.903085154562,0.999998715869168));
#5286=CARTESIAN_POINT('',(-189.9507771232,-110.903085154562,-1.28413083189116E-6));
#5287=CARTESIAN_POINT('',(-190.035500185759,-110.972025636297,0.999998715869168));
#5288=CARTESIAN_POINT('',(-190.035500185759,-110.972025636297,-1.28413083189116E-6));
#5289=CARTESIAN_POINT('',(-190.120060814642,-111.041160706651,0.999998715869168));
#5290=CARTESIAN_POINT('',(-190.120060814642,-111.041160706651,-1.28413083189116E-6));
#5291=CARTESIAN_POINT('',(-190.207058497383,-111.11228826325,0.999998715869168));
#5292=CARTESIAN_POINT('',(-190.207058497383,-111.11228826325,-1.28413083189116E-6));
#5293=CARTESIAN_POINT('',(-190.293884310889,-111.183627305641,0.999998715869168));
#5294=CARTESIAN_POINT('',(-190.293884310889,-111.183627305641,-1.28413083189116E-6));
#5295=CARTESIAN_POINT('',(-190.380580851625,-111.255120993665,0.999998715869168));
#5296=CARTESIAN_POINT('',(-190.380580851625,-111.255120993665,-1.28413083189116E-6));
#5297=CARTESIAN_POINT('',(-190.530294381904,-111.378581195605,0.999998715869168));
#5298=CARTESIAN_POINT('',(-190.530294381904,-111.378581195605,-1.28413083189116E-6));
#5299=CARTESIAN_POINT('',(-190.679642836422,-111.502484566622,0.999998715869168));
#5300=CARTESIAN_POINT('',(-190.679642836422,-111.502484566622,-1.28413083189116E-6));
#5301=CARTESIAN_POINT('',(-190.8291004387,-111.626254083203,0.999998715869168));
#5302=CARTESIAN_POINT('',(-190.8291004387,-111.626254083203,-1.28413083189116E-6));
#5303=CARTESIAN_POINT('',(-190.993030874736,-111.7620089094,0.999998715869168));
#5304=CARTESIAN_POINT('',(-190.993030874736,-111.7620089094,-1.28413083189116E-6));
#5305=CARTESIAN_POINT('',(-191.157093706255,-111.897607979221,0.999998715869168));
#5306=CARTESIAN_POINT('',(-191.157093706255,-111.897607979221,-1.28413083189116E-6));
#5307=CARTESIAN_POINT('',(-191.321752118548,-112.032477457817,0.999998715869168));
#5308=CARTESIAN_POINT('',(-191.321752118548,-112.032477457817,-1.28413083189116E-6));
#5309=CARTESIAN_POINT('',(-191.498738985473,-112.177445006865,0.999998715869168));
#5310=CARTESIAN_POINT('',(-191.498738985473,-112.177445006865,-1.28413083189116E-6));
#5311=CARTESIAN_POINT('',(-191.676419529964,-112.32158879497,0.999998715869168));
#5312=CARTESIAN_POINT('',(-191.676419529964,-112.32158879497,-1.28413083189116E-6));
#5313=CARTESIAN_POINT('',(-191.855192067174,-112.464338648436,0.999998715869168));
#5314=CARTESIAN_POINT('',(-191.855192067174,-112.464338648436,-1.28413083189116E-6));
#5315=CARTESIAN_POINT('',(-192.046704347526,-112.617261185555,0.999998715869168));
#5316=CARTESIAN_POINT('',(-192.046704347526,-112.617261185555,-1.28413083189116E-6));
#5317=CARTESIAN_POINT('',(-192.235499226703,-112.765425842384,0.999998715869168));
#5318=CARTESIAN_POINT('',(-192.235499226703,-112.765425842384,-1.28413083189116E-6));
#5319=CARTESIAN_POINT('',(-192.430016197896,-112.914511702059,0.999998715869168));
#5320=CARTESIAN_POINT('',(-192.430016197896,-112.914511702059,-1.28413083189116E-6));
#5321=CARTESIAN_POINT('',(-192.577136197082,-113.027270560166,0.999998715869168));
#5322=CARTESIAN_POINT('',(-192.577136197082,-113.027270560166,-1.28413083189116E-6));
#5323=CARTESIAN_POINT('',(-192.723935608187,-113.137795122875,0.999998715869168));
#5324=CARTESIAN_POINT('',(-192.723935608187,-113.137795122875,-1.28413083189116E-6));
#5325=CARTESIAN_POINT('',(-192.873224903108,-113.247668096849,0.999998715869168));
#5326=CARTESIAN_POINT('',(-192.873224903108,-113.247668096849,-1.28413083189116E-6));
#5327=CARTESIAN_POINT('',(-193.032260950656,-113.364714423061,0.999998715869168));
#5328=CARTESIAN_POINT('',(-193.032260950656,-113.364714423061,-1.28413083189116E-6));
#5329=CARTESIAN_POINT('',(-193.192421768179,-113.479765801684,0.999998715869168));
#5330=CARTESIAN_POINT('',(-193.192421768179,-113.479765801684,-1.28413083189116E-6));
#5331=CARTESIAN_POINT('',(-193.354337112836,-113.592798382796,0.999998715869168));
#5332=CARTESIAN_POINT('',(-193.354337112836,-113.592798382796,-1.28413083189116E-6));
#5333=CARTESIAN_POINT('',(-193.525839313098,-113.712523516958,0.999998715869168));
#5334=CARTESIAN_POINT('',(-193.525839313098,-113.712523516958,-1.28413083189116E-6));
#5335=CARTESIAN_POINT('',(-193.698343375558,-113.829306669022,0.999998715869168));
#5336=CARTESIAN_POINT('',(-193.698343375558,-113.829306669022,-1.28413083189116E-6));
#5337=CARTESIAN_POINT('',(-193.873380908256,-113.943803988195,0.999998715869168));
#5338=CARTESIAN_POINT('',(-193.873380908256,-113.943803988195,-1.28413083189116E-6));
#5339=CARTESIAN_POINT('',(-194.058193493153,-114.064695463263,0.999998715869168));
#5340=CARTESIAN_POINT('',(-194.058193493153,-114.064695463263,-1.28413083189116E-6));
#5341=CARTESIAN_POINT('',(-194.244736106677,-114.182320906187,0.999998715869168));
#5342=CARTESIAN_POINT('',(-194.244736106677,-114.182320906187,-1.28413083189116E-6));
#5343=CARTESIAN_POINT('',(-194.433653240518,-114.296695750794,0.999998715869168));
#5344=CARTESIAN_POINT('',(-194.433653240518,-114.296695750794,-1.28413083189116E-6));
#5345=CARTESIAN_POINT('',(-194.709559035811,-114.46373556249,0.999998715869168));
#5346=CARTESIAN_POINT('',(-194.709559035811,-114.46373556249,-1.28413083189116E-6));
#5347=CARTESIAN_POINT('',(-194.990089607077,-114.623573738547,0.999998715869168));
#5348=CARTESIAN_POINT('',(-194.990089607077,-114.623573738547,-1.28413083189116E-6));
#5349=CARTESIAN_POINT('',(-195.274968378929,-114.774824711593,0.999998715869168));
#5350=CARTESIAN_POINT('',(-195.274968378929,-114.774824711593,-1.28413083189116E-6));
#5351=CARTESIAN_POINT('',(-195.575211273878,-114.934232973978,0.999998715869168));
#5352=CARTESIAN_POINT('',(-195.575211273878,-114.934232973978,-1.28413083189116E-6));
#5353=CARTESIAN_POINT('',(-195.88043499131,-115.08418225872,0.999998715869168));
#5354=CARTESIAN_POINT('',(-195.88043499131,-115.08418225872,-1.28413083189116E-6));
#5355=CARTESIAN_POINT('',(-196.190446260723,-115.223666505834,0.999998715869168));
#5356=CARTESIAN_POINT('',(-196.190446260723,-115.223666505834,-1.28413083189116E-6));
#5357=CARTESIAN_POINT('',(-196.514374716985,-115.369412552183,0.999998715869168));
#5358=CARTESIAN_POINT('',(-196.514374716985,-115.369412552183,-1.28413083189116E-6));
#5359=CARTESIAN_POINT('',(-196.84306220545,-115.503521947537,0.999998715869168));
#5360=CARTESIAN_POINT('',(-196.84306220545,-115.503521947537,-1.28413083189116E-6));
#5361=CARTESIAN_POINT('',(-197.176698837426,-115.625436674226,0.999998715869168));
#5362=CARTESIAN_POINT('',(-197.176698837426,-115.625436674226,-1.28413083189116E-6));
#5363=CARTESIAN_POINT('',(-197.523457733394,-115.752146429621,0.999998715869168));
#5364=CARTESIAN_POINT('',(-197.523457733394,-115.752146429621,-1.28413083189116E-6));
#5365=CARTESIAN_POINT('',(-197.875795983712,-115.865770225441,0.999998715869168));
#5366=CARTESIAN_POINT('',(-197.875795983712,-115.865770225441,-1.28413083189116E-6));
#5367=CARTESIAN_POINT('',(-198.231344833091,-115.96519503277,0.999998715869168));
#5368=CARTESIAN_POINT('',(-198.231344833091,-115.96519503277,-1.28413083189116E-6));
#5369=CARTESIAN_POINT('',(-198.255138804843,-115.971848720613,0.999998715869168));
#5370=CARTESIAN_POINT('',(-198.255138804843,-115.971848720613,-1.28413083189116E-6));
#5371=CARTESIAN_POINT('',(-198.278950550804,-115.978439867275,0.999998715869168));
#5372=CARTESIAN_POINT('',(-198.278950550804,-115.978439867275,-1.28413083189116E-6));
#5373=CARTESIAN_POINT('',(-198.302778895597,-115.984968906932,0.999998715869168));
#5374=CARTESIAN_POINT('',(-198.302778895597,-115.984968906932,-1.28413083189116E-6));
#5375=CARTESIAN_POINT('',(-198.326560720199,-115.991485199914,0.999998715869168));
#5376=CARTESIAN_POINT('',(-198.326560720199,-115.991485199914,-1.28413083189116E-6));
#5377=CARTESIAN_POINT('',(-198.350359739267,-115.997939781068,0.999998715869168));
#5378=CARTESIAN_POINT('',(-198.350359739267,-115.997939781068,-1.28413083189116E-6));
#5379=CARTESIAN_POINT('',(-198.374175251707,-116.004331368008,0.999998715869168));
#5380=CARTESIAN_POINT('',(-198.374175251707,-116.004331368008,-1.28413083189116E-6));
#5381=CARTESIAN_POINT('',(-198.397936952015,-116.010708512894,0.999998715869168));
#5382=CARTESIAN_POINT('',(-198.397936952015,-116.010708512894,-1.28413083189116E-6));
#5383=CARTESIAN_POINT('',(-198.421715815844,-116.017022776423,0.999998715869168));
#5384=CARTESIAN_POINT('',(-198.421715815844,-116.017022776423,-1.28413083189116E-6));
#5385=CARTESIAN_POINT('',(-198.44551068394,-116.023274520462,0.999998715869168));
#5386=CARTESIAN_POINT('',(-198.44551068394,-116.023274520462,-1.28413083189116E-6));
#5387=CARTESIAN_POINT('',(-198.469423046509,-116.029557134408,0.999998715869168));
#5388=CARTESIAN_POINT('',(-198.469423046509,-116.029557134408,-1.28413083189116E-6));
#5389=CARTESIAN_POINT('',(-198.493352118625,-116.035777252216,0.999998715869168));
#5390=CARTESIAN_POINT('',(-198.493352118625,-116.035777252216,-1.28413083189116E-6));
#5391=CARTESIAN_POINT('',(-198.517297187733,-116.041933519197,0.999998715869168));
#5392=CARTESIAN_POINT('',(-198.517297187733,-116.041933519197,-1.28413083189116E-6));
#5393=CARTESIAN_POINT('',(-198.803669871589,-116.115559813195,0.999998715869168));
#5394=CARTESIAN_POINT('',(-198.803669871589,-116.115559813195,-1.28413083189116E-6));
#5395=CARTESIAN_POINT('',(-199.0926107469,-116.180098119555,0.999998715869168));
#5396=CARTESIAN_POINT('',(-199.0926107469,-116.180098119555,-1.28413083189116E-6));
#5397=CARTESIAN_POINT('',(-199.383088941726,-116.235346554262,0.999998715869168));
#5398=CARTESIAN_POINT('',(-199.383088941726,-116.235346554262,-1.28413083189116E-6));
#5399=CARTESIAN_POINT('',(-199.67292013413,-116.290471930263,0.999998715869168));
#5400=CARTESIAN_POINT('',(-199.67292013413,-116.290471930263,-1.28413083189116E-6));
#5401=CARTESIAN_POINT('',(-199.964347677672,-116.336361256496,0.999998715869168));
#5402=CARTESIAN_POINT('',(-199.964347677672,-116.336361256496,-1.28413083189116E-6));
#5403=CARTESIAN_POINT('',(-200.25708893689,-116.373011329948,0.999998715869168));
#5404=CARTESIAN_POINT('',(-200.25708893689,-116.373011329948,-1.28413083189116E-6));
#5405=CARTESIAN_POINT('',(-200.549084167057,-116.409568003449,0.999998715869168));
#5406=CARTESIAN_POINT('',(-200.549084167057,-116.409568003449,-1.28413083189116E-6));
#5407=CARTESIAN_POINT('',(-200.842405562646,-116.436934801857,0.999998715869168));
#5408=CARTESIAN_POINT('',(-200.842405562646,-116.436934801857,-1.28413083189116E-6));
#5409=CARTESIAN_POINT('',(-201.136116950215,-116.45511854049,0.999998715869168));
#5410=CARTESIAN_POINT('',(-201.136116950215,-116.45511854049,-1.28413083189116E-6));
#5411=CARTESIAN_POINT('',(-201.429160495105,-116.473260932831,0.999998715869168));
#5412=CARTESIAN_POINT('',(-201.429160495105,-116.473260932831,-1.28413083189116E-6));
#5413=CARTESIAN_POINT('',(-201.722477817371,-116.482254856753,0.999998715869168));
#5414=CARTESIAN_POINT('',(-201.722477817371,-116.482254856753,-1.28413083189116E-6));
#5415=CARTESIAN_POINT('',(-202.016080837149,-116.482254856753,0.999998715869168));
#5416=CARTESIAN_POINT('',(-202.016080837149,-116.482254856753,-1.28413083189116E-6));
#5417=CARTESIAN_POINT('',(-202.309683856932,-116.482254856753,0.999998715869168));
#5418=CARTESIAN_POINT('',(-202.309683856932,-116.482254856753,-1.28413083189116E-6));
#5419=CARTESIAN_POINT('',(-202.603001179183,-116.473260932831,0.999998715869168));
#5420=CARTESIAN_POINT('',(-202.603001179183,-116.473260932831,-1.28413083189116E-6));
#5421=CARTESIAN_POINT('',(-202.89604472408,-116.455118540489,0.999998715869168));
#5422=CARTESIAN_POINT('',(-202.89604472408,-116.455118540489,-1.28413083189116E-6));
#5423=CARTESIAN_POINT('',(-203.189756111643,-116.436934801857,0.999998715869168));
#5424=CARTESIAN_POINT('',(-203.189756111643,-116.436934801857,-1.28413083189116E-6));
#5425=CARTESIAN_POINT('',(-203.483077507241,-116.409568003448,0.999998715869168));
#5426=CARTESIAN_POINT('',(-203.483077507241,-116.409568003448,-1.28413083189116E-6));
#5427=CARTESIAN_POINT('',(-203.775072737403,-116.373011329948,0.999998715869168));
#5428=CARTESIAN_POINT('',(-203.775072737403,-116.373011329948,-1.28413083189116E-6));
#5429=CARTESIAN_POINT('',(-204.067813996615,-116.336361256497,0.999998715869168));
#5430=CARTESIAN_POINT('',(-204.067813996615,-116.336361256497,-1.28413083189116E-6));
#5431=CARTESIAN_POINT('',(-204.359241540167,-116.290471930262,0.999998715869168));
#5432=CARTESIAN_POINT('',(-204.359241540167,-116.290471930262,-1.28413083189116E-6));
#5433=CARTESIAN_POINT('',(-204.649072732565,-116.235346554263,0.999998715869168));
#5434=CARTESIAN_POINT('',(-204.649072732565,-116.235346554263,-1.28413083189116E-6));
#5435=CARTESIAN_POINT('',(-204.939550927411,-116.180098119552,0.999998715869168));
#5436=CARTESIAN_POINT('',(-204.939550927411,-116.180098119552,-1.28413083189116E-6));
#5437=CARTESIAN_POINT('',(-205.228491802701,-116.115559813197,0.999998715869168));
#5438=CARTESIAN_POINT('',(-205.228491802701,-116.115559813197,-1.28413083189116E-6));
#5439=CARTESIAN_POINT('',(-205.514864486577,-116.041933519193,0.999998715869168));
#5440=CARTESIAN_POINT('',(-205.514864486577,-116.041933519193,-1.28413083189116E-6));
#5441=CARTESIAN_POINT('',(-205.53880967974,-116.035777220317,0.999998715869168));
#5442=CARTESIAN_POINT('',(-205.53880967974,-116.035777220317,-1.28413083189116E-6));
#5443=CARTESIAN_POINT('',(-205.562738753616,-116.029557101348,0.999998715869168));
#5444=CARTESIAN_POINT('',(-205.562738753616,-116.029557101348,-1.28413083189116E-6));
#5445=CARTESIAN_POINT('',(-205.586650990375,-116.023274520456,0.999998715869168));
#5446=CARTESIAN_POINT('',(-205.586650990375,-116.023274520456,-1.28413083189116E-6));
#5447=CARTESIAN_POINT('',(-205.610445983179,-116.017022743652,0.999998715869168));
#5448=CARTESIAN_POINT('',(-205.610445983179,-116.017022743652,-1.28413083189116E-6));
#5449=CARTESIAN_POINT('',(-205.634224845733,-116.010708479762,0.999998715869168));
#5450=CARTESIAN_POINT('',(-205.634224845733,-116.010708479762,-1.28413083189116E-6));
#5451=CARTESIAN_POINT('',(-205.657986422598,-116.004331368005,0.999998715869168));
#5452=CARTESIAN_POINT('',(-205.657986422598,-116.004331368005,-1.28413083189116E-6));
#5453=CARTESIAN_POINT('',(-205.681802056657,-115.997939748424,0.999998715869168));
#5454=CARTESIAN_POINT('',(-205.681802056657,-115.997939748424,-1.28413083189116E-6));
#5455=CARTESIAN_POINT('',(-205.705601077322,-115.991485166149,0.999998715869168));
#5456=CARTESIAN_POINT('',(-205.705601077322,-115.991485166149,-1.28413083189116E-6));
#5457=CARTESIAN_POINT('',(-205.729382778686,-115.984968906935,0.999998715869168));
#5458=CARTESIAN_POINT('',(-205.729382778686,-115.984968906935,-1.28413083189116E-6));
#5459=CARTESIAN_POINT('',(-205.753211246421,-115.978439833591,0.999998715869168));
#5460=CARTESIAN_POINT('',(-205.753211246421,-115.978439833591,-1.28413083189116E-6));
#5461=CARTESIAN_POINT('',(-205.777022990976,-115.971848686631,0.999998715869168));
#5462=CARTESIAN_POINT('',(-205.777022990976,-115.971848686631,-1.28413083189116E-6));
#5463=CARTESIAN_POINT('',(-205.800816841192,-115.965195032773,0.999998715869168));
#5464=CARTESIAN_POINT('',(-205.800816841192,-115.965195032773,-1.28413083189116E-6));
#5465=CARTESIAN_POINT('',(-206.156365690585,-115.86577022544,0.999998715869168));
#5466=CARTESIAN_POINT('',(-206.156365690585,-115.86577022544,-1.28413083189116E-6));
#5467=CARTESIAN_POINT('',(-206.508703940884,-115.752146429626,0.999998715869168));
#5468=CARTESIAN_POINT('',(-206.508703940884,-115.752146429626,-1.28413083189116E-6));
#5469=CARTESIAN_POINT('',(-206.855462836865,-115.625436674226,0.999998715869168));
#5470=CARTESIAN_POINT('',(-206.855462836865,-115.625436674226,-1.28413083189116E-6));
#5471=CARTESIAN_POINT('',(-207.189099468838,-115.503521947539,0.999998715869168));
#5472=CARTESIAN_POINT('',(-207.189099468838,-115.503521947539,-1.28413083189116E-6));
#5473=CARTESIAN_POINT('',(-207.517786957312,-115.369412552181,0.999998715869168));
#5474=CARTESIAN_POINT('',(-207.517786957312,-115.369412552181,-1.28413083189116E-6));
#5475=CARTESIAN_POINT('',(-207.841715413571,-115.223666505834,0.999998715869168));
#5476=CARTESIAN_POINT('',(-207.841715413571,-115.223666505834,-1.28413083189116E-6));
#5477=CARTESIAN_POINT('',(-208.151726682974,-115.084182258725,0.999998715869168));
#5478=CARTESIAN_POINT('',(-208.151726682974,-115.084182258725,-1.28413083189116E-6));
#5479=CARTESIAN_POINT('',(-208.456950400425,-114.934232973973,0.999998715869168));
#5480=CARTESIAN_POINT('',(-208.456950400425,-114.934232973973,-1.28413083189116E-6));
#5481=CARTESIAN_POINT('',(-208.757193295365,-114.774824711593,0.999998715869168));
#5482=CARTESIAN_POINT('',(-208.757193295365,-114.774824711593,-1.28413083189116E-6));
#5483=CARTESIAN_POINT('',(-209.042072067206,-114.623573738553,0.999998715869168));
#5484=CARTESIAN_POINT('',(-209.042072067206,-114.623573738553,-1.28413083189116E-6));
#5485=CARTESIAN_POINT('',(-209.322602638494,-114.463735562482,0.999998715869168));
#5486=CARTESIAN_POINT('',(-209.322602638494,-114.463735562482,-1.28413083189116E-6));
#5487=CARTESIAN_POINT('',(-209.598508433777,-114.296695750793,0.999998715869168));
#5488=CARTESIAN_POINT('',(-209.598508433777,-114.296695750793,-1.28413083189116E-6));
#5489=CARTESIAN_POINT('',(-209.787425567608,-114.182320906192,0.999998715869168));
#5490=CARTESIAN_POINT('',(-209.787425567608,-114.182320906192,-1.28413083189116E-6));
#5491=CARTESIAN_POINT('',(-209.97396818115,-114.064695463256,0.999998715869168));
#5492=CARTESIAN_POINT('',(-209.97396818115,-114.064695463256,-1.28413083189116E-6));
#5493=CARTESIAN_POINT('',(-210.158780766038,-113.943803988195,0.999998715869168));
#5494=CARTESIAN_POINT('',(-210.158780766038,-113.943803988195,-1.28413083189116E-6));
#5495=CARTESIAN_POINT('',(-210.333818298756,-113.829306669008,0.999998715869168));
#5496=CARTESIAN_POINT('',(-210.333818298756,-113.829306669008,-1.28413083189116E-6));
#5497=CARTESIAN_POINT('',(-210.506322361177,-113.712523516971,0.999998715869168));
#5498=CARTESIAN_POINT('',(-210.506322361177,-113.712523516971,-1.28413083189116E-6));
#5499=CARTESIAN_POINT('',(-210.677824561459,-113.592798382795,0.999998715869168));
#5500=CARTESIAN_POINT('',(-210.677824561459,-113.592798382795,-1.28413083189116E-6));
#5501=CARTESIAN_POINT('',(-210.839739906119,-113.47976580168,0.999998715869168));
#5502=CARTESIAN_POINT('',(-210.839739906119,-113.47976580168,-1.28413083189116E-6));
#5503=CARTESIAN_POINT('',(-210.999900723633,-113.364714423064,0.999998715869168));
#5504=CARTESIAN_POINT('',(-210.999900723633,-113.364714423064,-1.28413083189116E-6));
#5505=CARTESIAN_POINT('',(-211.158936771185,-113.247668096849,0.999998715869168));
#5506=CARTESIAN_POINT('',(-211.158936771185,-113.247668096849,-1.28413083189116E-6));
#5507=CARTESIAN_POINT('',(-211.308226066131,-113.137795122856,0.999998715869168));
#5508=CARTESIAN_POINT('',(-211.308226066131,-113.137795122856,-1.28413083189116E-6));
#5509=CARTESIAN_POINT('',(-211.455025477187,-113.027270560185,0.999998715869168));
#5510=CARTESIAN_POINT('',(-211.455025477187,-113.027270560185,-1.28413083189116E-6));
#5511=CARTESIAN_POINT('',(-211.602145476398,-112.914511702059,0.999998715869168));
#5512=CARTESIAN_POINT('',(-211.602145476398,-112.914511702059,-1.28413083189116E-6));
#5513=CARTESIAN_POINT('',(-211.796662447596,-112.76542584238,0.999998715869168));
#5514=CARTESIAN_POINT('',(-211.796662447596,-112.76542584238,-1.28413083189116E-6));
#5515=CARTESIAN_POINT('',(-211.985457326763,-112.617261185559,0.999998715869168));
#5516=CARTESIAN_POINT('',(-211.985457326763,-112.617261185559,-1.28413083189116E-6));
#5517=CARTESIAN_POINT('',(-212.17696960712,-112.464338648436,0.999998715869168));
#5518=CARTESIAN_POINT('',(-212.17696960712,-112.464338648436,-1.28413083189116E-6));
#5519=CARTESIAN_POINT('',(-212.355746225556,-112.321585536111,0.999998715869168));
#5520=CARTESIAN_POINT('',(-212.355746225556,-112.321585536111,-1.28413083189116E-6));
#5521=CARTESIAN_POINT('',(-212.533428956203,-112.177439873337,0.999998715869168));
#5522=CARTESIAN_POINT('',(-212.533428956203,-112.177439873337,-1.28413083189116E-6));
#5523=CARTESIAN_POINT('',(-212.710409555744,-112.032477457818,0.999998715869168));
#5524=CARTESIAN_POINT('',(-212.710409555744,-112.032477457818,-1.28413083189116E-6));
#5525=CARTESIAN_POINT('',(-212.875068362192,-111.897607656376,0.999998715869168));
#5526=CARTESIAN_POINT('',(-212.875068362192,-111.897607656376,-1.28413083189116E-6));
#5527=CARTESIAN_POINT('',(-213.039132211481,-111.762007740152,0.999998715869168));
#5528=CARTESIAN_POINT('',(-213.039132211481,-111.762007740152,-1.28413083189116E-6));
#5529=CARTESIAN_POINT('',(-213.203061235594,-111.626254083203,0.999998715869168));
#5530=CARTESIAN_POINT('',(-213.203061235594,-111.626254083203,-1.28413083189116E-6));
#5531=CARTESIAN_POINT('',(-213.352519151972,-111.502484306508,0.999998715869168));
#5532=CARTESIAN_POINT('',(-213.352519151972,-111.502484306508,-1.28413083189116E-6));
#5533=CARTESIAN_POINT('',(-213.501867209651,-111.378581263835,0.999998715869168));
#5534=CARTESIAN_POINT('',(-213.501867209651,-111.378581263835,-1.28413083189116E-6));
#5535=CARTESIAN_POINT('',(-213.65158082267,-111.255120993663,0.999998715869168));
#5536=CARTESIAN_POINT('',(-213.65158082267,-111.255120993663,-1.28413083189116E-6));
#5537=CARTESIAN_POINT('',(-213.738277691287,-111.183627035254,0.999998715869168));
#5538=CARTESIAN_POINT('',(-213.738277691287,-111.183627035254,-1.28413083189116E-6));
#5539=CARTESIAN_POINT('',(-213.825103428681,-111.112288057408,0.999998715869168));
#5540=CARTESIAN_POINT('',(-213.825103428681,-111.112288057408,-1.28413083189116E-6));
#5541=CARTESIAN_POINT('',(-213.912100859654,-111.041160706649,0.999998715869168));
#5542=CARTESIAN_POINT('',(-213.912100859654,-111.041160706649,-1.28413083189116E-6));
#5543=CARTESIAN_POINT('',(-213.996662119065,-110.972025120788,0.999998715869168));
#5544=CARTESIAN_POINT('',(-213.996662119065,-110.972025120788,-1.28413083189116E-6));
#5545=CARTESIAN_POINT('',(-214.081384991382,-110.903084798842,0.999998715869168));
#5546=CARTESIAN_POINT('',(-214.081384991382,-110.903084798842,-1.28413083189116E-6));
#5547=CARTESIAN_POINT('',(-214.16634630183,-110.834442458314,0.999998715869168));
#5548=CARTESIAN_POINT('',(-214.16634630183,-110.834442458314,-1.28413083189116E-6));
#5549=CARTESIAN_POINT('',(-214.247886998335,-110.768563716251,0.999998715869168));
#5550=CARTESIAN_POINT('',(-214.247886998335,-110.768563716251,-1.28413083189116E-6));
#5551=CARTESIAN_POINT('',(-214.329650626372,-110.70295678664,0.999998715869168));
#5552=CARTESIAN_POINT('',(-214.329650626372,-110.70295678664,-1.28413083189116E-6));
#5553=CARTESIAN_POINT('',(-214.411698795612,-110.637712968727,0.999998715869168));
#5554=CARTESIAN_POINT('',(-214.411698795612,-110.637712968727,-1.28413083189116E-6));
#5555=CARTESIAN_POINT('',(-214.489617133448,-110.575753148137,0.999998715869168));
#5556=CARTESIAN_POINT('',(-214.489617133448,-110.575753148137,-1.28413083189116E-6));
#5557=CARTESIAN_POINT('',(-214.567799876427,-110.514119387762,0.999998715869168));
#5558=CARTESIAN_POINT('',(-214.567799876427,-110.514119387762,-1.28413083189116E-6));
#5559=CARTESIAN_POINT('',(-214.646326632513,-110.452935330436,0.999998715869168));
#5560=CARTESIAN_POINT('',(-214.646326632513,-110.452935330436,-1.28413083189116E-6));
#5561=CARTESIAN_POINT('',(-214.792611535739,-110.338957568575,0.999998715869168));
#5562=CARTESIAN_POINT('',(-214.792611535739,-110.338957568575,-1.28413083189116E-6));
#5563=CARTESIAN_POINT('',(-214.940515907703,-110.226206254067,0.999998715869168));
#5564=CARTESIAN_POINT('',(-214.940515907703,-110.226206254067,-1.28413083189116E-6));
#5565=CARTESIAN_POINT('',(-215.08958332681,-110.115887824406,0.999998715869168));
#5566=CARTESIAN_POINT('',(-215.08958332681,-110.115887824406,-1.28413083189116E-6));
#5567=CARTESIAN_POINT('',(-215.227406496976,-110.013890783102,0.999998715869168));
#5568=CARTESIAN_POINT('',(-215.227406496976,-110.013890783102,-1.28413083189116E-6));
#5569=CARTESIAN_POINT('',(-215.368530783935,-109.912266822426,0.999998715869168));
#5570=CARTESIAN_POINT('',(-215.368530783935,-109.912266822426,-1.28413083189116E-6));
#5571=CARTESIAN_POINT('',(-215.509310307898,-109.814385374392,0.999998715869168));
#5572=CARTESIAN_POINT('',(-215.509310307898,-109.814385374392,-1.28413083189116E-6));
#5573=CARTESIAN_POINT('',(-215.637341097738,-109.725367889821,0.999998715869168));
#5574=CARTESIAN_POINT('',(-215.637341097738,-109.725367889821,-1.28413083189116E-6));
#5575=CARTESIAN_POINT('',(-215.767591094849,-109.637704832962,0.999998715869168));
#5576=CARTESIAN_POINT('',(-215.767591094849,-109.637704832962,-1.28413083189116E-6));
#5577=CARTESIAN_POINT('',(-215.898761266222,-109.553371525695,0.999998715869168));
#5578=CARTESIAN_POINT('',(-215.898761266222,-109.553371525695,-1.28413083189116E-6));
#5579=CARTESIAN_POINT('',(-215.959977089309,-109.514014004362,0.999998715869168));
#5580=CARTESIAN_POINT('',(-215.959977089309,-109.514014004362,-1.28413083189116E-6));
#5581=CARTESIAN_POINT('',(-216.021238584353,-109.475480608093,0.999998715869168));
#5582=CARTESIAN_POINT('',(-216.021238584353,-109.475480608093,-1.28413083189116E-6));
#5583=CARTESIAN_POINT('',(-216.083227953854,-109.437353007175,0.999998715869168));
#5584=CARTESIAN_POINT('',(-216.083227953854,-109.437353007175,-1.28413083189116E-6));
#5585=CARTESIAN_POINT('',(-216.14354030146,-109.400256886688,0.999998715869168));
#5586=CARTESIAN_POINT('',(-216.14354030146,-109.400256886688,-1.28413083189116E-6));
#5587=CARTESIAN_POINT('',(-216.203755254128,-109.364028326419,0.999998715869168));
#5588=CARTESIAN_POINT('',(-216.203755254128,-109.364028326419,-1.28413083189116E-6));
#5589=CARTESIAN_POINT('',(-216.26479433886,-109.328140409338,0.999998715869168));
#5590=CARTESIAN_POINT('',(-216.26479433886,-109.328140409338,-1.28413083189116E-6));
#5591=CARTESIAN_POINT('',(-216.322397501868,-109.294272641716,0.999998715869168));
#5592=CARTESIAN_POINT('',(-216.322397501868,-109.294272641716,-1.28413083189116E-6));
#5593=CARTESIAN_POINT('',(-216.380347851043,-109.260981801137,0.999998715869168));
#5594=CARTESIAN_POINT('',(-216.380347851043,-109.260981801137,-1.28413083189116E-6));
#5595=CARTESIAN_POINT('',(-216.438485927455,-109.228047980131,0.999998715869168));
#5596=CARTESIAN_POINT('',(-216.438485927455,-109.228047980131,-1.28413083189116E-6));
#5597=CARTESIAN_POINT('',(-216.509257445974,-109.187957618236,0.999998715869168));
#5598=CARTESIAN_POINT('',(-216.509257445974,-109.187957618236,-1.28413083189116E-6));
#5599=CARTESIAN_POINT('',(-216.580289446425,-109.148322255331,0.999998715869168));
#5600=CARTESIAN_POINT('',(-216.580289446425,-109.148322255331,-1.28413083189116E-6));
#5601=CARTESIAN_POINT('',(-216.651402989814,-109.10884442535,0.999998715869168));
#5602=CARTESIAN_POINT('',(-216.651402989814,-109.10884442535,-1.28413083189116E-6));
#5603=CARTESIAN_POINT('',(-216.735975755587,-109.061894869625,0.999998715869168));
#5604=CARTESIAN_POINT('',(-216.735975755587,-109.061894869625,-1.28413083189116E-6));
#5605=CARTESIAN_POINT('',(-216.820681367891,-109.015183408938,0.999998715869168));
#5606=CARTESIAN_POINT('',(-216.820681367891,-109.015183408938,-1.28413083189116E-6));
#5607=CARTESIAN_POINT('',(-216.905437218882,-108.968565829326,0.999998715869168));
#5608=CARTESIAN_POINT('',(-216.905437218882,-108.968565829326,-1.28413083189116E-6));
#5609=CARTESIAN_POINT('',(-216.997761876843,-108.91778523964,0.999998715869168));
#5610=CARTESIAN_POINT('',(-216.997761876843,-108.91778523964,-1.28413083189116E-6));
#5611=CARTESIAN_POINT('',(-217.090153345135,-108.867125876124,0.999998715869168));
#5612=CARTESIAN_POINT('',(-217.090153345135,-108.867125876124,-1.28413083189116E-6));
#5613=CARTESIAN_POINT('',(-217.182563428688,-108.81650104709,0.999998715869168));
#5614=CARTESIAN_POINT('',(-217.182563428688,-108.81650104709,-1.28413083189116E-6));
#5615=CARTESIAN_POINT('',(-217.380446950979,-108.708094917589,0.999998715869168));
#5616=CARTESIAN_POINT('',(-217.380446950979,-108.708094917589,-1.28413083189116E-6));
#5617=CARTESIAN_POINT('',(-217.578404550167,-108.599820500438,0.999998715869168));
#5618=CARTESIAN_POINT('',(-217.578404550167,-108.599820500438,-1.28413083189116E-6));
#5619=CARTESIAN_POINT('',(-217.775842844554,-108.490606417689,0.999998715869168));
#5620=CARTESIAN_POINT('',(-217.775842844554,-108.490606417689,-1.28413083189116E-6));
#5621=CARTESIAN_POINT('',(-217.987053092085,-108.373774303012,0.999998715869168));
#5622=CARTESIAN_POINT('',(-217.987053092085,-108.373774303012,-1.28413083189116E-6));
#5623=CARTESIAN_POINT('',(-218.197649080308,-108.25577235758,0.999998715869168));
#5624=CARTESIAN_POINT('',(-218.197649080308,-108.25577235758,-1.28413083189116E-6));
#5625=CARTESIAN_POINT('',(-218.406842531969,-108.135389606877,0.999998715869168));
#5626=CARTESIAN_POINT('',(-218.406842531969,-108.135389606877,-1.28413083189116E-6));
#5627=CARTESIAN_POINT('',(-218.471802513997,-108.098007646495,0.999998715869168));
#5628=CARTESIAN_POINT('',(-218.471802513997,-108.098007646495,-1.28413083189116E-6));
#5629=CARTESIAN_POINT('',(-218.536635116266,-108.060400597535,0.999998715869168));
#5630=CARTESIAN_POINT('',(-218.536635116266,-108.060400597535,-1.28413083189116E-6));
#5631=CARTESIAN_POINT('',(-218.601301112689,-108.022513982616,0.999998715869168));
#5632=CARTESIAN_POINT('',(-218.601301112689,-108.022513982616,-1.28413083189116E-6));
#5633=CARTESIAN_POINT('',(-218.669876845919,-107.982336724994,0.999998715869168));
#5634=CARTESIAN_POINT('',(-218.669876845919,-107.982336724994,-1.28413083189116E-6));
#5635=CARTESIAN_POINT('',(-218.738272182403,-107.941845609441,0.999998715869168));
#5636=CARTESIAN_POINT('',(-218.738272182403,-107.941845609441,-1.28413083189116E-6));
#5637=CARTESIAN_POINT('',(-218.806456517457,-107.901010286026,0.999998715869168));
#5638=CARTESIAN_POINT('',(-218.806456517457,-107.901010286026,-1.28413083189116E-6));
#5639=CARTESIAN_POINT('',(-218.955002665469,-107.812046596765,0.999998715869168));
#5640=CARTESIAN_POINT('',(-218.955002665469,-107.812046596765,-1.28413083189116E-6));
#5641=CARTESIAN_POINT('',(-219.101578981874,-107.722031733931,0.999998715869168));
#5642=CARTESIAN_POINT('',(-219.101578981874,-107.722031733931,-1.28413083189116E-6));
#5643=CARTESIAN_POINT('',(-219.247840636093,-107.629356194522,0.999998715869168));
#5644=CARTESIAN_POINT('',(-219.247840636093,-107.629356194522,-1.28413083189116E-6));
#5645=CARTESIAN_POINT('',(-219.408118184258,-107.527799786517,0.999998715869168));
#5646=CARTESIAN_POINT('',(-219.408118184258,-107.527799786517,-1.28413083189116E-6));
#5647=CARTESIAN_POINT('',(-219.565743000187,-107.424480938034,0.999998715869168));
#5648=CARTESIAN_POINT('',(-219.565743000187,-107.424480938034,-1.28413083189116E-6));
#5649=CARTESIAN_POINT('',(-219.722459956834,-107.317505508668,0.999998715869168));
#5650=CARTESIAN_POINT('',(-219.722459956834,-107.317505508668,-1.28413083189116E-6));
#5651=CARTESIAN_POINT('',(-219.805555662311,-107.260784149587,0.999998715869168));
#5652=CARTESIAN_POINT('',(-219.805555662311,-107.260784149587,-1.28413083189116E-6));
#5653=CARTESIAN_POINT('',(-219.887991616723,-107.203309678467,0.999998715869168));
#5654=CARTESIAN_POINT('',(-219.887991616723,-107.203309678467,-1.28413083189116E-6));
#5655=CARTESIAN_POINT('',(-219.969893387786,-107.144877018499,0.999998715869168));
#5656=CARTESIAN_POINT('',(-219.969893387786,-107.144877018499,-1.28413083189116E-6));
#5657=CARTESIAN_POINT('',(-220.055608392133,-107.08372381463,0.999998715869168));
#5658=CARTESIAN_POINT('',(-220.055608392133,-107.08372381463,-1.28413083189116E-6));
#5659=CARTESIAN_POINT('',(-220.139790130649,-107.022196602159,0.999998715869168));
#5660=CARTESIAN_POINT('',(-220.139790130649,-107.022196602159,-1.28413083189116E-6));
#5661=CARTESIAN_POINT('',(-220.224039586768,-106.959039159148,0.999998715869168));
#5662=CARTESIAN_POINT('',(-220.224039586768,-106.959039159148,-1.28413083189116E-6));
#5663=CARTESIAN_POINT('',(-220.300228837269,-106.901924033801,0.999998715869168));
#5664=CARTESIAN_POINT('',(-220.300228837269,-106.901924033801,-1.28413083189116E-6));
#5665=CARTESIAN_POINT('',(-220.375058697736,-106.844534412746,0.999998715869168));
#5666=CARTESIAN_POINT('',(-220.375058697736,-106.844534412746,-1.28413083189116E-6));
#5667=CARTESIAN_POINT('',(-220.449894261788,-106.785655931068,0.999998715869168));
#5668=CARTESIAN_POINT('',(-220.449894261788,-106.785655931068,-1.28413083189116E-6));
#5669=CARTESIAN_POINT('',(-220.530030350386,-106.722607148258,0.999998715869168));
#5670=CARTESIAN_POINT('',(-220.530030350386,-106.722607148258,-1.28413083189116E-6));
#5671=CARTESIAN_POINT('',(-220.60927171097,-106.658558798153,0.999998715869168));
#5672=CARTESIAN_POINT('',(-220.60927171097,-106.658558798153,-1.28413083189116E-6));
#5673=CARTESIAN_POINT('',(-220.68768702432,-106.593381866129,0.999998715869168));
#5674=CARTESIAN_POINT('',(-220.68768702432,-106.593381866129,-1.28413083189116E-6));
#5675=CARTESIAN_POINT('',(-220.772236136897,-106.523106666965,0.999998715869168));
#5676=CARTESIAN_POINT('',(-220.772236136897,-106.523106666965,-1.28413083189116E-6));
#5677=CARTESIAN_POINT('',(-220.854859820274,-106.452319272118,0.999998715869168));
#5678=CARTESIAN_POINT('',(-220.854859820274,-106.452319272118,-1.28413083189116E-6));
#5679=CARTESIAN_POINT('',(-220.93720423985,-106.379472383046,0.999998715869168));
#5680=CARTESIAN_POINT('',(-220.93720423985,-106.379472383046,-1.28413083189116E-6));
#5681=CARTESIAN_POINT('',(-221.026453205117,-106.300517312307,0.999998715869168));
#5682=CARTESIAN_POINT('',(-221.026453205117,-106.300517312307,-1.28413083189116E-6));
#5683=CARTESIAN_POINT('',(-221.114225424665,-106.220156091879,0.999998715869168));
#5684=CARTESIAN_POINT('',(-221.114225424665,-106.220156091879,-1.28413083189116E-6));
#5685=CARTESIAN_POINT('',(-221.200594370177,-106.138058824885,0.999998715869168));
#5686=CARTESIAN_POINT('',(-221.200594370177,-106.138058824885,-1.28413083189116E-6));
#5687=CARTESIAN_POINT('',(-221.293280459284,-106.049956850743,0.999998715869168));
#5688=CARTESIAN_POINT('',(-221.293280459284,-106.049956850743,-1.28413083189116E-6));
#5689=CARTESIAN_POINT('',(-221.384499730043,-105.959713703125,0.999998715869168));
#5690=CARTESIAN_POINT('',(-221.384499730043,-105.959713703125,-1.28413083189116E-6));
#5691=CARTESIAN_POINT('',(-221.473550680296,-105.867938425922,0.999998715869168));
#5692=CARTESIAN_POINT('',(-221.473550680296,-105.867938425922,-1.28413083189116E-6));
#5693=CARTESIAN_POINT('',(-221.568784211938,-105.769791424226,0.999998715869168));
#5694=CARTESIAN_POINT('',(-221.568784211938,-105.769791424226,-1.28413083189116E-6));
#5695=CARTESIAN_POINT('',(-221.660605231005,-105.670849432913,0.999998715869168));
#5696=CARTESIAN_POINT('',(-221.660605231005,-105.670849432913,-1.28413083189116E-6));
#5697=CARTESIAN_POINT('',(-221.7512217372,-105.568422148532,0.999998715869168));
#5698=CARTESIAN_POINT('',(-221.7512217372,-105.568422148532,-1.28413083189116E-6));
#5699=CARTESIAN_POINT('',(-221.954061429266,-105.339144727725,0.999998715869168));
#5700=CARTESIAN_POINT('',(-221.954061429266,-105.339144727725,-1.28413083189116E-6));
#5701=CARTESIAN_POINT('',(-222.144784495596,-105.099251854872,0.999998715869168));
#5702=CARTESIAN_POINT('',(-222.144784495596,-105.099251854872,-1.28413083189116E-6));
#5703=CARTESIAN_POINT('',(-222.321099012709,-104.848964045319,0.999998715869168));
#5704=CARTESIAN_POINT('',(-222.321099012709,-104.848964045319,-1.28413083189116E-6));
#5705=CARTESIAN_POINT('',(-222.353697838434,-104.802688283014,0.999998715869168));
#5706=CARTESIAN_POINT('',(-222.353697838434,-104.802688283014,-1.28413083189116E-6));
#5707=CARTESIAN_POINT('',(-222.385618502885,-104.756320390685,0.999998715869168));
#5708=CARTESIAN_POINT('',(-222.385618502885,-104.756320390685,-1.28413083189116E-6));
#5709=CARTESIAN_POINT('',(-222.417214921971,-104.70935450915,0.999998715869168));
#5710=CARTESIAN_POINT('',(-222.417214921971,-104.70935450915,-1.28413083189116E-6));
#5711=CARTESIAN_POINT('',(-222.449762590779,-104.660974661001,0.999998715869168));
#5712=CARTESIAN_POINT('',(-222.449762590779,-104.660974661001,-1.28413083189116E-6));
#5713=CARTESIAN_POINT('',(-222.481977927524,-104.611942847032,0.999998715869168));
#5714=CARTESIAN_POINT('',(-222.481977927524,-104.611942847032,-1.28413083189116E-6));
#5715=CARTESIAN_POINT('',(-222.513455340724,-104.562859888779,0.999998715869168));
#5716=CARTESIAN_POINT('',(-222.513455340724,-104.562859888779,-1.28413083189116E-6));
#5717=CARTESIAN_POINT('',(-222.578565807248,-104.461332667021,0.999998715869168));
#5718=CARTESIAN_POINT('',(-222.578565807248,-104.461332667021,-1.28413083189116E-6));
#5719=CARTESIAN_POINT('',(-222.640997034621,-104.358840997559,0.999998715869168));
#5720=CARTESIAN_POINT('',(-222.640997034621,-104.358840997559,-1.28413083189116E-6));
#5721=CARTESIAN_POINT('',(-222.701286559088,-104.254378354007,0.999998715869168));
#5722=CARTESIAN_POINT('',(-222.701286559088,-104.254378354007,-1.28413083189116E-6));
#5723=CARTESIAN_POINT('',(-222.763819368516,-104.146028808388,0.999998715869168));
#5724=CARTESIAN_POINT('',(-222.763819368516,-104.146028808388,-1.28413083189116E-6));
#5725=CARTESIAN_POINT('',(-222.824056104162,-104.035545260126,0.999998715869168));
#5726=CARTESIAN_POINT('',(-222.824056104162,-104.035545260126,-1.28413083189116E-6));
#5727=CARTESIAN_POINT('',(-222.881214887506,-103.924266586781,0.999998715869168));
#5728=CARTESIAN_POINT('',(-222.881214887506,-103.924266586781,-1.28413083189116E-6));
#5729=CARTESIAN_POINT('',(-222.910712706913,-103.866839223599,0.999998715869168));
#5730=CARTESIAN_POINT('',(-222.910712706913,-103.866839223599,-1.28413083189116E-6));
#5731=CARTESIAN_POINT('',(-222.939198598429,-103.809574106579,0.999998715869168));
#5732=CARTESIAN_POINT('',(-222.939198598429,-103.809574106579,-1.28413083189116E-6));
#5733=CARTESIAN_POINT('',(-222.967190111289,-103.751397592036,0.999998715869168));
#5734=CARTESIAN_POINT('',(-222.967190111289,-103.751397592036,-1.28413083189116E-6));
#5735=CARTESIAN_POINT('',(-222.995894545424,-103.691739368549,0.999998715869168));
#5736=CARTESIAN_POINT('',(-222.995894545424,-103.691739368549,-1.28413083189116E-6));
#5737=CARTESIAN_POINT('',(-223.024150549187,-103.630974232065,0.999998715869168));
#5738=CARTESIAN_POINT('',(-223.024150549187,-103.630974232065,-1.28413083189116E-6));
#5739=CARTESIAN_POINT('',(-223.051280213472,-103.570583639445,0.999998715869168));
#5740=CARTESIAN_POINT('',(-223.051280213472,-103.570583639445,-1.28413083189116E-6));
#5741=CARTESIAN_POINT('',(-223.187740966638,-103.266822204505,0.999998715869168));
#5742=CARTESIAN_POINT('',(-223.187740966638,-103.266822204505,-1.28413083189116E-6));
#5743=CARTESIAN_POINT('',(-223.303327282398,-102.955583593425,0.999998715869168));
#5744=CARTESIAN_POINT('',(-223.303327282398,-102.955583593425,-1.28413083189116E-6));
#5745=CARTESIAN_POINT('',(-223.398013685904,-102.636318460349,0.999998715869168));
#5746=CARTESIAN_POINT('',(-223.398013685904,-102.636318460349,-1.28413083189116E-6));
#5747=CARTESIAN_POINT('',(-223.444978646365,-102.477961253864,0.999998715869168));
#5748=CARTESIAN_POINT('',(-223.444978646365,-102.477961253864,-1.28413083189116E-6));
#5749=CARTESIAN_POINT('',(-223.487098837599,-102.316625157845,0.999998715869168));
#5750=CARTESIAN_POINT('',(-223.487098837599,-102.316625157845,-1.28413083189116E-6));
#5751=CARTESIAN_POINT('',(-223.523522166119,-102.155516167055,0.999998715869168));
#5752=CARTESIAN_POINT('',(-223.523522166119,-102.155516167055,-1.28413083189116E-6));
#5753=CARTESIAN_POINT('',(-223.55919730557,-101.997716593355,0.999998715869168));
#5754=CARTESIAN_POINT('',(-223.55919730557,-101.997716593355,-1.28413083189116E-6));
#5755=CARTESIAN_POINT('',(-223.589630309728,-101.839145831578,0.999998715869168));
#5756=CARTESIAN_POINT('',(-223.589630309728,-101.839145831578,-1.28413083189116E-6));
#5757=CARTESIAN_POINT('',(-223.615016574533,-101.679369190826,0.999998715869168));
#5758=CARTESIAN_POINT('',(-223.615016574533,-101.679369190826,-1.28413083189116E-6));
#5759=CARTESIAN_POINT('',(-223.6636754329,-101.373118980617,0.999998715869168));
#5760=CARTESIAN_POINT('',(-223.6636754329,-101.373118980617,-1.28413083189116E-6));
#5761=CARTESIAN_POINT('',(-223.693693619722,-101.063031891058,0.999998715869168));
#5762=CARTESIAN_POINT('',(-223.693693619722,-101.063031891058,-1.28413083189116E-6));
#5763=CARTESIAN_POINT('',(-223.705491672223,-100.753180917261,0.999998715869168));
#5764=CARTESIAN_POINT('',(-223.705491672223,-100.753180917261,-1.28413083189116E-6));
#5765=CARTESIAN_POINT('',(-223.716517306138,-100.463615889076,0.999998715869168));
#5766=CARTESIAN_POINT('',(-223.716517306138,-100.463615889076,-1.28413083189116E-6));
#5767=CARTESIAN_POINT('',(-223.711651778612,-100.173509797248,0.999998715869168));
#5768=CARTESIAN_POINT('',(-223.711651778612,-100.173509797248,-1.28413083189116E-6));
#5769=CARTESIAN_POINT('',(-223.692137157077,-99.8844142280204,0.999998715869168));
#5770=CARTESIAN_POINT('',(-223.692137157077,-99.8844142280204,-1.28413083189116E-6));
#5771=CARTESIAN_POINT('',(-223.691254982859,-99.8713454294634,0.999998715869168));
#5772=CARTESIAN_POINT('',(-223.691254982859,-99.8713454294634,-1.28413083189116E-6));
#5773=CARTESIAN_POINT('',(-223.69034296676,-99.8582785332826,0.999998715869168));
#5774=CARTESIAN_POINT('',(-223.69034296676,-99.8582785332826,-1.28413083189116E-6));
#5775=CARTESIAN_POINT('',(-223.689400926163,-99.8452139652186,0.999998715869168));
#5776=CARTESIAN_POINT('',(-223.689400926163,-99.8452139652186,-1.28413083189116E-6));
#5777=CARTESIAN_POINT('',(-223.688472896317,-99.8323437034342,0.999998715869168));
#5778=CARTESIAN_POINT('',(-223.688472896317,-99.8323437034342,-1.28413083189116E-6));
#5779=CARTESIAN_POINT('',(-223.687515675487,-99.8194754428532,0.999998715869168));
#5780=CARTESIAN_POINT('',(-223.687515675487,-99.8194754428532,-1.28413083189116E-6));
#5781=CARTESIAN_POINT('',(-223.686530460818,-99.8066094804321,0.999998715869168));
#5782=CARTESIAN_POINT('',(-223.686530460818,-99.8066094804321,-1.28413083189116E-6));
#5783=CARTESIAN_POINT('',(-223.685565149234,-99.7940034332967,0.999998715869168));
#5784=CARTESIAN_POINT('',(-223.685565149234,-99.7940034332967,-1.28413083189116E-6));
#5785=CARTESIAN_POINT('',(-223.684572736192,-99.7813993547979,0.999998715869168));
#5786=CARTESIAN_POINT('',(-223.684572736192,-99.7813993547979,-1.28413083189116E-6));
#5787=CARTESIAN_POINT('',(-223.683550184892,-99.7687978698148,0.999998715869168));
#5788=CARTESIAN_POINT('',(-223.683550184892,-99.7687978698148,-1.28413083189116E-6));
#5789=CARTESIAN_POINT('',(-223.68253811529,-99.7563255567798,0.999998715869168));
#5790=CARTESIAN_POINT('',(-223.68253811529,-99.7563255567798,-1.28413083189116E-6));
#5791=CARTESIAN_POINT('',(-223.681496623677,-99.7438555301367,0.999998715869168));
#5792=CARTESIAN_POINT('',(-223.681496623677,-99.7438555301367,-1.28413083189116E-6));
#5793=CARTESIAN_POINT('',(-223.680428920403,-99.7313879042599,0.999998715869168));
#5794=CARTESIAN_POINT('',(-223.680428920403,-99.7313879042599,-1.28413083189116E-6));
#5795=CARTESIAN_POINT('',(-223.657885730823,-99.4681499235851,0.999998715869168));
#5796=CARTESIAN_POINT('',(-223.657885730823,-99.4681499235851,-1.28413083189116E-6));
#5797=CARTESIAN_POINT('',(-223.624067496819,-99.2103641711424,0.999998715869168));
#5798=CARTESIAN_POINT('',(-223.624067496819,-99.2103641711424,-1.28413083189116E-6));
#5799=CARTESIAN_POINT('',(-223.578975984834,-98.9500539956935,0.999998715869168));
#5800=CARTESIAN_POINT('',(-223.578975984834,-98.9500539956935,-1.28413083189116E-6));
#5801=CARTESIAN_POINT('',(-223.539175291648,-98.7202873507067,0.999998715869168));
#5802=CARTESIAN_POINT('',(-223.539175291648,-98.7202873507067,-1.28413083189116E-6));
#5803=CARTESIAN_POINT('',(-223.491606438725,-98.4942172107362,0.999998715869168));
#5804=CARTESIAN_POINT('',(-223.491606438725,-98.4942172107362,-1.28413083189116E-6));
#5805=CARTESIAN_POINT('',(-223.436367268617,-98.2676770248304,0.999998715869168));
#5806=CARTESIAN_POINT('',(-223.436367268617,-98.2676770248304,-1.28413083189116E-6));
#5807=CARTESIAN_POINT('',(-223.387542704624,-98.0674436436598,0.999998715869168));
#5808=CARTESIAN_POINT('',(-223.387542704624,-98.0674436436598,-1.28413083189116E-6));
#5809=CARTESIAN_POINT('',(-223.333806535109,-97.8711873243967,0.999998715869168));
#5810=CARTESIAN_POINT('',(-223.333806535109,-97.8711873243967,-1.28413083189116E-6));
#5811=CARTESIAN_POINT('',(-223.274576062285,-97.6737887940544,0.999998715869168));
#5812=CARTESIAN_POINT('',(-223.274576062285,-97.6737887940544,-1.28413083189116E-6));
#5813=CARTESIAN_POINT('',(-223.221995710871,-97.4985532506048,0.999998715869168));
#5814=CARTESIAN_POINT('',(-223.221995710871,-97.4985532506048,-1.28413083189116E-6));
#5815=CARTESIAN_POINT('',(-223.166874682621,-97.3283105563237,0.999998715869168));
#5816=CARTESIAN_POINT('',(-223.166874682621,-97.3283105563237,-1.28413083189116E-6));
#5817=CARTESIAN_POINT('',(-223.107308250038,-97.1553288930893,0.999998715869168));
#5818=CARTESIAN_POINT('',(-223.107308250038,-97.1553288930893,-1.28413083189116E-6));
#5819=CARTESIAN_POINT('',(-223.042470412141,-96.9670390030701,0.999998715869168));
#5820=CARTESIAN_POINT('',(-223.042470412141,-96.9670390030701,-1.28413083189116E-6));
#5821=CARTESIAN_POINT('',(-222.975283490944,-96.7839136745865,0.999998715869168));
#5822=CARTESIAN_POINT('',(-222.975283490944,-96.7839136745865,-1.28413083189116E-6));
#5823=CARTESIAN_POINT('',(-222.903613554925,-96.5981213497221,0.999998715869168));
#5824=CARTESIAN_POINT('',(-222.903613554925,-96.5981213497221,-1.28413083189116E-6));
#5825=CARTESIAN_POINT('',(-222.836832247341,-96.425001976625,0.999998715869168));
#5826=CARTESIAN_POINT('',(-222.836832247341,-96.425001976625,-1.28413083189116E-6));
#5827=CARTESIAN_POINT('',(-222.76763511254,-96.2533716088046,0.999998715869168));
#5828=CARTESIAN_POINT('',(-222.76763511254,-96.2533716088046,-1.28413083189116E-6));
#5829=CARTESIAN_POINT('',(-222.696132829512,-96.0821506213251,0.999998715869168));
#5830=CARTESIAN_POINT('',(-222.696132829512,-96.0821506213251,-1.28413083189116E-6));
#5831=CARTESIAN_POINT('',(-222.629338197438,-95.922202681516,0.999998715869168));
#5832=CARTESIAN_POINT('',(-222.629338197438,-95.922202681516,-1.28413083189116E-6));
#5833=CARTESIAN_POINT('',(-222.560943706124,-95.7635908000793,0.999998715869168));
#5834=CARTESIAN_POINT('',(-222.560943706124,-95.7635908000793,-1.28413083189116E-6));
#5835=CARTESIAN_POINT('',(-222.490866125485,-95.6050553244795,0.999998715869168));
#5836=CARTESIAN_POINT('',(-222.490866125485,-95.6050553244795,-1.28413083189116E-6));
#5837=CARTESIAN_POINT('',(-222.426193597581,-95.4587476198467,0.999998715869168));
#5838=CARTESIAN_POINT('',(-222.426193597581,-95.4587476198467,-1.28413083189116E-6));
#5839=CARTESIAN_POINT('',(-222.360262212005,-95.3129801713167,0.999998715869168));
#5840=CARTESIAN_POINT('',(-222.360262212005,-95.3129801713167,-1.28413083189116E-6));
#5841=CARTESIAN_POINT('',(-222.293378273806,-95.1676780874959,0.999998715869168));
#5842=CARTESIAN_POINT('',(-222.293378273806,-95.1676780874959,-1.28413083189116E-6));
#5843=CARTESIAN_POINT('',(-222.223567439149,-95.0160174643001,0.999998715869168));
#5844=CARTESIAN_POINT('',(-222.223567439149,-95.0160174643001,-1.28413083189116E-6));
#5845=CARTESIAN_POINT('',(-222.152723646038,-94.8648221643009,0.999998715869168));
#5846=CARTESIAN_POINT('',(-222.152723646038,-94.8648221643009,-1.28413083189116E-6));
#5847=CARTESIAN_POINT('',(-222.081139126734,-94.7139956665605,0.999998715869168));
#5848=CARTESIAN_POINT('',(-222.081139126734,-94.7139956665605,-1.28413083189116E-6));
#5849=CARTESIAN_POINT('',(-222.011059173081,-94.5663392448346,0.999998715869168));
#5850=CARTESIAN_POINT('',(-222.011059173081,-94.5663392448346,-1.28413083189116E-6));
#5851=CARTESIAN_POINT('',(-221.940275884378,-94.4190120564381,0.999998715869168));
#5852=CARTESIAN_POINT('',(-221.940275884378,-94.4190120564381,-1.28413083189116E-6));
#5853=CARTESIAN_POINT('',(-221.869024713159,-94.2719195173536,0.999998715869168));
#5854=CARTESIAN_POINT('',(-221.869024713159,-94.2719195173536,-1.28413083189116E-6));
#5855=CARTESIAN_POINT('',(-221.800170217564,-94.1297747299614,0.999998715869168));
#5856=CARTESIAN_POINT('',(-221.800170217564,-94.1297747299614,-1.28413083189116E-6));
#5857=CARTESIAN_POINT('',(-221.730871883429,-93.9878433259469,0.999998715869168));
#5858=CARTESIAN_POINT('',(-221.730871883429,-93.9878433259469,-1.28413083189116E-6));
#5859=CARTESIAN_POINT('',(-221.661334891835,-93.8460320050935,0.999998715869168));
#5860=CARTESIAN_POINT('',(-221.661334891835,-93.8460320050935,-1.28413083189116E-6));
#5861=CARTESIAN_POINT('',(-221.595360084048,-93.7114852779387,0.999998715869168));
#5862=CARTESIAN_POINT('',(-221.595360084048,-93.7114852779387,-1.28413083189116E-6));
#5863=CARTESIAN_POINT('',(-221.52916660149,-93.5770455730863,0.999998715869168));
#5864=CARTESIAN_POINT('',(-221.52916660149,-93.5770455730863,-1.28413083189116E-6));
#5865=CARTESIAN_POINT('',(-221.462950173053,-93.4426177235432,0.999998715869168));
#5866=CARTESIAN_POINT('',(-221.462950173053,-93.4426177235432,-1.28413083189116E-6));
#5867=CARTESIAN_POINT('',(-221.458029614521,-93.4326283581008,0.999998715869168));
#5868=CARTESIAN_POINT('',(-221.458029614521,-93.4326283581008,-1.28413083189116E-6));
#5869=CARTESIAN_POINT('',(-221.453108958523,-93.422639040662,0.999998715869168));
#5870=CARTESIAN_POINT('',(-221.453108958523,-93.422639040662,-1.28413083189116E-6));
#5871=CARTESIAN_POINT('',(-221.448188045376,-93.4126498499061,0.999998715869168));
#5872=CARTESIAN_POINT('',(-221.448188045376,-93.4126498499061,-1.28413083189116E-6));
#5873=CARTESIAN_POINT('',(-221.443183928601,-93.4024917602285,0.999998715869168));
#5874=CARTESIAN_POINT('',(-221.443183928601,-93.4024917602285,-1.28413083189116E-6));
#5875=CARTESIAN_POINT('',(-221.438179553114,-93.3923337979959,0.999998715869168));
#5876=CARTESIAN_POINT('',(-221.438179553114,-93.3923337979959,-1.28413083189116E-6));
#5877=CARTESIAN_POINT('',(-221.433175221697,-93.38217581406,0.999998715869168));
#5878=CARTESIAN_POINT('',(-221.433175221697,-93.38217581406,-1.28413083189116E-6));
#5879=CARTESIAN_POINT('',(-221.428174435262,-93.3720250258634,0.999998715869168));
#5880=CARTESIAN_POINT('',(-221.428174435262,-93.3720250258634,-1.28413083189116E-6));
#5881=CARTESIAN_POINT('',(-221.423173691608,-93.3618742165845,0.999998715869168));
#5882=CARTESIAN_POINT('',(-221.423173691608,-93.3618742165845,-1.28413083189116E-6));
#5883=CARTESIAN_POINT('',(-221.418172518787,-93.3517236187556,0.999998715869168));
#5884=CARTESIAN_POINT('',(-221.418172518787,-93.3517236187556,-1.28413083189116E-6));
#5885=CARTESIAN_POINT('',(-221.413178096255,-93.3415867216056,0.999998715869168));
#5886=CARTESIAN_POINT('',(-221.413178096255,-93.3415867216056,-1.28413083189116E-6));
#5887=CARTESIAN_POINT('',(-221.4081832456,-93.3314500353904,0.999998715869168));
#5888=CARTESIAN_POINT('',(-221.4081832456,-93.3314500353904,-1.28413083189116E-6));
#5889=CARTESIAN_POINT('',(-221.403188792755,-93.3213131531754,0.999998715869168));
#5890=CARTESIAN_POINT('',(-221.403188792755,-93.3213131531754,-1.28413083189116E-6));
#5891=CARTESIAN_POINT('',(-221.253499250504,-93.0174990406069,0.999998715869168));
#5892=CARTESIAN_POINT('',(-221.253499250504,-93.0174990406069,-1.28413083189116E-6));
#5893=CARTESIAN_POINT('',(-221.10406962007,-92.7135423684194,0.999998715869168));
#5894=CARTESIAN_POINT('',(-221.10406962007,-92.7135423684194,-1.28413083189116E-6));
#5895=CARTESIAN_POINT('',(-220.957250238065,-92.4083353739618,0.999998715869168));
#5896=CARTESIAN_POINT('',(-220.957250238065,-92.4083353739618,-1.28413083189116E-6));
#5897=CARTESIAN_POINT('',(-220.823357334596,-92.1299998429909,0.999998715869168));
#5898=CARTESIAN_POINT('',(-220.823357334596,-92.1299998429909,-1.28413083189116E-6));
#5899=CARTESIAN_POINT('',(-220.68963916687,-91.846284521728,0.999998715869168));
#5900=CARTESIAN_POINT('',(-220.68963916687,-91.846284521728,-1.28413083189116E-6));
#5901=CARTESIAN_POINT('',(-220.5624565484,-91.5648083939109,0.999998715869168));
#5902=CARTESIAN_POINT('',(-220.5624565484,-91.5648083939109,-1.28413083189116E-6));
#5903=CARTESIAN_POINT('',(-220.443875207349,-91.3023683127758,0.999998715869168));
#5904=CARTESIAN_POINT('',(-220.443875207349,-91.3023683127758,-1.28413083189116E-6));
#5905=CARTESIAN_POINT('',(-220.329107366116,-91.0377826569074,0.999998715869168));
#5906=CARTESIAN_POINT('',(-220.329107366116,-91.0377826569074,-1.28413083189116E-6));
#5907=CARTESIAN_POINT('',(-220.22055651361,-90.7710222379128,0.999998715869168));
#5908=CARTESIAN_POINT('',(-220.22055651361,-90.7710222379128,-1.28413083189116E-6));
#5909=CARTESIAN_POINT('',(-220.117065076938,-90.5166951794758,0.999998715869168));
#5910=CARTESIAN_POINT('',(-220.117065076938,-90.5166951794758,-1.28413083189116E-6));
#5911=CARTESIAN_POINT('',(-220.019603770039,-90.2613458135875,0.999998715869168));
#5912=CARTESIAN_POINT('',(-220.019603770039,-90.2613458135875,-1.28413083189116E-6));
#5913=CARTESIAN_POINT('',(-219.928900125125,-90.0021678481255,0.999998715869168));
#5914=CARTESIAN_POINT('',(-219.928900125125,-90.0021678481255,-1.28413083189116E-6));
#5915=CARTESIAN_POINT('',(-219.925805525939,-89.9933252936526,0.999998715869168));
#5916=CARTESIAN_POINT('',(-219.925805525939,-89.9933252936526,-1.28413083189116E-6));
#5917=CARTESIAN_POINT('',(-219.922719191761,-89.9844798317113,0.999998715869168));
#5918=CARTESIAN_POINT('',(-219.922719191761,-89.9844798317113,-1.28413083189116E-6));
#5919=CARTESIAN_POINT('',(-219.919641624035,-89.9756313419955,0.999998715869168));
#5920=CARTESIAN_POINT('',(-219.919641624035,-89.9756313419955,-1.28413083189116E-6));
#5921=CARTESIAN_POINT('',(-219.916629084853,-89.9669698195371,0.999998715869168));
#5922=CARTESIAN_POINT('',(-219.916629084853,-89.9669698195371,-1.28413083189116E-6));
#5923=CARTESIAN_POINT('',(-219.913625341223,-89.9583052215442,0.999998715869168));
#5924=CARTESIAN_POINT('',(-219.913625341223,-89.9583052215442,-1.28413083189116E-6));
#5925=CARTESIAN_POINT('',(-219.910630474068,-89.949637580439,0.999998715869168));
#5926=CARTESIAN_POINT('',(-219.910630474068,-89.949637580439,-1.28413083189116E-6));
#5927=CARTESIAN_POINT('',(-219.907600752355,-89.9408690644768,0.999998715869168));
#5928=CARTESIAN_POINT('',(-219.907600752355,-89.9408690644768,-1.28413083189116E-6));
#5929=CARTESIAN_POINT('',(-219.904579426122,-89.9320976333649,0.999998715869168));
#5930=CARTESIAN_POINT('',(-219.904579426122,-89.9320976333649,-1.28413083189116E-6));
#5931=CARTESIAN_POINT('',(-219.901566314207,-89.9233234024809,0.999998715869168));
#5932=CARTESIAN_POINT('',(-219.901566314207,-89.9233234024809,-1.28413083189116E-6));
#5933=CARTESIAN_POINT('',(-219.89870759329,-89.9149987606932,0.999998715869168));
#5934=CARTESIAN_POINT('',(-219.89870759329,-89.9149987606932,-1.28413083189116E-6));
#5935=CARTESIAN_POINT('',(-219.895856841049,-89.9066713665941,0.999998715869168));
#5936=CARTESIAN_POINT('',(-219.895856841049,-89.9066713665941,-1.28413083189116E-6));
#5937=CARTESIAN_POINT('',(-219.893015135825,-89.8983409081441,0.999998715869168));
#5938=CARTESIAN_POINT('',(-219.893015135825,-89.8983409081441,-1.28413083189116E-6));
#5939=CARTESIAN_POINT('',(-219.809155098729,-89.6525052216468,0.999998715869168));
#5940=CARTESIAN_POINT('',(-219.809155098729,-89.6525052216468,-1.28413083189116E-6));
#5941=CARTESIAN_POINT('',(-219.732774892802,-89.40357662775,0.999998715869168));
#5942=CARTESIAN_POINT('',(-219.732774892802,-89.40357662775,-1.28413083189116E-6));
#5943=CARTESIAN_POINT('',(-219.665414257301,-89.1527046007996,0.999998715869168));
#5944=CARTESIAN_POINT('',(-219.665414257301,-89.1527046007996,-1.28413083189116E-6));
#5945=CARTESIAN_POINT('',(-219.599157047209,-88.9059420744056,0.999998715869168));
#5946=CARTESIAN_POINT('',(-219.599157047209,-88.9059420744056,-1.28413083189116E-6));
#5947=CARTESIAN_POINT('',(-219.54067362624,-88.6537399069018,0.999998715869168));
#5948=CARTESIAN_POINT('',(-219.54067362624,-88.6537399069018,-1.28413083189116E-6));
#5949=CARTESIAN_POINT('',(-219.493122722776,-88.402680268885,0.999998715869168));
#5950=CARTESIAN_POINT('',(-219.493122722776,-88.402680268885,-1.28413083189116E-6));
#5951=CARTESIAN_POINT('',(-219.447739587538,-88.1630660307726,0.999998715869168));
#5952=CARTESIAN_POINT('',(-219.447739587538,-88.1630660307726,-1.28413083189116E-6));
#5953=CARTESIAN_POINT('',(-219.411341976533,-87.9193180335012,0.999998715869168));
#5954=CARTESIAN_POINT('',(-219.411341976533,-87.9193180335012,-1.28413083189116E-6));
#5955=CARTESIAN_POINT('',(-219.38689806442,-87.6766402427711,0.999998715869168));
#5956=CARTESIAN_POINT('',(-219.38689806442,-87.6766402427711,-1.28413083189116E-6));
#5957=CARTESIAN_POINT('',(-219.375302090512,-87.5615160631266,0.999998715869168));
#5958=CARTESIAN_POINT('',(-219.375302090512,-87.5615160631266,-1.28413083189116E-6));
#5959=CARTESIAN_POINT('',(-219.366308593292,-87.4457488579899,0.999998715869168));
#5960=CARTESIAN_POINT('',(-219.366308593292,-87.4457488579899,-1.28413083189116E-6));
#5961=CARTESIAN_POINT('',(-219.360294118192,-87.3301960670294,0.999998715869168));
#5962=CARTESIAN_POINT('',(-219.360294118192,-87.3301960670294,-1.28413083189116E-6));
#5963=CARTESIAN_POINT('',(-219.357394411367,-87.2744856000409,0.999998715869168));
#5964=CARTESIAN_POINT('',(-219.357394411367,-87.2744856000409,-1.28413083189116E-6));
#5965=CARTESIAN_POINT('',(-219.355171925119,-87.2185296564121,0.999998715869168));
#5966=CARTESIAN_POINT('',(-219.355171925119,-87.2185296564121,-1.28413083189116E-6));
#5967=CARTESIAN_POINT('',(-219.353688350255,-87.1627633183994,0.999998715869168));
#5968=CARTESIAN_POINT('',(-219.353688350255,-87.1627633183994,-1.28413083189116E-6));
#5969=CARTESIAN_POINT('',(-219.352240925698,-87.1083558402033,0.999998715869168));
#5970=CARTESIAN_POINT('',(-219.352240925698,-87.1083558402033,-1.28413083189116E-6));
#5971=CARTESIAN_POINT('',(-219.351504719292,-87.0544269005559,0.999998715869168));
#5972=CARTESIAN_POINT('',(-219.351504719292,-87.0544269005559,-1.28413083189116E-6));
#5973=CARTESIAN_POINT('',(-219.35150471936,-87.0000000037264,0.999998715869168));
#5974=CARTESIAN_POINT('',(-219.35150471936,-87.0000000037264,-1.28413083189116E-6));
#5975=CARTESIAN_POINT('',(-219.351504719429,-86.9455731064891,0.999998715869168));
#5976=CARTESIAN_POINT('',(-219.351504719429,-86.9455731064891,-1.28413083189116E-6));
#5977=CARTESIAN_POINT('',(-219.352240925983,-86.8916441655276,0.999998715869168));
#5978=CARTESIAN_POINT('',(-219.352240925983,-86.8916441655276,-1.28413083189116E-6));
#5979=CARTESIAN_POINT('',(-219.353688350515,-86.8372366869237,0.999998715869168));
#5980=CARTESIAN_POINT('',(-219.353688350515,-86.8372366869237,-1.28413083189116E-6));
#5981=CARTESIAN_POINT('',(-219.355171925393,-86.781470347069,0.999998715869168));
#5982=CARTESIAN_POINT('',(-219.355171925393,-86.781470347069,-1.28413083189116E-6));
#5983=CARTESIAN_POINT('',(-219.357394411497,-86.7255144031692,0.999998715869168));
#5984=CARTESIAN_POINT('',(-219.357394411497,-86.7255144031692,-1.28413083189116E-6));
#5985=CARTESIAN_POINT('',(-219.360294118533,-86.6698039343455,0.999998715869168));
#5986=CARTESIAN_POINT('',(-219.360294118533,-86.6698039343455,-1.28413083189116E-6));
#5987=CARTESIAN_POINT('',(-219.366308593958,-86.5542511417607,0.999998715869168));
#5988=CARTESIAN_POINT('',(-219.366308593958,-86.5542511417607,-1.28413083189116E-6));
#5989=CARTESIAN_POINT('',(-219.375302093221,-86.4384839224667,0.999998715869168));
#5990=CARTESIAN_POINT('',(-219.375302093221,-86.4384839224667,-1.28413083189116E-6));
#5991=CARTESIAN_POINT('',(-219.386898066714,-86.3233597411506,0.999998715869168));
#5992=CARTESIAN_POINT('',(-219.386898066714,-86.3233597411506,-1.28413083189116E-6));
#5993=CARTESIAN_POINT('',(-219.411341978708,-86.0806819394106,0.999998715869168));
#5994=CARTESIAN_POINT('',(-219.411341978708,-86.0806819394106,-1.28413083189116E-6));
#5995=CARTESIAN_POINT('',(-219.447739577892,-85.8369340027407,0.999998715869168));
#5996=CARTESIAN_POINT('',(-219.447739577892,-85.8369340027407,-1.28413083189116E-6));
#5997=CARTESIAN_POINT('',(-219.493122718372,-85.5973197543756,0.999998715869168));
#5998=CARTESIAN_POINT('',(-219.493122718372,-85.5973197543756,-1.28413083189116E-6));
#5999=CARTESIAN_POINT('',(-219.540673621882,-85.3462601343679,0.999998715869168));
#6000=CARTESIAN_POINT('',(-219.540673621882,-85.3462601343679,-1.28413083189116E-6));
#6001=CARTESIAN_POINT('',(-219.599157066625,-85.0940578685954,0.999998715869168));
#6002=CARTESIAN_POINT('',(-219.599157066625,-85.0940578685954,-1.28413083189116E-6));
#6003=CARTESIAN_POINT('',(-219.665414268291,-84.8472953582809,0.999998715869168));
#6004=CARTESIAN_POINT('',(-219.665414268291,-84.8472953582809,-1.28413083189116E-6));
#6005=CARTESIAN_POINT('',(-219.732774947673,-84.5964231523496,0.999998715869168));
#6006=CARTESIAN_POINT('',(-219.732774947673,-84.5964231523496,-1.28413083189116E-6));
#6007=CARTESIAN_POINT('',(-219.809155108791,-84.3474947589043,0.999998715869168));
#6008=CARTESIAN_POINT('',(-219.809155108791,-84.3474947589043,-1.28413083189116E-6));
#6009=CARTESIAN_POINT('',(-219.893015202682,-84.1016588975688,0.999998715869168));
#6010=CARTESIAN_POINT('',(-219.893015202682,-84.1016588975688,-1.28413083189116E-6));
#6011=CARTESIAN_POINT('',(-219.895856917083,-84.0933284119349,0.999998715869168));
#6012=CARTESIAN_POINT('',(-219.895856917083,-84.0933284119349,-1.28413083189116E-6));
#6013=CARTESIAN_POINT('',(-219.898707676668,-84.0850009961475,0.999998715869168));
#6014=CARTESIAN_POINT('',(-219.898707676668,-84.0850009961475,-1.28413083189116E-6));
#6015=CARTESIAN_POINT('',(-219.901566402504,-84.0766763403863,0.999998715869168));
#6016=CARTESIAN_POINT('',(-219.901566402504,-84.0766763403863,-1.28413083189116E-6));
#6017=CARTESIAN_POINT('',(-219.904579526805,-84.0679020738016,0.999998715869168));
#6018=CARTESIAN_POINT('',(-219.904579526805,-84.0679020738016,-1.28413083189116E-6));
#6019=CARTESIAN_POINT('',(-219.907600863546,-84.0591306130698,0.999998715869168));
#6020=CARTESIAN_POINT('',(-219.907600863546,-84.0591306130698,-1.28413083189116E-6));
#6021=CARTESIAN_POINT('',(-219.910630593807,-84.0503620731236,0.999998715869168));
#6022=CARTESIAN_POINT('',(-219.910630593807,-84.0503620731236,-1.28413083189116E-6));
#6023=CARTESIAN_POINT('',(-219.913625454274,-84.0416944521244,0.999998715869168));
#6024=CARTESIAN_POINT('',(-219.913625454274,-84.0416944521244,-1.28413083189116E-6));
#6025=CARTESIAN_POINT('',(-219.91662918888,-84.0330298809861,0.999998715869168));
#6026=CARTESIAN_POINT('',(-219.91662918888,-84.0330298809861,-1.28413083189116E-6));
#6027=CARTESIAN_POINT('',(-219.919641716483,-84.0243683921967,0.999998715869168));
#6028=CARTESIAN_POINT('',(-219.919641716483,-84.0243683921967,-1.28413083189116E-6));
#6029=CARTESIAN_POINT('',(-219.922719279132,-84.0155199174637,0.999998715869168));
#6030=CARTESIAN_POINT('',(-219.922719279132,-84.0155199174637,-1.28413083189116E-6));
#6031=CARTESIAN_POINT('',(-219.92580560608,-84.0066744761009,0.999998715869168));
#6032=CARTESIAN_POINT('',(-219.92580560608,-84.0066744761009,-1.28413083189116E-6));
#6033=CARTESIAN_POINT('',(-219.928900195705,-83.9978319487848,0.999998715869168));
#6034=CARTESIAN_POINT('',(-219.928900195705,-83.9978319487848,-1.28413083189116E-6));
#6035=CARTESIAN_POINT('',(-220.019603769512,-83.7386541817082,0.999998715869168));
#6036=CARTESIAN_POINT('',(-220.019603769512,-83.7386541817082,-1.28413083189116E-6));
#6037=CARTESIAN_POINT('',(-220.117065172026,-83.4833045939372,0.999998715869168));
#6038=CARTESIAN_POINT('',(-220.117065172026,-83.4833045939372,-1.28413083189116E-6));
#6039=CARTESIAN_POINT('',(-220.220556526714,-83.2289777298827,0.999998715869168));
#6040=CARTESIAN_POINT('',(-220.220556526714,-83.2289777298827,-1.28413083189116E-6));
#6041=CARTESIAN_POINT('',(-220.329107384129,-82.9622172913912,0.999998715869168));
#6042=CARTESIAN_POINT('',(-220.329107384129,-82.9622172913912,-1.28413083189116E-6));
#6043=CARTESIAN_POINT('',(-220.443875190924,-82.6976317195372,0.999998715869168));
#6044=CARTESIAN_POINT('',(-220.443875190924,-82.6976317195372,-1.28413083189116E-6));
#6045=CARTESIAN_POINT('',(-220.562456541674,-82.4351916209748,0.999998715869168));
#6046=CARTESIAN_POINT('',(-220.562456541674,-82.4351916209748,-1.28413083189116E-6));
#6047=CARTESIAN_POINT('',(-220.689639158308,-82.1537155015553,0.999998715869168));
#6048=CARTESIAN_POINT('',(-220.689639158308,-82.1537155015553,-1.28413083189116E-6));
#6049=CARTESIAN_POINT('',(-220.823357340842,-81.8700001453972,0.999998715869168));
#6050=CARTESIAN_POINT('',(-220.823357340842,-81.8700001453972,-1.28413083189116E-6));
#6051=CARTESIAN_POINT('',(-220.957250240138,-81.5916646217288,0.999998715869168));
#6052=CARTESIAN_POINT('',(-220.957250240138,-81.5916646217288,-1.28413083189116E-6));
#6053=CARTESIAN_POINT('',(-221.104070255332,-81.286456309494,0.999998715869168));
#6054=CARTESIAN_POINT('',(-221.104070255332,-81.286456309494,-1.28413083189116E-6));
#6055=CARTESIAN_POINT('',(-221.253503505263,-80.9824923245469,0.999998715869168));
#6056=CARTESIAN_POINT('',(-221.253503505263,-80.9824923245469,-1.28413083189116E-6));
#6057=CARTESIAN_POINT('',(-221.403188796922,-80.6786868384247,0.999998715869168));
#6058=CARTESIAN_POINT('',(-221.403188796922,-80.6786868384247,-1.28413083189116E-6));
#6059=CARTESIAN_POINT('',(-221.408183250184,-80.6685499553382,0.999998715869168));
#6060=CARTESIAN_POINT('',(-221.408183250184,-80.6685499553382,-1.28413083189116E-6));
#6061=CARTESIAN_POINT('',(-221.413178101256,-80.6584132682524,0.999998715869168));
#6062=CARTESIAN_POINT('',(-221.413178101256,-80.6584132682524,-1.28413083189116E-6));
#6063=CARTESIAN_POINT('',(-221.418172524211,-80.6482763702334,0.999998715869168));
#6064=CARTESIAN_POINT('',(-221.418172524211,-80.6482763702334,-1.28413083189116E-6));
#6065=CARTESIAN_POINT('',(-221.423173697423,-80.6381257716002,0.999998715869168));
#6066=CARTESIAN_POINT('',(-221.423173697423,-80.6381257716002,-1.28413083189116E-6));
#6067=CARTESIAN_POINT('',(-221.428174441478,-80.6279749615139,0.999998715869168));
#6068=CARTESIAN_POINT('',(-221.428174441478,-80.6279749615139,-1.28413083189116E-6));
#6069=CARTESIAN_POINT('',(-221.433175228307,-80.6178241725211,0.999998715869168));
#6070=CARTESIAN_POINT('',(-221.433175228307,-80.6178241725211,-1.28413083189116E-6));
#6071=CARTESIAN_POINT('',(-221.438179559212,-80.6076661896286,0.999998715869168));
#6072=CARTESIAN_POINT('',(-221.438179559212,-80.6076661896286,-1.28413083189116E-6));
#6073=CARTESIAN_POINT('',(-221.443183934181,-80.5975082284426,0.999998715869168));
#6074=CARTESIAN_POINT('',(-221.443183934181,-80.5975082284426,-1.28413083189116E-6));
#6075=CARTESIAN_POINT('',(-221.448188050442,-80.5873501398096,0.999998715869168));
#6076=CARTESIAN_POINT('',(-221.448188050442,-80.5873501398096,-1.28413083189116E-6));
#6077=CARTESIAN_POINT('',(-221.453108963063,-80.5773609501205,0.999998715869168));
#6078=CARTESIAN_POINT('',(-221.453108963063,-80.5773609501205,-1.28413083189116E-6));
#6079=CARTESIAN_POINT('',(-221.458029618536,-80.5673716337483,0.999998715869168));
#6080=CARTESIAN_POINT('',(-221.458029618536,-80.5673716337483,-1.28413083189116E-6));
#6081=CARTESIAN_POINT('',(-221.462950176539,-80.5573822693775,0.999998715869168));
#6082=CARTESIAN_POINT('',(-221.462950176539,-80.5573822693775,-1.28413083189116E-6));
#6083=CARTESIAN_POINT('',(-221.529166673167,-80.4229542813996,0.999998715869168));
#6084=CARTESIAN_POINT('',(-221.529166673167,-80.4229542813996,-1.28413083189116E-6));
#6085=CARTESIAN_POINT('',(-221.595360096896,-80.2885146958533,0.999998715869168));
#6086=CARTESIAN_POINT('',(-221.595360096896,-80.2885146958533,-1.28413083189116E-6));
#6087=CARTESIAN_POINT('',(-221.661334891797,-80.1539679949817,0.999998715869168));
#6088=CARTESIAN_POINT('',(-221.661334891797,-80.1539679949817,-1.28413083189116E-6));
#6089=CARTESIAN_POINT('',(-221.730872265083,-80.0121558957262,0.999998715869168));
#6090=CARTESIAN_POINT('',(-221.730872265083,-80.0121558957262,-1.28413083189116E-6));
#6091=CARTESIAN_POINT('',(-221.80017043803,-79.8702248149089,0.999998715869168));
#6092=CARTESIAN_POINT('',(-221.80017043803,-79.8702248149089,-1.28413083189116E-6));
#6093=CARTESIAN_POINT('',(-221.869024713193,-79.7280804825743,0.999998715869168));
#6094=CARTESIAN_POINT('',(-221.869024713193,-79.7280804825743,-1.28413083189116E-6));
#6095=CARTESIAN_POINT('',(-221.940276875175,-79.5809858981331,0.999998715869168));
#6096=CARTESIAN_POINT('',(-221.940276875175,-79.5809858981331,-1.28413083189116E-6));
#6097=CARTESIAN_POINT('',(-222.011059859773,-79.4336593083224,0.999998715869168));
#6098=CARTESIAN_POINT('',(-222.011059859773,-79.4336593083224,-1.28413083189116E-6));
#6099=CARTESIAN_POINT('',(-222.081139126714,-79.2860043334813,0.999998715869168));
#6100=CARTESIAN_POINT('',(-222.081139126714,-79.2860043334813,-1.28413083189116E-6));
#6101=CARTESIAN_POINT('',(-222.152725759544,-79.1351733826059,0.999998715869168));
#6102=CARTESIAN_POINT('',(-222.152725759544,-79.1351733826059,-1.28413083189116E-6));
#6103=CARTESIAN_POINT('',(-222.223569000303,-78.98397914417,0.999998715869168));
#6104=CARTESIAN_POINT('',(-222.223569000303,-78.98397914417,-1.28413083189116E-6));
#6105=CARTESIAN_POINT('',(-222.293378273817,-78.8323219124816,0.999998715869168));
#6106=CARTESIAN_POINT('',(-222.293378273817,-78.8323219124816,-1.28413083189116E-6));
#6107=CARTESIAN_POINT('',(-222.360265452985,-78.6870127878112,0.999998715869168));
#6108=CARTESIAN_POINT('',(-222.360265452985,-78.6870127878112,-1.28413083189116E-6));
#6109=CARTESIAN_POINT('',(-222.426196097119,-78.5412467254846,0.999998715869168));
#6110=CARTESIAN_POINT('',(-222.426196097119,-78.5412467254846,-1.28413083189116E-6));
#6111=CARTESIAN_POINT('',(-222.49086612548,-78.3949446755305,0.999998715869168));
#6112=CARTESIAN_POINT('',(-222.49086612548,-78.3949446755305,-1.28413083189116E-6));
#6113=CARTESIAN_POINT('',(-222.560943706122,-78.2364091999243,0.999998715869168));
#6114=CARTESIAN_POINT('',(-222.560943706122,-78.2364091999243,-1.28413083189116E-6));
#6115=CARTESIAN_POINT('',(-222.629338197437,-78.0777973184854,0.999998715869168));
#6116=CARTESIAN_POINT('',(-222.629338197437,-78.0777973184854,-1.28413083189116E-6));
#6117=CARTESIAN_POINT('',(-222.696132829514,-77.9178493786696,0.999998715869168));
#6118=CARTESIAN_POINT('',(-222.696132829514,-77.9178493786696,-1.28413083189116E-6));
#6119=CARTESIAN_POINT('',(-222.767635112545,-77.7466283911838,0.999998715869168));
#6120=CARTESIAN_POINT('',(-222.767635112545,-77.7466283911838,-1.28413083189116E-6));
#6121=CARTESIAN_POINT('',(-222.836832247339,-77.5749980233809,0.999998715869168));
#6122=CARTESIAN_POINT('',(-222.836832247339,-77.5749980233809,-1.28413083189116E-6));
#6123=CARTESIAN_POINT('',(-222.903613554925,-77.4018786502779,0.999998715869168));
#6124=CARTESIAN_POINT('',(-222.903613554925,-77.4018786502779,-1.28413083189116E-6));
#6125=CARTESIAN_POINT('',(-222.975283490939,-77.2160863254253,0.999998715869168));
#6126=CARTESIAN_POINT('',(-222.975283490939,-77.2160863254253,-1.28413083189116E-6));
#6127=CARTESIAN_POINT('',(-223.042470412145,-77.0329609969174,0.999998715869168));
#6128=CARTESIAN_POINT('',(-223.042470412145,-77.0329609969174,-1.28413083189116E-6));
#6129=CARTESIAN_POINT('',(-223.107308250038,-76.8446711069107,0.999998715869168));
#6130=CARTESIAN_POINT('',(-223.107308250038,-76.8446711069107,-1.28413083189116E-6));
#6131=CARTESIAN_POINT('',(-223.166874682619,-76.6716894436818,0.999998715869168));
#6132=CARTESIAN_POINT('',(-223.166874682619,-76.6716894436818,-1.28413083189116E-6));
#6133=CARTESIAN_POINT('',(-223.221995710873,-76.5014467493877,0.999998715869168));
#6134=CARTESIAN_POINT('',(-223.221995710873,-76.5014467493877,-1.28413083189116E-6));
#6135=CARTESIAN_POINT('',(-223.274576062285,-76.3262112059435,0.999998715869168));
#6136=CARTESIAN_POINT('',(-223.274576062285,-76.3262112059435,-1.28413083189116E-6));
#6137=CARTESIAN_POINT('',(-223.333806535108,-76.1288126756062,0.999998715869168));
#6138=CARTESIAN_POINT('',(-223.333806535108,-76.1288126756062,-1.28413083189116E-6));
#6139=CARTESIAN_POINT('',(-223.387542704624,-75.932556356337,0.999998715869168));
#6140=CARTESIAN_POINT('',(-223.387542704624,-75.932556356337,-1.28413083189116E-6));
#6141=CARTESIAN_POINT('',(-223.436367268616,-75.7323229751719,0.999998715869168));
#6142=CARTESIAN_POINT('',(-223.436367268616,-75.7323229751719,-1.28413083189116E-6));
#6143=CARTESIAN_POINT('',(-223.491606438724,-75.5057827892658,0.999998715869168));
#6144=CARTESIAN_POINT('',(-223.491606438724,-75.5057827892658,-1.28413083189116E-6));
#6145=CARTESIAN_POINT('',(-223.539175291648,-75.2797126492915,0.999998715869168));
#6146=CARTESIAN_POINT('',(-223.539175291648,-75.2797126492915,-1.28413083189116E-6));
#6147=CARTESIAN_POINT('',(-223.578975984834,-75.0499460043045,0.999998715869168));
#6148=CARTESIAN_POINT('',(-223.578975984834,-75.0499460043045,-1.28413083189116E-6));
#6149=CARTESIAN_POINT('',(-223.62406749682,-74.7896358288544,0.999998715869168));
#6150=CARTESIAN_POINT('',(-223.62406749682,-74.7896358288544,-1.28413083189116E-6));
#6151=CARTESIAN_POINT('',(-223.657885730823,-74.5318500764108,0.999998715869168));
#6152=CARTESIAN_POINT('',(-223.657885730823,-74.5318500764108,-1.28413083189116E-6));
#6153=CARTESIAN_POINT('',(-223.680428920403,-74.2686120957355,0.999998715869168));
#6154=CARTESIAN_POINT('',(-223.680428920403,-74.2686120957355,-1.28413083189116E-6));
#6155=CARTESIAN_POINT('',(-223.681496627865,-74.2561444209482,0.999998715869168));
#6156=CARTESIAN_POINT('',(-223.681496627865,-74.2561444209482,-1.28413083189116E-6));
#6157=CARTESIAN_POINT('',(-223.682538118877,-74.2436743990143,0.999998715869168));
#6158=CARTESIAN_POINT('',(-223.682538118877,-74.2436743990143,-1.28413083189116E-6));
#6159=CARTESIAN_POINT('',(-223.683550184893,-74.2312021301789,0.999998715869168));
#6160=CARTESIAN_POINT('',(-223.683550184893,-74.2312021301789,-1.28413083189116E-6));
#6161=CARTESIAN_POINT('',(-223.684572739964,-74.2186005987166,0.999998715869168));
#6162=CARTESIAN_POINT('',(-223.684572739964,-74.2186005987166,-1.28413083189116E-6));
#6163=CARTESIAN_POINT('',(-223.685565153151,-74.2059965155563,0.999998715869168));
#6164=CARTESIAN_POINT('',(-223.685565153151,-74.2059965155563,-1.28413083189116E-6));
#6165=CARTESIAN_POINT('',(-223.686530460818,-74.1933905195601,0.999998715869168));
#6166=CARTESIAN_POINT('',(-223.686530460818,-74.1933905195601,-1.28413083189116E-6));
#6167=CARTESIAN_POINT('',(-223.687515679199,-74.1805245086596,0.999998715869168));
#6168=CARTESIAN_POINT('',(-223.687515679199,-74.1805245086596,-1.28413083189116E-6));
#6169=CARTESIAN_POINT('',(-223.688472899689,-74.167656249796,0.999998715869168));
#6170=CARTESIAN_POINT('',(-223.688472899689,-74.167656249796,-1.28413083189116E-6));
#6171=CARTESIAN_POINT('',(-223.689400926163,-74.1547860347794,0.999998715869168));
#6172=CARTESIAN_POINT('',(-223.689400926163,-74.1547860347794,-1.28413083189116E-6));
#6173=CARTESIAN_POINT('',(-223.690342970453,-74.1417214154976,0.999998715869168));
#6174=CARTESIAN_POINT('',(-223.690342970453,-74.1417214154976,-1.28413083189116E-6));
#6175=CARTESIAN_POINT('',(-223.691254986339,-74.1286545189776,0.999998715869168));
#6176=CARTESIAN_POINT('',(-223.691254986339,-74.1286545189776,-1.28413083189116E-6));
#6177=CARTESIAN_POINT('',(-223.692137157077,-74.1155857719782,0.999998715869168));
#6178=CARTESIAN_POINT('',(-223.692137157077,-74.1155857719782,-1.28413083189116E-6));
#6179=CARTESIAN_POINT('',(-223.711651778612,-73.8264902027472,0.999998715869168));
#6180=CARTESIAN_POINT('',(-223.711651778612,-73.8264902027472,-1.28413083189116E-6));
#6181=CARTESIAN_POINT('',(-223.716517306138,-73.5363841109292,0.999998715869168));
#6182=CARTESIAN_POINT('',(-223.716517306138,-73.5363841109292,-1.28413083189116E-6));
#6183=CARTESIAN_POINT('',(-223.705491672223,-73.246819082741,0.999998715869168));
#6184=CARTESIAN_POINT('',(-223.705491672223,-73.246819082741,-1.28413083189116E-6));
#6185=CARTESIAN_POINT('',(-223.693693619722,-72.9369681089452,0.999998715869168));
#6186=CARTESIAN_POINT('',(-223.693693619722,-72.9369681089452,-1.28413083189116E-6));
#6187=CARTESIAN_POINT('',(-223.663675432899,-72.6268810193785,0.999998715869168));
#6188=CARTESIAN_POINT('',(-223.663675432899,-72.6268810193785,-1.28413083189116E-6));
#6189=CARTESIAN_POINT('',(-223.615016574532,-72.3206308091712,0.999998715869168));
#6190=CARTESIAN_POINT('',(-223.615016574532,-72.3206308091712,-1.28413083189116E-6));
#6191=CARTESIAN_POINT('',(-223.589630309728,-72.16085416842,0.999998715869168));
#6192=CARTESIAN_POINT('',(-223.589630309728,-72.16085416842,-1.28413083189116E-6));
#6193=CARTESIAN_POINT('',(-223.55919730557,-72.0022834066451,0.999998715869168));
#6194=CARTESIAN_POINT('',(-223.55919730557,-72.0022834066451,-1.28413083189116E-6));
#6195=CARTESIAN_POINT('',(-223.523522166119,-71.8444838329465,0.999998715869168));
#6196=CARTESIAN_POINT('',(-223.523522166119,-71.8444838329465,-1.28413083189116E-6));
#6197=CARTESIAN_POINT('',(-223.4870988376,-71.6833748421584,0.999998715869168));
#6198=CARTESIAN_POINT('',(-223.4870988376,-71.6833748421584,-1.28413083189116E-6));
#6199=CARTESIAN_POINT('',(-223.444978646366,-71.5220387461368,0.999998715869168));
#6200=CARTESIAN_POINT('',(-223.444978646366,-71.5220387461368,-1.28413083189116E-6));
#6201=CARTESIAN_POINT('',(-223.398013685905,-71.3636815396524,0.999998715869168));
#6202=CARTESIAN_POINT('',(-223.398013685905,-71.3636815396524,-1.28413083189116E-6));
#6203=CARTESIAN_POINT('',(-223.303327282398,-71.0444164065761,0.999998715869168));
#6204=CARTESIAN_POINT('',(-223.303327282398,-71.0444164065761,-1.28413083189116E-6));
#6205=CARTESIAN_POINT('',(-223.187740966638,-70.7331777954955,0.999998715869168));
#6206=CARTESIAN_POINT('',(-223.187740966638,-70.7331777954955,-1.28413083189116E-6));
#6207=CARTESIAN_POINT('',(-223.051280213473,-70.429416360555,0.999998715869168));
#6208=CARTESIAN_POINT('',(-223.051280213473,-70.429416360555,-1.28413083189116E-6));
#6209=CARTESIAN_POINT('',(-223.024150549184,-70.36902576793,0.999998715869168));
#6210=CARTESIAN_POINT('',(-223.024150549184,-70.36902576793,-1.28413083189116E-6));
#6211=CARTESIAN_POINT('',(-222.995894545428,-70.3082606314581,0.999998715869168));
#6212=CARTESIAN_POINT('',(-222.995894545428,-70.3082606314581,-1.28413083189116E-6));
#6213=CARTESIAN_POINT('',(-222.96719011129,-70.2486024079653,0.999998715869168));
#6214=CARTESIAN_POINT('',(-222.96719011129,-70.2486024079653,-1.28413083189116E-6));
#6215=CARTESIAN_POINT('',(-222.939198598438,-70.1904258934374,0.999998715869168));
#6216=CARTESIAN_POINT('',(-222.939198598438,-70.1904258934374,-1.28413083189116E-6));
#6217=CARTESIAN_POINT('',(-222.910712706906,-70.1331607763873,0.999998715869168));
#6218=CARTESIAN_POINT('',(-222.910712706906,-70.1331607763873,-1.28413083189116E-6));
#6219=CARTESIAN_POINT('',(-222.881214887506,-70.075733413219,0.999998715869168));
#6220=CARTESIAN_POINT('',(-222.881214887506,-70.075733413219,-1.28413083189116E-6));
#6221=CARTESIAN_POINT('',(-222.824056104166,-69.9644547398816,0.999998715869168));
#6222=CARTESIAN_POINT('',(-222.824056104166,-69.9644547398816,-1.28413083189116E-6));
#6223=CARTESIAN_POINT('',(-222.76381936851,-69.8539711915996,0.999998715869168));
#6224=CARTESIAN_POINT('',(-222.76381936851,-69.8539711915996,-1.28413083189116E-6));
#6225=CARTESIAN_POINT('',(-222.701286559086,-69.7456216459882,0.999998715869168));
#6226=CARTESIAN_POINT('',(-222.701286559086,-69.7456216459882,-1.28413083189116E-6));
#6227=CARTESIAN_POINT('',(-222.640997034614,-69.6411590024284,0.999998715869168));
#6228=CARTESIAN_POINT('',(-222.640997034614,-69.6411590024284,-1.28413083189116E-6));
#6229=CARTESIAN_POINT('',(-222.578565807257,-69.5386673329917,0.999998715869168));
#6230=CARTESIAN_POINT('',(-222.578565807257,-69.5386673329917,-1.28413083189116E-6));
#6231=CARTESIAN_POINT('',(-222.513455340728,-69.4371401112267,0.999998715869168));
#6232=CARTESIAN_POINT('',(-222.513455340728,-69.4371401112267,-1.28413083189116E-6));
#6233=CARTESIAN_POINT('',(-222.481977927522,-69.3880571529626,0.999998715869168));
#6234=CARTESIAN_POINT('',(-222.481977927522,-69.3880571529626,-1.28413083189116E-6));
#6235=CARTESIAN_POINT('',(-222.449762590791,-69.3390253390162,0.999998715869168));
#6236=CARTESIAN_POINT('',(-222.449762590791,-69.3390253390162,-1.28413083189116E-6));
#6237=CARTESIAN_POINT('',(-222.417214921976,-69.2906454908566,0.999998715869168));
#6238=CARTESIAN_POINT('',(-222.417214921976,-69.2906454908566,-1.28413083189116E-6));
#6239=CARTESIAN_POINT('',(-222.385618502891,-69.2436796093239,0.999998715869168));
#6240=CARTESIAN_POINT('',(-222.385618502891,-69.2436796093239,-1.28413083189116E-6));
#6241=CARTESIAN_POINT('',(-222.353697838437,-69.197311716988,0.999998715869168));
#6242=CARTESIAN_POINT('',(-222.353697838437,-69.197311716988,-1.28413083189116E-6));
#6243=CARTESIAN_POINT('',(-222.321099012713,-69.1510359546853,0.999998715869168));
#6244=CARTESIAN_POINT('',(-222.321099012713,-69.1510359546853,-1.28413083189116E-6));
#6245=CARTESIAN_POINT('',(-222.144784495602,-68.9007481451335,0.999998715869168));
#6246=CARTESIAN_POINT('',(-222.144784495602,-68.9007481451335,-1.28413083189116E-6));
#6247=CARTESIAN_POINT('',(-221.95406142926,-68.6608552722678,0.999998715869168));
#6248=CARTESIAN_POINT('',(-221.95406142926,-68.6608552722678,-1.28413083189116E-6));
#6249=CARTESIAN_POINT('',(-221.751221737195,-68.431577851462,0.999998715869168));
#6250=CARTESIAN_POINT('',(-221.751221737195,-68.431577851462,-1.28413083189116E-6));
#6251=CARTESIAN_POINT('',(-221.660605231006,-68.329150567087,0.999998715869168));
#6252=CARTESIAN_POINT('',(-221.660605231006,-68.329150567087,-1.28413083189116E-6));
#6253=CARTESIAN_POINT('',(-221.568784211933,-68.2302085757678,0.999998715869168));
#6254=CARTESIAN_POINT('',(-221.568784211933,-68.2302085757678,-1.28413083189116E-6));
#6255=CARTESIAN_POINT('',(-221.473550680295,-68.1320615740769,0.999998715869168));
#6256=CARTESIAN_POINT('',(-221.473550680295,-68.1320615740769,-1.28413083189116E-6));
#6257=CARTESIAN_POINT('',(-221.384499730037,-68.0402862968679,0.999998715869168));
#6258=CARTESIAN_POINT('',(-221.384499730037,-68.0402862968679,-1.28413083189116E-6));
#6259=CARTESIAN_POINT('',(-221.293280459292,-67.9500431492631,0.999998715869168));
#6260=CARTESIAN_POINT('',(-221.293280459292,-67.9500431492631,-1.28413083189116E-6));
#6261=CARTESIAN_POINT('',(-221.200594370178,-67.8619411751156,0.999998715869168));
#6262=CARTESIAN_POINT('',(-221.200594370178,-67.8619411751156,-1.28413083189116E-6));
#6263=CARTESIAN_POINT('',(-221.114225424662,-67.7798439081168,0.999998715869168));
#6264=CARTESIAN_POINT('',(-221.114225424662,-67.7798439081168,-1.28413083189116E-6));
#6265=CARTESIAN_POINT('',(-221.026453205123,-67.699482687698,0.999998715869168));
#6266=CARTESIAN_POINT('',(-221.026453205123,-67.699482687698,-1.28413083189116E-6));
#6267=CARTESIAN_POINT('',(-220.937204239852,-67.6205276169551,0.999998715869168));
#6268=CARTESIAN_POINT('',(-220.937204239852,-67.6205276169551,-1.28413083189116E-6));
#6269=CARTESIAN_POINT('',(-220.854859820278,-67.5476807278847,0.999998715869168));
#6270=CARTESIAN_POINT('',(-220.854859820278,-67.5476807278847,-1.28413083189116E-6));
#6271=CARTESIAN_POINT('',(-220.772236136894,-67.476893333032,0.999998715869168));
#6272=CARTESIAN_POINT('',(-220.772236136894,-67.476893333032,-1.28413083189116E-6));
#6273=CARTESIAN_POINT('',(-220.687687024318,-67.4066181338694,0.999998715869168));
#6274=CARTESIAN_POINT('',(-220.687687024318,-67.4066181338694,-1.28413083189116E-6));
#6275=CARTESIAN_POINT('',(-220.609271710978,-67.3414412018528,0.999998715869168));
#6276=CARTESIAN_POINT('',(-220.609271710978,-67.3414412018528,-1.28413083189116E-6));
#6277=CARTESIAN_POINT('',(-220.530030350376,-67.277392851732,0.999998715869168));
#6278=CARTESIAN_POINT('',(-220.530030350376,-67.277392851732,-1.28413083189116E-6));
#6279=CARTESIAN_POINT('',(-220.449894261786,-67.2143440689297,0.999998715869168));
#6280=CARTESIAN_POINT('',(-220.449894261786,-67.2143440689297,-1.28413083189116E-6));
#6281=CARTESIAN_POINT('',(-220.375058697744,-67.155465587259,0.999998715869168));
#6282=CARTESIAN_POINT('',(-220.375058697744,-67.155465587259,-1.28413083189116E-6));
#6283=CARTESIAN_POINT('',(-220.300228837257,-67.0980759661884,0.999998715869168));
#6284=CARTESIAN_POINT('',(-220.300228837257,-67.0980759661884,-1.28413083189116E-6));
#6285=CARTESIAN_POINT('',(-220.224039586765,-67.0409608408495,0.999998715869168));
#6286=CARTESIAN_POINT('',(-220.224039586765,-67.0409608408495,-1.28413083189116E-6));
#6287=CARTESIAN_POINT('',(-220.139790130657,-66.9778033978464,0.999998715869168));
#6288=CARTESIAN_POINT('',(-220.139790130657,-66.9778033978464,-1.28413083189116E-6));
#6289=CARTESIAN_POINT('',(-220.05560839212,-66.9162761853609,0.999998715869168));
#6290=CARTESIAN_POINT('',(-220.05560839212,-66.9162761853609,-1.28413083189116E-6));
#6291=CARTESIAN_POINT('',(-219.969893387784,-66.8551229814987,0.999998715869168));
#6292=CARTESIAN_POINT('',(-219.969893387784,-66.8551229814987,-1.28413083189116E-6));
#6293=CARTESIAN_POINT('',(-219.887991616696,-66.7966903215138,0.999998715869168));
#6294=CARTESIAN_POINT('',(-219.887991616696,-66.7966903215138,-1.28413083189116E-6));
#6295=CARTESIAN_POINT('',(-219.805555662334,-66.7392158504276,0.999998715869168));
#6296=CARTESIAN_POINT('',(-219.805555662334,-66.7392158504276,-1.28413083189116E-6));
#6297=CARTESIAN_POINT('',(-219.722459956832,-66.6824944913305,0.999998715869168));
#6298=CARTESIAN_POINT('',(-219.722459956832,-66.6824944913305,-1.28413083189116E-6));
#6299=CARTESIAN_POINT('',(-219.56574300019,-66.5755190619675,0.999998715869168));
#6300=CARTESIAN_POINT('',(-219.56574300019,-66.5755190619675,-1.28413083189116E-6));
#6301=CARTESIAN_POINT('',(-219.408118184252,-66.4722002134795,0.999998715869168));
#6302=CARTESIAN_POINT('',(-219.408118184252,-66.4722002134795,-1.28413083189116E-6));
#6303=CARTESIAN_POINT('',(-219.247840636092,-66.3706438054774,0.999998715869168));
#6304=CARTESIAN_POINT('',(-219.247840636092,-66.3706438054774,-1.28413083189116E-6));
#6305=CARTESIAN_POINT('',(-219.101578981868,-66.2779682660653,0.999998715869168));
#6306=CARTESIAN_POINT('',(-219.101578981868,-66.2779682660653,-1.28413083189116E-6));
#6307=CARTESIAN_POINT('',(-218.955002665477,-66.1879534032405,0.999998715869168));
#6308=CARTESIAN_POINT('',(-218.955002665477,-66.1879534032405,-1.28413083189116E-6));
#6309=CARTESIAN_POINT('',(-218.80645651746,-66.0989897139762,0.999998715869168));
#6310=CARTESIAN_POINT('',(-218.80645651746,-66.0989897139762,-1.28413083189116E-6));
#6311=CARTESIAN_POINT('',(-218.738271052351,-66.0581537137755,0.999998715869168));
#6312=CARTESIAN_POINT('',(-218.738271052351,-66.0581537137755,-1.28413083189116E-6));
#6313=CARTESIAN_POINT('',(-218.669875593778,-66.0176625413997,0.999998715869168));
#6314=CARTESIAN_POINT('',(-218.669875593778,-66.0176625413997,-1.28413083189116E-6));
#6315=CARTESIAN_POINT('',(-218.601301112696,-65.9774860173877,0.999998715869168));
#6316=CARTESIAN_POINT('',(-218.601301112696,-65.9774860173877,-1.28413083189116E-6));
#6317=CARTESIAN_POINT('',(-218.536634451818,-65.9395990131768,0.999998715869168));
#6318=CARTESIAN_POINT('',(-218.536634451818,-65.9395990131768,-1.28413083189116E-6));
#6319=CARTESIAN_POINT('',(-218.471801696102,-65.9019918828378,0.999998715869168));
#6320=CARTESIAN_POINT('',(-218.471801696102,-65.9019918828378,-1.28413083189116E-6));
#6321=CARTESIAN_POINT('',(-218.406842531974,-65.8646103931253,0.999998715869168));
#6322=CARTESIAN_POINT('',(-218.406842531974,-65.8646103931253,-1.28413083189116E-6));
#6323=CARTESIAN_POINT('',(-218.197641199033,-65.7442231070497,0.999998715869168));
#6324=CARTESIAN_POINT('',(-218.197641199033,-65.7442231070497,-1.28413083189116E-6));
#6325=CARTESIAN_POINT('',(-217.987038017701,-65.6262173585083,0.999998715869168));
#6326=CARTESIAN_POINT('',(-217.987038017701,-65.6262173585083,-1.28413083189116E-6));
#6327=CARTESIAN_POINT('',(-217.775842844555,-65.5093935823111,0.999998715869168));
#6328=CARTESIAN_POINT('',(-217.775842844555,-65.5093935823111,-1.28413083189116E-6));
#6329=CARTESIAN_POINT('',(-217.578404649642,-65.4001795545862,0.999998715869168));
#6330=CARTESIAN_POINT('',(-217.578404649642,-65.4001795545862,-1.28413083189116E-6));
#6331=CARTESIAN_POINT('',(-217.380445586833,-65.291904335093,0.999998715869168));
#6332=CARTESIAN_POINT('',(-217.380445586833,-65.291904335093,-1.28413083189116E-6));
#6333=CARTESIAN_POINT('',(-217.182563428686,-65.1834989529084,0.999998715869168));
#6334=CARTESIAN_POINT('',(-217.182563428686,-65.1834989529084,-1.28413083189116E-6));
#6335=CARTESIAN_POINT('',(-217.090153271921,-65.1328740837662,0.999998715869168));
#6336=CARTESIAN_POINT('',(-217.090153271921,-65.1328740837662,-1.28413083189116E-6));
#6337=CARTESIAN_POINT('',(-216.997761852536,-65.0822147469903,0.999998715869168));
#6338=CARTESIAN_POINT('',(-216.997761852536,-65.0822147469903,-1.28413083189116E-6));
#6339=CARTESIAN_POINT('',(-216.905437218877,-65.0314341706708,0.999998715869168));
#6340=CARTESIAN_POINT('',(-216.905437218877,-65.0314341706708,-1.28413083189116E-6));
#6341=CARTESIAN_POINT('',(-216.820681033747,-64.9848164072739,0.999998715869168));
#6342=CARTESIAN_POINT('',(-216.820681033747,-64.9848164072739,-1.28413083189116E-6));
#6343=CARTESIAN_POINT('',(-216.735975611978,-64.9381050506513,0.999998715869168));
#6344=CARTESIAN_POINT('',(-216.735975611978,-64.9381050506513,-1.28413083189116E-6));
#6345=CARTESIAN_POINT('',(-216.651402989814,-64.8911555746488,0.999998715869168));
#6346=CARTESIAN_POINT('',(-216.651402989814,-64.8911555746488,-1.28413083189116E-6));
#6347=CARTESIAN_POINT('',(-216.580288042134,-64.8516769650928,0.999998715869168));
#6348=CARTESIAN_POINT('',(-216.580288042134,-64.8516769650928,-1.28413083189116E-6));
#6349=CARTESIAN_POINT('',(-216.509256916412,-64.8120420817797,0.999998715869168));
#6350=CARTESIAN_POINT('',(-216.509256916412,-64.8120420817797,-1.28413083189116E-6));
#6351=CARTESIAN_POINT('',(-216.43848592746,-64.7719520198716,0.999998715869168));
#6352=CARTESIAN_POINT('',(-216.43848592746,-64.7719520198716,-1.28413083189116E-6));
#6353=CARTESIAN_POINT('',(-216.380344350811,-64.7390162160655,0.999998715869168));
#6354=CARTESIAN_POINT('',(-216.380344350811,-64.7390162160655,-1.28413083189116E-6));
#6355=CARTESIAN_POINT('',(-216.322395284068,-64.7057260543279,0.999998715869168));
#6356=CARTESIAN_POINT('',(-216.322395284068,-64.7057260543279,-1.28413083189116E-6));
#6357=CARTESIAN_POINT('',(-216.264794338861,-64.6718595906609,0.999998715869168));
#6358=CARTESIAN_POINT('',(-216.264794338861,-64.6718595906609,-1.28413083189116E-6));
#6359=CARTESIAN_POINT('',(-216.203755254102,-64.6359716735651,0.999998715869168));
#6360=CARTESIAN_POINT('',(-216.203755254102,-64.6359716735651,-1.28413083189116E-6));
#6361=CARTESIAN_POINT('',(-216.14354030148,-64.5997431133239,0.999998715869168));
#6362=CARTESIAN_POINT('',(-216.14354030148,-64.5997431133239,-1.28413083189116E-6));
#6363=CARTESIAN_POINT('',(-216.083227953848,-64.5626469928204,0.999998715869168));
#6364=CARTESIAN_POINT('',(-216.083227953848,-64.5626469928204,-1.28413083189116E-6));
#6365=CARTESIAN_POINT('',(-216.021238584326,-64.5245193918895,0.999998715869168));
#6366=CARTESIAN_POINT('',(-216.021238584326,-64.5245193918895,-1.28413083189116E-6));
#6367=CARTESIAN_POINT('',(-215.959977089327,-64.4859859956487,0.999998715869168));
#6368=CARTESIAN_POINT('',(-215.959977089327,-64.4859859956487,-1.28413083189116E-6));
#6369=CARTESIAN_POINT('',(-215.898761266218,-64.4466284743019,0.999998715869168));
#6370=CARTESIAN_POINT('',(-215.898761266218,-64.4466284743019,-1.28413083189116E-6));
#6371=CARTESIAN_POINT('',(-215.767591094837,-64.3622951670293,0.999998715869168));
#6372=CARTESIAN_POINT('',(-215.767591094837,-64.3622951670293,-1.28413083189116E-6));
#6373=CARTESIAN_POINT('',(-215.637341097749,-64.274632110187,0.999998715869168));
#6374=CARTESIAN_POINT('',(-215.637341097749,-64.274632110187,-1.28413083189116E-6));
#6375=CARTESIAN_POINT('',(-215.509310307901,-64.1856146256093,0.999998715869168));
#6376=CARTESIAN_POINT('',(-215.509310307901,-64.1856146256093,-1.28413083189116E-6));
#6377=CARTESIAN_POINT('',(-215.368530783936,-64.0877331775746,0.999998715869168));
#6378=CARTESIAN_POINT('',(-215.368530783936,-64.0877331775746,-1.28413083189116E-6));
#6379=CARTESIAN_POINT('',(-215.22740649698,-63.9861092168996,0.999998715869168));
#6380=CARTESIAN_POINT('',(-215.22740649698,-63.9861092168996,-1.28413083189116E-6));
#6381=CARTESIAN_POINT('',(-215.089583326811,-63.8841121755947,0.999998715869168));
#6382=CARTESIAN_POINT('',(-215.089583326811,-63.8841121755947,-1.28413083189116E-6));
#6383=CARTESIAN_POINT('',(-214.940515907718,-63.7737937459433,0.999998715869168));
#6384=CARTESIAN_POINT('',(-214.940515907718,-63.7737937459433,-1.28413083189116E-6));
#6385=CARTESIAN_POINT('',(-214.792611535727,-63.6610424314144,0.999998715869168));
#6386=CARTESIAN_POINT('',(-214.792611535727,-63.6610424314144,-1.28413083189116E-6));
#6387=CARTESIAN_POINT('',(-214.646326632514,-63.5470646695642,0.999998715869168));
#6388=CARTESIAN_POINT('',(-214.646326632514,-63.5470646695642,-1.28413083189116E-6));
#6389=CARTESIAN_POINT('',(-214.567798622964,-63.4858796356025,0.999998715869168));
#6390=CARTESIAN_POINT('',(-214.567798622964,-63.4858796356025,-1.28413083189116E-6));
#6391=CARTESIAN_POINT('',(-214.489615511392,-63.4242455620208,0.999998715869168));
#6392=CARTESIAN_POINT('',(-214.489615511392,-63.4242455620208,-1.28413083189116E-6));
#6393=CARTESIAN_POINT('',(-214.411698795606,-63.3622870312679,0.999998715869168));
#6394=CARTESIAN_POINT('',(-214.411698795606,-63.3622870312679,-1.28413083189116E-6));
#6395=CARTESIAN_POINT('',(-214.329649814856,-63.2970425680505,0.999998715869168));
#6396=CARTESIAN_POINT('',(-214.329649814856,-63.2970425680505,-1.28413083189116E-6));
#6397=CARTESIAN_POINT('',(-214.247885971135,-63.2314354538482,0.999998715869168));
#6398=CARTESIAN_POINT('',(-214.247885971135,-63.2314354538482,-1.28413083189116E-6));
#6399=CARTESIAN_POINT('',(-214.166346301832,-63.1655575416871,0.999998715869168));
#6400=CARTESIAN_POINT('',(-214.166346301832,-63.1655575416871,-1.28413083189116E-6));
#6401=CARTESIAN_POINT('',(-214.081384551099,-63.0969148454424,0.999998715869168));
#6402=CARTESIAN_POINT('',(-214.081384551099,-63.0969148454424,-1.28413083189116E-6));
#6403=CARTESIAN_POINT('',(-213.996661488542,-63.0279743637084,0.999998715869168));
#6404=CARTESIAN_POINT('',(-213.996661488542,-63.0279743637084,-1.28413083189116E-6));
#6405=CARTESIAN_POINT('',(-213.912100859662,-62.9588392933558,0.999998715869168));
#6406=CARTESIAN_POINT('',(-213.912100859662,-62.9588392933558,-1.28413083189116E-6));
#6407=CARTESIAN_POINT('',(-213.825103176918,-62.887711736754,0.999998715869168));
#6408=CARTESIAN_POINT('',(-213.825103176918,-62.887711736754,-1.28413083189116E-6));
#6409=CARTESIAN_POINT('',(-213.738277363408,-62.8163726943617,0.999998715869168));
#6410=CARTESIAN_POINT('',(-213.738277363408,-62.8163726943617,-1.28413083189116E-6));
#6411=CARTESIAN_POINT('',(-213.651580822669,-62.7448790063347,0.999998715869168));
#6412=CARTESIAN_POINT('',(-213.651580822669,-62.7448790063347,-1.28413083189116E-6));
#6413=CARTESIAN_POINT('',(-213.501867292389,-62.6214188043944,0.999998715869168));
#6414=CARTESIAN_POINT('',(-213.501867292389,-62.6214188043944,-1.28413083189116E-6));
#6415=CARTESIAN_POINT('',(-213.352518837872,-62.497515433377,0.999998715869168));
#6416=CARTESIAN_POINT('',(-213.352518837872,-62.497515433377,-1.28413083189116E-6));
#6417=CARTESIAN_POINT('',(-213.203061235594,-62.3737459167962,0.999998715869168));
#6418=CARTESIAN_POINT('',(-213.203061235594,-62.3737459167962,-1.28413083189116E-6));
#6419=CARTESIAN_POINT('',(-213.039130799558,-62.2379910905993,0.999998715869168));
#6420=CARTESIAN_POINT('',(-213.039130799558,-62.2379910905993,-1.28413083189116E-6));
#6421=CARTESIAN_POINT('',(-212.875067968039,-62.1023920207781,0.999998715869168));
#6422=CARTESIAN_POINT('',(-212.875067968039,-62.1023920207781,-1.28413083189116E-6));
#6423=CARTESIAN_POINT('',(-212.710409555745,-61.9675225421827,0.999998715869168));
#6424=CARTESIAN_POINT('',(-212.710409555745,-61.9675225421827,-1.28413083189116E-6));
#6425=CARTESIAN_POINT('',(-212.533422688821,-61.8225549931342,0.999998715869168));
#6426=CARTESIAN_POINT('',(-212.533422688821,-61.8225549931342,-1.28413083189116E-6));
#6427=CARTESIAN_POINT('',(-212.355742144331,-61.6784112050295,0.999998715869168));
#6428=CARTESIAN_POINT('',(-212.355742144331,-61.6784112050295,-1.28413083189116E-6));
#6429=CARTESIAN_POINT('',(-212.176969607121,-61.5356613515635,0.999998715869168));
#6430=CARTESIAN_POINT('',(-212.176969607121,-61.5356613515635,-1.28413083189116E-6));
#6431=CARTESIAN_POINT('',(-211.985457326783,-61.3827388144562,0.999998715869168));
#6432=CARTESIAN_POINT('',(-211.985457326783,-61.3827388144562,-1.28413083189116E-6));
#6433=CARTESIAN_POINT('',(-211.796662447576,-61.2345741576034,0.999998715869168));
#6434=CARTESIAN_POINT('',(-211.796662447576,-61.2345741576034,-1.28413083189116E-6));
#6435=CARTESIAN_POINT('',(-211.602145476397,-61.0854882979395,0.999998715869168));
#6436=CARTESIAN_POINT('',(-211.602145476397,-61.0854882979395,-1.28413083189116E-6));
#6437=CARTESIAN_POINT('',(-211.455025477176,-60.972729439806,0.999998715869168));
#6438=CARTESIAN_POINT('',(-211.455025477176,-60.972729439806,-1.28413083189116E-6));
#6439=CARTESIAN_POINT('',(-211.308226066143,-60.8622048771517,0.999998715869168));
#6440=CARTESIAN_POINT('',(-211.308226066143,-60.8622048771517,-1.28413083189116E-6));
#6441=CARTESIAN_POINT('',(-211.158936771187,-60.7523319031516,0.999998715869168));
#6442=CARTESIAN_POINT('',(-211.158936771187,-60.7523319031516,-1.28413083189116E-6));
#6443=CARTESIAN_POINT('',(-210.999900723636,-60.6352855769371,0.999998715869168));
#6444=CARTESIAN_POINT('',(-210.999900723636,-60.6352855769371,-1.28413083189116E-6));
#6445=CARTESIAN_POINT('',(-210.839739906119,-60.5202341983186,0.999998715869168));
#6446=CARTESIAN_POINT('',(-210.839739906119,-60.5202341983186,-1.28413083189116E-6));
#6447=CARTESIAN_POINT('',(-210.677824561459,-60.4072016172045,0.999998715869168));
#6448=CARTESIAN_POINT('',(-210.677824561459,-60.4072016172045,-1.28413083189116E-6));
#6449=CARTESIAN_POINT('',(-210.506322361188,-60.2874764830349,0.999998715869168));
#6450=CARTESIAN_POINT('',(-210.506322361188,-60.2874764830349,-1.28413083189116E-6));
#6451=CARTESIAN_POINT('',(-210.333818298745,-60.1706933309833,0.999998715869168));
#6452=CARTESIAN_POINT('',(-210.333818298745,-60.1706933309833,-1.28413083189116E-6));
#6453=CARTESIAN_POINT('',(-210.158780766038,-60.0561960118046,0.999998715869168));
#6454=CARTESIAN_POINT('',(-210.158780766038,-60.0561960118046,-1.28413083189116E-6));
#6455=CARTESIAN_POINT('',(-209.97396818115,-59.9353045367429,0.999998715869168));
#6456=CARTESIAN_POINT('',(-209.97396818115,-59.9353045367429,-1.28413083189116E-6));
#6457=CARTESIAN_POINT('',(-209.787425567609,-59.8176790938078,0.999998715869168));
#6458=CARTESIAN_POINT('',(-209.787425567609,-59.8176790938078,-1.28413083189116E-6));
#6459=CARTESIAN_POINT('',(-209.598508433779,-59.7033042492069,0.999998715869168));
#6460=CARTESIAN_POINT('',(-209.598508433779,-59.7033042492069,-1.28413083189116E-6));
#6461=CARTESIAN_POINT('',(-209.322602638491,-59.5362644375145,0.999998715869168));
#6462=CARTESIAN_POINT('',(-209.322602638491,-59.5362644375145,-1.28413083189116E-6));
#6463=CARTESIAN_POINT('',(-209.042072067213,-59.3764262614491,0.999998715869168));
#6464=CARTESIAN_POINT('',(-209.042072067213,-59.3764262614491,-1.28413083189116E-6));
#6465=CARTESIAN_POINT('',(-208.757193295366,-59.225175288406,0.999998715869168));
#6466=CARTESIAN_POINT('',(-208.757193295366,-59.225175288406,-1.28413083189116E-6));
#6467=CARTESIAN_POINT('',(-208.456950400428,-59.0657670260275,0.999998715869168));
#6468=CARTESIAN_POINT('',(-208.456950400428,-59.0657670260275,-1.28413083189116E-6));
#6469=CARTESIAN_POINT('',(-208.15172668297,-58.9158177412723,0.999998715869168));
#6470=CARTESIAN_POINT('',(-208.15172668297,-58.9158177412723,-1.28413083189116E-6));
#6471=CARTESIAN_POINT('',(-207.841715413569,-58.7763334941642,0.999998715869168));
#6472=CARTESIAN_POINT('',(-207.841715413569,-58.7763334941642,-1.28413083189116E-6));
#6473=CARTESIAN_POINT('',(-207.5177869573,-58.630587447813,0.999998715869168));
#6474=CARTESIAN_POINT('',(-207.5177869573,-58.630587447813,-1.28413083189116E-6));
#6475=CARTESIAN_POINT('',(-207.189099468853,-58.4964780524656,0.999998715869168));
#6476=CARTESIAN_POINT('',(-207.189099468853,-58.4964780524656,-1.28413083189116E-6));
#6477=CARTESIAN_POINT('',(-206.855462836871,-58.3745633257749,0.999998715869168));
#6478=CARTESIAN_POINT('',(-206.855462836871,-58.3745633257749,-1.28413083189116E-6));
#6479=CARTESIAN_POINT('',(-206.508703940886,-58.2478535703731,0.999998715869168));
#6480=CARTESIAN_POINT('',(-206.508703940886,-58.2478535703731,-1.28413083189116E-6));
#6481=CARTESIAN_POINT('',(-206.156365690578,-58.1342297745564,0.999998715869168));
#6482=CARTESIAN_POINT('',(-206.156365690578,-58.1342297745564,-1.28413083189116E-6));
#6483=CARTESIAN_POINT('',(-205.80081684118,-58.034804967223,0.999998715869168));
#6484=CARTESIAN_POINT('',(-205.80081684118,-58.034804967223,-1.28413083189116E-6));
#6485=CARTESIAN_POINT('',(-205.777022869428,-58.028151279379,0.999998715869168));
#6486=CARTESIAN_POINT('',(-205.777022869428,-58.028151279379,-1.28413083189116E-6));
#6487=CARTESIAN_POINT('',(-205.753211123466,-58.0215601327182,0.999998715869168));
#6488=CARTESIAN_POINT('',(-205.753211123466,-58.0215601327182,-1.28413083189116E-6));
#6489=CARTESIAN_POINT('',(-205.729382778672,-58.0150310930608,0.999998715869168));
#6490=CARTESIAN_POINT('',(-205.729382778672,-58.0150310930608,-1.28413083189116E-6));
#6491=CARTESIAN_POINT('',(-205.705600954079,-58.0085148000815,0.999998715869168));
#6492=CARTESIAN_POINT('',(-205.705600954079,-58.0085148000815,-1.28413083189116E-6));
#6493=CARTESIAN_POINT('',(-205.68180193502,-58.0020602189304,0.999998715869168));
#6494=CARTESIAN_POINT('',(-205.68180193502,-58.0020602189304,-1.28413083189116E-6));
#6495=CARTESIAN_POINT('',(-205.657986422589,-57.995668631992,0.999998715869168));
#6496=CARTESIAN_POINT('',(-205.657986422589,-57.995668631992,-1.28413083189116E-6));
#6497=CARTESIAN_POINT('',(-205.634224722289,-57.9892914871075,0.999998715869168));
#6498=CARTESIAN_POINT('',(-205.634224722289,-57.9892914871075,-1.28413083189116E-6));
#6499=CARTESIAN_POINT('',(-205.610445858467,-57.9829772235807,0.999998715869168));
#6500=CARTESIAN_POINT('',(-205.610445858467,-57.9829772235807,-1.28413083189116E-6));
#6501=CARTESIAN_POINT('',(-205.586650990379,-57.9767254795443,0.999998715869168));
#6502=CARTESIAN_POINT('',(-205.586650990379,-57.9767254795443,-1.28413083189116E-6));
#6503=CARTESIAN_POINT('',(-205.562738627809,-57.9704428655978,0.999998715869168));
#6504=CARTESIAN_POINT('',(-205.562738627809,-57.9704428655978,-1.28413083189116E-6));
#6505=CARTESIAN_POINT('',(-205.538809555691,-57.9642227477898,0.999998715869168));
#6506=CARTESIAN_POINT('',(-205.538809555691,-57.9642227477898,-1.28413083189116E-6));
#6507=CARTESIAN_POINT('',(-205.514864486582,-57.9580664808084,0.999998715869168));
#6508=CARTESIAN_POINT('',(-205.514864486582,-57.9580664808084,-1.28413083189116E-6));
#6509=CARTESIAN_POINT('',(-205.228491802696,-57.8844401868018,0.999998715869168));
#6510=CARTESIAN_POINT('',(-205.228491802696,-57.8844401868018,-1.28413083189116E-6));
#6511=CARTESIAN_POINT('',(-204.93955092742,-57.8199018804498,0.999998715869168));
#6512=CARTESIAN_POINT('',(-204.93955092742,-57.8199018804498,-1.28413083189116E-6));
#6513=CARTESIAN_POINT('',(-204.649072732563,-57.7646534457367,0.999998715869168));
#6514=CARTESIAN_POINT('',(-204.649072732563,-57.7646534457367,-1.28413083189116E-6));
#6515=CARTESIAN_POINT('',(-204.359241540163,-57.7095280697374,0.999998715869168));
#6516=CARTESIAN_POINT('',(-204.359241540163,-57.7095280697374,-1.28413083189116E-6));
#6517=CARTESIAN_POINT('',(-204.067813996617,-57.663638743503,0.999998715869168));
#6518=CARTESIAN_POINT('',(-204.067813996617,-57.663638743503,-1.28413083189116E-6));
#6519=CARTESIAN_POINT('',(-203.775072737403,-57.6269886700513,0.999998715869168));
#6520=CARTESIAN_POINT('',(-203.775072737403,-57.6269886700513,-1.28413083189116E-6));
#6521=CARTESIAN_POINT('',(-203.483077507237,-57.5904319965512,0.999998715869168));
#6522=CARTESIAN_POINT('',(-203.483077507237,-57.5904319965512,-1.28413083189116E-6));
#6523=CARTESIAN_POINT('',(-203.189756111649,-57.5630651981428,0.999998715869168));
#6524=CARTESIAN_POINT('',(-203.189756111649,-57.5630651981428,-1.28413083189116E-6));
#6525=CARTESIAN_POINT('',(-202.896044724081,-57.5448814595097,0.999998715869168));
#6526=CARTESIAN_POINT('',(-202.896044724081,-57.5448814595097,-1.28413083189116E-6));
#6527=CARTESIAN_POINT('',(-202.603001179181,-57.5267390671679,0.999998715869168));
#6528=CARTESIAN_POINT('',(-202.603001179181,-57.5267390671679,-1.28413083189116E-6));
#6529=CARTESIAN_POINT('',(-202.309683856931,-57.5177451432464,0.999998715869168));
#6530=CARTESIAN_POINT('',(-202.309683856931,-57.5177451432464,-1.28413083189116E-6));
#6531=CARTESIAN_POINT('',(-202.016080837143,-57.5177451432467,0.999998715869168));
#6532=CARTESIAN_POINT('',(-202.016080837143,-57.5177451432467,-1.28413083189116E-6));
#6533=CARTESIAN_POINT('',(-201.72247781736,-57.5177451432469,0.999998715869168));
#6534=CARTESIAN_POINT('',(-201.72247781736,-57.5177451432469,-1.28413083189116E-6));
#6535=CARTESIAN_POINT('',(-201.429160495109,-57.526739067169,0.999998715869168));
#6536=CARTESIAN_POINT('',(-201.429160495109,-57.526739067169,-1.28413083189116E-6));
#6537=CARTESIAN_POINT('',(-201.136116950212,-57.5448814595109,0.999998715869168));
#6538=CARTESIAN_POINT('',(-201.136116950212,-57.5448814595109,-1.28413083189116E-6));
#6539=CARTESIAN_POINT('',(-200.842405562655,-57.5630651981432,0.999998715869168));
#6540=CARTESIAN_POINT('',(-200.842405562655,-57.5630651981432,-1.28413083189116E-6));
#6541=CARTESIAN_POINT('',(-200.549084167046,-57.590431996553,0.999998715869168));
#6542=CARTESIAN_POINT('',(-200.549084167046,-57.590431996553,-1.28413083189116E-6));
#6543=CARTESIAN_POINT('',(-200.25708893689,-57.6269886700516,0.999998715869168));
#6544=CARTESIAN_POINT('',(-200.25708893689,-57.6269886700516,-1.28413083189116E-6));
#6545=CARTESIAN_POINT('',(-199.964347677687,-57.6636387435017,0.999998715869168));
#6546=CARTESIAN_POINT('',(-199.964347677687,-57.6636387435017,-1.28413083189116E-6));
#6547=CARTESIAN_POINT('',(-199.672920134117,-57.7095280697392,0.999998715869168));
#6548=CARTESIAN_POINT('',(-199.672920134117,-57.7095280697392,-1.28413083189116E-6));
#6549=CARTESIAN_POINT('',(-199.383088941727,-57.7646534457372,0.999998715869168));
#6550=CARTESIAN_POINT('',(-199.383088941727,-57.7646534457372,-1.28413083189116E-6));
#6551=CARTESIAN_POINT('',(-199.092610746885,-57.819901880448,0.999998715869168));
#6552=CARTESIAN_POINT('',(-199.092610746885,-57.819901880448,-1.28413083189116E-6));
#6553=CARTESIAN_POINT('',(-198.803669871595,-57.8844401868027,0.999998715869168));
#6554=CARTESIAN_POINT('',(-198.803669871595,-57.8844401868027,-1.28413083189116E-6));
#6555=CARTESIAN_POINT('',(-198.517297187723,-57.958066480805,0.999998715869168));
#6556=CARTESIAN_POINT('',(-198.517297187723,-57.958066480805,-1.28413083189116E-6));
#6557=CARTESIAN_POINT('',(-198.493351994558,-57.9642227796808,0.999998715869168));
#6558=CARTESIAN_POINT('',(-198.493351994558,-57.9642227796808,-1.28413083189116E-6));
#6559=CARTESIAN_POINT('',(-198.469422920682,-57.9704428986506,0.999998715869168));
#6560=CARTESIAN_POINT('',(-198.469422920682,-57.9704428986506,-1.28413083189116E-6));
#6561=CARTESIAN_POINT('',(-198.445510683922,-57.9767254795422,0.999998715869168));
#6562=CARTESIAN_POINT('',(-198.445510683922,-57.9767254795422,-1.28413083189116E-6));
#6563=CARTESIAN_POINT('',(-198.42171569111,-57.982977256348,0.999998715869168));
#6564=CARTESIAN_POINT('',(-198.42171569111,-57.982977256348,-1.28413083189116E-6));
#6565=CARTESIAN_POINT('',(-198.397936828548,-57.9892915202404,0.999998715869168));
#6566=CARTESIAN_POINT('',(-198.397936828548,-57.9892915202404,-1.28413083189116E-6));
#6567=CARTESIAN_POINT('',(-198.374175251676,-57.9956686319995,0.999998715869168));
#6568=CARTESIAN_POINT('',(-198.374175251676,-57.9956686319995,-1.28413083189116E-6));
#6569=CARTESIAN_POINT('',(-198.350359617617,-58.0020602515801,0.999998715869168));
#6570=CARTESIAN_POINT('',(-198.350359617617,-58.0020602515801,-1.28413083189116E-6));
#6571=CARTESIAN_POINT('',(-198.326560596954,-58.0085148338551,0.999998715869168));
#6572=CARTESIAN_POINT('',(-198.326560596954,-58.0085148338551,-1.28413083189116E-6));
#6573=CARTESIAN_POINT('',(-198.302778895591,-58.015031093069,0.999998715869168));
#6574=CARTESIAN_POINT('',(-198.302778895591,-58.015031093069,-1.28413083189116E-6));
#6575=CARTESIAN_POINT('',(-198.278950427859,-58.0215601664117,0.999998715869168));
#6576=CARTESIAN_POINT('',(-198.278950427859,-58.0215601664117,-1.28413083189116E-6));
#6577=CARTESIAN_POINT('',(-198.255138683307,-58.0281513133718,0.999998715869168));
#6578=CARTESIAN_POINT('',(-198.255138683307,-58.0281513133718,-1.28413083189116E-6));
#6579=CARTESIAN_POINT('',(-198.231344833094,-58.0348049672291,0.999998715869168));
#6580=CARTESIAN_POINT('',(-198.231344833094,-58.0348049672291,-1.28413083189116E-6));
#6581=CARTESIAN_POINT('',(-197.875795983703,-58.1342297745605,0.999998715869168));
#6582=CARTESIAN_POINT('',(-197.875795983703,-58.1342297745605,-1.28413083189116E-6));
#6583=CARTESIAN_POINT('',(-197.523457733403,-58.2478535703758,0.999998715869168));
#6584=CARTESIAN_POINT('',(-197.523457733403,-58.2478535703758,-1.28413083189116E-6));
#6585=CARTESIAN_POINT('',(-197.176698837424,-58.3745633257749,0.999998715869168));
#6586=CARTESIAN_POINT('',(-197.176698837424,-58.3745633257749,-1.28413083189116E-6));
#6587=CARTESIAN_POINT('',(-196.843062205445,-58.4964780524638,0.999998715869168));
#6588=CARTESIAN_POINT('',(-196.843062205445,-58.4964780524638,-1.28413083189116E-6));
#6589=CARTESIAN_POINT('',(-196.514374716989,-58.6305874478153,0.999998715869168));
#6590=CARTESIAN_POINT('',(-196.514374716989,-58.6305874478153,-1.28413083189116E-6));
#6591=CARTESIAN_POINT('',(-196.190446260725,-58.7763334941649,0.999998715869168));
#6592=CARTESIAN_POINT('',(-196.190446260725,-58.7763334941649,-1.28413083189116E-6));
#6593=CARTESIAN_POINT('',(-195.880434991322,-58.9158177412742,0.999998715869168));
#6594=CARTESIAN_POINT('',(-195.880434991322,-58.9158177412742,-1.28413083189116E-6));
#6595=CARTESIAN_POINT('',(-195.575211273868,-59.0657670260266,0.999998715869168));
#6596=CARTESIAN_POINT('',(-195.575211273868,-59.0657670260266,-1.28413083189116E-6));
#6597=CARTESIAN_POINT('',(-195.274968378929,-59.2251752884058,0.999998715869168));
#6598=CARTESIAN_POINT('',(-195.274968378929,-59.2251752884058,-1.28413083189116E-6));
#6599=CARTESIAN_POINT('',(-194.990089607086,-59.3764262614463,0.999998715869168));
#6600=CARTESIAN_POINT('',(-194.990089607086,-59.3764262614463,-1.28413083189116E-6));
#6601=CARTESIAN_POINT('',(-194.7095590358,-59.5362644375159,0.999998715869168));
#6602=CARTESIAN_POINT('',(-194.7095590358,-59.5362644375159,-1.28413083189116E-6));
#6603=CARTESIAN_POINT('',(-194.433653240517,-59.7033042492058,0.999998715869168));
#6604=CARTESIAN_POINT('',(-194.433653240517,-59.7033042492058,-1.28413083189116E-6));
#6605=CARTESIAN_POINT('',(-194.24473610668,-59.8176790938105,0.999998715869168));
#6606=CARTESIAN_POINT('',(-194.24473610668,-59.8176790938105,-1.28413083189116E-6));
#6607=CARTESIAN_POINT('',(-194.058193493148,-59.93530453674,0.999998715869168));
#6608=CARTESIAN_POINT('',(-194.058193493148,-59.93530453674,-1.28413083189116E-6));
#6609=CARTESIAN_POINT('',(-193.873380908255,-60.0561960118057,0.999998715869168));
#6610=CARTESIAN_POINT('',(-193.873380908255,-60.0561960118057,-1.28413083189116E-6));
#6611=CARTESIAN_POINT('',(-193.698343375542,-60.1706933309883,0.999998715869168));
#6612=CARTESIAN_POINT('',(-193.698343375542,-60.1706933309883,-1.28413083189116E-6));
#6613=CARTESIAN_POINT('',(-193.525839313113,-60.2874764830312,0.999998715869168));
#6614=CARTESIAN_POINT('',(-193.525839313113,-60.2874764830312,-1.28413083189116E-6));
#6615=CARTESIAN_POINT('',(-193.354337112836,-60.4072016172042,0.999998715869168));
#6616=CARTESIAN_POINT('',(-193.354337112836,-60.4072016172042,-1.28413083189116E-6));
#6617=CARTESIAN_POINT('',(-193.192421768175,-60.5202341983195,0.999998715869168));
#6618=CARTESIAN_POINT('',(-193.192421768175,-60.5202341983195,-1.28413083189116E-6));
#6619=CARTESIAN_POINT('',(-193.032260950662,-60.6352855769344,0.999998715869168));
#6620=CARTESIAN_POINT('',(-193.032260950662,-60.6352855769344,-1.28413083189116E-6));
#6621=CARTESIAN_POINT('',(-192.873224903109,-60.75233190315,0.999998715869168));
#6622=CARTESIAN_POINT('',(-192.873224903109,-60.75233190315,-1.28413083189116E-6));
#6623=CARTESIAN_POINT('',(-192.723935608173,-60.8622048771358,0.999998715869168));
#6624=CARTESIAN_POINT('',(-192.723935608173,-60.8622048771358,-1.28413083189116E-6));
#6625=CARTESIAN_POINT('',(-192.577136197097,-60.9727294398222,0.999998715869168));
#6626=CARTESIAN_POINT('',(-192.577136197097,-60.9727294398222,-1.28413083189116E-6));
#6627=CARTESIAN_POINT('',(-192.430016197895,-61.0854882979413,0.999998715869168));
#6628=CARTESIAN_POINT('',(-192.430016197895,-61.0854882979413,-1.28413083189116E-6));
#6629=CARTESIAN_POINT('',(-192.235499226689,-61.2345741576269,0.999998715869168));
#6630=CARTESIAN_POINT('',(-192.235499226689,-61.2345741576269,-1.28413083189116E-6));
#6631=CARTESIAN_POINT('',(-192.046704347542,-61.3827388144327,0.999998715869168));
#6632=CARTESIAN_POINT('',(-192.046704347542,-61.3827388144327,-1.28413083189116E-6));
#6633=CARTESIAN_POINT('',(-191.855192067176,-61.5356613515617,0.999998715869168));
#6634=CARTESIAN_POINT('',(-191.855192067176,-61.5356613515617,-1.28413083189116E-6));
#6635=CARTESIAN_POINT('',(-191.676415448738,-61.6784144638873,0.999998715869168));
#6636=CARTESIAN_POINT('',(-191.676415448738,-61.6784144638873,-1.28413083189116E-6));
#6637=CARTESIAN_POINT('',(-191.498732718092,-61.8225601266618,0.999998715869168));
#6638=CARTESIAN_POINT('',(-191.498732718092,-61.8225601266618,-1.28413083189116E-6));
#6639=CARTESIAN_POINT('',(-191.32175211855,-61.9675225421813,0.999998715869168));
#6640=CARTESIAN_POINT('',(-191.32175211855,-61.9675225421813,-1.28413083189116E-6));
#6641=CARTESIAN_POINT('',(-191.157093312101,-62.1023923436242,0.999998715869168));
#6642=CARTESIAN_POINT('',(-191.157093312101,-62.1023923436242,-1.28413083189116E-6));
#6643=CARTESIAN_POINT('',(-190.993029462811,-62.2379922598486,0.999998715869168));
#6644=CARTESIAN_POINT('',(-190.993029462811,-62.2379922598486,-1.28413083189116E-6));
#6645=CARTESIAN_POINT('',(-190.829100438697,-62.3737459167983,0.999998715869168));
#6646=CARTESIAN_POINT('',(-190.829100438697,-62.3737459167983,-1.28413083189116E-6));
#6647=CARTESIAN_POINT('',(-190.679642522321,-62.4975156934922,0.999998715869168));
#6648=CARTESIAN_POINT('',(-190.679642522321,-62.4975156934922,-1.28413083189116E-6));
#6649=CARTESIAN_POINT('',(-190.530294464642,-62.6214187361652,0.999998715869168));
#6650=CARTESIAN_POINT('',(-190.530294464642,-62.6214187361652,-1.28413083189116E-6));
#6651=CARTESIAN_POINT('',(-190.380580851624,-62.7448790063359,0.999998715869168));
#6652=CARTESIAN_POINT('',(-190.380580851624,-62.7448790063359,-1.28413083189116E-6));
#6653=CARTESIAN_POINT('',(-190.293883983007,-62.8163729647451,0.999998715869168));
#6654=CARTESIAN_POINT('',(-190.293883983007,-62.8163729647451,-1.28413083189116E-6));
#6655=CARTESIAN_POINT('',(-190.207058245612,-62.8877119425915,0.999998715869168));
#6656=CARTESIAN_POINT('',(-190.207058245612,-62.8877119425915,-1.28413083189116E-6));
#6657=CARTESIAN_POINT('',(-190.120060814639,-62.9588392933508,0.999998715869168));
#6658=CARTESIAN_POINT('',(-190.120060814639,-62.9588392933508,-1.28413083189116E-6));
#6659=CARTESIAN_POINT('',(-190.035499555228,-63.0279748792118,0.999998715869168));
#6660=CARTESIAN_POINT('',(-190.035499555228,-63.0279748792118,-1.28413083189116E-6));
#6661=CARTESIAN_POINT('',(-189.950776682912,-63.0969152011578,0.999998715869168));
#6662=CARTESIAN_POINT('',(-189.950776682912,-63.0969152011578,-1.28413083189116E-6));
#6663=CARTESIAN_POINT('',(-189.865815372464,-63.1655575416851,0.999998715869168));
#6664=CARTESIAN_POINT('',(-189.865815372464,-63.1655575416851,-1.28413083189116E-6));
#6665=CARTESIAN_POINT('',(-189.784274675959,-63.2314362837487,0.999998715869168));
#6666=CARTESIAN_POINT('',(-189.784274675959,-63.2314362837487,-1.28413083189116E-6));
#6667=CARTESIAN_POINT('',(-189.702511047921,-63.2970432133598,0.999998715869168));
#6668=CARTESIAN_POINT('',(-189.702511047921,-63.2970432133598,-1.28413083189116E-6));
#6669=CARTESIAN_POINT('',(-189.620462878681,-63.3622870312731,0.999998715869168));
#6670=CARTESIAN_POINT('',(-189.620462878681,-63.3622870312731,-1.28413083189116E-6));
#6671=CARTESIAN_POINT('',(-189.542544540844,-63.4242468518637,0.999998715869168));
#6672=CARTESIAN_POINT('',(-189.542544540844,-63.4242468518637,-1.28413083189116E-6));
#6673=CARTESIAN_POINT('',(-189.464361797864,-63.4858806122395,0.999998715869168));
#6674=CARTESIAN_POINT('',(-189.464361797864,-63.4858806122395,-1.28413083189116E-6));
#6675=CARTESIAN_POINT('',(-189.385835041778,-63.547064669566,0.999998715869168));
#6676=CARTESIAN_POINT('',(-189.385835041778,-63.547064669566,-1.28413083189116E-6));
#6677=CARTESIAN_POINT('',(-189.239550138555,-63.6610424314249,0.999998715869168));
#6678=CARTESIAN_POINT('',(-189.239550138555,-63.6610424314249,-1.28413083189116E-6));
#6679=CARTESIAN_POINT('',(-189.091645766588,-63.7737937459347,0.999998715869168));
#6680=CARTESIAN_POINT('',(-189.091645766588,-63.7737937459347,-1.28413083189116E-6));
#6681=CARTESIAN_POINT('',(-188.942578347484,-63.8841121755941,0.999998715869168));
#6682=CARTESIAN_POINT('',(-188.942578347484,-63.8841121755941,-1.28413083189116E-6));
#6683=CARTESIAN_POINT('',(-188.804755177314,-63.9861092168994,0.999998715869168));
#6684=CARTESIAN_POINT('',(-188.804755177314,-63.9861092168994,-1.28413083189116E-6));
#6685=CARTESIAN_POINT('',(-188.66363089036,-64.087733177573,0.999998715869168));
#6686=CARTESIAN_POINT('',(-188.66363089036,-64.087733177573,-1.28413083189116E-6));
#6687=CARTESIAN_POINT('',(-188.522851366394,-64.1856146256084,0.999998715869168));
#6688=CARTESIAN_POINT('',(-188.522851366394,-64.1856146256084,-1.28413083189116E-6));
#6689=CARTESIAN_POINT('',(-188.39482057655,-64.2746321101831,0.999998715869168));
#6690=CARTESIAN_POINT('',(-188.39482057655,-64.2746321101831,-1.28413083189116E-6));
#6691=CARTESIAN_POINT('',(-188.264570579454,-64.3622951670316,0.999998715869168));
#6692=CARTESIAN_POINT('',(-188.264570579454,-64.3622951670316,-1.28413083189116E-6));
#6693=CARTESIAN_POINT('',(-188.133400408077,-64.4466284743012,0.999998715869168));
#6694=CARTESIAN_POINT('',(-188.133400408077,-64.4466284743012,-1.28413083189116E-6));
#6695=CARTESIAN_POINT('',(-188.072184584981,-64.4859859956398,0.999998715869168));
#6696=CARTESIAN_POINT('',(-188.072184584981,-64.4859859956398,-1.28413083189116E-6));
#6697=CARTESIAN_POINT('',(-188.010923089956,-64.5245193918961,0.999998715869168));
#6698=CARTESIAN_POINT('',(-188.010923089956,-64.5245193918961,-1.28413083189116E-6));
#6699=CARTESIAN_POINT('',(-187.948933720447,-64.5626469928193,0.999998715869168));
#6700=CARTESIAN_POINT('',(-187.948933720447,-64.5626469928193,-1.28413083189116E-6));
#6701=CARTESIAN_POINT('',(-187.88862137284,-64.5997431133069,0.999998715869168));
#6702=CARTESIAN_POINT('',(-187.88862137284,-64.5997431133069,-1.28413083189116E-6));
#6703=CARTESIAN_POINT('',(-187.828406420156,-64.6359716735863,0.999998715869168));
#6704=CARTESIAN_POINT('',(-187.828406420156,-64.6359716735863,-1.28413083189116E-6));
#6705=CARTESIAN_POINT('',(-187.767367335423,-64.6718595906671,0.999998715869168));
#6706=CARTESIAN_POINT('',(-187.767367335423,-64.6718595906671,-1.28413083189116E-6));
#6707=CARTESIAN_POINT('',(-187.709764172416,-64.7057273582896,0.999998715869168));
#6708=CARTESIAN_POINT('',(-187.709764172416,-64.7057273582896,-1.28413083189116E-6));
#6709=CARTESIAN_POINT('',(-187.65181382324,-64.7390181988699,0.999998715869168));
#6710=CARTESIAN_POINT('',(-187.65181382324,-64.7390181988699,-1.28413083189116E-6));
#6711=CARTESIAN_POINT('',(-187.593675746827,-64.7719520198759,0.999998715869168));
#6712=CARTESIAN_POINT('',(-187.593675746827,-64.7719520198759,-1.28413083189116E-6));
#6713=CARTESIAN_POINT('',(-187.522904228325,-64.8120423817618,0.999998715869168));
#6714=CARTESIAN_POINT('',(-187.522904228325,-64.8120423817618,-1.28413083189116E-6));
#6715=CARTESIAN_POINT('',(-187.45187222789,-64.8516777446571,0.999998715869168));
#6716=CARTESIAN_POINT('',(-187.45187222789,-64.8516777446571,-1.28413083189116E-6));
#6717=CARTESIAN_POINT('',(-187.380758684517,-64.8911555746279,0.999998715869168));
#6718=CARTESIAN_POINT('',(-187.380758684517,-64.8911555746279,-1.28413083189116E-6));
#6719=CARTESIAN_POINT('',(-187.296185918742,-64.9381051303535,0.999998715869168));
#6720=CARTESIAN_POINT('',(-187.296185918742,-64.9381051303535,-1.28413083189116E-6));
#6721=CARTESIAN_POINT('',(-187.211480306435,-64.9848165910412,0.999998715869168));
#6722=CARTESIAN_POINT('',(-187.211480306435,-64.9848165910412,-1.28413083189116E-6));
#6723=CARTESIAN_POINT('',(-187.126724455441,-65.0314341706537,0.999998715869168));
#6724=CARTESIAN_POINT('',(-187.126724455441,-65.0314341706537,-1.28413083189116E-6));
#6725=CARTESIAN_POINT('',(-187.034399797401,-65.0822147603815,0.999998715869168));
#6726=CARTESIAN_POINT('',(-187.034399797401,-65.0822147603815,-1.28413083189116E-6));
#6727=CARTESIAN_POINT('',(-186.942008329029,-65.1328741239386,0.999998715869168));
#6728=CARTESIAN_POINT('',(-186.942008329029,-65.1328741239386,-1.28413083189116E-6));
#6729=CARTESIAN_POINT('',(-186.849598245399,-65.1834989530203,0.999998715869168));
#6730=CARTESIAN_POINT('',(-186.849598245399,-65.1834989530203,-1.28413083189116E-6));
#6731=CARTESIAN_POINT('',(-186.651714723345,-65.2919050824019,0.999998715869168));
#6732=CARTESIAN_POINT('',(-186.651714723345,-65.2919050824019,-1.28413083189116E-6));
#6733=CARTESIAN_POINT('',(-186.453757124404,-65.4001794994538,0.999998715869168));
#6734=CARTESIAN_POINT('',(-186.453757124404,-65.4001794994538,-1.28413083189116E-6));
#6735=CARTESIAN_POINT('',(-186.25631883023,-65.5093935820396,0.999998715869168));
#6736=CARTESIAN_POINT('',(-186.25631883023,-65.5093935820396,-1.28413083189116E-6));
#6737=CARTESIAN_POINT('',(-186.045108581448,-65.6262256973584,0.999998715869168));
#6738=CARTESIAN_POINT('',(-186.045108581448,-65.6262256973584,-1.28413083189116E-6));
#6739=CARTESIAN_POINT('',(-185.834512591965,-65.7442276434235,0.999998715869168));
#6740=CARTESIAN_POINT('',(-185.834512591965,-65.7442276434235,-1.28413083189116E-6));
#6741=CARTESIAN_POINT('',(-185.6253191392,-65.8646103950234,0.999998715869168));
#6742=CARTESIAN_POINT('',(-185.6253191392,-65.8646103950234,-1.28413083189116E-6));
#6743=CARTESIAN_POINT('',(-185.560359157917,-65.9019923550575,0.999998715869168));
#6744=CARTESIAN_POINT('',(-185.560359157917,-65.9019923550575,-1.28413083189116E-6));
#6745=CARTESIAN_POINT('',(-185.49552655639,-65.9395994036606,0.999998715869168));
#6746=CARTESIAN_POINT('',(-185.49552655639,-65.9395994036606,-1.28413083189116E-6));
#6747=CARTESIAN_POINT('',(-185.430860560646,-65.9774860181183,0.999998715869168));
#6748=CARTESIAN_POINT('',(-185.430860560646,-65.9774860181183,-1.28413083189116E-6));
#6749=CARTESIAN_POINT('',(-185.362284832487,-66.0176632727012,0.999998715869168));
#6750=CARTESIAN_POINT('',(-185.362284832487,-66.0176632727012,-1.28413083189116E-6));
#6751=CARTESIAN_POINT('',(-185.29388950103,-66.0581543851404,0.999998715869168));
#6752=CARTESIAN_POINT('',(-185.29388950103,-66.0581543851404,-1.28413083189116E-6));
#6753=CARTESIAN_POINT('',(-185.225705170986,-66.098989705416,0.999998715869168));
#6754=CARTESIAN_POINT('',(-185.225705170986,-66.098989705416,-1.28413083189116E-6));
#6755=CARTESIAN_POINT('',(-185.077159019738,-66.1879533963115,0.999998715869168));
#6756=CARTESIAN_POINT('',(-185.077159019738,-66.1879533963115,-1.28413083189116E-6));
#6757=CARTESIAN_POINT('',(-184.930582666833,-66.2779682805699,0.999998715869168));
#6758=CARTESIAN_POINT('',(-184.930582666833,-66.2779682805699,-1.28413083189116E-6));
#6759=CARTESIAN_POINT('',(-184.784321010323,-66.3706438231425,0.999998715869168));
#6760=CARTESIAN_POINT('',(-184.784321010323,-66.3706438231425,-1.28413083189116E-6));
#6761=CARTESIAN_POINT('',(-184.624043506424,-66.472200204975,0.999998715869168));
#6762=CARTESIAN_POINT('',(-184.624043506424,-66.472200204975,-1.28413083189116E-6));
#6763=CARTESIAN_POINT('',(-184.466418711941,-66.5755190436178,0.999998715869168));
#6764=CARTESIAN_POINT('',(-184.466418711941,-66.5755190436178,-1.28413083189116E-6));
#6765=CARTESIAN_POINT('',(-184.309701793564,-66.6824944377356,0.999998715869168));
#6766=CARTESIAN_POINT('',(-184.309701793564,-66.6824944377356,-1.28413083189116E-6));
#6767=CARTESIAN_POINT('',(-184.22660604871,-66.7392158188559,0.999998715869168));
#6768=CARTESIAN_POINT('',(-184.22660604871,-66.7392158188559,-1.28413083189116E-6));
#6769=CARTESIAN_POINT('',(-184.144170145637,-66.7966902479666,0.999998715869168));
#6770=CARTESIAN_POINT('',(-184.144170145637,-66.7966902479666,-1.28413083189116E-6));
#6771=CARTESIAN_POINT('',(-184.062268340132,-66.855122937111,0.999998715869168));
#6772=CARTESIAN_POINT('',(-184.062268340132,-66.855122937111,-1.28413083189116E-6));
#6773=CARTESIAN_POINT('',(-183.976553256572,-66.9162762023138,0.999998715869168));
#6774=CARTESIAN_POINT('',(-183.976553256572,-66.9162762023138,-1.28413083189116E-6));
#6775=CARTESIAN_POINT('',(-183.892371271896,-66.9778036074654,0.999998715869168));
#6776=CARTESIAN_POINT('',(-183.892371271896,-66.9778036074654,-1.28413083189116E-6));
#6777=CARTESIAN_POINT('',(-183.808121732653,-67.040961106341,0.999998715869168));
#6778=CARTESIAN_POINT('',(-183.808121732653,-67.040961106341,-1.28413083189116E-6));
#6779=CARTESIAN_POINT('',(-183.73193249453,-67.0980762165759,0.999998715869168));
#6780=CARTESIAN_POINT('',(-183.73193249453,-67.0980762165759,-1.28413083189116E-6));
#6781=CARTESIAN_POINT('',(-183.65710272381,-67.1554657498473,0.999998715869168));
#6782=CARTESIAN_POINT('',(-183.65710272381,-67.1554657498473,-1.28413083189116E-6));
#6783=CARTESIAN_POINT('',(-183.582267202865,-67.2143442561053,0.999998715869168));
#6784=CARTESIAN_POINT('',(-183.582267202865,-67.2143442561053,-1.28413083189116E-6));
#6785=CARTESIAN_POINT('',(-183.50213183074,-67.2773925378515,0.999998715869168));
#6786=CARTESIAN_POINT('',(-183.50213183074,-67.2773925378515,-1.28413083189116E-6));
#6787=CARTESIAN_POINT('',(-183.422890490952,-67.3414409904158,0.999998715869168));
#6788=CARTESIAN_POINT('',(-183.422890490952,-67.3414409904158,-1.28413083189116E-6));
#6789=CARTESIAN_POINT('',(-183.344475738264,-67.4066172291468,0.999998715869168));
#6790=CARTESIAN_POINT('',(-183.344475738264,-67.4066172291468,-1.28413083189116E-6));
#6791=CARTESIAN_POINT('',(-183.259925100583,-67.4768934508716,0.999998715869168));
#6792=CARTESIAN_POINT('',(-183.259925100583,-67.4768934508716,-1.28413083189116E-6));
#6793=CARTESIAN_POINT('',(-183.177303633198,-67.5476784750438,0.999998715869168));
#6794=CARTESIAN_POINT('',(-183.177303633198,-67.5476784750438,-1.28413083189116E-6));
#6795=CARTESIAN_POINT('',(-183.09495814358,-67.6205269189113,0.999998715869168));
#6796=CARTESIAN_POINT('',(-183.09495814358,-67.6205269189113,-1.28413083189116E-6));
#6797=CARTESIAN_POINT('',(-183.005712105016,-67.6994800596451,0.999998715869168));
#6798=CARTESIAN_POINT('',(-183.005712105016,-67.6994800596451,-1.28413083189116E-6));
#6799=CARTESIAN_POINT('',(-182.917931600706,-67.7798501779423,0.999998715869168));
#6800=CARTESIAN_POINT('',(-182.917931600706,-67.7798501779423,-1.28413083189116E-6));
#6801=CARTESIAN_POINT('',(-182.831564258769,-67.8619440693892,0.999998715869168));
#6802=CARTESIAN_POINT('',(-182.831564258769,-67.8619440693892,-1.28413083189116E-6));
#6803=CARTESIAN_POINT('',(-182.738867007153,-67.9500546669933,0.999998715869168));
#6804=CARTESIAN_POINT('',(-182.738867007153,-67.9500546669933,-1.28413083189116E-6));
#6805=CARTESIAN_POINT('',(-182.64766669825,-68.0402755122313,0.999998715869168));
#6806=CARTESIAN_POINT('',(-182.64766669825,-68.0402755122313,-1.28413083189116E-6));
#6807=CARTESIAN_POINT('',(-182.558608994025,-68.1320638618884,0.999998715869168));
#6808=CARTESIAN_POINT('',(-182.558608994025,-68.1320638618884,-1.28413083189116E-6));
#6809=CARTESIAN_POINT('',(-182.463390141883,-68.2302022696817,0.999998715869168));
#6810=CARTESIAN_POINT('',(-182.463390141883,-68.2302022696817,-1.28413083189116E-6));
#6811=CARTESIAN_POINT('',(-182.371511446964,-68.3292180734761,0.999998715869168));
#6812=CARTESIAN_POINT('',(-182.371511446964,-68.3292180734761,-1.28413083189116E-6));
#6813=CARTESIAN_POINT('',(-182.280902774952,-68.4316302441775,0.999998715869168));
#6814=CARTESIAN_POINT('',(-182.280902774952,-68.4316302441775,-1.28413083189116E-6));
#6815=CARTESIAN_POINT('',(-182.077658934599,-68.6613504509742,0.999998715869168));
#6816=CARTESIAN_POINT('',(-182.077658934599,-68.6613504509742,-1.28413083189116E-6));
#6817=CARTESIAN_POINT('',(-181.887352508915,-68.9008004018319,0.999998715869168));
#6818=CARTESIAN_POINT('',(-181.887352508915,-68.9008004018319,-1.28413083189116E-6));
#6819=CARTESIAN_POINT('',(-181.710691394017,-69.151574694919,0.999998715869168));
#6820=CARTESIAN_POINT('',(-181.710691394017,-69.151574694919,-1.28413083189116E-6));
#6821=CARTESIAN_POINT('',(-181.644584838339,-69.2454143878126,0.999998715869168));
#6822=CARTESIAN_POINT('',(-181.644584838339,-69.2454143878126,-1.28413083189116E-6));
#6823=CARTESIAN_POINT('',(-181.58076935384,-69.3403031259563,0.999998715869168));
#6824=CARTESIAN_POINT('',(-181.58076935384,-69.3403031259563,-1.28413083189116E-6));
#6825=CARTESIAN_POINT('',(-181.518823998731,-69.436940625556,0.999998715869168));
#6826=CARTESIAN_POINT('',(-181.518823998731,-69.436940625556,-1.28413083189116E-6));
#6827=CARTESIAN_POINT('',(-181.453850485602,-69.5383021858843,0.999998715869168));
#6828=CARTESIAN_POINT('',(-181.453850485602,-69.5383021858843,-1.28413083189116E-6));
#6829=CARTESIAN_POINT('',(-181.390983678136,-69.641510819511,0.999998715869168));
#6830=CARTESIAN_POINT('',(-181.390983678136,-69.641510819511,-1.28413083189116E-6));
#6831=CARTESIAN_POINT('',(-181.330784208821,-69.7457791101865,0.999998715869168));
#6832=CARTESIAN_POINT('',(-181.330784208821,-69.7457791101865,-1.28413083189116E-6));
#6833=CARTESIAN_POINT('',(-181.268131391373,-69.8542967143374,0.999998715869168));
#6834=CARTESIAN_POINT('',(-181.268131391373,-69.8542967143374,-1.28413083189116E-6));
#6835=CARTESIAN_POINT('',(-181.208150309928,-69.9643376554106,0.999998715869168));
#6836=CARTESIAN_POINT('',(-181.208150309928,-69.9643376554106,-1.28413083189116E-6));
#6837=CARTESIAN_POINT('',(-181.150927364523,-70.0758143365706,0.999998715869168));
#6838=CARTESIAN_POINT('',(-181.150927364523,-70.0758143365706,-1.28413083189116E-6));
#6839=CARTESIAN_POINT('',(-181.091641648565,-70.1913095248794,0.999998715869168));
#6840=CARTESIAN_POINT('',(-181.091641648565,-70.1913095248794,-1.28413083189116E-6));
#6841=CARTESIAN_POINT('',(-181.035416172774,-70.3081518311874,0.999998715869168));
#6842=CARTESIAN_POINT('',(-181.035416172774,-70.3081518311874,-1.28413083189116E-6));
#6843=CARTESIAN_POINT('',(-180.98214392114,-70.4265409352101,0.999998715869168));
#6844=CARTESIAN_POINT('',(-180.98214392114,-70.4265409352101,-1.28413083189116E-6));
#6845=CARTESIAN_POINT('',(-185.032159805298,-111.999999999999,-0.863443707545194));
#6846=CARTESIAN_POINT('',(-219.,-112.,-0.863443707545194));
#6847=CARTESIAN_POINT('',(-219.,-62.0000000267728,-0.863443707545194));
#6848=CARTESIAN_POINT('',(-185.032159805298,-62.0000000267727,-0.863443707545194));
#6849=CARTESIAN_POINT('',(-185.032159805298,-62.0000000267728,20.5000000000004));
#6850=CARTESIAN_POINT('',(-219.,-62.0000000267729,20.5000000000004));
#6851=CARTESIAN_POINT('',(-219.,-111.999999999999,20.5000000000005));
#6852=CARTESIAN_POINT('',(-185.032159805298,-111.999999999999,20.5000000000004));
#6853=CARTESIAN_POINT('',(-177.532159805298,-62.0000000267728,19.0000000000004));
#6854=CARTESIAN_POINT('',(-185.032159805298,-111.999999999999,20.5000000000004));
#6855=CARTESIAN_POINT('',(-185.032159805298,-119.5,19.0000000000004));
#6856=CARTESIAN_POINT('',(-219.,-112.,20.5000000000004));
#6857=CARTESIAN_POINT('',(-226.5,-112.,19.0000000000004));
#6858=CARTESIAN_POINT('',(-219.,-62.0000000267728,20.5000000000004));
#6859=CARTESIAN_POINT('',(-219.,-54.5000000267729,19.0000000000004));
#6860=CARTESIAN_POINT('',(-185.032159805298,-62.0000000267728,20.5000000000004));
#6861=CARTESIAN_POINT('',(-170.78617978096,-45.7500000301195,22.0000000000004));
#6862=CARTESIAN_POINT('',(-216.999999274204,-110.000000026772,9.99999935793578));
#6863=CARTESIAN_POINT('',(-216.999999274205,-64.,9.99999935793413));
#6864=CARTESIAN_POINT('',(-187.032159805298,-64.,9.99999935793443));
#6865=CARTESIAN_POINT('',(-187.032159805298,-110.000000026772,9.99999935793447));
#6866=CARTESIAN_POINT('',(-185.032159805298,-112.,8.49999934172698));
#6867=CARTESIAN_POINT('',(-185.032159805298,-62.0000000267728,8.49999934172701));
#6868=CARTESIAN_POINT('',(-219.,-62.0000000267728,8.49999934172702));
#6869=CARTESIAN_POINT('',(-219.,-112.,8.49999934172701));
#6870=CARTESIAN_POINT('',(-177.032159805298,-120.,19.0000000000004));
#6871=CARTESIAN_POINT('',(-181.635375785828,-120.,22.0000000000005));
#6872=CARTESIAN_POINT('',(-227.,-116.999999997322,22.0000000000004));
#6873=CARTESIAN_POINT('',(-222.39678401947,-54.0000000267729,22.0000000000005));
#6874=CARTESIAN_POINT('',(-177.032159805298,-57.0000000294502,22.0000000000004));
#6875=CARTESIAN_POINT('',(-187.032159805298,-110.000000026772,0.499998715869172));
#6876=CARTESIAN_POINT('',(-216.999999274205,-110.000000026772,0.499998715869172));
#6877=CARTESIAN_POINT('',(-216.999999274204,-64.0000000000001,0.499998715869172));
#6878=CARTESIAN_POINT('',(-187.032159805298,-64.,0.499998715869172));
#6879=CARTESIAN_POINT('',(-179.032159805298,-59.3999999973228,-0.800001412543928));
#6880=CARTESIAN_POINT('',(-224.999999274204,-114.60000002945,-0.800001412543821));
#6881=CARTESIAN_POINT('',(-219.996783221095,-56.,-0.800001412543917));
#6882=CARTESIAN_POINT('',(-184.035375858407,-118.000000026772,-0.800001412543995));
#6883=CARTESIAN_POINT('',(-227.499678401947,-53.3400000270405,-1.36344370754519));
#6884=CARTESIAN_POINT('',(-180.98214392114,-70.4265409352101,-1.28413083189116E-6));
#6885=CARTESIAN_POINT('',(-187.032159805298,-118.000000026772,-1.28413082407519E-6));
#6886=CARTESIAN_POINT('',(-185.542268951037,-72.4772139250927,2.19361050877575));
#6887=CARTESIAN_POINT('',(-180.98214392114,-70.4265409352101,2.19361050877572));
#6888=CARTESIAN_POINT('',(-185.542268951037,-101.522786074907,2.19361050877592));
#6889=CARTESIAN_POINT('',(-218.489892723257,-72.4772139250927,2.19361050877591));
#6890=CARTESIAN_POINT('',(-218.489892723257,-101.522786074907,2.19361050877603));
#6891=CARTESIAN_POINT('',(-195.698657479554,-71.7560278056683,16.4173907975809));
#6892=CARTESIAN_POINT('',(-195.698657479554,-102.243972194331,16.4173907975809));
#6893=CARTESIAN_POINT('',(-208.33350419474,-71.7560278056683,16.4173907975809));
#6894=CARTESIAN_POINT('',(-208.33350419474,-102.243972194331,16.4173907975809));
#6895=CARTESIAN_POINT('',(-188.891828634096,-91.4523555183114,5.47176343105044));
#6896=CARTESIAN_POINT('',(-188.894568590113,-82.5557700146451,5.47489228140514));
#6897=CARTESIAN_POINT('',(-215.14028258061,-82.5477937908186,5.47182080339572));
#6898=CARTESIAN_POINT('',(-215.137570874685,-91.4441644124672,5.47491745822858));
#6899=CARTESIAN_POINT('',(-180.98214392114,-70.4265409352101,0.999998715869168));
#6900=CARTESIAN_POINT('',(-177.032159805298,-112.,-0.363443707545194));
#6901=CARTESIAN_POINT('',(-185.032159805298,-120.,-0.363443707545194));
#6902=CARTESIAN_POINT('',(-185.032159805298,-120.,-1.36344370754519));
#6903=CARTESIAN_POINT('',(-177.032159805298,-112.,-1.36344370754519));
#6904=CARTESIAN_POINT('',(-219.,-120.,-0.363443707545194));
#6905=CARTESIAN_POINT('',(-219.,-120.,-1.36344370754519));
#6906=CARTESIAN_POINT('',(-227.,-112.,-0.363443707545194));
#6907=CARTESIAN_POINT('',(-227.,-112.,-1.36344370754519));
#6908=CARTESIAN_POINT('',(-227.,-62.0000000267729,-0.363443707545194));
#6909=CARTESIAN_POINT('',(-227.,-62.0000000267729,-1.36344370754519));
#6910=CARTESIAN_POINT('',(-219.,-54.0000000267729,-0.363443707545194));
#6911=CARTESIAN_POINT('',(-219.,-54.0000000267729,-1.36344370754519));
#6912=CARTESIAN_POINT('',(-185.032159805298,-54.0000000267729,-0.363443707545194));
#6913=CARTESIAN_POINT('',(-185.032159805298,-54.0000000267729,-1.36344370754519));
#6914=CARTESIAN_POINT('',(-177.032159805298,-62.0000000267728,-0.363443707545194));
#6915=CARTESIAN_POINT('',(-177.032159805298,-62.0000000267728,-1.36344370754519));
#6916=CARTESIAN_POINT('',(-177.032159805298,-62.0000000267728,19.0000000000004));
#6917=CARTESIAN_POINT('',(-185.032159805298,-54.0000000267729,19.0000000000004));
#6918=CARTESIAN_POINT('',(-185.032159805298,-54.0000000267729,22.0000000000004));
#6919=CARTESIAN_POINT('',(-177.032159805298,-62.0000000267728,22.0000000000004));
#6920=CARTESIAN_POINT('',(-219.,-54.0000000267729,19.0000000000004));
#6921=CARTESIAN_POINT('',(-219.,-54.0000000267729,22.0000000000004));
#6922=CARTESIAN_POINT('',(-227.,-62.0000000267729,19.0000000000004));
#6923=CARTESIAN_POINT('',(-227.,-62.0000000267729,22.0000000000004));
#6924=CARTESIAN_POINT('',(-227.,-112.,19.0000000000004));
#6925=CARTESIAN_POINT('',(-227.,-112.,22.0000000000004));
#6926=CARTESIAN_POINT('',(-219.,-120.,19.0000000000004));
#6927=CARTESIAN_POINT('',(-219.,-120.,22.0000000000004));
#6928=CARTESIAN_POINT('',(-185.032159805298,-120.,19.0000000000004));
#6929=CARTESIAN_POINT('',(-185.032159805298,-120.,22.0000000000004));
#6930=CARTESIAN_POINT('',(-177.032159805298,-112.,19.0000000000004));
#6931=CARTESIAN_POINT('',(-177.032159805298,-112.,22.0000000000004));
#6932=CARTESIAN_POINT('',(-177.532159805298,-62.0000000267728,19.0000000000004));
#6933=CARTESIAN_POINT('',(-177.532159805298,-112.,19.0000000000004));
#6934=CARTESIAN_POINT('',(-177.532159805298,-112.,22.0000000000004));
#6935=CARTESIAN_POINT('',(-177.532159805298,-62.0000000267728,22.0000000000004));
#6936=CARTESIAN_POINT('',(-185.032159805298,-119.5,19.0000000000004));
#6937=CARTESIAN_POINT('',(-185.032159805298,-119.5,22.0000000000004));
#6938=CARTESIAN_POINT('',(-219.,-119.5,19.0000000000004));
#6939=CARTESIAN_POINT('',(-219.,-119.5,22.0000000000004));
#6940=CARTESIAN_POINT('',(-226.5,-112.,19.0000000000004));
#6941=CARTESIAN_POINT('',(-226.5,-112.,22.0000000000004));
#6942=CARTESIAN_POINT('',(-226.5,-62.0000000267729,19.0000000000004));
#6943=CARTESIAN_POINT('',(-226.5,-62.0000000267729,22.0000000000004));
#6944=CARTESIAN_POINT('',(-219.,-54.5000000267729,19.0000000000004));
#6945=CARTESIAN_POINT('',(-219.,-54.5000000267729,22.0000000000004));
#6946=CARTESIAN_POINT('',(-185.032159805298,-54.5000000267729,19.0000000000004));
#6947=CARTESIAN_POINT('',(-185.032159805298,-54.5000000267729,22.0000000000004));
#6948=CARTESIAN_POINT('',(-179.032159805298,-110.000000026772,0.999998715869166));
#6949=CARTESIAN_POINT('',(-179.032159805298,-64.,0.999998715869172));
#6950=CARTESIAN_POINT('',(-224.999999274205,-64.0000000000001,0.999998715869221));
#6951=CARTESIAN_POINT('',(-224.999999274204,-110.000000026772,0.999998715869216));
#6952=CARTESIAN_POINT('',(-187.032159805298,-56.,0.999998715869173));
#6953=CARTESIAN_POINT('',(-216.999999274205,-56.,0.999998715869216));
#6954=CARTESIAN_POINT('',(-216.999999274205,-118.000000026772,0.999998715869214));
#6955=CARTESIAN_POINT('',(-187.032159805298,-118.000000026772,0.999998715869177));
#6956=CARTESIAN_POINT('',(-179.032159805298,-64.,19.0000000000001));
#6957=CARTESIAN_POINT('',(-179.032159805298,-110.000000026772,19.0000000000001));
#6958=CARTESIAN_POINT('',(-224.999999274204,-110.000000026772,19.0000000000002));
#6959=CARTESIAN_POINT('',(-224.999999274204,-64.0000000000001,19.0000000000002));
#6960=CARTESIAN_POINT('',(-216.999999274205,-56.,19.0000000000002));
#6961=CARTESIAN_POINT('',(-187.032159805298,-56.,19.0000000000001));
#6962=CARTESIAN_POINT('',(-187.032159805298,-118.000000026772,19.0000000000001));
#6963=CARTESIAN_POINT('',(-216.999999274204,-118.000000026772,19.0000000000002));
#6964=CARTESIAN_POINT('',(-179.032159805298,-110.000000026772,-1.28413082833845E-6));
#6965=CARTESIAN_POINT('',(-179.032159805298,-64.,-1.28413082833845E-6));
#6966=CARTESIAN_POINT('',(-216.999999274205,-118.000000026772,-1.28413082833845E-6));
#6967=CARTESIAN_POINT('',(-224.999999274205,-110.000000026772,-1.28413082833845E-6));
#6968=CARTESIAN_POINT('',(-224.999999274205,-64.0000000000001,-1.28413082833845E-6));
#6969=CARTESIAN_POINT('',(-216.999999274205,-56.,-1.28413082833845E-6));
#6970=CARTESIAN_POINT('',(-187.032159805298,-56.,-1.28413082833845E-6));
#6971=CARTESIAN_POINT('',(-185.542268951037,-72.4772139250927,2.19361050877575));
#6972=CARTESIAN_POINT('',(-180.98214392114,-70.4265409352101,2.19361050877572));
#6973=CARTESIAN_POINT('',(-180.98214392114,-70.4265409352101,2.19361050877572));
#6974=CARTESIAN_POINT('',(-181.032369452338,-70.3148530540751,2.20623163673143));
#6975=CARTESIAN_POINT('',(-181.13819905746,-70.0941991736174,2.23288384114721));
#6976=CARTESIAN_POINT('',(-181.254895414078,-69.8783004640095,2.2624005567466));
#6977=CARTESIAN_POINT('',(-181.436860840739,-69.5602758260536,2.30889215654193));
#6978=CARTESIAN_POINT('',(-181.568097794884,-69.3541854314508,2.34261080495256));
#6979=CARTESIAN_POINT('',(-181.84869684057,-68.9554637267063,2.41717066142161));
#6980=CARTESIAN_POINT('',(-181.997431471968,-68.7635387142832,2.45838139334774));
#6981=CARTESIAN_POINT('',(-182.310143334432,-68.3936164533043,2.55176133202488));
#6982=CARTESIAN_POINT('',(-182.47302170094,-68.2169710383632,2.60526100458776));
#6983=CARTESIAN_POINT('',(-182.979960963121,-67.7075285420735,2.78008873717869));
#6984=CARTESIAN_POINT('',(-183.338937315604,-67.3993595409092,2.92348150901671));
#6985=CARTESIAN_POINT('',(-183.89056523196,-66.9770400160187,3.17735920053125));
#6986=CARTESIAN_POINT('',(-184.075085029074,-66.8438492245903,3.27060960086013));
#6987=CARTESIAN_POINT('',(-184.447597068056,-66.5874350221316,3.46790590771025));
#6988=CARTESIAN_POINT('',(-184.634005301018,-66.4653562092517,3.57319125262319));
#6989=CARTESIAN_POINT('',(-185.00539963968,-66.2311977559368,3.79664302860954));
#6990=CARTESIAN_POINT('',(-185.190650854589,-66.1189488973109,3.91461302747254));
#6991=CARTESIAN_POINT('',(-185.557183764571,-65.9029634944841,4.16301818205077));
#6992=CARTESIAN_POINT('',(-185.738243891994,-65.7993111342134,4.29474822039984));
#6993=CARTESIAN_POINT('',(-186.095405598153,-65.5981470410352,4.56844982083212));
#6994=CARTESIAN_POINT('',(-186.270676737189,-65.5012416669367,4.71191262795026));
#6995=CARTESIAN_POINT('',(-186.613481451685,-65.3126771101365,5.01222770357932));
#6996=CARTESIAN_POINT('',(-186.780532865915,-65.2214016560665,5.16808914591072));
#6997=CARTESIAN_POINT('',(-187.024924834719,-65.0873891760129,5.41126018394174));
#6998=CARTESIAN_POINT('',(-187.105295660997,-65.0432615801933,5.49380606036901));
#6999=CARTESIAN_POINT('',(-187.262578484254,-64.9566256600333,5.66147318248064));
#7000=CARTESIAN_POINT('',(-187.340586683683,-64.9135198463207,5.74815799121417));
#7001=CARTESIAN_POINT('',(-187.487796694665,-64.8316337490135,5.92682281768258));
#7002=CARTESIAN_POINT('',(-187.558500382232,-64.792012357223,6.02074557721825));
#7003=CARTESIAN_POINT('',(-187.687000092809,-64.7188773737671,6.21745485830815));
#7004=CARTESIAN_POINT('',(-187.745972066791,-64.6846693158241,6.32029194188287));
#7005=CARTESIAN_POINT('',(-187.920898836939,-64.5808069064938,6.62900524336264));
#7006=CARTESIAN_POINT('',(-188.033443931744,-64.511161740849,6.83663651060005));
#7007=CARTESIAN_POINT('',(-188.269591235322,-64.3587323389952,7.24195589140949));
#7008=CARTESIAN_POINT('',(-188.391867859464,-64.2766058226778,7.43926837084557));
#7009=CARTESIAN_POINT('',(-188.769221368926,-64.0144795105482,8.01809312322638));
#7010=CARTESIAN_POINT('',(-189.032009805649,-63.8207424820432,8.38838981900101));
#7011=CARTESIAN_POINT('',(-189.437298877289,-63.5075841567291,8.92199997296724));
#7012=CARTESIAN_POINT('',(-189.574231839031,-63.3995381846912,9.09506109458834));
#7013=CARTESIAN_POINT('',(-189.855539754947,-63.1743672301272,9.43226651716666));
#7014=CARTESIAN_POINT('',(-189.998573058782,-63.0582568483824,9.59572310528268));
#7015=CARTESIAN_POINT('',(-190.288755441522,-62.8208209444306,9.91611262340268));
#7016=CARTESIAN_POINT('',(-190.435222873465,-62.6999407948992,10.0717826406488));
#7017=CARTESIAN_POINT('',(-190.735799978178,-62.451083313493,10.3742625564786));
#7018=CARTESIAN_POINT('',(-190.888475282957,-62.3244098199298,10.5196098452178));
#7019=CARTESIAN_POINT('',(-191.357105849026,-61.9375180378556,10.9402222783501));
#7020=CARTESIAN_POINT('',(-191.681566314851,-61.6721608718733,11.2017888347319));
#7021=CARTESIAN_POINT('',(-192.358675159143,-61.137208130559,11.6783752872954));
#7022=CARTESIAN_POINT('',(-192.710403124804,-60.8679960123668,11.8946299341492));
#7023=CARTESIAN_POINT('',(-193.449770913224,-60.3353918416101,12.2720960649096));
#7024=CARTESIAN_POINT('',(-193.8351552557,-60.0742694657115,12.4363545107517));
#7025=CARTESIAN_POINT('',(-194.636326368585,-59.5753780892278,12.7196731302554));
#7026=CARTESIAN_POINT('',(-195.052697013678,-59.3371379510677,12.83844249574));
#7027=CARTESIAN_POINT('',(-195.911745227054,-58.8969202580365,13.0354056814518));
#7028=CARTESIAN_POINT('',(-196.355344238338,-58.6944366223083,13.1147942083916));
#7029=CARTESIAN_POINT('',(-197.263661758291,-58.3343513217492,13.2448229068645));
#7030=CARTESIAN_POINT('',(-197.728741630481,-58.1765378416303,13.2952285912914));
#7031=CARTESIAN_POINT('',(-198.673876225752,-57.9098900713091,13.3735472164338));
#7032=CARTESIAN_POINT('',(-199.154895451413,-57.801130549658,13.4018402297061));
#7033=CARTESIAN_POINT('',(-200.12576698393,-57.6352862000374,13.4428787017242));
#7034=CARTESIAN_POINT('',(-200.615678215246,-57.5781346893641,13.4552475504735));
#7035=CARTESIAN_POINT('',(-201.598873974145,-57.5152578376383,13.4680572251064));
#7036=CARTESIAN_POINT('',(-202.09303674593,-57.5094792602454,13.4689035768879));
#7037=CARTESIAN_POINT('',(-203.077459955576,-57.5486756224338,13.4614246679501));
#7038=CARTESIAN_POINT('',(-203.569236992944,-57.5940422645142,13.4521007230349));
#7039=CARTESIAN_POINT('',(-204.543739701937,-57.7361949804172,13.418379333353));
#7040=CARTESIAN_POINT('',(-205.027360825335,-57.8331582584767,13.3939071766996));
#7041=CARTESIAN_POINT('',(-205.979776865018,-58.0771685852078,13.3255755094915));
#7042=CARTESIAN_POINT('',(-206.448660269167,-58.224031158124,13.2807901835421));
#7043=CARTESIAN_POINT('',(-207.366944687383,-58.5635611885691,13.1639092951035));
#7044=CARTESIAN_POINT('',(-207.815581788045,-58.7562151888012,13.0917079528367));
#7045=CARTESIAN_POINT('',(-208.687435273571,-59.1798821193197,12.9121244103668));
#7046=CARTESIAN_POINT('',(-209.109855507751,-59.4106140620304,12.8034400824887));
#7047=CARTESIAN_POINT('',(-209.925353546691,-59.8985704615682,12.5409145072556));
#7048=CARTESIAN_POINT('',(-210.317870770671,-60.1553887616294,12.3869237123088));
#7049=CARTESIAN_POINT('',(-211.071273137551,-60.6823738099861,12.0330528447499));
#7050=CARTESIAN_POINT('',(-211.431695049849,-60.952136121844,11.8287480208592));
#7051=CARTESIAN_POINT('',(-212.121235484881,-61.4879088558678,11.373470685581));
#7052=CARTESIAN_POINT('',(-212.452110158403,-61.755500308006,11.1213792127678));
#7053=CARTESIAN_POINT('',(-213.087664640165,-62.2770848844398,10.5795730817074));
#7054=CARTESIAN_POINT('',(-213.393522018779,-62.5323068352366,10.2870879664438));
#7055=CARTESIAN_POINT('',(-213.980808850227,-63.016076098367,9.66074134251893));
#7056=CARTESIAN_POINT('',(-214.267643873984,-63.2494838857342,9.33419773943718));
#7057=CARTESIAN_POINT('',(-214.816752324501,-63.6816084680947,8.63877085532742));
#7058=CARTESIAN_POINT('',(-215.082035060645,-63.8820272785763,8.27454032081399));
#7059=CARTESIAN_POINT('',(-215.467708385113,-64.1574842203104,7.70677397528919));
#7060=CARTESIAN_POINT('',(-215.593284997407,-64.2445568213848,7.51339524273072));
#7061=CARTESIAN_POINT('',(-215.837320295723,-64.4078874828069,7.11770545977813));
#7062=CARTESIAN_POINT('',(-215.954126686274,-64.4829985795582,6.91384335383568));
#7063=CARTESIAN_POINT('',(-216.125996374596,-64.5890567057768,6.60467147559569));
#7064=CARTESIAN_POINT('',(-216.18343091515,-64.6237839992011,6.50117624950055));
#7065=CARTESIAN_POINT('',(-216.30028155004,-64.6928886586336,6.29581130441763));
#7066=CARTESIAN_POINT('',(-216.359927124516,-64.727376399607,6.19291256517885));
#7067=CARTESIAN_POINT('',(-216.555930834407,-64.8385947668994,5.89965840043453));
#7068=CARTESIAN_POINT('',(-216.708955291554,-64.9232448107487,5.7251762687963));
#7069=CARTESIAN_POINT('',(-217.02530587349,-65.0974487412905,5.39003716644991));
#7070=CARTESIAN_POINT('',(-217.188959457194,-65.1869868595593,5.22840946680824));
#7071=CARTESIAN_POINT('',(-217.523867506822,-65.37047570236,4.91737872372222));
#7072=CARTESIAN_POINT('',(-217.695738725715,-65.464788728885,4.76729856349076));
#7073=CARTESIAN_POINT('',(-218.222326792234,-65.7573488676564,4.339534331396));
#7074=CARTESIAN_POINT('',(-218.586104763979,-65.9638890756539,4.07738949952698));
#7075=CARTESIAN_POINT('',(-219.326696460145,-66.4153098451145,3.60794693116625));
#7076=CARTESIAN_POINT('',(-219.701359532189,-66.6591245701609,3.39849899117657));
#7077=CARTESIAN_POINT('',(-220.256091456656,-67.0625942199681,3.12255243111746));
#7078=CARTESIAN_POINT('',(-220.440299623205,-67.2037187872188,3.03814867394566));
#7079=CARTESIAN_POINT('',(-220.802059701512,-67.4997674974243,2.88403225612608));
#7080=CARTESIAN_POINT('',(-220.980425803768,-67.655149043964,2.81218224836524));
#7081=CARTESIAN_POINT('',(-221.327325234476,-67.9805634989812,2.6844150681843));
#7082=CARTESIAN_POINT('',(-221.496065156882,-68.1506700161328,2.62631422605523));
#7083=CARTESIAN_POINT('',(-221.821189489683,-68.5065542199839,2.52085113854696));
#7084=CARTESIAN_POINT('',(-221.97680110294,-68.6915673277863,2.47534438861035));
#7085=CARTESIAN_POINT('',(-222.273125612547,-69.0773854730171,2.3926263502565));
#7086=CARTESIAN_POINT('',(-222.412721526615,-69.2772350190221,2.3559594300813));
#7087=CARTESIAN_POINT('',(-222.673374521776,-69.6900344702235,2.28872735697001));
#7088=CARTESIAN_POINT('',(-222.794151011684,-69.9029991303041,2.25822824309878));
#7089=CARTESIAN_POINT('',(-223.014735144365,-70.339839605927,2.20208264322778));
#7090=CARTESIAN_POINT('',(-223.114764419166,-70.5645158157565,2.17761108295559));
#7091=CARTESIAN_POINT('',(-223.291996226877,-71.0221015140901,2.13338593316896));
#7092=CARTESIAN_POINT('',(-223.369189445029,-71.2554350157493,2.11427039045065));
#7093=CARTESIAN_POINT('',(-223.566730551715,-71.9663794142541,2.06716039625743));
#7094=CARTESIAN_POINT('',(-223.650797846221,-72.4543625005545,2.04731851133573));
#7095=CARTESIAN_POINT('',(-223.725891470032,-73.436482189037,2.03540232860257));
#7096=CARTESIAN_POINT('',(-223.71652252699,-73.9321569758663,2.04358377846989));
#7097=CARTESIAN_POINT('',(-223.615629913978,-74.9108430443803,2.09740645840906));
#7098=CARTESIAN_POINT('',(-223.524123405153,-75.3947711734081,2.14328596238351));
#7099=CARTESIAN_POINT('',(-223.28096218785,-76.3401577964505,2.28111140735328));
#7100=CARTESIAN_POINT('',(-223.129803419947,-76.8012407821614,2.37152634245234));
#7101=CARTESIAN_POINT('',(-222.792277259477,-77.7005126279932,2.59439065917485));
#7102=CARTESIAN_POINT('',(-222.606949875379,-78.1382214531977,2.72615809142152));
#7103=CARTESIAN_POINT('',(-222.220301259883,-78.9978680826812,3.01499215195281));
#7104=CARTESIAN_POINT('',(-222.019412927942,-79.4187981553273,3.17409588535855));
#7105=CARTESIAN_POINT('',(-221.614660271889,-80.2515336903962,3.51155345098823));
#7106=CARTESIAN_POINT('',(-221.410173245255,-80.6631773797508,3.69026628143279));
#7107=CARTESIAN_POINT('',(-221.010446137546,-81.4789547028681,4.07295804956268));
#7108=CARTESIAN_POINT('',(-220.814552648394,-81.8841568353446,4.27475403358525));
#7109=CARTESIAN_POINT('',(-220.443356559855,-82.6940520262624,4.69557009719997));
#7110=CARTESIAN_POINT('',(-220.267969202268,-83.0993577530567,4.91495593983651));
#7111=CARTESIAN_POINT('',(-220.068893745103,-83.6133084640251,5.19031878610502));
#7112=CARTESIAN_POINT('',(-220.030197717433,-83.7161510585233,5.24508777591318));
#7113=CARTESIAN_POINT('',(-219.954589481686,-83.9238692532849,5.35533116780328));
#7114=CARTESIAN_POINT('',(-219.917781432837,-84.0283445639031,5.40919644736615));
#7115=CARTESIAN_POINT('',(-219.812324808425,-84.3400972941697,5.57696418333648));
#7116=CARTESIAN_POINT('',(-219.747190238992,-84.5506503057707,5.6876346802476));
#7117=CARTESIAN_POINT('',(-219.62862254955,-84.979012038754,5.89946087297402));
#7118=CARTESIAN_POINT('',(-219.574878058639,-85.1979461017684,6.00123163366096));
#7119=CARTESIAN_POINT('',(-219.481640994595,-85.6440440462698,6.18679806600912));
#7120=CARTESIAN_POINT('',(-219.441846093817,-85.873407139233,6.27191889902456));
#7121=CARTESIAN_POINT('',(-219.381484207289,-86.3421376101601,6.40794818387527));
#7122=CARTESIAN_POINT('',(-219.360718147994,-86.5843491616213,6.45987706484691));
#7123=CARTESIAN_POINT('',(-219.350435517835,-86.9532002689716,6.48715831821097));
#7124=CARTESIAN_POINT('',(-219.35077009028,-87.0767520536633,6.4861709957823));
#7125=CARTESIAN_POINT('',(-219.358730468691,-87.321882352398,6.46532642731332));
#7126=CARTESIAN_POINT('',(-219.366162501271,-87.4441816395804,6.44655512569985));
#7127=CARTESIAN_POINT('',(-219.396963265957,-87.8042525935989,6.37238380450082));
#7128=CARTESIAN_POINT('',(-219.428868310371,-88.0391059816789,6.29976303083219));
#7129=CARTESIAN_POINT('',(-219.508188370808,-88.4953594637636,6.1326993506808));
#7130=CARTESIAN_POINT('',(-219.556014584342,-88.7185144124464,6.03746939815375));
#7131=CARTESIAN_POINT('',(-219.663529508226,-89.1547379470558,5.83571782972962));
#7132=CARTESIAN_POINT('',(-219.723569086633,-89.368605388069,5.72833439238047));
#7133=CARTESIAN_POINT('',(-219.821661946534,-89.6843772378891,5.56341015241207));
#7134=CARTESIAN_POINT('',(-219.855692862777,-89.7887785532189,5.50756181264159));
#7135=CARTESIAN_POINT('',(-219.926673594439,-89.9971205911081,5.39588124277562));
#7136=CARTESIAN_POINT('',(-219.96353396357,-90.1011930648619,5.34211528028461));
#7137=CARTESIAN_POINT('',(-220.15313554014,-90.6193193578374,5.06705207454552));
#7138=CARTESIAN_POINT('',(-220.322000643327,-91.0259605280044,4.84565662133874));
#7139=CARTESIAN_POINT('',(-220.683152691939,-91.8366755476484,4.41766034343993));
#7140=CARTESIAN_POINT('',(-220.875492985498,-92.2411900071368,4.21107251110228));
#7141=CARTESIAN_POINT('',(-221.270783979684,-93.0547286693309,3.81939235153703));
#7142=CARTESIAN_POINT('',(-221.474221869675,-93.4641009997729,3.63393484558423));
#7143=CARTESIAN_POINT('',(-221.879920619463,-94.292196865968,3.28780559360083));
#7144=CARTESIAN_POINT('',(-222.082672362279,-94.7110670083318,3.12326153104757));
#7145=CARTESIAN_POINT('',(-222.475851820251,-95.5631582202195,2.82185331669754));
#7146=CARTESIAN_POINT('',(-222.666044350532,-95.9963659507102,2.68348833443613));
#7147=CARTESIAN_POINT('',(-223.018181184066,-96.885265637261,2.44234825551578));
#7148=CARTESIAN_POINT('',(-223.179430158659,-97.340299377747,2.34200732969915));
#7149=CARTESIAN_POINT('',(-223.448879637876,-98.276407119635,2.18390746128153));
#7150=CARTESIAN_POINT('',(-223.556054531911,-98.7544832644708,2.12794712963636));
#7151=CARTESIAN_POINT('',(-223.693721844039,-99.7291703021046,2.05637279665336));
#7152=CARTESIAN_POINT('',(-223.723251175423,-100.221820756413,2.04030326637954));
#7153=CARTESIAN_POINT('',(-223.698654016371,-100.961484834277,2.03916167838539));
#7154=CARTESIAN_POINT('',(-223.678989658341,-101.207406123764,2.04252484351553));
#7155=CARTESIAN_POINT('',(-223.616370787142,-101.696001284221,2.05583499497473));
#7156=CARTESIAN_POINT('',(-223.57330566594,-101.938819061894,2.06581102236717));
#7157=CARTESIAN_POINT('',(-223.463207610097,-102.418391213377,2.09168754687095));
#7158=CARTESIAN_POINT('',(-223.396573102388,-102.655416224887,2.10762724682257));
#7159=CARTESIAN_POINT('',(-223.240133079046,-103.121379012815,2.14624128544304));
#7160=CARTESIAN_POINT('',(-223.150800292765,-103.349303621196,2.16858712065729));
#7161=CARTESIAN_POINT('',(-222.999530926074,-103.685614781758,2.20610596182359));
#7162=CARTESIAN_POINT('',(-222.946874314509,-103.795617589127,2.21933543827336));
#7163=CARTESIAN_POINT('',(-222.835343846266,-104.01424818364,2.24785427022479));
#7164=CARTESIAN_POINT('',(-222.777553177812,-104.121089307462,2.26227032919473));
#7165=CARTESIAN_POINT('',(-222.595295311501,-104.439931878194,2.30908742262451));
#7166=CARTESIAN_POINT('',(-222.463951336781,-104.645813738787,2.34244344313086));
#7167=CARTESIAN_POINT('',(-222.183519551368,-105.044543632546,2.41718632493032));
#7168=CARTESIAN_POINT('',(-222.034654334184,-105.236506220878,2.4584509547312));
#7169=CARTESIAN_POINT('',(-221.722146856133,-105.606271594611,2.55168511957947));
#7170=CARTESIAN_POINT('',(-221.559067132177,-105.783107861172,2.60528647373365));
#7171=CARTESIAN_POINT('',(-221.052266738389,-106.292410797382,2.78006010294012));
#7172=CARTESIAN_POINT('',(-220.693120654839,-106.600729776198,2.92352567078412));
#7173=CARTESIAN_POINT('',(-220.141595433861,-107.022956869985,3.17736217739911));
#7174=CARTESIAN_POINT('',(-219.957139370872,-107.156111204661,3.27057290656253));
#7175=CARTESIAN_POINT('',(-219.58432448224,-107.412720636797,3.46804399996716));
#7176=CARTESIAN_POINT('',(-219.398713760135,-107.534281431161,3.57287174925795));
#7177=CARTESIAN_POINT('',(-219.026699632843,-107.768847553434,3.79667127611156));
#7178=CARTESIAN_POINT('',(-218.84131714901,-107.881165073305,3.91474295570097));
#7179=CARTESIAN_POINT('',(-218.475033004335,-108.097004077101,4.16298119443581));
#7180=CARTESIAN_POINT('',(-218.293901276488,-108.200698601971,4.29475936700943));
#7181=CARTESIAN_POINT('',(-217.936756769082,-108.401852470022,4.56844909818516));
#7182=CARTESIAN_POINT('',(-217.761469593817,-108.498766757395,4.71192730730885));
#7183=CARTESIAN_POINT('',(-217.418742536173,-108.687288768283,5.01216876712932));
#7184=CARTESIAN_POINT('',(-217.251482286522,-108.778678551149,5.16822719434773));
#7185=CARTESIAN_POINT('',(-217.007225330508,-108.912617228509,5.41127512286717));
#7186=CARTESIAN_POINT('',(-216.926962557349,-108.956685261087,5.49370313341823));
#7187=CARTESIAN_POINT('',(-216.769508544496,-109.043415609789,5.66155709157788));
#7188=CARTESIAN_POINT('',(-216.691703778404,-109.086408800279,5.74800931912585));
#7189=CARTESIAN_POINT('',(-216.54430704687,-109.168398478576,5.92689387924556));
#7190=CARTESIAN_POINT('',(-216.473723470181,-109.207952949581,6.02066475022375));
#7191=CARTESIAN_POINT('',(-216.345176812353,-109.281113181872,6.21742101599823));
#7192=CARTESIAN_POINT('',(-216.286111493972,-109.315376719949,6.32042905937256));
#7193=CARTESIAN_POINT('',(-216.111347887591,-109.419142026483,6.62885724845159));
#7194=CARTESIAN_POINT('',(-215.998687281375,-109.488856108891,6.83668036180301));
#7195=CARTESIAN_POINT('',(-215.762570639773,-109.641269445498,7.24199195895067));
#7196=CARTESIAN_POINT('',(-215.640319790659,-109.723372536129,7.43910827308823));
#7197=CARTESIAN_POINT('',(-215.388624386542,-109.898226485832,7.82572783897589));
#7198=CARTESIAN_POINT('',(-215.260204411474,-109.990217147518,8.01396932869368));
#7199=CARTESIAN_POINT('',(-214.99818488311,-110.183086211834,8.38474290130841));
#7200=CARTESIAN_POINT('',(-214.865298639692,-110.283503249664,8.56642878702984));
#7201=CARTESIAN_POINT('',(-214.594859735342,-110.492403086669,8.92187008837309));
#7202=CARTESIAN_POINT('',(-214.457772874885,-110.600591686428,9.095295298972));
#7203=CARTESIAN_POINT('',(-214.176815351233,-110.825475670552,9.43202683368441));
#7204=CARTESIAN_POINT('',(-214.033507957781,-110.941808601737,9.59582137727015));
#7205=CARTESIAN_POINT('',(-213.743434156922,-111.179156307601,9.91607974557027));
#7206=CARTESIAN_POINT('',(-213.596915132333,-111.30007871064,10.0718076153451));
#7207=CARTESIAN_POINT('',(-213.296421075569,-111.548867448529,10.3742038001734));
#7208=CARTESIAN_POINT('',(-213.143671723109,-111.675602578831,10.5196262528822));
#7209=CARTESIAN_POINT('',(-212.675010869153,-112.062517730498,10.9402541642683));
#7210=CARTESIAN_POINT('',(-212.350712439545,-112.32774552774,11.2017011144476));
#7211=CARTESIAN_POINT('',(-211.673439647615,-112.862827215943,11.6784053156094));
#7212=CARTESIAN_POINT('',(-211.321819809694,-113.13196233466,11.8946018051971));
#7213=CARTESIAN_POINT('',(-210.582207244981,-113.664729032263,12.2721707497398));
#7214=CARTESIAN_POINT('',(-210.197429959378,-113.925452469477,12.4361842393537));
#7215=CARTESIAN_POINT('',(-209.395711708763,-114.424702013102,12.7197217754658));
#7216=CARTESIAN_POINT('',(-208.979518143974,-114.662831189692,12.838425451418));
#7217=CARTESIAN_POINT('',(-208.120287939572,-115.103142155968,13.0354327820936));
#7218=CARTESIAN_POINT('',(-207.676872698424,-115.305536935576,13.1147828792114));
#7219=CARTESIAN_POINT('',(-206.768481005669,-115.665656881359,13.2448263155809));
#7220=CARTESIAN_POINT('',(-206.30343551151,-115.823457609737,13.295226999905));
#7221=CARTESIAN_POINT('',(-205.358247399276,-116.090118098418,13.3735494589629));
#7222=CARTESIAN_POINT('',(-204.877353518055,-116.198851579869,13.4018355471631));
#7223=CARTESIAN_POINT('',(-203.906353687997,-116.3647210739,13.4428805449504));
#7224=CARTESIAN_POINT('',(-203.41649846262,-116.421862729207,13.4552469015251));
#7225=CARTESIAN_POINT('',(-202.433283402798,-116.484742901738,13.4680574109813));
#7226=CARTESIAN_POINT('',(-201.939126303785,-116.490520503106,13.4689035173991));
#7227=CARTESIAN_POINT('',(-200.954701324772,-116.451324445348,13.4614246849914));
#7228=CARTESIAN_POINT('',(-200.462924807437,-116.40595771379,13.4521007175824));
#7229=CARTESIAN_POINT('',(-199.488421936243,-116.263805025797,13.4183793349156));
#7230=CARTESIAN_POINT('',(-199.004800860505,-116.166841739532,13.3939071762));
#7231=CARTESIAN_POINT('',(-198.052384805946,-115.922831415355,13.3255755096342));
#7232=CARTESIAN_POINT('',(-197.583501406213,-115.775968841702,13.2807901834985));
#7233=CARTESIAN_POINT('',(-196.665216986587,-115.436438811471,13.1639092951101));
#7234=CARTESIAN_POINT('',(-196.216579886387,-115.243784811206,13.0917079528536));
#7235=CARTESIAN_POINT('',(-195.344726400545,-114.820117880592,12.9121244102949));
#7236=CARTESIAN_POINT('',(-194.922306167026,-114.589385938256,12.803440082717));
#7237=CARTESIAN_POINT('',(-194.106808125959,-114.101429537429,12.5409145064579));
#7238=CARTESIAN_POINT('',(-193.714290908756,-113.844611241507,12.3869237148044));
#7239=CARTESIAN_POINT('',(-192.960888518819,-113.31762617906,12.0330528360388));
#7240=CARTESIAN_POINT('',(-192.600466680454,-113.047863912385,11.828748048074));
#7241=CARTESIAN_POINT('',(-191.910925993856,-112.512091024622,11.373470590565));
#7242=CARTESIAN_POINT('',(-191.580052126889,-112.244500065388,11.1213795096357));
#7243=CARTESIAN_POINT('',(-190.944494900917,-111.722913811906,10.5795720452354));
#7244=CARTESIAN_POINT('',(-190.638646320482,-111.467697237868,10.2870912047756));
#7245=CARTESIAN_POINT('',(-190.051329554282,-110.983909680964,9.66073003634244));
#7246=CARTESIAN_POINT('',(-189.764590504048,-110.750560545103,9.3342330642805));
#7247=CARTESIAN_POINT('',(-189.352514262341,-110.426317442269,8.81254390883532));
#7248=CARTESIAN_POINT('',(-189.217780828711,-110.322336648274,8.63469676365752));
#7249=CARTESIAN_POINT('',(-188.952234925236,-110.122202638475,8.27088600656855));
#7250=CARTESIAN_POINT('',(-188.821367688963,-110.026044839827,8.08546214006642));
#7251=CARTESIAN_POINT('',(-188.564510905681,-109.842546972484,7.70672319885945));
#7252=CARTESIAN_POINT('',(-188.438858227349,-109.755433191333,7.51341150390123));
#7253=CARTESIAN_POINT('',(-188.194846693664,-109.592115390673,7.11770076833396));
#7254=CARTESIAN_POINT('',(-188.078033192926,-109.51700046132,6.91384495893725));
#7255=CARTESIAN_POINT('',(-187.906165488063,-109.410943366052,6.6046712547783));
#7256=CARTESIAN_POINT('',(-187.848731115588,-109.376216296902,6.50117612285415));
#7257=CARTESIAN_POINT('',(-187.731878534116,-109.307110117157,6.29581204527334));
#7258=CARTESIAN_POINT('',(-187.672239604614,-109.272627473015,6.19291017560692));
#7259=CARTESIAN_POINT('',(-187.476201792606,-109.161382989561,5.89967215056192));
#7260=CARTESIAN_POINT('',(-187.323290047888,-109.076819255446,5.72513666040256));
#7261=CARTESIAN_POINT('',(-186.848204409935,-108.815084723413,5.22269301067236));
#7262=CARTESIAN_POINT('',(-186.511966832601,-108.63266479187,4.91056403904959));
#7263=CARTESIAN_POINT('',(-185.809830720684,-108.242670188429,4.33934029530636));
#7264=CARTESIAN_POINT('',(-185.4460582425,-108.036104819866,4.07745164791161));
#7265=CARTESIAN_POINT('',(-184.705464831581,-107.584691922355,3.60792897149253));
#7266=CARTESIAN_POINT('',(-184.330802267593,-107.34087480604,3.39850522523617));
#7267=CARTESIAN_POINT('',(-183.776070213907,-106.937405913665,3.12255134939585));
#7268=CARTESIAN_POINT('',(-183.591861991558,-106.796281086663,3.03814900371936));
#7269=CARTESIAN_POINT('',(-183.230102206635,-106.500232836275,2.88403222039091));
#7270=CARTESIAN_POINT('',(-183.051735133349,-106.344849940145,2.8121820804191));
#7271=CARTESIAN_POINT('',(-182.704839015956,-106.019440038082,2.68441575681624));
#7272=CARTESIAN_POINT('',(-182.536088467973,-105.849318935176,2.62631204887342));
#7273=CARTESIAN_POINT('',(-182.211000288288,-105.493484354033,2.52085874923779));
#7274=CARTESIAN_POINT('',(-182.0552727647,-105.308312152496,2.47532060756004));
#7275=CARTESIAN_POINT('',(-181.759342626069,-104.923035304157,2.39270937922996));
#7276=CARTESIAN_POINT('',(-181.61936825962,-104.722677438343,2.35593930576144));
#7277=CARTESIAN_POINT('',(-181.358728431211,-104.309855698905,2.28871275812762));
#7278=CARTESIAN_POINT('',(-181.238038782184,-104.097051897579,2.25823530975194));
#7279=CARTESIAN_POINT('',(-181.017418459753,-103.660145700514,2.2020806152712));
#7280=CARTESIAN_POINT('',(-180.917399887344,-103.435489125605,2.17761174398561));
#7281=CARTESIAN_POINT('',(-180.740164517642,-102.977896219001,2.13338570114489));
#7282=CARTESIAN_POINT('',(-180.662972905117,-102.744567803552,2.11427055625958));
#7283=CARTESIAN_POINT('',(-180.46543064812,-102.033613714981,2.0671602848536));
#7284=CARTESIAN_POINT('',(-180.381364502496,-101.545655395129,2.04731866138633));
#7285=CARTESIAN_POINT('',(-180.306268145155,-100.563456637048,2.03540187715487));
#7286=CARTESIAN_POINT('',(-180.315649156943,-100.067953820197,2.04358760464632));
#7287=CARTESIAN_POINT('',(-180.416462131018,-99.0895310064909,2.09736996403723));
#7288=CARTESIAN_POINT('',(-180.508083036239,-98.6050184538353,2.14331095807219));
#7289=CARTESIAN_POINT('',(-180.751132314453,-97.6600620124063,2.28107024968017));
#7290=CARTESIAN_POINT('',(-180.902499160339,-97.1983383284316,2.37161421176232));
#7291=CARTESIAN_POINT('',(-181.239844003826,-96.2996080329203,2.59436543816251));
#7292=CARTESIAN_POINT('',(-181.425224893269,-95.8617395944439,2.72616632669221));
#7293=CARTESIAN_POINT('',(-181.81185609161,-95.0021442639352,3.0149892113528));
#7294=CARTESIAN_POINT('',(-182.012751878251,-94.581194258137,3.17409860402861));
#7295=CARTESIAN_POINT('',(-182.417494262577,-93.7484814615059,3.51154632539101));
#7296=CARTESIAN_POINT('',(-182.622009785513,-93.3367781208565,3.69028795146426));
#7297=CARTESIAN_POINT('',(-183.021641321576,-92.5211996211858,4.07288260869331));
#7298=CARTESIAN_POINT('',(-183.217647236299,-92.1157615593665,4.27479466511315));
#7299=CARTESIAN_POINT('',(-183.588770202944,-91.3060291807194,4.69552745374361));
#7300=CARTESIAN_POINT('',(-183.764259055434,-90.9004824672459,4.91504129567895));
#7301=CARTESIAN_POINT('',(-183.963259085666,-90.38671371543,5.19030698977247));
#7302=CARTESIAN_POINT('',(-184.001975142409,-90.2838183645126,5.24510390705931));
#7303=CARTESIAN_POINT('',(-184.07753915523,-90.0762233384955,5.35528242918454));
#7304=CARTESIAN_POINT('',(-184.114393145355,-89.9716192559156,5.40921549467803));
#7305=CARTESIAN_POINT('',(-184.219831421857,-89.6599179176912,5.57695615159895));
#7306=CARTESIAN_POINT('',(-184.284973166454,-89.4493450012026,5.68763722290754));
#7307=CARTESIAN_POINT('',(-184.403538669166,-89.0209886779371,5.89946024470069));
#7308=CARTESIAN_POINT('',(-184.457283638471,-88.8020555857888,6.00123152925622));
#7309=CARTESIAN_POINT('',(-184.550521112356,-88.355948625499,6.18679918673988));
#7310=CARTESIAN_POINT('',(-184.590314100294,-88.1266161169267,6.27191520791235));
#7311=CARTESIAN_POINT('',(-184.650682681818,-87.6577810626291,6.40796114018767));
#7312=CARTESIAN_POINT('',(-184.671430926553,-87.4158473776715,6.45984575763328));
#7313=CARTESIAN_POINT('',(-184.681729579645,-87.0467449238117,6.48716693191617));
#7314=CARTESIAN_POINT('',(-184.681387348183,-86.9232094009139,6.48616028740179));
#7315=CARTESIAN_POINT('',(-184.673443493594,-86.6783467963774,6.46535751359415));
#7316=CARTESIAN_POINT('',(-184.665994361048,-86.5557276048519,6.44654296519522));
#7317=CARTESIAN_POINT('',(-184.635200528409,-86.1957859947108,6.37238908279145));
#7318=CARTESIAN_POINT('',(-184.603292441005,-85.9608809191939,6.29976094335692));
#7319=CARTESIAN_POINT('',(-184.523974440371,-85.5046469605124,6.13270137003792));
#7320=CARTESIAN_POINT('',(-184.476144060516,-85.2814753673581,6.03746440936328));
#7321=CARTESIAN_POINT('',(-184.368642551735,-84.8452941316709,5.83573476436934));
#7322=CARTESIAN_POINT('',(-184.308560186792,-84.6312952888966,5.72828160316169));
#7323=CARTESIAN_POINT('',(-184.210576456623,-84.3158577626418,5.56353515136999));
#7324=CARTESIAN_POINT('',(-184.176346764695,-84.2108520718311,5.50736466908927));
#7325=CARTESIAN_POINT('',(-184.105534078747,-84.0030150926341,5.39595347651496));
#7326=CARTESIAN_POINT('',(-184.068600530492,-83.8987330683528,5.34207587288052));
#7327=CARTESIAN_POINT('',(-183.879189975939,-83.3810943246199,5.06727341748465));
#7328=CARTESIAN_POINT('',(-183.710079586858,-82.9738403835304,4.84555127469159));
#7329=CARTESIAN_POINT('',(-183.349086240065,-82.1634943717518,4.41774652995804));
#7330=CARTESIAN_POINT('',(-183.156521942699,-81.7585003559852,4.21091857805638));
#7331=CARTESIAN_POINT('',(-182.761464699927,-80.9454518968696,3.81947828573928));
#7332=CARTESIAN_POINT('',(-182.55789806813,-80.5358119586731,3.63389568932377));
#7333=CARTESIAN_POINT('',(-182.152284960358,-79.7078965846713,3.28784181716929));
#7334=CARTESIAN_POINT('',(-181.949398343535,-79.2887373557646,3.12319003419751));
#7335=CARTESIAN_POINT('',(-181.556421359246,-78.4370909584959,2.82193687157283));
#7336=CARTESIAN_POINT('',(-181.366060075076,-78.003504404257,2.68344595559707));
#7337=CARTESIAN_POINT('',(-181.013996851669,-77.1147710712869,2.44236034901377));
#7338=CARTESIAN_POINT('',(-180.852726369698,-76.6596899585113,2.3420035955707));
#7339=CARTESIAN_POINT('',(-180.583283233761,-75.72359262382,2.18390804335897));
#7340=CARTESIAN_POINT('',(-180.476107542595,-75.2455262492444,2.12794843613878));
#7341=CARTESIAN_POINT('',(-180.338437493994,-74.2708010090134,2.05636705924385));
#7342=CARTESIAN_POINT('',(-180.308900421154,-73.7781005512613,2.04030652249148));
#7343=CARTESIAN_POINT('',(-180.333519451265,-73.0383527809945,2.03916249256483));
#7344=CARTESIAN_POINT('',(-180.353135978713,-72.7926886242149,2.04251015481186));
#7345=CARTESIAN_POINT('',(-180.415772599693,-72.3040641320663,2.05581201120043));
#7346=CARTESIAN_POINT('',(-180.459031006081,-72.0612865021938,2.06575893347983));
#7347=CARTESIAN_POINT('',(-180.568887100255,-71.581554836531,2.09178709962509));
#7348=CARTESIAN_POINT('',(-180.63554592973,-71.3445413059783,2.10787167406394));
#7349=CARTESIAN_POINT('',(-180.752948485989,-70.9951767870175,2.13655047570819));
#7350=CARTESIAN_POINT('',(-180.836845870272,-70.7643264604271,2.157157073413));
#7351=CARTESIAN_POINT('',(-180.931918389942,-70.5382288163451,2.18098938082002));
#7352=CARTESIAN_POINT('',(-180.98214392114,-70.4265409352101,2.19361050877572));
#7353=CARTESIAN_POINT('',(-180.98214392114,-70.4265409352101,2.19361050877572));
#7354=CARTESIAN_POINT('',(-180.98214392114,-70.4265409352101,0.999998715869168));
#7355=CARTESIAN_POINT('',(-195.698657479554,-71.7560278056683,16.4173907975809));
#7356=CARTESIAN_POINT('',(-195.655442858017,-71.9402530025409,16.3812366938244));
#7357=CARTESIAN_POINT('',(-195.498108889691,-72.6355701573443,16.235304326837));
#7358=CARTESIAN_POINT('',(-195.223590556258,-74.0805533046644,15.8855534455663));
#7359=CARTESIAN_POINT('',(-194.95433905421,-75.8086903452499,15.443596701603));
#7360=CARTESIAN_POINT('',(-194.627660479922,-78.4244916427854,14.7843935381764));
#7361=CARTESIAN_POINT('',(-194.327358040259,-82.1549281943685,13.9286760975909));
#7362=CARTESIAN_POINT('',(-194.19039488774,-86.9999999999998,13.4025602387188));
#7363=CARTESIAN_POINT('',(-194.327358040259,-91.8450718056311,13.9286760975909));
#7364=CARTESIAN_POINT('',(-194.627660479922,-95.5755083572144,14.7843935381764));
#7365=CARTESIAN_POINT('',(-194.95433905421,-98.1913096547496,15.443596701603));
#7366=CARTESIAN_POINT('',(-195.223590556258,-99.9194466953354,15.8855534455663));
#7367=CARTESIAN_POINT('',(-195.498108889691,-101.364429842655,16.2353043268369));
#7368=CARTESIAN_POINT('',(-195.655442858017,-102.059746997459,16.3812366938244));
#7369=CARTESIAN_POINT('',(-195.698657479554,-102.243972194331,16.4173907975809));
#7370=CARTESIAN_POINT('',(-195.698657479554,-71.7560278056683,16.4173907975809));
#7371=CARTESIAN_POINT('',(-195.662117348536,-71.654043770307,16.4013956887417));
#7372=CARTESIAN_POINT('',(-195.529988524756,-71.2927614987816,16.3309688520383));
#7373=CARTESIAN_POINT('',(-195.292232332042,-70.6721685585064,16.1077103542537));
#7374=CARTESIAN_POINT('',(-195.039442635128,-70.0769277414638,15.762009889548));
#7375=CARTESIAN_POINT('',(-194.685300206336,-69.3718156710843,15.1425607526779));
#7376=CARTESIAN_POINT('',(-194.216120307444,-68.7590790963181,14.0799223091582));
#7377=CARTESIAN_POINT('',(-193.75922788316,-68.5856254032672,13.1018592742999));
#7378=CARTESIAN_POINT('',(-193.497074581873,-68.5856254032672,12.6257388228313));
#7379=CARTESIAN_POINT('',(-192.9727679793,-68.5856254032672,11.6734979198941));
#7380=CARTESIAN_POINT('',(-191.654498060996,-69.2794401754709,9.87230464170401));
#7381=CARTESIAN_POINT('',(-189.71138253885,-70.4456777532296,7.685773387815));
#7382=CARTESIAN_POINT('',(-188.562230332434,-70.9181005587845,6.34819450917887));
#7383=CARTESIAN_POINT('',(-187.987654229226,-71.1543119615619,5.67940506986081));
#7384=CARTESIAN_POINT('',(-186.749704800138,-71.5713867754546,4.21966956537883));
#7385=CARTESIAN_POINT('',(-185.787724582943,-72.0797536569175,2.82240210796406));
#7386=CARTESIAN_POINT('',(-185.567772784513,-72.4265894204091,2.26838916181089));
#7387=CARTESIAN_POINT('',(-185.542268951037,-72.4772139250927,2.19361050877575));
#7388=CARTESIAN_POINT('',(-208.33350419474,-71.7560278056683,16.4173907975809));
#7389=CARTESIAN_POINT('',(-208.376718816276,-71.9402530025409,16.3812366938244));
#7390=CARTESIAN_POINT('',(-208.534052784603,-72.6355701573443,16.235304326837));
#7391=CARTESIAN_POINT('',(-208.808571118036,-74.0805533046644,15.8855534455663));
#7392=CARTESIAN_POINT('',(-209.077822620084,-75.8086903452499,15.4435967016031));
#7393=CARTESIAN_POINT('',(-209.404501194372,-78.4244916427854,14.7843935381764));
#7394=CARTESIAN_POINT('',(-209.704803634034,-82.1549281943685,13.928676097591));
#7395=CARTESIAN_POINT('',(-209.841766786553,-86.9999999999998,13.4025602387188));
#7396=CARTESIAN_POINT('',(-209.704803634034,-91.8450718056311,13.928676097591));
#7397=CARTESIAN_POINT('',(-209.404501194372,-95.5755083572144,14.7843935381764));
#7398=CARTESIAN_POINT('',(-209.077822620084,-98.1913096547496,15.4435967016031));
#7399=CARTESIAN_POINT('',(-208.808571118036,-99.9194466953354,15.8855534455663));
#7400=CARTESIAN_POINT('',(-208.534052784603,-101.364429842655,16.235304326837));
#7401=CARTESIAN_POINT('',(-208.376718816276,-102.059746997459,16.3812366938244));
#7402=CARTESIAN_POINT('',(-208.33350419474,-102.243972194331,16.4173907975809));
#7403=CARTESIAN_POINT('',(-195.698657479554,-71.7560278056683,16.4173907975809));
#7404=CARTESIAN_POINT('',(-195.77907569559,-71.6702768342961,16.4701336081447));
#7405=CARTESIAN_POINT('',(-196.078146305977,-71.3697979029494,16.653284306069));
#7406=CARTESIAN_POINT('',(-196.692758570694,-70.8677345520143,16.9295612727184));
#7407=CARTESIAN_POINT('',(-197.419100167752,-70.40135747609,17.1531703221547));
#7408=CARTESIAN_POINT('',(-198.507771808941,-69.8674374149728,17.3625596351438));
#7409=CARTESIAN_POINT('',(-200.04009869874,-69.4405068014787,17.4231307459414));
#7410=CARTESIAN_POINT('',(-202.016080837147,-69.2805362185436,17.3790072002445));
#7411=CARTESIAN_POINT('',(-203.992062975554,-69.4405068014789,17.4231307459414));
#7412=CARTESIAN_POINT('',(-205.524389865352,-69.8674374149728,17.3625596351438));
#7413=CARTESIAN_POINT('',(-206.613061506541,-70.4013574760902,17.1531703221547));
#7414=CARTESIAN_POINT('',(-207.3394031036,-70.8677345520141,16.9295612727185));
#7415=CARTESIAN_POINT('',(-207.954015368317,-71.3697979029496,16.653284306069));
#7416=CARTESIAN_POINT('',(-208.253085978703,-71.6702768342961,16.4701336081448));
#7417=CARTESIAN_POINT('',(-208.33350419474,-71.7560278056683,16.4173907975809));
#7418=CARTESIAN_POINT('',(-208.33350419474,-71.7560278056683,16.4173907975809));
#7419=CARTESIAN_POINT('',(-208.370044325758,-71.654043770307,16.4013956887417));
#7420=CARTESIAN_POINT('',(-208.502173149538,-71.2927614987816,16.3309688520383));
#7421=CARTESIAN_POINT('',(-208.739929342252,-70.6721685585064,16.1077103542537));
#7422=CARTESIAN_POINT('',(-208.992719039166,-70.0769277414638,15.762009889548));
#7423=CARTESIAN_POINT('',(-209.346861467957,-69.3718156710843,15.1425607526779));
#7424=CARTESIAN_POINT('',(-209.81604136685,-68.7590790963181,14.0799223091583));
#7425=CARTESIAN_POINT('',(-210.272933791134,-68.5856254032672,13.1018592743));
#7426=CARTESIAN_POINT('',(-210.535087092421,-68.5856254032672,12.6257388228313));
#7427=CARTESIAN_POINT('',(-211.059393694994,-68.5856254032672,11.6734979198941));
#7428=CARTESIAN_POINT('',(-212.377663613297,-69.2794401754709,9.87230464170404));
#7429=CARTESIAN_POINT('',(-214.320779135444,-70.4456777532296,7.68577338781504));
#7430=CARTESIAN_POINT('',(-215.46993134186,-70.9181005587845,6.34819450917893));
#7431=CARTESIAN_POINT('',(-216.044507445068,-71.1543119615619,5.67940506986087));
#7432=CARTESIAN_POINT('',(-217.282456874155,-71.5713867754546,4.21966956537889));
#7433=CARTESIAN_POINT('',(-218.24443709135,-72.0797536569175,2.82240210796416));
#7434=CARTESIAN_POINT('',(-218.46438888978,-72.4265894204091,2.26838916181102));
#7435=CARTESIAN_POINT('',(-218.489892723257,-72.4772139250927,2.19361050877591));
#7436=CARTESIAN_POINT('',(-195.698657479554,-102.243972194331,16.4173907975809));
#7437=CARTESIAN_POINT('',(-195.77907569559,-102.329723165703,16.4701336081448));
#7438=CARTESIAN_POINT('',(-196.078146305977,-102.63020209705,16.653284306069));
#7439=CARTESIAN_POINT('',(-196.692758570694,-103.132265447985,16.9295612727184));
#7440=CARTESIAN_POINT('',(-197.419100167752,-103.598642523909,17.1531703221547));
#7441=CARTESIAN_POINT('',(-198.507771808941,-104.132562585027,17.3625596351438));
#7442=CARTESIAN_POINT('',(-200.04009869874,-104.559493198521,17.4231307459414));
#7443=CARTESIAN_POINT('',(-202.016080837147,-104.719463781456,17.3790072002445));
#7444=CARTESIAN_POINT('',(-203.992062975554,-104.559493198521,17.4231307459414));
#7445=CARTESIAN_POINT('',(-205.524389865352,-104.132562585027,17.3625596351438));
#7446=CARTESIAN_POINT('',(-206.613061506541,-103.598642523909,17.1531703221547));
#7447=CARTESIAN_POINT('',(-207.3394031036,-103.132265447985,16.9295612727185));
#7448=CARTESIAN_POINT('',(-207.954015368317,-102.63020209705,16.653284306069));
#7449=CARTESIAN_POINT('',(-208.253085978703,-102.329723165703,16.4701336081448));
#7450=CARTESIAN_POINT('',(-208.33350419474,-102.243972194331,16.4173907975809));
#7451=CARTESIAN_POINT('',(-208.33350419474,-102.243972194331,16.4173907975809));
#7452=CARTESIAN_POINT('',(-208.370044325758,-102.345956229693,16.4013956887417));
#7453=CARTESIAN_POINT('',(-208.502173149538,-102.707238501218,16.3309688520383));
#7454=CARTESIAN_POINT('',(-208.739929342252,-103.327831441493,16.1077103542537));
#7455=CARTESIAN_POINT('',(-208.992719039166,-103.923072258536,15.762009889548));
#7456=CARTESIAN_POINT('',(-209.346861467957,-104.628184328915,15.1425607526779));
#7457=CARTESIAN_POINT('',(-209.81604136685,-105.240920903681,14.0799223091583));
#7458=CARTESIAN_POINT('',(-210.272933791134,-105.414374596732,13.1018592742999));
#7459=CARTESIAN_POINT('',(-210.535087092421,-105.414374596732,12.6257388228313));
#7460=CARTESIAN_POINT('',(-211.059393694994,-105.414374596732,11.6734979198941));
#7461=CARTESIAN_POINT('',(-212.377663613297,-104.720559824529,9.87230464170404));
#7462=CARTESIAN_POINT('',(-214.320779135444,-103.55432224677,7.68577338781504));
#7463=CARTESIAN_POINT('',(-215.46993134186,-103.081899441215,6.34819450917893));
#7464=CARTESIAN_POINT('',(-216.044507445068,-102.845688038438,5.67940506986087));
#7465=CARTESIAN_POINT('',(-217.282456874155,-102.428613224545,4.21966956537889));
#7466=CARTESIAN_POINT('',(-218.24443709135,-101.920246343082,2.82240210796422));
#7467=CARTESIAN_POINT('',(-218.46438888978,-101.57341057959,2.26838916181111));
#7468=CARTESIAN_POINT('',(-218.489892723257,-101.522786074907,2.19361050877603));
#7469=CARTESIAN_POINT('',(-185.542268951037,-72.4772139250927,2.19361050877575));
#7470=CARTESIAN_POINT('',(-185.449194597995,-72.6841802924755,2.12308899289414));
#7471=CARTESIAN_POINT('',(-185.384904575724,-72.9030955323033,2.07509655038999));
#7472=CARTESIAN_POINT('',(-185.31841589994,-73.3556365619688,2.03268638870685));
#7473=CARTESIAN_POINT('',(-185.313955494589,-73.5677770706068,2.03579102681767));
#7474=CARTESIAN_POINT('',(-185.345402316484,-74.0190385995775,2.07929630939131));
#7475=CARTESIAN_POINT('',(-185.382743650794,-74.241184334632,2.12032252790914));
#7476=CARTESIAN_POINT('',(-185.4909687229,-74.7155424997613,2.23211225018639));
#7477=CARTESIAN_POINT('',(-185.564091715333,-74.958527645324,2.30412747426718));
#7478=CARTESIAN_POINT('',(-185.752727998276,-75.5101789059108,2.48433918060309));
#7479=CARTESIAN_POINT('',(-185.872970312854,-75.8120300231603,2.5952915172795));
#7480=CARTESIAN_POINT('',(-186.127912777935,-76.4103102862466,2.82596380326834));
#7481=CARTESIAN_POINT('',(-186.262352648166,-76.7051590630913,2.94555066809216));
#7482=CARTESIAN_POINT('',(-186.643027775379,-77.5151160658511,3.28198229154149));
#7483=CARTESIAN_POINT('',(-186.895294504857,-78.0245931178551,3.50362271465463));
#7484=CARTESIAN_POINT('',(-187.302026573438,-78.850311580595,3.87188158756806));
#7485=CARTESIAN_POINT('',(-187.457638950097,-79.1670505529964,4.01547892686837));
#7486=CARTESIAN_POINT('',(-187.767335655354,-79.8126764889998,4.30809186267415));
#7487=CARTESIAN_POINT('',(-187.921199264406,-80.1414923393058,4.45705070906483));
#7488=CARTESIAN_POINT('',(-188.220123569006,-80.8095087098018,4.75412790819844));
#7489=CARTESIAN_POINT('',(-188.364873569539,-81.1483275354437,4.90199608199254));
#7490=CARTESIAN_POINT('',(-188.639097681748,-81.8351350999651,5.19086151726045));
#7491=CARTESIAN_POINT('',(-188.768218904209,-82.1821265796648,5.3313930120243));
#7492=CARTESIAN_POINT('',(-188.889948866758,-82.5420709005957,5.46963814397474));
#7493=CARTESIAN_POINT('',(-188.892260617202,-82.5489195186769,5.47226608954628));
#7494=CARTESIAN_POINT('',(-188.894568590113,-82.5557700146451,5.47489228140514));
#7495=CARTESIAN_POINT('',(-185.542268951037,-101.522786074907,2.19361050877592));
#7496=CARTESIAN_POINT('',(-185.567772784513,-101.57341057959,2.268389161811));
#7497=CARTESIAN_POINT('',(-185.787724582943,-101.920246343082,2.82240210796411));
#7498=CARTESIAN_POINT('',(-186.749704800138,-102.428613224545,4.21966956537883));
#7499=CARTESIAN_POINT('',(-187.987654229226,-102.845688038437,5.6794050698608));
#7500=CARTESIAN_POINT('',(-188.562230332434,-103.081899441215,6.34819450917887));
#7501=CARTESIAN_POINT('',(-189.71138253885,-103.55432224677,7.685773387815));
#7502=CARTESIAN_POINT('',(-191.654498060996,-104.720559824529,9.87230464170401));
#7503=CARTESIAN_POINT('',(-192.9727679793,-105.414374596732,11.6734979198941));
#7504=CARTESIAN_POINT('',(-193.497074581873,-105.414374596732,12.6257388228313));
#7505=CARTESIAN_POINT('',(-193.75922788316,-105.414374596732,13.1018592742999));
#7506=CARTESIAN_POINT('',(-194.216120307444,-105.240920903681,14.0799223091582));
#7507=CARTESIAN_POINT('',(-194.685300206336,-104.628184328915,15.1425607526779));
#7508=CARTESIAN_POINT('',(-195.039442635128,-103.923072258536,15.762009889548));
#7509=CARTESIAN_POINT('',(-195.292232332042,-103.327831441493,16.1077103542537));
#7510=CARTESIAN_POINT('',(-195.529988524756,-102.707238501218,16.3309688520383));
#7511=CARTESIAN_POINT('',(-195.662117348536,-102.345956229693,16.4013956887417));
#7512=CARTESIAN_POINT('',(-195.698657479554,-102.243972194331,16.4173907975809));
#7513=CARTESIAN_POINT('',(-218.489892723257,-72.4772139250927,2.19361050877591));
#7514=CARTESIAN_POINT('',(-218.421255716683,-72.3245880337749,2.24561603688758));
#7515=CARTESIAN_POINT('',(-218.340349085972,-72.1848385400642,2.30477041162498));
#7516=CARTESIAN_POINT('',(-218.177847212009,-71.9499178564902,2.42011497745687));
#7517=CARTESIAN_POINT('',(-218.103010177291,-71.8552640296739,2.47384470169109));
#7518=CARTESIAN_POINT('',(-217.845088446615,-71.5596050491049,2.66296392022138));
#7519=CARTESIAN_POINT('',(-217.646200186452,-71.3775093899171,2.81326280439679));
#7520=CARTESIAN_POINT('',(-217.200252716453,-71.0139976821642,3.15786434592768));
#7521=CARTESIAN_POINT('',(-216.948192794255,-70.837794655873,3.35765086195305));
#7522=CARTESIAN_POINT('',(-216.405956605147,-70.4856860972154,3.79776382760863));
#7523=CARTESIAN_POINT('',(-216.117376137421,-70.3147579604947,4.03796856974142));
#7524=CARTESIAN_POINT('',(-215.589062109102,-70.0131588156135,4.49338494505309));
#7525=CARTESIAN_POINT('',(-215.349568199541,-69.8810327317115,4.70578534204787));
#7526=CARTESIAN_POINT('',(-214.870089378634,-69.6184062644886,5.14817199960083));
#7527=CARTESIAN_POINT('',(-214.630819484318,-69.4884081460768,5.37787429597943));
#7528=CARTESIAN_POINT('',(-214.173367238729,-69.2357734419272,5.8466297063744));
#7529=CARTESIAN_POINT('',(-213.955940741242,-69.113740898372,6.08397628090571));
#7530=CARTESIAN_POINT('',(-213.699352736083,-68.9637871728162,6.39631639197926));
#7531=CARTESIAN_POINT('',(-213.648871026837,-68.9339291570454,6.45876481817139));
#7532=CARTESIAN_POINT('',(-213.546559776426,-68.8725149852346,6.58361592176896));
#7533=CARTESIAN_POINT('',(-213.494969606392,-68.8411152576223,6.64627030644759));
#7534=CARTESIAN_POINT('',(-213.338947879127,-68.7448737103568,6.83487273451444));
#7535=CARTESIAN_POINT('',(-213.234458709125,-68.6786876865087,6.95999273739567));
#7536=CARTESIAN_POINT('',(-212.623380028232,-68.2819412145959,7.68518567473312));
#7537=CARTESIAN_POINT('',(-212.11853132168,-67.9149399742746,8.25917979338747));
#7538=CARTESIAN_POINT('',(-211.123811504952,-67.1420240431796,9.34406596682411));
#7539=CARTESIAN_POINT('',(-210.619250839036,-66.7259116832568,9.87336873324594));
#7540=CARTESIAN_POINT('',(-209.603271636506,-65.8850824929125,10.8605578840066));
#7541=CARTESIAN_POINT('',(-209.048504741654,-65.4241656593013,11.3579485701665));
#7542=CARTESIAN_POINT('',(-208.168731754818,-64.756105076322,12.0001247761018));
#7543=CARTESIAN_POINT('',(-207.85557031768,-64.529107384024,12.2037523016739));
#7544=CARTESIAN_POINT('',(-207.357426565662,-64.1972642091637,12.4782801815184));
#7545=CARTESIAN_POINT('',(-207.188400017003,-64.0892634744446,12.5637683414835));
#7546=CARTESIAN_POINT('',(-206.842773517345,-63.8797426424508,12.7218344331142));
#7547=CARTESIAN_POINT('',(-206.667452663581,-63.7788417981992,12.7940632932113));
#7548=CARTESIAN_POINT('',(-206.13518080601,-63.4914062128582,12.9898903622082));
#7549=CARTESIAN_POINT('',(-205.772197367777,-63.3189060810432,13.094207912686));
#7550=CARTESIAN_POINT('',(-205.205879547439,-63.0935322727855,13.217918868376));
#7551=CARTESIAN_POINT('',(-205.020021341959,-63.0260512973277,13.2527483149592));
#7552=CARTESIAN_POINT('',(-204.73804852073,-62.9339217811944,13.2978968131491));
#7553=CARTESIAN_POINT('',(-204.644785220971,-62.9050735819469,13.3116132920999));
#7554=CARTESIAN_POINT('',(-204.504316936199,-62.8640979982026,13.3305701742801));
#7555=CARTESIAN_POINT('',(-204.457641856479,-62.8508860908346,13.3365906266478));
#7556=CARTESIAN_POINT('',(-204.388229354247,-62.8318406845867,13.345149068412));
#7557=CARTESIAN_POINT('',(-204.293372922371,-62.8066518499222,13.3567893605928));
#7558=CARTESIAN_POINT('',(-204.264680213557,-62.7992416701832,13.3593141916523));
#7559=CARTESIAN_POINT('',(-204.258831872421,-62.7977627462819,13.3603820921452));
#7560=CARTESIAN_POINT('',(-204.247050133136,-62.7947542960785,13.3615997568999));
#7561=CARTESIAN_POINT('',(-204.241166731601,-62.7932559649066,13.3621517120055));
#7562=CARTESIAN_POINT('',(-204.223523478405,-62.7887949686938,13.3640887398078));
#7563=CARTESIAN_POINT('',(-204.211750229139,-62.7858435404016,13.3653664442861));
#7564=CARTESIAN_POINT('',(-204.176457363294,-62.7770720717704,13.3691524560442));
#7565=CARTESIAN_POINT('',(-204.152917241209,-62.7713226422129,13.3716189947305));
#7566=CARTESIAN_POINT('',(-204.082394630323,-62.754401192987,13.378835474791));
#7567=CARTESIAN_POINT('',(-204.035339513412,-62.7435118959443,13.3834215856411));
#7568=CARTESIAN_POINT('',(-203.894498745086,-62.7121203685663,13.3964868355243));
#7569=CARTESIAN_POINT('',(-203.800494782366,-62.6927502889578,13.4043379435244));
#7570=CARTESIAN_POINT('',(-203.519188765562,-62.6395092204898,13.4254154685583));
#7571=CARTESIAN_POINT('',(-203.331541964081,-62.6101666291422,13.4363176667132));
#7572=CARTESIAN_POINT('',(-202.767792263083,-62.5403148413748,13.461168227822));
#7573=CARTESIAN_POINT('',(-202.39387973161,-62.5177451432464,13.4673758068592));
#7574=CARTESIAN_POINT('',(-201.638377886976,-62.5177451432464,13.4673758068592));
#7575=CARTESIAN_POINT('',(-201.26455831107,-62.540303485988,13.4611713375608));
#7576=CARTESIAN_POINT('',(-200.700950315954,-62.6101195908113,13.4363348699625));
#7577=CARTESIAN_POINT('',(-200.51335054448,-62.6394471146018,13.4254389717406));
#7578=CARTESIAN_POINT('',(-200.232115015121,-62.6926607585351,13.4043739333642));
#7579=CARTESIAN_POINT('',(-200.138134776601,-62.7120207935977,13.3965275276803));
#7580=CARTESIAN_POINT('',(-199.997329451708,-62.7433960331332,13.3834701834121));
#7581=CARTESIAN_POINT('',(-199.950286229538,-62.7542796598714,13.3788868664586));
#7582=CARTESIAN_POINT('',(-199.879781414514,-62.7711922955523,13.3716747999998));
#7583=CARTESIAN_POINT('',(-199.856247252376,-62.7769387236997,13.3692097755529));
#7584=CARTESIAN_POINT('',(-199.820963312925,-62.7857056129278,13.3654260924181));
#7585=CARTESIAN_POINT('',(-199.809193046801,-62.7886554984907,13.3641491753264));
#7586=CARTESIAN_POINT('',(-199.791553817818,-62.7931142750301,13.3622132935923));
#7587=CARTESIAN_POINT('',(-199.785672238403,-62.7946113036612,13.3616520975217));
#7588=CARTESIAN_POINT('',(-199.773890173453,-62.7976194906739,13.3604451231485));
#7589=CARTESIAN_POINT('',(-199.768045178577,-62.7990960009979,13.3593522224136));
#7590=CARTESIAN_POINT('',(-199.740110695245,-62.8063107369844,13.3569462824766));
#7591=CARTESIAN_POINT('',(-199.64377077093,-62.8318866395919,13.3451280826949));
#7592=CARTESIAN_POINT('',(-199.575128525567,-62.8507156505473,13.3366679212057));
#7593=CARTESIAN_POINT('',(-199.528464898861,-62.8639207674009,13.3306513325191));
#7594=CARTESIAN_POINT('',(-199.388031830141,-62.9048750640654,13.3117068033574));
#7595=CARTESIAN_POINT('',(-199.29479185274,-62.9337082541247,13.2979993134853));
#7596=CARTESIAN_POINT('',(-199.012889603453,-63.0257897886718,13.2528808120359));
#7597=CARTESIAN_POINT('',(-198.82707626719,-63.0932360515292,13.218074719361));
#7598=CARTESIAN_POINT('',(-198.260895886144,-63.3184941058255,13.0944480969963));
#7599=CARTESIAN_POINT('',(-197.897991216718,-63.4909094147267,12.9902016515124));
#7600=CARTESIAN_POINT('',(-197.3657488194,-63.7782553783497,12.7944766824175));
#7601=CARTESIAN_POINT('',(-197.190387466969,-63.8791570607111,12.7222617597867));
#7602=CARTESIAN_POINT('',(-196.844677181834,-64.0886880872408,12.564217001774));
#7603=CARTESIAN_POINT('',(-196.675608794444,-64.1966977617396,12.4787356740564));
#7604=CARTESIAN_POINT('',(-196.177335865409,-64.528580203822,12.2042147386823));
#7605=CARTESIAN_POINT('',(-195.864097573246,-64.7556127030855,12.0005789343391));
#7606=CARTESIAN_POINT('',(-194.984109937309,-65.42379385095,11.3583424013217));
#7607=CARTESIAN_POINT('',(-194.429228417875,-65.8848023939981,10.8608735135367));
#7608=CARTESIAN_POINT('',(-193.65575846208,-66.524929866312,10.1093412908476));
#7609=CARTESIAN_POINT('',(-193.402292989758,-66.7345921120459,9.85272313301286));
#7610=CARTESIAN_POINT('',(-192.901136709989,-67.1422564955185,9.33118053789849));
#7611=CARTESIAN_POINT('',(-192.653894583635,-67.339982927982,9.0667173720087));
#7612=CARTESIAN_POINT('',(-192.157408633895,-67.7252453585138,8.52463918394272));
#7613=CARTESIAN_POINT('',(-191.908716129509,-67.9122292008328,8.24738248534052));
#7614=CARTESIAN_POINT('',(-191.406888770927,-68.2735383834115,7.6766092454082));
#7615=CARTESIAN_POINT('',(-191.154535782877,-68.447020855564,7.38360480904598));
#7616=CARTESIAN_POINT('',(-190.796277968251,-68.6796173973812,6.95839599071805));
#7617=CARTESIAN_POINT('',(-190.690422645793,-68.746644686719,6.83159826400031));
#7618=CARTESIAN_POINT('',(-190.531417324844,-68.8446546630125,6.63930391470638));
#7619=CARTESIAN_POINT('',(-190.478210301143,-68.877000427658,6.57464815505289));
#7620=CARTESIAN_POINT('',(-190.398332964363,-68.9248696182335,6.47710633031172));
#7621=CARTESIAN_POINT('',(-190.371592987012,-68.9407840337626,6.44448191620096));
#7622=CARTESIAN_POINT('',(-190.31934868964,-68.9716425715262,6.38047631051997));
#7623=CARTESIAN_POINT('',(-190.294006748358,-68.9864810777885,6.3489161105046));
#7624=CARTESIAN_POINT('',(-190.061993550243,-69.1217843890997,6.06708294160301));
#7625=CARTESIAN_POINT('',(-189.843362189234,-69.2443860282833,5.83012086075023));
#7626=CARTESIAN_POINT('',(-189.168146426619,-69.6170110849935,5.14049977459853));
#7627=CARTESIAN_POINT('',(-188.667952017523,-69.8844717354391,4.68683678342709));
#7628=CARTESIAN_POINT('',(-187.903495199699,-70.3214049507469,4.02847404505303));
#7629=CARTESIAN_POINT('',(-187.616415570078,-70.4917194289155,3.7897009932122));
#7630=CARTESIAN_POINT('',(-187.076976881947,-70.8426326200097,3.35208337883033));
#7631=CARTESIAN_POINT('',(-186.826195462335,-71.0182882385611,3.15338960627955));
#7632=CARTESIAN_POINT('',(-186.382474236447,-71.3806578600584,2.81061784394553));
#7633=CARTESIAN_POINT('',(-186.184588347389,-71.5621769049842,2.66111519867781));
#7634=CARTESIAN_POINT('',(-185.927767478385,-71.8569742229324,2.47284181927919));
#7635=CARTESIAN_POINT('',(-185.853144183124,-71.9514869872994,2.41929344573331));
#7636=CARTESIAN_POINT('',(-185.691246041664,-72.1858205755907,2.30435613291377));
#7637=CARTESIAN_POINT('',(-185.610662717472,-72.3251289190021,2.24543173642798));
#7638=CARTESIAN_POINT('',(-185.542268951037,-72.4772139250927,2.19361050877575));
#7639=CARTESIAN_POINT('',(-218.489892723257,-101.522786074907,2.19361050877603));
#7640=CARTESIAN_POINT('',(-218.582967071228,-101.315819716479,2.12308899604057));
#7641=CARTESIAN_POINT('',(-218.647257097153,-101.096904459347,2.07509655010809));
#7642=CARTESIAN_POINT('',(-218.713745768033,-100.644363440689,2.03268639007918));
#7643=CARTESIAN_POINT('',(-218.718206171603,-100.4322229328,2.03579102857648));
#7644=CARTESIAN_POINT('',(-218.686759345707,-99.9809614055139,2.07929631201916));
#7645=CARTESIAN_POINT('',(-218.649418009312,-99.7588156713368,2.12032253098982));
#7646=CARTESIAN_POINT('',(-218.541192932608,-99.2844575081408,2.23211225426565));
#7647=CARTESIAN_POINT('',(-218.468069937729,-99.0414723636059,2.30412747887731));
#7648=CARTESIAN_POINT('',(-218.279433649125,-98.4898211053978,2.48433918644184));
#7649=CARTESIAN_POINT('',(-218.159191331368,-98.1879699894848,2.59529152380843));
#7650=CARTESIAN_POINT('',(-217.904248859911,-97.5896897290795,2.82596381118164));
#7651=CARTESIAN_POINT('',(-217.769808986497,-97.2948409535736,2.94555067669652));
#7652=CARTESIAN_POINT('',(-217.389133850486,-96.4848839545141,3.28198230205532));
#7653=CARTESIAN_POINT('',(-217.136867115411,-95.9754069048643,3.50362272638383));
#7654=CARTESIAN_POINT('',(-216.730135037735,-95.1496884459384,3.87188160127392));
#7655=CARTESIAN_POINT('',(-216.57452265758,-94.8329494749964,4.0154789413363));
#7656=CARTESIAN_POINT('',(-216.264825945217,-94.1873235419589,4.30809187869121));
#7657=CARTESIAN_POINT('',(-216.110962332558,-93.8585076931586,4.45705072586846));
#7658=CARTESIAN_POINT('',(-215.812038020684,-93.1904913257038,4.75412792658626));
#7659=CARTESIAN_POINT('',(-215.667288016437,-92.851672501391,4.90199610066842));
#7660=CARTESIAN_POINT('',(-215.393063897003,-92.1648649403696,5.19086153862491));
#7661=CARTESIAN_POINT('',(-215.26394267083,-91.8178734620083,5.33139303359112));
#7662=CARTESIAN_POINT('',(-215.142205311647,-91.4579072825604,5.46964656223994));
#7663=CARTESIAN_POINT('',(-215.139886192292,-91.451036792484,5.47228289276566));
#7664=CARTESIAN_POINT('',(-215.137570874685,-91.4441644124672,5.47491745822858));
#7665=CARTESIAN_POINT('',(-185.542268951037,-101.522786074907,2.19361050877592));
#7666=CARTESIAN_POINT('',(-185.610905944115,-101.675411936216,2.24561602666254));
#7667=CARTESIAN_POINT('',(-185.691812556884,-101.815161405463,2.30477038863726));
#7668=CARTESIAN_POINT('',(-185.85431439733,-102.050082056473,2.42011493186329));
#7669=CARTESIAN_POINT('',(-185.929151420184,-102.144735875468,2.4738446460093));
#7670=CARTESIAN_POINT('',(-186.1870730623,-102.440394776788,2.66296379744148));
#7671=CARTESIAN_POINT('',(-186.385961324948,-102.62249046048,2.8132626812662));
#7672=CARTESIAN_POINT('',(-186.831908640651,-102.986002079871,3.15786409746396));
#7673=CARTESIAN_POINT('',(-187.08396849188,-103.162205075803,3.35765055281322));
#7674=CARTESIAN_POINT('',(-187.626204589177,-103.514313609356,3.7977634314013));
#7675=CARTESIAN_POINT('',(-187.914785037321,-103.68524174631,4.03796814940772));
#7676=CARTESIAN_POINT('',(-188.443098996322,-103.986840866356,4.49338444605018));
#7677=CARTESIAN_POINT('',(-188.682592855571,-104.118966927173,4.70578478748043));
#7678=CARTESIAN_POINT('',(-189.162071591808,-104.381593352013,5.14817133299729));
#7679=CARTESIAN_POINT('',(-189.401341451754,-104.511591450853,5.37787357453316));
#7680=CARTESIAN_POINT('',(-189.858793666137,-104.76422612867,5.84662888404599));
#7681=CARTESIAN_POINT('',(-190.076220169899,-104.886258668457,6.08397541193049));
#7682=CARTESIAN_POINT('',(-190.332808168295,-105.036212374052,6.39631543989409));
#7683=CARTESIAN_POINT('',(-190.383289850429,-105.066070369039,6.4587638423991));
#7684=CARTESIAN_POINT('',(-190.485601064125,-105.12748450971,6.58361490755015));
#7685=CARTESIAN_POINT('',(-190.537191221884,-105.158884225207,6.64626928053544));
#7686=CARTESIAN_POINT('',(-190.69321291326,-105.25512573615,6.8348716749724));
#7687=CARTESIAN_POINT('',(-190.79770205972,-105.321311735413,6.95999165623021));
#7688=CARTESIAN_POINT('',(-191.408780572197,-105.718058040799,7.6851844324365));
#7689=CARTESIAN_POINT('',(-191.913629137262,-106.08505912534,8.25917842389045));
#7690=CARTESIAN_POINT('',(-192.908348677287,-106.857974755602,9.34406438139996));
#7691=CARTESIAN_POINT('',(-193.412909134778,-107.274086909838,9.8733669797698));
#7692=CARTESIAN_POINT('',(-194.428887925607,-108.114915758603,10.8605559360559));
#7693=CARTESIAN_POINT('',(-194.983654574044,-108.57583242172,11.3579465579233));
#7694=CARTESIAN_POINT('',(-195.863427003636,-109.243892776645,12.0001228001826));
#7695=CARTESIAN_POINT('',(-196.176588251707,-109.470890422931,12.2037503823029));
#7696=CARTESIAN_POINT('',(-196.674731688685,-109.802733574542,12.4782784002314));
#7697=CARTESIAN_POINT('',(-196.843758139383,-109.910734315857,12.5637666192966));
#7698=CARTESIAN_POINT('',(-197.189384448436,-110.120255185425,12.7218328487786));
#7699=CARTESIAN_POINT('',(-197.364705213641,-110.221156061574,12.7940617851054));
#7700=CARTESIAN_POINT('',(-197.896977237717,-110.508592001722,12.9898892433621));
#7701=CARTESIAN_POINT('',(-198.259960959109,-110.681092438428,13.0942070494503));
#7702=CARTESIAN_POINT('',(-198.826279273489,-110.906466662738,13.2179183083163));
#7703=CARTESIAN_POINT('',(-199.012137640239,-110.973947762955,13.2527478388547));
#7704=CARTESIAN_POINT('',(-199.2941107151,-111.066077451528,13.2978964448689));
#7705=CARTESIAN_POINT('',(-199.38737409866,-111.09492570471,13.3116129561367));
#7706=CARTESIAN_POINT('',(-199.527842509972,-111.135901364951,13.3305698826918));
#7707=CARTESIAN_POINT('',(-199.574517630844,-111.149113296721,13.3365903489284));
#7708=CARTESIAN_POINT('',(-199.643933148801,-111.168159548781,13.3451491745289));
#7709=CARTESIAN_POINT('',(-199.738783752682,-111.193346860156,13.3567887659821));
#7710=CARTESIAN_POINT('',(-199.767479435357,-111.200757806434,13.3593140535724));
#7711=CARTESIAN_POINT('',(-199.773327788494,-111.202236739023,13.3603818638195));
#7712=CARTESIAN_POINT('',(-199.785109526583,-111.205245190081,13.3615995688295));
#7713=CARTESIAN_POINT('',(-199.790992934706,-111.206743525946,13.3621514907084));
#7714=CARTESIAN_POINT('',(-199.808636202412,-111.211204530147,13.3640885226349));
#7715=CARTESIAN_POINT('',(-199.820409462396,-111.214155963983,13.3653662299427));
#7716=CARTESIAN_POINT('',(-199.855702360312,-111.22292744907,13.3691522500688));
#7717=CARTESIAN_POINT('',(-199.87924250381,-111.228676889412,13.3716187941965));
#7718=CARTESIAN_POINT('',(-199.949765178633,-111.245598370308,13.3788352901176));
#7719=CARTESIAN_POINT('',(-199.99682033828,-111.256487687726,13.3834214110064));
#7720=CARTESIAN_POINT('',(-200.137661233948,-111.287879273632,13.3964866892973));
#7721=CARTESIAN_POINT('',(-200.231665281904,-111.307249389333,13.4043378141963));
#7722=CARTESIAN_POINT('',(-200.512971551957,-111.360490556346,13.4254153841022));
#7723=CARTESIAN_POINT('',(-200.700618522407,-111.389833201835,13.4363176049003));
#7724=CARTESIAN_POINT('',(-201.264368732529,-111.459685117823,13.4611682166288));
#7725=CARTESIAN_POINT('',(-201.638281597972,-111.482254856753,13.4673758068615));
#7726=CARTESIAN_POINT('',(-202.393783211983,-111.482254856753,13.4673758068615));
#7727=CARTESIAN_POINT('',(-202.767602230473,-111.459696582096,13.4611713562075));
#7728=CARTESIAN_POINT('',(-203.331209375842,-111.389880691219,13.4363349731064));
#7729=CARTESIAN_POINT('',(-203.518808865297,-111.36055325777,13.4254391126566));
#7730=CARTESIAN_POINT('',(-203.800043971973,-111.307339778267,13.4043741491465));
#7731=CARTESIAN_POINT('',(-203.894024068229,-111.287979803429,13.3965277716577));
#7732=CARTESIAN_POINT('',(-204.034829180584,-111.256604661551,13.3834704747832));
#7733=CARTESIAN_POINT('',(-204.081872331427,-111.245721068811,13.3788871745776));
#7734=CARTESIAN_POINT('',(-204.152377039737,-111.228808485973,13.3716751345794));
#7735=CARTESIAN_POINT('',(-204.175911166137,-111.223062075822,13.3692101192102));
#7736=CARTESIAN_POINT('',(-204.211195052061,-111.21429521405,13.3654264500363));
#7737=CARTESIAN_POINT('',(-204.222965300296,-111.211345337737,13.3641495376652));
#7738=CARTESIAN_POINT('',(-204.240604505231,-111.206886574485,13.3622136627931));
#7739=CARTESIAN_POINT('',(-204.246486073791,-111.205389553641,13.3616524114013));
#7740=CARTESIAN_POINT('',(-204.258268140645,-111.202381368359,13.3604454980435));
#7741=CARTESIAN_POINT('',(-204.26411311542,-111.200904872484,13.3593524480803));
#7742=CARTESIAN_POINT('',(-204.292043450736,-111.193691205738,13.3569471744591));
#7743=CARTESIAN_POINT('',(-204.388391475582,-111.168113193808,13.3451280058583));
#7744=CARTESIAN_POINT('',(-204.457029498559,-111.149285371374,13.3366683846168));
#7745=CARTESIAN_POINT('',(-204.503693056587,-111.136080295234,13.3306518190934));
#7746=CARTESIAN_POINT('',(-204.644125914134,-111.095126126201,13.3117073639897));
#7747=CARTESIAN_POINT('',(-204.737365751683,-111.066293026132,13.2979999280095));
#7748=CARTESIAN_POINT('',(-205.019267577774,-110.974211779272,13.2528816063961));
#7749=CARTESIAN_POINT('',(-205.205080644964,-110.906765724547,13.218075653733));
#7750=CARTESIAN_POINT('',(-205.771260201815,-110.681508364298,13.0944495369642));
#7751=CARTESIAN_POINT('',(-206.134164398859,-110.509093564001,12.9902035177734));
#7752=CARTESIAN_POINT('',(-206.666406370968,-110.221748271983,12.7944792522298));
#7753=CARTESIAN_POINT('',(-206.841767732411,-110.120846727981,12.7222645205228));
#7754=CARTESIAN_POINT('',(-207.187478066565,-109.911315945096,12.5642201417026));
#7755=CARTESIAN_POINT('',(-207.356546489878,-109.803306375991,12.4787389968556));
#7756=CARTESIAN_POINT('',(-207.854819581574,-109.471424182333,12.2042185676047));
#7757=CARTESIAN_POINT('',(-208.168057977257,-109.2443917989,12.0005830679142));
#7758=CARTESIAN_POINT('',(-209.04804602219,-108.576210770196,11.3583472121078));
#7759=CARTESIAN_POINT('',(-209.602927549924,-108.115202329991,10.8608787448922));
#7760=CARTESIAN_POINT('',(-210.619110786967,-107.274204170991,9.87351787346894));
#7761=CARTESIAN_POINT('',(-211.123779871956,-106.857998656914,9.34410234707223));
#7762=CARTESIAN_POINT('',(-212.118691820296,-106.084937289262,8.25900277183872));
#7763=CARTESIAN_POINT('',(-212.623637764515,-105.717873298609,7.68489210342866));
#7764=CARTESIAN_POINT('',(-213.234805519918,-105.321090900141,6.95957861819453));
#7765=CARTESIAN_POINT('',(-213.339285672567,-105.254914293399,6.83446689822755));
#7766=CARTESIAN_POINT('',(-213.495293652725,-105.15868665871,6.64587735217389));
#7767=CARTESIAN_POINT('',(-213.546879120975,-105.127291571282,6.58322744664629));
#7768=CARTESIAN_POINT('',(-213.649176311783,-105.065889324564,6.45839106545204));
#7769=CARTESIAN_POINT('',(-213.699647648292,-105.03603926173,6.39595171775891));
#7770=CARTESIAN_POINT('',(-213.956233064147,-104.886093179216,6.08364344011567));
#7771=CARTESIAN_POINT('',(-214.173661959801,-104.764062081532,5.84631473240875));
#7772=CARTESIAN_POINT('',(-214.631102247604,-104.51143746537,5.37759796419734));
#7773=CARTESIAN_POINT('',(-214.870358975696,-104.381446843929,5.14791667410557));
#7774=CARTESIAN_POINT('',(-215.349805363733,-104.118836611069,4.70557292938346));
#7775=CARTESIAN_POINT('',(-215.589280001749,-103.986719369354,4.49319381501163));
#7776=CARTESIAN_POINT('',(-216.117567478284,-103.685129736898,4.03780757220553));
#7777=CARTESIAN_POINT('',(-216.406140445103,-103.514201510803,3.79761207147406));
#7778=CARTESIAN_POINT('',(-216.94834146806,-103.162102568077,3.35753245477834));
#7779=CARTESIAN_POINT('',(-217.200374207625,-102.98591116989,3.15776917896745));
#7780=CARTESIAN_POINT('',(-217.646274339939,-102.622423720207,2.81320655388874));
#7781=CARTESIAN_POINT('',(-217.845141280856,-102.440340309548,2.66292460797363));
#7782=CARTESIAN_POINT('',(-218.103039599377,-102.144699638016,2.47382337970839));
#7783=CARTESIAN_POINT('',(-218.177872090248,-102.050048807298,2.42009751470052));
#7784=CARTESIAN_POINT('',(-218.340361127649,-101.815140595533,2.30476160679577));
#7785=CARTESIAN_POINT('',(-218.42126088567,-101.675400472117,2.24561212040187));
#7786=CARTESIAN_POINT('',(-218.489892723257,-101.522786074907,2.19361050877603));
#7787=CARTESIAN_POINT('',(-188.891828634096,-91.4523555183114,5.47176343105044));
#7788=CARTESIAN_POINT('',(-189.002991257347,-91.1225374444621,5.598316923567));
#7789=CARTESIAN_POINT('',(-189.104721779884,-90.7881224053942,5.72072442781182));
#7790=CARTESIAN_POINT('',(-189.297351407324,-90.070701102105,5.96083606277063));
#7791=CARTESIAN_POINT('',(-189.385925381712,-89.6860579710169,6.07667054132221));
#7792=CARTESIAN_POINT('',(-189.477251096148,-89.1964305772162,6.19936669004655));
#7793=CARTESIAN_POINT('',(-189.49451293934,-89.098212460467,6.22275975791359));
#7794=CARTESIAN_POINT('',(-189.527129737776,-88.8999958120069,6.26728192178852));
#7795=CARTESIAN_POINT('',(-189.542321325144,-88.8009985224057,6.2881888701153));
#7796=CARTESIAN_POINT('',(-189.584820942088,-88.5015196944669,6.34707180781289));
#7797=CARTESIAN_POINT('',(-189.608751170504,-88.3006193943613,6.38079440891308));
#7798=CARTESIAN_POINT('',(-189.646985448069,-87.8952081109371,6.43523586621659));
#7799=CARTESIAN_POINT('',(-189.661192432868,-87.6916566328598,6.45581542334482));
#7800=CARTESIAN_POINT('',(-189.678890367238,-87.282189061576,6.4816437828303));
#7801=CARTESIAN_POINT('',(-189.682315753578,-87.0769746264114,6.48677840688762));
#7802=CARTESIAN_POINT('',(-189.677510207108,-86.6661172070051,6.47965373744317));
#7803=CARTESIAN_POINT('',(-189.669463393816,-86.4615167942584,6.46780146473251));
#7804=CARTESIAN_POINT('',(-189.649555878459,-86.1552151055544,6.43903738986059));
#7805=CARTESIAN_POINT('',(-189.641688825697,-86.054146415792,6.42772884683921));
#7806=CARTESIAN_POINT('',(-189.623341506232,-85.8507617948069,6.40154861592108));
#7807=CARTESIAN_POINT('',(-189.613007582902,-85.7500905703264,6.38688601801595));
#7808=CARTESIAN_POINT('',(-189.578322174208,-85.4474438778241,6.33804090293447));
#7809=CARTESIAN_POINT('',(-189.550752275044,-85.2486254302414,6.29965201079164));
#7810=CARTESIAN_POINT('',(-189.486924710442,-84.8517603470959,6.21230507461939));
#7811=CARTESIAN_POINT('',(-189.450976772792,-84.6558263393015,6.16377309893252));
#7812=CARTESIAN_POINT('',(-189.371544698827,-84.2670176230044,6.05853277307042));
#7813=CARTESIAN_POINT('',(-189.328215138468,-84.0748993087361,6.00202476069953));
#7814=CARTESIAN_POINT('',(-189.257857951935,-83.7881899289127,5.91218305854905));
#7815=CARTESIAN_POINT('',(-189.233705080642,-83.6936629573852,5.88163907590503));
#7816=CARTESIAN_POINT('',(-189.183536077068,-83.5045044158087,5.81887164744941));
#7817=CARTESIAN_POINT('',(-189.15767150325,-83.4105255600814,5.78687638805356));
#7818=CARTESIAN_POINT('',(-189.05795609051,-83.0600750756619,5.66471580361303));
#7819=CARTESIAN_POINT('',(-188.97890548411,-82.8065904594228,5.5711278581061));
#7820=CARTESIAN_POINT('',(-188.894568590113,-82.5557700146451,5.47489228140514));
#7821=CARTESIAN_POINT('',(-215.14028258061,-82.5477937908186,5.47182080339572));
#7822=CARTESIAN_POINT('',(-215.029140021913,-82.877563001357,5.59835359471628));
#7823=CARTESIAN_POINT('',(-214.9274260332,-83.2119289694144,5.72074166253164));
#7824=CARTESIAN_POINT('',(-214.734810301758,-83.9292988264938,5.96083603225087));
#7825=CARTESIAN_POINT('',(-214.646236269504,-84.3139421506351,6.07667056706526));
#7826=CARTESIAN_POINT('',(-214.554910600257,-84.8035692262233,6.19936665946564));
#7827=CARTESIAN_POINT('',(-214.537648656781,-84.9017882636178,6.22275986818794));
#7828=CARTESIAN_POINT('',(-214.505032212757,-85.1000016198084,6.2672815314116));
#7829=CARTESIAN_POINT('',(-214.489839485235,-85.1990095116876,6.28819009115755));
#7830=CARTESIAN_POINT('',(-214.447345688968,-85.4984342081734,6.34706480191905));
#7831=CARTESIAN_POINT('',(-214.423399624106,-85.6994826477553,6.38080979291722));
#7832=CARTESIAN_POINT('',(-214.385181478871,-86.1047318337617,6.43522835593955));
#7833=CARTESIAN_POINT('',(-214.370959771829,-86.3084601985618,6.45582907954695));
#7834=CARTESIAN_POINT('',(-214.353270107942,-86.7179544394132,6.48164562469107));
#7835=CARTESIAN_POINT('',(-214.349847214922,-86.9228941661004,6.48677647363302));
#7836=CARTESIAN_POINT('',(-214.354651093128,-87.3339207105932,6.47965429619136));
#7837=CARTESIAN_POINT('',(-214.36269841049,-87.5384700403727,6.46780127055665));
#7838=CARTESIAN_POINT('',(-214.382605772849,-87.8447871878025,6.43903742411546));
#7839=CARTESIAN_POINT('',(-214.390472857031,-87.9458528549726,6.42772883451376));
#7840=CARTESIAN_POINT('',(-214.408820161796,-88.149238396906,6.40154862432285));
#7841=CARTESIAN_POINT('',(-214.419154105151,-88.2499094206482,6.38688600045539));
#7842=CARTESIAN_POINT('',(-214.453839424326,-88.5525558501126,6.33804099893444));
#7843=CARTESIAN_POINT('',(-214.481409616779,-88.7513754190488,6.29965173529736));
#7844=CARTESIAN_POINT('',(-214.545236211378,-89.1482366879002,6.21230602754558));
#7845=CARTESIAN_POINT('',(-214.581187250751,-89.3441829243898,6.16377012387985));
#7846=CARTESIAN_POINT('',(-214.660608774034,-89.7329500341352,6.05854315923036));
#7847=CARTESIAN_POINT('',(-214.703972160062,-89.9252017426547,6.00199231058996));
#7848=CARTESIAN_POINT('',(-214.774243030959,-90.2115707291355,5.91225991713403));
#7849=CARTESIAN_POINT('',(-214.798511973962,-90.3065530700114,5.88156914852211));
#7850=CARTESIAN_POINT('',(-214.848610708056,-90.4954379690437,5.81889039423819));
#7851=CARTESIAN_POINT('',(-214.874490810992,-90.5894750206969,5.78687580077564));
#7852=CARTESIAN_POINT('',(-214.97412386588,-90.9396533457452,5.66481413326749));
#7853=CARTESIAN_POINT('',(-215.053196385433,-91.1932247616492,5.57119718887275));
#7854=CARTESIAN_POINT('',(-215.137570874685,-91.4441644124672,5.47491745822858));
#7855=CARTESIAN_POINT('',(-188.891828634096,-91.4523555183114,5.47176343105044));
#7856=CARTESIAN_POINT('',(-188.890431654915,-91.4564957596413,5.47017506338301));
#7857=CARTESIAN_POINT('',(-188.889033297793,-91.4606353166623,5.46858606089112));
#7858=CARTESIAN_POINT('',(-188.768220154116,-91.8178685733405,5.33138260790976));
#7859=CARTESIAN_POINT('',(-188.639100155833,-92.1648569859517,5.19085284890825));
#7860=CARTESIAN_POINT('',(-188.36487875102,-92.8516585547031,4.90199100331019));
#7861=CARTESIAN_POINT('',(-188.220130224637,-93.1904744728122,4.75412466726796));
#7862=CARTESIAN_POINT('',(-187.921208931963,-93.8584852401332,4.45705105635536));
#7863=CARTESIAN_POINT('',(-187.767346853254,-94.1872983980647,4.30809395671385));
#7864=CARTESIAN_POINT('',(-187.457653045354,-94.8329192302763,4.01548423198627));
#7865=CARTESIAN_POINT('',(-187.302042031851,-95.1496557936603,3.87188836871015));
#7866=CARTESIAN_POINT('',(-186.895321971674,-95.9753501688101,3.50364095279004));
#7867=CARTESIAN_POINT('',(-186.643065986394,-96.4848054917102,3.28201016991254));
#7868=CARTESIAN_POINT('',(-186.262409639664,-97.2947168494238,2.94559652400332));
#7869=CARTESIAN_POINT('',(-186.127978689974,-97.5895425238043,2.82601841232176));
#7870=CARTESIAN_POINT('',(-185.873043249428,-98.1877903033974,2.59535473627475));
#7871=CARTESIAN_POINT('',(-185.75279964063,-98.489633230939,2.4844029464106));
#7872=CARTESIAN_POINT('',(-185.564146938087,-99.0412937467599,2.30417889495195));
#7873=CARTESIAN_POINT('',(-185.491011638273,-99.284298674889,2.23215310881912));
#7874=CARTESIAN_POINT('',(-185.382765542651,-99.7586941837408,2.12034454965422));
#7875=CARTESIAN_POINT('',(-185.345415242332,-99.9808569284862,2.07930998559624));
#7876=CARTESIAN_POINT('',(-185.313955306043,-100.432151264923,2.03579235162428));
#7877=CARTESIAN_POINT('',(-185.318411074005,-100.644305492574,2.03268336416673));
#7878=CARTESIAN_POINT('',(-185.384896811434,-101.096877619008,2.07509043735226));
#7879=CARTESIAN_POINT('',(-185.449188823698,-101.31580679044,2.12308446866283));
#7880=CARTESIAN_POINT('',(-185.542268951037,-101.522786074907,2.19361050877592));
#7881=CARTESIAN_POINT('',(-188.894568590113,-82.5557700146451,5.47489228140514));
#7882=CARTESIAN_POINT('',(-189.126820622017,-83.2451349978423,5.73916610976615));
#7883=CARTESIAN_POINT('',(-189.320819747694,-83.9535162360876,5.98568107263369));
#7884=CARTESIAN_POINT('',(-189.598195871022,-85.4377558115057,6.35892832185805));
#7885=CARTESIAN_POINT('',(-189.680652947423,-86.2152156120937,6.48429846182406));
#7886=CARTESIAN_POINT('',(-189.680653122502,-87.7847808730803,6.48429648976215));
#7887=CARTESIAN_POINT('',(-189.598196130014,-88.562241087076,6.35892425940332));
#7888=CARTESIAN_POINT('',(-189.320275894609,-90.0493932534569,5.98494068251053));
#7889=CARTESIAN_POINT('',(-189.125295126974,-90.7604306914347,5.73721732133873));
#7890=CARTESIAN_POINT('',(-188.891828634096,-91.4523555183114,5.47176343105044));
#7891=CARTESIAN_POINT('',(-215.14028258061,-82.5477937908186,5.47182080339572));
#7892=CARTESIAN_POINT('',(-215.141696324877,-82.5436037466802,5.47021335111642));
#7893=CARTESIAN_POINT('',(-215.143111480471,-82.5394144034431,5.46860524854008));
#7894=CARTESIAN_POINT('',(-215.263941458163,-82.1821313788064,5.33138267775112));
#7895=CARTESIAN_POINT('',(-215.393061458736,-81.8351429679615,5.19085291617075));
#7896=CARTESIAN_POINT('',(-215.667282868133,-81.1483414027459,4.90199106541117));
#7897=CARTESIAN_POINT('',(-215.812031396802,-80.8095254864015,4.75412472679375));
#7898=CARTESIAN_POINT('',(-216.110952694018,-80.1415147225848,4.45705111076651));
#7899=CARTESIAN_POINT('',(-216.26481477498,-79.8127015663895,4.30809400859214));
#7900=CARTESIAN_POINT('',(-216.574508587315,-79.1670807376004,4.01548427887018));
#7901=CARTESIAN_POINT('',(-216.730119603,-78.8503441759019,3.87188841313311));
#7902=CARTESIAN_POINT('',(-217.136839668858,-78.0246498051356,3.50364099081393));
#7903=CARTESIAN_POINT('',(-217.389095657635,-77.5151944849349,3.28201020399641));
#7904=CARTESIAN_POINT('',(-217.769752009863,-76.7052831314627,2.94559655189618));
#7905=CARTESIAN_POINT('',(-217.904182961543,-76.4104574586167,2.82601843797472));
#7906=CARTESIAN_POINT('',(-218.159118406072,-75.8122096820989,2.59535475744064));
#7907=CARTESIAN_POINT('',(-218.279362016857,-75.5103667560907,2.48440296533979));
#7908=CARTESIAN_POINT('',(-218.468014722937,-74.9587062430007,2.30417890989767));
#7909=CARTESIAN_POINT('',(-218.541150024279,-74.7157013160518,2.23215312204376));
#7910=CARTESIAN_POINT('',(-218.649396122775,-74.241305809418,2.12034455964224));
#7911=CARTESIAN_POINT('',(-218.686746424397,-74.0191430656782,2.07930999411656));
#7912=CARTESIAN_POINT('',(-218.718206363187,-73.5678487311707,2.03579235732732));
#7913=CARTESIAN_POINT('',(-218.713750596338,-73.3556945043777,2.03268336861658));
#7914=CARTESIAN_POINT('',(-218.6472648611,-72.9031223796333,2.07509043933546));
#7915=CARTESIAN_POINT('',(-218.582972849791,-72.6841932089383,2.12308446956933));
#7916=CARTESIAN_POINT('',(-218.489892723257,-72.4772139250927,2.19361050877591));
#7917=CARTESIAN_POINT('',(-215.137570874685,-91.4441644124672,5.47491745822858));
#7918=CARTESIAN_POINT('',(-214.905328641919,-90.7548200874526,5.73918177870706));
#7919=CARTESIAN_POINT('',(-214.711337436658,-90.0464602860188,5.98568701412668));
#7920=CARTESIAN_POINT('',(-214.433965712725,-88.56224420174,6.3589283603361));
#7921=CARTESIAN_POINT('',(-214.35150863971,-87.7847843930749,6.48429850463383));
#7922=CARTESIAN_POINT('',(-214.351508471464,-86.2152191147306,6.48429654132567));
#7923=CARTESIAN_POINT('',(-214.433965467152,-85.4377588946711,6.35892431556703));
#7924=CARTESIAN_POINT('',(-214.711875707684,-83.9506602300703,5.98495420526702));
#7925=CARTESIAN_POINT('',(-214.906838421329,-83.2396715891841,5.73725303807515));
#7926=CARTESIAN_POINT('',(-215.14028258061,-82.5477937908186,5.47182080339572));
#7927=CARTESIAN_POINT('',(-180.98214392114,-70.4265409352101,0.999998715869168));
#7928=CARTESIAN_POINT('',(-180.84537638661,-70.7304850219627,0.999998715869168));
#7929=CARTESIAN_POINT('',(-180.728220631908,-71.0462032287926,0.999998715869168));
#7930=CARTESIAN_POINT('',(-180.633493507486,-71.3657533762548,0.999998715869168));
#7931=CARTESIAN_POINT('',(-180.540899720819,-71.6781069747026,0.999998715869168));
#7932=CARTESIAN_POINT('',(-180.468522939396,-71.9982469059432,0.999998715869168));
#7933=CARTESIAN_POINT('',(-180.417282597592,-72.3199705577858,0.999998715869168));
#7934=CARTESIAN_POINT('',(-180.368458283592,-72.6265246525882,0.999998715869168));
#7935=CARTESIAN_POINT('',(-180.338455022677,-72.9369172020881,0.999998715869168));
#7936=CARTESIAN_POINT('',(-180.326659692131,-73.2470907564511,0.999998715869168));
#7937=CARTESIAN_POINT('',(-180.315642366229,-73.5368056670625,0.999998715869168));
#7938=CARTESIAN_POINT('',(-180.320513120481,-73.8263713156784,0.999998715869168));
#7939=CARTESIAN_POINT('',(-180.340028084246,-74.115616271622,0.999998715869168));
#7940=CARTESIAN_POINT('',(-180.340910413423,-74.1286938907765,0.999998715869168));
#7941=CARTESIAN_POINT('',(-180.341822425603,-74.1417696201693,0.999998715869168));
#7942=CARTESIAN_POINT('',(-180.342764854454,-74.1548429939417,0.999998715869168));
#7943=CARTESIAN_POINT('',(-180.343690895551,-74.1676890367812,0.999998715869168));
#7944=CARTESIAN_POINT('',(-180.344646522785,-74.1805330515213,0.999998715869168));
#7945=CARTESIAN_POINT('',(-180.345630007097,-74.1933747753276,0.999998715869168));
#7946=CARTESIAN_POINT('',(-180.346595976335,-74.2059877982419,0.999998715869168));
#7947=CARTESIAN_POINT('',(-180.34758887598,-74.2185988646897,0.999998715869168));
#7948=CARTESIAN_POINT('',(-180.348611911409,-74.231207339443,0.999998715869168));
#7949=CARTESIAN_POINT('',(-180.349624132963,-74.243682537809,0.999998715869168));
#7950=CARTESIAN_POINT('',(-180.350665845564,-74.2561554447157,0.999998715869168));
#7951=CARTESIAN_POINT('',(-180.351733804675,-74.2686259472277,0.999998715869168));
#7952=CARTESIAN_POINT('',(-180.37427631206,-74.5318536233697,0.999998715869168));
#7953=CARTESIAN_POINT('',(-180.408096192594,-74.7896460220668,0.999998715869168));
#7954=CARTESIAN_POINT('',(-180.453185696255,-75.0499460435478,0.999998715869168));
#7955=CARTESIAN_POINT('',(-180.492986364488,-75.2797138155338,0.999998715869168));
#7956=CARTESIAN_POINT('',(-180.540554861719,-75.5057817336992,0.999998715869168));
#7957=CARTESIAN_POINT('',(-180.595794402908,-75.732322963815,0.999998715869168));
#7958=CARTESIAN_POINT('',(-180.644618977197,-75.932555965057,0.999998715869168));
#7959=CARTESIAN_POINT('',(-180.69835528447,-76.1288130167422,0.999998715869168));
#7960=CARTESIAN_POINT('',(-180.757585613007,-76.3262112092734,0.999998715869168));
#7961=CARTESIAN_POINT('',(-180.810165961859,-76.5014468711749,0.999998715869168));
#7962=CARTESIAN_POINT('',(-180.865286942685,-76.6716893506864,0.999998715869168));
#7963=CARTESIAN_POINT('',(-180.924853424782,-76.8446711156007,0.999998715869168));
#7964=CARTESIAN_POINT('',(-180.989691263739,-77.032960962862,0.999998715869168));
#7965=CARTESIAN_POINT('',(-181.056878201735,-77.2160863613531,0.999998715869168));
#7966=CARTESIAN_POINT('',(-181.128548119456,-77.4018786505042,0.999998715869168));
#7967=CARTESIAN_POINT('',(-181.195329426936,-77.5749980342521,0.999998715869168));
#7968=CARTESIAN_POINT('',(-181.264526556795,-77.7466283825079,0.999998715869168));
#7969=CARTESIAN_POINT('',(-181.336028844756,-77.9178493786133,0.999998715869168));
#7970=CARTESIAN_POINT('',(-181.40282347648,-78.077797314606,0.999998715869168));
#7971=CARTESIAN_POINT('',(-181.471217969981,-78.2364092031335,0.999998715869168));
#7972=CARTESIAN_POINT('',(-181.541295548818,-78.3949446755407,0.999998715869168));
#7973=CARTESIAN_POINT('',(-181.60596807642,-78.5412523803061,0.999998715869168));
#7974=CARTESIAN_POINT('',(-181.671899462199,-78.6870198287534,0.999998715869168));
#7975=CARTESIAN_POINT('',(-181.738783400489,-78.8323219125277,0.999998715869168));
#7976=CARTESIAN_POINT('',(-181.80859423524,-78.983982535673,0.999998715869168));
#7977=CARTESIAN_POINT('',(-181.879438028284,-79.1351778356943,0.999998715869168));
#7978=CARTESIAN_POINT('',(-181.951022547561,-79.2860043334417,0.999998715869168));
#7979=CARTESIAN_POINT('',(-182.021102501188,-79.4336607551772,0.999998715869168));
#7980=CARTESIAN_POINT('',(-182.091885789908,-79.5809879435633,0.999998715869168));
#7981=CARTESIAN_POINT('',(-182.163136961133,-79.7280804826426,0.999998715869168));
#7982=CARTESIAN_POINT('',(-182.231991456734,-79.87022527003,0.999998715869168));
#7983=CARTESIAN_POINT('',(-182.301289790863,-80.0121566740454,0.999998715869168));
#7984=CARTESIAN_POINT('',(-182.370826782455,-80.153967994898,0.999998715869168));
#7985=CARTESIAN_POINT('',(-182.43680159024,-80.2885147220509,0.999998715869168));
#7986=CARTESIAN_POINT('',(-182.502995072799,-80.4229544268997,0.999998715869168));
#7987=CARTESIAN_POINT('',(-182.569211501234,-80.5573822764406,0.999998715869168));
#7988=CARTESIAN_POINT('',(-182.574132059767,-80.5673716418862,0.999998715869168));
#7989=CARTESIAN_POINT('',(-182.579052715767,-80.5773609593282,0.999998715869168));
#7990=CARTESIAN_POINT('',(-182.583973628915,-80.5873501500873,0.999998715869168));
#7991=CARTESIAN_POINT('',(-182.588977745694,-80.5975082397724,0.999998715869168));
#7992=CARTESIAN_POINT('',(-182.593982121184,-80.6076662020128,0.999998715869168));
#7993=CARTESIAN_POINT('',(-182.598986452604,-80.6178241859557,0.999998715869168));
#7994=CARTESIAN_POINT('',(-182.603987239039,-80.6279749741493,0.999998715869168));
#7995=CARTESIAN_POINT('',(-182.608987982691,-80.6381257834255,0.999998715869168));
#7996=CARTESIAN_POINT('',(-182.613989155511,-80.6482763812514,0.999998715869168));
#7997=CARTESIAN_POINT('',(-182.618983578043,-80.6584132784005,0.999998715869168));
#7998=CARTESIAN_POINT('',(-182.623978428697,-80.6685499646146,0.999998715869168));
#7999=CARTESIAN_POINT('',(-182.628972881541,-80.6786868468287,0.999998715869168));
#8000=CARTESIAN_POINT('',(-182.778662423791,-80.9825009593951,0.999998715869168));
#8001=CARTESIAN_POINT('',(-182.928092054224,-81.2864576315806,0.999998715869168));
#8002=CARTESIAN_POINT('',(-183.074911436228,-81.5916646260357,0.999998715869168));
#8003=CARTESIAN_POINT('',(-183.208804339694,-81.8700001570019,0.999998715869168));
#8004=CARTESIAN_POINT('',(-183.342522507424,-82.1537154782741,0.999998715869168));
#8005=CARTESIAN_POINT('',(-183.469705125893,-82.4351916060864,0.999998715869168));
#8006=CARTESIAN_POINT('',(-183.58828646694,-82.6976316872128,0.999998715869168));
#8007=CARTESIAN_POINT('',(-183.703054308181,-82.9622173431021,0.999998715869168));
#8008=CARTESIAN_POINT('',(-183.811605160684,-83.2289777620881,0.999998715869168));
#8009=CARTESIAN_POINT('',(-183.915096597355,-83.4833048205232,0.999998715869168));
#8010=CARTESIAN_POINT('',(-184.012557904254,-83.7386541864098,0.999998715869168));
#8011=CARTESIAN_POINT('',(-184.103261549167,-83.9978321518699,0.999998715869168));
#8012=CARTESIAN_POINT('',(-184.106356148353,-84.0066747063431,0.999998715869168));
#8013=CARTESIAN_POINT('',(-184.109442482531,-84.0155201682842,0.999998715869168));
#8014=CARTESIAN_POINT('',(-184.112520050257,-84.024368658,0.999998715869168));
#8015=CARTESIAN_POINT('',(-184.11553258944,-84.0330301804597,0.999998715869168));
#8016=CARTESIAN_POINT('',(-184.11853633307,-84.0416947784543,0.999998715869168));
#8017=CARTESIAN_POINT('',(-184.121531200226,-84.0503624195605,0.999998715869168));
#8018=CARTESIAN_POINT('',(-184.12456092194,-84.0591309355254,0.999998715869168));
#8019=CARTESIAN_POINT('',(-184.127582248173,-84.0679023666403,0.999998715869168));
#8020=CARTESIAN_POINT('',(-184.13059536009,-84.0766765975272,0.999998715869168));
#8021=CARTESIAN_POINT('',(-184.133454081007,-84.0850012393153,0.999998715869168));
#8022=CARTESIAN_POINT('',(-184.136304833248,-84.0933286334143,0.999998715869168));
#8023=CARTESIAN_POINT('',(-184.139146538473,-84.1016590918648,0.999998715869168));
#8024=CARTESIAN_POINT('',(-184.223006575565,-84.3474947783538,0.999998715869168));
#8025=CARTESIAN_POINT('',(-184.299386781494,-84.5964233722582,0.999998715869168));
#8026=CARTESIAN_POINT('',(-184.366747416993,-84.8472953992,0.999998715869168));
#8027=CARTESIAN_POINT('',(-184.433004627085,-85.0940579255971,0.999998715869168));
#8028=CARTESIAN_POINT('',(-184.491488048053,-85.3462600930943,0.999998715869168));
#8029=CARTESIAN_POINT('',(-184.539038951517,-85.5973197311148,0.999998715869168));
#8030=CARTESIAN_POINT('',(-184.584422086755,-85.8369339692244,0.999998715869168));
#8031=CARTESIAN_POINT('',(-184.620819697761,-86.0806819665008,0.999998715869168));
#8032=CARTESIAN_POINT('',(-184.645263609874,-86.3233597572287,0.999998715869168));
#8033=CARTESIAN_POINT('',(-184.656859583782,-86.4384839368747,0.999998715869168));
#8034=CARTESIAN_POINT('',(-184.665853081002,-86.5542511420067,0.999998715869168));
#8035=CARTESIAN_POINT('',(-184.671867556102,-86.6698039329694,0.999998715869168));
#8036=CARTESIAN_POINT('',(-184.674767262927,-86.7255143999687,0.999998715869168));
#8037=CARTESIAN_POINT('',(-184.676989749175,-86.7814703435768,0.999998715869168));
#8038=CARTESIAN_POINT('',(-184.678473324039,-86.8372366816,0.999998715869168));
#8039=CARTESIAN_POINT('',(-184.679920748595,-86.8916441597989,0.999998715869168));
#8040=CARTESIAN_POINT('',(-184.680656955002,-86.9455730994407,0.999998715869168));
#8041=CARTESIAN_POINT('',(-184.680656954933,-86.9999999962731,0.999998715869168));
#8042=CARTESIAN_POINT('',(-184.680656954865,-87.0544268935123,0.999998715869168));
#8043=CARTESIAN_POINT('',(-184.679920748311,-87.1083558344703,0.999998715869168));
#8044=CARTESIAN_POINT('',(-184.678473323778,-87.1627633130761,0.999998715869168));
#8045=CARTESIAN_POINT('',(-184.676989748901,-87.2185296529315,0.999998715869168));
#8046=CARTESIAN_POINT('',(-184.674767262797,-87.2744855968294,0.999998715869168));
#8047=CARTESIAN_POINT('',(-184.671867555761,-87.3301960656538,0.999998715869168));
#8048=CARTESIAN_POINT('',(-184.665853080335,-87.4457488582411,0.999998715869168));
#8049=CARTESIAN_POINT('',(-184.656859581073,-87.5615160775305,0.999998715869168));
#8050=CARTESIAN_POINT('',(-184.645263607579,-87.6766402588487,0.999998715869168));
#8051=CARTESIAN_POINT('',(-184.620819695586,-87.9193180605885,0.999998715869168));
#8052=CARTESIAN_POINT('',(-184.584422096402,-88.1630659972593,0.999998715869168));
#8053=CARTESIAN_POINT('',(-184.539038955922,-88.402680245624,0.999998715869168));
#8054=CARTESIAN_POINT('',(-184.491488052412,-88.6537398656337,0.999998715869168));
#8055=CARTESIAN_POINT('',(-184.433004607669,-88.9059421314018,0.999998715869168));
#8056=CARTESIAN_POINT('',(-184.366747406003,-89.1527046417182,0.999998715869168));
#8057=CARTESIAN_POINT('',(-184.299386726623,-89.4035768476435,0.999998715869168));
#8058=CARTESIAN_POINT('',(-184.223006565501,-89.6525052410984,0.999998715869168));
#8059=CARTESIAN_POINT('',(-184.139146471612,-89.8983411024285,0.999998715869168));
#8060=CARTESIAN_POINT('',(-184.136304757212,-89.906671588062,0.999998715869168));
#8061=CARTESIAN_POINT('',(-184.133453997627,-89.9149990038488,0.999998715869168));
#8062=CARTESIAN_POINT('',(-184.130595271791,-89.9233236596097,0.999998715869168));
#8063=CARTESIAN_POINT('',(-184.12758214749,-89.9320979261931,0.999998715869168));
#8064=CARTESIAN_POINT('',(-184.12456081075,-89.9408693869236,0.999998715869168));
#8065=CARTESIAN_POINT('',(-184.121531080489,-89.9496379268685,0.999998715869168));
#8066=CARTESIAN_POINT('',(-184.118536220022,-89.9583055478695,0.999998715869168));
#8067=CARTESIAN_POINT('',(-184.115532485415,-89.9669701190096,0.999998715869168));
#8068=CARTESIAN_POINT('',(-184.112519957811,-89.9756316078008,0.999998715869168));
#8069=CARTESIAN_POINT('',(-184.109442395161,-89.9844800825344,0.999998715869168));
#8070=CARTESIAN_POINT('',(-184.106356068214,-89.993325523898,0.999998715869168));
#8071=CARTESIAN_POINT('',(-184.103261478588,-90.0021680512148,0.999998715869168));
#8072=CARTESIAN_POINT('',(-184.012557904779,-90.2613458182977,0.999998715869168));
#8073=CARTESIAN_POINT('',(-183.91509650227,-90.5166954060578,0.999998715869168));
#8074=CARTESIAN_POINT('',(-183.811605147579,-90.7710222701189,0.999998715869168));
#8075=CARTESIAN_POINT('',(-183.703054290165,-91.0377827086086,0.999998715869168));
#8076=CARTESIAN_POINT('',(-183.588286483369,-91.3023682804642,0.999998715869168));
#8077=CARTESIAN_POINT('',(-183.46970513262,-91.5648083790247,0.999998715869168));
#8078=CARTESIAN_POINT('',(-183.342522515983,-91.8462844984497,0.999998715869168));
#8079=CARTESIAN_POINT('',(-183.208804333455,-92.1299998545951,0.999998715869168));
#8080=CARTESIAN_POINT('',(-183.074911434157,-92.4083353782689,0.999998715869168));
#8081=CARTESIAN_POINT('',(-182.928091418962,-92.713543690505,0.999998715869168));
#8082=CARTESIAN_POINT('',(-182.77865816903,-93.0175076754531,0.999998715869168));
#8083=CARTESIAN_POINT('',(-182.628972877372,-93.3213131615762,0.999998715869168));
#8084=CARTESIAN_POINT('',(-182.623978424109,-93.3314500446627,0.999998715869168));
#8085=CARTESIAN_POINT('',(-182.618983573038,-93.3415867317483,0.999998715869168));
#8086=CARTESIAN_POINT('',(-182.613989150082,-93.3517236297671,0.999998715869168));
#8087=CARTESIAN_POINT('',(-182.608987976871,-93.3618742283982,0.999998715869168));
#8088=CARTESIAN_POINT('',(-182.603987232817,-93.3720250384827,0.999998715869168));
#8089=CARTESIAN_POINT('',(-182.598986445989,-93.3821758274735,0.999998715869168));
#8090=CARTESIAN_POINT('',(-182.593982115084,-93.3923338103675,0.999998715869168));
#8091=CARTESIAN_POINT('',(-182.588977740113,-93.4024917715553,0.999998715869168));
#8092=CARTESIAN_POINT('',(-182.583973623851,-93.4126498601902,0.999998715869168));
#8093=CARTESIAN_POINT('',(-182.57905271123,-93.4226390498811,0.999998715869168));
#8094=CARTESIAN_POINT('',(-182.574132055756,-93.4326283662549,0.999998715869168));
#8095=CARTESIAN_POINT('',(-182.569211497752,-93.442617730627,0.999998715869168));
#8096=CARTESIAN_POINT('',(-182.502995001125,-93.5770457186061,0.999998715869168));
#8097=CARTESIAN_POINT('',(-182.436801577394,-93.711485304153,0.999998715869168));
#8098=CARTESIAN_POINT('',(-182.370826782492,-93.8460320050258,0.999998715869168));
#8099=CARTESIAN_POINT('',(-182.301289409207,-93.9878441042788,0.999998715869168));
#8100=CARTESIAN_POINT('',(-182.231991236262,-94.1297751850943,0.999998715869168));
#8101=CARTESIAN_POINT('',(-182.163136961099,-94.2719195174268,0.999998715869168));
#8102=CARTESIAN_POINT('',(-182.091884799119,-94.4190141018657,0.999998715869168));
#8103=CARTESIAN_POINT('',(-182.021101814522,-94.566340691674,0.999998715869168));
#8104=CARTESIAN_POINT('',(-181.951022547582,-94.7139956665128,0.999998715869168));
#8105=CARTESIAN_POINT('',(-181.879435914751,-94.8648266173898,0.999998715869168));
#8106=CARTESIAN_POINT('',(-181.808592673992,-95.0160208558273,0.999998715869168));
#8107=CARTESIAN_POINT('',(-181.738783400478,-95.1676780875171,0.999998715869168));
#8108=CARTESIAN_POINT('',(-181.671896221309,-95.3129872121872,0.999998715869168));
#8109=CARTESIAN_POINT('',(-181.605965577175,-95.458753274514,0.999998715869168));
#8110=CARTESIAN_POINT('',(-181.541295548814,-95.6050553244684,0.999998715869168));
#8111=CARTESIAN_POINT('',(-181.471217968178,-95.7635908000607,0.999998715869168));
#8112=CARTESIAN_POINT('',(-181.402823476851,-95.9222026815271,0.999998715869168));
#8113=CARTESIAN_POINT('',(-181.33602884478,-96.082150621329,0.999998715869168));
#8114=CARTESIAN_POINT('',(-181.264526561748,-96.2533716088171,0.999998715869168));
#8115=CARTESIAN_POINT('',(-181.195329426956,-96.4250019766152,0.999998715869168));
#8116=CARTESIAN_POINT('',(-181.128548119369,-96.5981213497212,0.999998715869168));
#8117=CARTESIAN_POINT('',(-181.056878183351,-96.7839136745847,0.999998715869168));
#8118=CARTESIAN_POINT('',(-180.989691262152,-96.967039003071,0.999998715869168));
#8119=CARTESIAN_POINT('',(-180.924853424256,-97.1553288930888,0.999998715869168));
#8120=CARTESIAN_POINT('',(-180.865286991676,-97.3283105563155,0.999998715869168));
#8121=CARTESIAN_POINT('',(-180.810165963421,-97.4985532506143,0.999998715869168));
#8122=CARTESIAN_POINT('',(-180.757585612008,-97.673788794056,0.999998715869168));
#8123=CARTESIAN_POINT('',(-180.698355139185,-97.8711873243954,0.999998715869168));
#8124=CARTESIAN_POINT('',(-180.64461896967,-98.0674436436616,0.999998715869168));
#8125=CARTESIAN_POINT('',(-180.595794405677,-98.267677024829,0.999998715869168));
#8126=CARTESIAN_POINT('',(-180.540555235569,-98.4942172107353,0.999998715869168));
#8127=CARTESIAN_POINT('',(-180.492986382647,-98.7202873507074,0.999998715869168));
#8128=CARTESIAN_POINT('',(-180.45318568946,-98.9500539956944,0.999998715869168));
#8129=CARTESIAN_POINT('',(-180.408094177474,-99.2103641711456,0.999998715869168));
#8130=CARTESIAN_POINT('',(-180.374275943471,-99.4681499235876,0.999998715869168));
#8131=CARTESIAN_POINT('',(-180.351732753891,-99.731387904264,0.999998715869168));
#8132=CARTESIAN_POINT('',(-180.350665046428,-99.7438555790513,0.999998715869168));
#8133=CARTESIAN_POINT('',(-180.349623555417,-99.7563256009853,0.999998715869168));
#8134=CARTESIAN_POINT('',(-180.348611489401,-99.7687978698207,0.999998715869168));
#8135=CARTESIAN_POINT('',(-180.34758893433,-99.7813994012827,0.999998715869168));
#8136=CARTESIAN_POINT('',(-180.346596521143,-99.7940034844423,0.999998715869168));
#8137=CARTESIAN_POINT('',(-180.345631213476,-99.8066094804381,0.999998715869168));
#8138=CARTESIAN_POINT('',(-180.344645995094,-99.8194754913384,0.999998715869168));
#8139=CARTESIAN_POINT('',(-180.343688774605,-99.8323437502022,0.999998715869168));
#8140=CARTESIAN_POINT('',(-180.342760748131,-99.8452139652186,0.999998715869168));
#8141=CARTESIAN_POINT('',(-180.341818703841,-99.8582785845001,0.999998715869168));
#8142=CARTESIAN_POINT('',(-180.340906687955,-99.8713454810206,0.999998715869168));
#8143=CARTESIAN_POINT('',(-180.340024517217,-99.8844142280204,0.999998715869168));
#8144=CARTESIAN_POINT('',(-180.320509895682,-100.173509797253,0.999998715869168));
#8145=CARTESIAN_POINT('',(-180.315644368156,-100.463615889066,0.999998715869168));
#8146=CARTESIAN_POINT('',(-180.32667000207,-100.753180917256,0.999998715869168));
#8147=CARTESIAN_POINT('',(-180.338468054572,-101.063031891053,0.999998715869168));
#8148=CARTESIAN_POINT('',(-180.368486241395,-101.373118980622,0.999998715869168));
#8149=CARTESIAN_POINT('',(-180.417145099762,-101.679369190829,0.999998715869168));
#8150=CARTESIAN_POINT('',(-180.442531364566,-101.839145831582,0.999998715869168));
#8151=CARTESIAN_POINT('',(-180.472964368724,-101.997716593355,0.999998715869168));
#8152=CARTESIAN_POINT('',(-180.508639508175,-102.155516167055,0.999998715869168));
#8153=CARTESIAN_POINT('',(-180.545062836695,-102.316625157847,0.999998715869168));
#8154=CARTESIAN_POINT('',(-180.587183027928,-102.47796125386,0.999998715869168));
#8155=CARTESIAN_POINT('',(-180.634147988389,-102.636318460349,0.999998715869168));
#8156=CARTESIAN_POINT('',(-180.728834391897,-102.955583593427,0.999998715869168));
#8157=CARTESIAN_POINT('',(-180.844420707655,-103.266822204501,0.999998715869168));
#8158=CARTESIAN_POINT('',(-180.980881460821,-103.570583639444,0.999998715869168));
#8159=CARTESIAN_POINT('',(-181.008011125111,-103.630974232073,0.999998715869168));
#8160=CARTESIAN_POINT('',(-181.036267128864,-103.691739368538,0.999998715869168));
#8161=CARTESIAN_POINT('',(-181.064971563004,-103.751397592035,0.999998715869168));
#8162=CARTESIAN_POINT('',(-181.092963075861,-103.809574106571,0.999998715869168));
#8163=CARTESIAN_POINT('',(-181.121448967384,-103.866839223604,0.999998715869168));
#8164=CARTESIAN_POINT('',(-181.150946786788,-103.924266586781,0.999998715869168));
#8165=CARTESIAN_POINT('',(-181.208105570134,-104.035545260128,0.999998715869168));
#8166=CARTESIAN_POINT('',(-181.268342305776,-104.146028808386,0.999998715869168));
#8167=CARTESIAN_POINT('',(-181.330875115206,-104.254378354007,0.999998715869168));
#8168=CARTESIAN_POINT('',(-181.391164639671,-104.358840997555,0.999998715869168));
#8169=CARTESIAN_POINT('',(-181.453595867045,-104.46133266702,0.999998715869168));
#8170=CARTESIAN_POINT('',(-181.518706333567,-104.562859888774,0.999998715869168));
#8171=CARTESIAN_POINT('',(-181.550183746761,-104.611942847019,0.999998715869168));
#8172=CARTESIAN_POINT('',(-181.582399083517,-104.660974661004,0.999998715869168));
#8173=CARTESIAN_POINT('',(-181.614946752318,-104.709354509144,0.999998715869168));
#8174=CARTESIAN_POINT('',(-181.646543171419,-104.756320390701,0.999998715869168));
#8175=CARTESIAN_POINT('',(-181.678463835842,-104.80268828299,0.999998715869168));
#8176=CARTESIAN_POINT('',(-181.711062661583,-104.848964045317,0.999998715869168));
#8177=CARTESIAN_POINT('',(-181.887377178694,-105.099251854868,0.999998715869168));
#8178=CARTESIAN_POINT('',(-182.078100245032,-105.33914472773,0.999998715869168));
#8179=CARTESIAN_POINT('',(-182.280939937097,-105.568422148536,0.999998715869168));
#8180=CARTESIAN_POINT('',(-182.371556443294,-105.670849432918,0.999998715869168));
#8181=CARTESIAN_POINT('',(-182.463377462354,-105.769791424224,0.999998715869168));
#8182=CARTESIAN_POINT('',(-182.558610993998,-105.867938425922,0.999998715869168));
#8183=CARTESIAN_POINT('',(-182.647661944244,-105.959713703117,0.999998715869168));
#8184=CARTESIAN_POINT('',(-182.738881215016,-106.049956850749,0.999998715869168));
#8185=CARTESIAN_POINT('',(-182.831567304115,-106.138058824883,0.999998715869168));
#8186=CARTESIAN_POINT('',(-182.917936249635,-106.220156091885,0.999998715869168));
#8187=CARTESIAN_POINT('',(-183.005708469168,-106.300517312298,0.999998715869168));
#8188=CARTESIAN_POINT('',(-183.094957434442,-106.379472383044,0.999998715869168));
#8189=CARTESIAN_POINT('',(-183.177301854034,-106.45231927213,0.999998715869168));
#8190=CARTESIAN_POINT('',(-183.259925537378,-106.523106666949,0.999998715869168));
#8191=CARTESIAN_POINT('',(-183.344474649971,-106.593381866127,0.999998715869168));
#8192=CARTESIAN_POINT('',(-183.422889963332,-106.65855879816,0.999998715869168));
#8193=CARTESIAN_POINT('',(-183.502131323892,-106.722607148246,0.999998715869168));
#8194=CARTESIAN_POINT('',(-183.582267412503,-106.785655931065,0.999998715869168));
#8195=CARTESIAN_POINT('',(-183.657102976554,-106.844534412743,0.999998715869168));
#8196=CARTESIAN_POINT('',(-183.731932837027,-106.901924033803,0.999998715869168));
#8197=CARTESIAN_POINT('',(-183.808122087527,-106.959039159149,0.999998715869168));
#8198=CARTESIAN_POINT('',(-183.892371543658,-107.022196602169,0.999998715869168));
#8199=CARTESIAN_POINT('',(-183.976553282152,-107.083723814624,0.999998715869168));
#8200=CARTESIAN_POINT('',(-184.062268286512,-107.144877018503,0.999998715869168));
#8201=CARTESIAN_POINT('',(-184.144170057585,-107.203309678477,0.999998715869168));
#8202=CARTESIAN_POINT('',(-184.226606011975,-107.260784149582,0.999998715869168));
#8203=CARTESIAN_POINT('',(-184.309701717462,-107.317505508669,0.999998715869168));
#8204=CARTESIAN_POINT('',(-184.466418674083,-107.424480938018,0.999998715869168));
#8205=CARTESIAN_POINT('',(-184.624043490061,-107.527799786532,0.999998715869168));
#8206=CARTESIAN_POINT('',(-184.7843210382,-107.629356194521,0.999998715869168));
#8207=CARTESIAN_POINT('',(-184.930582692447,-107.722031733948,0.999998715869168));
#8208=CARTESIAN_POINT('',(-185.077159008793,-107.812046596746,0.999998715869168));
#8209=CARTESIAN_POINT('',(-185.225705156834,-107.901010286024,0.999998715869168));
#8210=CARTESIAN_POINT('',(-185.293890621943,-107.941846286225,0.999998715869168));
#8211=CARTESIAN_POINT('',(-185.362286080516,-107.9823374586,0.999998715869168));
#8212=CARTESIAN_POINT('',(-185.430860561599,-108.022513982613,0.999998715869168));
#8213=CARTESIAN_POINT('',(-185.495527222476,-108.060400986823,0.999998715869168));
#8214=CARTESIAN_POINT('',(-185.560359978191,-108.098008117162,0.999998715869168));
#8215=CARTESIAN_POINT('',(-185.625319142319,-108.135389606874,0.999998715869168));
#8216=CARTESIAN_POINT('',(-185.834520475261,-108.25577689295,0.999998715869168));
#8217=CARTESIAN_POINT('',(-186.045123656593,-108.373782641492,0.999998715869168));
#8218=CARTESIAN_POINT('',(-186.25631882974,-108.490606417689,0.999998715869168));
#8219=CARTESIAN_POINT('',(-186.453757024652,-108.599820445414,0.999998715869168));
#8220=CARTESIAN_POINT('',(-186.65171608746,-108.708095664907,0.999998715869168));
#8221=CARTESIAN_POINT('',(-186.849598245606,-108.81650104709,0.999998715869168));
#8222=CARTESIAN_POINT('',(-186.942008402371,-108.867125916232,0.999998715869168));
#8223=CARTESIAN_POINT('',(-187.034399821754,-108.917785253007,0.999998715869168));
#8224=CARTESIAN_POINT('',(-187.126724455412,-108.968565829326,0.999998715869168));
#8225=CARTESIAN_POINT('',(-187.211480640544,-109.015183592724,0.999998715869168));
#8226=CARTESIAN_POINT('',(-187.296186062314,-109.061894949348,0.999998715869168));
#8227=CARTESIAN_POINT('',(-187.380758684479,-109.108844425351,0.999998715869168));
#8228=CARTESIAN_POINT('',(-187.451873632161,-109.148323034907,0.999998715869168));
#8229=CARTESIAN_POINT('',(-187.522904757884,-109.187957918221,0.999998715869168));
#8230=CARTESIAN_POINT('',(-187.593675746837,-109.22804798013,0.999998715869168));
#8231=CARTESIAN_POINT('',(-187.651817323485,-109.260983783936,0.999998715869168));
#8232=CARTESIAN_POINT('',(-187.709766390228,-109.294273945673,0.999998715869168));
#8233=CARTESIAN_POINT('',(-187.767367335434,-109.32814040934,0.999998715869168));
#8234=CARTESIAN_POINT('',(-187.828406420188,-109.364028326433,0.999998715869168));
#8235=CARTESIAN_POINT('',(-187.888621372814,-109.400256886676,0.999998715869168));
#8236=CARTESIAN_POINT('',(-187.948933720442,-109.437353007177,0.999998715869168));
#8237=CARTESIAN_POINT('',(-188.010923089951,-109.4754806081,0.999998715869168));
#8238=CARTESIAN_POINT('',(-188.072184584978,-109.514014004359,0.999998715869168));
#8239=CARTESIAN_POINT('',(-188.133400408074,-109.553371525697,0.999998715869168));
#8240=CARTESIAN_POINT('',(-188.264570579453,-109.637704832968,0.999998715869168));
#8241=CARTESIAN_POINT('',(-188.39482057655,-109.725367889817,0.999998715869168));
#8242=CARTESIAN_POINT('',(-188.522851366397,-109.814385374393,0.999998715869168));
#8243=CARTESIAN_POINT('',(-188.663630890358,-109.912266822425,0.999998715869168));
#8244=CARTESIAN_POINT('',(-188.804755177321,-110.013890783105,0.999998715869168));
#8245=CARTESIAN_POINT('',(-188.942578347486,-110.115887824408,0.999998715869168));
#8246=CARTESIAN_POINT('',(-189.091645766567,-110.22620625405,0.999998715869168));
#8247=CARTESIAN_POINT('',(-189.23955013858,-110.338957568594,0.999998715869168));
#8248=CARTESIAN_POINT('',(-189.38583504178,-110.452935330436,0.999998715869168));
#8249=CARTESIAN_POINT('',(-189.464363051328,-110.514120364395,0.999998715869168));
#8250=CARTESIAN_POINT('',(-189.542546162897,-110.575754437975,0.999998715869168));
#8251=CARTESIAN_POINT('',(-189.620462878679,-110.637712968726,0.999998715869168));
#8252=CARTESIAN_POINT('',(-189.702511859434,-110.702957431946,0.999998715869168));
#8253=CARTESIAN_POINT('',(-189.784275703159,-110.768564546152,0.999998715869168));
#8254=CARTESIAN_POINT('',(-189.865815372465,-110.834442458316,0.999998715869168));
#8255=CARTESIAN_POINT('',(-189.9507771232,-110.903085154562,0.999998715869168));
#8256=CARTESIAN_POINT('',(-190.035500185759,-110.972025636297,0.999998715869168));
#8257=CARTESIAN_POINT('',(-190.120060814642,-111.041160706651,0.999998715869168));
#8258=CARTESIAN_POINT('',(-190.207058497383,-111.11228826325,0.999998715869168));
#8259=CARTESIAN_POINT('',(-190.293884310889,-111.183627305641,0.999998715869168));
#8260=CARTESIAN_POINT('',(-190.380580851625,-111.255120993665,0.999998715869168));
#8261=CARTESIAN_POINT('',(-190.530294381904,-111.378581195605,0.999998715869168));
#8262=CARTESIAN_POINT('',(-190.679642836422,-111.502484566622,0.999998715869168));
#8263=CARTESIAN_POINT('',(-190.8291004387,-111.626254083203,0.999998715869168));
#8264=CARTESIAN_POINT('',(-190.993030874736,-111.7620089094,0.999998715869168));
#8265=CARTESIAN_POINT('',(-191.157093706255,-111.897607979221,0.999998715869168));
#8266=CARTESIAN_POINT('',(-191.321752118548,-112.032477457817,0.999998715869168));
#8267=CARTESIAN_POINT('',(-191.498738985473,-112.177445006865,0.999998715869168));
#8268=CARTESIAN_POINT('',(-191.676419529964,-112.32158879497,0.999998715869168));
#8269=CARTESIAN_POINT('',(-191.855192067174,-112.464338648436,0.999998715869168));
#8270=CARTESIAN_POINT('',(-192.046704347526,-112.617261185555,0.999998715869168));
#8271=CARTESIAN_POINT('',(-192.235499226703,-112.765425842384,0.999998715869168));
#8272=CARTESIAN_POINT('',(-192.430016197896,-112.914511702059,0.999998715869168));
#8273=CARTESIAN_POINT('',(-192.577136197082,-113.027270560166,0.999998715869168));
#8274=CARTESIAN_POINT('',(-192.723935608187,-113.137795122875,0.999998715869168));
#8275=CARTESIAN_POINT('',(-192.873224903108,-113.247668096849,0.999998715869168));
#8276=CARTESIAN_POINT('',(-193.032260950656,-113.364714423061,0.999998715869168));
#8277=CARTESIAN_POINT('',(-193.192421768179,-113.479765801684,0.999998715869168));
#8278=CARTESIAN_POINT('',(-193.354337112836,-113.592798382796,0.999998715869168));
#8279=CARTESIAN_POINT('',(-193.525839313098,-113.712523516958,0.999998715869168));
#8280=CARTESIAN_POINT('',(-193.698343375558,-113.829306669022,0.999998715869168));
#8281=CARTESIAN_POINT('',(-193.873380908256,-113.943803988195,0.999998715869168));
#8282=CARTESIAN_POINT('',(-194.058193493153,-114.064695463263,0.999998715869168));
#8283=CARTESIAN_POINT('',(-194.244736106677,-114.182320906187,0.999998715869168));
#8284=CARTESIAN_POINT('',(-194.433653240518,-114.296695750794,0.999998715869168));
#8285=CARTESIAN_POINT('',(-194.709559035811,-114.46373556249,0.999998715869168));
#8286=CARTESIAN_POINT('',(-194.990089607077,-114.623573738547,0.999998715869168));
#8287=CARTESIAN_POINT('',(-195.274968378929,-114.774824711593,0.999998715869168));
#8288=CARTESIAN_POINT('',(-195.575211273878,-114.934232973978,0.999998715869168));
#8289=CARTESIAN_POINT('',(-195.88043499131,-115.08418225872,0.999998715869168));
#8290=CARTESIAN_POINT('',(-196.190446260723,-115.223666505834,0.999998715869168));
#8291=CARTESIAN_POINT('',(-196.514374716985,-115.369412552183,0.999998715869168));
#8292=CARTESIAN_POINT('',(-196.84306220545,-115.503521947537,0.999998715869168));
#8293=CARTESIAN_POINT('',(-197.176698837426,-115.625436674226,0.999998715869168));
#8294=CARTESIAN_POINT('',(-197.523457733394,-115.752146429621,0.999998715869168));
#8295=CARTESIAN_POINT('',(-197.875795983712,-115.865770225441,0.999998715869168));
#8296=CARTESIAN_POINT('',(-198.231344833091,-115.96519503277,0.999998715869168));
#8297=CARTESIAN_POINT('',(-198.255138804843,-115.971848720613,0.999998715869168));
#8298=CARTESIAN_POINT('',(-198.278950550804,-115.978439867275,0.999998715869168));
#8299=CARTESIAN_POINT('',(-198.302778895597,-115.984968906932,0.999998715869168));
#8300=CARTESIAN_POINT('',(-198.326560720199,-115.991485199914,0.999998715869168));
#8301=CARTESIAN_POINT('',(-198.350359739267,-115.997939781068,0.999998715869168));
#8302=CARTESIAN_POINT('',(-198.374175251707,-116.004331368008,0.999998715869168));
#8303=CARTESIAN_POINT('',(-198.397936952015,-116.010708512894,0.999998715869168));
#8304=CARTESIAN_POINT('',(-198.421715815844,-116.017022776423,0.999998715869168));
#8305=CARTESIAN_POINT('',(-198.44551068394,-116.023274520462,0.999998715869168));
#8306=CARTESIAN_POINT('',(-198.469423046509,-116.029557134408,0.999998715869168));
#8307=CARTESIAN_POINT('',(-198.493352118625,-116.035777252216,0.999998715869168));
#8308=CARTESIAN_POINT('',(-198.517297187733,-116.041933519197,0.999998715869168));
#8309=CARTESIAN_POINT('',(-198.803669871589,-116.115559813195,0.999998715869168));
#8310=CARTESIAN_POINT('',(-199.0926107469,-116.180098119555,0.999998715869168));
#8311=CARTESIAN_POINT('',(-199.383088941726,-116.235346554262,0.999998715869168));
#8312=CARTESIAN_POINT('',(-199.67292013413,-116.290471930263,0.999998715869168));
#8313=CARTESIAN_POINT('',(-199.964347677672,-116.336361256496,0.999998715869168));
#8314=CARTESIAN_POINT('',(-200.25708893689,-116.373011329948,0.999998715869168));
#8315=CARTESIAN_POINT('',(-200.549084167057,-116.409568003449,0.999998715869168));
#8316=CARTESIAN_POINT('',(-200.842405562646,-116.436934801857,0.999998715869168));
#8317=CARTESIAN_POINT('',(-201.136116950215,-116.45511854049,0.999998715869168));
#8318=CARTESIAN_POINT('',(-201.429160495105,-116.473260932831,0.999998715869168));
#8319=CARTESIAN_POINT('',(-201.722477817371,-116.482254856753,0.999998715869168));
#8320=CARTESIAN_POINT('',(-202.016080837149,-116.482254856753,0.999998715869168));
#8321=CARTESIAN_POINT('',(-202.309683856932,-116.482254856753,0.999998715869168));
#8322=CARTESIAN_POINT('',(-202.603001179183,-116.473260932831,0.999998715869168));
#8323=CARTESIAN_POINT('',(-202.89604472408,-116.455118540489,0.999998715869168));
#8324=CARTESIAN_POINT('',(-203.189756111643,-116.436934801857,0.999998715869168));
#8325=CARTESIAN_POINT('',(-203.483077507241,-116.409568003448,0.999998715869168));
#8326=CARTESIAN_POINT('',(-203.775072737403,-116.373011329948,0.999998715869168));
#8327=CARTESIAN_POINT('',(-204.067813996615,-116.336361256497,0.999998715869168));
#8328=CARTESIAN_POINT('',(-204.359241540167,-116.290471930262,0.999998715869168));
#8329=CARTESIAN_POINT('',(-204.649072732565,-116.235346554263,0.999998715869168));
#8330=CARTESIAN_POINT('',(-204.939550927411,-116.180098119552,0.999998715869168));
#8331=CARTESIAN_POINT('',(-205.228491802701,-116.115559813197,0.999998715869168));
#8332=CARTESIAN_POINT('',(-205.514864486577,-116.041933519193,0.999998715869168));
#8333=CARTESIAN_POINT('',(-205.53880967974,-116.035777220317,0.999998715869168));
#8334=CARTESIAN_POINT('',(-205.562738753616,-116.029557101348,0.999998715869168));
#8335=CARTESIAN_POINT('',(-205.586650990375,-116.023274520456,0.999998715869168));
#8336=CARTESIAN_POINT('',(-205.610445983179,-116.017022743652,0.999998715869168));
#8337=CARTESIAN_POINT('',(-205.634224845733,-116.010708479762,0.999998715869168));
#8338=CARTESIAN_POINT('',(-205.657986422598,-116.004331368005,0.999998715869168));
#8339=CARTESIAN_POINT('',(-205.681802056657,-115.997939748424,0.999998715869168));
#8340=CARTESIAN_POINT('',(-205.705601077322,-115.991485166149,0.999998715869168));
#8341=CARTESIAN_POINT('',(-205.729382778686,-115.984968906935,0.999998715869168));
#8342=CARTESIAN_POINT('',(-205.753211246421,-115.978439833591,0.999998715869168));
#8343=CARTESIAN_POINT('',(-205.777022990976,-115.971848686631,0.999998715869168));
#8344=CARTESIAN_POINT('',(-205.800816841192,-115.965195032773,0.999998715869168));
#8345=CARTESIAN_POINT('',(-206.156365690585,-115.86577022544,0.999998715869168));
#8346=CARTESIAN_POINT('',(-206.508703940884,-115.752146429626,0.999998715869168));
#8347=CARTESIAN_POINT('',(-206.855462836865,-115.625436674226,0.999998715869168));
#8348=CARTESIAN_POINT('',(-207.189099468838,-115.503521947539,0.999998715869168));
#8349=CARTESIAN_POINT('',(-207.517786957312,-115.369412552181,0.999998715869168));
#8350=CARTESIAN_POINT('',(-207.841715413571,-115.223666505834,0.999998715869168));
#8351=CARTESIAN_POINT('',(-208.151726682974,-115.084182258725,0.999998715869168));
#8352=CARTESIAN_POINT('',(-208.456950400425,-114.934232973973,0.999998715869168));
#8353=CARTESIAN_POINT('',(-208.757193295365,-114.774824711593,0.999998715869168));
#8354=CARTESIAN_POINT('',(-209.042072067206,-114.623573738553,0.999998715869168));
#8355=CARTESIAN_POINT('',(-209.322602638494,-114.463735562482,0.999998715869168));
#8356=CARTESIAN_POINT('',(-209.598508433777,-114.296695750793,0.999998715869168));
#8357=CARTESIAN_POINT('',(-209.787425567608,-114.182320906192,0.999998715869168));
#8358=CARTESIAN_POINT('',(-209.97396818115,-114.064695463256,0.999998715869168));
#8359=CARTESIAN_POINT('',(-210.158780766038,-113.943803988195,0.999998715869168));
#8360=CARTESIAN_POINT('',(-210.333818298756,-113.829306669008,0.999998715869168));
#8361=CARTESIAN_POINT('',(-210.506322361177,-113.712523516971,0.999998715869168));
#8362=CARTESIAN_POINT('',(-210.677824561459,-113.592798382795,0.999998715869168));
#8363=CARTESIAN_POINT('',(-210.839739906119,-113.47976580168,0.999998715869168));
#8364=CARTESIAN_POINT('',(-210.999900723633,-113.364714423064,0.999998715869168));
#8365=CARTESIAN_POINT('',(-211.158936771185,-113.247668096849,0.999998715869168));
#8366=CARTESIAN_POINT('',(-211.308226066131,-113.137795122856,0.999998715869168));
#8367=CARTESIAN_POINT('',(-211.455025477187,-113.027270560185,0.999998715869168));
#8368=CARTESIAN_POINT('',(-211.602145476398,-112.914511702059,0.999998715869168));
#8369=CARTESIAN_POINT('',(-211.796662447596,-112.76542584238,0.999998715869168));
#8370=CARTESIAN_POINT('',(-211.985457326763,-112.617261185559,0.999998715869168));
#8371=CARTESIAN_POINT('',(-212.17696960712,-112.464338648436,0.999998715869168));
#8372=CARTESIAN_POINT('',(-212.355746225556,-112.321585536111,0.999998715869168));
#8373=CARTESIAN_POINT('',(-212.533428956203,-112.177439873337,0.999998715869168));
#8374=CARTESIAN_POINT('',(-212.710409555744,-112.032477457818,0.999998715869168));
#8375=CARTESIAN_POINT('',(-212.875068362192,-111.897607656376,0.999998715869168));
#8376=CARTESIAN_POINT('',(-213.039132211481,-111.762007740152,0.999998715869168));
#8377=CARTESIAN_POINT('',(-213.203061235594,-111.626254083203,0.999998715869168));
#8378=CARTESIAN_POINT('',(-213.352519151972,-111.502484306508,0.999998715869168));
#8379=CARTESIAN_POINT('',(-213.501867209651,-111.378581263835,0.999998715869168));
#8380=CARTESIAN_POINT('',(-213.65158082267,-111.255120993663,0.999998715869168));
#8381=CARTESIAN_POINT('',(-213.738277691287,-111.183627035254,0.999998715869168));
#8382=CARTESIAN_POINT('',(-213.825103428681,-111.112288057408,0.999998715869168));
#8383=CARTESIAN_POINT('',(-213.912100859654,-111.041160706649,0.999998715869168));
#8384=CARTESIAN_POINT('',(-213.996662119065,-110.972025120788,0.999998715869168));
#8385=CARTESIAN_POINT('',(-214.081384991382,-110.903084798842,0.999998715869168));
#8386=CARTESIAN_POINT('',(-214.16634630183,-110.834442458314,0.999998715869168));
#8387=CARTESIAN_POINT('',(-214.247886998335,-110.768563716251,0.999998715869168));
#8388=CARTESIAN_POINT('',(-214.329650626372,-110.70295678664,0.999998715869168));
#8389=CARTESIAN_POINT('',(-214.411698795612,-110.637712968727,0.999998715869168));
#8390=CARTESIAN_POINT('',(-214.489617133448,-110.575753148137,0.999998715869168));
#8391=CARTESIAN_POINT('',(-214.567799876427,-110.514119387762,0.999998715869168));
#8392=CARTESIAN_POINT('',(-214.646326632513,-110.452935330436,0.999998715869168));
#8393=CARTESIAN_POINT('',(-214.792611535739,-110.338957568575,0.999998715869168));
#8394=CARTESIAN_POINT('',(-214.940515907703,-110.226206254067,0.999998715869168));
#8395=CARTESIAN_POINT('',(-215.08958332681,-110.115887824406,0.999998715869168));
#8396=CARTESIAN_POINT('',(-215.227406496976,-110.013890783102,0.999998715869168));
#8397=CARTESIAN_POINT('',(-215.368530783935,-109.912266822426,0.999998715869168));
#8398=CARTESIAN_POINT('',(-215.509310307898,-109.814385374392,0.999998715869168));
#8399=CARTESIAN_POINT('',(-215.637341097738,-109.725367889821,0.999998715869168));
#8400=CARTESIAN_POINT('',(-215.767591094849,-109.637704832962,0.999998715869168));
#8401=CARTESIAN_POINT('',(-215.898761266222,-109.553371525695,0.999998715869168));
#8402=CARTESIAN_POINT('',(-215.959977089309,-109.514014004362,0.999998715869168));
#8403=CARTESIAN_POINT('',(-216.021238584353,-109.475480608093,0.999998715869168));
#8404=CARTESIAN_POINT('',(-216.083227953854,-109.437353007175,0.999998715869168));
#8405=CARTESIAN_POINT('',(-216.14354030146,-109.400256886688,0.999998715869168));
#8406=CARTESIAN_POINT('',(-216.203755254128,-109.364028326419,0.999998715869168));
#8407=CARTESIAN_POINT('',(-216.26479433886,-109.328140409338,0.999998715869168));
#8408=CARTESIAN_POINT('',(-216.322397501868,-109.294272641716,0.999998715869168));
#8409=CARTESIAN_POINT('',(-216.380347851043,-109.260981801137,0.999998715869168));
#8410=CARTESIAN_POINT('',(-216.438485927455,-109.228047980131,0.999998715869168));
#8411=CARTESIAN_POINT('',(-216.509257445974,-109.187957618236,0.999998715869168));
#8412=CARTESIAN_POINT('',(-216.580289446425,-109.148322255331,0.999998715869168));
#8413=CARTESIAN_POINT('',(-216.651402989814,-109.10884442535,0.999998715869168));
#8414=CARTESIAN_POINT('',(-216.735975755587,-109.061894869625,0.999998715869168));
#8415=CARTESIAN_POINT('',(-216.820681367891,-109.015183408938,0.999998715869168));
#8416=CARTESIAN_POINT('',(-216.905437218882,-108.968565829326,0.999998715869168));
#8417=CARTESIAN_POINT('',(-216.997761876843,-108.91778523964,0.999998715869168));
#8418=CARTESIAN_POINT('',(-217.090153345135,-108.867125876124,0.999998715869168));
#8419=CARTESIAN_POINT('',(-217.182563428688,-108.81650104709,0.999998715869168));
#8420=CARTESIAN_POINT('',(-217.380446950979,-108.708094917589,0.999998715869168));
#8421=CARTESIAN_POINT('',(-217.578404550167,-108.599820500438,0.999998715869168));
#8422=CARTESIAN_POINT('',(-217.775842844554,-108.490606417689,0.999998715869168));
#8423=CARTESIAN_POINT('',(-217.987053092085,-108.373774303012,0.999998715869168));
#8424=CARTESIAN_POINT('',(-218.197649080308,-108.25577235758,0.999998715869168));
#8425=CARTESIAN_POINT('',(-218.406842531969,-108.135389606877,0.999998715869168));
#8426=CARTESIAN_POINT('',(-218.471802513997,-108.098007646495,0.999998715869168));
#8427=CARTESIAN_POINT('',(-218.536635116266,-108.060400597535,0.999998715869168));
#8428=CARTESIAN_POINT('',(-218.601301112689,-108.022513982616,0.999998715869168));
#8429=CARTESIAN_POINT('',(-218.669876845919,-107.982336724994,0.999998715869168));
#8430=CARTESIAN_POINT('',(-218.738272182403,-107.941845609441,0.999998715869168));
#8431=CARTESIAN_POINT('',(-218.806456517457,-107.901010286026,0.999998715869168));
#8432=CARTESIAN_POINT('',(-218.955002665469,-107.812046596765,0.999998715869168));
#8433=CARTESIAN_POINT('',(-219.101578981874,-107.722031733931,0.999998715869168));
#8434=CARTESIAN_POINT('',(-219.247840636093,-107.629356194522,0.999998715869168));
#8435=CARTESIAN_POINT('',(-219.408118184258,-107.527799786517,0.999998715869168));
#8436=CARTESIAN_POINT('',(-219.565743000187,-107.424480938034,0.999998715869168));
#8437=CARTESIAN_POINT('',(-219.722459956834,-107.317505508668,0.999998715869168));
#8438=CARTESIAN_POINT('',(-219.805555662311,-107.260784149587,0.999998715869168));
#8439=CARTESIAN_POINT('',(-219.887991616723,-107.203309678467,0.999998715869168));
#8440=CARTESIAN_POINT('',(-219.969893387786,-107.144877018499,0.999998715869168));
#8441=CARTESIAN_POINT('',(-220.055608392133,-107.08372381463,0.999998715869168));
#8442=CARTESIAN_POINT('',(-220.139790130649,-107.022196602159,0.999998715869168));
#8443=CARTESIAN_POINT('',(-220.224039586768,-106.959039159148,0.999998715869168));
#8444=CARTESIAN_POINT('',(-220.300228837269,-106.901924033801,0.999998715869168));
#8445=CARTESIAN_POINT('',(-220.375058697736,-106.844534412746,0.999998715869168));
#8446=CARTESIAN_POINT('',(-220.449894261788,-106.785655931068,0.999998715869168));
#8447=CARTESIAN_POINT('',(-220.530030350386,-106.722607148258,0.999998715869168));
#8448=CARTESIAN_POINT('',(-220.60927171097,-106.658558798153,0.999998715869168));
#8449=CARTESIAN_POINT('',(-220.68768702432,-106.593381866129,0.999998715869168));
#8450=CARTESIAN_POINT('',(-220.772236136897,-106.523106666965,0.999998715869168));
#8451=CARTESIAN_POINT('',(-220.854859820274,-106.452319272118,0.999998715869168));
#8452=CARTESIAN_POINT('',(-220.93720423985,-106.379472383046,0.999998715869168));
#8453=CARTESIAN_POINT('',(-221.026453205117,-106.300517312307,0.999998715869168));
#8454=CARTESIAN_POINT('',(-221.114225424665,-106.220156091879,0.999998715869168));
#8455=CARTESIAN_POINT('',(-221.200594370177,-106.138058824885,0.999998715869168));
#8456=CARTESIAN_POINT('',(-221.293280459284,-106.049956850743,0.999998715869168));
#8457=CARTESIAN_POINT('',(-221.384499730043,-105.959713703125,0.999998715869168));
#8458=CARTESIAN_POINT('',(-221.473550680296,-105.867938425922,0.999998715869168));
#8459=CARTESIAN_POINT('',(-221.568784211938,-105.769791424226,0.999998715869168));
#8460=CARTESIAN_POINT('',(-221.660605231005,-105.670849432913,0.999998715869168));
#8461=CARTESIAN_POINT('',(-221.7512217372,-105.568422148532,0.999998715869168));
#8462=CARTESIAN_POINT('',(-221.954061429266,-105.339144727725,0.999998715869168));
#8463=CARTESIAN_POINT('',(-222.144784495596,-105.099251854872,0.999998715869168));
#8464=CARTESIAN_POINT('',(-222.321099012709,-104.848964045319,0.999998715869168));
#8465=CARTESIAN_POINT('',(-222.353697838434,-104.802688283014,0.999998715869168));
#8466=CARTESIAN_POINT('',(-222.385618502885,-104.756320390685,0.999998715869168));
#8467=CARTESIAN_POINT('',(-222.417214921971,-104.70935450915,0.999998715869168));
#8468=CARTESIAN_POINT('',(-222.449762590779,-104.660974661001,0.999998715869168));
#8469=CARTESIAN_POINT('',(-222.481977927524,-104.611942847032,0.999998715869168));
#8470=CARTESIAN_POINT('',(-222.513455340724,-104.562859888779,0.999998715869168));
#8471=CARTESIAN_POINT('',(-222.578565807248,-104.461332667021,0.999998715869168));
#8472=CARTESIAN_POINT('',(-222.640997034621,-104.358840997559,0.999998715869168));
#8473=CARTESIAN_POINT('',(-222.701286559088,-104.254378354007,0.999998715869168));
#8474=CARTESIAN_POINT('',(-222.763819368516,-104.146028808388,0.999998715869168));
#8475=CARTESIAN_POINT('',(-222.824056104162,-104.035545260126,0.999998715869168));
#8476=CARTESIAN_POINT('',(-222.881214887506,-103.924266586781,0.999998715869168));
#8477=CARTESIAN_POINT('',(-222.910712706913,-103.866839223599,0.999998715869168));
#8478=CARTESIAN_POINT('',(-222.939198598429,-103.809574106579,0.999998715869168));
#8479=CARTESIAN_POINT('',(-222.967190111289,-103.751397592036,0.999998715869168));
#8480=CARTESIAN_POINT('',(-222.995894545424,-103.691739368549,0.999998715869168));
#8481=CARTESIAN_POINT('',(-223.024150549187,-103.630974232065,0.999998715869168));
#8482=CARTESIAN_POINT('',(-223.051280213472,-103.570583639445,0.999998715869168));
#8483=CARTESIAN_POINT('',(-223.187740966638,-103.266822204505,0.999998715869168));
#8484=CARTESIAN_POINT('',(-223.303327282398,-102.955583593425,0.999998715869168));
#8485=CARTESIAN_POINT('',(-223.398013685904,-102.636318460349,0.999998715869168));
#8486=CARTESIAN_POINT('',(-223.444978646365,-102.477961253864,0.999998715869168));
#8487=CARTESIAN_POINT('',(-223.487098837599,-102.316625157845,0.999998715869168));
#8488=CARTESIAN_POINT('',(-223.523522166119,-102.155516167055,0.999998715869168));
#8489=CARTESIAN_POINT('',(-223.55919730557,-101.997716593355,0.999998715869168));
#8490=CARTESIAN_POINT('',(-223.589630309728,-101.839145831578,0.999998715869168));
#8491=CARTESIAN_POINT('',(-223.615016574533,-101.679369190826,0.999998715869168));
#8492=CARTESIAN_POINT('',(-223.6636754329,-101.373118980617,0.999998715869168));
#8493=CARTESIAN_POINT('',(-223.693693619722,-101.063031891058,0.999998715869168));
#8494=CARTESIAN_POINT('',(-223.705491672223,-100.753180917261,0.999998715869168));
#8495=CARTESIAN_POINT('',(-223.716517306138,-100.463615889076,0.999998715869168));
#8496=CARTESIAN_POINT('',(-223.711651778612,-100.173509797248,0.999998715869168));
#8497=CARTESIAN_POINT('',(-223.692137157077,-99.8844142280204,0.999998715869168));
#8498=CARTESIAN_POINT('',(-223.691254982859,-99.8713454294634,0.999998715869168));
#8499=CARTESIAN_POINT('',(-223.69034296676,-99.8582785332826,0.999998715869168));
#8500=CARTESIAN_POINT('',(-223.689400926163,-99.8452139652186,0.999998715869168));
#8501=CARTESIAN_POINT('',(-223.688472896317,-99.8323437034342,0.999998715869168));
#8502=CARTESIAN_POINT('',(-223.687515675487,-99.8194754428532,0.999998715869168));
#8503=CARTESIAN_POINT('',(-223.686530460818,-99.8066094804321,0.999998715869168));
#8504=CARTESIAN_POINT('',(-223.685565149234,-99.7940034332967,0.999998715869168));
#8505=CARTESIAN_POINT('',(-223.684572736192,-99.7813993547979,0.999998715869168));
#8506=CARTESIAN_POINT('',(-223.683550184892,-99.7687978698148,0.999998715869168));
#8507=CARTESIAN_POINT('',(-223.68253811529,-99.7563255567798,0.999998715869168));
#8508=CARTESIAN_POINT('',(-223.681496623677,-99.7438555301367,0.999998715869168));
#8509=CARTESIAN_POINT('',(-223.680428920403,-99.7313879042599,0.999998715869168));
#8510=CARTESIAN_POINT('',(-223.657885730823,-99.4681499235851,0.999998715869168));
#8511=CARTESIAN_POINT('',(-223.624067496819,-99.2103641711424,0.999998715869168));
#8512=CARTESIAN_POINT('',(-223.578975984834,-98.9500539956935,0.999998715869168));
#8513=CARTESIAN_POINT('',(-223.539175291648,-98.7202873507067,0.999998715869168));
#8514=CARTESIAN_POINT('',(-223.491606438725,-98.4942172107362,0.999998715869168));
#8515=CARTESIAN_POINT('',(-223.436367268617,-98.2676770248304,0.999998715869168));
#8516=CARTESIAN_POINT('',(-223.387542704624,-98.0674436436598,0.999998715869168));
#8517=CARTESIAN_POINT('',(-223.333806535109,-97.8711873243967,0.999998715869168));
#8518=CARTESIAN_POINT('',(-223.274576062285,-97.6737887940544,0.999998715869168));
#8519=CARTESIAN_POINT('',(-223.221995710871,-97.4985532506048,0.999998715869168));
#8520=CARTESIAN_POINT('',(-223.166874682621,-97.3283105563237,0.999998715869168));
#8521=CARTESIAN_POINT('',(-223.107308250038,-97.1553288930893,0.999998715869168));
#8522=CARTESIAN_POINT('',(-223.042470412141,-96.9670390030701,0.999998715869168));
#8523=CARTESIAN_POINT('',(-222.975283490944,-96.7839136745865,0.999998715869168));
#8524=CARTESIAN_POINT('',(-222.903613554925,-96.5981213497221,0.999998715869168));
#8525=CARTESIAN_POINT('',(-222.836832247341,-96.425001976625,0.999998715869168));
#8526=CARTESIAN_POINT('',(-222.76763511254,-96.2533716088046,0.999998715869168));
#8527=CARTESIAN_POINT('',(-222.696132829512,-96.0821506213251,0.999998715869168));
#8528=CARTESIAN_POINT('',(-222.629338197438,-95.922202681516,0.999998715869168));
#8529=CARTESIAN_POINT('',(-222.560943706124,-95.7635908000793,0.999998715869168));
#8530=CARTESIAN_POINT('',(-222.490866125485,-95.6050553244795,0.999998715869168));
#8531=CARTESIAN_POINT('',(-222.426193597581,-95.4587476198467,0.999998715869168));
#8532=CARTESIAN_POINT('',(-222.360262212005,-95.3129801713167,0.999998715869168));
#8533=CARTESIAN_POINT('',(-222.293378273806,-95.1676780874959,0.999998715869168));
#8534=CARTESIAN_POINT('',(-222.223567439149,-95.0160174643001,0.999998715869168));
#8535=CARTESIAN_POINT('',(-222.152723646038,-94.8648221643009,0.999998715869168));
#8536=CARTESIAN_POINT('',(-222.081139126734,-94.7139956665605,0.999998715869168));
#8537=CARTESIAN_POINT('',(-222.011059173081,-94.5663392448346,0.999998715869168));
#8538=CARTESIAN_POINT('',(-221.940275884378,-94.4190120564381,0.999998715869168));
#8539=CARTESIAN_POINT('',(-221.869024713159,-94.2719195173536,0.999998715869168));
#8540=CARTESIAN_POINT('',(-221.800170217564,-94.1297747299614,0.999998715869168));
#8541=CARTESIAN_POINT('',(-221.730871883429,-93.9878433259469,0.999998715869168));
#8542=CARTESIAN_POINT('',(-221.661334891835,-93.8460320050935,0.999998715869168));
#8543=CARTESIAN_POINT('',(-221.595360084048,-93.7114852779387,0.999998715869168));
#8544=CARTESIAN_POINT('',(-221.52916660149,-93.5770455730863,0.999998715869168));
#8545=CARTESIAN_POINT('',(-221.462950173053,-93.4426177235432,0.999998715869168));
#8546=CARTESIAN_POINT('',(-221.458029614521,-93.4326283581008,0.999998715869168));
#8547=CARTESIAN_POINT('',(-221.453108958523,-93.422639040662,0.999998715869168));
#8548=CARTESIAN_POINT('',(-221.448188045376,-93.4126498499061,0.999998715869168));
#8549=CARTESIAN_POINT('',(-221.443183928601,-93.4024917602285,0.999998715869168));
#8550=CARTESIAN_POINT('',(-221.438179553114,-93.3923337979959,0.999998715869168));
#8551=CARTESIAN_POINT('',(-221.433175221697,-93.38217581406,0.999998715869168));
#8552=CARTESIAN_POINT('',(-221.428174435262,-93.3720250258634,0.999998715869168));
#8553=CARTESIAN_POINT('',(-221.423173691608,-93.3618742165845,0.999998715869168));
#8554=CARTESIAN_POINT('',(-221.418172518787,-93.3517236187556,0.999998715869168));
#8555=CARTESIAN_POINT('',(-221.413178096255,-93.3415867216056,0.999998715869168));
#8556=CARTESIAN_POINT('',(-221.4081832456,-93.3314500353904,0.999998715869168));
#8557=CARTESIAN_POINT('',(-221.403188792755,-93.3213131531754,0.999998715869168));
#8558=CARTESIAN_POINT('',(-221.253499250504,-93.0174990406069,0.999998715869168));
#8559=CARTESIAN_POINT('',(-221.10406962007,-92.7135423684194,0.999998715869168));
#8560=CARTESIAN_POINT('',(-220.957250238065,-92.4083353739618,0.999998715869168));
#8561=CARTESIAN_POINT('',(-220.823357334596,-92.1299998429909,0.999998715869168));
#8562=CARTESIAN_POINT('',(-220.68963916687,-91.846284521728,0.999998715869168));
#8563=CARTESIAN_POINT('',(-220.5624565484,-91.5648083939109,0.999998715869168));
#8564=CARTESIAN_POINT('',(-220.443875207349,-91.3023683127758,0.999998715869168));
#8565=CARTESIAN_POINT('',(-220.329107366116,-91.0377826569074,0.999998715869168));
#8566=CARTESIAN_POINT('',(-220.22055651361,-90.7710222379128,0.999998715869168));
#8567=CARTESIAN_POINT('',(-220.117065076938,-90.5166951794758,0.999998715869168));
#8568=CARTESIAN_POINT('',(-220.019603770039,-90.2613458135875,0.999998715869168));
#8569=CARTESIAN_POINT('',(-219.928900125125,-90.0021678481255,0.999998715869168));
#8570=CARTESIAN_POINT('',(-219.925805525939,-89.9933252936526,0.999998715869168));
#8571=CARTESIAN_POINT('',(-219.922719191761,-89.9844798317113,0.999998715869168));
#8572=CARTESIAN_POINT('',(-219.919641624035,-89.9756313419955,0.999998715869168));
#8573=CARTESIAN_POINT('',(-219.916629084853,-89.9669698195371,0.999998715869168));
#8574=CARTESIAN_POINT('',(-219.913625341223,-89.9583052215442,0.999998715869168));
#8575=CARTESIAN_POINT('',(-219.910630474068,-89.949637580439,0.999998715869168));
#8576=CARTESIAN_POINT('',(-219.907600752355,-89.9408690644768,0.999998715869168));
#8577=CARTESIAN_POINT('',(-219.904579426122,-89.9320976333649,0.999998715869168));
#8578=CARTESIAN_POINT('',(-219.901566314207,-89.9233234024809,0.999998715869168));
#8579=CARTESIAN_POINT('',(-219.89870759329,-89.9149987606932,0.999998715869168));
#8580=CARTESIAN_POINT('',(-219.895856841049,-89.9066713665941,0.999998715869168));
#8581=CARTESIAN_POINT('',(-219.893015135825,-89.8983409081441,0.999998715869168));
#8582=CARTESIAN_POINT('',(-219.809155098729,-89.6525052216468,0.999998715869168));
#8583=CARTESIAN_POINT('',(-219.732774892802,-89.40357662775,0.999998715869168));
#8584=CARTESIAN_POINT('',(-219.665414257301,-89.1527046007996,0.999998715869168));
#8585=CARTESIAN_POINT('',(-219.599157047209,-88.9059420744056,0.999998715869168));
#8586=CARTESIAN_POINT('',(-219.54067362624,-88.6537399069018,0.999998715869168));
#8587=CARTESIAN_POINT('',(-219.493122722776,-88.402680268885,0.999998715869168));
#8588=CARTESIAN_POINT('',(-219.447739587538,-88.1630660307726,0.999998715869168));
#8589=CARTESIAN_POINT('',(-219.411341976533,-87.9193180335012,0.999998715869168));
#8590=CARTESIAN_POINT('',(-219.38689806442,-87.6766402427711,0.999998715869168));
#8591=CARTESIAN_POINT('',(-219.375302090512,-87.5615160631266,0.999998715869168));
#8592=CARTESIAN_POINT('',(-219.366308593292,-87.4457488579899,0.999998715869168));
#8593=CARTESIAN_POINT('',(-219.360294118192,-87.3301960670294,0.999998715869168));
#8594=CARTESIAN_POINT('',(-219.357394411367,-87.2744856000409,0.999998715869168));
#8595=CARTESIAN_POINT('',(-219.355171925119,-87.2185296564121,0.999998715869168));
#8596=CARTESIAN_POINT('',(-219.353688350255,-87.1627633183994,0.999998715869168));
#8597=CARTESIAN_POINT('',(-219.352240925698,-87.1083558402033,0.999998715869168));
#8598=CARTESIAN_POINT('',(-219.351504719292,-87.0544269005559,0.999998715869168));
#8599=CARTESIAN_POINT('',(-219.35150471936,-87.0000000037264,0.999998715869168));
#8600=CARTESIAN_POINT('',(-219.351504719429,-86.9455731064891,0.999998715869168));
#8601=CARTESIAN_POINT('',(-219.352240925983,-86.8916441655276,0.999998715869168));
#8602=CARTESIAN_POINT('',(-219.353688350515,-86.8372366869237,0.999998715869168));
#8603=CARTESIAN_POINT('',(-219.355171925393,-86.781470347069,0.999998715869168));
#8604=CARTESIAN_POINT('',(-219.357394411497,-86.7255144031692,0.999998715869168));
#8605=CARTESIAN_POINT('',(-219.360294118533,-86.6698039343455,0.999998715869168));
#8606=CARTESIAN_POINT('',(-219.366308593958,-86.5542511417607,0.999998715869168));
#8607=CARTESIAN_POINT('',(-219.375302093221,-86.4384839224667,0.999998715869168));
#8608=CARTESIAN_POINT('',(-219.386898066714,-86.3233597411506,0.999998715869168));
#8609=CARTESIAN_POINT('',(-219.411341978708,-86.0806819394106,0.999998715869168));
#8610=CARTESIAN_POINT('',(-219.447739577892,-85.8369340027407,0.999998715869168));
#8611=CARTESIAN_POINT('',(-219.493122718372,-85.5973197543756,0.999998715869168));
#8612=CARTESIAN_POINT('',(-219.540673621882,-85.3462601343679,0.999998715869168));
#8613=CARTESIAN_POINT('',(-219.599157066625,-85.0940578685954,0.999998715869168));
#8614=CARTESIAN_POINT('',(-219.665414268291,-84.8472953582809,0.999998715869168));
#8615=CARTESIAN_POINT('',(-219.732774947673,-84.5964231523496,0.999998715869168));
#8616=CARTESIAN_POINT('',(-219.809155108791,-84.3474947589043,0.999998715869168));
#8617=CARTESIAN_POINT('',(-219.893015202682,-84.1016588975688,0.999998715869168));
#8618=CARTESIAN_POINT('',(-219.895856917083,-84.0933284119349,0.999998715869168));
#8619=CARTESIAN_POINT('',(-219.898707676668,-84.0850009961475,0.999998715869168));
#8620=CARTESIAN_POINT('',(-219.901566402504,-84.0766763403863,0.999998715869168));
#8621=CARTESIAN_POINT('',(-219.904579526805,-84.0679020738016,0.999998715869168));
#8622=CARTESIAN_POINT('',(-219.907600863546,-84.0591306130698,0.999998715869168));
#8623=CARTESIAN_POINT('',(-219.910630593807,-84.0503620731236,0.999998715869168));
#8624=CARTESIAN_POINT('',(-219.913625454274,-84.0416944521244,0.999998715869168));
#8625=CARTESIAN_POINT('',(-219.91662918888,-84.0330298809861,0.999998715869168));
#8626=CARTESIAN_POINT('',(-219.919641716483,-84.0243683921967,0.999998715869168));
#8627=CARTESIAN_POINT('',(-219.922719279132,-84.0155199174637,0.999998715869168));
#8628=CARTESIAN_POINT('',(-219.92580560608,-84.0066744761009,0.999998715869168));
#8629=CARTESIAN_POINT('',(-219.928900195705,-83.9978319487848,0.999998715869168));
#8630=CARTESIAN_POINT('',(-220.019603769512,-83.7386541817082,0.999998715869168));
#8631=CARTESIAN_POINT('',(-220.117065172026,-83.4833045939372,0.999998715869168));
#8632=CARTESIAN_POINT('',(-220.220556526714,-83.2289777298827,0.999998715869168));
#8633=CARTESIAN_POINT('',(-220.329107384129,-82.9622172913912,0.999998715869168));
#8634=CARTESIAN_POINT('',(-220.443875190924,-82.6976317195372,0.999998715869168));
#8635=CARTESIAN_POINT('',(-220.562456541674,-82.4351916209748,0.999998715869168));
#8636=CARTESIAN_POINT('',(-220.689639158308,-82.1537155015553,0.999998715869168));
#8637=CARTESIAN_POINT('',(-220.823357340842,-81.8700001453972,0.999998715869168));
#8638=CARTESIAN_POINT('',(-220.957250240138,-81.5916646217288,0.999998715869168));
#8639=CARTESIAN_POINT('',(-221.104070255332,-81.286456309494,0.999998715869168));
#8640=CARTESIAN_POINT('',(-221.253503505263,-80.9824923245469,0.999998715869168));
#8641=CARTESIAN_POINT('',(-221.403188796922,-80.6786868384247,0.999998715869168));
#8642=CARTESIAN_POINT('',(-221.408183250184,-80.6685499553382,0.999998715869168));
#8643=CARTESIAN_POINT('',(-221.413178101256,-80.6584132682524,0.999998715869168));
#8644=CARTESIAN_POINT('',(-221.418172524211,-80.6482763702334,0.999998715869168));
#8645=CARTESIAN_POINT('',(-221.423173697423,-80.6381257716002,0.999998715869168));
#8646=CARTESIAN_POINT('',(-221.428174441478,-80.6279749615139,0.999998715869168));
#8647=CARTESIAN_POINT('',(-221.433175228307,-80.6178241725211,0.999998715869168));
#8648=CARTESIAN_POINT('',(-221.438179559212,-80.6076661896286,0.999998715869168));
#8649=CARTESIAN_POINT('',(-221.443183934181,-80.5975082284426,0.999998715869168));
#8650=CARTESIAN_POINT('',(-221.448188050442,-80.5873501398096,0.999998715869168));
#8651=CARTESIAN_POINT('',(-221.453108963063,-80.5773609501205,0.999998715869168));
#8652=CARTESIAN_POINT('',(-221.458029618536,-80.5673716337483,0.999998715869168));
#8653=CARTESIAN_POINT('',(-221.462950176539,-80.5573822693775,0.999998715869168));
#8654=CARTESIAN_POINT('',(-221.529166673167,-80.4229542813996,0.999998715869168));
#8655=CARTESIAN_POINT('',(-221.595360096896,-80.2885146958533,0.999998715869168));
#8656=CARTESIAN_POINT('',(-221.661334891797,-80.1539679949817,0.999998715869168));
#8657=CARTESIAN_POINT('',(-221.730872265083,-80.0121558957262,0.999998715869168));
#8658=CARTESIAN_POINT('',(-221.80017043803,-79.8702248149089,0.999998715869168));
#8659=CARTESIAN_POINT('',(-221.869024713193,-79.7280804825743,0.999998715869168));
#8660=CARTESIAN_POINT('',(-221.940276875175,-79.5809858981331,0.999998715869168));
#8661=CARTESIAN_POINT('',(-222.011059859773,-79.4336593083224,0.999998715869168));
#8662=CARTESIAN_POINT('',(-222.081139126714,-79.2860043334813,0.999998715869168));
#8663=CARTESIAN_POINT('',(-222.152725759544,-79.1351733826059,0.999998715869168));
#8664=CARTESIAN_POINT('',(-222.223569000303,-78.98397914417,0.999998715869168));
#8665=CARTESIAN_POINT('',(-222.293378273817,-78.8323219124816,0.999998715869168));
#8666=CARTESIAN_POINT('',(-222.360265452985,-78.6870127878112,0.999998715869168));
#8667=CARTESIAN_POINT('',(-222.426196097119,-78.5412467254846,0.999998715869168));
#8668=CARTESIAN_POINT('',(-222.49086612548,-78.3949446755305,0.999998715869168));
#8669=CARTESIAN_POINT('',(-222.560943706122,-78.2364091999243,0.999998715869168));
#8670=CARTESIAN_POINT('',(-222.629338197437,-78.0777973184854,0.999998715869168));
#8671=CARTESIAN_POINT('',(-222.696132829514,-77.9178493786696,0.999998715869168));
#8672=CARTESIAN_POINT('',(-222.767635112545,-77.7466283911838,0.999998715869168));
#8673=CARTESIAN_POINT('',(-222.836832247339,-77.5749980233809,0.999998715869168));
#8674=CARTESIAN_POINT('',(-222.903613554925,-77.4018786502779,0.999998715869168));
#8675=CARTESIAN_POINT('',(-222.975283490939,-77.2160863254253,0.999998715869168));
#8676=CARTESIAN_POINT('',(-223.042470412145,-77.0329609969174,0.999998715869168));
#8677=CARTESIAN_POINT('',(-223.107308250038,-76.8446711069107,0.999998715869168));
#8678=CARTESIAN_POINT('',(-223.166874682619,-76.6716894436818,0.999998715869168));
#8679=CARTESIAN_POINT('',(-223.221995710873,-76.5014467493877,0.999998715869168));
#8680=CARTESIAN_POINT('',(-223.274576062285,-76.3262112059435,0.999998715869168));
#8681=CARTESIAN_POINT('',(-223.333806535108,-76.1288126756062,0.999998715869168));
#8682=CARTESIAN_POINT('',(-223.387542704624,-75.932556356337,0.999998715869168));
#8683=CARTESIAN_POINT('',(-223.436367268616,-75.7323229751719,0.999998715869168));
#8684=CARTESIAN_POINT('',(-223.491606438724,-75.5057827892658,0.999998715869168));
#8685=CARTESIAN_POINT('',(-223.539175291648,-75.2797126492915,0.999998715869168));
#8686=CARTESIAN_POINT('',(-223.578975984834,-75.0499460043045,0.999998715869168));
#8687=CARTESIAN_POINT('',(-223.62406749682,-74.7896358288544,0.999998715869168));
#8688=CARTESIAN_POINT('',(-223.657885730823,-74.5318500764108,0.999998715869168));
#8689=CARTESIAN_POINT('',(-223.680428920403,-74.2686120957355,0.999998715869168));
#8690=CARTESIAN_POINT('',(-223.681496627865,-74.2561444209482,0.999998715869168));
#8691=CARTESIAN_POINT('',(-223.682538118877,-74.2436743990143,0.999998715869168));
#8692=CARTESIAN_POINT('',(-223.683550184893,-74.2312021301789,0.999998715869168));
#8693=CARTESIAN_POINT('',(-223.684572739964,-74.2186005987166,0.999998715869168));
#8694=CARTESIAN_POINT('',(-223.685565153151,-74.2059965155563,0.999998715869168));
#8695=CARTESIAN_POINT('',(-223.686530460818,-74.1933905195601,0.999998715869168));
#8696=CARTESIAN_POINT('',(-223.687515679199,-74.1805245086596,0.999998715869168));
#8697=CARTESIAN_POINT('',(-223.688472899689,-74.167656249796,0.999998715869168));
#8698=CARTESIAN_POINT('',(-223.689400926163,-74.1547860347794,0.999998715869168));
#8699=CARTESIAN_POINT('',(-223.690342970453,-74.1417214154976,0.999998715869168));
#8700=CARTESIAN_POINT('',(-223.691254986339,-74.1286545189776,0.999998715869168));
#8701=CARTESIAN_POINT('',(-223.692137157077,-74.1155857719782,0.999998715869168));
#8702=CARTESIAN_POINT('',(-223.711651778612,-73.8264902027472,0.999998715869168));
#8703=CARTESIAN_POINT('',(-223.716517306138,-73.5363841109292,0.999998715869168));
#8704=CARTESIAN_POINT('',(-223.705491672223,-73.246819082741,0.999998715869168));
#8705=CARTESIAN_POINT('',(-223.693693619722,-72.9369681089452,0.999998715869168));
#8706=CARTESIAN_POINT('',(-223.663675432899,-72.6268810193785,0.999998715869168));
#8707=CARTESIAN_POINT('',(-223.615016574532,-72.3206308091712,0.999998715869168));
#8708=CARTESIAN_POINT('',(-223.589630309728,-72.16085416842,0.999998715869168));
#8709=CARTESIAN_POINT('',(-223.55919730557,-72.0022834066451,0.999998715869168));
#8710=CARTESIAN_POINT('',(-223.523522166119,-71.8444838329465,0.999998715869168));
#8711=CARTESIAN_POINT('',(-223.4870988376,-71.6833748421584,0.999998715869168));
#8712=CARTESIAN_POINT('',(-223.444978646366,-71.5220387461368,0.999998715869168));
#8713=CARTESIAN_POINT('',(-223.398013685905,-71.3636815396524,0.999998715869168));
#8714=CARTESIAN_POINT('',(-223.303327282398,-71.0444164065761,0.999998715869168));
#8715=CARTESIAN_POINT('',(-223.187740966638,-70.7331777954955,0.999998715869168));
#8716=CARTESIAN_POINT('',(-223.051280213473,-70.429416360555,0.999998715869168));
#8717=CARTESIAN_POINT('',(-223.024150549184,-70.36902576793,0.999998715869168));
#8718=CARTESIAN_POINT('',(-222.995894545428,-70.3082606314581,0.999998715869168));
#8719=CARTESIAN_POINT('',(-222.96719011129,-70.2486024079653,0.999998715869168));
#8720=CARTESIAN_POINT('',(-222.939198598438,-70.1904258934374,0.999998715869168));
#8721=CARTESIAN_POINT('',(-222.910712706906,-70.1331607763873,0.999998715869168));
#8722=CARTESIAN_POINT('',(-222.881214887506,-70.075733413219,0.999998715869168));
#8723=CARTESIAN_POINT('',(-222.824056104166,-69.9644547398816,0.999998715869168));
#8724=CARTESIAN_POINT('',(-222.76381936851,-69.8539711915996,0.999998715869168));
#8725=CARTESIAN_POINT('',(-222.701286559086,-69.7456216459882,0.999998715869168));
#8726=CARTESIAN_POINT('',(-222.640997034614,-69.6411590024284,0.999998715869168));
#8727=CARTESIAN_POINT('',(-222.578565807257,-69.5386673329917,0.999998715869168));
#8728=CARTESIAN_POINT('',(-222.513455340728,-69.4371401112267,0.999998715869168));
#8729=CARTESIAN_POINT('',(-222.481977927522,-69.3880571529626,0.999998715869168));
#8730=CARTESIAN_POINT('',(-222.449762590791,-69.3390253390162,0.999998715869168));
#8731=CARTESIAN_POINT('',(-222.417214921976,-69.2906454908566,0.999998715869168));
#8732=CARTESIAN_POINT('',(-222.385618502891,-69.2436796093239,0.999998715869168));
#8733=CARTESIAN_POINT('',(-222.353697838437,-69.197311716988,0.999998715869168));
#8734=CARTESIAN_POINT('',(-222.321099012713,-69.1510359546853,0.999998715869168));
#8735=CARTESIAN_POINT('',(-222.144784495602,-68.9007481451335,0.999998715869168));
#8736=CARTESIAN_POINT('',(-221.95406142926,-68.6608552722678,0.999998715869168));
#8737=CARTESIAN_POINT('',(-221.751221737195,-68.431577851462,0.999998715869168));
#8738=CARTESIAN_POINT('',(-221.660605231006,-68.329150567087,0.999998715869168));
#8739=CARTESIAN_POINT('',(-221.568784211933,-68.2302085757678,0.999998715869168));
#8740=CARTESIAN_POINT('',(-221.473550680295,-68.1320615740769,0.999998715869168));
#8741=CARTESIAN_POINT('',(-221.384499730037,-68.0402862968679,0.999998715869168));
#8742=CARTESIAN_POINT('',(-221.293280459292,-67.9500431492631,0.999998715869168));
#8743=CARTESIAN_POINT('',(-221.200594370178,-67.8619411751156,0.999998715869168));
#8744=CARTESIAN_POINT('',(-221.114225424662,-67.7798439081168,0.999998715869168));
#8745=CARTESIAN_POINT('',(-221.026453205123,-67.699482687698,0.999998715869168));
#8746=CARTESIAN_POINT('',(-220.937204239852,-67.6205276169551,0.999998715869168));
#8747=CARTESIAN_POINT('',(-220.854859820278,-67.5476807278847,0.999998715869168));
#8748=CARTESIAN_POINT('',(-220.772236136894,-67.476893333032,0.999998715869168));
#8749=CARTESIAN_POINT('',(-220.687687024318,-67.4066181338694,0.999998715869168));
#8750=CARTESIAN_POINT('',(-220.609271710978,-67.3414412018528,0.999998715869168));
#8751=CARTESIAN_POINT('',(-220.530030350376,-67.277392851732,0.999998715869168));
#8752=CARTESIAN_POINT('',(-220.449894261786,-67.2143440689297,0.999998715869168));
#8753=CARTESIAN_POINT('',(-220.375058697744,-67.155465587259,0.999998715869168));
#8754=CARTESIAN_POINT('',(-220.300228837257,-67.0980759661884,0.999998715869168));
#8755=CARTESIAN_POINT('',(-220.224039586765,-67.0409608408495,0.999998715869168));
#8756=CARTESIAN_POINT('',(-220.139790130657,-66.9778033978464,0.999998715869168));
#8757=CARTESIAN_POINT('',(-220.05560839212,-66.9162761853609,0.999998715869168));
#8758=CARTESIAN_POINT('',(-219.969893387784,-66.8551229814987,0.999998715869168));
#8759=CARTESIAN_POINT('',(-219.887991616696,-66.7966903215138,0.999998715869168));
#8760=CARTESIAN_POINT('',(-219.805555662334,-66.7392158504276,0.999998715869168));
#8761=CARTESIAN_POINT('',(-219.722459956832,-66.6824944913305,0.999998715869168));
#8762=CARTESIAN_POINT('',(-219.56574300019,-66.5755190619675,0.999998715869168));
#8763=CARTESIAN_POINT('',(-219.408118184252,-66.4722002134795,0.999998715869168));
#8764=CARTESIAN_POINT('',(-219.247840636092,-66.3706438054774,0.999998715869168));
#8765=CARTESIAN_POINT('',(-219.101578981868,-66.2779682660653,0.999998715869168));
#8766=CARTESIAN_POINT('',(-218.955002665477,-66.1879534032405,0.999998715869168));
#8767=CARTESIAN_POINT('',(-218.80645651746,-66.0989897139762,0.999998715869168));
#8768=CARTESIAN_POINT('',(-218.738271052351,-66.0581537137755,0.999998715869168));
#8769=CARTESIAN_POINT('',(-218.669875593778,-66.0176625413997,0.999998715869168));
#8770=CARTESIAN_POINT('',(-218.601301112696,-65.9774860173877,0.999998715869168));
#8771=CARTESIAN_POINT('',(-218.536634451818,-65.9395990131768,0.999998715869168));
#8772=CARTESIAN_POINT('',(-218.471801696102,-65.9019918828378,0.999998715869168));
#8773=CARTESIAN_POINT('',(-218.406842531974,-65.8646103931253,0.999998715869168));
#8774=CARTESIAN_POINT('',(-218.197641199033,-65.7442231070497,0.999998715869168));
#8775=CARTESIAN_POINT('',(-217.987038017701,-65.6262173585083,0.999998715869168));
#8776=CARTESIAN_POINT('',(-217.775842844555,-65.5093935823111,0.999998715869168));
#8777=CARTESIAN_POINT('',(-217.578404649642,-65.4001795545862,0.999998715869168));
#8778=CARTESIAN_POINT('',(-217.380445586833,-65.291904335093,0.999998715869168));
#8779=CARTESIAN_POINT('',(-217.182563428686,-65.1834989529084,0.999998715869168));
#8780=CARTESIAN_POINT('',(-217.090153271921,-65.1328740837662,0.999998715869168));
#8781=CARTESIAN_POINT('',(-216.997761852536,-65.0822147469903,0.999998715869168));
#8782=CARTESIAN_POINT('',(-216.905437218877,-65.0314341706708,0.999998715869168));
#8783=CARTESIAN_POINT('',(-216.820681033747,-64.9848164072739,0.999998715869168));
#8784=CARTESIAN_POINT('',(-216.735975611978,-64.9381050506513,0.999998715869168));
#8785=CARTESIAN_POINT('',(-216.651402989814,-64.8911555746488,0.999998715869168));
#8786=CARTESIAN_POINT('',(-216.580288042134,-64.8516769650928,0.999998715869168));
#8787=CARTESIAN_POINT('',(-216.509256916412,-64.8120420817797,0.999998715869168));
#8788=CARTESIAN_POINT('',(-216.43848592746,-64.7719520198716,0.999998715869168));
#8789=CARTESIAN_POINT('',(-216.380344350811,-64.7390162160655,0.999998715869168));
#8790=CARTESIAN_POINT('',(-216.322395284068,-64.7057260543279,0.999998715869168));
#8791=CARTESIAN_POINT('',(-216.264794338861,-64.6718595906609,0.999998715869168));
#8792=CARTESIAN_POINT('',(-216.203755254102,-64.6359716735651,0.999998715869168));
#8793=CARTESIAN_POINT('',(-216.14354030148,-64.5997431133239,0.999998715869168));
#8794=CARTESIAN_POINT('',(-216.083227953848,-64.5626469928204,0.999998715869168));
#8795=CARTESIAN_POINT('',(-216.021238584326,-64.5245193918895,0.999998715869168));
#8796=CARTESIAN_POINT('',(-215.959977089327,-64.4859859956487,0.999998715869168));
#8797=CARTESIAN_POINT('',(-215.898761266218,-64.4466284743019,0.999998715869168));
#8798=CARTESIAN_POINT('',(-215.767591094837,-64.3622951670293,0.999998715869168));
#8799=CARTESIAN_POINT('',(-215.637341097749,-64.274632110187,0.999998715869168));
#8800=CARTESIAN_POINT('',(-215.509310307901,-64.1856146256093,0.999998715869168));
#8801=CARTESIAN_POINT('',(-215.368530783936,-64.0877331775746,0.999998715869168));
#8802=CARTESIAN_POINT('',(-215.22740649698,-63.9861092168996,0.999998715869168));
#8803=CARTESIAN_POINT('',(-215.089583326811,-63.8841121755947,0.999998715869168));
#8804=CARTESIAN_POINT('',(-214.940515907718,-63.7737937459433,0.999998715869168));
#8805=CARTESIAN_POINT('',(-214.792611535727,-63.6610424314144,0.999998715869168));
#8806=CARTESIAN_POINT('',(-214.646326632514,-63.5470646695642,0.999998715869168));
#8807=CARTESIAN_POINT('',(-214.567798622964,-63.4858796356025,0.999998715869168));
#8808=CARTESIAN_POINT('',(-214.489615511392,-63.4242455620208,0.999998715869168));
#8809=CARTESIAN_POINT('',(-214.411698795606,-63.3622870312679,0.999998715869168));
#8810=CARTESIAN_POINT('',(-214.329649814856,-63.2970425680505,0.999998715869168));
#8811=CARTESIAN_POINT('',(-214.247885971135,-63.2314354538482,0.999998715869168));
#8812=CARTESIAN_POINT('',(-214.166346301832,-63.1655575416871,0.999998715869168));
#8813=CARTESIAN_POINT('',(-214.081384551099,-63.0969148454424,0.999998715869168));
#8814=CARTESIAN_POINT('',(-213.996661488542,-63.0279743637084,0.999998715869168));
#8815=CARTESIAN_POINT('',(-213.912100859662,-62.9588392933558,0.999998715869168));
#8816=CARTESIAN_POINT('',(-213.825103176918,-62.887711736754,0.999998715869168));
#8817=CARTESIAN_POINT('',(-213.738277363408,-62.8163726943617,0.999998715869168));
#8818=CARTESIAN_POINT('',(-213.651580822669,-62.7448790063347,0.999998715869168));
#8819=CARTESIAN_POINT('',(-213.501867292389,-62.6214188043944,0.999998715869168));
#8820=CARTESIAN_POINT('',(-213.352518837872,-62.497515433377,0.999998715869168));
#8821=CARTESIAN_POINT('',(-213.203061235594,-62.3737459167962,0.999998715869168));
#8822=CARTESIAN_POINT('',(-213.039130799558,-62.2379910905993,0.999998715869168));
#8823=CARTESIAN_POINT('',(-212.875067968039,-62.1023920207781,0.999998715869168));
#8824=CARTESIAN_POINT('',(-212.710409555745,-61.9675225421827,0.999998715869168));
#8825=CARTESIAN_POINT('',(-212.533422688821,-61.8225549931342,0.999998715869168));
#8826=CARTESIAN_POINT('',(-212.355742144331,-61.6784112050295,0.999998715869168));
#8827=CARTESIAN_POINT('',(-212.176969607121,-61.5356613515635,0.999998715869168));
#8828=CARTESIAN_POINT('',(-211.985457326783,-61.3827388144562,0.999998715869168));
#8829=CARTESIAN_POINT('',(-211.796662447576,-61.2345741576034,0.999998715869168));
#8830=CARTESIAN_POINT('',(-211.602145476397,-61.0854882979395,0.999998715869168));
#8831=CARTESIAN_POINT('',(-211.455025477176,-60.972729439806,0.999998715869168));
#8832=CARTESIAN_POINT('',(-211.308226066143,-60.8622048771517,0.999998715869168));
#8833=CARTESIAN_POINT('',(-211.158936771187,-60.7523319031516,0.999998715869168));
#8834=CARTESIAN_POINT('',(-210.999900723636,-60.6352855769371,0.999998715869168));
#8835=CARTESIAN_POINT('',(-210.839739906119,-60.5202341983186,0.999998715869168));
#8836=CARTESIAN_POINT('',(-210.677824561459,-60.4072016172045,0.999998715869168));
#8837=CARTESIAN_POINT('',(-210.506322361188,-60.2874764830349,0.999998715869168));
#8838=CARTESIAN_POINT('',(-210.333818298745,-60.1706933309833,0.999998715869168));
#8839=CARTESIAN_POINT('',(-210.158780766038,-60.0561960118046,0.999998715869168));
#8840=CARTESIAN_POINT('',(-209.97396818115,-59.9353045367429,0.999998715869168));
#8841=CARTESIAN_POINT('',(-209.787425567609,-59.8176790938078,0.999998715869168));
#8842=CARTESIAN_POINT('',(-209.598508433779,-59.7033042492069,0.999998715869168));
#8843=CARTESIAN_POINT('',(-209.322602638491,-59.5362644375145,0.999998715869168));
#8844=CARTESIAN_POINT('',(-209.042072067213,-59.3764262614491,0.999998715869168));
#8845=CARTESIAN_POINT('',(-208.757193295366,-59.225175288406,0.999998715869168));
#8846=CARTESIAN_POINT('',(-208.456950400428,-59.0657670260275,0.999998715869168));
#8847=CARTESIAN_POINT('',(-208.15172668297,-58.9158177412723,0.999998715869168));
#8848=CARTESIAN_POINT('',(-207.841715413569,-58.7763334941642,0.999998715869168));
#8849=CARTESIAN_POINT('',(-207.5177869573,-58.630587447813,0.999998715869168));
#8850=CARTESIAN_POINT('',(-207.189099468853,-58.4964780524656,0.999998715869168));
#8851=CARTESIAN_POINT('',(-206.855462836871,-58.3745633257749,0.999998715869168));
#8852=CARTESIAN_POINT('',(-206.508703940886,-58.2478535703731,0.999998715869168));
#8853=CARTESIAN_POINT('',(-206.156365690578,-58.1342297745564,0.999998715869168));
#8854=CARTESIAN_POINT('',(-205.80081684118,-58.034804967223,0.999998715869168));
#8855=CARTESIAN_POINT('',(-205.777022869428,-58.028151279379,0.999998715869168));
#8856=CARTESIAN_POINT('',(-205.753211123466,-58.0215601327182,0.999998715869168));
#8857=CARTESIAN_POINT('',(-205.729382778672,-58.0150310930608,0.999998715869168));
#8858=CARTESIAN_POINT('',(-205.705600954079,-58.0085148000815,0.999998715869168));
#8859=CARTESIAN_POINT('',(-205.68180193502,-58.0020602189304,0.999998715869168));
#8860=CARTESIAN_POINT('',(-205.657986422589,-57.995668631992,0.999998715869168));
#8861=CARTESIAN_POINT('',(-205.634224722289,-57.9892914871075,0.999998715869168));
#8862=CARTESIAN_POINT('',(-205.610445858467,-57.9829772235807,0.999998715869168));
#8863=CARTESIAN_POINT('',(-205.586650990379,-57.9767254795443,0.999998715869168));
#8864=CARTESIAN_POINT('',(-205.562738627809,-57.9704428655978,0.999998715869168));
#8865=CARTESIAN_POINT('',(-205.538809555691,-57.9642227477898,0.999998715869168));
#8866=CARTESIAN_POINT('',(-205.514864486582,-57.9580664808084,0.999998715869168));
#8867=CARTESIAN_POINT('',(-205.228491802696,-57.8844401868018,0.999998715869168));
#8868=CARTESIAN_POINT('',(-204.93955092742,-57.8199018804498,0.999998715869168));
#8869=CARTESIAN_POINT('',(-204.649072732563,-57.7646534457367,0.999998715869168));
#8870=CARTESIAN_POINT('',(-204.359241540163,-57.7095280697374,0.999998715869168));
#8871=CARTESIAN_POINT('',(-204.067813996617,-57.663638743503,0.999998715869168));
#8872=CARTESIAN_POINT('',(-203.775072737403,-57.6269886700513,0.999998715869168));
#8873=CARTESIAN_POINT('',(-203.483077507237,-57.5904319965512,0.999998715869168));
#8874=CARTESIAN_POINT('',(-203.189756111649,-57.5630651981428,0.999998715869168));
#8875=CARTESIAN_POINT('',(-202.896044724081,-57.5448814595097,0.999998715869168));
#8876=CARTESIAN_POINT('',(-202.603001179181,-57.5267390671679,0.999998715869168));
#8877=CARTESIAN_POINT('',(-202.309683856931,-57.5177451432464,0.999998715869168));
#8878=CARTESIAN_POINT('',(-202.016080837143,-57.5177451432467,0.999998715869168));
#8879=CARTESIAN_POINT('',(-201.72247781736,-57.5177451432469,0.999998715869168));
#8880=CARTESIAN_POINT('',(-201.429160495109,-57.526739067169,0.999998715869168));
#8881=CARTESIAN_POINT('',(-201.136116950212,-57.5448814595109,0.999998715869168));
#8882=CARTESIAN_POINT('',(-200.842405562655,-57.5630651981432,0.999998715869168));
#8883=CARTESIAN_POINT('',(-200.549084167046,-57.590431996553,0.999998715869168));
#8884=CARTESIAN_POINT('',(-200.25708893689,-57.6269886700516,0.999998715869168));
#8885=CARTESIAN_POINT('',(-199.964347677687,-57.6636387435017,0.999998715869168));
#8886=CARTESIAN_POINT('',(-199.672920134117,-57.7095280697392,0.999998715869168));
#8887=CARTESIAN_POINT('',(-199.383088941727,-57.7646534457372,0.999998715869168));
#8888=CARTESIAN_POINT('',(-199.092610746885,-57.819901880448,0.999998715869168));
#8889=CARTESIAN_POINT('',(-198.803669871595,-57.8844401868027,0.999998715869168));
#8890=CARTESIAN_POINT('',(-198.517297187723,-57.958066480805,0.999998715869168));
#8891=CARTESIAN_POINT('',(-198.493351994558,-57.9642227796808,0.999998715869168));
#8892=CARTESIAN_POINT('',(-198.469422920682,-57.9704428986506,0.999998715869168));
#8893=CARTESIAN_POINT('',(-198.445510683922,-57.9767254795422,0.999998715869168));
#8894=CARTESIAN_POINT('',(-198.42171569111,-57.982977256348,0.999998715869168));
#8895=CARTESIAN_POINT('',(-198.397936828548,-57.9892915202404,0.999998715869168));
#8896=CARTESIAN_POINT('',(-198.374175251676,-57.9956686319995,0.999998715869168));
#8897=CARTESIAN_POINT('',(-198.350359617617,-58.0020602515801,0.999998715869168));
#8898=CARTESIAN_POINT('',(-198.326560596954,-58.0085148338551,0.999998715869168));
#8899=CARTESIAN_POINT('',(-198.302778895591,-58.015031093069,0.999998715869168));
#8900=CARTESIAN_POINT('',(-198.278950427859,-58.0215601664117,0.999998715869168));
#8901=CARTESIAN_POINT('',(-198.255138683307,-58.0281513133718,0.999998715869168));
#8902=CARTESIAN_POINT('',(-198.231344833094,-58.0348049672291,0.999998715869168));
#8903=CARTESIAN_POINT('',(-197.875795983703,-58.1342297745605,0.999998715869168));
#8904=CARTESIAN_POINT('',(-197.523457733403,-58.2478535703758,0.999998715869168));
#8905=CARTESIAN_POINT('',(-197.176698837424,-58.3745633257749,0.999998715869168));
#8906=CARTESIAN_POINT('',(-196.843062205445,-58.4964780524638,0.999998715869168));
#8907=CARTESIAN_POINT('',(-196.514374716989,-58.6305874478153,0.999998715869168));
#8908=CARTESIAN_POINT('',(-196.190446260725,-58.7763334941649,0.999998715869168));
#8909=CARTESIAN_POINT('',(-195.880434991322,-58.9158177412742,0.999998715869168));
#8910=CARTESIAN_POINT('',(-195.575211273868,-59.0657670260266,0.999998715869168));
#8911=CARTESIAN_POINT('',(-195.274968378929,-59.2251752884058,0.999998715869168));
#8912=CARTESIAN_POINT('',(-194.990089607086,-59.3764262614463,0.999998715869168));
#8913=CARTESIAN_POINT('',(-194.7095590358,-59.5362644375159,0.999998715869168));
#8914=CARTESIAN_POINT('',(-194.433653240517,-59.7033042492058,0.999998715869168));
#8915=CARTESIAN_POINT('',(-194.24473610668,-59.8176790938105,0.999998715869168));
#8916=CARTESIAN_POINT('',(-194.058193493148,-59.93530453674,0.999998715869168));
#8917=CARTESIAN_POINT('',(-193.873380908255,-60.0561960118057,0.999998715869168));
#8918=CARTESIAN_POINT('',(-193.698343375542,-60.1706933309883,0.999998715869168));
#8919=CARTESIAN_POINT('',(-193.525839313113,-60.2874764830312,0.999998715869168));
#8920=CARTESIAN_POINT('',(-193.354337112836,-60.4072016172042,0.999998715869168));
#8921=CARTESIAN_POINT('',(-193.192421768175,-60.5202341983195,0.999998715869168));
#8922=CARTESIAN_POINT('',(-193.032260950662,-60.6352855769344,0.999998715869168));
#8923=CARTESIAN_POINT('',(-192.873224903109,-60.75233190315,0.999998715869168));
#8924=CARTESIAN_POINT('',(-192.723935608173,-60.8622048771358,0.999998715869168));
#8925=CARTESIAN_POINT('',(-192.577136197097,-60.9727294398222,0.999998715869168));
#8926=CARTESIAN_POINT('',(-192.430016197895,-61.0854882979413,0.999998715869168));
#8927=CARTESIAN_POINT('',(-192.235499226689,-61.2345741576269,0.999998715869168));
#8928=CARTESIAN_POINT('',(-192.046704347542,-61.3827388144327,0.999998715869168));
#8929=CARTESIAN_POINT('',(-191.855192067176,-61.5356613515617,0.999998715869168));
#8930=CARTESIAN_POINT('',(-191.676415448738,-61.6784144638873,0.999998715869168));
#8931=CARTESIAN_POINT('',(-191.498732718092,-61.8225601266618,0.999998715869168));
#8932=CARTESIAN_POINT('',(-191.32175211855,-61.9675225421813,0.999998715869168));
#8933=CARTESIAN_POINT('',(-191.157093312101,-62.1023923436242,0.999998715869168));
#8934=CARTESIAN_POINT('',(-190.993029462811,-62.2379922598486,0.999998715869168));
#8935=CARTESIAN_POINT('',(-190.829100438697,-62.3737459167983,0.999998715869168));
#8936=CARTESIAN_POINT('',(-190.679642522321,-62.4975156934922,0.999998715869168));
#8937=CARTESIAN_POINT('',(-190.530294464642,-62.6214187361652,0.999998715869168));
#8938=CARTESIAN_POINT('',(-190.380580851624,-62.7448790063359,0.999998715869168));
#8939=CARTESIAN_POINT('',(-190.293883983007,-62.8163729647451,0.999998715869168));
#8940=CARTESIAN_POINT('',(-190.207058245612,-62.8877119425915,0.999998715869168));
#8941=CARTESIAN_POINT('',(-190.120060814639,-62.9588392933508,0.999998715869168));
#8942=CARTESIAN_POINT('',(-190.035499555228,-63.0279748792118,0.999998715869168));
#8943=CARTESIAN_POINT('',(-189.950776682912,-63.0969152011578,0.999998715869168));
#8944=CARTESIAN_POINT('',(-189.865815372464,-63.1655575416851,0.999998715869168));
#8945=CARTESIAN_POINT('',(-189.784274675959,-63.2314362837487,0.999998715869168));
#8946=CARTESIAN_POINT('',(-189.702511047921,-63.2970432133598,0.999998715869168));
#8947=CARTESIAN_POINT('',(-189.620462878681,-63.3622870312731,0.999998715869168));
#8948=CARTESIAN_POINT('',(-189.542544540844,-63.4242468518637,0.999998715869168));
#8949=CARTESIAN_POINT('',(-189.464361797864,-63.4858806122395,0.999998715869168));
#8950=CARTESIAN_POINT('',(-189.385835041778,-63.547064669566,0.999998715869168));
#8951=CARTESIAN_POINT('',(-189.239550138555,-63.6610424314249,0.999998715869168));
#8952=CARTESIAN_POINT('',(-189.091645766588,-63.7737937459347,0.999998715869168));
#8953=CARTESIAN_POINT('',(-188.942578347484,-63.8841121755941,0.999998715869168));
#8954=CARTESIAN_POINT('',(-188.804755177314,-63.9861092168994,0.999998715869168));
#8955=CARTESIAN_POINT('',(-188.66363089036,-64.087733177573,0.999998715869168));
#8956=CARTESIAN_POINT('',(-188.522851366394,-64.1856146256084,0.999998715869168));
#8957=CARTESIAN_POINT('',(-188.39482057655,-64.2746321101831,0.999998715869168));
#8958=CARTESIAN_POINT('',(-188.264570579454,-64.3622951670316,0.999998715869168));
#8959=CARTESIAN_POINT('',(-188.133400408077,-64.4466284743012,0.999998715869168));
#8960=CARTESIAN_POINT('',(-188.072184584981,-64.4859859956398,0.999998715869168));
#8961=CARTESIAN_POINT('',(-188.010923089956,-64.5245193918961,0.999998715869168));
#8962=CARTESIAN_POINT('',(-187.948933720447,-64.5626469928193,0.999998715869168));
#8963=CARTESIAN_POINT('',(-187.88862137284,-64.5997431133069,0.999998715869168));
#8964=CARTESIAN_POINT('',(-187.828406420156,-64.6359716735863,0.999998715869168));
#8965=CARTESIAN_POINT('',(-187.767367335423,-64.6718595906671,0.999998715869168));
#8966=CARTESIAN_POINT('',(-187.709764172416,-64.7057273582896,0.999998715869168));
#8967=CARTESIAN_POINT('',(-187.65181382324,-64.7390181988699,0.999998715869168));
#8968=CARTESIAN_POINT('',(-187.593675746827,-64.7719520198759,0.999998715869168));
#8969=CARTESIAN_POINT('',(-187.522904228325,-64.8120423817618,0.999998715869168));
#8970=CARTESIAN_POINT('',(-187.45187222789,-64.8516777446571,0.999998715869168));
#8971=CARTESIAN_POINT('',(-187.380758684517,-64.8911555746279,0.999998715869168));
#8972=CARTESIAN_POINT('',(-187.296185918742,-64.9381051303535,0.999998715869168));
#8973=CARTESIAN_POINT('',(-187.211480306435,-64.9848165910412,0.999998715869168));
#8974=CARTESIAN_POINT('',(-187.126724455441,-65.0314341706537,0.999998715869168));
#8975=CARTESIAN_POINT('',(-187.034399797401,-65.0822147603815,0.999998715869168));
#8976=CARTESIAN_POINT('',(-186.942008329029,-65.1328741239386,0.999998715869168));
#8977=CARTESIAN_POINT('',(-186.849598245399,-65.1834989530203,0.999998715869168));
#8978=CARTESIAN_POINT('',(-186.651714723345,-65.2919050824019,0.999998715869168));
#8979=CARTESIAN_POINT('',(-186.453757124404,-65.4001794994538,0.999998715869168));
#8980=CARTESIAN_POINT('',(-186.25631883023,-65.5093935820396,0.999998715869168));
#8981=CARTESIAN_POINT('',(-186.045108581448,-65.6262256973584,0.999998715869168));
#8982=CARTESIAN_POINT('',(-185.834512591965,-65.7442276434235,0.999998715869168));
#8983=CARTESIAN_POINT('',(-185.6253191392,-65.8646103950234,0.999998715869168));
#8984=CARTESIAN_POINT('',(-185.560359157917,-65.9019923550575,0.999998715869168));
#8985=CARTESIAN_POINT('',(-185.49552655639,-65.9395994036606,0.999998715869168));
#8986=CARTESIAN_POINT('',(-185.430860560646,-65.9774860181183,0.999998715869168));
#8987=CARTESIAN_POINT('',(-185.362284832487,-66.0176632727012,0.999998715869168));
#8988=CARTESIAN_POINT('',(-185.29388950103,-66.0581543851404,0.999998715869168));
#8989=CARTESIAN_POINT('',(-185.225705170986,-66.098989705416,0.999998715869168));
#8990=CARTESIAN_POINT('',(-185.077159019738,-66.1879533963115,0.999998715869168));
#8991=CARTESIAN_POINT('',(-184.930582666833,-66.2779682805699,0.999998715869168));
#8992=CARTESIAN_POINT('',(-184.784321010323,-66.3706438231425,0.999998715869168));
#8993=CARTESIAN_POINT('',(-184.624043506424,-66.472200204975,0.999998715869168));
#8994=CARTESIAN_POINT('',(-184.466418711941,-66.5755190436178,0.999998715869168));
#8995=CARTESIAN_POINT('',(-184.309701793564,-66.6824944377356,0.999998715869168));
#8996=CARTESIAN_POINT('',(-184.22660604871,-66.7392158188559,0.999998715869168));
#8997=CARTESIAN_POINT('',(-184.144170145637,-66.7966902479666,0.999998715869168));
#8998=CARTESIAN_POINT('',(-184.062268340132,-66.855122937111,0.999998715869168));
#8999=CARTESIAN_POINT('',(-183.976553256572,-66.9162762023138,0.999998715869168));
#9000=CARTESIAN_POINT('',(-183.892371271896,-66.9778036074654,0.999998715869168));
#9001=CARTESIAN_POINT('',(-183.808121732653,-67.040961106341,0.999998715869168));
#9002=CARTESIAN_POINT('',(-183.73193249453,-67.0980762165759,0.999998715869168));
#9003=CARTESIAN_POINT('',(-183.65710272381,-67.1554657498473,0.999998715869168));
#9004=CARTESIAN_POINT('',(-183.582267202865,-67.2143442561053,0.999998715869168));
#9005=CARTESIAN_POINT('',(-183.50213183074,-67.2773925378515,0.999998715869168));
#9006=CARTESIAN_POINT('',(-183.422890490952,-67.3414409904158,0.999998715869168));
#9007=CARTESIAN_POINT('',(-183.344475738264,-67.4066172291468,0.999998715869168));
#9008=CARTESIAN_POINT('',(-183.259925100583,-67.4768934508716,0.999998715869168));
#9009=CARTESIAN_POINT('',(-183.177303633198,-67.5476784750438,0.999998715869168));
#9010=CARTESIAN_POINT('',(-183.09495814358,-67.6205269189113,0.999998715869168));
#9011=CARTESIAN_POINT('',(-183.005712105016,-67.6994800596451,0.999998715869168));
#9012=CARTESIAN_POINT('',(-182.917931600706,-67.7798501779423,0.999998715869168));
#9013=CARTESIAN_POINT('',(-182.831564258769,-67.8619440693892,0.999998715869168));
#9014=CARTESIAN_POINT('',(-182.738867007153,-67.9500546669933,0.999998715869168));
#9015=CARTESIAN_POINT('',(-182.64766669825,-68.0402755122313,0.999998715869168));
#9016=CARTESIAN_POINT('',(-182.558608994025,-68.1320638618884,0.999998715869168));
#9017=CARTESIAN_POINT('',(-182.463390141883,-68.2302022696817,0.999998715869168));
#9018=CARTESIAN_POINT('',(-182.371511446964,-68.3292180734761,0.999998715869168));
#9019=CARTESIAN_POINT('',(-182.280902774952,-68.4316302441775,0.999998715869168));
#9020=CARTESIAN_POINT('',(-182.077658934599,-68.6613504509742,0.999998715869168));
#9021=CARTESIAN_POINT('',(-181.887352508915,-68.9008004018319,0.999998715869168));
#9022=CARTESIAN_POINT('',(-181.710691394017,-69.151574694919,0.999998715869168));
#9023=CARTESIAN_POINT('',(-181.644584838339,-69.2454143878126,0.999998715869168));
#9024=CARTESIAN_POINT('',(-181.58076935384,-69.3403031259563,0.999998715869168));
#9025=CARTESIAN_POINT('',(-181.518823998731,-69.436940625556,0.999998715869168));
#9026=CARTESIAN_POINT('',(-181.453850485602,-69.5383021858843,0.999998715869168));
#9027=CARTESIAN_POINT('',(-181.390983678136,-69.641510819511,0.999998715869168));
#9028=CARTESIAN_POINT('',(-181.330784208821,-69.7457791101865,0.999998715869168));
#9029=CARTESIAN_POINT('',(-181.268131391373,-69.8542967143374,0.999998715869168));
#9030=CARTESIAN_POINT('',(-181.208150309928,-69.9643376554106,0.999998715869168));
#9031=CARTESIAN_POINT('',(-181.150927364523,-70.0758143365706,0.999998715869168));
#9032=CARTESIAN_POINT('',(-181.091641648565,-70.1913095248794,0.999998715869168));
#9033=CARTESIAN_POINT('',(-181.035416172774,-70.3081518311874,0.999998715869168));
#9034=CARTESIAN_POINT('',(-180.98214392114,-70.4265409352101,0.999998715869168));
#9035=CARTESIAN_POINT('',(-180.98214392114,-70.4265409352101,0.999998715869168));
#9036=CARTESIAN_POINT('',(-180.98214392114,-70.4265409352101,-1.28413083189116E-6));
#9037=CARTESIAN_POINT('',(-180.98214392114,-70.4265409352101,-1.28413083189116E-6));
#9038=CARTESIAN_POINT('',(-180.84537638661,-70.7304850219627,-1.28413083189116E-6));
#9039=CARTESIAN_POINT('',(-180.728220631908,-71.0462032287926,-1.28413083189116E-6));
#9040=CARTESIAN_POINT('',(-180.633493507486,-71.3657533762548,-1.28413083189116E-6));
#9041=CARTESIAN_POINT('',(-180.540899720819,-71.6781069747026,-1.28413083189116E-6));
#9042=CARTESIAN_POINT('',(-180.468522939396,-71.9982469059432,-1.28413083189116E-6));
#9043=CARTESIAN_POINT('',(-180.417282597592,-72.3199705577858,-1.28413083189116E-6));
#9044=CARTESIAN_POINT('',(-180.368458283592,-72.6265246525882,-1.28413083189116E-6));
#9045=CARTESIAN_POINT('',(-180.338455022677,-72.9369172020881,-1.28413083189116E-6));
#9046=CARTESIAN_POINT('',(-180.326659692131,-73.2470907564511,-1.28413083189116E-6));
#9047=CARTESIAN_POINT('',(-180.315642366229,-73.5368056670625,-1.28413083189116E-6));
#9048=CARTESIAN_POINT('',(-180.320513120481,-73.8263713156784,-1.28413083189116E-6));
#9049=CARTESIAN_POINT('',(-180.340028084246,-74.115616271622,-1.28413083189116E-6));
#9050=CARTESIAN_POINT('',(-180.340910413423,-74.1286938907765,-1.28413083189116E-6));
#9051=CARTESIAN_POINT('',(-180.341822425603,-74.1417696201693,-1.28413083189116E-6));
#9052=CARTESIAN_POINT('',(-180.342764854454,-74.1548429939417,-1.28413083189116E-6));
#9053=CARTESIAN_POINT('',(-180.343690895551,-74.1676890367812,-1.28413083189116E-6));
#9054=CARTESIAN_POINT('',(-180.344646522785,-74.1805330515213,-1.28413083189116E-6));
#9055=CARTESIAN_POINT('',(-180.345630007097,-74.1933747753276,-1.28413083189116E-6));
#9056=CARTESIAN_POINT('',(-180.346595976335,-74.2059877982419,-1.28413083189116E-6));
#9057=CARTESIAN_POINT('',(-180.34758887598,-74.2185988646897,-1.28413083189116E-6));
#9058=CARTESIAN_POINT('',(-180.348611911409,-74.231207339443,-1.28413083189116E-6));
#9059=CARTESIAN_POINT('',(-180.349624132963,-74.243682537809,-1.28413083189116E-6));
#9060=CARTESIAN_POINT('',(-180.350665845564,-74.2561554447157,-1.28413083189116E-6));
#9061=CARTESIAN_POINT('',(-180.351733804675,-74.2686259472277,-1.28413083189116E-6));
#9062=CARTESIAN_POINT('',(-180.37427631206,-74.5318536233697,-1.28413083189116E-6));
#9063=CARTESIAN_POINT('',(-180.408096192594,-74.7896460220668,-1.28413083189116E-6));
#9064=CARTESIAN_POINT('',(-180.453185696255,-75.0499460435478,-1.28413083189116E-6));
#9065=CARTESIAN_POINT('',(-180.492986364488,-75.2797138155338,-1.28413083189116E-6));
#9066=CARTESIAN_POINT('',(-180.540554861719,-75.5057817336992,-1.28413083189116E-6));
#9067=CARTESIAN_POINT('',(-180.595794402908,-75.732322963815,-1.28413083189116E-6));
#9068=CARTESIAN_POINT('',(-180.644618977197,-75.932555965057,-1.28413083189116E-6));
#9069=CARTESIAN_POINT('',(-180.69835528447,-76.1288130167422,-1.28413083189116E-6));
#9070=CARTESIAN_POINT('',(-180.757585613007,-76.3262112092734,-1.28413083189116E-6));
#9071=CARTESIAN_POINT('',(-180.810165961859,-76.5014468711749,-1.28413083189116E-6));
#9072=CARTESIAN_POINT('',(-180.865286942685,-76.6716893506864,-1.28413083189116E-6));
#9073=CARTESIAN_POINT('',(-180.924853424782,-76.8446711156007,-1.28413083189116E-6));
#9074=CARTESIAN_POINT('',(-180.989691263739,-77.032960962862,-1.28413083189116E-6));
#9075=CARTESIAN_POINT('',(-181.056878201735,-77.2160863613531,-1.28413083189116E-6));
#9076=CARTESIAN_POINT('',(-181.128548119456,-77.4018786505042,-1.28413083189116E-6));
#9077=CARTESIAN_POINT('',(-181.195329426936,-77.5749980342521,-1.28413083189116E-6));
#9078=CARTESIAN_POINT('',(-181.264526556795,-77.7466283825079,-1.28413083189116E-6));
#9079=CARTESIAN_POINT('',(-181.336028844756,-77.9178493786133,-1.28413083189116E-6));
#9080=CARTESIAN_POINT('',(-181.40282347648,-78.077797314606,-1.28413083189116E-6));
#9081=CARTESIAN_POINT('',(-181.471217969981,-78.2364092031335,-1.28413083189116E-6));
#9082=CARTESIAN_POINT('',(-181.541295548818,-78.3949446755407,-1.28413083189116E-6));
#9083=CARTESIAN_POINT('',(-181.60596807642,-78.5412523803061,-1.28413083189116E-6));
#9084=CARTESIAN_POINT('',(-181.671899462199,-78.6870198287534,-1.28413083189116E-6));
#9085=CARTESIAN_POINT('',(-181.738783400489,-78.8323219125277,-1.28413083189116E-6));
#9086=CARTESIAN_POINT('',(-181.80859423524,-78.983982535673,-1.28413083189116E-6));
#9087=CARTESIAN_POINT('',(-181.879438028284,-79.1351778356943,-1.28413083189116E-6));
#9088=CARTESIAN_POINT('',(-181.951022547561,-79.2860043334417,-1.28413083189116E-6));
#9089=CARTESIAN_POINT('',(-182.021102501188,-79.4336607551772,-1.28413083189116E-6));
#9090=CARTESIAN_POINT('',(-182.091885789908,-79.5809879435633,-1.28413083189116E-6));
#9091=CARTESIAN_POINT('',(-182.163136961133,-79.7280804826426,-1.28413083189116E-6));
#9092=CARTESIAN_POINT('',(-182.231991456734,-79.87022527003,-1.28413083189116E-6));
#9093=CARTESIAN_POINT('',(-182.301289790863,-80.0121566740454,-1.28413083189116E-6));
#9094=CARTESIAN_POINT('',(-182.370826782455,-80.153967994898,-1.28413083189116E-6));
#9095=CARTESIAN_POINT('',(-182.43680159024,-80.2885147220509,-1.28413083189116E-6));
#9096=CARTESIAN_POINT('',(-182.502995072799,-80.4229544268997,-1.28413083189116E-6));
#9097=CARTESIAN_POINT('',(-182.569211501234,-80.5573822764406,-1.28413083189116E-6));
#9098=CARTESIAN_POINT('',(-182.574132059767,-80.5673716418862,-1.28413083189116E-6));
#9099=CARTESIAN_POINT('',(-182.579052715767,-80.5773609593282,-1.28413083189116E-6));
#9100=CARTESIAN_POINT('',(-182.583973628915,-80.5873501500873,-1.28413083189116E-6));
#9101=CARTESIAN_POINT('',(-182.588977745694,-80.5975082397724,-1.28413083189116E-6));
#9102=CARTESIAN_POINT('',(-182.593982121184,-80.6076662020128,-1.28413083189116E-6));
#9103=CARTESIAN_POINT('',(-182.598986452604,-80.6178241859557,-1.28413083189116E-6));
#9104=CARTESIAN_POINT('',(-182.603987239039,-80.6279749741493,-1.28413083189116E-6));
#9105=CARTESIAN_POINT('',(-182.608987982691,-80.6381257834255,-1.28413083189116E-6));
#9106=CARTESIAN_POINT('',(-182.613989155511,-80.6482763812514,-1.28413083189116E-6));
#9107=CARTESIAN_POINT('',(-182.618983578043,-80.6584132784005,-1.28413083189116E-6));
#9108=CARTESIAN_POINT('',(-182.623978428697,-80.6685499646146,-1.28413083189116E-6));
#9109=CARTESIAN_POINT('',(-182.628972881541,-80.6786868468287,-1.28413083189116E-6));
#9110=CARTESIAN_POINT('',(-182.778662423791,-80.9825009593951,-1.28413083189116E-6));
#9111=CARTESIAN_POINT('',(-182.928092054224,-81.2864576315806,-1.28413083189116E-6));
#9112=CARTESIAN_POINT('',(-183.074911436228,-81.5916646260357,-1.28413083189116E-6));
#9113=CARTESIAN_POINT('',(-183.208804339694,-81.8700001570019,-1.28413083189116E-6));
#9114=CARTESIAN_POINT('',(-183.342522507424,-82.1537154782741,-1.28413083189116E-6));
#9115=CARTESIAN_POINT('',(-183.469705125893,-82.4351916060864,-1.28413083189116E-6));
#9116=CARTESIAN_POINT('',(-183.58828646694,-82.6976316872128,-1.28413083189116E-6));
#9117=CARTESIAN_POINT('',(-183.703054308181,-82.9622173431021,-1.28413083189116E-6));
#9118=CARTESIAN_POINT('',(-183.811605160684,-83.2289777620881,-1.28413083189116E-6));
#9119=CARTESIAN_POINT('',(-183.915096597355,-83.4833048205232,-1.28413083189116E-6));
#9120=CARTESIAN_POINT('',(-184.012557904254,-83.7386541864098,-1.28413083189116E-6));
#9121=CARTESIAN_POINT('',(-184.103261549167,-83.9978321518699,-1.28413083189116E-6));
#9122=CARTESIAN_POINT('',(-184.106356148353,-84.0066747063431,-1.28413083189116E-6));
#9123=CARTESIAN_POINT('',(-184.109442482531,-84.0155201682842,-1.28413083189116E-6));
#9124=CARTESIAN_POINT('',(-184.112520050257,-84.024368658,-1.28413083189116E-6));
#9125=CARTESIAN_POINT('',(-184.11553258944,-84.0330301804597,-1.28413083189116E-6));
#9126=CARTESIAN_POINT('',(-184.11853633307,-84.0416947784543,-1.28413083189116E-6));
#9127=CARTESIAN_POINT('',(-184.121531200226,-84.0503624195605,-1.28413083189116E-6));
#9128=CARTESIAN_POINT('',(-184.12456092194,-84.0591309355254,-1.28413083189116E-6));
#9129=CARTESIAN_POINT('',(-184.127582248173,-84.0679023666403,-1.28413083189116E-6));
#9130=CARTESIAN_POINT('',(-184.13059536009,-84.0766765975272,-1.28413083189116E-6));
#9131=CARTESIAN_POINT('',(-184.133454081007,-84.0850012393153,-1.28413083189116E-6));
#9132=CARTESIAN_POINT('',(-184.136304833248,-84.0933286334143,-1.28413083189116E-6));
#9133=CARTESIAN_POINT('',(-184.139146538473,-84.1016590918648,-1.28413083189116E-6));
#9134=CARTESIAN_POINT('',(-184.223006575565,-84.3474947783538,-1.28413083189116E-6));
#9135=CARTESIAN_POINT('',(-184.299386781494,-84.5964233722582,-1.28413083189116E-6));
#9136=CARTESIAN_POINT('',(-184.366747416993,-84.8472953992,-1.28413083189116E-6));
#9137=CARTESIAN_POINT('',(-184.433004627085,-85.0940579255971,-1.28413083189116E-6));
#9138=CARTESIAN_POINT('',(-184.491488048053,-85.3462600930943,-1.28413083189116E-6));
#9139=CARTESIAN_POINT('',(-184.539038951517,-85.5973197311148,-1.28413083189116E-6));
#9140=CARTESIAN_POINT('',(-184.584422086755,-85.8369339692244,-1.28413083189116E-6));
#9141=CARTESIAN_POINT('',(-184.620819697761,-86.0806819665008,-1.28413083189116E-6));
#9142=CARTESIAN_POINT('',(-184.645263609874,-86.3233597572287,-1.28413083189116E-6));
#9143=CARTESIAN_POINT('',(-184.656859583782,-86.4384839368747,-1.28413083189116E-6));
#9144=CARTESIAN_POINT('',(-184.665853081002,-86.5542511420067,-1.28413083189116E-6));
#9145=CARTESIAN_POINT('',(-184.671867556102,-86.6698039329694,-1.28413083189116E-6));
#9146=CARTESIAN_POINT('',(-184.674767262927,-86.7255143999687,-1.28413083189116E-6));
#9147=CARTESIAN_POINT('',(-184.676989749175,-86.7814703435768,-1.28413083189116E-6));
#9148=CARTESIAN_POINT('',(-184.678473324039,-86.8372366816,-1.28413083189116E-6));
#9149=CARTESIAN_POINT('',(-184.679920748595,-86.8916441597989,-1.28413083189116E-6));
#9150=CARTESIAN_POINT('',(-184.680656955002,-86.9455730994407,-1.28413083189116E-6));
#9151=CARTESIAN_POINT('',(-184.680656954933,-86.9999999962731,-1.28413083189116E-6));
#9152=CARTESIAN_POINT('',(-184.680656954865,-87.0544268935123,-1.28413083189116E-6));
#9153=CARTESIAN_POINT('',(-184.679920748311,-87.1083558344703,-1.28413083189116E-6));
#9154=CARTESIAN_POINT('',(-184.678473323778,-87.1627633130761,-1.28413083189116E-6));
#9155=CARTESIAN_POINT('',(-184.676989748901,-87.2185296529315,-1.28413083189116E-6));
#9156=CARTESIAN_POINT('',(-184.674767262797,-87.2744855968294,-1.28413083189116E-6));
#9157=CARTESIAN_POINT('',(-184.671867555761,-87.3301960656538,-1.28413083189116E-6));
#9158=CARTESIAN_POINT('',(-184.665853080335,-87.4457488582411,-1.28413083189116E-6));
#9159=CARTESIAN_POINT('',(-184.656859581073,-87.5615160775305,-1.28413083189116E-6));
#9160=CARTESIAN_POINT('',(-184.645263607579,-87.6766402588487,-1.28413083189116E-6));
#9161=CARTESIAN_POINT('',(-184.620819695586,-87.9193180605885,-1.28413083189116E-6));
#9162=CARTESIAN_POINT('',(-184.584422096402,-88.1630659972593,-1.28413083189116E-6));
#9163=CARTESIAN_POINT('',(-184.539038955922,-88.402680245624,-1.28413083189116E-6));
#9164=CARTESIAN_POINT('',(-184.491488052412,-88.6537398656337,-1.28413083189116E-6));
#9165=CARTESIAN_POINT('',(-184.433004607669,-88.9059421314018,-1.28413083189116E-6));
#9166=CARTESIAN_POINT('',(-184.366747406003,-89.1527046417182,-1.28413083189116E-6));
#9167=CARTESIAN_POINT('',(-184.299386726623,-89.4035768476435,-1.28413083189116E-6));
#9168=CARTESIAN_POINT('',(-184.223006565501,-89.6525052410984,-1.28413083189116E-6));
#9169=CARTESIAN_POINT('',(-184.139146471612,-89.8983411024285,-1.28413083189116E-6));
#9170=CARTESIAN_POINT('',(-184.136304757212,-89.906671588062,-1.28413083189116E-6));
#9171=CARTESIAN_POINT('',(-184.133453997627,-89.9149990038488,-1.28413083189116E-6));
#9172=CARTESIAN_POINT('',(-184.130595271791,-89.9233236596097,-1.28413083189116E-6));
#9173=CARTESIAN_POINT('',(-184.12758214749,-89.9320979261931,-1.28413083189116E-6));
#9174=CARTESIAN_POINT('',(-184.12456081075,-89.9408693869236,-1.28413083189116E-6));
#9175=CARTESIAN_POINT('',(-184.121531080489,-89.9496379268685,-1.28413083189116E-6));
#9176=CARTESIAN_POINT('',(-184.118536220022,-89.9583055478695,-1.28413083189116E-6));
#9177=CARTESIAN_POINT('',(-184.115532485415,-89.9669701190096,-1.28413083189116E-6));
#9178=CARTESIAN_POINT('',(-184.112519957811,-89.9756316078008,-1.28413083189116E-6));
#9179=CARTESIAN_POINT('',(-184.109442395161,-89.9844800825344,-1.28413083189116E-6));
#9180=CARTESIAN_POINT('',(-184.106356068214,-89.993325523898,-1.28413083189116E-6));
#9181=CARTESIAN_POINT('',(-184.103261478588,-90.0021680512148,-1.28413083189116E-6));
#9182=CARTESIAN_POINT('',(-184.012557904779,-90.2613458182977,-1.28413083189116E-6));
#9183=CARTESIAN_POINT('',(-183.91509650227,-90.5166954060578,-1.28413083189116E-6));
#9184=CARTESIAN_POINT('',(-183.811605147579,-90.7710222701189,-1.28413083189116E-6));
#9185=CARTESIAN_POINT('',(-183.703054290165,-91.0377827086086,-1.28413083189116E-6));
#9186=CARTESIAN_POINT('',(-183.588286483369,-91.3023682804642,-1.28413083189116E-6));
#9187=CARTESIAN_POINT('',(-183.46970513262,-91.5648083790247,-1.28413083189116E-6));
#9188=CARTESIAN_POINT('',(-183.342522515983,-91.8462844984497,-1.28413083189116E-6));
#9189=CARTESIAN_POINT('',(-183.208804333455,-92.1299998545951,-1.28413083189116E-6));
#9190=CARTESIAN_POINT('',(-183.074911434157,-92.4083353782689,-1.28413083189116E-6));
#9191=CARTESIAN_POINT('',(-182.928091418962,-92.713543690505,-1.28413083189116E-6));
#9192=CARTESIAN_POINT('',(-182.77865816903,-93.0175076754531,-1.28413083189116E-6));
#9193=CARTESIAN_POINT('',(-182.628972877372,-93.3213131615762,-1.28413083189116E-6));
#9194=CARTESIAN_POINT('',(-182.623978424109,-93.3314500446627,-1.28413083189116E-6));
#9195=CARTESIAN_POINT('',(-182.618983573038,-93.3415867317483,-1.28413083189116E-6));
#9196=CARTESIAN_POINT('',(-182.613989150082,-93.3517236297671,-1.28413083189116E-6));
#9197=CARTESIAN_POINT('',(-182.608987976871,-93.3618742283982,-1.28413083189116E-6));
#9198=CARTESIAN_POINT('',(-182.603987232817,-93.3720250384827,-1.28413083189116E-6));
#9199=CARTESIAN_POINT('',(-182.598986445989,-93.3821758274735,-1.28413083189116E-6));
#9200=CARTESIAN_POINT('',(-182.593982115084,-93.3923338103675,-1.28413083189116E-6));
#9201=CARTESIAN_POINT('',(-182.588977740113,-93.4024917715553,-1.28413083189116E-6));
#9202=CARTESIAN_POINT('',(-182.583973623851,-93.4126498601902,-1.28413083189116E-6));
#9203=CARTESIAN_POINT('',(-182.57905271123,-93.4226390498811,-1.28413083189116E-6));
#9204=CARTESIAN_POINT('',(-182.574132055756,-93.4326283662549,-1.28413083189116E-6));
#9205=CARTESIAN_POINT('',(-182.569211497752,-93.442617730627,-1.28413083189116E-6));
#9206=CARTESIAN_POINT('',(-182.502995001125,-93.5770457186061,-1.28413083189116E-6));
#9207=CARTESIAN_POINT('',(-182.436801577394,-93.711485304153,-1.28413083189116E-6));
#9208=CARTESIAN_POINT('',(-182.370826782492,-93.8460320050258,-1.28413083189116E-6));
#9209=CARTESIAN_POINT('',(-182.301289409207,-93.9878441042788,-1.28413083189116E-6));
#9210=CARTESIAN_POINT('',(-182.231991236262,-94.1297751850943,-1.28413083189116E-6));
#9211=CARTESIAN_POINT('',(-182.163136961099,-94.2719195174268,-1.28413083189116E-6));
#9212=CARTESIAN_POINT('',(-182.091884799119,-94.4190141018657,-1.28413083189116E-6));
#9213=CARTESIAN_POINT('',(-182.021101814522,-94.566340691674,-1.28413083189116E-6));
#9214=CARTESIAN_POINT('',(-181.951022547582,-94.7139956665128,-1.28413083189116E-6));
#9215=CARTESIAN_POINT('',(-181.879435914751,-94.8648266173898,-1.28413083189116E-6));
#9216=CARTESIAN_POINT('',(-181.808592673992,-95.0160208558273,-1.28413083189116E-6));
#9217=CARTESIAN_POINT('',(-181.738783400478,-95.1676780875171,-1.28413083189116E-6));
#9218=CARTESIAN_POINT('',(-181.671896221309,-95.3129872121872,-1.28413083189116E-6));
#9219=CARTESIAN_POINT('',(-181.605965577175,-95.458753274514,-1.28413083189116E-6));
#9220=CARTESIAN_POINT('',(-181.541295548814,-95.6050553244684,-1.28413083189116E-6));
#9221=CARTESIAN_POINT('',(-181.471217968178,-95.7635908000607,-1.28413083189116E-6));
#9222=CARTESIAN_POINT('',(-181.402823476851,-95.9222026815271,-1.28413083189116E-6));
#9223=CARTESIAN_POINT('',(-181.33602884478,-96.082150621329,-1.28413083189116E-6));
#9224=CARTESIAN_POINT('',(-181.264526561748,-96.2533716088171,-1.28413083189116E-6));
#9225=CARTESIAN_POINT('',(-181.195329426956,-96.4250019766152,-1.28413083189116E-6));
#9226=CARTESIAN_POINT('',(-181.128548119369,-96.5981213497212,-1.28413083189116E-6));
#9227=CARTESIAN_POINT('',(-181.056878183351,-96.7839136745847,-1.28413083189116E-6));
#9228=CARTESIAN_POINT('',(-180.989691262152,-96.967039003071,-1.28413083189116E-6));
#9229=CARTESIAN_POINT('',(-180.924853424256,-97.1553288930888,-1.28413083189116E-6));
#9230=CARTESIAN_POINT('',(-180.865286991676,-97.3283105563155,-1.28413083189116E-6));
#9231=CARTESIAN_POINT('',(-180.810165963421,-97.4985532506143,-1.28413083189116E-6));
#9232=CARTESIAN_POINT('',(-180.757585612008,-97.673788794056,-1.28413083189116E-6));
#9233=CARTESIAN_POINT('',(-180.698355139185,-97.8711873243954,-1.28413083189116E-6));
#9234=CARTESIAN_POINT('',(-180.64461896967,-98.0674436436616,-1.28413083189116E-6));
#9235=CARTESIAN_POINT('',(-180.595794405677,-98.267677024829,-1.28413083189116E-6));
#9236=CARTESIAN_POINT('',(-180.540555235569,-98.4942172107353,-1.28413083189116E-6));
#9237=CARTESIAN_POINT('',(-180.492986382647,-98.7202873507074,-1.28413083189116E-6));
#9238=CARTESIAN_POINT('',(-180.45318568946,-98.9500539956944,-1.28413083189116E-6));
#9239=CARTESIAN_POINT('',(-180.408094177474,-99.2103641711456,-1.28413083189116E-6));
#9240=CARTESIAN_POINT('',(-180.374275943471,-99.4681499235876,-1.28413083189116E-6));
#9241=CARTESIAN_POINT('',(-180.351732753891,-99.731387904264,-1.28413083189116E-6));
#9242=CARTESIAN_POINT('',(-180.350665046428,-99.7438555790513,-1.28413083189116E-6));
#9243=CARTESIAN_POINT('',(-180.349623555417,-99.7563256009853,-1.28413083189116E-6));
#9244=CARTESIAN_POINT('',(-180.348611489401,-99.7687978698207,-1.28413083189116E-6));
#9245=CARTESIAN_POINT('',(-180.34758893433,-99.7813994012827,-1.28413083189116E-6));
#9246=CARTESIAN_POINT('',(-180.346596521143,-99.7940034844423,-1.28413083189116E-6));
#9247=CARTESIAN_POINT('',(-180.345631213476,-99.8066094804381,-1.28413083189116E-6));
#9248=CARTESIAN_POINT('',(-180.344645995094,-99.8194754913384,-1.28413083189116E-6));
#9249=CARTESIAN_POINT('',(-180.343688774605,-99.8323437502022,-1.28413083189116E-6));
#9250=CARTESIAN_POINT('',(-180.342760748131,-99.8452139652186,-1.28413083189116E-6));
#9251=CARTESIAN_POINT('',(-180.341818703841,-99.8582785845001,-1.28413083189116E-6));
#9252=CARTESIAN_POINT('',(-180.340906687955,-99.8713454810206,-1.28413083189116E-6));
#9253=CARTESIAN_POINT('',(-180.340024517217,-99.8844142280204,-1.28413083189116E-6));
#9254=CARTESIAN_POINT('',(-180.320509895682,-100.173509797253,-1.28413083189116E-6));
#9255=CARTESIAN_POINT('',(-180.315644368156,-100.463615889066,-1.28413083189116E-6));
#9256=CARTESIAN_POINT('',(-180.32667000207,-100.753180917256,-1.28413083189116E-6));
#9257=CARTESIAN_POINT('',(-180.338468054572,-101.063031891053,-1.28413083189116E-6));
#9258=CARTESIAN_POINT('',(-180.368486241395,-101.373118980622,-1.28413083189116E-6));
#9259=CARTESIAN_POINT('',(-180.417145099762,-101.679369190829,-1.28413083189116E-6));
#9260=CARTESIAN_POINT('',(-180.442531364566,-101.839145831582,-1.28413083189116E-6));
#9261=CARTESIAN_POINT('',(-180.472964368724,-101.997716593355,-1.28413083189116E-6));
#9262=CARTESIAN_POINT('',(-180.508639508175,-102.155516167055,-1.28413083189116E-6));
#9263=CARTESIAN_POINT('',(-180.545062836695,-102.316625157847,-1.28413083189116E-6));
#9264=CARTESIAN_POINT('',(-180.587183027928,-102.47796125386,-1.28413083189116E-6));
#9265=CARTESIAN_POINT('',(-180.634147988389,-102.636318460349,-1.28413083189116E-6));
#9266=CARTESIAN_POINT('',(-180.728834391897,-102.955583593427,-1.28413083189116E-6));
#9267=CARTESIAN_POINT('',(-180.844420707655,-103.266822204501,-1.28413083189116E-6));
#9268=CARTESIAN_POINT('',(-180.980881460821,-103.570583639444,-1.28413083189116E-6));
#9269=CARTESIAN_POINT('',(-181.008011125111,-103.630974232073,-1.28413083189116E-6));
#9270=CARTESIAN_POINT('',(-181.036267128864,-103.691739368538,-1.28413083189116E-6));
#9271=CARTESIAN_POINT('',(-181.064971563004,-103.751397592035,-1.28413083189116E-6));
#9272=CARTESIAN_POINT('',(-181.092963075861,-103.809574106571,-1.28413083189116E-6));
#9273=CARTESIAN_POINT('',(-181.121448967384,-103.866839223604,-1.28413083189116E-6));
#9274=CARTESIAN_POINT('',(-181.150946786788,-103.924266586781,-1.28413083189116E-6));
#9275=CARTESIAN_POINT('',(-181.208105570134,-104.035545260128,-1.28413083189116E-6));
#9276=CARTESIAN_POINT('',(-181.268342305776,-104.146028808386,-1.28413083189116E-6));
#9277=CARTESIAN_POINT('',(-181.330875115206,-104.254378354007,-1.28413083189116E-6));
#9278=CARTESIAN_POINT('',(-181.391164639671,-104.358840997555,-1.28413083189116E-6));
#9279=CARTESIAN_POINT('',(-181.453595867045,-104.46133266702,-1.28413083189116E-6));
#9280=CARTESIAN_POINT('',(-181.518706333567,-104.562859888774,-1.28413083189116E-6));
#9281=CARTESIAN_POINT('',(-181.550183746761,-104.611942847019,-1.28413083189116E-6));
#9282=CARTESIAN_POINT('',(-181.582399083517,-104.660974661004,-1.28413083189116E-6));
#9283=CARTESIAN_POINT('',(-181.614946752318,-104.709354509144,-1.28413083189116E-6));
#9284=CARTESIAN_POINT('',(-181.646543171419,-104.756320390701,-1.28413083189116E-6));
#9285=CARTESIAN_POINT('',(-181.678463835842,-104.80268828299,-1.28413083189116E-6));
#9286=CARTESIAN_POINT('',(-181.711062661583,-104.848964045317,-1.28413083189116E-6));
#9287=CARTESIAN_POINT('',(-181.887377178694,-105.099251854868,-1.28413083189116E-6));
#9288=CARTESIAN_POINT('',(-182.078100245032,-105.33914472773,-1.28413083189116E-6));
#9289=CARTESIAN_POINT('',(-182.280939937097,-105.568422148536,-1.28413083189116E-6));
#9290=CARTESIAN_POINT('',(-182.371556443294,-105.670849432918,-1.28413083189116E-6));
#9291=CARTESIAN_POINT('',(-182.463377462354,-105.769791424224,-1.28413083189116E-6));
#9292=CARTESIAN_POINT('',(-182.558610993998,-105.867938425922,-1.28413083189116E-6));
#9293=CARTESIAN_POINT('',(-182.647661944244,-105.959713703117,-1.28413083189116E-6));
#9294=CARTESIAN_POINT('',(-182.738881215016,-106.049956850749,-1.28413083189116E-6));
#9295=CARTESIAN_POINT('',(-182.831567304115,-106.138058824883,-1.28413083189116E-6));
#9296=CARTESIAN_POINT('',(-182.917936249635,-106.220156091885,-1.28413083189116E-6));
#9297=CARTESIAN_POINT('',(-183.005708469168,-106.300517312298,-1.28413083189116E-6));
#9298=CARTESIAN_POINT('',(-183.094957434442,-106.379472383044,-1.28413083189116E-6));
#9299=CARTESIAN_POINT('',(-183.177301854034,-106.45231927213,-1.28413083189116E-6));
#9300=CARTESIAN_POINT('',(-183.259925537378,-106.523106666949,-1.28413083189116E-6));
#9301=CARTESIAN_POINT('',(-183.344474649971,-106.593381866127,-1.28413083189116E-6));
#9302=CARTESIAN_POINT('',(-183.422889963332,-106.65855879816,-1.28413083189116E-6));
#9303=CARTESIAN_POINT('',(-183.502131323892,-106.722607148246,-1.28413083189116E-6));
#9304=CARTESIAN_POINT('',(-183.582267412503,-106.785655931065,-1.28413083189116E-6));
#9305=CARTESIAN_POINT('',(-183.657102976554,-106.844534412743,-1.28413083189116E-6));
#9306=CARTESIAN_POINT('',(-183.731932837027,-106.901924033803,-1.28413083189116E-6));
#9307=CARTESIAN_POINT('',(-183.808122087527,-106.959039159149,-1.28413083189116E-6));
#9308=CARTESIAN_POINT('',(-183.892371543658,-107.022196602169,-1.28413083189116E-6));
#9309=CARTESIAN_POINT('',(-183.976553282152,-107.083723814624,-1.28413083189116E-6));
#9310=CARTESIAN_POINT('',(-184.062268286512,-107.144877018503,-1.28413083189116E-6));
#9311=CARTESIAN_POINT('',(-184.144170057585,-107.203309678477,-1.28413083189116E-6));
#9312=CARTESIAN_POINT('',(-184.226606011975,-107.260784149582,-1.28413083189116E-6));
#9313=CARTESIAN_POINT('',(-184.309701717462,-107.317505508669,-1.28413083189116E-6));
#9314=CARTESIAN_POINT('',(-184.466418674083,-107.424480938018,-1.28413083189116E-6));
#9315=CARTESIAN_POINT('',(-184.624043490061,-107.527799786532,-1.28413083189116E-6));
#9316=CARTESIAN_POINT('',(-184.7843210382,-107.629356194521,-1.28413083189116E-6));
#9317=CARTESIAN_POINT('',(-184.930582692447,-107.722031733948,-1.28413083189116E-6));
#9318=CARTESIAN_POINT('',(-185.077159008793,-107.812046596746,-1.28413083189116E-6));
#9319=CARTESIAN_POINT('',(-185.225705156834,-107.901010286024,-1.28413083189116E-6));
#9320=CARTESIAN_POINT('',(-185.293890621943,-107.941846286225,-1.28413083189116E-6));
#9321=CARTESIAN_POINT('',(-185.362286080516,-107.9823374586,-1.28413083189116E-6));
#9322=CARTESIAN_POINT('',(-185.430860561599,-108.022513982613,-1.28413083189116E-6));
#9323=CARTESIAN_POINT('',(-185.495527222476,-108.060400986823,-1.28413083189116E-6));
#9324=CARTESIAN_POINT('',(-185.560359978191,-108.098008117162,-1.28413083189116E-6));
#9325=CARTESIAN_POINT('',(-185.625319142319,-108.135389606874,-1.28413083189116E-6));
#9326=CARTESIAN_POINT('',(-185.834520475261,-108.25577689295,-1.28413083189116E-6));
#9327=CARTESIAN_POINT('',(-186.045123656593,-108.373782641492,-1.28413083189116E-6));
#9328=CARTESIAN_POINT('',(-186.25631882974,-108.490606417689,-1.28413083189116E-6));
#9329=CARTESIAN_POINT('',(-186.453757024652,-108.599820445414,-1.28413083189116E-6));
#9330=CARTESIAN_POINT('',(-186.65171608746,-108.708095664907,-1.28413083189116E-6));
#9331=CARTESIAN_POINT('',(-186.849598245606,-108.81650104709,-1.28413083189116E-6));
#9332=CARTESIAN_POINT('',(-186.942008402371,-108.867125916232,-1.28413083189116E-6));
#9333=CARTESIAN_POINT('',(-187.034399821754,-108.917785253007,-1.28413083189116E-6));
#9334=CARTESIAN_POINT('',(-187.126724455412,-108.968565829326,-1.28413083189116E-6));
#9335=CARTESIAN_POINT('',(-187.211480640544,-109.015183592724,-1.28413083189116E-6));
#9336=CARTESIAN_POINT('',(-187.296186062314,-109.061894949348,-1.28413083189116E-6));
#9337=CARTESIAN_POINT('',(-187.380758684479,-109.108844425351,-1.28413083189116E-6));
#9338=CARTESIAN_POINT('',(-187.451873632161,-109.148323034907,-1.28413083189116E-6));
#9339=CARTESIAN_POINT('',(-187.522904757884,-109.187957918221,-1.28413083189116E-6));
#9340=CARTESIAN_POINT('',(-187.593675746837,-109.22804798013,-1.28413083189116E-6));
#9341=CARTESIAN_POINT('',(-187.651817323485,-109.260983783936,-1.28413083189116E-6));
#9342=CARTESIAN_POINT('',(-187.709766390228,-109.294273945673,-1.28413083189116E-6));
#9343=CARTESIAN_POINT('',(-187.767367335434,-109.32814040934,-1.28413083189116E-6));
#9344=CARTESIAN_POINT('',(-187.828406420188,-109.364028326433,-1.28413083189116E-6));
#9345=CARTESIAN_POINT('',(-187.888621372814,-109.400256886676,-1.28413083189116E-6));
#9346=CARTESIAN_POINT('',(-187.948933720442,-109.437353007177,-1.28413083189116E-6));
#9347=CARTESIAN_POINT('',(-188.010923089951,-109.4754806081,-1.28413083189116E-6));
#9348=CARTESIAN_POINT('',(-188.072184584978,-109.514014004359,-1.28413083189116E-6));
#9349=CARTESIAN_POINT('',(-188.133400408074,-109.553371525697,-1.28413083189116E-6));
#9350=CARTESIAN_POINT('',(-188.264570579453,-109.637704832968,-1.28413083189116E-6));
#9351=CARTESIAN_POINT('',(-188.39482057655,-109.725367889817,-1.28413083189116E-6));
#9352=CARTESIAN_POINT('',(-188.522851366397,-109.814385374393,-1.28413083189116E-6));
#9353=CARTESIAN_POINT('',(-188.663630890358,-109.912266822425,-1.28413083189116E-6));
#9354=CARTESIAN_POINT('',(-188.804755177321,-110.013890783105,-1.28413083189116E-6));
#9355=CARTESIAN_POINT('',(-188.942578347486,-110.115887824408,-1.28413083189116E-6));
#9356=CARTESIAN_POINT('',(-189.091645766567,-110.22620625405,-1.28413083189116E-6));
#9357=CARTESIAN_POINT('',(-189.23955013858,-110.338957568594,-1.28413083189116E-6));
#9358=CARTESIAN_POINT('',(-189.38583504178,-110.452935330436,-1.28413083189116E-6));
#9359=CARTESIAN_POINT('',(-189.464363051328,-110.514120364395,-1.28413083189116E-6));
#9360=CARTESIAN_POINT('',(-189.542546162897,-110.575754437975,-1.28413083189116E-6));
#9361=CARTESIAN_POINT('',(-189.620462878679,-110.637712968726,-1.28413083189116E-6));
#9362=CARTESIAN_POINT('',(-189.702511859434,-110.702957431946,-1.28413083189116E-6));
#9363=CARTESIAN_POINT('',(-189.784275703159,-110.768564546152,-1.28413083189116E-6));
#9364=CARTESIAN_POINT('',(-189.865815372465,-110.834442458316,-1.28413083189116E-6));
#9365=CARTESIAN_POINT('',(-189.9507771232,-110.903085154562,-1.28413083189116E-6));
#9366=CARTESIAN_POINT('',(-190.035500185759,-110.972025636297,-1.28413083189116E-6));
#9367=CARTESIAN_POINT('',(-190.120060814642,-111.041160706651,-1.28413083189116E-6));
#9368=CARTESIAN_POINT('',(-190.207058497383,-111.11228826325,-1.28413083189116E-6));
#9369=CARTESIAN_POINT('',(-190.293884310889,-111.183627305641,-1.28413083189116E-6));
#9370=CARTESIAN_POINT('',(-190.380580851625,-111.255120993665,-1.28413083189116E-6));
#9371=CARTESIAN_POINT('',(-190.530294381904,-111.378581195605,-1.28413083189116E-6));
#9372=CARTESIAN_POINT('',(-190.679642836422,-111.502484566622,-1.28413083189116E-6));
#9373=CARTESIAN_POINT('',(-190.8291004387,-111.626254083203,-1.28413083189116E-6));
#9374=CARTESIAN_POINT('',(-190.993030874736,-111.7620089094,-1.28413083189116E-6));
#9375=CARTESIAN_POINT('',(-191.157093706255,-111.897607979221,-1.28413083189116E-6));
#9376=CARTESIAN_POINT('',(-191.321752118548,-112.032477457817,-1.28413083189116E-6));
#9377=CARTESIAN_POINT('',(-191.498738985473,-112.177445006865,-1.28413083189116E-6));
#9378=CARTESIAN_POINT('',(-191.676419529964,-112.32158879497,-1.28413083189116E-6));
#9379=CARTESIAN_POINT('',(-191.855192067174,-112.464338648436,-1.28413083189116E-6));
#9380=CARTESIAN_POINT('',(-192.046704347526,-112.617261185555,-1.28413083189116E-6));
#9381=CARTESIAN_POINT('',(-192.235499226703,-112.765425842384,-1.28413083189116E-6));
#9382=CARTESIAN_POINT('',(-192.430016197896,-112.914511702059,-1.28413083189116E-6));
#9383=CARTESIAN_POINT('',(-192.577136197082,-113.027270560166,-1.28413083189116E-6));
#9384=CARTESIAN_POINT('',(-192.723935608187,-113.137795122875,-1.28413083189116E-6));
#9385=CARTESIAN_POINT('',(-192.873224903108,-113.247668096849,-1.28413083189116E-6));
#9386=CARTESIAN_POINT('',(-193.032260950656,-113.364714423061,-1.28413083189116E-6));
#9387=CARTESIAN_POINT('',(-193.192421768179,-113.479765801684,-1.28413083189116E-6));
#9388=CARTESIAN_POINT('',(-193.354337112836,-113.592798382796,-1.28413083189116E-6));
#9389=CARTESIAN_POINT('',(-193.525839313098,-113.712523516958,-1.28413083189116E-6));
#9390=CARTESIAN_POINT('',(-193.698343375558,-113.829306669022,-1.28413083189116E-6));
#9391=CARTESIAN_POINT('',(-193.873380908256,-113.943803988195,-1.28413083189116E-6));
#9392=CARTESIAN_POINT('',(-194.058193493153,-114.064695463263,-1.28413083189116E-6));
#9393=CARTESIAN_POINT('',(-194.244736106677,-114.182320906187,-1.28413083189116E-6));
#9394=CARTESIAN_POINT('',(-194.433653240518,-114.296695750794,-1.28413083189116E-6));
#9395=CARTESIAN_POINT('',(-194.709559035811,-114.46373556249,-1.28413083189116E-6));
#9396=CARTESIAN_POINT('',(-194.990089607077,-114.623573738547,-1.28413083189116E-6));
#9397=CARTESIAN_POINT('',(-195.274968378929,-114.774824711593,-1.28413083189116E-6));
#9398=CARTESIAN_POINT('',(-195.575211273878,-114.934232973978,-1.28413083189116E-6));
#9399=CARTESIAN_POINT('',(-195.88043499131,-115.08418225872,-1.28413083189116E-6));
#9400=CARTESIAN_POINT('',(-196.190446260723,-115.223666505834,-1.28413083189116E-6));
#9401=CARTESIAN_POINT('',(-196.514374716985,-115.369412552183,-1.28413083189116E-6));
#9402=CARTESIAN_POINT('',(-196.84306220545,-115.503521947537,-1.28413083189116E-6));
#9403=CARTESIAN_POINT('',(-197.176698837426,-115.625436674226,-1.28413083189116E-6));
#9404=CARTESIAN_POINT('',(-197.523457733394,-115.752146429621,-1.28413083189116E-6));
#9405=CARTESIAN_POINT('',(-197.875795983712,-115.865770225441,-1.28413083189116E-6));
#9406=CARTESIAN_POINT('',(-198.231344833091,-115.96519503277,-1.28413083189116E-6));
#9407=CARTESIAN_POINT('',(-198.255138804843,-115.971848720613,-1.28413083189116E-6));
#9408=CARTESIAN_POINT('',(-198.278950550804,-115.978439867275,-1.28413083189116E-6));
#9409=CARTESIAN_POINT('',(-198.302778895597,-115.984968906932,-1.28413083189116E-6));
#9410=CARTESIAN_POINT('',(-198.326560720199,-115.991485199914,-1.28413083189116E-6));
#9411=CARTESIAN_POINT('',(-198.350359739267,-115.997939781068,-1.28413083189116E-6));
#9412=CARTESIAN_POINT('',(-198.374175251707,-116.004331368008,-1.28413083189116E-6));
#9413=CARTESIAN_POINT('',(-198.397936952015,-116.010708512894,-1.28413083189116E-6));
#9414=CARTESIAN_POINT('',(-198.421715815844,-116.017022776423,-1.28413083189116E-6));
#9415=CARTESIAN_POINT('',(-198.44551068394,-116.023274520462,-1.28413083189116E-6));
#9416=CARTESIAN_POINT('',(-198.469423046509,-116.029557134408,-1.28413083189116E-6));
#9417=CARTESIAN_POINT('',(-198.493352118625,-116.035777252216,-1.28413083189116E-6));
#9418=CARTESIAN_POINT('',(-198.517297187733,-116.041933519197,-1.28413083189116E-6));
#9419=CARTESIAN_POINT('',(-198.803669871589,-116.115559813195,-1.28413083189116E-6));
#9420=CARTESIAN_POINT('',(-199.0926107469,-116.180098119555,-1.28413083189116E-6));
#9421=CARTESIAN_POINT('',(-199.383088941726,-116.235346554262,-1.28413083189116E-6));
#9422=CARTESIAN_POINT('',(-199.67292013413,-116.290471930263,-1.28413083189116E-6));
#9423=CARTESIAN_POINT('',(-199.964347677672,-116.336361256496,-1.28413083189116E-6));
#9424=CARTESIAN_POINT('',(-200.25708893689,-116.373011329948,-1.28413083189116E-6));
#9425=CARTESIAN_POINT('',(-200.549084167057,-116.409568003449,-1.28413083189116E-6));
#9426=CARTESIAN_POINT('',(-200.842405562646,-116.436934801857,-1.28413083189116E-6));
#9427=CARTESIAN_POINT('',(-201.136116950215,-116.45511854049,-1.28413083189116E-6));
#9428=CARTESIAN_POINT('',(-201.429160495105,-116.473260932831,-1.28413083189116E-6));
#9429=CARTESIAN_POINT('',(-201.722477817371,-116.482254856753,-1.28413083189116E-6));
#9430=CARTESIAN_POINT('',(-202.016080837149,-116.482254856753,-1.28413083189116E-6));
#9431=CARTESIAN_POINT('',(-202.309683856932,-116.482254856753,-1.28413083189116E-6));
#9432=CARTESIAN_POINT('',(-202.603001179183,-116.473260932831,-1.28413083189116E-6));
#9433=CARTESIAN_POINT('',(-202.89604472408,-116.455118540489,-1.28413083189116E-6));
#9434=CARTESIAN_POINT('',(-203.189756111643,-116.436934801857,-1.28413083189116E-6));
#9435=CARTESIAN_POINT('',(-203.483077507241,-116.409568003448,-1.28413083189116E-6));
#9436=CARTESIAN_POINT('',(-203.775072737403,-116.373011329948,-1.28413083189116E-6));
#9437=CARTESIAN_POINT('',(-204.067813996615,-116.336361256497,-1.28413083189116E-6));
#9438=CARTESIAN_POINT('',(-204.359241540167,-116.290471930262,-1.28413083189116E-6));
#9439=CARTESIAN_POINT('',(-204.649072732565,-116.235346554263,-1.28413083189116E-6));
#9440=CARTESIAN_POINT('',(-204.939550927411,-116.180098119552,-1.28413083189116E-6));
#9441=CARTESIAN_POINT('',(-205.228491802701,-116.115559813197,-1.28413083189116E-6));
#9442=CARTESIAN_POINT('',(-205.514864486577,-116.041933519193,-1.28413083189116E-6));
#9443=CARTESIAN_POINT('',(-205.53880967974,-116.035777220317,-1.28413083189116E-6));
#9444=CARTESIAN_POINT('',(-205.562738753616,-116.029557101348,-1.28413083189116E-6));
#9445=CARTESIAN_POINT('',(-205.586650990375,-116.023274520456,-1.28413083189116E-6));
#9446=CARTESIAN_POINT('',(-205.610445983179,-116.017022743652,-1.28413083189116E-6));
#9447=CARTESIAN_POINT('',(-205.634224845733,-116.010708479762,-1.28413083189116E-6));
#9448=CARTESIAN_POINT('',(-205.657986422598,-116.004331368005,-1.28413083189116E-6));
#9449=CARTESIAN_POINT('',(-205.681802056657,-115.997939748424,-1.28413083189116E-6));
#9450=CARTESIAN_POINT('',(-205.705601077322,-115.991485166149,-1.28413083189116E-6));
#9451=CARTESIAN_POINT('',(-205.729382778686,-115.984968906935,-1.28413083189116E-6));
#9452=CARTESIAN_POINT('',(-205.753211246421,-115.978439833591,-1.28413083189116E-6));
#9453=CARTESIAN_POINT('',(-205.777022990976,-115.971848686631,-1.28413083189116E-6));
#9454=CARTESIAN_POINT('',(-205.800816841192,-115.965195032773,-1.28413083189116E-6));
#9455=CARTESIAN_POINT('',(-206.156365690585,-115.86577022544,-1.28413083189116E-6));
#9456=CARTESIAN_POINT('',(-206.508703940884,-115.752146429626,-1.28413083189116E-6));
#9457=CARTESIAN_POINT('',(-206.855462836865,-115.625436674226,-1.28413083189116E-6));
#9458=CARTESIAN_POINT('',(-207.189099468838,-115.503521947539,-1.28413083189116E-6));
#9459=CARTESIAN_POINT('',(-207.517786957312,-115.369412552181,-1.28413083189116E-6));
#9460=CARTESIAN_POINT('',(-207.841715413571,-115.223666505834,-1.28413083189116E-6));
#9461=CARTESIAN_POINT('',(-208.151726682974,-115.084182258725,-1.28413083189116E-6));
#9462=CARTESIAN_POINT('',(-208.456950400425,-114.934232973973,-1.28413083189116E-6));
#9463=CARTESIAN_POINT('',(-208.757193295365,-114.774824711593,-1.28413083189116E-6));
#9464=CARTESIAN_POINT('',(-209.042072067206,-114.623573738553,-1.28413083189116E-6));
#9465=CARTESIAN_POINT('',(-209.322602638494,-114.463735562482,-1.28413083189116E-6));
#9466=CARTESIAN_POINT('',(-209.598508433777,-114.296695750793,-1.28413083189116E-6));
#9467=CARTESIAN_POINT('',(-209.787425567608,-114.182320906192,-1.28413083189116E-6));
#9468=CARTESIAN_POINT('',(-209.97396818115,-114.064695463256,-1.28413083189116E-6));
#9469=CARTESIAN_POINT('',(-210.158780766038,-113.943803988195,-1.28413083189116E-6));
#9470=CARTESIAN_POINT('',(-210.333818298756,-113.829306669008,-1.28413083189116E-6));
#9471=CARTESIAN_POINT('',(-210.506322361177,-113.712523516971,-1.28413083189116E-6));
#9472=CARTESIAN_POINT('',(-210.677824561459,-113.592798382795,-1.28413083189116E-6));
#9473=CARTESIAN_POINT('',(-210.839739906119,-113.47976580168,-1.28413083189116E-6));
#9474=CARTESIAN_POINT('',(-210.999900723633,-113.364714423064,-1.28413083189116E-6));
#9475=CARTESIAN_POINT('',(-211.158936771185,-113.247668096849,-1.28413083189116E-6));
#9476=CARTESIAN_POINT('',(-211.308226066131,-113.137795122856,-1.28413083189116E-6));
#9477=CARTESIAN_POINT('',(-211.455025477187,-113.027270560185,-1.28413083189116E-6));
#9478=CARTESIAN_POINT('',(-211.602145476398,-112.914511702059,-1.28413083189116E-6));
#9479=CARTESIAN_POINT('',(-211.796662447596,-112.76542584238,-1.28413083189116E-6));
#9480=CARTESIAN_POINT('',(-211.985457326763,-112.617261185559,-1.28413083189116E-6));
#9481=CARTESIAN_POINT('',(-212.17696960712,-112.464338648436,-1.28413083189116E-6));
#9482=CARTESIAN_POINT('',(-212.355746225556,-112.321585536111,-1.28413083189116E-6));
#9483=CARTESIAN_POINT('',(-212.533428956203,-112.177439873337,-1.28413083189116E-6));
#9484=CARTESIAN_POINT('',(-212.710409555744,-112.032477457818,-1.28413083189116E-6));
#9485=CARTESIAN_POINT('',(-212.875068362192,-111.897607656376,-1.28413083189116E-6));
#9486=CARTESIAN_POINT('',(-213.039132211481,-111.762007740152,-1.28413083189116E-6));
#9487=CARTESIAN_POINT('',(-213.203061235594,-111.626254083203,-1.28413083189116E-6));
#9488=CARTESIAN_POINT('',(-213.352519151972,-111.502484306508,-1.28413083189116E-6));
#9489=CARTESIAN_POINT('',(-213.501867209651,-111.378581263835,-1.28413083189116E-6));
#9490=CARTESIAN_POINT('',(-213.65158082267,-111.255120993663,-1.28413083189116E-6));
#9491=CARTESIAN_POINT('',(-213.738277691287,-111.183627035254,-1.28413083189116E-6));
#9492=CARTESIAN_POINT('',(-213.825103428681,-111.112288057408,-1.28413083189116E-6));
#9493=CARTESIAN_POINT('',(-213.912100859654,-111.041160706649,-1.28413083189116E-6));
#9494=CARTESIAN_POINT('',(-213.996662119065,-110.972025120788,-1.28413083189116E-6));
#9495=CARTESIAN_POINT('',(-214.081384991382,-110.903084798842,-1.28413083189116E-6));
#9496=CARTESIAN_POINT('',(-214.16634630183,-110.834442458314,-1.28413083189116E-6));
#9497=CARTESIAN_POINT('',(-214.247886998335,-110.768563716251,-1.28413083189116E-6));
#9498=CARTESIAN_POINT('',(-214.329650626372,-110.70295678664,-1.28413083189116E-6));
#9499=CARTESIAN_POINT('',(-214.411698795612,-110.637712968727,-1.28413083189116E-6));
#9500=CARTESIAN_POINT('',(-214.489617133448,-110.575753148137,-1.28413083189116E-6));
#9501=CARTESIAN_POINT('',(-214.567799876427,-110.514119387762,-1.28413083189116E-6));
#9502=CARTESIAN_POINT('',(-214.646326632513,-110.452935330436,-1.28413083189116E-6));
#9503=CARTESIAN_POINT('',(-214.792611535739,-110.338957568575,-1.28413083189116E-6));
#9504=CARTESIAN_POINT('',(-214.940515907703,-110.226206254067,-1.28413083189116E-6));
#9505=CARTESIAN_POINT('',(-215.08958332681,-110.115887824406,-1.28413083189116E-6));
#9506=CARTESIAN_POINT('',(-215.227406496976,-110.013890783102,-1.28413083189116E-6));
#9507=CARTESIAN_POINT('',(-215.368530783935,-109.912266822426,-1.28413083189116E-6));
#9508=CARTESIAN_POINT('',(-215.509310307898,-109.814385374392,-1.28413083189116E-6));
#9509=CARTESIAN_POINT('',(-215.637341097738,-109.725367889821,-1.28413083189116E-6));
#9510=CARTESIAN_POINT('',(-215.767591094849,-109.637704832962,-1.28413083189116E-6));
#9511=CARTESIAN_POINT('',(-215.898761266222,-109.553371525695,-1.28413083189116E-6));
#9512=CARTESIAN_POINT('',(-215.959977089309,-109.514014004362,-1.28413083189116E-6));
#9513=CARTESIAN_POINT('',(-216.021238584353,-109.475480608093,-1.28413083189116E-6));
#9514=CARTESIAN_POINT('',(-216.083227953854,-109.437353007175,-1.28413083189116E-6));
#9515=CARTESIAN_POINT('',(-216.14354030146,-109.400256886688,-1.28413083189116E-6));
#9516=CARTESIAN_POINT('',(-216.203755254128,-109.364028326419,-1.28413083189116E-6));
#9517=CARTESIAN_POINT('',(-216.26479433886,-109.328140409338,-1.28413083189116E-6));
#9518=CARTESIAN_POINT('',(-216.322397501868,-109.294272641716,-1.28413083189116E-6));
#9519=CARTESIAN_POINT('',(-216.380347851043,-109.260981801137,-1.28413083189116E-6));
#9520=CARTESIAN_POINT('',(-216.438485927455,-109.228047980131,-1.28413083189116E-6));
#9521=CARTESIAN_POINT('',(-216.509257445974,-109.187957618236,-1.28413083189116E-6));
#9522=CARTESIAN_POINT('',(-216.580289446425,-109.148322255331,-1.28413083189116E-6));
#9523=CARTESIAN_POINT('',(-216.651402989814,-109.10884442535,-1.28413083189116E-6));
#9524=CARTESIAN_POINT('',(-216.735975755587,-109.061894869625,-1.28413083189116E-6));
#9525=CARTESIAN_POINT('',(-216.820681367891,-109.015183408938,-1.28413083189116E-6));
#9526=CARTESIAN_POINT('',(-216.905437218882,-108.968565829326,-1.28413083189116E-6));
#9527=CARTESIAN_POINT('',(-216.997761876843,-108.91778523964,-1.28413083189116E-6));
#9528=CARTESIAN_POINT('',(-217.090153345135,-108.867125876124,-1.28413083189116E-6));
#9529=CARTESIAN_POINT('',(-217.182563428688,-108.81650104709,-1.28413083189116E-6));
#9530=CARTESIAN_POINT('',(-217.380446950979,-108.708094917589,-1.28413083189116E-6));
#9531=CARTESIAN_POINT('',(-217.578404550167,-108.599820500438,-1.28413083189116E-6));
#9532=CARTESIAN_POINT('',(-217.775842844554,-108.490606417689,-1.28413083189116E-6));
#9533=CARTESIAN_POINT('',(-217.987053092085,-108.373774303012,-1.28413083189116E-6));
#9534=CARTESIAN_POINT('',(-218.197649080308,-108.25577235758,-1.28413083189116E-6));
#9535=CARTESIAN_POINT('',(-218.406842531969,-108.135389606877,-1.28413083189116E-6));
#9536=CARTESIAN_POINT('',(-218.471802513997,-108.098007646495,-1.28413083189116E-6));
#9537=CARTESIAN_POINT('',(-218.536635116266,-108.060400597535,-1.28413083189116E-6));
#9538=CARTESIAN_POINT('',(-218.601301112689,-108.022513982616,-1.28413083189116E-6));
#9539=CARTESIAN_POINT('',(-218.669876845919,-107.982336724994,-1.28413083189116E-6));
#9540=CARTESIAN_POINT('',(-218.738272182403,-107.941845609441,-1.28413083189116E-6));
#9541=CARTESIAN_POINT('',(-218.806456517457,-107.901010286026,-1.28413083189116E-6));
#9542=CARTESIAN_POINT('',(-218.955002665469,-107.812046596765,-1.28413083189116E-6));
#9543=CARTESIAN_POINT('',(-219.101578981874,-107.722031733931,-1.28413083189116E-6));
#9544=CARTESIAN_POINT('',(-219.247840636093,-107.629356194522,-1.28413083189116E-6));
#9545=CARTESIAN_POINT('',(-219.408118184258,-107.527799786517,-1.28413083189116E-6));
#9546=CARTESIAN_POINT('',(-219.565743000187,-107.424480938034,-1.28413083189116E-6));
#9547=CARTESIAN_POINT('',(-219.722459956834,-107.317505508668,-1.28413083189116E-6));
#9548=CARTESIAN_POINT('',(-219.805555662311,-107.260784149587,-1.28413083189116E-6));
#9549=CARTESIAN_POINT('',(-219.887991616723,-107.203309678467,-1.28413083189116E-6));
#9550=CARTESIAN_POINT('',(-219.969893387786,-107.144877018499,-1.28413083189116E-6));
#9551=CARTESIAN_POINT('',(-220.055608392133,-107.08372381463,-1.28413083189116E-6));
#9552=CARTESIAN_POINT('',(-220.139790130649,-107.022196602159,-1.28413083189116E-6));
#9553=CARTESIAN_POINT('',(-220.224039586768,-106.959039159148,-1.28413083189116E-6));
#9554=CARTESIAN_POINT('',(-220.300228837269,-106.901924033801,-1.28413083189116E-6));
#9555=CARTESIAN_POINT('',(-220.375058697736,-106.844534412746,-1.28413083189116E-6));
#9556=CARTESIAN_POINT('',(-220.449894261788,-106.785655931068,-1.28413083189116E-6));
#9557=CARTESIAN_POINT('',(-220.530030350386,-106.722607148258,-1.28413083189116E-6));
#9558=CARTESIAN_POINT('',(-220.60927171097,-106.658558798153,-1.28413083189116E-6));
#9559=CARTESIAN_POINT('',(-220.68768702432,-106.593381866129,-1.28413083189116E-6));
#9560=CARTESIAN_POINT('',(-220.772236136897,-106.523106666965,-1.28413083189116E-6));
#9561=CARTESIAN_POINT('',(-220.854859820274,-106.452319272118,-1.28413083189116E-6));
#9562=CARTESIAN_POINT('',(-220.93720423985,-106.379472383046,-1.28413083189116E-6));
#9563=CARTESIAN_POINT('',(-221.026453205117,-106.300517312307,-1.28413083189116E-6));
#9564=CARTESIAN_POINT('',(-221.114225424665,-106.220156091879,-1.28413083189116E-6));
#9565=CARTESIAN_POINT('',(-221.200594370177,-106.138058824885,-1.28413083189116E-6));
#9566=CARTESIAN_POINT('',(-221.293280459284,-106.049956850743,-1.28413083189116E-6));
#9567=CARTESIAN_POINT('',(-221.384499730043,-105.959713703125,-1.28413083189116E-6));
#9568=CARTESIAN_POINT('',(-221.473550680296,-105.867938425922,-1.28413083189116E-6));
#9569=CARTESIAN_POINT('',(-221.568784211938,-105.769791424226,-1.28413083189116E-6));
#9570=CARTESIAN_POINT('',(-221.660605231005,-105.670849432913,-1.28413083189116E-6));
#9571=CARTESIAN_POINT('',(-221.7512217372,-105.568422148532,-1.28413083189116E-6));
#9572=CARTESIAN_POINT('',(-221.954061429266,-105.339144727725,-1.28413083189116E-6));
#9573=CARTESIAN_POINT('',(-222.144784495596,-105.099251854872,-1.28413083189116E-6));
#9574=CARTESIAN_POINT('',(-222.321099012709,-104.848964045319,-1.28413083189116E-6));
#9575=CARTESIAN_POINT('',(-222.353697838434,-104.802688283014,-1.28413083189116E-6));
#9576=CARTESIAN_POINT('',(-222.385618502885,-104.756320390685,-1.28413083189116E-6));
#9577=CARTESIAN_POINT('',(-222.417214921971,-104.70935450915,-1.28413083189116E-6));
#9578=CARTESIAN_POINT('',(-222.449762590779,-104.660974661001,-1.28413083189116E-6));
#9579=CARTESIAN_POINT('',(-222.481977927524,-104.611942847032,-1.28413083189116E-6));
#9580=CARTESIAN_POINT('',(-222.513455340724,-104.562859888779,-1.28413083189116E-6));
#9581=CARTESIAN_POINT('',(-222.578565807248,-104.461332667021,-1.28413083189116E-6));
#9582=CARTESIAN_POINT('',(-222.640997034621,-104.358840997559,-1.28413083189116E-6));
#9583=CARTESIAN_POINT('',(-222.701286559088,-104.254378354007,-1.28413083189116E-6));
#9584=CARTESIAN_POINT('',(-222.763819368516,-104.146028808388,-1.28413083189116E-6));
#9585=CARTESIAN_POINT('',(-222.824056104162,-104.035545260126,-1.28413083189116E-6));
#9586=CARTESIAN_POINT('',(-222.881214887506,-103.924266586781,-1.28413083189116E-6));
#9587=CARTESIAN_POINT('',(-222.910712706913,-103.866839223599,-1.28413083189116E-6));
#9588=CARTESIAN_POINT('',(-222.939198598429,-103.809574106579,-1.28413083189116E-6));
#9589=CARTESIAN_POINT('',(-222.967190111289,-103.751397592036,-1.28413083189116E-6));
#9590=CARTESIAN_POINT('',(-222.995894545424,-103.691739368549,-1.28413083189116E-6));
#9591=CARTESIAN_POINT('',(-223.024150549187,-103.630974232065,-1.28413083189116E-6));
#9592=CARTESIAN_POINT('',(-223.051280213472,-103.570583639445,-1.28413083189116E-6));
#9593=CARTESIAN_POINT('',(-223.187740966638,-103.266822204505,-1.28413083189116E-6));
#9594=CARTESIAN_POINT('',(-223.303327282398,-102.955583593425,-1.28413083189116E-6));
#9595=CARTESIAN_POINT('',(-223.398013685904,-102.636318460349,-1.28413083189116E-6));
#9596=CARTESIAN_POINT('',(-223.444978646365,-102.477961253864,-1.28413083189116E-6));
#9597=CARTESIAN_POINT('',(-223.487098837599,-102.316625157845,-1.28413083189116E-6));
#9598=CARTESIAN_POINT('',(-223.523522166119,-102.155516167055,-1.28413083189116E-6));
#9599=CARTESIAN_POINT('',(-223.55919730557,-101.997716593355,-1.28413083189116E-6));
#9600=CARTESIAN_POINT('',(-223.589630309728,-101.839145831578,-1.28413083189116E-6));
#9601=CARTESIAN_POINT('',(-223.615016574533,-101.679369190826,-1.28413083189116E-6));
#9602=CARTESIAN_POINT('',(-223.6636754329,-101.373118980617,-1.28413083189116E-6));
#9603=CARTESIAN_POINT('',(-223.693693619722,-101.063031891058,-1.28413083189116E-6));
#9604=CARTESIAN_POINT('',(-223.705491672223,-100.753180917261,-1.28413083189116E-6));
#9605=CARTESIAN_POINT('',(-223.716517306138,-100.463615889076,-1.28413083189116E-6));
#9606=CARTESIAN_POINT('',(-223.711651778612,-100.173509797248,-1.28413083189116E-6));
#9607=CARTESIAN_POINT('',(-223.692137157077,-99.8844142280204,-1.28413083189116E-6));
#9608=CARTESIAN_POINT('',(-223.691254982859,-99.8713454294634,-1.28413083189116E-6));
#9609=CARTESIAN_POINT('',(-223.69034296676,-99.8582785332826,-1.28413083189116E-6));
#9610=CARTESIAN_POINT('',(-223.689400926163,-99.8452139652186,-1.28413083189116E-6));
#9611=CARTESIAN_POINT('',(-223.688472896317,-99.8323437034342,-1.28413083189116E-6));
#9612=CARTESIAN_POINT('',(-223.687515675487,-99.8194754428532,-1.28413083189116E-6));
#9613=CARTESIAN_POINT('',(-223.686530460818,-99.8066094804321,-1.28413083189116E-6));
#9614=CARTESIAN_POINT('',(-223.685565149234,-99.7940034332967,-1.28413083189116E-6));
#9615=CARTESIAN_POINT('',(-223.684572736192,-99.7813993547979,-1.28413083189116E-6));
#9616=CARTESIAN_POINT('',(-223.683550184892,-99.7687978698148,-1.28413083189116E-6));
#9617=CARTESIAN_POINT('',(-223.68253811529,-99.7563255567798,-1.28413083189116E-6));
#9618=CARTESIAN_POINT('',(-223.681496623677,-99.7438555301367,-1.28413083189116E-6));
#9619=CARTESIAN_POINT('',(-223.680428920403,-99.7313879042599,-1.28413083189116E-6));
#9620=CARTESIAN_POINT('',(-223.657885730823,-99.4681499235851,-1.28413083189116E-6));
#9621=CARTESIAN_POINT('',(-223.624067496819,-99.2103641711424,-1.28413083189116E-6));
#9622=CARTESIAN_POINT('',(-223.578975984834,-98.9500539956935,-1.28413083189116E-6));
#9623=CARTESIAN_POINT('',(-223.539175291648,-98.7202873507067,-1.28413083189116E-6));
#9624=CARTESIAN_POINT('',(-223.491606438725,-98.4942172107362,-1.28413083189116E-6));
#9625=CARTESIAN_POINT('',(-223.436367268617,-98.2676770248304,-1.28413083189116E-6));
#9626=CARTESIAN_POINT('',(-223.387542704624,-98.0674436436598,-1.28413083189116E-6));
#9627=CARTESIAN_POINT('',(-223.333806535109,-97.8711873243967,-1.28413083189116E-6));
#9628=CARTESIAN_POINT('',(-223.274576062285,-97.6737887940544,-1.28413083189116E-6));
#9629=CARTESIAN_POINT('',(-223.221995710871,-97.4985532506048,-1.28413083189116E-6));
#9630=CARTESIAN_POINT('',(-223.166874682621,-97.3283105563237,-1.28413083189116E-6));
#9631=CARTESIAN_POINT('',(-223.107308250038,-97.1553288930893,-1.28413083189116E-6));
#9632=CARTESIAN_POINT('',(-223.042470412141,-96.9670390030701,-1.28413083189116E-6));
#9633=CARTESIAN_POINT('',(-222.975283490944,-96.7839136745865,-1.28413083189116E-6));
#9634=CARTESIAN_POINT('',(-222.903613554925,-96.5981213497221,-1.28413083189116E-6));
#9635=CARTESIAN_POINT('',(-222.836832247341,-96.425001976625,-1.28413083189116E-6));
#9636=CARTESIAN_POINT('',(-222.76763511254,-96.2533716088046,-1.28413083189116E-6));
#9637=CARTESIAN_POINT('',(-222.696132829512,-96.0821506213251,-1.28413083189116E-6));
#9638=CARTESIAN_POINT('',(-222.629338197438,-95.922202681516,-1.28413083189116E-6));
#9639=CARTESIAN_POINT('',(-222.560943706124,-95.7635908000793,-1.28413083189116E-6));
#9640=CARTESIAN_POINT('',(-222.490866125485,-95.6050553244795,-1.28413083189116E-6));
#9641=CARTESIAN_POINT('',(-222.426193597581,-95.4587476198467,-1.28413083189116E-6));
#9642=CARTESIAN_POINT('',(-222.360262212005,-95.3129801713167,-1.28413083189116E-6));
#9643=CARTESIAN_POINT('',(-222.293378273806,-95.1676780874959,-1.28413083189116E-6));
#9644=CARTESIAN_POINT('',(-222.223567439149,-95.0160174643001,-1.28413083189116E-6));
#9645=CARTESIAN_POINT('',(-222.152723646038,-94.8648221643009,-1.28413083189116E-6));
#9646=CARTESIAN_POINT('',(-222.081139126734,-94.7139956665605,-1.28413083189116E-6));
#9647=CARTESIAN_POINT('',(-222.011059173081,-94.5663392448346,-1.28413083189116E-6));
#9648=CARTESIAN_POINT('',(-221.940275884378,-94.4190120564381,-1.28413083189116E-6));
#9649=CARTESIAN_POINT('',(-221.869024713159,-94.2719195173536,-1.28413083189116E-6));
#9650=CARTESIAN_POINT('',(-221.800170217564,-94.1297747299614,-1.28413083189116E-6));
#9651=CARTESIAN_POINT('',(-221.730871883429,-93.9878433259469,-1.28413083189116E-6));
#9652=CARTESIAN_POINT('',(-221.661334891835,-93.8460320050935,-1.28413083189116E-6));
#9653=CARTESIAN_POINT('',(-221.595360084048,-93.7114852779387,-1.28413083189116E-6));
#9654=CARTESIAN_POINT('',(-221.52916660149,-93.5770455730863,-1.28413083189116E-6));
#9655=CARTESIAN_POINT('',(-221.462950173053,-93.4426177235432,-1.28413083189116E-6));
#9656=CARTESIAN_POINT('',(-221.458029614521,-93.4326283581008,-1.28413083189116E-6));
#9657=CARTESIAN_POINT('',(-221.453108958523,-93.422639040662,-1.28413083189116E-6));
#9658=CARTESIAN_POINT('',(-221.448188045376,-93.4126498499061,-1.28413083189116E-6));
#9659=CARTESIAN_POINT('',(-221.443183928601,-93.4024917602285,-1.28413083189116E-6));
#9660=CARTESIAN_POINT('',(-221.438179553114,-93.3923337979959,-1.28413083189116E-6));
#9661=CARTESIAN_POINT('',(-221.433175221697,-93.38217581406,-1.28413083189116E-6));
#9662=CARTESIAN_POINT('',(-221.428174435262,-93.3720250258634,-1.28413083189116E-6));
#9663=CARTESIAN_POINT('',(-221.423173691608,-93.3618742165845,-1.28413083189116E-6));
#9664=CARTESIAN_POINT('',(-221.418172518787,-93.3517236187556,-1.28413083189116E-6));
#9665=CARTESIAN_POINT('',(-221.413178096255,-93.3415867216056,-1.28413083189116E-6));
#9666=CARTESIAN_POINT('',(-221.4081832456,-93.3314500353904,-1.28413083189116E-6));
#9667=CARTESIAN_POINT('',(-221.403188792755,-93.3213131531754,-1.28413083189116E-6));
#9668=CARTESIAN_POINT('',(-221.253499250504,-93.0174990406069,-1.28413083189116E-6));
#9669=CARTESIAN_POINT('',(-221.10406962007,-92.7135423684194,-1.28413083189116E-6));
#9670=CARTESIAN_POINT('',(-220.957250238065,-92.4083353739618,-1.28413083189116E-6));
#9671=CARTESIAN_POINT('',(-220.823357334596,-92.1299998429909,-1.28413083189116E-6));
#9672=CARTESIAN_POINT('',(-220.68963916687,-91.846284521728,-1.28413083189116E-6));
#9673=CARTESIAN_POINT('',(-220.5624565484,-91.5648083939109,-1.28413083189116E-6));
#9674=CARTESIAN_POINT('',(-220.443875207349,-91.3023683127758,-1.28413083189116E-6));
#9675=CARTESIAN_POINT('',(-220.329107366116,-91.0377826569074,-1.28413083189116E-6));
#9676=CARTESIAN_POINT('',(-220.22055651361,-90.7710222379128,-1.28413083189116E-6));
#9677=CARTESIAN_POINT('',(-220.117065076938,-90.5166951794758,-1.28413083189116E-6));
#9678=CARTESIAN_POINT('',(-220.019603770039,-90.2613458135875,-1.28413083189116E-6));
#9679=CARTESIAN_POINT('',(-219.928900125125,-90.0021678481255,-1.28413083189116E-6));
#9680=CARTESIAN_POINT('',(-219.925805525939,-89.9933252936526,-1.28413083189116E-6));
#9681=CARTESIAN_POINT('',(-219.922719191761,-89.9844798317113,-1.28413083189116E-6));
#9682=CARTESIAN_POINT('',(-219.919641624035,-89.9756313419955,-1.28413083189116E-6));
#9683=CARTESIAN_POINT('',(-219.916629084853,-89.9669698195371,-1.28413083189116E-6));
#9684=CARTESIAN_POINT('',(-219.913625341223,-89.9583052215442,-1.28413083189116E-6));
#9685=CARTESIAN_POINT('',(-219.910630474068,-89.949637580439,-1.28413083189116E-6));
#9686=CARTESIAN_POINT('',(-219.907600752355,-89.9408690644768,-1.28413083189116E-6));
#9687=CARTESIAN_POINT('',(-219.904579426122,-89.9320976333649,-1.28413083189116E-6));
#9688=CARTESIAN_POINT('',(-219.901566314207,-89.9233234024809,-1.28413083189116E-6));
#9689=CARTESIAN_POINT('',(-219.89870759329,-89.9149987606932,-1.28413083189116E-6));
#9690=CARTESIAN_POINT('',(-219.895856841049,-89.9066713665941,-1.28413083189116E-6));
#9691=CARTESIAN_POINT('',(-219.893015135825,-89.8983409081441,-1.28413083189116E-6));
#9692=CARTESIAN_POINT('',(-219.809155098729,-89.6525052216468,-1.28413083189116E-6));
#9693=CARTESIAN_POINT('',(-219.732774892802,-89.40357662775,-1.28413083189116E-6));
#9694=CARTESIAN_POINT('',(-219.665414257301,-89.1527046007996,-1.28413083189116E-6));
#9695=CARTESIAN_POINT('',(-219.599157047209,-88.9059420744056,-1.28413083189116E-6));
#9696=CARTESIAN_POINT('',(-219.54067362624,-88.6537399069018,-1.28413083189116E-6));
#9697=CARTESIAN_POINT('',(-219.493122722776,-88.402680268885,-1.28413083189116E-6));
#9698=CARTESIAN_POINT('',(-219.447739587538,-88.1630660307726,-1.28413083189116E-6));
#9699=CARTESIAN_POINT('',(-219.411341976533,-87.9193180335012,-1.28413083189116E-6));
#9700=CARTESIAN_POINT('',(-219.38689806442,-87.6766402427711,-1.28413083189116E-6));
#9701=CARTESIAN_POINT('',(-219.375302090512,-87.5615160631266,-1.28413083189116E-6));
#9702=CARTESIAN_POINT('',(-219.366308593292,-87.4457488579899,-1.28413083189116E-6));
#9703=CARTESIAN_POINT('',(-219.360294118192,-87.3301960670294,-1.28413083189116E-6));
#9704=CARTESIAN_POINT('',(-219.357394411367,-87.2744856000409,-1.28413083189116E-6));
#9705=CARTESIAN_POINT('',(-219.355171925119,-87.2185296564121,-1.28413083189116E-6));
#9706=CARTESIAN_POINT('',(-219.353688350255,-87.1627633183994,-1.28413083189116E-6));
#9707=CARTESIAN_POINT('',(-219.352240925698,-87.1083558402033,-1.28413083189116E-6));
#9708=CARTESIAN_POINT('',(-219.351504719292,-87.0544269005559,-1.28413083189116E-6));
#9709=CARTESIAN_POINT('',(-219.35150471936,-87.0000000037264,-1.28413083189116E-6));
#9710=CARTESIAN_POINT('',(-219.351504719429,-86.9455731064891,-1.28413083189116E-6));
#9711=CARTESIAN_POINT('',(-219.352240925983,-86.8916441655276,-1.28413083189116E-6));
#9712=CARTESIAN_POINT('',(-219.353688350515,-86.8372366869237,-1.28413083189116E-6));
#9713=CARTESIAN_POINT('',(-219.355171925393,-86.781470347069,-1.28413083189116E-6));
#9714=CARTESIAN_POINT('',(-219.357394411497,-86.7255144031692,-1.28413083189116E-6));
#9715=CARTESIAN_POINT('',(-219.360294118533,-86.6698039343455,-1.28413083189116E-6));
#9716=CARTESIAN_POINT('',(-219.366308593958,-86.5542511417607,-1.28413083189116E-6));
#9717=CARTESIAN_POINT('',(-219.375302093221,-86.4384839224667,-1.28413083189116E-6));
#9718=CARTESIAN_POINT('',(-219.386898066714,-86.3233597411506,-1.28413083189116E-6));
#9719=CARTESIAN_POINT('',(-219.411341978708,-86.0806819394106,-1.28413083189116E-6));
#9720=CARTESIAN_POINT('',(-219.447739577892,-85.8369340027407,-1.28413083189116E-6));
#9721=CARTESIAN_POINT('',(-219.493122718372,-85.5973197543756,-1.28413083189116E-6));
#9722=CARTESIAN_POINT('',(-219.540673621882,-85.3462601343679,-1.28413083189116E-6));
#9723=CARTESIAN_POINT('',(-219.599157066625,-85.0940578685954,-1.28413083189116E-6));
#9724=CARTESIAN_POINT('',(-219.665414268291,-84.8472953582809,-1.28413083189116E-6));
#9725=CARTESIAN_POINT('',(-219.732774947673,-84.5964231523496,-1.28413083189116E-6));
#9726=CARTESIAN_POINT('',(-219.809155108791,-84.3474947589043,-1.28413083189116E-6));
#9727=CARTESIAN_POINT('',(-219.893015202682,-84.1016588975688,-1.28413083189116E-6));
#9728=CARTESIAN_POINT('',(-219.895856917083,-84.0933284119349,-1.28413083189116E-6));
#9729=CARTESIAN_POINT('',(-219.898707676668,-84.0850009961475,-1.28413083189116E-6));
#9730=CARTESIAN_POINT('',(-219.901566402504,-84.0766763403863,-1.28413083189116E-6));
#9731=CARTESIAN_POINT('',(-219.904579526805,-84.0679020738016,-1.28413083189116E-6));
#9732=CARTESIAN_POINT('',(-219.907600863546,-84.0591306130698,-1.28413083189116E-6));
#9733=CARTESIAN_POINT('',(-219.910630593807,-84.0503620731236,-1.28413083189116E-6));
#9734=CARTESIAN_POINT('',(-219.913625454274,-84.0416944521244,-1.28413083189116E-6));
#9735=CARTESIAN_POINT('',(-219.91662918888,-84.0330298809861,-1.28413083189116E-6));
#9736=CARTESIAN_POINT('',(-219.919641716483,-84.0243683921967,-1.28413083189116E-6));
#9737=CARTESIAN_POINT('',(-219.922719279132,-84.0155199174637,-1.28413083189116E-6));
#9738=CARTESIAN_POINT('',(-219.92580560608,-84.0066744761009,-1.28413083189116E-6));
#9739=CARTESIAN_POINT('',(-219.928900195705,-83.9978319487848,-1.28413083189116E-6));
#9740=CARTESIAN_POINT('',(-220.019603769512,-83.7386541817082,-1.28413083189116E-6));
#9741=CARTESIAN_POINT('',(-220.117065172026,-83.4833045939372,-1.28413083189116E-6));
#9742=CARTESIAN_POINT('',(-220.220556526714,-83.2289777298827,-1.28413083189116E-6));
#9743=CARTESIAN_POINT('',(-220.329107384129,-82.9622172913912,-1.28413083189116E-6));
#9744=CARTESIAN_POINT('',(-220.443875190924,-82.6976317195372,-1.28413083189116E-6));
#9745=CARTESIAN_POINT('',(-220.562456541674,-82.4351916209748,-1.28413083189116E-6));
#9746=CARTESIAN_POINT('',(-220.689639158308,-82.1537155015553,-1.28413083189116E-6));
#9747=CARTESIAN_POINT('',(-220.823357340842,-81.8700001453972,-1.28413083189116E-6));
#9748=CARTESIAN_POINT('',(-220.957250240138,-81.5916646217288,-1.28413083189116E-6));
#9749=CARTESIAN_POINT('',(-221.104070255332,-81.286456309494,-1.28413083189116E-6));
#9750=CARTESIAN_POINT('',(-221.253503505263,-80.9824923245469,-1.28413083189116E-6));
#9751=CARTESIAN_POINT('',(-221.403188796922,-80.6786868384247,-1.28413083189116E-6));
#9752=CARTESIAN_POINT('',(-221.408183250184,-80.6685499553382,-1.28413083189116E-6));
#9753=CARTESIAN_POINT('',(-221.413178101256,-80.6584132682524,-1.28413083189116E-6));
#9754=CARTESIAN_POINT('',(-221.418172524211,-80.6482763702334,-1.28413083189116E-6));
#9755=CARTESIAN_POINT('',(-221.423173697423,-80.6381257716002,-1.28413083189116E-6));
#9756=CARTESIAN_POINT('',(-221.428174441478,-80.6279749615139,-1.28413083189116E-6));
#9757=CARTESIAN_POINT('',(-221.433175228307,-80.6178241725211,-1.28413083189116E-6));
#9758=CARTESIAN_POINT('',(-221.438179559212,-80.6076661896286,-1.28413083189116E-6));
#9759=CARTESIAN_POINT('',(-221.443183934181,-80.5975082284426,-1.28413083189116E-6));
#9760=CARTESIAN_POINT('',(-221.448188050442,-80.5873501398096,-1.28413083189116E-6));
#9761=CARTESIAN_POINT('',(-221.453108963063,-80.5773609501205,-1.28413083189116E-6));
#9762=CARTESIAN_POINT('',(-221.458029618536,-80.5673716337483,-1.28413083189116E-6));
#9763=CARTESIAN_POINT('',(-221.462950176539,-80.5573822693775,-1.28413083189116E-6));
#9764=CARTESIAN_POINT('',(-221.529166673167,-80.4229542813996,-1.28413083189116E-6));
#9765=CARTESIAN_POINT('',(-221.595360096896,-80.2885146958533,-1.28413083189116E-6));
#9766=CARTESIAN_POINT('',(-221.661334891797,-80.1539679949817,-1.28413083189116E-6));
#9767=CARTESIAN_POINT('',(-221.730872265083,-80.0121558957262,-1.28413083189116E-6));
#9768=CARTESIAN_POINT('',(-221.80017043803,-79.8702248149089,-1.28413083189116E-6));
#9769=CARTESIAN_POINT('',(-221.869024713193,-79.7280804825743,-1.28413083189116E-6));
#9770=CARTESIAN_POINT('',(-221.940276875175,-79.5809858981331,-1.28413083189116E-6));
#9771=CARTESIAN_POINT('',(-222.011059859773,-79.4336593083224,-1.28413083189116E-6));
#9772=CARTESIAN_POINT('',(-222.081139126714,-79.2860043334813,-1.28413083189116E-6));
#9773=CARTESIAN_POINT('',(-222.152725759544,-79.1351733826059,-1.28413083189116E-6));
#9774=CARTESIAN_POINT('',(-222.223569000303,-78.98397914417,-1.28413083189116E-6));
#9775=CARTESIAN_POINT('',(-222.293378273817,-78.8323219124816,-1.28413083189116E-6));
#9776=CARTESIAN_POINT('',(-222.360265452985,-78.6870127878112,-1.28413083189116E-6));
#9777=CARTESIAN_POINT('',(-222.426196097119,-78.5412467254846,-1.28413083189116E-6));
#9778=CARTESIAN_POINT('',(-222.49086612548,-78.3949446755305,-1.28413083189116E-6));
#9779=CARTESIAN_POINT('',(-222.560943706122,-78.2364091999243,-1.28413083189116E-6));
#9780=CARTESIAN_POINT('',(-222.629338197437,-78.0777973184854,-1.28413083189116E-6));
#9781=CARTESIAN_POINT('',(-222.696132829514,-77.9178493786696,-1.28413083189116E-6));
#9782=CARTESIAN_POINT('',(-222.767635112545,-77.7466283911838,-1.28413083189116E-6));
#9783=CARTESIAN_POINT('',(-222.836832247339,-77.5749980233809,-1.28413083189116E-6));
#9784=CARTESIAN_POINT('',(-222.903613554925,-77.4018786502779,-1.28413083189116E-6));
#9785=CARTESIAN_POINT('',(-222.975283490939,-77.2160863254253,-1.28413083189116E-6));
#9786=CARTESIAN_POINT('',(-223.042470412145,-77.0329609969174,-1.28413083189116E-6));
#9787=CARTESIAN_POINT('',(-223.107308250038,-76.8446711069107,-1.28413083189116E-6));
#9788=CARTESIAN_POINT('',(-223.166874682619,-76.6716894436818,-1.28413083189116E-6));
#9789=CARTESIAN_POINT('',(-223.221995710873,-76.5014467493877,-1.28413083189116E-6));
#9790=CARTESIAN_POINT('',(-223.274576062285,-76.3262112059435,-1.28413083189116E-6));
#9791=CARTESIAN_POINT('',(-223.333806535108,-76.1288126756062,-1.28413083189116E-6));
#9792=CARTESIAN_POINT('',(-223.387542704624,-75.932556356337,-1.28413083189116E-6));
#9793=CARTESIAN_POINT('',(-223.436367268616,-75.7323229751719,-1.28413083189116E-6));
#9794=CARTESIAN_POINT('',(-223.491606438724,-75.5057827892658,-1.28413083189116E-6));
#9795=CARTESIAN_POINT('',(-223.539175291648,-75.2797126492915,-1.28413083189116E-6));
#9796=CARTESIAN_POINT('',(-223.578975984834,-75.0499460043045,-1.28413083189116E-6));
#9797=CARTESIAN_POINT('',(-223.62406749682,-74.7896358288544,-1.28413083189116E-6));
#9798=CARTESIAN_POINT('',(-223.657885730823,-74.5318500764108,-1.28413083189116E-6));
#9799=CARTESIAN_POINT('',(-223.680428920403,-74.2686120957355,-1.28413083189116E-6));
#9800=CARTESIAN_POINT('',(-223.681496627865,-74.2561444209482,-1.28413083189116E-6));
#9801=CARTESIAN_POINT('',(-223.682538118877,-74.2436743990143,-1.28413083189116E-6));
#9802=CARTESIAN_POINT('',(-223.683550184893,-74.2312021301789,-1.28413083189116E-6));
#9803=CARTESIAN_POINT('',(-223.684572739964,-74.2186005987166,-1.28413083189116E-6));
#9804=CARTESIAN_POINT('',(-223.685565153151,-74.2059965155563,-1.28413083189116E-6));
#9805=CARTESIAN_POINT('',(-223.686530460818,-74.1933905195601,-1.28413083189116E-6));
#9806=CARTESIAN_POINT('',(-223.687515679199,-74.1805245086596,-1.28413083189116E-6));
#9807=CARTESIAN_POINT('',(-223.688472899689,-74.167656249796,-1.28413083189116E-6));
#9808=CARTESIAN_POINT('',(-223.689400926163,-74.1547860347794,-1.28413083189116E-6));
#9809=CARTESIAN_POINT('',(-223.690342970453,-74.1417214154976,-1.28413083189116E-6));
#9810=CARTESIAN_POINT('',(-223.691254986339,-74.1286545189776,-1.28413083189116E-6));
#9811=CARTESIAN_POINT('',(-223.692137157077,-74.1155857719782,-1.28413083189116E-6));
#9812=CARTESIAN_POINT('',(-223.711651778612,-73.8264902027472,-1.28413083189116E-6));
#9813=CARTESIAN_POINT('',(-223.716517306138,-73.5363841109292,-1.28413083189116E-6));
#9814=CARTESIAN_POINT('',(-223.705491672223,-73.246819082741,-1.28413083189116E-6));
#9815=CARTESIAN_POINT('',(-223.693693619722,-72.9369681089452,-1.28413083189116E-6));
#9816=CARTESIAN_POINT('',(-223.663675432899,-72.6268810193785,-1.28413083189116E-6));
#9817=CARTESIAN_POINT('',(-223.615016574532,-72.3206308091712,-1.28413083189116E-6));
#9818=CARTESIAN_POINT('',(-223.589630309728,-72.16085416842,-1.28413083189116E-6));
#9819=CARTESIAN_POINT('',(-223.55919730557,-72.0022834066451,-1.28413083189116E-6));
#9820=CARTESIAN_POINT('',(-223.523522166119,-71.8444838329465,-1.28413083189116E-6));
#9821=CARTESIAN_POINT('',(-223.4870988376,-71.6833748421584,-1.28413083189116E-6));
#9822=CARTESIAN_POINT('',(-223.444978646366,-71.5220387461368,-1.28413083189116E-6));
#9823=CARTESIAN_POINT('',(-223.398013685905,-71.3636815396524,-1.28413083189116E-6));
#9824=CARTESIAN_POINT('',(-223.303327282398,-71.0444164065761,-1.28413083189116E-6));
#9825=CARTESIAN_POINT('',(-223.187740966638,-70.7331777954955,-1.28413083189116E-6));
#9826=CARTESIAN_POINT('',(-223.051280213473,-70.429416360555,-1.28413083189116E-6));
#9827=CARTESIAN_POINT('',(-223.024150549184,-70.36902576793,-1.28413083189116E-6));
#9828=CARTESIAN_POINT('',(-222.995894545428,-70.3082606314581,-1.28413083189116E-6));
#9829=CARTESIAN_POINT('',(-222.96719011129,-70.2486024079653,-1.28413083189116E-6));
#9830=CARTESIAN_POINT('',(-222.939198598438,-70.1904258934374,-1.28413083189116E-6));
#9831=CARTESIAN_POINT('',(-222.910712706906,-70.1331607763873,-1.28413083189116E-6));
#9832=CARTESIAN_POINT('',(-222.881214887506,-70.075733413219,-1.28413083189116E-6));
#9833=CARTESIAN_POINT('',(-222.824056104166,-69.9644547398816,-1.28413083189116E-6));
#9834=CARTESIAN_POINT('',(-222.76381936851,-69.8539711915996,-1.28413083189116E-6));
#9835=CARTESIAN_POINT('',(-222.701286559086,-69.7456216459882,-1.28413083189116E-6));
#9836=CARTESIAN_POINT('',(-222.640997034614,-69.6411590024284,-1.28413083189116E-6));
#9837=CARTESIAN_POINT('',(-222.578565807257,-69.5386673329917,-1.28413083189116E-6));
#9838=CARTESIAN_POINT('',(-222.513455340728,-69.4371401112267,-1.28413083189116E-6));
#9839=CARTESIAN_POINT('',(-222.481977927522,-69.3880571529626,-1.28413083189116E-6));
#9840=CARTESIAN_POINT('',(-222.449762590791,-69.3390253390162,-1.28413083189116E-6));
#9841=CARTESIAN_POINT('',(-222.417214921976,-69.2906454908566,-1.28413083189116E-6));
#9842=CARTESIAN_POINT('',(-222.385618502891,-69.2436796093239,-1.28413083189116E-6));
#9843=CARTESIAN_POINT('',(-222.353697838437,-69.197311716988,-1.28413083189116E-6));
#9844=CARTESIAN_POINT('',(-222.321099012713,-69.1510359546853,-1.28413083189116E-6));
#9845=CARTESIAN_POINT('',(-222.144784495602,-68.9007481451335,-1.28413083189116E-6));
#9846=CARTESIAN_POINT('',(-221.95406142926,-68.6608552722678,-1.28413083189116E-6));
#9847=CARTESIAN_POINT('',(-221.751221737195,-68.431577851462,-1.28413083189116E-6));
#9848=CARTESIAN_POINT('',(-221.660605231006,-68.329150567087,-1.28413083189116E-6));
#9849=CARTESIAN_POINT('',(-221.568784211933,-68.2302085757678,-1.28413083189116E-6));
#9850=CARTESIAN_POINT('',(-221.473550680295,-68.1320615740769,-1.28413083189116E-6));
#9851=CARTESIAN_POINT('',(-221.384499730037,-68.0402862968679,-1.28413083189116E-6));
#9852=CARTESIAN_POINT('',(-221.293280459292,-67.9500431492631,-1.28413083189116E-6));
#9853=CARTESIAN_POINT('',(-221.200594370178,-67.8619411751156,-1.28413083189116E-6));
#9854=CARTESIAN_POINT('',(-221.114225424662,-67.7798439081168,-1.28413083189116E-6));
#9855=CARTESIAN_POINT('',(-221.026453205123,-67.699482687698,-1.28413083189116E-6));
#9856=CARTESIAN_POINT('',(-220.937204239852,-67.6205276169551,-1.28413083189116E-6));
#9857=CARTESIAN_POINT('',(-220.854859820278,-67.5476807278847,-1.28413083189116E-6));
#9858=CARTESIAN_POINT('',(-220.772236136894,-67.476893333032,-1.28413083189116E-6));
#9859=CARTESIAN_POINT('',(-220.687687024318,-67.4066181338694,-1.28413083189116E-6));
#9860=CARTESIAN_POINT('',(-220.609271710978,-67.3414412018528,-1.28413083189116E-6));
#9861=CARTESIAN_POINT('',(-220.530030350376,-67.277392851732,-1.28413083189116E-6));
#9862=CARTESIAN_POINT('',(-220.449894261786,-67.2143440689297,-1.28413083189116E-6));
#9863=CARTESIAN_POINT('',(-220.375058697744,-67.155465587259,-1.28413083189116E-6));
#9864=CARTESIAN_POINT('',(-220.300228837257,-67.0980759661884,-1.28413083189116E-6));
#9865=CARTESIAN_POINT('',(-220.224039586765,-67.0409608408495,-1.28413083189116E-6));
#9866=CARTESIAN_POINT('',(-220.139790130657,-66.9778033978464,-1.28413083189116E-6));
#9867=CARTESIAN_POINT('',(-220.05560839212,-66.9162761853609,-1.28413083189116E-6));
#9868=CARTESIAN_POINT('',(-219.969893387784,-66.8551229814987,-1.28413083189116E-6));
#9869=CARTESIAN_POINT('',(-219.887991616696,-66.7966903215138,-1.28413083189116E-6));
#9870=CARTESIAN_POINT('',(-219.805555662334,-66.7392158504276,-1.28413083189116E-6));
#9871=CARTESIAN_POINT('',(-219.722459956832,-66.6824944913305,-1.28413083189116E-6));
#9872=CARTESIAN_POINT('',(-219.56574300019,-66.5755190619675,-1.28413083189116E-6));
#9873=CARTESIAN_POINT('',(-219.408118184252,-66.4722002134795,-1.28413083189116E-6));
#9874=CARTESIAN_POINT('',(-219.247840636092,-66.3706438054774,-1.28413083189116E-6));
#9875=CARTESIAN_POINT('',(-219.101578981868,-66.2779682660653,-1.28413083189116E-6));
#9876=CARTESIAN_POINT('',(-218.955002665477,-66.1879534032405,-1.28413083189116E-6));
#9877=CARTESIAN_POINT('',(-218.80645651746,-66.0989897139762,-1.28413083189116E-6));
#9878=CARTESIAN_POINT('',(-218.738271052351,-66.0581537137755,-1.28413083189116E-6));
#9879=CARTESIAN_POINT('',(-218.669875593778,-66.0176625413997,-1.28413083189116E-6));
#9880=CARTESIAN_POINT('',(-218.601301112696,-65.9774860173877,-1.28413083189116E-6));
#9881=CARTESIAN_POINT('',(-218.536634451818,-65.9395990131768,-1.28413083189116E-6));
#9882=CARTESIAN_POINT('',(-218.471801696102,-65.9019918828378,-1.28413083189116E-6));
#9883=CARTESIAN_POINT('',(-218.406842531974,-65.8646103931253,-1.28413083189116E-6));
#9884=CARTESIAN_POINT('',(-218.197641199033,-65.7442231070497,-1.28413083189116E-6));
#9885=CARTESIAN_POINT('',(-217.987038017701,-65.6262173585083,-1.28413083189116E-6));
#9886=CARTESIAN_POINT('',(-217.775842844555,-65.5093935823111,-1.28413083189116E-6));
#9887=CARTESIAN_POINT('',(-217.578404649642,-65.4001795545862,-1.28413083189116E-6));
#9888=CARTESIAN_POINT('',(-217.380445586833,-65.291904335093,-1.28413083189116E-6));
#9889=CARTESIAN_POINT('',(-217.182563428686,-65.1834989529084,-1.28413083189116E-6));
#9890=CARTESIAN_POINT('',(-217.090153271921,-65.1328740837662,-1.28413083189116E-6));
#9891=CARTESIAN_POINT('',(-216.997761852536,-65.0822147469903,-1.28413083189116E-6));
#9892=CARTESIAN_POINT('',(-216.905437218877,-65.0314341706708,-1.28413083189116E-6));
#9893=CARTESIAN_POINT('',(-216.820681033747,-64.9848164072739,-1.28413083189116E-6));
#9894=CARTESIAN_POINT('',(-216.735975611978,-64.9381050506513,-1.28413083189116E-6));
#9895=CARTESIAN_POINT('',(-216.651402989814,-64.8911555746488,-1.28413083189116E-6));
#9896=CARTESIAN_POINT('',(-216.580288042134,-64.8516769650928,-1.28413083189116E-6));
#9897=CARTESIAN_POINT('',(-216.509256916412,-64.8120420817797,-1.28413083189116E-6));
#9898=CARTESIAN_POINT('',(-216.43848592746,-64.7719520198716,-1.28413083189116E-6));
#9899=CARTESIAN_POINT('',(-216.380344350811,-64.7390162160655,-1.28413083189116E-6));
#9900=CARTESIAN_POINT('',(-216.322395284068,-64.7057260543279,-1.28413083189116E-6));
#9901=CARTESIAN_POINT('',(-216.264794338861,-64.6718595906609,-1.28413083189116E-6));
#9902=CARTESIAN_POINT('',(-216.203755254102,-64.6359716735651,-1.28413083189116E-6));
#9903=CARTESIAN_POINT('',(-216.14354030148,-64.5997431133239,-1.28413083189116E-6));
#9904=CARTESIAN_POINT('',(-216.083227953848,-64.5626469928204,-1.28413083189116E-6));
#9905=CARTESIAN_POINT('',(-216.021238584326,-64.5245193918895,-1.28413083189116E-6));
#9906=CARTESIAN_POINT('',(-215.959977089327,-64.4859859956487,-1.28413083189116E-6));
#9907=CARTESIAN_POINT('',(-215.898761266218,-64.4466284743019,-1.28413083189116E-6));
#9908=CARTESIAN_POINT('',(-215.767591094837,-64.3622951670293,-1.28413083189116E-6));
#9909=CARTESIAN_POINT('',(-215.637341097749,-64.274632110187,-1.28413083189116E-6));
#9910=CARTESIAN_POINT('',(-215.509310307901,-64.1856146256093,-1.28413083189116E-6));
#9911=CARTESIAN_POINT('',(-215.368530783936,-64.0877331775746,-1.28413083189116E-6));
#9912=CARTESIAN_POINT('',(-215.22740649698,-63.9861092168996,-1.28413083189116E-6));
#9913=CARTESIAN_POINT('',(-215.089583326811,-63.8841121755947,-1.28413083189116E-6));
#9914=CARTESIAN_POINT('',(-214.940515907718,-63.7737937459433,-1.28413083189116E-6));
#9915=CARTESIAN_POINT('',(-214.792611535727,-63.6610424314144,-1.28413083189116E-6));
#9916=CARTESIAN_POINT('',(-214.646326632514,-63.5470646695642,-1.28413083189116E-6));
#9917=CARTESIAN_POINT('',(-214.567798622964,-63.4858796356025,-1.28413083189116E-6));
#9918=CARTESIAN_POINT('',(-214.489615511392,-63.4242455620208,-1.28413083189116E-6));
#9919=CARTESIAN_POINT('',(-214.411698795606,-63.3622870312679,-1.28413083189116E-6));
#9920=CARTESIAN_POINT('',(-214.329649814856,-63.2970425680505,-1.28413083189116E-6));
#9921=CARTESIAN_POINT('',(-214.247885971135,-63.2314354538482,-1.28413083189116E-6));
#9922=CARTESIAN_POINT('',(-214.166346301832,-63.1655575416871,-1.28413083189116E-6));
#9923=CARTESIAN_POINT('',(-214.081384551099,-63.0969148454424,-1.28413083189116E-6));
#9924=CARTESIAN_POINT('',(-213.996661488542,-63.0279743637084,-1.28413083189116E-6));
#9925=CARTESIAN_POINT('',(-213.912100859662,-62.9588392933558,-1.28413083189116E-6));
#9926=CARTESIAN_POINT('',(-213.825103176918,-62.887711736754,-1.28413083189116E-6));
#9927=CARTESIAN_POINT('',(-213.738277363408,-62.8163726943617,-1.28413083189116E-6));
#9928=CARTESIAN_POINT('',(-213.651580822669,-62.7448790063347,-1.28413083189116E-6));
#9929=CARTESIAN_POINT('',(-213.501867292389,-62.6214188043944,-1.28413083189116E-6));
#9930=CARTESIAN_POINT('',(-213.352518837872,-62.497515433377,-1.28413083189116E-6));
#9931=CARTESIAN_POINT('',(-213.203061235594,-62.3737459167962,-1.28413083189116E-6));
#9932=CARTESIAN_POINT('',(-213.039130799558,-62.2379910905993,-1.28413083189116E-6));
#9933=CARTESIAN_POINT('',(-212.875067968039,-62.1023920207781,-1.28413083189116E-6));
#9934=CARTESIAN_POINT('',(-212.710409555745,-61.9675225421827,-1.28413083189116E-6));
#9935=CARTESIAN_POINT('',(-212.533422688821,-61.8225549931342,-1.28413083189116E-6));
#9936=CARTESIAN_POINT('',(-212.355742144331,-61.6784112050295,-1.28413083189116E-6));
#9937=CARTESIAN_POINT('',(-212.176969607121,-61.5356613515635,-1.28413083189116E-6));
#9938=CARTESIAN_POINT('',(-211.985457326783,-61.3827388144562,-1.28413083189116E-6));
#9939=CARTESIAN_POINT('',(-211.796662447576,-61.2345741576034,-1.28413083189116E-6));
#9940=CARTESIAN_POINT('',(-211.602145476397,-61.0854882979395,-1.28413083189116E-6));
#9941=CARTESIAN_POINT('',(-211.455025477176,-60.972729439806,-1.28413083189116E-6));
#9942=CARTESIAN_POINT('',(-211.308226066143,-60.8622048771517,-1.28413083189116E-6));
#9943=CARTESIAN_POINT('',(-211.158936771187,-60.7523319031516,-1.28413083189116E-6));
#9944=CARTESIAN_POINT('',(-210.999900723636,-60.6352855769371,-1.28413083189116E-6));
#9945=CARTESIAN_POINT('',(-210.839739906119,-60.5202341983186,-1.28413083189116E-6));
#9946=CARTESIAN_POINT('',(-210.677824561459,-60.4072016172045,-1.28413083189116E-6));
#9947=CARTESIAN_POINT('',(-210.506322361188,-60.2874764830349,-1.28413083189116E-6));
#9948=CARTESIAN_POINT('',(-210.333818298745,-60.1706933309833,-1.28413083189116E-6));
#9949=CARTESIAN_POINT('',(-210.158780766038,-60.0561960118046,-1.28413083189116E-6));
#9950=CARTESIAN_POINT('',(-209.97396818115,-59.9353045367429,-1.28413083189116E-6));
#9951=CARTESIAN_POINT('',(-209.787425567609,-59.8176790938078,-1.28413083189116E-6));
#9952=CARTESIAN_POINT('',(-209.598508433779,-59.7033042492069,-1.28413083189116E-6));
#9953=CARTESIAN_POINT('',(-209.322602638491,-59.5362644375145,-1.28413083189116E-6));
#9954=CARTESIAN_POINT('',(-209.042072067213,-59.3764262614491,-1.28413083189116E-6));
#9955=CARTESIAN_POINT('',(-208.757193295366,-59.225175288406,-1.28413083189116E-6));
#9956=CARTESIAN_POINT('',(-208.456950400428,-59.0657670260275,-1.28413083189116E-6));
#9957=CARTESIAN_POINT('',(-208.15172668297,-58.9158177412723,-1.28413083189116E-6));
#9958=CARTESIAN_POINT('',(-207.841715413569,-58.7763334941642,-1.28413083189116E-6));
#9959=CARTESIAN_POINT('',(-207.5177869573,-58.630587447813,-1.28413083189116E-6));
#9960=CARTESIAN_POINT('',(-207.189099468853,-58.4964780524656,-1.28413083189116E-6));
#9961=CARTESIAN_POINT('',(-206.855462836871,-58.3745633257749,-1.28413083189116E-6));
#9962=CARTESIAN_POINT('',(-206.508703940886,-58.2478535703731,-1.28413083189116E-6));
#9963=CARTESIAN_POINT('',(-206.156365690578,-58.1342297745564,-1.28413083189116E-6));
#9964=CARTESIAN_POINT('',(-205.80081684118,-58.034804967223,-1.28413083189116E-6));
#9965=CARTESIAN_POINT('',(-205.777022869428,-58.028151279379,-1.28413083189116E-6));
#9966=CARTESIAN_POINT('',(-205.753211123466,-58.0215601327182,-1.28413083189116E-6));
#9967=CARTESIAN_POINT('',(-205.729382778672,-58.0150310930608,-1.28413083189116E-6));
#9968=CARTESIAN_POINT('',(-205.705600954079,-58.0085148000815,-1.28413083189116E-6));
#9969=CARTESIAN_POINT('',(-205.68180193502,-58.0020602189304,-1.28413083189116E-6));
#9970=CARTESIAN_POINT('',(-205.657986422589,-57.995668631992,-1.28413083189116E-6));
#9971=CARTESIAN_POINT('',(-205.634224722289,-57.9892914871075,-1.28413083189116E-6));
#9972=CARTESIAN_POINT('',(-205.610445858467,-57.9829772235807,-1.28413083189116E-6));
#9973=CARTESIAN_POINT('',(-205.586650990379,-57.9767254795443,-1.28413083189116E-6));
#9974=CARTESIAN_POINT('',(-205.562738627809,-57.9704428655978,-1.28413083189116E-6));
#9975=CARTESIAN_POINT('',(-205.538809555691,-57.9642227477898,-1.28413083189116E-6));
#9976=CARTESIAN_POINT('',(-205.514864486582,-57.9580664808084,-1.28413083189116E-6));
#9977=CARTESIAN_POINT('',(-205.228491802696,-57.8844401868018,-1.28413083189116E-6));
#9978=CARTESIAN_POINT('',(-204.93955092742,-57.8199018804498,-1.28413083189116E-6));
#9979=CARTESIAN_POINT('',(-204.649072732563,-57.7646534457367,-1.28413083189116E-6));
#9980=CARTESIAN_POINT('',(-204.359241540163,-57.7095280697374,-1.28413083189116E-6));
#9981=CARTESIAN_POINT('',(-204.067813996617,-57.663638743503,-1.28413083189116E-6));
#9982=CARTESIAN_POINT('',(-203.775072737403,-57.6269886700513,-1.28413083189116E-6));
#9983=CARTESIAN_POINT('',(-203.483077507237,-57.5904319965512,-1.28413083189116E-6));
#9984=CARTESIAN_POINT('',(-203.189756111649,-57.5630651981428,-1.28413083189116E-6));
#9985=CARTESIAN_POINT('',(-202.896044724081,-57.5448814595097,-1.28413083189116E-6));
#9986=CARTESIAN_POINT('',(-202.603001179181,-57.5267390671679,-1.28413083189116E-6));
#9987=CARTESIAN_POINT('',(-202.309683856931,-57.5177451432464,-1.28413083189116E-6));
#9988=CARTESIAN_POINT('',(-202.016080837143,-57.5177451432467,-1.28413083189116E-6));
#9989=CARTESIAN_POINT('',(-201.72247781736,-57.5177451432469,-1.28413083189116E-6));
#9990=CARTESIAN_POINT('',(-201.429160495109,-57.526739067169,-1.28413083189116E-6));
#9991=CARTESIAN_POINT('',(-201.136116950212,-57.5448814595109,-1.28413083189116E-6));
#9992=CARTESIAN_POINT('',(-200.842405562655,-57.5630651981432,-1.28413083189116E-6));
#9993=CARTESIAN_POINT('',(-200.549084167046,-57.590431996553,-1.28413083189116E-6));
#9994=CARTESIAN_POINT('',(-200.25708893689,-57.6269886700516,-1.28413083189116E-6));
#9995=CARTESIAN_POINT('',(-199.964347677687,-57.6636387435017,-1.28413083189116E-6));
#9996=CARTESIAN_POINT('',(-199.672920134117,-57.7095280697392,-1.28413083189116E-6));
#9997=CARTESIAN_POINT('',(-199.383088941727,-57.7646534457372,-1.28413083189116E-6));
#9998=CARTESIAN_POINT('',(-199.092610746885,-57.819901880448,-1.28413083189116E-6));
#9999=CARTESIAN_POINT('',(-198.803669871595,-57.8844401868027,-1.28413083189116E-6));
#10000=CARTESIAN_POINT('',(-198.517297187723,-57.958066480805,-1.28413083189116E-6));
#10001=CARTESIAN_POINT('',(-198.493351994558,-57.9642227796808,-1.28413083189116E-6));
#10002=CARTESIAN_POINT('',(-198.469422920682,-57.9704428986506,-1.28413083189116E-6));
#10003=CARTESIAN_POINT('',(-198.445510683922,-57.9767254795422,-1.28413083189116E-6));
#10004=CARTESIAN_POINT('',(-198.42171569111,-57.982977256348,-1.28413083189116E-6));
#10005=CARTESIAN_POINT('',(-198.397936828548,-57.9892915202404,-1.28413083189116E-6));
#10006=CARTESIAN_POINT('',(-198.374175251676,-57.9956686319995,-1.28413083189116E-6));
#10007=CARTESIAN_POINT('',(-198.350359617617,-58.0020602515801,-1.28413083189116E-6));
#10008=CARTESIAN_POINT('',(-198.326560596954,-58.0085148338551,-1.28413083189116E-6));
#10009=CARTESIAN_POINT('',(-198.302778895591,-58.015031093069,-1.28413083189116E-6));
#10010=CARTESIAN_POINT('',(-198.278950427859,-58.0215601664117,-1.28413083189116E-6));
#10011=CARTESIAN_POINT('',(-198.255138683307,-58.0281513133718,-1.28413083189116E-6));
#10012=CARTESIAN_POINT('',(-198.231344833094,-58.0348049672291,-1.28413083189116E-6));
#10013=CARTESIAN_POINT('',(-197.875795983703,-58.1342297745605,-1.28413083189116E-6));
#10014=CARTESIAN_POINT('',(-197.523457733403,-58.2478535703758,-1.28413083189116E-6));
#10015=CARTESIAN_POINT('',(-197.176698837424,-58.3745633257749,-1.28413083189116E-6));
#10016=CARTESIAN_POINT('',(-196.843062205445,-58.4964780524638,-1.28413083189116E-6));
#10017=CARTESIAN_POINT('',(-196.514374716989,-58.6305874478153,-1.28413083189116E-6));
#10018=CARTESIAN_POINT('',(-196.190446260725,-58.7763334941649,-1.28413083189116E-6));
#10019=CARTESIAN_POINT('',(-195.880434991322,-58.9158177412742,-1.28413083189116E-6));
#10020=CARTESIAN_POINT('',(-195.575211273868,-59.0657670260266,-1.28413083189116E-6));
#10021=CARTESIAN_POINT('',(-195.274968378929,-59.2251752884058,-1.28413083189116E-6));
#10022=CARTESIAN_POINT('',(-194.990089607086,-59.3764262614463,-1.28413083189116E-6));
#10023=CARTESIAN_POINT('',(-194.7095590358,-59.5362644375159,-1.28413083189116E-6));
#10024=CARTESIAN_POINT('',(-194.433653240517,-59.7033042492058,-1.28413083189116E-6));
#10025=CARTESIAN_POINT('',(-194.24473610668,-59.8176790938105,-1.28413083189116E-6));
#10026=CARTESIAN_POINT('',(-194.058193493148,-59.93530453674,-1.28413083189116E-6));
#10027=CARTESIAN_POINT('',(-193.873380908255,-60.0561960118057,-1.28413083189116E-6));
#10028=CARTESIAN_POINT('',(-193.698343375542,-60.1706933309883,-1.28413083189116E-6));
#10029=CARTESIAN_POINT('',(-193.525839313113,-60.2874764830312,-1.28413083189116E-6));
#10030=CARTESIAN_POINT('',(-193.354337112836,-60.4072016172042,-1.28413083189116E-6));
#10031=CARTESIAN_POINT('',(-193.192421768175,-60.5202341983195,-1.28413083189116E-6));
#10032=CARTESIAN_POINT('',(-193.032260950662,-60.6352855769344,-1.28413083189116E-6));
#10033=CARTESIAN_POINT('',(-192.873224903109,-60.75233190315,-1.28413083189116E-6));
#10034=CARTESIAN_POINT('',(-192.723935608173,-60.8622048771358,-1.28413083189116E-6));
#10035=CARTESIAN_POINT('',(-192.577136197097,-60.9727294398222,-1.28413083189116E-6));
#10036=CARTESIAN_POINT('',(-192.430016197895,-61.0854882979413,-1.28413083189116E-6));
#10037=CARTESIAN_POINT('',(-192.235499226689,-61.2345741576269,-1.28413083189116E-6));
#10038=CARTESIAN_POINT('',(-192.046704347542,-61.3827388144327,-1.28413083189116E-6));
#10039=CARTESIAN_POINT('',(-191.855192067176,-61.5356613515617,-1.28413083189116E-6));
#10040=CARTESIAN_POINT('',(-191.676415448738,-61.6784144638873,-1.28413083189116E-6));
#10041=CARTESIAN_POINT('',(-191.498732718092,-61.8225601266618,-1.28413083189116E-6));
#10042=CARTESIAN_POINT('',(-191.32175211855,-61.9675225421813,-1.28413083189116E-6));
#10043=CARTESIAN_POINT('',(-191.157093312101,-62.1023923436242,-1.28413083189116E-6));
#10044=CARTESIAN_POINT('',(-190.993029462811,-62.2379922598486,-1.28413083189116E-6));
#10045=CARTESIAN_POINT('',(-190.829100438697,-62.3737459167983,-1.28413083189116E-6));
#10046=CARTESIAN_POINT('',(-190.679642522321,-62.4975156934922,-1.28413083189116E-6));
#10047=CARTESIAN_POINT('',(-190.530294464642,-62.6214187361652,-1.28413083189116E-6));
#10048=CARTESIAN_POINT('',(-190.380580851624,-62.7448790063359,-1.28413083189116E-6));
#10049=CARTESIAN_POINT('',(-190.293883983007,-62.8163729647451,-1.28413083189116E-6));
#10050=CARTESIAN_POINT('',(-190.207058245612,-62.8877119425915,-1.28413083189116E-6));
#10051=CARTESIAN_POINT('',(-190.120060814639,-62.9588392933508,-1.28413083189116E-6));
#10052=CARTESIAN_POINT('',(-190.035499555228,-63.0279748792118,-1.28413083189116E-6));
#10053=CARTESIAN_POINT('',(-189.950776682912,-63.0969152011578,-1.28413083189116E-6));
#10054=CARTESIAN_POINT('',(-189.865815372464,-63.1655575416851,-1.28413083189116E-6));
#10055=CARTESIAN_POINT('',(-189.784274675959,-63.2314362837487,-1.28413083189116E-6));
#10056=CARTESIAN_POINT('',(-189.702511047921,-63.2970432133598,-1.28413083189116E-6));
#10057=CARTESIAN_POINT('',(-189.620462878681,-63.3622870312731,-1.28413083189116E-6));
#10058=CARTESIAN_POINT('',(-189.542544540844,-63.4242468518637,-1.28413083189116E-6));
#10059=CARTESIAN_POINT('',(-189.464361797864,-63.4858806122395,-1.28413083189116E-6));
#10060=CARTESIAN_POINT('',(-189.385835041778,-63.547064669566,-1.28413083189116E-6));
#10061=CARTESIAN_POINT('',(-189.239550138555,-63.6610424314249,-1.28413083189116E-6));
#10062=CARTESIAN_POINT('',(-189.091645766588,-63.7737937459347,-1.28413083189116E-6));
#10063=CARTESIAN_POINT('',(-188.942578347484,-63.8841121755941,-1.28413083189116E-6));
#10064=CARTESIAN_POINT('',(-188.804755177314,-63.9861092168994,-1.28413083189116E-6));
#10065=CARTESIAN_POINT('',(-188.66363089036,-64.087733177573,-1.28413083189116E-6));
#10066=CARTESIAN_POINT('',(-188.522851366394,-64.1856146256084,-1.28413083189116E-6));
#10067=CARTESIAN_POINT('',(-188.39482057655,-64.2746321101831,-1.28413083189116E-6));
#10068=CARTESIAN_POINT('',(-188.264570579454,-64.3622951670316,-1.28413083189116E-6));
#10069=CARTESIAN_POINT('',(-188.133400408077,-64.4466284743012,-1.28413083189116E-6));
#10070=CARTESIAN_POINT('',(-188.072184584981,-64.4859859956398,-1.28413083189116E-6));
#10071=CARTESIAN_POINT('',(-188.010923089956,-64.5245193918961,-1.28413083189116E-6));
#10072=CARTESIAN_POINT('',(-187.948933720447,-64.5626469928193,-1.28413083189116E-6));
#10073=CARTESIAN_POINT('',(-187.88862137284,-64.5997431133069,-1.28413083189116E-6));
#10074=CARTESIAN_POINT('',(-187.828406420156,-64.6359716735863,-1.28413083189116E-6));
#10075=CARTESIAN_POINT('',(-187.767367335423,-64.6718595906671,-1.28413083189116E-6));
#10076=CARTESIAN_POINT('',(-187.709764172416,-64.7057273582896,-1.28413083189116E-6));
#10077=CARTESIAN_POINT('',(-187.65181382324,-64.7390181988699,-1.28413083189116E-6));
#10078=CARTESIAN_POINT('',(-187.593675746827,-64.7719520198759,-1.28413083189116E-6));
#10079=CARTESIAN_POINT('',(-187.522904228325,-64.8120423817618,-1.28413083189116E-6));
#10080=CARTESIAN_POINT('',(-187.45187222789,-64.8516777446571,-1.28413083189116E-6));
#10081=CARTESIAN_POINT('',(-187.380758684517,-64.8911555746279,-1.28413083189116E-6));
#10082=CARTESIAN_POINT('',(-187.296185918742,-64.9381051303535,-1.28413083189116E-6));
#10083=CARTESIAN_POINT('',(-187.211480306435,-64.9848165910412,-1.28413083189116E-6));
#10084=CARTESIAN_POINT('',(-187.126724455441,-65.0314341706537,-1.28413083189116E-6));
#10085=CARTESIAN_POINT('',(-187.034399797401,-65.0822147603815,-1.28413083189116E-6));
#10086=CARTESIAN_POINT('',(-186.942008329029,-65.1328741239386,-1.28413083189116E-6));
#10087=CARTESIAN_POINT('',(-186.849598245399,-65.1834989530203,-1.28413083189116E-6));
#10088=CARTESIAN_POINT('',(-186.651714723345,-65.2919050824019,-1.28413083189116E-6));
#10089=CARTESIAN_POINT('',(-186.453757124404,-65.4001794994538,-1.28413083189116E-6));
#10090=CARTESIAN_POINT('',(-186.25631883023,-65.5093935820396,-1.28413083189116E-6));
#10091=CARTESIAN_POINT('',(-186.045108581448,-65.6262256973584,-1.28413083189116E-6));
#10092=CARTESIAN_POINT('',(-185.834512591965,-65.7442276434235,-1.28413083189116E-6));
#10093=CARTESIAN_POINT('',(-185.6253191392,-65.8646103950234,-1.28413083189116E-6));
#10094=CARTESIAN_POINT('',(-185.560359157917,-65.9019923550575,-1.28413083189116E-6));
#10095=CARTESIAN_POINT('',(-185.49552655639,-65.9395994036606,-1.28413083189116E-6));
#10096=CARTESIAN_POINT('',(-185.430860560646,-65.9774860181183,-1.28413083189116E-6));
#10097=CARTESIAN_POINT('',(-185.362284832487,-66.0176632727012,-1.28413083189116E-6));
#10098=CARTESIAN_POINT('',(-185.29388950103,-66.0581543851404,-1.28413083189116E-6));
#10099=CARTESIAN_POINT('',(-185.225705170986,-66.098989705416,-1.28413083189116E-6));
#10100=CARTESIAN_POINT('',(-185.077159019738,-66.1879533963115,-1.28413083189116E-6));
#10101=CARTESIAN_POINT('',(-184.930582666833,-66.2779682805699,-1.28413083189116E-6));
#10102=CARTESIAN_POINT('',(-184.784321010323,-66.3706438231425,-1.28413083189116E-6));
#10103=CARTESIAN_POINT('',(-184.624043506424,-66.472200204975,-1.28413083189116E-6));
#10104=CARTESIAN_POINT('',(-184.466418711941,-66.5755190436178,-1.28413083189116E-6));
#10105=CARTESIAN_POINT('',(-184.309701793564,-66.6824944377356,-1.28413083189116E-6));
#10106=CARTESIAN_POINT('',(-184.22660604871,-66.7392158188559,-1.28413083189116E-6));
#10107=CARTESIAN_POINT('',(-184.144170145637,-66.7966902479666,-1.28413083189116E-6));
#10108=CARTESIAN_POINT('',(-184.062268340132,-66.855122937111,-1.28413083189116E-6));
#10109=CARTESIAN_POINT('',(-183.976553256572,-66.9162762023138,-1.28413083189116E-6));
#10110=CARTESIAN_POINT('',(-183.892371271896,-66.9778036074654,-1.28413083189116E-6));
#10111=CARTESIAN_POINT('',(-183.808121732653,-67.040961106341,-1.28413083189116E-6));
#10112=CARTESIAN_POINT('',(-183.73193249453,-67.0980762165759,-1.28413083189116E-6));
#10113=CARTESIAN_POINT('',(-183.65710272381,-67.1554657498473,-1.28413083189116E-6));
#10114=CARTESIAN_POINT('',(-183.582267202865,-67.2143442561053,-1.28413083189116E-6));
#10115=CARTESIAN_POINT('',(-183.50213183074,-67.2773925378515,-1.28413083189116E-6));
#10116=CARTESIAN_POINT('',(-183.422890490952,-67.3414409904158,-1.28413083189116E-6));
#10117=CARTESIAN_POINT('',(-183.344475738264,-67.4066172291468,-1.28413083189116E-6));
#10118=CARTESIAN_POINT('',(-183.259925100583,-67.4768934508716,-1.28413083189116E-6));
#10119=CARTESIAN_POINT('',(-183.177303633198,-67.5476784750438,-1.28413083189116E-6));
#10120=CARTESIAN_POINT('',(-183.09495814358,-67.6205269189113,-1.28413083189116E-6));
#10121=CARTESIAN_POINT('',(-183.005712105016,-67.6994800596451,-1.28413083189116E-6));
#10122=CARTESIAN_POINT('',(-182.917931600706,-67.7798501779423,-1.28413083189116E-6));
#10123=CARTESIAN_POINT('',(-182.831564258769,-67.8619440693892,-1.28413083189116E-6));
#10124=CARTESIAN_POINT('',(-182.738867007153,-67.9500546669933,-1.28413083189116E-6));
#10125=CARTESIAN_POINT('',(-182.64766669825,-68.0402755122313,-1.28413083189116E-6));
#10126=CARTESIAN_POINT('',(-182.558608994025,-68.1320638618884,-1.28413083189116E-6));
#10127=CARTESIAN_POINT('',(-182.463390141883,-68.2302022696817,-1.28413083189116E-6));
#10128=CARTESIAN_POINT('',(-182.371511446964,-68.3292180734761,-1.28413083189116E-6));
#10129=CARTESIAN_POINT('',(-182.280902774952,-68.4316302441775,-1.28413083189116E-6));
#10130=CARTESIAN_POINT('',(-182.077658934599,-68.6613504509742,-1.28413083189116E-6));
#10131=CARTESIAN_POINT('',(-181.887352508915,-68.9008004018319,-1.28413083189116E-6));
#10132=CARTESIAN_POINT('',(-181.710691394017,-69.151574694919,-1.28413083189116E-6));
#10133=CARTESIAN_POINT('',(-181.644584838339,-69.2454143878126,-1.28413083189116E-6));
#10134=CARTESIAN_POINT('',(-181.58076935384,-69.3403031259563,-1.28413083189116E-6));
#10135=CARTESIAN_POINT('',(-181.518823998731,-69.436940625556,-1.28413083189116E-6));
#10136=CARTESIAN_POINT('',(-181.453850485602,-69.5383021858843,-1.28413083189116E-6));
#10137=CARTESIAN_POINT('',(-181.390983678136,-69.641510819511,-1.28413083189116E-6));
#10138=CARTESIAN_POINT('',(-181.330784208821,-69.7457791101865,-1.28413083189116E-6));
#10139=CARTESIAN_POINT('',(-181.268131391373,-69.8542967143374,-1.28413083189116E-6));
#10140=CARTESIAN_POINT('',(-181.208150309928,-69.9643376554106,-1.28413083189116E-6));
#10141=CARTESIAN_POINT('',(-181.150927364523,-70.0758143365706,-1.28413083189116E-6));
#10142=CARTESIAN_POINT('',(-181.091641648565,-70.1913095248794,-1.28413083189116E-6));
#10143=CARTESIAN_POINT('',(-181.035416172774,-70.3081518311874,-1.28413083189116E-6));
#10144=CARTESIAN_POINT('',(-180.98214392114,-70.4265409352101,-1.28413083189116E-6));
#10145=CARTESIAN_POINT('',(-185.032159805298,-120.,-0.363443707545194));
#10146=CARTESIAN_POINT('',(-177.032159805298,-120.,-0.363443707545194));
#10147=CARTESIAN_POINT('',(-177.032159805298,-112.,-0.363443707545194));
#10148=CARTESIAN_POINT('',(-185.032159805298,-120.,-0.363443707545194));
#10149=CARTESIAN_POINT('',(-185.032159805298,-120.,-1.36344370754519));
#10150=CARTESIAN_POINT('',(-177.032159805298,-112.,-1.36344370754519));
#10151=CARTESIAN_POINT('',(-177.032159805298,-120.,-1.36344370754519));
#10152=CARTESIAN_POINT('',(-185.032159805298,-120.,-1.36344370754519));
#10153=CARTESIAN_POINT('',(-177.032159805298,-112.,-0.363443707545194));
#10154=CARTESIAN_POINT('',(-177.032159805298,-112.,-1.36344370754519));
#10155=CARTESIAN_POINT('',(-219.,-120.,-0.363443707545194));
#10156=CARTESIAN_POINT('',(-219.,-120.,-1.36344370754519));
#10157=CARTESIAN_POINT('',(-185.032159805298,-120.,-1.36344370754519));
#10158=CARTESIAN_POINT('',(-219.,-120.,-1.36344370754519));
#10159=CARTESIAN_POINT('',(-227.,-112.,-0.363443707545194));
#10160=CARTESIAN_POINT('',(-227.,-119.999999999999,-0.363443707545194));
#10161=CARTESIAN_POINT('',(-219.,-120.,-0.363443707545194));
#10162=CARTESIAN_POINT('',(-227.,-112.,-0.363443707545194));
#10163=CARTESIAN_POINT('',(-227.,-112.,-1.36344370754519));
#10164=CARTESIAN_POINT('',(-219.,-120.,-1.36344370754519));
#10165=CARTESIAN_POINT('',(-227.,-119.999999999999,-1.36344370754519));
#10166=CARTESIAN_POINT('',(-227.,-112.,-1.36344370754519));
#10167=CARTESIAN_POINT('',(-227.,-62.0000000267729,-0.363443707545194));
#10168=CARTESIAN_POINT('',(-227.,-62.0000000267729,-1.36344370754519));
#10169=CARTESIAN_POINT('',(-227.,-112.,-1.36344370754519));
#10170=CARTESIAN_POINT('',(-227.,-62.0000000267729,-1.36344370754519));
#10171=CARTESIAN_POINT('',(-219.,-54.0000000267729,-0.363443707545194));
#10172=CARTESIAN_POINT('',(-227.,-54.0000000267728,-0.363443707545194));
#10173=CARTESIAN_POINT('',(-227.,-62.0000000267729,-0.363443707545194));
#10174=CARTESIAN_POINT('',(-219.,-54.0000000267729,-0.363443707545194));
#10175=CARTESIAN_POINT('',(-219.,-54.0000000267729,-1.36344370754519));
#10176=CARTESIAN_POINT('',(-227.,-62.0000000267729,-1.36344370754519));
#10177=CARTESIAN_POINT('',(-227.,-54.0000000267728,-1.36344370754519));
#10178=CARTESIAN_POINT('',(-219.,-54.0000000267729,-1.36344370754519));
#10179=CARTESIAN_POINT('',(-185.032159805298,-54.0000000267729,-0.363443707545194));
#10180=CARTESIAN_POINT('',(-185.032159805298,-54.0000000267729,-1.36344370754519));
#10181=CARTESIAN_POINT('',(-219.,-54.0000000267729,-1.36344370754519));
#10182=CARTESIAN_POINT('',(-185.032159805298,-54.0000000267729,-1.36344370754519));
#10183=CARTESIAN_POINT('',(-177.032159805298,-62.0000000267728,-0.363443707545194));
#10184=CARTESIAN_POINT('',(-177.032159805298,-54.0000000267727,-0.363443707545194));
#10185=CARTESIAN_POINT('',(-185.032159805298,-54.0000000267729,-0.363443707545194));
#10186=CARTESIAN_POINT('',(-177.032159805298,-62.0000000267728,-0.363443707545194));
#10187=CARTESIAN_POINT('',(-177.032159805298,-62.0000000267728,-1.36344370754519));
#10188=CARTESIAN_POINT('',(-185.032159805298,-54.0000000267729,-1.36344370754519));
#10189=CARTESIAN_POINT('',(-177.032159805298,-54.0000000267727,-1.36344370754519));
#10190=CARTESIAN_POINT('',(-177.032159805298,-62.0000000267728,-1.36344370754519));
#10191=CARTESIAN_POINT('',(-177.032159805298,-62.0000000267728,-1.36344370754519));
#10192=CARTESIAN_POINT('',(-177.032159805298,-112.,-1.36344370754519));
#10193=CARTESIAN_POINT('',(-177.032159805298,-62.0000000267728,19.0000000000004));
#10194=CARTESIAN_POINT('',(-177.032159805298,-54.0000000267728,19.0000000000004));
#10195=CARTESIAN_POINT('',(-185.032159805298,-54.0000000267729,19.0000000000004));
#10196=CARTESIAN_POINT('',(-185.032159805298,-54.0000000267729,19.0000000000004));
#10197=CARTESIAN_POINT('',(-185.032159805298,-54.0000000267729,22.0000000000004));
#10198=CARTESIAN_POINT('',(-177.032159805298,-62.0000000267728,22.0000000000004));
#10199=CARTESIAN_POINT('',(-177.032159805298,-54.0000000267728,22.0000000000004));
#10200=CARTESIAN_POINT('',(-185.032159805298,-54.0000000267729,22.0000000000004));
#10201=CARTESIAN_POINT('',(-177.032159805298,-62.0000000267728,19.0000000000004));
#10202=CARTESIAN_POINT('',(-177.032159805298,-62.0000000267728,22.0000000000004));
#10203=CARTESIAN_POINT('',(-219.,-54.0000000267729,19.0000000000004));
#10204=CARTESIAN_POINT('',(-219.,-54.0000000267729,22.0000000000004));
#10205=CARTESIAN_POINT('',(-185.032159805298,-54.0000000267729,22.0000000000004));
#10206=CARTESIAN_POINT('',(-202.016079902649,-54.0000000267729,22.0000000000004));
#10207=CARTESIAN_POINT('',(-219.,-54.0000000267729,22.0000000000004));
#10208=CARTESIAN_POINT('',(-219.,-54.0000000267729,19.0000000000004));
#10209=CARTESIAN_POINT('',(-227.,-54.0000000267728,19.0000000000005));
#10210=CARTESIAN_POINT('',(-227.,-62.0000000267729,19.0000000000004));
#10211=CARTESIAN_POINT('',(-227.,-62.0000000267729,19.0000000000004));
#10212=CARTESIAN_POINT('',(-227.,-62.0000000267729,22.0000000000004));
#10213=CARTESIAN_POINT('',(-219.,-54.0000000267729,22.0000000000004));
#10214=CARTESIAN_POINT('',(-227.,-54.0000000267728,22.0000000000005));
#10215=CARTESIAN_POINT('',(-227.,-62.0000000267729,22.0000000000004));
#10216=CARTESIAN_POINT('',(-227.,-112.,19.0000000000004));
#10217=CARTESIAN_POINT('',(-227.,-112.,22.0000000000004));
#10218=CARTESIAN_POINT('',(-227.,-62.0000000267729,22.0000000000004));
#10219=CARTESIAN_POINT('',(-227.,-87.0000000133862,22.0000000000004));
#10220=CARTESIAN_POINT('',(-227.,-112.,22.0000000000004));
#10221=CARTESIAN_POINT('',(-227.,-112.,19.0000000000004));
#10222=CARTESIAN_POINT('',(-227.,-120.,19.0000000000005));
#10223=CARTESIAN_POINT('',(-219.,-120.,19.0000000000004));
#10224=CARTESIAN_POINT('',(-219.,-120.,19.0000000000004));
#10225=CARTESIAN_POINT('',(-219.,-120.,22.0000000000004));
#10226=CARTESIAN_POINT('',(-227.,-112.,22.0000000000004));
#10227=CARTESIAN_POINT('',(-227.,-120.,22.0000000000005));
#10228=CARTESIAN_POINT('',(-219.,-120.,22.0000000000004));
#10229=CARTESIAN_POINT('',(-185.032159805298,-120.,19.0000000000004));
#10230=CARTESIAN_POINT('',(-185.032159805298,-120.,22.0000000000004));
#10231=CARTESIAN_POINT('',(-219.,-120.,22.0000000000004));
#10232=CARTESIAN_POINT('',(-202.016079902649,-120.,22.0000000000004));
#10233=CARTESIAN_POINT('',(-185.032159805298,-120.,22.0000000000004));
#10234=CARTESIAN_POINT('',(-185.032159805298,-120.,19.0000000000004));
#10235=CARTESIAN_POINT('',(-177.032159805298,-119.999999999999,19.0000000000004));
#10236=CARTESIAN_POINT('',(-177.032159805298,-112.,19.0000000000004));
#10237=CARTESIAN_POINT('',(-177.032159805298,-112.,19.0000000000004));
#10238=CARTESIAN_POINT('',(-177.032159805298,-112.,22.0000000000004));
#10239=CARTESIAN_POINT('',(-185.032159805298,-120.,22.0000000000004));
#10240=CARTESIAN_POINT('',(-177.032159805298,-119.999999999999,22.0000000000004));
#10241=CARTESIAN_POINT('',(-177.032159805298,-112.,22.0000000000004));
#10242=CARTESIAN_POINT('',(-177.032159805298,-112.,22.0000000000004));
#10243=CARTESIAN_POINT('',(-177.032159805298,-87.0000000133862,22.0000000000004));
#10244=CARTESIAN_POINT('',(-177.032159805298,-62.0000000267728,22.0000000000004));
#10245=CARTESIAN_POINT('',(-177.532159805298,-62.0000000267728,19.0000000000004));
#10246=CARTESIAN_POINT('',(-177.532159805298,-87.0000000133862,19.0000000000004));
#10247=CARTESIAN_POINT('',(-177.532159805298,-112.,19.0000000000004));
#10248=CARTESIAN_POINT('',(-177.532159805298,-112.,19.0000000000004));
#10249=CARTESIAN_POINT('',(-177.532159805298,-112.,22.0000000000004));
#10250=CARTESIAN_POINT('',(-177.532159805298,-62.0000000267728,22.0000000000004));
#10251=CARTESIAN_POINT('',(-177.532159805298,-87.0000000133862,22.0000000000004));
#10252=CARTESIAN_POINT('',(-177.532159805298,-112.,22.0000000000004));
#10253=CARTESIAN_POINT('',(-177.532159805298,-62.0000000267728,19.0000000000004));
#10254=CARTESIAN_POINT('',(-177.532159805298,-62.0000000267728,22.0000000000004));
#10255=CARTESIAN_POINT('',(-177.532159805298,-112.,19.0000000000004));
#10256=CARTESIAN_POINT('',(-177.532159805298,-119.499999999999,19.0000000000004));
#10257=CARTESIAN_POINT('',(-185.032159805298,-119.5,19.0000000000004));
#10258=CARTESIAN_POINT('',(-185.032159805298,-119.5,19.0000000000004));
#10259=CARTESIAN_POINT('',(-185.032159805298,-119.5,22.0000000000004));
#10260=CARTESIAN_POINT('',(-177.532159805298,-112.,22.0000000000004));
#10261=CARTESIAN_POINT('',(-177.532159805298,-119.499999999999,22.0000000000004));
#10262=CARTESIAN_POINT('',(-185.032159805298,-119.5,22.0000000000004));
#10263=CARTESIAN_POINT('',(-185.032159805298,-119.5,19.0000000000004));
#10264=CARTESIAN_POINT('',(-202.016079902649,-119.5,19.0000000000004));
#10265=CARTESIAN_POINT('',(-219.,-119.5,19.0000000000004));
#10266=CARTESIAN_POINT('',(-219.,-119.5,19.0000000000004));
#10267=CARTESIAN_POINT('',(-219.,-119.5,22.0000000000004));
#10268=CARTESIAN_POINT('',(-185.032159805298,-119.5,22.0000000000004));
#10269=CARTESIAN_POINT('',(-202.016079902649,-119.5,22.0000000000004));
#10270=CARTESIAN_POINT('',(-219.,-119.5,22.0000000000004));
#10271=CARTESIAN_POINT('',(-219.,-119.5,19.0000000000004));
#10272=CARTESIAN_POINT('',(-226.5,-119.5,19.0000000000005));
#10273=CARTESIAN_POINT('',(-226.5,-112.,19.0000000000004));
#10274=CARTESIAN_POINT('',(-226.5,-112.,19.0000000000004));
#10275=CARTESIAN_POINT('',(-226.5,-112.,22.0000000000004));
#10276=CARTESIAN_POINT('',(-219.,-119.5,22.0000000000004));
#10277=CARTESIAN_POINT('',(-226.5,-119.5,22.0000000000005));
#10278=CARTESIAN_POINT('',(-226.5,-112.,22.0000000000004));
#10279=CARTESIAN_POINT('',(-226.5,-112.,19.0000000000004));
#10280=CARTESIAN_POINT('',(-226.5,-87.0000000133862,19.0000000000004));
#10281=CARTESIAN_POINT('',(-226.5,-62.0000000267729,19.0000000000004));
#10282=CARTESIAN_POINT('',(-226.5,-62.0000000267729,19.0000000000004));
#10283=CARTESIAN_POINT('',(-226.5,-62.0000000267729,22.0000000000004));
#10284=CARTESIAN_POINT('',(-226.5,-112.,22.0000000000004));
#10285=CARTESIAN_POINT('',(-226.5,-87.0000000133862,22.0000000000004));
#10286=CARTESIAN_POINT('',(-226.5,-62.0000000267729,22.0000000000004));
#10287=CARTESIAN_POINT('',(-226.5,-62.0000000267729,19.0000000000004));
#10288=CARTESIAN_POINT('',(-226.5,-54.5000000267728,19.0000000000005));
#10289=CARTESIAN_POINT('',(-219.,-54.5000000267729,19.0000000000004));
#10290=CARTESIAN_POINT('',(-219.,-54.5000000267729,19.0000000000004));
#10291=CARTESIAN_POINT('',(-219.,-54.5000000267729,22.0000000000004));
#10292=CARTESIAN_POINT('',(-226.5,-62.0000000267729,22.0000000000004));
#10293=CARTESIAN_POINT('',(-226.5,-54.5000000267728,22.0000000000004));
#10294=CARTESIAN_POINT('',(-219.,-54.5000000267729,22.0000000000004));
#10295=CARTESIAN_POINT('',(-219.,-54.5000000267729,19.0000000000004));
#10296=CARTESIAN_POINT('',(-202.016079902649,-54.5000000267729,19.0000000000004));
#10297=CARTESIAN_POINT('',(-185.032159805298,-54.5000000267729,19.0000000000004));
#10298=CARTESIAN_POINT('',(-185.032159805298,-54.5000000267729,19.0000000000004));
#10299=CARTESIAN_POINT('',(-185.032159805298,-54.5000000267729,22.0000000000004));
#10300=CARTESIAN_POINT('',(-219.,-54.5000000267729,22.0000000000004));
#10301=CARTESIAN_POINT('',(-202.016079902649,-54.5000000267729,22.0000000000004));
#10302=CARTESIAN_POINT('',(-185.032159805298,-54.5000000267729,22.0000000000004));
#10303=CARTESIAN_POINT('',(-185.032159805298,-54.5000000267729,19.0000000000004));
#10304=CARTESIAN_POINT('',(-177.532159805298,-54.5000000267728,19.0000000000004));
#10305=CARTESIAN_POINT('',(-177.532159805298,-62.0000000267728,19.0000000000004));
#10306=CARTESIAN_POINT('',(-185.032159805298,-54.5000000267729,22.0000000000004));
#10307=CARTESIAN_POINT('',(-177.532159805298,-54.5000000267728,22.0000000000004));
#10308=CARTESIAN_POINT('',(-177.532159805298,-62.0000000267728,22.0000000000004));
#10309=CARTESIAN_POINT('',(-179.032159805298,-64.,19.0000000000001));
#10310=CARTESIAN_POINT('',(-179.032159805298,-64.,0.999998715869172));
#10311=CARTESIAN_POINT('',(-179.032159805298,-110.000000026772,0.999998715869161));
#10312=CARTESIAN_POINT('',(-179.032159805298,-110.000000026772,19.0000000000001));
#10313=CARTESIAN_POINT('',(-224.999999274205,-110.000000026772,0.99999871586926));
#10314=CARTESIAN_POINT('',(-224.999999274204,-110.000000026772,19.0000000000002));
#10315=CARTESIAN_POINT('',(-224.999999274204,-64.0000000000001,19.0000000000002));
#10316=CARTESIAN_POINT('',(-224.999999274205,-64.0000000000001,0.999998715869271));
#10317=CARTESIAN_POINT('',(-187.032159805298,-56.,19.0000000000001));
#10318=CARTESIAN_POINT('',(-187.032159805298,-56.,0.999998715869175));
#10319=CARTESIAN_POINT('',(-216.999999274205,-56.,19.0000000000002));
#10320=CARTESIAN_POINT('',(-216.999999274205,-56.,0.99999871586926));
#10321=CARTESIAN_POINT('',(-187.032159805298,-118.000000026772,0.999998715869182));
#10322=CARTESIAN_POINT('',(-187.032159805298,-118.000000026772,19.0000000000001));
#10323=CARTESIAN_POINT('',(-216.999999274205,-118.000000026772,0.999998715869257));
#10324=CARTESIAN_POINT('',(-216.999999274204,-118.000000026772,19.0000000000002));
#10325=CARTESIAN_POINT('',(-179.032159805298,-64.,19.0000000000001));
#10326=CARTESIAN_POINT('',(-179.032159805298,-110.000000026772,19.0000000000001));
#10327=CARTESIAN_POINT('',(-224.999999274204,-110.000000026772,19.0000000000002));
#10328=CARTESIAN_POINT('',(-224.999999274204,-64.0000000000001,19.0000000000002));
#10329=CARTESIAN_POINT('',(-216.999999274205,-56.,19.0000000000002));
#10330=CARTESIAN_POINT('',(-187.032159805298,-56.,19.0000000000001));
#10331=CARTESIAN_POINT('',(-187.032159805298,-118.000000026772,19.0000000000001));
#10332=CARTESIAN_POINT('',(-216.999999274204,-118.000000026772,19.0000000000002));
#10333=CARTESIAN_POINT('',(-216.999999274204,-118.000000026772,19.0000000000002));
#10334=CARTESIAN_POINT('',(-224.999999274204,-118.000000026772,18.9999999999992));
#10335=CARTESIAN_POINT('',(-224.999999274204,-110.000000026772,19.0000000000002));
#10336=CARTESIAN_POINT('',(-224.999999274204,-64.0000000000001,19.0000000000002));
#10337=CARTESIAN_POINT('',(-224.999999274204,-56.,19.0000000000008));
#10338=CARTESIAN_POINT('',(-216.999999274205,-56.,19.0000000000002));
#10339=CARTESIAN_POINT('',(-187.032159805298,-56.,19.0000000000001));
#10340=CARTESIAN_POINT('',(-179.032159805298,-56.,19.0000000000004));
#10341=CARTESIAN_POINT('',(-179.032159805298,-64.,19.0000000000001));
#10342=CARTESIAN_POINT('',(-179.032159805298,-110.000000026772,19.0000000000001));
#10343=CARTESIAN_POINT('',(-179.032159805298,-118.000000026772,19.0000000000002));
#10344=CARTESIAN_POINT('',(-187.032159805298,-118.000000026772,19.0000000000001));
#10345=CARTESIAN_POINT('',(-185.032159805298,-120.,19.0000000000004));
#10346=CARTESIAN_POINT('',(-185.032159805298,-120.,-0.363443707545194));
#10347=CARTESIAN_POINT('',(-177.032159805298,-112.,19.0000000000004));
#10348=CARTESIAN_POINT('',(-177.032159805298,-112.,-0.363443707545194));
#10349=CARTESIAN_POINT('',(-185.032159805298,-54.0000000267729,-0.363443707545194));
#10350=CARTESIAN_POINT('',(-185.032159805298,-54.0000000267729,19.0000000000004));
#10351=CARTESIAN_POINT('',(-177.032159805298,-62.0000000267728,-0.363443707545194));
#10352=CARTESIAN_POINT('',(-177.032159805298,-62.0000000267728,19.0000000000004));
#10353=CARTESIAN_POINT('',(-227.,-62.0000000267729,-0.363443707545194));
#10354=CARTESIAN_POINT('',(-227.,-62.0000000267729,19.0000000000004));
#10355=CARTESIAN_POINT('',(-219.,-54.0000000267729,-0.363443707545194));
#10356=CARTESIAN_POINT('',(-219.,-54.0000000267729,19.0000000000004));
#10357=CARTESIAN_POINT('',(-219.,-120.,-0.363443707545194));
#10358=CARTESIAN_POINT('',(-219.,-120.,19.0000000000004));
#10359=CARTESIAN_POINT('',(-227.,-112.,-0.363443707545194));
#10360=CARTESIAN_POINT('',(-227.,-112.,19.0000000000004));
#10361=CARTESIAN_POINT('',(-179.032159805298,-110.000000026772,0.999998715869172));
#10362=CARTESIAN_POINT('',(-179.032159805298,-110.000000026772,-1.28413082833845E-6));
#10363=CARTESIAN_POINT('',(-179.032159805298,-64.,-1.28413082833845E-6));
#10364=CARTESIAN_POINT('',(-179.032159805298,-110.000000026772,-1.28413082833845E-6));
#10365=CARTESIAN_POINT('',(-179.032159805298,-64.,0.999998715869172));
#10366=CARTESIAN_POINT('',(-179.032159805298,-64.,-1.28413082833845E-6));
#10367=CARTESIAN_POINT('',(-179.032159805298,-110.000000026772,0.999998715869172));
#10368=CARTESIAN_POINT('',(-179.032159805298,-118.000000026772,0.999998715869172));
#10369=CARTESIAN_POINT('',(-187.032159805298,-118.000000026772,0.999998715869172));
#10370=CARTESIAN_POINT('',(-187.032159805298,-118.000000026772,0.999998715869172));
#10371=CARTESIAN_POINT('',(-187.032159805298,-118.000000026772,-1.28413082833845E-6));
#10372=CARTESIAN_POINT('',(-179.032159805298,-110.000000026772,-1.28413082833845E-6));
#10373=CARTESIAN_POINT('',(-179.032159805298,-118.000000026772,-1.28413082833845E-6));
#10374=CARTESIAN_POINT('',(-187.032159805298,-118.000000026772,-1.28413082833845E-6));
#10375=CARTESIAN_POINT('',(-216.999999274205,-118.000000026772,0.999998715869172));
#10376=CARTESIAN_POINT('',(-216.999999274205,-118.000000026772,-1.28413082833845E-6));
#10377=CARTESIAN_POINT('',(-187.032159805298,-118.000000026772,-1.28413082833845E-6));
#10378=CARTESIAN_POINT('',(-216.999999274205,-118.000000026772,-1.28413082833845E-6));
#10379=CARTESIAN_POINT('',(-216.999999274205,-118.000000026772,0.999998715869172));
#10380=CARTESIAN_POINT('',(-224.999999274205,-118.000000026772,0.999998715869172));
#10381=CARTESIAN_POINT('',(-224.999999274205,-110.000000026772,0.999998715869172));
#10382=CARTESIAN_POINT('',(-224.999999274205,-110.000000026772,0.999998715869172));
#10383=CARTESIAN_POINT('',(-224.999999274205,-110.000000026772,-1.28413082833845E-6));
#10384=CARTESIAN_POINT('',(-216.999999274205,-118.000000026772,-1.28413082833845E-6));
#10385=CARTESIAN_POINT('',(-224.999999274205,-118.000000026772,-1.28413082833845E-6));
#10386=CARTESIAN_POINT('',(-224.999999274205,-110.000000026772,-1.28413082833845E-6));
#10387=CARTESIAN_POINT('',(-224.999999274205,-64.0000000000001,0.999998715869172));
#10388=CARTESIAN_POINT('',(-224.999999274205,-64.0000000000001,-1.28413082833845E-6));
#10389=CARTESIAN_POINT('',(-224.999999274205,-110.000000026772,-1.28413082833845E-6));
#10390=CARTESIAN_POINT('',(-224.999999274205,-64.0000000000001,-1.28413082833845E-6));
#10391=CARTESIAN_POINT('',(-224.999999274205,-64.0000000000001,0.999998715869172));
#10392=CARTESIAN_POINT('',(-224.999999274205,-56.,0.999998715869172));
#10393=CARTESIAN_POINT('',(-216.999999274205,-56.,0.999998715869172));
#10394=CARTESIAN_POINT('',(-216.999999274205,-56.,0.999998715869172));
#10395=CARTESIAN_POINT('',(-216.999999274205,-56.,-1.28413082833845E-6));
#10396=CARTESIAN_POINT('',(-224.999999274205,-64.0000000000001,-1.28413082833845E-6));
#10397=CARTESIAN_POINT('',(-224.999999274205,-56.,-1.28413082833845E-6));
#10398=CARTESIAN_POINT('',(-216.999999274205,-56.,-1.28413082833845E-6));
#10399=CARTESIAN_POINT('',(-187.032159805298,-56.,0.999998715869172));
#10400=CARTESIAN_POINT('',(-187.032159805298,-56.,-1.28413082833845E-6));
#10401=CARTESIAN_POINT('',(-216.999999274205,-56.,-1.28413082833845E-6));
#10402=CARTESIAN_POINT('',(-187.032159805298,-56.,-1.28413082833845E-6));
#10403=CARTESIAN_POINT('',(-187.032159805298,-56.,0.999998715869172));
#10404=CARTESIAN_POINT('',(-179.032159805298,-56.,0.999998715869172));
#10405=CARTESIAN_POINT('',(-179.032159805298,-64.,0.999998715869172));
#10406=CARTESIAN_POINT('',(-187.032159805298,-56.,-1.28413082833845E-6));
#10407=CARTESIAN_POINT('',(-179.032159805298,-56.,-1.28413082833845E-6));
#10408=CARTESIAN_POINT('',(-179.032159805298,-64.,-1.28413082833845E-6));
#10409=CARTESIAN_POINT('',(0.,0.,0.));
ENDSEC;
END-ISO-10303-21;
