ISO-10303-21;
HEADER;
/* Generated by software containing ST-Developer
 * from STEP Tools, Inc. (www.steptools.com) 
 */
/* OPTION: using custom schema-name function */

FILE_DESCRIPTION(
/* description */ (''),
/* implementation_level */ '2;1');

FILE_NAME(
/* name */ 'Silicon_MoldA',
/* time_stamp */ '2026-04-16T17:57:44+03:00',
/* author */ (''),
/* organization */ (''),
/* preprocessor_version */ 'ST-DEVELOPER v16.5',
/* originating_system */ 'Rhino 7.23',
/* authorisation */ '');

FILE_SCHEMA (('CONFIG_CONTROL_DESIGN'));
ENDSEC;

DATA;
#10=SHAPE_REPRESENTATION_RELATIONSHIP('','',#272,#12);
#11=MANIFOLD_SOLID_BREP('brep_1',#13);
#12=ADVANCED_BREP_SHAPE_REPRESENTATION('brep_rep_0',(#11,#278),#271);
#13=CLOSED_SHELL('',(#20,#21,#22,#23,#24,#25,#26,#27,#28,#29,#30));
#14=FACE_BOUND('',#45,.T.);
#15=FACE_BOUND('',#46,.T.);
#16=FACE_BOUND('',#47,.T.);
#17=FACE_BOUND('',#50,.T.);
#18=FACE_BOUND('',#52,.T.);
#19=FACE_BOUND('',#55,.T.);
#20=ADVANCED_FACE('',(#31),#179,.T.);
#21=ADVANCED_FACE('',(#32),#180,.T.);
#22=ADVANCED_FACE('',(#33,#14,#15,#16),#178,.T.);
#23=ADVANCED_FACE('',(#34),#181,.T.);
#24=ADVANCED_FACE('',(#35,#17),#182,.T.);
#25=ADVANCED_FACE('',(#36,#18),#183,.T.);
#26=ADVANCED_FACE('',(#37),#184,.T.);
#27=ADVANCED_FACE('',(#38,#19),#185,.T.);
#28=ADVANCED_FACE('',(#39),#175,.F.);
#29=ADVANCED_FACE('',(#40),#176,.F.);
#30=ADVANCED_FACE('',(#41),#177,.F.);
#31=FACE_OUTER_BOUND('',#42,.T.);
#32=FACE_OUTER_BOUND('',#43,.T.);
#33=FACE_OUTER_BOUND('',#44,.T.);
#34=FACE_OUTER_BOUND('',#48,.T.);
#35=FACE_OUTER_BOUND('',#49,.T.);
#36=FACE_OUTER_BOUND('',#51,.T.);
#37=FACE_OUTER_BOUND('',#53,.T.);
#38=FACE_OUTER_BOUND('',#54,.T.);
#39=FACE_OUTER_BOUND('',#56,.T.);
#40=FACE_OUTER_BOUND('',#57,.T.);
#41=FACE_OUTER_BOUND('',#58,.T.);
#42=EDGE_LOOP('',(#59,#60,#61,#62,#63,#64,#65));
#43=EDGE_LOOP('',(#66,#67,#68,#69));
#44=EDGE_LOOP('',(#70));
#45=EDGE_LOOP('',(#71));
#46=EDGE_LOOP('',(#72));
#47=EDGE_LOOP('',(#73));
#48=EDGE_LOOP('',(#74,#75,#76,#77));
#49=EDGE_LOOP('',(#78,#79,#80,#81));
#50=EDGE_LOOP('',(#82));
#51=EDGE_LOOP('',(#83,#84,#85,#86));
#52=EDGE_LOOP('',(#87));
#53=EDGE_LOOP('',(#88,#89,#90,#91));
#54=EDGE_LOOP('',(#92,#93,#94,#95));
#55=EDGE_LOOP('',(#96));
#56=EDGE_LOOP('',(#97,#98,#99,#100));
#57=EDGE_LOOP('',(#101,#102,#103,#104));
#58=EDGE_LOOP('',(#105,#106,#107,#108));
#59=ORIENTED_EDGE('',*,*,#109,.T.);
#60=ORIENTED_EDGE('',*,*,#114,.T.);
#61=ORIENTED_EDGE('',*,*,#115,.T.);
#62=ORIENTED_EDGE('',*,*,#116,.T.);
#63=ORIENTED_EDGE('',*,*,#110,.T.);
#64=ORIENTED_EDGE('',*,*,#111,.T.);
#65=ORIENTED_EDGE('',*,*,#110,.F.);
#66=ORIENTED_EDGE('',*,*,#113,.T.);
#67=ORIENTED_EDGE('',*,*,#112,.F.);
#68=ORIENTED_EDGE('',*,*,#111,.F.);
#69=ORIENTED_EDGE('',*,*,#112,.T.);
#70=ORIENTED_EDGE('',*,*,#113,.F.);
#71=ORIENTED_EDGE('',*,*,#125,.F.);
#72=ORIENTED_EDGE('',*,*,#128,.F.);
#73=ORIENTED_EDGE('',*,*,#131,.F.);
#74=ORIENTED_EDGE('',*,*,#122,.T.);
#75=ORIENTED_EDGE('',*,*,#118,.F.);
#76=ORIENTED_EDGE('',*,*,#120,.T.);
#77=ORIENTED_EDGE('',*,*,#109,.F.);
#78=ORIENTED_EDGE('',*,*,#123,.T.);
#79=ORIENTED_EDGE('',*,*,#117,.T.);
#80=ORIENTED_EDGE('',*,*,#122,.F.);
#81=ORIENTED_EDGE('',*,*,#116,.F.);
#82=ORIENTED_EDGE('',*,*,#132,.F.);
#83=ORIENTED_EDGE('',*,*,#117,.F.);
#84=ORIENTED_EDGE('',*,*,#121,.F.);
#85=ORIENTED_EDGE('',*,*,#119,.T.);
#86=ORIENTED_EDGE('',*,*,#118,.T.);
#87=ORIENTED_EDGE('',*,*,#129,.F.);
#88=ORIENTED_EDGE('',*,*,#124,.T.);
#89=ORIENTED_EDGE('',*,*,#121,.T.);
#90=ORIENTED_EDGE('',*,*,#123,.F.);
#91=ORIENTED_EDGE('',*,*,#115,.F.);
#92=ORIENTED_EDGE('',*,*,#120,.F.);
#93=ORIENTED_EDGE('',*,*,#119,.F.);
#94=ORIENTED_EDGE('',*,*,#124,.F.);
#95=ORIENTED_EDGE('',*,*,#114,.F.);
#96=ORIENTED_EDGE('',*,*,#126,.F.);
#97=ORIENTED_EDGE('',*,*,#125,.T.);
#98=ORIENTED_EDGE('',*,*,#127,.F.);
#99=ORIENTED_EDGE('',*,*,#126,.T.);
#100=ORIENTED_EDGE('',*,*,#127,.T.);
#101=ORIENTED_EDGE('',*,*,#128,.T.);
#102=ORIENTED_EDGE('',*,*,#130,.F.);
#103=ORIENTED_EDGE('',*,*,#129,.T.);
#104=ORIENTED_EDGE('',*,*,#130,.T.);
#105=ORIENTED_EDGE('',*,*,#131,.T.);
#106=ORIENTED_EDGE('',*,*,#133,.F.);
#107=ORIENTED_EDGE('',*,*,#132,.T.);
#108=ORIENTED_EDGE('',*,*,#133,.T.);
#109=EDGE_CURVE('',#159,#166,#142,.T.);
#110=EDGE_CURVE('',#159,#160,#143,.T.);
#111=EDGE_CURVE('',#160,#160,#144,.T.);
#112=EDGE_CURVE('',#160,#161,#145,.T.);
#113=EDGE_CURVE('',#161,#161,#146,.T.);
#114=EDGE_CURVE('',#166,#168,#147,.T.);
#115=EDGE_CURVE('',#168,#167,#148,.T.);
#116=EDGE_CURVE('',#167,#159,#149,.T.);
#117=EDGE_CURVE('',#164,#163,#150,.T.);
#118=EDGE_CURVE('',#162,#163,#151,.T.);
#119=EDGE_CURVE('',#165,#162,#152,.T.);
#120=EDGE_CURVE('',#162,#166,#153,.T.);
#121=EDGE_CURVE('',#165,#164,#154,.T.);
#122=EDGE_CURVE('',#159,#163,#155,.T.);
#123=EDGE_CURVE('',#167,#164,#156,.T.);
#124=EDGE_CURVE('',#168,#165,#157,.T.);
#125=EDGE_CURVE('',#169,#169,#134,.T.);
#126=EDGE_CURVE('',#170,#170,#135,.T.);
#127=EDGE_CURVE('',#170,#169,#136,.T.);
#128=EDGE_CURVE('',#171,#171,#137,.T.);
#129=EDGE_CURVE('',#172,#172,#158,.T.);
#130=EDGE_CURVE('',#172,#171,#138,.T.);
#131=EDGE_CURVE('',#173,#173,#139,.T.);
#132=EDGE_CURVE('',#174,#174,#140,.T.);
#133=EDGE_CURVE('',#174,#173,#141,.T.);
#134=(
BOUNDED_CURVE()
B_SPLINE_CURVE(2,(#5269,#5270,#5271,#5272,#5273,#5274,#5275,#5276,#5277),
 .UNSPECIFIED.,.T.,.F.)
B_SPLINE_CURVE_WITH_KNOTS((3,2,2,2,3),(0.,1.5707963267949,3.14159265358979,
4.71238898038469,6.28318530717959),.UNSPECIFIED.)
CURVE()
GEOMETRIC_REPRESENTATION_ITEM()
RATIONAL_B_SPLINE_CURVE((1.,0.707106781186548,1.,0.707106781186548,1.,0.707106781186548,
1.,0.707106781186548,1.))
REPRESENTATION_ITEM('')
);
#135=(
BOUNDED_CURVE()
B_SPLINE_CURVE(3,(#5278,#5279,#5280,#5281,#5282,#5283,#5284,#5285,#5286,
#5287,#5288,#5289,#5290,#5291,#5292,#5293,#5294,#5295,#5296,#5297,#5298,
#5299,#5300,#5301,#5302,#5303,#5304,#5305,#5306,#5307,#5308,#5309,#5310,
#5311,#5312,#5313,#5314,#5315,#5316,#5317,#5318,#5319,#5320,#5321,#5322,
#5323,#5324,#5325,#5326),.UNSPECIFIED.,.T.,.F.)
B_SPLINE_CURVE_WITH_KNOTS((4,3,3,3,3,3,3,3,3,3,3,3,3,3,3,3,4),(0.,0.42820441088359,
0.855798548132744,1.23599696211565,1.61728892800354,1.99858048710672,2.37877931028649,
2.80637345824764,3.23457788005334,3.58741650209811,4.20928957718822,4.51788435516771,
4.82647135372801,5.1350573179549,5.44365188226389,6.06552452051396,6.41836316282204),
 .UNSPECIFIED.)
CURVE()
GEOMETRIC_REPRESENTATION_ITEM()
RATIONAL_B_SPLINE_CURVE((1.,1.,1.,1.,1.,1.,1.,1.,1.,1.,1.,1.,1.00000033991128,
1.00000033991128,1.00000033991128,1.00000033991128,1.00000033991128,1.00000033991128,
1.00000033991128,1.00000033991128,1.00000033991128,1.00000033991128,1.00000033991128,
1.00000033991128,1.00000033991128,1.00000033991128,1.00000033991128,1.00000033991128,
1.00000033991128,1.00000033991128,1.00000033991128,1.00000033991128,1.00000033991128,
1.00000033991128,1.00000033991128,1.00000033991128,0.999999999999977,0.999999999999977,
0.999999999999977,0.999999999999977,0.999999999999977,0.999999999999977,
0.999999999999977,0.999999999999977,0.999999999999977,0.999999999999977,
0.999999999999985,0.999999999999992,1.))
REPRESENTATION_ITEM('')
);
#136=(
BOUNDED_CURVE()
B_SPLINE_CURVE(1,(#5327,#5328),.UNSPECIFIED.,.F.,.F.)
B_SPLINE_CURVE_WITH_KNOTS((2,2),(4.29535807592345,6.99738787024708),
 .UNSPECIFIED.)
CURVE()
GEOMETRIC_REPRESENTATION_ITEM()
RATIONAL_B_SPLINE_CURVE((1.,1.))
REPRESENTATION_ITEM('')
);
#137=(
BOUNDED_CURVE()
B_SPLINE_CURVE(2,(#5329,#5330,#5331,#5332,#5333,#5334,#5335,#5336,#5337),
 .UNSPECIFIED.,.T.,.F.)
B_SPLINE_CURVE_WITH_KNOTS((3,2,2,2,3),(0.,3.14159265358979,6.28318530717959,
9.42477796076938,12.5663706143592),.UNSPECIFIED.)
CURVE()
GEOMETRIC_REPRESENTATION_ITEM()
RATIONAL_B_SPLINE_CURVE((1.,0.707106781186548,1.,0.707106781186548,1.,0.707106781186548,
1.,0.707106781186548,1.))
REPRESENTATION_ITEM('')
);
#138=(
BOUNDED_CURVE()
B_SPLINE_CURVE(1,(#5375,#5376),.UNSPECIFIED.,.F.,.F.)
B_SPLINE_CURVE_WITH_KNOTS((2,2),(0.820097083357543,2.74737736470652),
 .UNSPECIFIED.)
CURVE()
GEOMETRIC_REPRESENTATION_ITEM()
RATIONAL_B_SPLINE_CURVE((1.,1.))
REPRESENTATION_ITEM('')
);
#139=(
BOUNDED_CURVE()
B_SPLINE_CURVE(2,(#5377,#5378,#5379,#5380,#5381,#5382,#5383,#5384,#5385),
 .UNSPECIFIED.,.T.,.F.)
B_SPLINE_CURVE_WITH_KNOTS((3,2,2,2,3),(0.,1.5707963267949,3.14159265358979,
4.71238898038469,6.28318530717959),.UNSPECIFIED.)
CURVE()
GEOMETRIC_REPRESENTATION_ITEM()
RATIONAL_B_SPLINE_CURVE((1.,0.707106781186548,1.,0.707106781186548,1.,0.707106781186548,
1.,0.707106781186548,1.))
REPRESENTATION_ITEM('')
);
#140=(
BOUNDED_CURVE()
B_SPLINE_CURVE(3,(#5386,#5387,#5388,#5389,#5390,#5391,#5392,#5393,#5394,
#5395,#5396,#5397,#5398,#5399,#5400,#5401,#5402,#5403,#5404,#5405,#5406,
#5407,#5408,#5409,#5410,#5411,#5412,#5413,#5414,#5415,#5416,#5417,#5418,
#5419,#5420,#5421,#5422,#5423,#5424,#5425,#5426,#5427,#5428,#5429,#5430,
#5431,#5432,#5433,#5434),.UNSPECIFIED.,.T.,.F.)
B_SPLINE_CURVE_WITH_KNOTS((4,3,3,3,3,3,3,3,3,3,3,3,3,3,3,3,4),(0.,0.35283861277581,
0.974711265961145,1.28330583755745,1.59189262969006,1.90047881491781,2.20907360018474,
2.8309466902104,3.18378528272299,3.61198972467022,4.03958389270201,4.4197826954743,
4.80107505432973,5.18236617894146,5.56256457231346,5.99015872963356,6.41836316065827),
 .UNSPECIFIED.)
CURVE()
GEOMETRIC_REPRESENTATION_ITEM()
RATIONAL_B_SPLINE_CURVE((1.,1.,1.,1.,1.,1.,1.,1.,1.,1.,1.,1.,1.00000033991127,
1.00000033991127,1.00000033991127,1.00000033991127,1.00000033991127,1.00000033991127,
1.00000033991127,1.00000033991127,1.00000033991127,1.00000033991127,1.00000033991127,
1.00000033991127,1.00000033991127,1.00000033991127,1.00000033991127,1.00000033991127,
1.00000033991127,1.00000033991127,1.00000033991127,1.00000033991127,1.00000033991127,
1.00000033991127,1.00000033991127,1.00000033991127,0.999999999999987,0.999999999999987,
0.999999999999987,0.999999999999987,0.999999999999987,0.999999999999987,
0.999999999999987,0.999999999999987,0.999999999999987,0.999999999999987,
0.999999999999992,0.999999999999996,1.))
REPRESENTATION_ITEM('')
);
#141=(
BOUNDED_CURVE()
B_SPLINE_CURVE(1,(#5435,#5436),.UNSPECIFIED.,.F.,.F.)
B_SPLINE_CURVE_WITH_KNOTS((2,2),(4.29535808151965,6.99738787024708),
 .UNSPECIFIED.)
CURVE()
GEOMETRIC_REPRESENTATION_ITEM()
RATIONAL_B_SPLINE_CURVE((1.,1.))
REPRESENTATION_ITEM('')
);
#142=B_SPLINE_CURVE_WITH_KNOTS('',3,(#3297,#3298,#3299,#3300,#3301,#3302,
#3303,#3304,#3305,#3306,#3307,#3308,#3309,#3310,#3311,#3312,#3313,#3314,
#3315,#3316,#3317,#3318,#3319,#3320,#3321,#3322,#3323,#3324,#3325,#3326,
#3327,#3328,#3329,#3330,#3331,#3332,#3333,#3334,#3335,#3336,#3337,#3338,
#3339,#3340,#3341,#3342,#3343,#3344,#3345,#3346,#3347,#3348,#3349,#3350,
#3351,#3352,#3353,#3354,#3355,#3356,#3357,#3358,#3359,#3360,#3361,#3362,
#3363,#3364,#3365,#3366,#3367,#3368,#3369,#3370,#3371,#3372,#3373,#3374,
#3375,#3376,#3377),.UNSPECIFIED.,.F.,.F.,(4,1,2,2,2,2,2,2,2,2,2,2,2,2,2,
2,2,2,2,2,2,2,2,2,2,2,2,2,2,2,2,2,2,2,2,2,2,2,2,2,4),(0.,0.338755412205771,
0.677510824411544,1.35502164882309,2.03253247323463,2.71004329764618,4.06506494646927,
5.42008659529236,6.77510824411544,8.13012989293853,9.48515154176162,10.8401731905847,
12.1951948394078,13.5502164882309,13.8889719004367,14.2277273126424,14.905238137054,
15.5827489614655,16.2602597858771,16.5990151980828,16.9377706102886,17.6152814347002,
18.2927922591117,18.9703030835232,19.6478139079348,19.9865693201406,20.3253247323463,
21.6803463811694,23.0353680299925,24.3903896788156,25.7454113276387,27.1004329764618,
28.4554546252849,29.810476274108,31.165497922931,32.5205195717541,33.1980303961657,
33.8755412205772,34.5530520449888,35.2305628694003,35.5132849686754),
 .UNSPECIFIED.);
#143=B_SPLINE_CURVE_WITH_KNOTS('',1,(#3378,#3379),.UNSPECIFIED.,.F.,.F.,
(2,2),(-4.99999999997322,0.),.UNSPECIFIED.);
#144=B_SPLINE_CURVE_WITH_KNOTS('',3,(#3380,#3381,#3382,#3383,#3384,#3385,
#3386,#3387,#3388,#3389,#3390,#3391,#3392,#3393,#3394,#3395,#3396,#3397,
#3398,#3399,#3400,#3401,#3402,#3403,#3404,#3405,#3406,#3407,#3408,#3409,
#3410,#3411,#3412,#3413,#3414,#3415,#3416,#3417,#3418,#3419,#3420,#3421,
#3422,#3423,#3424,#3425,#3426,#3427,#3428,#3429,#3430,#3431,#3432,#3433,
#3434,#3435,#3436,#3437,#3438,#3439,#3440,#3441,#3442,#3443,#3444,#3445,
#3446,#3447,#3448,#3449,#3450,#3451,#3452,#3453,#3454,#3455,#3456,#3457,
#3458,#3459,#3460,#3461,#3462,#3463,#3464,#3465,#3466,#3467,#3468,#3469,
#3470,#3471,#3472,#3473,#3474,#3475,#3476,#3477,#3478,#3479,#3480,#3481,
#3482,#3483,#3484,#3485,#3486,#3487,#3488,#3489,#3490,#3491,#3492,#3493,
#3494,#3495,#3496,#3497,#3498,#3499,#3500,#3501,#3502,#3503,#3504,#3505,
#3506,#3507,#3508,#3509,#3510,#3511,#3512,#3513,#3514,#3515,#3516,#3517,
#3518,#3519,#3520,#3521,#3522,#3523,#3524,#3525,#3526,#3527,#3528,#3529,
#3530,#3531,#3532,#3533,#3534,#3535,#3536,#3537,#3538,#3539,#3540,#3541,
#3542,#3543,#3544,#3545,#3546,#3547,#3548,#3549,#3550,#3551,#3552,#3553,
#3554,#3555,#3556,#3557,#3558,#3559,#3560,#3561,#3562,#3563,#3564,#3565,
#3566,#3567,#3568,#3569,#3570,#3571,#3572,#3573,#3574,#3575,#3576,#3577,
#3578,#3579,#3580,#3581,#3582,#3583,#3584,#3585,#3586,#3587,#3588,#3589,
#3590,#3591,#3592,#3593,#3594,#3595,#3596,#3597,#3598,#3599,#3600,#3601,
#3602,#3603,#3604,#3605,#3606,#3607,#3608,#3609,#3610,#3611,#3612,#3613,
#3614,#3615,#3616,#3617,#3618,#3619,#3620,#3621,#3622,#3623,#3624,#3625,
#3626,#3627,#3628,#3629,#3630,#3631,#3632,#3633,#3634,#3635,#3636,#3637,
#3638,#3639,#3640,#3641,#3642,#3643,#3644,#3645,#3646,#3647,#3648,#3649,
#3650,#3651,#3652,#3653,#3654,#3655,#3656,#3657,#3658,#3659,#3660,#3661,
#3662,#3663,#3664,#3665,#3666,#3667,#3668,#3669,#3670,#3671,#3672,#3673,
#3674,#3675,#3676,#3677,#3678,#3679,#3680,#3681,#3682,#3683,#3684,#3685,
#3686,#3687,#3688,#3689,#3690,#3691,#3692,#3693,#3694,#3695,#3696,#3697,
#3698,#3699,#3700,#3701,#3702,#3703,#3704,#3705,#3706,#3707,#3708,#3709,
#3710,#3711,#3712,#3713,#3714,#3715,#3716,#3717,#3718,#3719,#3720,#3721,
#3722,#3723,#3724,#3725,#3726,#3727,#3728,#3729,#3730,#3731,#3732,#3733,
#3734,#3735,#3736,#3737,#3738,#3739,#3740,#3741,#3742,#3743,#3744,#3745,
#3746,#3747,#3748,#3749,#3750,#3751,#3752,#3753,#3754,#3755,#3756,#3757,
#3758,#3759),.UNSPECIFIED.,.T.,.F.,(4,1,2,2,2,2,2,2,2,2,2,2,2,2,2,2,2,2,
2,2,2,2,2,2,2,2,2,2,2,2,2,2,2,2,2,2,2,2,2,2,2,2,2,2,2,2,2,2,2,2,2,2,2,2,
2,2,2,2,2,2,2,2,2,2,2,2,2,2,2,2,2,2,2,2,2,2,2,2,2,2,2,2,2,2,2,2,2,2,2,2,
2,2,2,2,2,2,2,2,2,2,2,2,2,2,2,2,2,2,2,2,2,2,2,2,2,2,2,2,2,2,2,2,2,2,2,2,
2,2,2,2,2,2,2,2,2,2,2,2,2,2,2,2,2,2,2,2,2,2,2,2,2,2,2,2,2,2,2,2,2,2,2,2,
2,2,2,2,2,2,2,2,2,2,2,2,2,2,2,2,2,2,2,2,2,2,2,2,2,2,2,1,4),(-173.442771049355,
-173.10401563715,-172.765260224944,-172.087749400532,-171.410238576121,
-170.732727751709,-169.377706102886,-168.700195278475,-168.022684454063,
-167.345173629651,-166.66766280524,-165.990151980828,-165.312641156417,
-164.973885744211,-164.635130332005,-164.2963749198,-163.957619507594,-163.280108683182,
-162.602597858771,-161.247576209948,-160.570065385536,-159.892554561124,
-159.215043736713,-158.537532912301,-157.182511263478,-155.827489614655,
-154.472467965832,-153.117446317009,-151.762424668186,-150.407403019363,
-149.05238137054,-147.697359721717,-146.342338072894,-144.987316424071,
-143.632294775247,-142.277273126424,-140.922251477601,-139.567229828778,
-138.212208179955,-136.857186531132,-135.502164882309,-134.147143233486,
-132.792121584663,-131.43709993584,-130.759589111428,-130.082078287017,
-129.743322874811,-129.404567462605,-128.727056638193,-128.049545813782,
-127.37203498937,-126.017013340547,-124.661991691724,-123.984480867313,
-123.306970042901,-122.62945921849,-121.951948394078,-121.274437569666,
-120.596926745255,-119.919415920843,-119.241905096432,-117.886883447609,
-116.531861798786,-115.176840149963,-113.821818501139,-112.466796852316,
-111.111775203493,-109.75675355467,-108.401731905847,-107.046710257024,
-106.707954844818,-106.369199432612,-105.691688608201,-105.014177783789,
-104.336666959378,-103.659156134966,-103.320400722761,-102.981645310555,
-102.304134486143,-101.626623661732,-100.94911283732,-100.610357425114,
-100.271602012909,-98.9165803640855,-97.5615587152624,-96.2065370664393,
-94.8515154176162,-93.4964937687931,-92.14147211997,-90.7864504711469,-89.4314288223239,
-88.7539179979123,-88.0764071735008,-87.3988963490892,-86.7213855246777,
-86.3826301124719,-86.0438747002661,-85.3663638758546,-84.688853051443,
-84.0113422270315,-82.6563205782084,-81.9788097537969,-81.3012989293853,
-80.6237881049738,-79.9462772805622,-79.2687664561507,-78.5912556317392,
-78.2525002195334,-77.9137448073276,-77.5749893951218,-77.2362339829161,
-76.5587231585045,-75.881212334093,-75.2037015096814,-74.5261906852699,
-73.8486798608583,-73.1711690364468,-72.4936582120353,-71.8161473876237,
-70.4611257388006,-69.1061040899775,-67.7510824411544,-66.3960607923314,
-65.0410391435083,-63.6860174946852,-62.3309958458621,-60.975974197039,
-59.6209525482159,-58.2659308993928,-56.9109092505697,-55.5558876017466,
-54.2008659529236,-52.8458443041005,-51.4908226552774,-50.1358010064543,
-48.7807793576312,-47.4257577088081,-46.070736059985,-45.3932252355735,
-44.7157144111619,-44.0382035867504,-43.3606927623388,-43.0219373501331,
-42.6831819379273,-42.0056711135158,-40.6506494646927,-39.2956278158696,
-37.9406061670465,-37.2630953426349,-36.5855845182234,-35.9080736938119,
-35.2305628694003,-34.5530520449888,-33.8755412205772,-33.1980303961657,
-32.5205195717541,-31.165497922931,-29.810476274108,-28.4554546252849,-27.1004329764618,
-25.7454113276387,-24.3903896788156,-23.0353680299925,-21.6803463811694,
-20.3253247323463,-19.9865693201406,-19.6478139079348,-18.9703030835232,
-18.2927922591117,-17.6152814347002,-16.9377706102886,-16.5990151980828,
-16.2602597858771,-15.5827489614655,-14.905238137054,-14.2277273126424,
-13.8889719004367,-13.5502164882309,-12.1951948394078,-10.8401731905847,
-9.48515154176162,-8.13012989293853,-6.77510824411544,-5.42008659529236,
-4.06506494646927,-2.71004329764618,-2.03253247323463,-1.35502164882309,
-0.677510824411544,-0.338755412205771,0.),.UNSPECIFIED.);
#145=B_SPLINE_CURVE_WITH_KNOTS('',1,(#3760,#3761),.UNSPECIFIED.,.F.,.F.,
(2,2),(0.,2.19361050877555),.UNSPECIFIED.);
#146=B_SPLINE_CURVE_WITH_KNOTS('',3,(#3762,#3763,#3764,#3765,#3766,#3767,
#3768,#3769,#3770,#3771,#3772,#3773,#3774,#3775,#3776,#3777,#3778,#3779,
#3780,#3781,#3782,#3783,#3784,#3785,#3786,#3787,#3788,#3789,#3790,#3791,
#3792,#3793,#3794,#3795,#3796,#3797,#3798,#3799,#3800,#3801,#3802,#3803,
#3804,#3805,#3806,#3807,#3808,#3809,#3810,#3811,#3812,#3813,#3814,#3815,
#3816,#3817,#3818,#3819,#3820,#3821,#3822,#3823,#3824,#3825,#3826,#3827,
#3828,#3829,#3830,#3831,#3832,#3833,#3834,#3835,#3836,#3837,#3838,#3839,
#3840,#3841,#3842,#3843,#3844,#3845,#3846,#3847,#3848,#3849,#3850,#3851,
#3852,#3853,#3854,#3855,#3856,#3857,#3858,#3859,#3860,#3861,#3862,#3863,
#3864,#3865,#3866,#3867,#3868,#3869,#3870,#3871,#3872,#3873,#3874,#3875,
#3876,#3877,#3878,#3879,#3880,#3881,#3882,#3883,#3884,#3885,#3886,#3887,
#3888,#3889,#3890,#3891,#3892,#3893,#3894,#3895,#3896,#3897,#3898,#3899,
#3900,#3901,#3902,#3903,#3904,#3905,#3906,#3907,#3908,#3909,#3910,#3911,
#3912,#3913,#3914,#3915,#3916,#3917,#3918,#3919,#3920,#3921,#3922,#3923,
#3924,#3925,#3926,#3927,#3928,#3929,#3930,#3931,#3932,#3933,#3934,#3935,
#3936,#3937,#3938,#3939,#3940,#3941,#3942,#3943,#3944,#3945,#3946,#3947,
#3948,#3949,#3950,#3951,#3952,#3953,#3954,#3955,#3956,#3957,#3958,#3959,
#3960,#3961,#3962,#3963,#3964,#3965,#3966,#3967,#3968,#3969,#3970,#3971,
#3972,#3973,#3974,#3975,#3976,#3977,#3978,#3979,#3980,#3981,#3982,#3983,
#3984,#3985,#3986,#3987,#3988,#3989,#3990,#3991,#3992,#3993,#3994,#3995,
#3996,#3997,#3998,#3999,#4000,#4001,#4002,#4003,#4004,#4005,#4006,#4007,
#4008,#4009,#4010,#4011,#4012,#4013,#4014,#4015,#4016,#4017,#4018,#4019,
#4020,#4021,#4022,#4023,#4024,#4025,#4026,#4027,#4028,#4029,#4030,#4031,
#4032,#4033,#4034,#4035,#4036,#4037,#4038,#4039,#4040,#4041,#4042,#4043,
#4044,#4045,#4046,#4047,#4048,#4049,#4050,#4051,#4052,#4053,#4054,#4055,
#4056,#4057,#4058,#4059,#4060,#4061,#4062,#4063,#4064,#4065,#4066,#4067,
#4068,#4069,#4070,#4071,#4072,#4073,#4074,#4075,#4076,#4077,#4078,#4079,
#4080,#4081,#4082,#4083,#4084,#4085,#4086,#4087,#4088,#4089,#4090,#4091,
#4092,#4093,#4094,#4095,#4096,#4097,#4098,#4099,#4100,#4101,#4102,#4103,
#4104,#4105,#4106,#4107,#4108,#4109,#4110,#4111,#4112,#4113,#4114,#4115,
#4116,#4117,#4118,#4119,#4120,#4121,#4122,#4123,#4124,#4125,#4126,#4127,
#4128,#4129,#4130,#4131,#4132,#4133,#4134,#4135,#4136,#4137,#4138,#4139,
#4140,#4141,#4142,#4143,#4144,#4145,#4146,#4147,#4148,#4149,#4150,#4151,
#4152,#4153,#4154,#4155,#4156,#4157,#4158,#4159,#4160,#4161,#4162,#4163,
#4164,#4165,#4166,#4167,#4168,#4169,#4170,#4171,#4172,#4173,#4174,#4175,
#4176,#4177,#4178,#4179,#4180,#4181,#4182,#4183,#4184,#4185,#4186,#4187,
#4188,#4189,#4190,#4191,#4192,#4193,#4194,#4195,#4196,#4197,#4198,#4199,
#4200,#4201,#4202,#4203,#4204,#4205,#4206,#4207,#4208,#4209,#4210,#4211,
#4212,#4213,#4214,#4215,#4216,#4217,#4218,#4219,#4220,#4221,#4222,#4223,
#4224,#4225,#4226,#4227,#4228,#4229,#4230,#4231,#4232,#4233,#4234,#4235,
#4236,#4237,#4238,#4239,#4240,#4241,#4242,#4243,#4244,#4245,#4246,#4247,
#4248,#4249,#4250,#4251,#4252,#4253,#4254,#4255,#4256,#4257,#4258,#4259,
#4260,#4261,#4262,#4263,#4264,#4265,#4266,#4267,#4268,#4269,#4270,#4271,
#4272,#4273,#4274,#4275,#4276,#4277,#4278,#4279,#4280,#4281,#4282,#4283,
#4284,#4285,#4286,#4287,#4288,#4289,#4290,#4291,#4292,#4293,#4294,#4295,
#4296,#4297,#4298,#4299,#4300,#4301,#4302,#4303,#4304,#4305,#4306,#4307,
#4308,#4309,#4310,#4311,#4312,#4313,#4314,#4315,#4316,#4317,#4318,#4319,
#4320,#4321,#4322,#4323,#4324,#4325,#4326,#4327,#4328,#4329,#4330,#4331,
#4332,#4333,#4334,#4335,#4336,#4337,#4338,#4339,#4340,#4341,#4342,#4343,
#4344,#4345,#4346,#4347,#4348,#4349,#4350,#4351,#4352,#4353,#4354,#4355,
#4356,#4357,#4358,#4359,#4360,#4361,#4362,#4363,#4364,#4365,#4366,#4367,
#4368,#4369,#4370,#4371,#4372,#4373,#4374,#4375,#4376,#4377,#4378,#4379,
#4380,#4381,#4382,#4383,#4384,#4385,#4386,#4387,#4388,#4389,#4390,#4391,
#4392,#4393,#4394,#4395,#4396,#4397,#4398,#4399,#4400,#4401,#4402,#4403,
#4404,#4405,#4406,#4407,#4408,#4409,#4410,#4411,#4412,#4413,#4414,#4415,
#4416,#4417,#4418,#4419,#4420,#4421,#4422,#4423,#4424,#4425,#4426,#4427,
#4428,#4429,#4430,#4431,#4432,#4433,#4434,#4435,#4436,#4437,#4438,#4439,
#4440,#4441,#4442,#4443,#4444,#4445,#4446,#4447,#4448,#4449,#4450,#4451,
#4452,#4453,#4454,#4455,#4456,#4457,#4458,#4459,#4460,#4461,#4462,#4463,
#4464,#4465,#4466,#4467,#4468,#4469,#4470,#4471,#4472,#4473,#4474,#4475,
#4476,#4477,#4478,#4479,#4480,#4481,#4482,#4483,#4484,#4485,#4486,#4487,
#4488,#4489,#4490,#4491,#4492,#4493,#4494,#4495,#4496,#4497,#4498,#4499,
#4500,#4501,#4502,#4503,#4504,#4505,#4506,#4507,#4508,#4509,#4510,#4511,
#4512,#4513,#4514,#4515,#4516,#4517,#4518,#4519,#4520,#4521,#4522,#4523,
#4524,#4525,#4526,#4527,#4528,#4529,#4530,#4531,#4532,#4533,#4534,#4535,
#4536,#4537,#4538,#4539,#4540,#4541,#4542,#4543,#4544,#4545,#4546,#4547,
#4548,#4549,#4550,#4551,#4552,#4553,#4554,#4555,#4556,#4557,#4558,#4559,
#4560,#4561,#4562,#4563,#4564,#4565,#4566,#4567,#4568,#4569,#4570,#4571,
#4572,#4573,#4574,#4575,#4576,#4577,#4578,#4579,#4580,#4581,#4582,#4583,
#4584,#4585,#4586,#4587,#4588,#4589,#4590,#4591,#4592,#4593,#4594,#4595,
#4596,#4597,#4598,#4599,#4600,#4601,#4602,#4603,#4604,#4605,#4606,#4607,
#4608,#4609,#4610,#4611,#4612,#4613,#4614,#4615,#4616,#4617,#4618,#4619,
#4620,#4621,#4622,#4623,#4624,#4625,#4626,#4627,#4628,#4629,#4630,#4631,
#4632,#4633,#4634,#4635,#4636,#4637,#4638,#4639,#4640,#4641,#4642,#4643,
#4644,#4645,#4646,#4647,#4648,#4649,#4650,#4651,#4652,#4653,#4654,#4655,
#4656,#4657,#4658,#4659,#4660,#4661,#4662,#4663,#4664,#4665,#4666,#4667,
#4668,#4669,#4670,#4671,#4672,#4673,#4674,#4675,#4676,#4677,#4678,#4679,
#4680,#4681,#4682,#4683,#4684,#4685,#4686,#4687,#4688,#4689,#4690,#4691,
#4692,#4693,#4694,#4695,#4696,#4697,#4698,#4699,#4700,#4701,#4702,#4703,
#4704,#4705,#4706,#4707,#4708,#4709,#4710,#4711,#4712,#4713,#4714,#4715,
#4716,#4717,#4718,#4719,#4720,#4721,#4722,#4723,#4724,#4725,#4726,#4727,
#4728,#4729,#4730,#4731,#4732,#4733,#4734,#4735,#4736,#4737,#4738,#4739,
#4740,#4741,#4742,#4743,#4744,#4745,#4746,#4747,#4748,#4749,#4750,#4751,
#4752,#4753,#4754,#4755,#4756,#4757,#4758,#4759,#4760,#4761,#4762,#4763,
#4764,#4765,#4766,#4767,#4768,#4769,#4770,#4771,#4772,#4773,#4774,#4775,
#4776,#4777,#4778,#4779,#4780,#4781,#4782,#4783,#4784,#4785,#4786,#4787,
#4788,#4789,#4790,#4791,#4792,#4793,#4794,#4795,#4796,#4797,#4798,#4799,
#4800,#4801,#4802,#4803,#4804,#4805,#4806,#4807,#4808,#4809,#4810,#4811,
#4812,#4813,#4814,#4815,#4816,#4817,#4818,#4819,#4820,#4821,#4822,#4823,
#4824,#4825,#4826,#4827,#4828,#4829,#4830,#4831,#4832,#4833,#4834,#4835,
#4836,#4837,#4838,#4839,#4840,#4841,#4842,#4843,#4844,#4845,#4846,#4847,
#4848,#4849,#4850,#4851,#4852,#4853,#4854,#4855,#4856,#4857,#4858,#4859,
#4860,#4861,#4862,#4863,#4864,#4865,#4866,#4867,#4868,#4869),
 .UNSPECIFIED.,.T.,.F.,(4,3,3,3,3,3,3,3,3,3,3,3,3,3,3,3,3,3,3,3,3,3,3,3,
3,3,3,3,3,3,3,3,3,3,3,3,3,3,3,3,3,3,3,3,3,3,3,3,3,3,3,3,3,3,3,3,3,3,3,3,
3,3,3,3,3,3,3,3,3,3,3,3,3,3,3,3,3,3,3,3,3,3,3,3,3,3,3,3,3,3,3,3,3,3,3,3,
3,3,3,3,3,3,3,3,3,3,3,3,3,3,3,3,3,3,3,3,3,3,3,3,3,3,3,3,3,3,3,3,3,3,3,3,
3,3,3,3,3,3,3,3,3,3,3,3,3,3,3,3,3,3,3,3,3,3,3,3,3,3,3,3,3,3,3,3,3,3,3,3,
3,3,3,3,3,3,3,3,3,3,3,3,3,3,3,3,3,3,3,3,3,3,3,3,3,3,3,3,3,3,3,3,3,3,3,3,
3,3,3,3,3,3,3,3,3,3,3,3,3,3,3,3,3,3,3,3,3,3,3,3,3,3,3,3,3,3,3,3,3,3,3,3,
3,3,3,3,3,3,3,3,3,3,3,3,3,3,3,3,3,3,3,3,3,3,3,3,3,3,3,3,3,3,3,3,3,3,3,3,
3,3,3,3,3,3,3,3,3,3,3,3,3,3,3,3,3,3,3,3,3,3,3,3,3,3,3,3,3,3,3,3,3,3,3,3,
3,3,3,3,3,3,3,3,3,3,3,3,3,3,3,3,3,3,3,3,3,3,3,3,3,3,3,3,3,3,3,3,3,3,3,3,
3,3,3,3,3,3,3,3,3,3,3,3,3,3,3,3,3,3,3,3,3,4),(0.,0.389311930796588,0.765249560270709,
1.12689454625737,1.47081965640653,2.39015958167832,2.79871780383288,3.18278743562633,
3.54011895400689,3.86880352906115,4.17462195379649,4.45936637154471,4.77422434415148,
5.07593686621872,5.64389577990018,6.16220504740366,6.40064321587538,6.62548884949059,
7.3496198095582,8.02651699538357,8.34262249452185,8.63281502276106,8.87683133646595,
9.07730337061801,9.28919182796103,9.50711708192154,9.97599713463066,10.4928272342539,
11.049701980056,11.3483564060751,11.6628422329457,11.9905216376636,12.327641844292,
12.9098017113552,13.5483354616953,14.2346842563629,14.9648309579828,15.5193097444359,
16.1114419359491,16.738076686015,17.4002901472832,18.3682332972893,19.3881831891387,
20.4535970826488,21.5621762910933,21.6362968446708,21.7102723108146,21.7840802518323,
21.858252254047,22.7456845811357,23.6307565159265,24.5139002410297,25.3945630476172,
26.2752258542113,27.1583695793144,28.0434415141025,28.930873841206,29.0050458434164,
29.0788537843963,29.152829250539,29.2269498041269,30.3355290125935,31.4009429061019,
32.4208927979529,33.3888359479601,34.0510494092245,34.6776841592934,35.2698163508083,
35.8242951372565,36.5544418388818,37.2407906336147,37.8793243839539,38.461484251019,
38.7986044576572,39.1262838623688,39.4407696892252,39.7394241152428,40.2962988610489,
40.813128960672,41.2820090133817,41.4999342673419,41.7118227246718,41.9122947588852,
42.1563110726497,42.4465036008758,42.7626090997476,43.4395062863727,44.1636372418887,
44.3884828779637,44.6269210641644,45.1452302821035,45.7131893219955,46.0149018202706,
46.3297592803194,46.6145038603531,46.9203239840936,47.2490081262666,47.6063344842832,
47.9904051641416,48.3989029494306,49.3176521178218,49.4871552392675,49.6624417385424,
50.0236745385556,50.3997121516038,50.5927915671729,50.7922141678864,51.7902381513844,
52.2873315544914,52.7723591179334,53.7040630130176,54.5737382260834,54.6130339378872,
54.6517450570918,54.6896740024067,54.7272140143369,55.5155967980349,56.212983379252,
56.8286567370918,57.3735049626586,57.9668436894927,58.5230028168459,59.0424001291896,
59.5223055363535,60.023183769187,60.5135167302234,60.9873480567785,61.4369030639643,
61.4703095547317,61.5042808882102,61.5382281631539,61.5721296182779,62.5882045521686,
63.5195937364998,64.3839857030882,65.2064708406946,65.234576049367,65.2620873616697,
65.2899190107119,65.3163245341391,66.0962112940641,66.8661316431003,67.6003620734634,
67.9478940285024,68.1154660444175,68.2782536359279,68.4410412253074,68.6086132372722,
68.9561451747778,69.6903756448316,70.4602959281692,71.2401825248224,71.2665879818474,
71.2944195362135,71.3219309336371,71.350036208731,72.1725215266309,73.0369135442148,
73.9683027074667,74.984377636807,75.0182790890329,75.0522263612926,75.0861976982654,
75.1196041926059,75.5691592077667,76.0429905341567,76.533323495313,77.0342017280501,
77.5141071351934,78.0335044475203,78.589663574879,79.1830023017133,79.7278505272782,
80.3435238851222,81.0409104663349,81.8292932500306,81.8668332619586,81.9047622072724,
81.9434733264824,81.982769038287,82.8524442513558,83.7841481464352,84.2691757098825,
84.7662691129888,85.7642930964859,85.9637156972011,86.1567951127681,86.5328327258109,
86.8940655258359,87.0693520251126,87.2388551465563,88.1576043149337,88.5661021002291,
88.9501727800893,89.3074991381073,89.6361832802763,89.9420034040155,90.226747984049,
90.5416054440979,90.8433179423737,91.4112769822671,91.9295862002109,92.1680243864169,
92.3928700224915,93.1170009783416,93.7938981649604,94.1100036638296,94.4001961920609,
94.6442125058226,94.8446845399732,95.0565729972959,95.274498251259,95.7433783039761,
96.2602084035978,96.8170831494033,97.1157375754197,97.4302234022887,97.757902807008,
98.0950230136348,98.6771828807015,99.3157166310388,100.002065425704,100.732212127327,
101.286690913778,101.878823105291,102.50545785536,103.167671316627,104.135614466632,
105.15556435848,106.220978251997,107.329557460445,107.403678014031,107.477653480179,
107.551461421172,107.625633423384,108.51306575048,109.39813768527,110.281281410375,
111.161944216962,112.042607023552,112.925750748658,113.81082268345,114.698255010527,
114.772427012733,114.846234953738,114.920210419907,114.994330973494,116.102910181933,
117.168324075448,118.188273967295,119.1562171173,119.818430578568,120.445065328635,
121.03719752015,121.591676306601,122.321823008224,123.008171802958,123.646705553297,
124.228865420362,124.565985626988,124.893665031707,125.208150858578,125.506805284585,
126.063680030387,126.580510130011,127.049390182726,127.26731543669,127.479203894013,
127.679675928224,127.923692241993,128.213884770224,128.529990269093,129.206887455714,
129.931018411233,130.155864047306,130.394302233507,130.912611451449,131.480570491338,
131.782282989611,132.097140449665,132.381885029703,132.687705153442,133.01638929561,
133.373715653627,133.757786333485,134.166284118776,135.085033287162,135.254536408609,
135.429822907884,135.791055707903,136.167093320947,136.360172736515,136.55959533723,
137.557619320726,138.054712723832,138.539740287275,139.471444182363,140.341119395427,
140.380415107232,140.419126226436,140.45705517175,140.494595183679,141.282977967379,
141.980364548594,142.596037906435,143.140886132001,143.734224858836,144.29038398619,
144.809781298533,145.289686705697,145.790564938536,146.280897899564,146.754729226113,
147.204284233302,147.237690724074,147.271662057558,147.305609332496,147.339510787619,
148.355585721514,149.286974905843,150.151366872429,150.973852010037,151.001957218712,
151.029468531021,151.057300180059,151.083705703484,151.863592463408,152.633512812443,
153.367743242806,153.715275197846,153.88284721376,154.045634805271,154.20842239465,
154.375994406615,154.723526344121,155.457756814174,156.227677097512,157.007563694155,
157.033969151181,157.061800705556,157.089312102984,157.117417378078,157.939902695973,
158.80429471356,159.735683876812,160.751758806144,160.785660258367,160.819607530618,
160.853578867615,160.886985361966,161.336540377118,161.810371703503,162.300704664653,
162.80158289737,163.281488304517,163.800885616915,164.357044744041,164.950383462397,
165.495231694006,166.110905062949,166.808291605324,167.596660520064,167.634209196797,
167.672159158352,167.710797381079,167.750119526245,168.619552988956,169.552207835857,
170.531994669135,171.535341632828),.UNSPECIFIED.);
#147=B_SPLINE_CURVE_WITH_KNOTS('',3,(#4870,#4871,#4872,#4873,#4874,#4875,
#4876,#4877,#4878,#4879,#4880,#4881,#4882,#4883,#4884,#4885,#4886,#4887,
#4888,#4889,#4890,#4891,#4892,#4893,#4894,#4895,#4896,#4897,#4898,#4899,
#4900,#4901,#4902,#4903,#4904,#4905,#4906,#4907,#4908,#4909,#4910,#4911,
#4912,#4913,#4914,#4915,#4916,#4917,#4918,#4919,#4920,#4921,#4922,#4923,
#4924,#4925,#4926,#4927,#4928,#4929,#4930,#4931,#4932,#4933,#4934,#4935,
#4936,#4937,#4938,#4939,#4940,#4941,#4942,#4943,#4944,#4945,#4946,#4947,
#4948,#4949,#4950,#4951,#4952,#4953,#4954,#4955,#4956,#4957,#4958,#4959,
#4960,#4961,#4962,#4963,#4964,#4965,#4966,#4967,#4968,#4969,#4970,#4971,
#4972,#4973,#4974,#4975,#4976,#4977,#4978,#4979,#4980,#4981,#4982,#4983,
#4984,#4985,#4986,#4987),.UNSPECIFIED.,.F.,.F.,(4,2,2,2,2,2,2,2,2,2,2,2,
2,2,2,2,2,2,2,2,2,2,2,2,2,2,2,2,2,2,2,2,2,2,2,2,2,2,2,2,2,2,2,2,2,2,2,2,
2,2,2,2,2,2,2,2,2,2,4),(35.5132849686754,35.9080736938119,36.5855845182234,
37.2630953426349,37.9406061670465,39.2956278158696,40.6506494646927,42.0056711135158,
42.6831819379273,43.0219373501331,43.3606927623388,44.0382035867504,44.7157144111619,
45.3932252355735,46.070736059985,47.4257577088081,48.7807793576312,50.1358010064543,
51.4908226552774,52.8458443041005,54.2008659529236,55.5558876017466,56.9109092505697,
58.2659308993928,59.6209525482159,60.975974197039,62.3309958458621,63.6860174946852,
65.0410391435083,66.3960607923314,67.7510824411544,69.1061040899775,70.4611257388006,
71.8161473876237,72.4936582120353,73.1711690364468,73.8486798608583,74.5261906852699,
75.2037015096814,75.881212334093,76.5587231585045,77.2362339829161,77.5749893951218,
77.9137448073276,78.2525002195334,78.5912556317392,79.2687664561507,79.9462772805622,
80.6237881049738,81.3012989293853,81.9788097537969,82.6563205782084,84.0113422270315,
84.688853051443,85.3663638758546,86.0438747002661,86.3826301124719,86.7213855246777,
86.7214406357813),.UNSPECIFIED.);
#148=B_SPLINE_CURVE_WITH_KNOTS('',3,(#4988,#4989,#4990,#4991,#4992,#4993,
#4994,#4995,#4996,#4997,#4998,#4999,#5000,#5001,#5002,#5003,#5004,#5005,
#5006,#5007,#5008,#5009,#5010,#5011,#5012,#5013,#5014,#5015,#5016,#5017,
#5018,#5019,#5020,#5021,#5022,#5023,#5024,#5025,#5026,#5027,#5028,#5029,
#5030,#5031,#5032,#5033,#5034,#5035,#5036,#5037,#5038,#5039,#5040,#5041,
#5042,#5043,#5044,#5045,#5046,#5047,#5048,#5049,#5050,#5051,#5052,#5053,
#5054,#5055,#5056,#5057,#5058,#5059,#5060,#5061,#5062,#5063,#5064,#5065,
#5066,#5067),.UNSPECIFIED.,.F.,.F.,(4,2,2,2,2,2,2,2,2,2,2,2,2,2,2,2,2,2,
2,2,2,2,2,2,2,2,2,2,2,2,2,2,2,2,2,2,2,2,2,4),(86.7214406357813,87.3988963490892,
88.0764071735008,88.7539179979123,89.4314288223239,90.7864504711469,92.14147211997,
93.4964937687931,94.8515154176162,96.2065370664393,97.5615587152624,98.9165803640855,
100.271602012909,100.610357425114,100.94911283732,101.626623661732,102.304134486143,
102.981645310555,103.320400722761,103.659156134966,104.336666959378,105.014177783789,
105.691688608201,106.369199432612,106.707954844818,107.046710257024,108.401731905847,
109.75675355467,111.111775203493,112.466796852316,113.821818501139,115.176840149963,
116.531861798786,117.886883447609,119.241905096432,119.919415920843,120.596926745255,
121.274437569666,121.951948394078,122.234670493382),.UNSPECIFIED.);
#149=B_SPLINE_CURVE_WITH_KNOTS('',3,(#5068,#5069,#5070,#5071,#5072,#5073,
#5074,#5075,#5076,#5077,#5078,#5079,#5080,#5081,#5082,#5083,#5084,#5085,
#5086,#5087,#5088,#5089,#5090,#5091,#5092,#5093,#5094,#5095,#5096,#5097,
#5098,#5099,#5100,#5101,#5102,#5103,#5104,#5105,#5106,#5107,#5108,#5109,
#5110,#5111,#5112,#5113,#5114,#5115,#5116,#5117,#5118,#5119,#5120,#5121,
#5122,#5123,#5124,#5125,#5126,#5127,#5128,#5129,#5130,#5131,#5132,#5133,
#5134,#5135,#5136,#5137,#5138,#5139,#5140,#5141,#5142,#5143,#5144,#5145,
#5146,#5147,#5148,#5149,#5150,#5151,#5152,#5153,#5154,#5155,#5156,#5157,
#5158,#5159,#5160,#5161,#5162,#5163,#5164,#5165,#5166,#5167,#5168,#5169,
#5170,#5171,#5172,#5173,#5174,#5175,#5176,#5177,#5178,#5179,#5180),
 .UNSPECIFIED.,.F.,.F.,(4,2,2,2,2,2,2,2,2,2,2,2,2,2,2,2,2,2,2,2,2,2,2,2,
2,2,2,2,2,2,2,2,2,2,2,2,2,2,2,2,2,2,2,2,2,2,2,2,2,2,2,2,2,2,2,1,4),(122.234670493382,
122.62945921849,123.306970042901,123.984480867313,124.661991691724,126.017013340547,
127.37203498937,128.049545813782,128.727056638193,129.404567462605,129.743322874811,
130.082078287017,130.759589111428,131.43709993584,132.792121584663,134.147143233486,
135.502164882309,136.857186531132,138.212208179955,139.567229828778,140.922251477601,
142.277273126424,143.632294775247,144.987316424071,146.342338072894,147.697359721717,
149.05238137054,150.407403019363,151.762424668186,153.117446317009,154.472467965832,
155.827489614655,157.182511263478,158.537532912301,159.215043736713,159.892554561124,
160.570065385536,161.247576209948,162.602597858771,163.280108683182,163.957619507594,
164.2963749198,164.635130332005,164.973885744211,165.312641156417,165.990151980828,
166.66766280524,167.345173629651,168.022684454063,168.700195278475,169.377706102886,
170.732727751709,171.410238576121,172.087749400532,172.765260224944,173.10401563715,
173.442771049355),.UNSPECIFIED.);
#150=B_SPLINE_CURVE_WITH_KNOTS('',3,(#5181,#5182,#5183,#5184,#5185,#5186,
#5187,#5188,#5189,#5190,#5191,#5192,#5193,#5194,#5195),.UNSPECIFIED.,.F.,
 .F.,(4,1,1,1,1,1,1,1,1,1,1,1,4),(-1.,-0.9375,-0.875,-0.8125,-0.75,-0.625,
-0.5,-0.375,-0.25,-0.1875,-0.125,-0.0625,0.),.UNSPECIFIED.);
#151=B_SPLINE_CURVE_WITH_KNOTS('',3,(#5196,#5197,#5198,#5199,#5200,#5201,
#5202,#5203,#5204,#5205,#5206,#5207,#5208,#5209,#5210),.UNSPECIFIED.,.F.,
 .F.,(4,1,1,1,1,1,1,1,1,1,1,1,4),(0.,0.0625,0.125,0.1875,0.25,0.375,0.5,
0.625,0.75,0.8125,0.875,0.9375,1.),.UNSPECIFIED.);
#152=B_SPLINE_CURVE_WITH_KNOTS('',3,(#5211,#5212,#5213,#5214,#5215,#5216,
#5217,#5218,#5219,#5220,#5221,#5222,#5223,#5224,#5225),.UNSPECIFIED.,.F.,
 .F.,(4,1,1,1,1,1,1,1,1,1,1,1,4),(-1.,-0.9375,-0.875,-0.8125,-0.75,-0.625,
-0.5,-0.375,-0.25,-0.1875,-0.125,-0.0625,0.),.UNSPECIFIED.);
#153=B_SPLINE_CURVE_WITH_KNOTS('',3,(#5226,#5227,#5228,#5229,#5230,#5231,
#5232),.UNSPECIFIED.,.F.,.F.,(4,1,1,1,4),(-1.,-0.96875,-0.9375,-0.90625,
-0.885356184955288),.UNSPECIFIED.);
#154=B_SPLINE_CURVE_WITH_KNOTS('',3,(#5233,#5234,#5235,#5236,#5237,#5238,
#5239,#5240,#5241,#5242,#5243,#5244,#5245,#5246,#5247),.UNSPECIFIED.,.F.,
 .F.,(4,1,1,1,1,1,1,1,1,1,1,1,4),(0.,0.0625,0.125,0.1875,0.25,0.375,0.5,
0.625,0.75,0.8125,0.875,0.9375,1.),.UNSPECIFIED.);
#155=B_SPLINE_CURVE_WITH_KNOTS('',3,(#5248,#5249,#5250,#5251,#5252,#5253,
#5254),.UNSPECIFIED.,.F.,.F.,(4,1,1,1,4),(-0.114643815044702,-0.09375,-0.0625,
-0.03125,0.),.UNSPECIFIED.);
#156=B_SPLINE_CURVE_WITH_KNOTS('',3,(#5255,#5256,#5257,#5258,#5259,#5260,
#5261),.UNSPECIFIED.,.F.,.F.,(4,1,1,1,4),(-0.114643815044707,-0.09375,-0.0625,
-0.03125,0.),.UNSPECIFIED.);
#157=B_SPLINE_CURVE_WITH_KNOTS('',3,(#5262,#5263,#5264,#5265,#5266,#5267,
#5268),.UNSPECIFIED.,.F.,.F.,(4,1,1,1,4),(-0.114643815044712,-0.09375,-0.0625,
-0.03125,0.),.UNSPECIFIED.);
#158=B_SPLINE_CURVE_WITH_KNOTS('',3,(#5338,#5339,#5340,#5341,#5342,#5343,
#5344,#5345,#5346,#5347,#5348,#5349,#5350,#5351,#5352,#5353,#5354,#5355,
#5356,#5357,#5358,#5359,#5360,#5361,#5362,#5363,#5364,#5365,#5366,#5367,
#5368,#5369,#5370,#5371,#5372,#5373,#5374),.UNSPECIFIED.,.T.,.F.,(4,2,2,
2,3,2,2,2,3,2,2,2,3,2,2,2,4),(0.,0.790830118184504,1.58151538076204,2.37225418837412,
3.16308497243383,3.95391514195967,4.7446541582655,5.53533962905285,6.32616995542972,
7.11700028180633,7.907685752593,8.69842476889961,9.48925576164826,10.2800857224859,
11.0708245300988,11.8615097926759,12.6523399108591),.UNSPECIFIED.);
#159=VERTEX_POINT('',#3281);
#160=VERTEX_POINT('',#3282);
#161=VERTEX_POINT('',#3283);
#162=VERTEX_POINT('',#3284);
#163=VERTEX_POINT('',#3285);
#164=VERTEX_POINT('',#3286);
#165=VERTEX_POINT('',#3287);
#166=VERTEX_POINT('',#3288);
#167=VERTEX_POINT('',#3289);
#168=VERTEX_POINT('',#3290);
#169=VERTEX_POINT('',#3291);
#170=VERTEX_POINT('',#3292);
#171=VERTEX_POINT('',#3293);
#172=VERTEX_POINT('',#3294);
#173=VERTEX_POINT('',#3295);
#174=VERTEX_POINT('',#3296);
#175=CYLINDRICAL_SURFACE('',#275,1.);
#176=CYLINDRICAL_SURFACE('',#276,2.);
#177=CYLINDRICAL_SURFACE('',#277,1.);
#178=PLANE('',#274);
#179=B_SPLINE_SURFACE_WITH_KNOTS('',3,1,((#288,#289),(#290,#291),(#292,
#293),(#294,#295),(#296,#297),(#298,#299),(#300,#301),(#302,#303),(#304,
#305),(#306,#307),(#308,#309),(#310,#311),(#312,#313),(#314,#315),(#316,
#317),(#318,#319),(#320,#321),(#322,#323),(#324,#325),(#326,#327),(#328,
#329),(#330,#331),(#332,#333),(#334,#335),(#336,#337),(#338,#339),(#340,
#341),(#342,#343),(#344,#345),(#346,#347),(#348,#349),(#350,#351),(#352,
#353),(#354,#355),(#356,#357),(#358,#359),(#360,#361),(#362,#363),(#364,
#365),(#366,#367),(#368,#369),(#370,#371),(#372,#373),(#374,#375),(#376,
#377),(#378,#379),(#380,#381),(#382,#383),(#384,#385),(#386,#387),(#388,
#389),(#390,#391),(#392,#393),(#394,#395),(#396,#397),(#398,#399),(#400,
#401),(#402,#403),(#404,#405),(#406,#407),(#408,#409),(#410,#411),(#412,
#413),(#414,#415),(#416,#417),(#418,#419),(#420,#421),(#422,#423),(#424,
#425),(#426,#427),(#428,#429),(#430,#431),(#432,#433),(#434,#435),(#436,
#437),(#438,#439),(#440,#441),(#442,#443),(#444,#445),(#446,#447),(#448,
#449),(#450,#451),(#452,#453),(#454,#455),(#456,#457),(#458,#459),(#460,
#461),(#462,#463),(#464,#465),(#466,#467),(#468,#469),(#470,#471),(#472,
#473),(#474,#475),(#476,#477),(#478,#479),(#480,#481),(#482,#483),(#484,
#485),(#486,#487),(#488,#489),(#490,#491),(#492,#493),(#494,#495),(#496,
#497),(#498,#499),(#500,#501),(#502,#503),(#504,#505),(#506,#507),(#508,
#509),(#510,#511),(#512,#513),(#514,#515),(#516,#517),(#518,#519),(#520,
#521),(#522,#523),(#524,#525),(#526,#527),(#528,#529),(#530,#531),(#532,
#533),(#534,#535),(#536,#537),(#538,#539),(#540,#541),(#542,#543),(#544,
#545),(#546,#547),(#548,#549),(#550,#551),(#552,#553),(#554,#555),(#556,
#557),(#558,#559),(#560,#561),(#562,#563),(#564,#565),(#566,#567),(#568,
#569),(#570,#571),(#572,#573),(#574,#575),(#576,#577),(#578,#579),(#580,
#581),(#582,#583),(#584,#585),(#586,#587),(#588,#589),(#590,#591),(#592,
#593),(#594,#595),(#596,#597),(#598,#599),(#600,#601),(#602,#603),(#604,
#605),(#606,#607),(#608,#609),(#610,#611),(#612,#613),(#614,#615),(#616,
#617),(#618,#619),(#620,#621),(#622,#623),(#624,#625),(#626,#627),(#628,
#629),(#630,#631),(#632,#633),(#634,#635),(#636,#637),(#638,#639),(#640,
#641),(#642,#643),(#644,#645),(#646,#647),(#648,#649),(#650,#651),(#652,
#653),(#654,#655),(#656,#657),(#658,#659),(#660,#661),(#662,#663),(#664,
#665),(#666,#667),(#668,#669),(#670,#671),(#672,#673),(#674,#675),(#676,
#677),(#678,#679),(#680,#681),(#682,#683),(#684,#685),(#686,#687),(#688,
#689),(#690,#691),(#692,#693),(#694,#695),(#696,#697),(#698,#699),(#700,
#701),(#702,#703),(#704,#705),(#706,#707),(#708,#709),(#710,#711),(#712,
#713),(#714,#715),(#716,#717),(#718,#719),(#720,#721),(#722,#723),(#724,
#725),(#726,#727),(#728,#729),(#730,#731),(#732,#733),(#734,#735),(#736,
#737),(#738,#739),(#740,#741),(#742,#743),(#744,#745),(#746,#747),(#748,
#749),(#750,#751),(#752,#753),(#754,#755),(#756,#757),(#758,#759),(#760,
#761),(#762,#763),(#764,#765),(#766,#767),(#768,#769),(#770,#771),(#772,
#773),(#774,#775),(#776,#777),(#778,#779),(#780,#781),(#782,#783),(#784,
#785),(#786,#787),(#788,#789),(#790,#791),(#792,#793),(#794,#795),(#796,
#797),(#798,#799),(#800,#801),(#802,#803),(#804,#805),(#806,#807),(#808,
#809),(#810,#811),(#812,#813),(#814,#815),(#816,#817),(#818,#819),(#820,
#821),(#822,#823),(#824,#825),(#826,#827),(#828,#829),(#830,#831),(#832,
#833),(#834,#835),(#836,#837),(#838,#839),(#840,#841),(#842,#843),(#844,
#845),(#846,#847),(#848,#849),(#850,#851),(#852,#853),(#854,#855),(#856,
#857),(#858,#859),(#860,#861),(#862,#863),(#864,#865),(#866,#867),(#868,
#869),(#870,#871),(#872,#873),(#874,#875),(#876,#877),(#878,#879),(#880,
#881),(#882,#883),(#884,#885),(#886,#887),(#888,#889),(#890,#891),(#892,
#893),(#894,#895),(#896,#897),(#898,#899),(#900,#901),(#902,#903),(#904,
#905),(#906,#907),(#908,#909),(#910,#911),(#912,#913),(#914,#915),(#916,
#917),(#918,#919),(#920,#921),(#922,#923),(#924,#925),(#926,#927),(#928,
#929),(#930,#931),(#932,#933),(#934,#935),(#936,#937),(#938,#939),(#940,
#941),(#942,#943),(#944,#945),(#946,#947),(#948,#949),(#950,#951),(#952,
#953),(#954,#955),(#956,#957),(#958,#959),(#960,#961),(#962,#963),(#964,
#965),(#966,#967),(#968,#969),(#970,#971),(#972,#973),(#974,#975),(#976,
#977),(#978,#979),(#980,#981),(#982,#983),(#984,#985),(#986,#987),(#988,
#989),(#990,#991),(#992,#993),(#994,#995),(#996,#997),(#998,#999),(#1000,
#1001),(#1002,#1003),(#1004,#1005),(#1006,#1007),(#1008,#1009),(#1010,#1011),
(#1012,#1013),(#1014,#1015),(#1016,#1017),(#1018,#1019),(#1020,#1021),(#1022,
#1023),(#1024,#1025),(#1026,#1027),(#1028,#1029),(#1030,#1031),(#1032,#1033),
(#1034,#1035),(#1036,#1037),(#1038,#1039),(#1040,#1041),(#1042,#1043),(#1044,
#1045),(#1046,#1047)),.UNSPECIFIED.,.T.,.F.,.F.,(1,1,1,1,1,2,2,2,2,2,2,
2,2,2,2,2,2,2,2,2,2,2,2,2,2,2,2,2,2,2,2,2,2,2,2,2,2,2,2,2,2,2,2,2,2,2,2,
2,2,2,2,2,2,2,2,2,2,2,2,2,2,2,2,2,2,2,2,2,2,2,2,2,2,2,2,2,2,2,2,2,2,2,2,
2,2,2,2,2,2,2,2,2,2,2,2,2,2,2,2,2,2,2,2,2,2,2,2,2,2,2,2,2,2,2,2,2,2,2,2,
2,2,2,2,2,2,2,2,2,2,2,2,2,2,2,2,2,2,2,2,2,2,2,2,2,2,2,2,2,2,2,2,2,2,2,2,
2,2,2,2,2,2,2,2,2,2,2,2,2,2,2,2,2,2,2,2,2,2,2,2,2,2,2,2,2,2,2,2,2,2,2,2,
2,1,1,1,1,1),(2,2),(-0.677510824411542,-0.677510824411542,-0.338755412205785,
0.,0.338755412205771,0.677510824411544,1.35502164882309,2.03253247323463,
2.71004329764618,4.06506494646927,5.42008659529236,6.77510824411544,8.13012989293853,
9.48515154176162,10.8401731905847,12.1951948394078,13.5502164882309,13.8889719004367,
14.2277273126424,14.905238137054,15.5827489614655,16.2602597858771,16.5990151980828,
16.9377706102886,17.6152814347002,18.2927922591117,18.9703030835232,19.6478139079348,
19.9865693201406,20.3253247323463,21.6803463811694,23.0353680299925,24.3903896788156,
25.7454113276387,27.1004329764618,28.4554546252849,29.810476274108,31.165497922931,
32.5205195717541,33.1980303961657,33.8755412205772,34.5530520449888,35.2305628694003,
35.9080736938119,36.5855845182234,37.2630953426349,37.9406061670465,39.2956278158696,
40.6506494646927,42.0056711135158,42.6831819379273,43.0219373501331,43.3606927623388,
44.0382035867504,44.7157144111619,45.3932252355735,46.070736059985,47.4257577088081,
48.7807793576312,50.1358010064543,51.4908226552774,52.8458443041005,54.2008659529236,
55.5558876017466,56.9109092505697,58.2659308993928,59.6209525482159,60.975974197039,
62.3309958458621,63.6860174946852,65.0410391435083,66.3960607923314,67.7510824411544,
69.1061040899775,70.4611257388006,71.8161473876237,72.4936582120353,73.1711690364468,
73.8486798608583,74.5261906852699,75.2037015096814,75.881212334093,76.5587231585045,
77.2362339829161,77.5749893951218,77.9137448073276,78.2525002195334,78.5912556317392,
79.2687664561507,79.9462772805622,80.6237881049738,81.3012989293853,81.9788097537969,
82.6563205782084,84.0113422270315,84.688853051443,85.3663638758546,86.0438747002661,
86.3826301124719,86.7213855246777,87.3988963490892,88.0764071735008,88.7539179979123,
89.4314288223239,90.7864504711469,92.14147211997,93.4964937687931,94.8515154176162,
96.2065370664393,97.5615587152624,98.9165803640855,100.271602012909,100.610357425114,
100.94911283732,101.626623661732,102.304134486143,102.981645310555,103.320400722761,
103.659156134966,104.336666959378,105.014177783789,105.691688608201,106.369199432612,
106.707954844818,107.046710257024,108.401731905847,109.75675355467,111.111775203493,
112.466796852316,113.821818501139,115.176840149963,116.531861798786,117.886883447609,
119.241905096432,119.919415920843,120.596926745255,121.274437569666,121.951948394078,
122.62945921849,123.306970042901,123.984480867313,124.661991691724,126.017013340547,
127.37203498937,128.049545813782,128.727056638193,129.404567462605,129.743322874811,
130.082078287017,130.759589111428,131.43709993584,132.792121584663,134.147143233486,
135.502164882309,136.857186531132,138.212208179955,139.567229828778,140.922251477601,
142.277273126424,143.632294775247,144.987316424071,146.342338072894,147.697359721717,
149.05238137054,150.407403019363,151.762424668186,153.117446317009,154.472467965832,
155.827489614655,157.182511263478,158.537532912301,159.215043736713,159.892554561124,
160.570065385536,161.247576209948,162.602597858771,163.280108683182,163.957619507594,
164.2963749198,164.635130332005,164.973885744211,165.312641156417,165.990151980828,
166.66766280524,167.345173629651,168.022684454063,168.700195278475,169.377706102886,
170.732727751709,171.410238576121,172.087749400532,172.765260224944,173.10401563715,
173.442771049355,173.781526461561,174.120281873767,174.120281873767),(-4.99999999997322,
0.),.UNSPECIFIED.);
#180=B_SPLINE_SURFACE_WITH_KNOTS('',3,1,((#1048,#1049),(#1050,#1051),(#1052,
#1053),(#1054,#1055),(#1056,#1057),(#1058,#1059),(#1060,#1061),(#1062,#1063),
(#1064,#1065),(#1066,#1067),(#1068,#1069),(#1070,#1071),(#1072,#1073),(#1074,
#1075),(#1076,#1077),(#1078,#1079),(#1080,#1081),(#1082,#1083),(#1084,#1085),
(#1086,#1087),(#1088,#1089),(#1090,#1091),(#1092,#1093),(#1094,#1095),(#1096,
#1097),(#1098,#1099),(#1100,#1101),(#1102,#1103),(#1104,#1105),(#1106,#1107),
(#1108,#1109),(#1110,#1111),(#1112,#1113),(#1114,#1115),(#1116,#1117),(#1118,
#1119),(#1120,#1121),(#1122,#1123),(#1124,#1125),(#1126,#1127),(#1128,#1129),
(#1130,#1131),(#1132,#1133),(#1134,#1135),(#1136,#1137),(#1138,#1139),(#1140,
#1141),(#1142,#1143),(#1144,#1145),(#1146,#1147),(#1148,#1149),(#1150,#1151),
(#1152,#1153),(#1154,#1155),(#1156,#1157),(#1158,#1159),(#1160,#1161),(#1162,
#1163),(#1164,#1165),(#1166,#1167),(#1168,#1169),(#1170,#1171),(#1172,#1173),
(#1174,#1175),(#1176,#1177),(#1178,#1179),(#1180,#1181),(#1182,#1183),(#1184,
#1185),(#1186,#1187),(#1188,#1189),(#1190,#1191),(#1192,#1193),(#1194,#1195),
(#1196,#1197),(#1198,#1199),(#1200,#1201),(#1202,#1203),(#1204,#1205),(#1206,
#1207),(#1208,#1209),(#1210,#1211),(#1212,#1213),(#1214,#1215),(#1216,#1217),
(#1218,#1219),(#1220,#1221),(#1222,#1223),(#1224,#1225),(#1226,#1227),(#1228,
#1229),(#1230,#1231),(#1232,#1233),(#1234,#1235),(#1236,#1237),(#1238,#1239),
(#1240,#1241),(#1242,#1243),(#1244,#1245),(#1246,#1247),(#1248,#1249),(#1250,
#1251),(#1252,#1253),(#1254,#1255),(#1256,#1257),(#1258,#1259),(#1260,#1261),
(#1262,#1263),(#1264,#1265),(#1266,#1267),(#1268,#1269),(#1270,#1271),(#1272,
#1273),(#1274,#1275),(#1276,#1277),(#1278,#1279),(#1280,#1281),(#1282,#1283),
(#1284,#1285),(#1286,#1287),(#1288,#1289),(#1290,#1291),(#1292,#1293),(#1294,
#1295),(#1296,#1297),(#1298,#1299),(#1300,#1301),(#1302,#1303),(#1304,#1305),
(#1306,#1307),(#1308,#1309),(#1310,#1311),(#1312,#1313),(#1314,#1315),(#1316,
#1317),(#1318,#1319),(#1320,#1321),(#1322,#1323),(#1324,#1325),(#1326,#1327),
(#1328,#1329),(#1330,#1331),(#1332,#1333),(#1334,#1335),(#1336,#1337),(#1338,
#1339),(#1340,#1341),(#1342,#1343),(#1344,#1345),(#1346,#1347),(#1348,#1349),
(#1350,#1351),(#1352,#1353),(#1354,#1355),(#1356,#1357),(#1358,#1359),(#1360,
#1361),(#1362,#1363),(#1364,#1365),(#1366,#1367),(#1368,#1369),(#1370,#1371),
(#1372,#1373),(#1374,#1375),(#1376,#1377),(#1378,#1379),(#1380,#1381),(#1382,
#1383),(#1384,#1385),(#1386,#1387),(#1388,#1389),(#1390,#1391),(#1392,#1393),
(#1394,#1395),(#1396,#1397),(#1398,#1399),(#1400,#1401),(#1402,#1403),(#1404,
#1405),(#1406,#1407),(#1408,#1409),(#1410,#1411),(#1412,#1413),(#1414,#1415),
(#1416,#1417),(#1418,#1419),(#1420,#1421),(#1422,#1423),(#1424,#1425),(#1426,
#1427),(#1428,#1429),(#1430,#1431),(#1432,#1433),(#1434,#1435),(#1436,#1437),
(#1438,#1439),(#1440,#1441),(#1442,#1443),(#1444,#1445),(#1446,#1447),(#1448,
#1449),(#1450,#1451),(#1452,#1453),(#1454,#1455),(#1456,#1457),(#1458,#1459),
(#1460,#1461),(#1462,#1463),(#1464,#1465),(#1466,#1467),(#1468,#1469),(#1470,
#1471),(#1472,#1473),(#1474,#1475),(#1476,#1477),(#1478,#1479),(#1480,#1481),
(#1482,#1483),(#1484,#1485),(#1486,#1487),(#1488,#1489),(#1490,#1491),(#1492,
#1493),(#1494,#1495),(#1496,#1497),(#1498,#1499),(#1500,#1501),(#1502,#1503),
(#1504,#1505),(#1506,#1507),(#1508,#1509),(#1510,#1511),(#1512,#1513),(#1514,
#1515),(#1516,#1517),(#1518,#1519),(#1520,#1521),(#1522,#1523),(#1524,#1525),
(#1526,#1527),(#1528,#1529),(#1530,#1531),(#1532,#1533),(#1534,#1535),(#1536,
#1537),(#1538,#1539),(#1540,#1541),(#1542,#1543),(#1544,#1545),(#1546,#1547),
(#1548,#1549),(#1550,#1551),(#1552,#1553),(#1554,#1555),(#1556,#1557),(#1558,
#1559),(#1560,#1561),(#1562,#1563),(#1564,#1565),(#1566,#1567),(#1568,#1569),
(#1570,#1571),(#1572,#1573),(#1574,#1575),(#1576,#1577),(#1578,#1579),(#1580,
#1581),(#1582,#1583),(#1584,#1585),(#1586,#1587),(#1588,#1589),(#1590,#1591),
(#1592,#1593),(#1594,#1595),(#1596,#1597),(#1598,#1599),(#1600,#1601),(#1602,
#1603),(#1604,#1605),(#1606,#1607),(#1608,#1609),(#1610,#1611),(#1612,#1613),
(#1614,#1615),(#1616,#1617),(#1618,#1619),(#1620,#1621),(#1622,#1623),(#1624,
#1625),(#1626,#1627),(#1628,#1629),(#1630,#1631),(#1632,#1633),(#1634,#1635),
(#1636,#1637),(#1638,#1639),(#1640,#1641),(#1642,#1643),(#1644,#1645),(#1646,
#1647),(#1648,#1649),(#1650,#1651),(#1652,#1653),(#1654,#1655),(#1656,#1657),
(#1658,#1659),(#1660,#1661),(#1662,#1663),(#1664,#1665),(#1666,#1667),(#1668,
#1669),(#1670,#1671),(#1672,#1673),(#1674,#1675),(#1676,#1677),(#1678,#1679),
(#1680,#1681),(#1682,#1683),(#1684,#1685),(#1686,#1687),(#1688,#1689),(#1690,
#1691),(#1692,#1693),(#1694,#1695),(#1696,#1697),(#1698,#1699),(#1700,#1701),
(#1702,#1703),(#1704,#1705),(#1706,#1707),(#1708,#1709),(#1710,#1711),(#1712,
#1713),(#1714,#1715),(#1716,#1717),(#1718,#1719),(#1720,#1721),(#1722,#1723),
(#1724,#1725),(#1726,#1727),(#1728,#1729),(#1730,#1731),(#1732,#1733),(#1734,
#1735),(#1736,#1737),(#1738,#1739),(#1740,#1741),(#1742,#1743),(#1744,#1745),
(#1746,#1747),(#1748,#1749),(#1750,#1751),(#1752,#1753),(#1754,#1755),(#1756,
#1757),(#1758,#1759),(#1760,#1761),(#1762,#1763),(#1764,#1765),(#1766,#1767),
(#1768,#1769),(#1770,#1771),(#1772,#1773),(#1774,#1775),(#1776,#1777),(#1778,
#1779),(#1780,#1781),(#1782,#1783),(#1784,#1785),(#1786,#1787),(#1788,#1789),
(#1790,#1791)),.UNSPECIFIED.,.T.,.F.,.F.,(4,1,1,1,1,1,1,1,1,1,1,1,1,1,1,
1,1,1,1,1,1,1,1,1,1,1,1,1,1,1,1,1,1,1,1,1,1,1,1,1,1,1,1,1,1,1,1,1,1,1,1,
1,1,1,1,1,1,1,1,1,1,1,1,1,1,1,1,1,1,1,1,1,1,1,1,1,1,1,1,1,1,1,1,1,1,1,1,
1,1,1,1,1,1,1,1,1,1,1,1,1,1,1,1,1,1,1,1,1,1,1,1,1,1,1,1,1,1,1,1,1,1,1,1,
1,1,1,1,1,1,1,1,1,1,1,1,1,1,1,1,1,1,1,1,1,1,1,1,1,1,1,1,1,1,1,1,1,1,1,1,
1,1,1,1,1,1,1,1,1,1,1,1,1,1,1,1,1,1,1,1,1,1,1,1,1,1,1,1,1,1,1,1,1,1,1,1,
1,1,1,1,1,1,1,1,1,1,1,1,1,1,1,1,1,1,1,1,1,1,1,1,1,1,1,1,1,1,1,1,1,1,1,1,
1,1,1,1,1,1,1,1,1,1,1,1,1,1,1,1,1,1,1,1,1,1,1,1,1,1,1,1,1,1,1,1,1,1,1,1,
1,1,1,1,1,1,1,1,1,1,1,1,1,1,1,1,1,1,1,1,1,1,1,1,1,1,1,1,1,1,1,1,1,1,1,1,
1,1,1,1,1,1,1,1,1,1,1,1,1,1,1,1,1,1,1,1,1,1,1,1,1,1,1,1,1,1,1,1,1,1,1,1,
1,1,1,1,1,1,1,1,1,1,1,1,1,1,1,1,1,1,1,1,1,1,1,1,1,1,1,1,1,1,4),(2,2),(125.73443702656,
126.077431249081,126.420425471603,126.763419694125,127.106413916646,127.122639536799,
127.138865156952,127.155090777104,127.171316397257,127.536192592219,127.901068787182,
128.265944982144,128.630821177106,129.067732125216,129.504643073326,129.941554021436,
130.378464969546,130.855979904322,131.333494839098,131.811009773874,132.288524708651,
132.324956089671,132.361387470692,132.397818851713,132.434250232734,133.5767768453,
134.719303457867,135.861830070433,137.004356683,137.044291305357,137.084225927715,
137.124160550073,137.16409517243,138.363567146942,139.563039121455,140.762511095967,
141.362247083223,141.662115076851,141.961983070479,142.261851064107,142.561719057735,
143.161455044991,144.360927019503,145.560398994016,146.759870968528,146.799805590885,
146.839740213242,146.879674835599,146.919609457957,148.062136070524,149.204662683091,
150.347189295657,151.489715908224,151.526147289244,151.562578670264,151.599010051283,
151.635441432303,152.11295636708,152.590471301858,153.067986236635,153.545501171412,
153.982412119522,154.419323067632,154.856234015742,155.293144963852,155.658021158814,
156.022897353777,156.387773548739,156.752649743701,156.768875363854,156.785100984007,
156.80132660416,156.817552224312,157.160546446834,157.503540669356,157.675037780616,
157.846534891877,158.189529114399,158.258377902612,158.327226690826,158.464924267253,
158.60262184368,158.671470631894,158.740319420107,159.144907128013,159.347200981965,
159.549494835918,159.751788689871,159.954082543823,160.156376397776,160.358670251729,
160.596328349083,160.833986446436,161.309302641143,161.784618835851,162.022276933204,
162.259935030558,163.083764439041,163.907593847524,164.319508551766,164.731423256008,
165.143337960249,165.555252664491,166.008601496909,166.461950329328,167.368647994165,
168.275345659003,169.18204332384,169.639935865477,170.097828407114,170.555720948751,
171.013613490388,171.761610002958,172.509606515528,173.257603028099,174.005599540669,
174.533511182927,175.061422825185,175.589334467444,176.117246109702,176.845264921543,
177.573283733384,178.301302545224,179.029321357065,179.077182572828,179.125043788591,
179.172905004354,179.220766220117,179.792916002357,180.365065784598,180.937215566838,
181.509365349079,182.081515131319,182.65366491356,183.2258146958,183.797964478041,
183.845825693804,183.893686909567,183.94154812533,183.989409341092,184.717428152933,
185.445446964774,186.173465776615,186.901484588456,187.429396230714,187.957307872973,
188.485219515231,189.013131157489,189.761127670059,190.509124182629,191.257120695199,
192.00511720777,192.463009749407,192.920902291044,193.378794832682,193.836687374319,
194.743385039156,195.650082703993,196.55678036883,197.010129201249,197.463478033667,
197.875392737909,198.28730744215,198.699222146392,199.111136850633,199.934966259117,
200.7587956676,200.996453764953,201.234111862307,201.709428057014,202.184744251721,
202.422402349075,202.660060446428,202.862354300381,203.064648154334,203.266942008287,
203.46923586224,203.671529716192,203.873823570145,204.278411278051,204.347260066264,
204.416108854478,204.553806430905,204.691504007332,204.760352795545,204.829201583759,
205.17219580628,205.343692917541,205.515190028802,205.858184251324,206.201178473845,
206.217404093998,206.233629714151,206.249855334304,206.266080954457,206.630957149419,
206.995833344381,207.360709539343,207.725585734306,208.162496682416,208.599407630525,
209.036318578635,209.473229526745,209.950744461524,210.428259396303,210.905774331082,
211.38328926586,211.419720646879,211.456152027897,211.492583408915,211.529014789933,
212.6715414025,213.814068015067,214.956594627634,216.099121240201,216.139055862558,
216.178990484915,216.218925107272,216.25885972963,217.458331704142,218.657803678654,
219.857275653166,220.457011640423,220.756879634051,221.056747627679,221.356615621307,
221.656483614935,222.256219602191,223.455691576703,224.655163551215,225.854635525727,
225.894570148084,225.934504770441,225.974439392798,226.014374015154,227.156900627722,
228.299427240289,229.441953852857,230.584480465424,230.620911846442,230.657343227461,
230.693774608479,230.730205989497,231.207720924276,231.685235859055,232.162750793833,
232.640265728612,233.077176676722,233.514087624832,233.950998572942,234.387909521052,
234.752785716014,235.117661910976,235.482538105939,235.847414300901,235.863639921054,
235.879865541206,235.896091161359,235.912316781512,236.255311004034,236.598305226555,
236.769802337816,236.941299449077,237.284293671599,237.353142459812,237.421991248026,
237.559688824452,237.697386400879,237.766235189093,237.835083977306,238.239671685212,
238.441965539165,238.644259393118,238.846553247071,239.048847101024,239.251140954976,
239.453434808929,239.691092906283,239.928751003636,240.404067198344,240.879383393051,
241.117041490404,241.354699587758,242.178528996241,243.002358404724,243.414273108965,
243.826187813207,244.238102517449,244.65001722169,245.103366054108,245.556714886526,
246.463412551362,247.370110216198,248.276807881034,248.734700422673,249.192592964311,
249.650485505949,250.108378047587,250.856374560158,251.604371072728,252.352367585298,
253.100364097869,253.628275740127,254.156187382385,254.684099024643,255.212010666901,
255.940029478742,256.668048290583,257.396067102424,258.124085914265,258.171947130028,
258.219808345791,258.267669561554,258.315530777317,258.887680559557,259.459830341798,
260.031980124038,260.604129906278,261.176279688519,261.74842947076,262.320579253001,
262.892729035242,262.940590251005,262.988451466767,263.036312682529,263.084173898292,
263.812192710133,264.540211521974,265.268230333814,265.996249145655,266.524160787914,
267.052072430172,267.57998407243,268.107895714688,268.855892227258,269.603888739829,
270.351885252399,271.09988176497,271.557774306608,272.015666848246,272.473559389884,
272.931451931522,273.838149596358,274.744847261194,275.65154492603,276.104893758448,
276.558242590866,276.970157295108,277.382071999349,277.793986703591,278.205901407833,
279.029730816316,279.853560224799,280.091218322153,280.328876419507,280.804192614214,
281.279508808921,281.517166906274,281.754825003628,281.957118857581,282.159412711533,
282.361706565486,282.564000419439,282.766294273392,282.968588127345,283.37317583525,
283.510873411677,283.648570988104,283.786268564531,283.923966140958),(0.,
21.9999999999999),.UNSPECIFIED.);
#181=B_SPLINE_SURFACE_WITH_KNOTS('',3,3,((#1793,#1794,#1795,#1796,#1797,
#1798,#1799,#1800,#1801,#1802,#1803,#1804,#1805,#1806,#1807),(#1808,#1809,
#1810,#1811,#1812,#1813,#1814,#1815,#1816,#1817,#1818,#1819,#1820,#1821,
#1822),(#1823,#1824,#1825,#1826,#1827,#1828,#1829,#1830,#1831,#1832,#1833,
#1834,#1835,#1836,#1837),(#1838,#1839,#1840,#1841,#1842,#1843,#1844,#1845,
#1846,#1847,#1848,#1849,#1850,#1851,#1852),(#1853,#1854,#1855,#1856,#1857,
#1858,#1859,#1860,#1861,#1862,#1863,#1864,#1865,#1866,#1867),(#1868,#1869,
#1870,#1871,#1872,#1873,#1874,#1875,#1876,#1877,#1878,#1879,#1880,#1881,
#1882),(#1883,#1884,#1885,#1886,#1887,#1888,#1889,#1890,#1891,#1892,#1893,
#1894,#1895,#1896,#1897),(#1898,#1899,#1900,#1901,#1902,#1903,#1904,#1905,
#1906,#1907,#1908,#1909,#1910,#1911,#1912),(#1913,#1914,#1915,#1916,#1917,
#1918,#1919,#1920,#1921,#1922,#1923,#1924,#1925,#1926,#1927),(#1928,#1929,
#1930,#1931,#1932,#1933,#1934,#1935,#1936,#1937,#1938,#1939,#1940,#1941,
#1942),(#1943,#1944,#1945,#1946,#1947,#1948,#1949,#1950,#1951,#1952,#1953,
#1954,#1955,#1956,#1957),(#1958,#1959,#1960,#1961,#1962,#1963,#1964,#1965,
#1966,#1967,#1968,#1969,#1970,#1971,#1972),(#1973,#1974,#1975,#1976,#1977,
#1978,#1979,#1980,#1981,#1982,#1983,#1984,#1985,#1986,#1987),(#1988,#1989,
#1990,#1991,#1992,#1993,#1994,#1995,#1996,#1997,#1998,#1999,#2000,#2001,
#2002),(#2003,#2004,#2005,#2006,#2007,#2008,#2009,#2010,#2011,#2012,#2013,
#2014,#2015,#2016,#2017),(#2018,#2019,#2020,#2021,#2022,#2023,#2024,#2025,
#2026,#2027,#2028,#2029,#2030,#2031,#2032),(#2033,#2034,#2035,#2036,#2037,
#2038,#2039,#2040,#2041,#2042,#2043,#2044,#2045,#2046,#2047),(#2048,#2049,
#2050,#2051,#2052,#2053,#2054,#2055,#2056,#2057,#2058,#2059,#2060,#2061,
#2062),(#2063,#2064,#2065,#2066,#2067,#2068,#2069,#2070,#2071,#2072,#2073,
#2074,#2075,#2076,#2077),(#2078,#2079,#2080,#2081,#2082,#2083,#2084,#2085,
#2086,#2087,#2088,#2089,#2090,#2091,#2092),(#2093,#2094,#2095,#2096,#2097,
#2098,#2099,#2100,#2101,#2102,#2103,#2104,#2105,#2106,#2107)),
 .UNSPECIFIED.,.F.,.F.,.F.,(4,1,1,1,1,1,3,1,3,1,1,1,1,1,4),(4,1,1,1,1,1,
1,1,1,1,1,1,4),(0.,0.125,0.25,0.375,0.5,0.75,1.,2.,3.,3.25,3.5,3.625,3.75,
3.875,4.),(0.,0.25,0.5,0.75,1.,1.5,2.,2.5,3.,3.25,3.5,3.75,4.),
 .UNSPECIFIED.);
#182=B_SPLINE_SURFACE_WITH_KNOTS('',3,3,((#2108,#2109,#2110,#2111,#2112,
#2113,#2114,#2115,#2116,#2117,#2118,#2119,#2120,#2121,#2122,#2123,#2124,
#2125,#2126,#2127,#2128),(#2129,#2130,#2131,#2132,#2133,#2134,#2135,#2136,
#2137,#2138,#2139,#2140,#2141,#2142,#2143,#2144,#2145,#2146,#2147,#2148,
#2149),(#2150,#2151,#2152,#2153,#2154,#2155,#2156,#2157,#2158,#2159,#2160,
#2161,#2162,#2163,#2164,#2165,#2166,#2167,#2168,#2169,#2170),(#2171,#2172,
#2173,#2174,#2175,#2176,#2177,#2178,#2179,#2180,#2181,#2182,#2183,#2184,
#2185,#2186,#2187,#2188,#2189,#2190,#2191),(#2192,#2193,#2194,#2195,#2196,
#2197,#2198,#2199,#2200,#2201,#2202,#2203,#2204,#2205,#2206,#2207,#2208,
#2209,#2210,#2211,#2212),(#2213,#2214,#2215,#2216,#2217,#2218,#2219,#2220,
#2221,#2222,#2223,#2224,#2225,#2226,#2227,#2228,#2229,#2230,#2231,#2232,
#2233),(#2234,#2235,#2236,#2237,#2238,#2239,#2240,#2241,#2242,#2243,#2244,
#2245,#2246,#2247,#2248,#2249,#2250,#2251,#2252,#2253,#2254),(#2255,#2256,
#2257,#2258,#2259,#2260,#2261,#2262,#2263,#2264,#2265,#2266,#2267,#2268,
#2269,#2270,#2271,#2272,#2273,#2274,#2275),(#2276,#2277,#2278,#2279,#2280,
#2281,#2282,#2283,#2284,#2285,#2286,#2287,#2288,#2289,#2290,#2291,#2292,
#2293,#2294,#2295,#2296),(#2297,#2298,#2299,#2300,#2301,#2302,#2303,#2304,
#2305,#2306,#2307,#2308,#2309,#2310,#2311,#2312,#2313,#2314,#2315,#2316,
#2317),(#2318,#2319,#2320,#2321,#2322,#2323,#2324,#2325,#2326,#2327,#2328,
#2329,#2330,#2331,#2332,#2333,#2334,#2335,#2336,#2337,#2338),(#2339,#2340,
#2341,#2342,#2343,#2344,#2345,#2346,#2347,#2348,#2349,#2350,#2351,#2352,
#2353,#2354,#2355,#2356,#2357,#2358,#2359),(#2360,#2361,#2362,#2363,#2364,
#2365,#2366,#2367,#2368,#2369,#2370,#2371,#2372,#2373,#2374,#2375,#2376,
#2377,#2378,#2379,#2380),(#2381,#2382,#2383,#2384,#2385,#2386,#2387,#2388,
#2389,#2390,#2391,#2392,#2393,#2394,#2395,#2396,#2397,#2398,#2399,#2400,
#2401),(#2402,#2403,#2404,#2405,#2406,#2407,#2408,#2409,#2410,#2411,#2412,
#2413,#2414,#2415,#2416,#2417,#2418,#2419,#2420,#2421,#2422)),
 .UNSPECIFIED.,.F.,.F.,.F.,(4,1,1,1,1,1,1,1,1,1,1,1,4),(4,1,1,1,1,1,3,1,
3,1,1,1,1,1,4),(0.,0.25,0.5,0.75,1.,1.5,2.,2.5,3.,3.25,3.5,3.75,4.),(0.,
0.125,0.25,0.375,0.5,0.75,1.,2.,3.,3.25,3.5,3.625,3.75,3.875,4.),
 .UNSPECIFIED.);
#183=B_SPLINE_SURFACE_WITH_KNOTS('',3,3,((#2423,#2424,#2425,#2426,#2427,
#2428,#2429,#2430,#2431,#2432,#2433,#2434,#2435,#2436,#2437),(#2438,#2439,
#2440,#2441,#2442,#2443,#2444,#2445,#2446,#2447,#2448,#2449,#2450,#2451,
#2452),(#2453,#2454,#2455,#2456,#2457,#2458,#2459,#2460,#2461,#2462,#2463,
#2464,#2465,#2466,#2467),(#2468,#2469,#2470,#2471,#2472,#2473,#2474,#2475,
#2476,#2477,#2478,#2479,#2480,#2481,#2482),(#2483,#2484,#2485,#2486,#2487,
#2488,#2489,#2490,#2491,#2492,#2493,#2494,#2495,#2496,#2497),(#2498,#2499,
#2500,#2501,#2502,#2503,#2504,#2505,#2506,#2507,#2508,#2509,#2510,#2511,
#2512),(#2513,#2514,#2515,#2516,#2517,#2518,#2519,#2520,#2521,#2522,#2523,
#2524,#2525,#2526,#2527),(#2528,#2529,#2530,#2531,#2532,#2533,#2534,#2535,
#2536,#2537,#2538,#2539,#2540,#2541,#2542),(#2543,#2544,#2545,#2546,#2547,
#2548,#2549,#2550,#2551,#2552,#2553,#2554,#2555,#2556,#2557),(#2558,#2559,
#2560,#2561,#2562,#2563,#2564,#2565,#2566,#2567,#2568,#2569,#2570,#2571,
#2572),(#2573,#2574,#2575,#2576,#2577,#2578,#2579,#2580,#2581,#2582,#2583,
#2584,#2585,#2586,#2587),(#2588,#2589,#2590,#2591,#2592,#2593,#2594,#2595,
#2596,#2597,#2598,#2599,#2600,#2601,#2602),(#2603,#2604,#2605,#2606,#2607,
#2608,#2609,#2610,#2611,#2612,#2613,#2614,#2615,#2616,#2617),(#2618,#2619,
#2620,#2621,#2622,#2623,#2624,#2625,#2626,#2627,#2628,#2629,#2630,#2631,
#2632),(#2633,#2634,#2635,#2636,#2637,#2638,#2639,#2640,#2641,#2642,#2643,
#2644,#2645,#2646,#2647)),.UNSPECIFIED.,.F.,.F.,.F.,(4,1,1,1,1,1,1,1,1,
1,1,1,4),(4,1,1,1,1,1,1,1,1,1,1,1,4),(0.,0.125,0.25,0.375,0.5,0.75,1.,1.25,
1.5,1.625,1.75,1.875,2.),(0.,0.125,0.25,0.375,0.5,0.75,1.,1.25,1.5,1.625,
1.75,1.875,2.),.UNSPECIFIED.);
#184=B_SPLINE_SURFACE_WITH_KNOTS('',3,3,((#2648,#2649,#2650,#2651,#2652,
#2653,#2654,#2655,#2656,#2657,#2658,#2659,#2660,#2661,#2662),(#2663,#2664,
#2665,#2666,#2667,#2668,#2669,#2670,#2671,#2672,#2673,#2674,#2675,#2676,
#2677),(#2678,#2679,#2680,#2681,#2682,#2683,#2684,#2685,#2686,#2687,#2688,
#2689,#2690,#2691,#2692),(#2693,#2694,#2695,#2696,#2697,#2698,#2699,#2700,
#2701,#2702,#2703,#2704,#2705,#2706,#2707),(#2708,#2709,#2710,#2711,#2712,
#2713,#2714,#2715,#2716,#2717,#2718,#2719,#2720,#2721,#2722),(#2723,#2724,
#2725,#2726,#2727,#2728,#2729,#2730,#2731,#2732,#2733,#2734,#2735,#2736,
#2737),(#2738,#2739,#2740,#2741,#2742,#2743,#2744,#2745,#2746,#2747,#2748,
#2749,#2750,#2751,#2752),(#2753,#2754,#2755,#2756,#2757,#2758,#2759,#2760,
#2761,#2762,#2763,#2764,#2765,#2766,#2767),(#2768,#2769,#2770,#2771,#2772,
#2773,#2774,#2775,#2776,#2777,#2778,#2779,#2780,#2781,#2782),(#2783,#2784,
#2785,#2786,#2787,#2788,#2789,#2790,#2791,#2792,#2793,#2794,#2795,#2796,
#2797),(#2798,#2799,#2800,#2801,#2802,#2803,#2804,#2805,#2806,#2807,#2808,
#2809,#2810,#2811,#2812),(#2813,#2814,#2815,#2816,#2817,#2818,#2819,#2820,
#2821,#2822,#2823,#2824,#2825,#2826,#2827),(#2828,#2829,#2830,#2831,#2832,
#2833,#2834,#2835,#2836,#2837,#2838,#2839,#2840,#2841,#2842),(#2843,#2844,
#2845,#2846,#2847,#2848,#2849,#2850,#2851,#2852,#2853,#2854,#2855,#2856,
#2857),(#2858,#2859,#2860,#2861,#2862,#2863,#2864,#2865,#2866,#2867,#2868,
#2869,#2870,#2871,#2872),(#2873,#2874,#2875,#2876,#2877,#2878,#2879,#2880,
#2881,#2882,#2883,#2884,#2885,#2886,#2887),(#2888,#2889,#2890,#2891,#2892,
#2893,#2894,#2895,#2896,#2897,#2898,#2899,#2900,#2901,#2902),(#2903,#2904,
#2905,#2906,#2907,#2908,#2909,#2910,#2911,#2912,#2913,#2914,#2915,#2916,
#2917),(#2918,#2919,#2920,#2921,#2922,#2923,#2924,#2925,#2926,#2927,#2928,
#2929,#2930,#2931,#2932),(#2933,#2934,#2935,#2936,#2937,#2938,#2939,#2940,
#2941,#2942,#2943,#2944,#2945,#2946,#2947),(#2948,#2949,#2950,#2951,#2952,
#2953,#2954,#2955,#2956,#2957,#2958,#2959,#2960,#2961,#2962)),
 .UNSPECIFIED.,.F.,.F.,.F.,(4,1,1,1,1,1,3,1,3,1,1,1,1,1,4),(4,1,1,1,1,1,
1,1,1,1,1,1,4),(0.,0.125,0.25,0.375,0.5,0.75,1.,2.,3.,3.25,3.5,3.625,3.75,
3.875,4.),(0.,0.25,0.5,0.75,1.,1.5,2.,2.5,3.,3.25,3.5,3.75,4.),
 .UNSPECIFIED.);
#185=B_SPLINE_SURFACE_WITH_KNOTS('',3,3,((#2963,#2964,#2965,#2966,#2967,
#2968,#2969,#2970,#2971,#2972,#2973,#2974,#2975,#2976,#2977),(#2978,#2979,
#2980,#2981,#2982,#2983,#2984,#2985,#2986,#2987,#2988,#2989,#2990,#2991,
#2992),(#2993,#2994,#2995,#2996,#2997,#2998,#2999,#3000,#3001,#3002,#3003,
#3004,#3005,#3006,#3007),(#3008,#3009,#3010,#3011,#3012,#3013,#3014,#3015,
#3016,#3017,#3018,#3019,#3020,#3021,#3022),(#3023,#3024,#3025,#3026,#3027,
#3028,#3029,#3030,#3031,#3032,#3033,#3034,#3035,#3036,#3037),(#3038,#3039,
#3040,#3041,#3042,#3043,#3044,#3045,#3046,#3047,#3048,#3049,#3050,#3051,
#3052),(#3053,#3054,#3055,#3056,#3057,#3058,#3059,#3060,#3061,#3062,#3063,
#3064,#3065,#3066,#3067),(#3068,#3069,#3070,#3071,#3072,#3073,#3074,#3075,
#3076,#3077,#3078,#3079,#3080,#3081,#3082),(#3083,#3084,#3085,#3086,#3087,
#3088,#3089,#3090,#3091,#3092,#3093,#3094,#3095,#3096,#3097),(#3098,#3099,
#3100,#3101,#3102,#3103,#3104,#3105,#3106,#3107,#3108,#3109,#3110,#3111,
#3112),(#3113,#3114,#3115,#3116,#3117,#3118,#3119,#3120,#3121,#3122,#3123,
#3124,#3125,#3126,#3127),(#3128,#3129,#3130,#3131,#3132,#3133,#3134,#3135,
#3136,#3137,#3138,#3139,#3140,#3141,#3142),(#3143,#3144,#3145,#3146,#3147,
#3148,#3149,#3150,#3151,#3152,#3153,#3154,#3155,#3156,#3157),(#3158,#3159,
#3160,#3161,#3162,#3163,#3164,#3165,#3166,#3167,#3168,#3169,#3170,#3171,
#3172),(#3173,#3174,#3175,#3176,#3177,#3178,#3179,#3180,#3181,#3182,#3183,
#3184,#3185,#3186,#3187),(#3188,#3189,#3190,#3191,#3192,#3193,#3194,#3195,
#3196,#3197,#3198,#3199,#3200,#3201,#3202),(#3203,#3204,#3205,#3206,#3207,
#3208,#3209,#3210,#3211,#3212,#3213,#3214,#3215,#3216,#3217),(#3218,#3219,
#3220,#3221,#3222,#3223,#3224,#3225,#3226,#3227,#3228,#3229,#3230,#3231,
#3232),(#3233,#3234,#3235,#3236,#3237,#3238,#3239,#3240,#3241,#3242,#3243,
#3244,#3245,#3246,#3247),(#3248,#3249,#3250,#3251,#3252,#3253,#3254,#3255,
#3256,#3257,#3258,#3259,#3260,#3261,#3262),(#3263,#3264,#3265,#3266,#3267,
#3268,#3269,#3270,#3271,#3272,#3273,#3274,#3275,#3276,#3277)),
 .UNSPECIFIED.,.F.,.F.,.F.,(4,1,1,1,1,1,3,1,3,1,1,1,1,1,4),(4,1,1,1,1,1,
1,1,1,1,1,1,4),(0.,0.125,0.25,0.375,0.5,0.75,1.,2.,3.,3.25,3.5,3.625,3.75,
3.875,4.),(0.,0.25,0.5,0.75,1.,1.5,2.,2.5,3.,3.25,3.5,3.75,4.),
 .UNSPECIFIED.);
#186=SHAPE_DEFINITION_REPRESENTATION(#187,#272);
#187=PRODUCT_DEFINITION_SHAPE('Document','',#189);
#188=PRODUCT_DEFINITION_CONTEXT('3D Mechanical Parts',#261,'design');
#189=PRODUCT_DEFINITION('A','First version',#231,#188);
#190=DATE_TIME_ROLE('classification_date');
#191=DATE_TIME_ROLE('creation_date');
#192=APPLIED_DATE_AND_TIME_ASSIGNMENT(#216,#190,(#195));
#193=APPLIED_DATE_AND_TIME_ASSIGNMENT(#218,#191,(#189));
#194=SECURITY_CLASSIFICATION_LEVEL('unclassified');
#195=SECURITY_CLASSIFICATION('A','Security for version',#194);
#196=APPLIED_SECURITY_CLASSIFICATION_ASSIGNMENT(#195,(#231));
#197=APPROVAL_ROLE('Version approval');
#198=APPROVAL_ROLE('Version Security approval');
#199=APPROVAL_ROLE('Definition approval');
#200=APPROVAL_PERSON_ORGANIZATION(#249,#225,#197);
#201=APPROVAL_PERSON_ORGANIZATION(#250,#226,#198);
#202=APPROVAL_PERSON_ORGANIZATION(#253,#227,#199);
#203=COORDINATED_UNIVERSAL_TIME_OFFSET(5,0,.BEHIND.);
#204=LOCAL_TIME(0,0,0.,#203);
#205=LOCAL_TIME(0,0,0.,#203);
#206=LOCAL_TIME(0,0,0.,#203);
#207=LOCAL_TIME(0,0,0.,#203);
#208=LOCAL_TIME(0,0,0.,#203);
#209=CALENDAR_DATE(1999,1,1);
#210=CALENDAR_DATE(1999,1,1);
#211=CALENDAR_DATE(1999,1,1);
#212=CALENDAR_DATE(1999,1,1);
#213=CALENDAR_DATE(1999,1,1);
#214=DATE_AND_TIME(#209,#204);
#215=DATE_AND_TIME(#210,#205);
#216=DATE_AND_TIME(#211,#206);
#217=DATE_AND_TIME(#212,#207);
#218=DATE_AND_TIME(#213,#208);
#219=APPROVAL_DATE_TIME(#214,#225);
#220=APPROVAL_DATE_TIME(#215,#226);
#221=APPROVAL_DATE_TIME(#217,#227);
#222=APPROVAL_STATUS('not_yet_approved');
#223=APPROVAL_STATUS('not_yet_approved');
#224=APPROVAL_STATUS('approved');
#225=APPROVAL(#222,'Version approval');
#226=APPROVAL(#223,'Version Security approval');
#227=APPROVAL(#224,'Definition approval');
#228=APPLIED_APPROVAL_ASSIGNMENT(#225,(#231));
#229=APPLIED_APPROVAL_ASSIGNMENT(#226,(#195));
#230=APPLIED_APPROVAL_ASSIGNMENT(#227,(#189));
#231=PRODUCT_DEFINITION_FORMATION_WITH_SPECIFIED_SOURCE('A',
'First version',#263,.MADE.);
#232=PERSON_AND_ORGANIZATION_ROLE('design_owner');
#233=PERSON_AND_ORGANIZATION_ROLE('creator');
#234=PERSON_AND_ORGANIZATION_ROLE('design_supplier');
#235=PERSON_AND_ORGANIZATION_ROLE('classification_officer');
#236=PERSON_AND_ORGANIZATION_ROLE('creator');
#237=ORGANIZATION('STI','lab','lab');
#238=ORGANIZATION('STI','unknown','unknown');
#239=ORGANIZATION('STI','unknown','unknown');
#240=ORGANIZATION('STI','unknown','unknown');
#241=ORGANIZATION('STI','unknown','unknown');
#242=ORGANIZATION('STI','unknown','unknown');
#243=ORGANIZATION('STI','unknown','unknown');
#244=PERSON('1','Box','vc60',$,$,$);
#245=PERSON('2','last','first',$,$,$);
#246=PERSON('3','President','Mr.',$,$,$);
#247=PERSON_AND_ORGANIZATION(#244,#237);
#248=PERSON_AND_ORGANIZATION(#245,#238);
#249=PERSON_AND_ORGANIZATION(#246,#239);
#250=PERSON_AND_ORGANIZATION(#246,#240);
#251=PERSON_AND_ORGANIZATION(#246,#241);
#252=PERSON_AND_ORGANIZATION(#245,#242);
#253=PERSON_AND_ORGANIZATION(#246,#243);
#254=APPLIED_PERSON_AND_ORGANIZATION_ASSIGNMENT(#247,#232,(#263));
#255=APPLIED_PERSON_AND_ORGANIZATION_ASSIGNMENT(#248,#233,(#231));
#256=APPLIED_PERSON_AND_ORGANIZATION_ASSIGNMENT(#248,#234,(#231));
#257=APPLIED_PERSON_AND_ORGANIZATION_ASSIGNMENT(#251,#235,(#195));
#258=APPLIED_PERSON_AND_ORGANIZATION_ASSIGNMENT(#252,#236,(#189));
#259=PRODUCT_RELATED_PRODUCT_CATEGORY('detail','detail',(#263));
#260=APPLICATION_PROTOCOL_DEFINITION('International Standard',
'config_control_design',1994,#261);
#261=APPLICATION_CONTEXT(
'configuration controlled 3d designs of mechanical parts and assemblie
s');
#262=PRODUCT_CONTEXT('3D Mechanical Parts',#261,'mechanical');
#263=PRODUCT('Document','Document','',(#262));
#264=(
LENGTH_UNIT()
NAMED_UNIT(*)
SI_UNIT(.MILLI.,.METRE.)
);
#265=(
NAMED_UNIT(*)
PLANE_ANGLE_UNIT()
SI_UNIT($,.RADIAN.)
);
#266=DIMENSIONAL_EXPONENTS(0.,0.,0.,0.,0.,0.,0.);
#267=PLANE_ANGLE_MEASURE_WITH_UNIT(PLANE_ANGLE_MEASURE(0.01745329252),#265);
#268=(
CONVERSION_BASED_UNIT('DEGREES',#267)
NAMED_UNIT(#266)
PLANE_ANGLE_UNIT()
);
#269=(
NAMED_UNIT(*)
SI_UNIT($,.STERADIAN.)
SOLID_ANGLE_UNIT()
);
#270=UNCERTAINTY_MEASURE_WITH_UNIT(LENGTH_MEASURE(0.001),#264,
'DISTANCE_ACCURACY_VALUE',
'Maximum model space distance between geometric entities at asserted c
onnectivities');
#271=(
GEOMETRIC_REPRESENTATION_CONTEXT(3)
GLOBAL_UNCERTAINTY_ASSIGNED_CONTEXT((#270))
GLOBAL_UNIT_ASSIGNED_CONTEXT((#269,#268,#264))
REPRESENTATION_CONTEXT('ID1','3D')
);
#272=SHAPE_REPRESENTATION('Document',(#273,#278),#271);
#273=AXIS2_PLACEMENT_3D('',#287,#279,#280);
#274=AXIS2_PLACEMENT_3D('',#1792,#281,$);
#275=AXIS2_PLACEMENT_3D('',#3278,#282,$);
#276=AXIS2_PLACEMENT_3D('',#3279,#283,$);
#277=AXIS2_PLACEMENT_3D('',#3280,#284,$);
#278=AXIS2_PLACEMENT_3D('',#5437,#285,#286);
#279=DIRECTION('',(0.,0.,1.));
#280=DIRECTION('',(1.,0.,0.));
#281=DIRECTION('',(0.,0.,1.));
#282=DIRECTION('',(0.,0.,1.));
#283=DIRECTION('',(0.,0.,1.));
#284=DIRECTION('',(0.,0.,1.));
#285=DIRECTION('',(0.,0.,1.));
#286=DIRECTION('',(1.,0.,0.));
#287=CARTESIAN_POINT('',(0.,0.,0.));
#288=CARTESIAN_POINT('',(-279.359619811979,111.784195563709,16.7063610067408));
#289=CARTESIAN_POINT('',(-283.893961224615,113.905800826383,16.7645039966848));
#290=CARTESIAN_POINT('',(-279.494721877777,111.52618970513,16.8071769183571));
#291=CARTESIAN_POINT('',(-284.052705632298,113.574820005696,16.8044823033085));
#292=CARTESIAN_POINT('',(-279.600840663138,111.247762065214,16.8875952941685));
#293=CARTESIAN_POINT('',(-284.195314411803,113.235673539573,16.840230764419));
#294=CARTESIAN_POINT('',(-279.64918087935,111.050605014488,16.9222063317115));
#295=CARTESIAN_POINT('',(-284.279211796086,113.004823212982,16.8608373621238));
#296=CARTESIAN_POINT('',(-279.704037607775,110.750101565245,16.9594620184792));
#297=CARTESIAN_POINT('',(-284.396614352345,112.655458694022,16.8895161637681));
#298=CARTESIAN_POINT('',(-279.716403975123,110.542550511439,16.9637240159421));
#299=CARTESIAN_POINT('',(-284.46327318182,112.418445163469,16.9056007382069));
#300=CARTESIAN_POINT('',(-279.702554477453,110.133602079915,16.9374536434802));
#301=CARTESIAN_POINT('',(-284.573129275994,111.938713497806,16.9316289043522));
#302=CARTESIAN_POINT('',(-279.676914039237,109.93090481523,16.9074566698918));
#303=CARTESIAN_POINT('',(-284.616387682382,111.695935867934,16.9415758266316));
#304=CARTESIAN_POINT('',(-279.602356204329,109.53557830533,16.8278045918139));
#305=CARTESIAN_POINT('',(-284.679024303362,111.207311375785,16.9548776830201));
#306=CARTESIAN_POINT('',(-279.55352945325,109.341595489742,16.7781777599386));
#307=CARTESIAN_POINT('',(-284.69864083081,110.961647219005,16.9582253452672));
#308=CARTESIAN_POINT('',(-279.386031585426,108.772941604535,16.612587050385));
#309=CARTESIAN_POINT('',(-284.72325986092,110.221899448739,16.9570813153405));
#310=CARTESIAN_POINT('',(-279.247497648389,108.407845091099,16.4831670726617));
#311=CARTESIAN_POINT('',(-284.69372278808,109.729198990987,16.9410207785881));
#312=CARTESIAN_POINT('',(-278.950667333523,107.691344861014,16.2127810652813));
#313=CARTESIAN_POINT('',(-284.55605273948,108.754473750756,16.8694394016932));
#314=CARTESIAN_POINT('',(-278.79142387655,107.340787850142,16.0708640590447));
#315=CARTESIAN_POINT('',(-284.448877048314,108.27640737618,16.813479794473));
#316=CARTESIAN_POINT('',(-278.464453944955,106.645449392305,15.781881403329));
#317=CARTESIAN_POINT('',(-284.179433912377,107.340310041489,16.6553842422613));
#318=CARTESIAN_POINT('',(-278.296595810171,106.301037816702,15.634032250375));
#319=CARTESIAN_POINT('',(-284.018163430406,106.885228928713,16.5550274888182));
#320=CARTESIAN_POINT('',(-277.959810871312,105.615263866137,15.3340760955258));
#321=CARTESIAN_POINT('',(-283.666100206998,105.996495595743,16.3139418822349));
#322=CARTESIAN_POINT('',(-277.790409800932,105.273338835177,15.1809310841625));
#323=CARTESIAN_POINT('',(-283.475738922829,105.562909041504,16.1754509662592));
#324=CARTESIAN_POINT('',(-277.45734589926,104.590043933507,14.8721162453472));
#325=CARTESIAN_POINT('',(-283.082761938539,104.711262644235,15.8741978036345));
#326=CARTESIAN_POINT('',(-277.292921147056,104.247569385695,14.7161812714181));
#327=CARTESIAN_POINT('',(-282.879875321717,104.292103415329,15.7095460206627));
#328=CARTESIAN_POINT('',(-276.974074726248,103.557583508602,14.4057603433541));
#329=CARTESIAN_POINT('',(-282.474262213945,103.464188041327,15.3634921485082));
#330=CARTESIAN_POINT('',(-276.819707233665,103.210162358175,14.2513539568122));
#331=CARTESIAN_POINT('',(-282.270695582148,103.05454810313,15.1779095520927));
#332=CARTESIAN_POINT('',(-276.525590635349,102.505453820252,13.9480526240351));
#333=CARTESIAN_POINT('',(-281.875638339375,102.241499644015,14.7864692597756));
#334=CARTESIAN_POINT('',(-276.386488987225,102.149446744597,13.7996092167239));
#335=CARTESIAN_POINT('',(-281.683074042009,101.836505628248,14.579641307874));
#336=CARTESIAN_POINT('',(-276.126892546809,101.424820450949,13.5128085921544));
#337=CARTESIAN_POINT('',(-281.322080695217,101.02615961647,14.1518365631404));
#338=CARTESIAN_POINT('',(-276.007663868593,101.057519182849,13.3736632269416));
#339=CARTESIAN_POINT('',(-281.152970306136,100.61890567538,13.9301144203474));
#340=CARTESIAN_POINT('',(-275.874488778825,100.589474439919,13.2105114497785));
#341=CARTESIAN_POINT('',(-280.963559751583,100.101266931647,13.6553119649515));
#342=CARTESIAN_POINT('',(-275.848624205007,100.495495584191,13.1785161903826));
#343=CARTESIAN_POINT('',(-280.926626203328,99.9969849073659,13.601434361317));
#344=CARTESIAN_POINT('',(-275.798455201433,100.306337042615,13.115748761927));
#345=CARTESIAN_POINT('',(-280.855813517379,99.7891479281687,13.4900231687427));
#346=CARTESIAN_POINT('',(-275.77430233014,100.211810071087,13.085204779283));
#347=CARTESIAN_POINT('',(-280.821583825452,99.6841422373582,13.433852686462));
#348=CARTESIAN_POINT('',(-275.703945143606,99.9251006912639,12.9953630771325));
#349=CARTESIAN_POINT('',(-280.723600095282,99.3687047111034,13.2691062346703));
#350=CARTESIAN_POINT('',(-275.660615583248,99.7329823769957,12.9388550647616));
#351=CARTESIAN_POINT('',(-280.66351773034,99.1547058683292,13.1616530734627));
#352=CARTESIAN_POINT('',(-275.581183509283,99.3441736606985,12.8336147388995));
#353=CARTESIAN_POINT('',(-280.556016221558,98.7185246326419,12.9599234284687));
#354=CARTESIAN_POINT('',(-275.545235571632,99.1482396529041,12.7850827632127));
#355=CARTESIAN_POINT('',(-280.508185841703,98.4953530394876,12.8646864677941));
#356=CARTESIAN_POINT('',(-275.481408007031,98.7513745697586,12.6977358270404));
#357=CARTESIAN_POINT('',(-280.42886784107,98.0391190808061,12.6976268944751));
#358=CARTESIAN_POINT('',(-275.453838107867,98.5525561221759,12.6593469348976));
#359=CARTESIAN_POINT('',(-280.396959753666,97.8042140052892,12.6249987550406));
#360=CARTESIAN_POINT('',(-275.419152699173,98.2499094296735,12.6105018198161));
#361=CARTESIAN_POINT('',(-280.366165921027,97.4442723951481,12.5508448726368));
#362=CARTESIAN_POINT('',(-275.408818775842,98.1492382051931,12.595839221911));
#363=CARTESIAN_POINT('',(-280.35871678848,97.3216532036226,12.5320303242379));
#364=CARTESIAN_POINT('',(-275.390471456378,97.945853584208,12.5696589909928));
#365=CARTESIAN_POINT('',(-280.350772933891,97.0767905990862,12.5112275504302));
#366=CARTESIAN_POINT('',(-275.382604403615,97.8447848944455,12.5583504479714));
#367=CARTESIAN_POINT('',(-280.35043070243,96.9532550761882,12.5102209059158));
#368=CARTESIAN_POINT('',(-275.362696888258,97.5384832057416,12.5295863730995));
#369=CARTESIAN_POINT('',(-280.360729355522,96.5841526223286,12.5375420801987));
#370=CARTESIAN_POINT('',(-275.354650074966,97.3338827929949,12.5177341003889));
#371=CARTESIAN_POINT('',(-280.381477600257,96.3422189373709,12.5894266976443));
#372=CARTESIAN_POINT('',(-275.349844528497,96.9230253735886,12.5106094309444));
#373=CARTESIAN_POINT('',(-280.441846181781,95.8733838830733,12.7254726299197));
#374=CARTESIAN_POINT('',(-275.353269914837,96.7178109384241,12.5157440550017));
#375=CARTESIAN_POINT('',(-280.481639169718,95.6440513745011,12.8105886510921));
#376=CARTESIAN_POINT('',(-275.370967849207,96.3083433671402,12.5415724144872));
#377=CARTESIAN_POINT('',(-280.574876643604,95.1979444142112,12.9961563085758));
#378=CARTESIAN_POINT('',(-275.385174834006,96.1047918890629,12.5621519716154));
#379=CARTESIAN_POINT('',(-280.628621612909,94.9790113220629,13.0979275931313));
#380=CARTESIAN_POINT('',(-275.423409111571,95.6993806056387,12.6165934289189));
#381=CARTESIAN_POINT('',(-280.74718711562,94.5506549987974,13.3097506149245));
#382=CARTESIAN_POINT('',(-275.447339339987,95.4984803055331,12.6503160300191));
#383=CARTESIAN_POINT('',(-280.812328860217,94.3400820823088,13.4204316862331));
#384=CARTESIAN_POINT('',(-275.489838956931,95.1990014775943,12.7091989677167));
#385=CARTESIAN_POINT('',(-280.91776713672,94.0283807440844,13.588172343154));
#386=CARTESIAN_POINT('',(-275.505030544299,95.1000041879931,12.7301059160435));
#387=CARTESIAN_POINT('',(-280.954621126845,93.9237766615045,13.6421054086475));
#388=CARTESIAN_POINT('',(-275.537647342735,94.901787539533,12.7746280799185));
#389=CARTESIAN_POINT('',(-281.030185139665,93.7161816354874,13.7522839307727));
#390=CARTESIAN_POINT('',(-275.554909185926,94.8035694227839,12.7980211477855));
#391=CARTESIAN_POINT('',(-281.068901196409,93.61328628457,13.8070808480596));
#392=CARTESIAN_POINT('',(-275.646234900363,94.3139420289832,12.9207172965098));
#393=CARTESIAN_POINT('',(-281.267901226641,93.0995175327541,14.0823465421531));
#394=CARTESIAN_POINT('',(-275.73480887475,93.929298897895,13.0365517750614));
#395=CARTESIAN_POINT('',(-281.44339007913,92.6939708192806,14.3018603840884));
#396=CARTESIAN_POINT('',(-275.937362774619,93.1749160713248,13.2890339540017));
#397=CARTESIAN_POINT('',(-281.814513045776,91.8842384406336,14.7225931727189));
#398=CARTESIAN_POINT('',(-276.051394882673,92.8048715505706,13.4257676128327));
#399=CARTESIAN_POINT('',(-282.010518960499,91.4788003788142,14.9245052291387));
#400=CARTESIAN_POINT('',(-276.302392074903,92.0757573149194,13.7082538070965));
#401=CARTESIAN_POINT('',(-282.410150496562,90.6632218791435,15.3070998863677));
#402=CARTESIAN_POINT('',(-276.438018664031,91.7170661204547,13.8550612493489));
#403=CARTESIAN_POINT('',(-282.614666019497,90.2515185384942,15.485841512441));
#404=CARTESIAN_POINT('',(-276.725410080584,91.0091099132903,14.1554898800305));
#405=CARTESIAN_POINT('',(-283.019408403824,89.418805741863,15.8232892338034));
#406=CARTESIAN_POINT('',(-276.877097196669,90.659969840704,14.3090825616408));
#407=CARTESIAN_POINT('',(-283.220304190464,88.9978557360648,15.9823986264792));
#408=CARTESIAN_POINT('',(-277.191650819394,89.9675044127441,14.6187715371262));
#409=CARTESIAN_POINT('',(-283.606935388806,88.1382604055563,16.2712215111398));
#410=CARTESIAN_POINT('',(-277.354486089705,89.6241834028656,14.7748320944276));
#411=CARTESIAN_POINT('',(-283.792316278249,87.7003919670797,16.4030223996695));
#412=CARTESIAN_POINT('',(-277.685628991722,88.9398881797339,15.0847812590715));
#413=CARTESIAN_POINT('',(-284.129661121736,86.8016616715684,16.6257736260697));
#414=CARTESIAN_POINT('',(-277.853979451686,88.5989477440943,15.2386067623579));
#415=CARTESIAN_POINT('',(-284.281027967622,86.3399379875938,16.7163175881518));
#416=CARTESIAN_POINT('',(-278.191305221505,87.9139387651592,15.5408499585596));
#417=CARTESIAN_POINT('',(-284.524077245835,85.3949815461647,16.8540768797598));
#418=CARTESIAN_POINT('',(-278.35978140861,87.5707142571088,15.6895148435755));
#419=CARTESIAN_POINT('',(-284.615698151057,84.9104689935091,16.9000178737948));
#420=CARTESIAN_POINT('',(-278.690362273748,86.8773543388415,15.9814908890401));
#421=CARTESIAN_POINT('',(-284.716511125132,83.9320461798031,16.9538002331857));
#422=CARTESIAN_POINT('',(-278.852166322066,86.5287760806511,16.1245556151889));
#423=CARTESIAN_POINT('',(-284.72589213692,83.4365433629517,16.9619859606771));
#424=CARTESIAN_POINT('',(-279.157405156569,85.818455224846,16.4003744022985));
#425=CARTESIAN_POINT('',(-284.650795779579,82.4543446048705,16.9500691764457));
#426=CARTESIAN_POINT('',(-279.301979822754,85.4568888410998,16.533328126478));
#427=CARTESIAN_POINT('',(-284.566729633955,81.966386285019,16.9302275529784));
#428=CARTESIAN_POINT('',(-279.485680440158,84.8967253183127,16.7106933174567));
#429=CARTESIAN_POINT('',(-284.369187376957,81.2554321964475,16.8831172815724));
#430=CARTESIAN_POINT('',(-279.541115981622,84.7065287692576,16.7656630972586));
#431=CARTESIAN_POINT('',(-284.291995764432,81.0221037809988,16.8640021366871));
#432=CARTESIAN_POINT('',(-279.633300593516,84.3181550144191,16.8601540445232));
#433=CARTESIAN_POINT('',(-284.114760394731,80.5645108743948,16.8197760938464));
#434=CARTESIAN_POINT('',(-279.670255745994,84.1187184455147,16.8998529816502));
#435=CARTESIAN_POINT('',(-284.014741822321,80.3398542994862,16.7953072225608));
#436=CARTESIAN_POINT('',(-279.712867001883,83.7145794761104,16.9519443497233));
#437=CARTESIAN_POINT('',(-283.794121499891,79.9029481024206,16.7391525280801));
#438=CARTESIAN_POINT('',(-279.718224253921,83.507474355736,16.9635050167943));
#439=CARTESIAN_POINT('',(-283.673431850863,79.6901443010945,16.7086750797044));
#440=CARTESIAN_POINT('',(-279.683871951285,83.0990076168401,16.9470883001551));
#441=CARTESIAN_POINT('',(-283.412792022454,79.2773225616564,16.6414485320706));
#442=CARTESIAN_POINT('',(-279.643394517745,82.897374102223,16.9186709350787));
#443=CARTESIAN_POINT('',(-283.272817656006,79.0769646958427,16.6046784586021));
#444=CARTESIAN_POINT('',(-279.516756296356,82.5182045535425,16.8246426849702));
#445=CARTESIAN_POINT('',(-282.976887517375,78.6916878475042,16.522067230272));
#446=CARTESIAN_POINT('',(-279.431698913358,82.3415689993774,16.7586715996479));
#447=CARTESIAN_POINT('',(-282.821159993787,78.5065156459669,16.4765290885942));
#448=CARTESIAN_POINT('',(-279.229775040906,82.0140543627014,16.6139271562691));
#449=CARTESIAN_POINT('',(-282.496071814102,78.1506810648242,16.3710757889586));
#450=CARTESIAN_POINT('',(-279.114322296739,81.8649838763388,16.5325655715968));
#451=CARTESIAN_POINT('',(-282.327321266118,77.9805599619177,16.3129720810158));
#452=CARTESIAN_POINT('',(-278.868097207781,81.5903226196563,16.3507441741496));
#453=CARTESIAN_POINT('',(-281.980425148726,77.6551500598548,16.1852057574129));
#454=CARTESIAN_POINT('',(-278.738201116844,81.4651664710083,16.2532496607641));
#455=CARTESIAN_POINT('',(-281.80205807544,77.4997671637254,16.1133556174411));
#456=CARTESIAN_POINT('',(-278.470154280811,81.2303962063149,16.0485267522259));
#457=CARTESIAN_POINT('',(-281.440298290517,77.2037189133367,15.9592388341126));
#458=CARTESIAN_POINT('',(-278.332553576573,81.1213865928951,15.9419387790571));
#459=CARTESIAN_POINT('',(-281.256090068167,77.0625940863349,15.8748364884362));
#460=CARTESIAN_POINT('',(-277.91447413368,80.8113287107419,15.6130870988109));
#461=CARTESIAN_POINT('',(-280.701358014482,76.6591251939603,15.5988826125958));
#462=CARTESIAN_POINT('',(-277.628882263644,80.6263522714805,15.3825388530591));
#463=CARTESIAN_POINT('',(-280.326695450494,76.4153080776447,15.3894588663395));
#464=CARTESIAN_POINT('',(-277.056657072261,80.2780374510353,14.9077177058832));
#465=CARTESIAN_POINT('',(-279.586102039575,75.9638951801338,14.9199361899204));
#466=CARTESIAN_POINT('',(-276.770111700662,80.1152446206077,14.6631287052461));
#467=CARTESIAN_POINT('',(-279.222329561391,75.7573298115707,14.6580475425256));
#468=CARTESIAN_POINT('',(-276.203623106097,79.7997459759779,14.1598141351931));
#469=CARTESIAN_POINT('',(-278.520193449473,75.3673352081296,14.0868237987824));
#470=CARTESIAN_POINT('',(-275.922982356053,79.6468771054181,13.900698669733));
#471=CARTESIAN_POINT('',(-278.18395587214,75.1849152765867,13.7746948271597));
#472=CARTESIAN_POINT('',(-275.514084614675,79.4227289572386,13.4994735578181));
#473=CARTESIAN_POINT('',(-277.708870234186,74.9231807445537,13.2722511774295));
#474=CARTESIAN_POINT('',(-275.379178545956,79.3485892559414,13.3628954746595));
#475=CARTESIAN_POINT('',(-277.555958489469,74.8386170104393,13.0977156872701));
#476=CARTESIAN_POINT('',(-275.181725976261,79.2389222082868,13.154454470088));
#477=CARTESIAN_POINT('',(-277.35992067746,74.7273725269851,12.8044776622251));
#478=CARTESIAN_POINT('',(-275.116093627985,79.2022681823739,13.083675309583));
#479=CARTESIAN_POINT('',(-277.300281747958,74.6928898828427,12.7015757925587));
#480=CARTESIAN_POINT('',(-274.987654144799,79.1299623797516,12.9415593343806));
#481=CARTESIAN_POINT('',(-277.183429166487,74.6237837030978,12.4962117149779));
#482=CARTESIAN_POINT('',(-274.923977574776,79.0938015861523,12.8693334327336));
#483=CARTESIAN_POINT('',(-277.125994794012,74.5890566339477,12.3927165830537));
#484=CARTESIAN_POINT('',(-274.736985113597,78.9864766218283,12.6500438775735));
#485=CARTESIAN_POINT('',(-276.954127089148,74.48299953868,12.0835428788948));
#486=CARTESIAN_POINT('',(-274.617254695518,78.9157616952723,12.4983163002708));
#487=CARTESIAN_POINT('',(-276.83731358841,74.4078846093266,11.8796870694981));
#488=CARTESIAN_POINT('',(-274.373364405442,78.7664606523497,12.2039324808074));
#489=CARTESIAN_POINT('',(-276.593302054726,74.2445668086672,11.4839763339308));
#490=CARTESIAN_POINT('',(-274.25186006945,78.6897141384815,12.0576778358497));
#491=CARTESIAN_POINT('',(-276.467649376394,74.157453027516,11.2906646389726));
#492=CARTESIAN_POINT('',(-274.007874748621,78.5311101583129,11.7681159328326));
#493=CARTESIAN_POINT('',(-276.210792593112,73.9739551601729,10.9119256977656));
#494=CARTESIAN_POINT('',(-273.885871094779,78.4495741676851,11.6247569391896));
#495=CARTESIAN_POINT('',(-276.079925356839,73.8777973615254,10.7265018312635));
#496=CARTESIAN_POINT('',(-273.641145030888,78.2818863775608,11.3402749121181));
#497=CARTESIAN_POINT('',(-275.814379453364,73.6776633517261,10.3626910741745));
#498=CARTESIAN_POINT('',(-273.51915776475,78.196248391502,11.199944384455));
#499=CARTESIAN_POINT('',(-275.679646019734,73.5736825577312,10.1848439289967));
#500=CARTESIAN_POINT('',(-273.151664919989,77.9325969599781,10.7814891794024));
#501=CARTESIAN_POINT('',(-275.267569778027,73.2494394548967,9.66315477355153));
#502=CARTESIAN_POINT('',(-272.906574178197,77.7492301950866,10.5081327722179));
#503=CARTESIAN_POINT('',(-274.980830727793,73.016090319036,9.33665780148961));
#504=CARTESIAN_POINT('',(-272.415392234191,77.3693628618632,9.97078265379164));
#505=CARTESIAN_POINT('',(-274.393513961592,72.5323027621316,8.71029663305647));
#506=CARTESIAN_POINT('',(-272.169609221475,77.1731306539577,9.7071756423154));
#507=CARTESIAN_POINT('',(-274.087665381158,72.2770861880937,8.41781579259666));
#508=CARTESIAN_POINT('',(-271.674320877659,76.7710423730305,9.1902849834265));
#509=CARTESIAN_POINT('',(-273.452108155186,71.755499934612,7.87600832819637));
#510=CARTESIAN_POINT('',(-271.425007772629,76.5652590503482,8.93699780157439));
#511=CARTESIAN_POINT('',(-273.121234288219,71.4879089753781,7.62391724726705));
#512=CARTESIAN_POINT('',(-270.92006694034,76.1468717505422,8.44326943986643));
#513=CARTESIAN_POINT('',(-272.43169360162,70.9521360876148,7.16863978975807));
#514=CARTESIAN_POINT('',(-270.663719099062,75.9342437541566,8.20252039836786));
#515=CARTESIAN_POINT('',(-272.071271763255,70.68237382094,6.96433500179324));
#516=CARTESIAN_POINT('',(-270.138416503345,75.5065551041312,7.73905488954664));
#517=CARTESIAN_POINT('',(-271.317869373319,70.1553887584935,6.61046412302765));
#518=CARTESIAN_POINT('',(-269.869051724431,75.2910456614063,7.5158121133808));
#519=CARTESIAN_POINT('',(-270.925352156115,69.8985704625709,6.45647333137412));
#520=CARTESIAN_POINT('',(-269.309921418167,74.8613045103616,7.09555536473714));
#521=CARTESIAN_POINT('',(-270.109854115049,69.4106140617438,6.19394775511508));
#522=CARTESIAN_POINT('',(-269.019915025961,74.6467767297813,6.89871627786741));
#523=CARTESIAN_POINT('',(-269.68743388153,69.1798821194078,6.08526342753715));
#524=CARTESIAN_POINT('',(-268.410692814808,74.2281243091322,6.54077347269351));
#525=CARTESIAN_POINT('',(-268.815580395688,68.7562151887937,5.90567988497852));
#526=CARTESIAN_POINT('',(-268.091836245642,74.0242584018189,6.38014248133916));
#527=CARTESIAN_POINT('',(-268.366943295488,68.5635611885286,5.83347854272192));
#528=CARTESIAN_POINT('',(-267.421284500374,73.6388370203899,6.10373905922246));
#529=CARTESIAN_POINT('',(-267.448658875862,68.224031158298,5.71659765433354));
#530=CARTESIAN_POINT('',(-267.070101305652,73.4583675208708,5.98795831535023));
#531=CARTESIAN_POINT('',(-266.979775476129,68.0771685846447,5.67181232819783));
#532=CARTESIAN_POINT('',(-266.338070964014,73.137183562172,5.80033082665584));
#533=CARTESIAN_POINT('',(-266.027359421569,67.8331582604683,5.60348066163208));
#534=CARTESIAN_POINT('',(-265.957536842289,72.9969792155761,5.72843274795656));
#535=CARTESIAN_POINT('',(-265.543738345831,67.7361949742028,5.57900850291643));
#536=CARTESIAN_POINT('',(-265.176445006224,72.7676392826612,5.62221294513013));
#537=CARTESIAN_POINT('',(-264.569235474638,67.5940422862095,5.54528712024971));
#538=CARTESIAN_POINT('',(-264.77583924457,72.6787956754968,5.58676702186355));
#539=CARTESIAN_POINT('',(-264.077458957303,67.548675554652,5.53596315284064));
#540=CARTESIAN_POINT('',(-263.965035096907,72.5572264932005,5.54147199103369));
#541=CARTESIAN_POINT('',(-263.093033978289,67.5094794968941,5.52848432043303));
#542=CARTESIAN_POINT('',(-263.555057875322,72.5242548542094,5.53184903509301));
#543=CARTESIAN_POINT('',(-262.598876879277,67.5152570982616,5.52933042685074));
#544=CARTESIAN_POINT('',(-262.734156997713,72.5129759230219,5.52871795664367));
#545=CARTESIAN_POINT('',(-261.615661819454,67.5781372707927,5.54214093630702));
#546=CARTESIAN_POINT('',(-262.323177389372,72.5343467160122,5.53418517778243));
#547=CARTESIAN_POINT('',(-261.125806594078,67.6352789261005,5.55450729288174));
#548=CARTESIAN_POINT('',(-261.508757575593,72.6328324527747,5.5690027389102));
#549=CARTESIAN_POINT('',(-260.15480676402,67.8011484201311,5.59555229066903));
#550=CARTESIAN_POINT('',(-261.105541214165,72.7099822470815,5.59848848847675));
#551=CARTESIAN_POINT('',(-259.673912882799,67.9098819015819,5.62383837886921));
#552=CARTESIAN_POINT('',(-260.316386420419,72.9178545492803,5.69007080354599));
#553=CARTESIAN_POINT('',(-258.728724770564,68.1765423902631,5.70216083792712));
#554=CARTESIAN_POINT('',(-259.930989336085,73.04797280598,5.75338295802885));
#555=CARTESIAN_POINT('',(-258.263679276406,68.3343431186413,5.75256152225118));
#556=CARTESIAN_POINT('',(-259.187178931632,73.3518749525833,5.92304665477366));
#557=CARTESIAN_POINT('',(-257.355287583651,68.6944630644239,5.88260495862068));
#558=CARTESIAN_POINT('',(-258.829205988348,73.5253447431912,6.0294876296269));
#559=CARTESIAN_POINT('',(-256.911872342503,68.8968578440324,5.96195505573853));
#560=CARTESIAN_POINT('',(-258.14564957001,73.8999473842888,6.28718919849747));
#561=CARTESIAN_POINT('',(-256.0526421381,69.3371688103084,6.15896238641414));
#562=CARTESIAN_POINT('',(-257.819802261539,74.1005991329268,6.43901672408385));
#563=CARTESIAN_POINT('',(-255.636448573312,69.5752979868985,6.27766606236629));
#564=CARTESIAN_POINT('',(-257.198469138559,74.5141697132299,6.78152857661161));
#565=CARTESIAN_POINT('',(-254.834730322697,70.0745475305228,6.56120359847841));
#566=CARTESIAN_POINT('',(-256.90334816957,74.7271203607244,6.97141351996855));
#567=CARTESIAN_POINT('',(-254.449953037094,70.3352709677371,6.72521708809229));
#568=CARTESIAN_POINT('',(-256.334906618801,75.1563379194645,7.38035832830634));
#569=CARTESIAN_POINT('',(-253.71034047238,70.8680376653399,7.102786032635));
#570=CARTESIAN_POINT('',(-256.062187246478,75.3718043753847,7.59881886706298));
#571=CARTESIAN_POINT('',(-253.35872063446,71.1371727840572,7.31898252222276));
#572=CARTESIAN_POINT('',(-255.530533070606,75.8009767998221,8.05506762071533));
#573=CARTESIAN_POINT('',(-252.681447842529,71.6722544722601,7.79568672338453));
#574=CARTESIAN_POINT('',(-255.272474172795,76.0141075270101,8.2922257184139));
#575=CARTESIAN_POINT('',(-252.357149412922,71.9374822695017,8.05713367356382));
#576=CARTESIAN_POINT('',(-254.890999453178,76.3300087008947,8.65857326311497));
#577=CARTESIAN_POINT('',(-251.888488558966,72.3243974211691,8.47776158494995));
#578=CARTESIAN_POINT('',(-254.765290894479,76.4342727258758,8.78203093978588));
#579=CARTESIAN_POINT('',(-251.735739206506,72.4511325514711,8.62318403765867));
#580=CARTESIAN_POINT('',(-254.514111865257,76.6417555633332,9.03301131494418));
#581=CARTESIAN_POINT('',(-251.435245149741,72.6999212893603,8.92558022248706));
#582=CARTESIAN_POINT('',(-254.389731508122,76.7440756464649,9.15943341888329));
#583=CARTESIAN_POINT('',(-251.288726125152,72.820843692399,9.08130809226186));
#584=CARTESIAN_POINT('',(-254.141062315163,76.9472607134636,9.41591716639733));
#585=CARTESIAN_POINT('',(-250.998652324294,73.0581913982633,9.40156646056198));
#586=CARTESIAN_POINT('',(-254.017650093162,77.0473914847512,9.54507773104709));
#587=CARTESIAN_POINT('',(-250.855344930842,73.174524329448,9.56536100414772));
#588=CARTESIAN_POINT('',(-253.770892003678,77.245546444226,9.80658927062586));
#589=CARTESIAN_POINT('',(-250.57438740719,73.3994083135719,9.90209253886012));
#590=CARTESIAN_POINT('',(-253.64782033693,77.3433399351826,9.93865166459364));
#591=CARTESIAN_POINT('',(-250.437300546733,73.5075969133313,10.075517749459));
#592=CARTESIAN_POINT('',(-253.402066457883,77.5358724944672,10.2052528261405));
#593=CARTESIAN_POINT('',(-250.166861642382,73.7164967503359,10.4309590508023));
#594=CARTESIAN_POINT('',(-253.279333297107,77.630581997906,10.3397371675121));
#595=CARTESIAN_POINT('',(-250.033975398964,73.8169137881665,10.6126449365237));
#596=CARTESIAN_POINT('',(-253.033764579921,77.816769447641,10.6114729699255));
#597=CARTESIAN_POINT('',(-249.7719558706,74.0097828524823,10.9834185091384));
#598=CARTESIAN_POINT('',(-252.911411346475,77.9079006425731,10.7482125002522));
#599=CARTESIAN_POINT('',(-249.643535895533,74.1017735141679,11.1716599988562));
#600=CARTESIAN_POINT('',(-252.666298091484,78.0868416031594,11.024948041447));
#601=CARTESIAN_POINT('',(-249.391840491416,74.2766274638711,11.5582795647439));
#602=CARTESIAN_POINT('',(-252.543976165505,78.1743284830515,11.1644553222045));
#603=CARTESIAN_POINT('',(-249.269589642302,74.358730554502,11.7553958788815));
#604=CARTESIAN_POINT('',(-252.299296630995,78.3453579351383,11.4464342614775));
#605=CARTESIAN_POINT('',(-249.0334730007,74.5111438911094,12.1607074760291));
#606=CARTESIAN_POINT('',(-252.177230357352,78.4287001473831,11.588568212427));
#607=CARTESIAN_POINT('',(-248.920812394484,74.5808579735169,12.3685305893806));
#608=CARTESIAN_POINT('',(-251.993834220121,78.5506698272818,11.8044022223538));
#609=CARTESIAN_POINT('',(-248.746048788103,74.6846232800506,12.6769587784596));
#610=CARTESIAN_POINT('',(-251.933109069064,78.5905176342224,11.8762470449817));
#611=CARTESIAN_POINT('',(-248.686983469721,74.7188868181279,12.7799668218339));
#612=CARTESIAN_POINT('',(-251.81104076977,78.6694988001336,12.0214422438428));
#613=CARTESIAN_POINT('',(-248.558436811894,74.7920470504191,12.9767230876084));
#614=CARTESIAN_POINT('',(-251.749953527252,78.7084570453236,12.0944918457445));
#615=CARTESIAN_POINT('',(-248.487853235205,74.831601521424,13.0704939585866));
#616=CARTESIAN_POINT('',(-251.628471479695,78.7847722269308,12.240560074194));
#617=CARTESIAN_POINT('',(-248.340456503671,74.9135911997213,13.2493785187063));
#618=CARTESIAN_POINT('',(-251.567582922364,78.8224422484139,12.3141378740116));
#619=CARTESIAN_POINT('',(-248.262651737578,74.9565843902108,13.3358307462543));
#620=CARTESIAN_POINT('',(-251.445818448151,78.8965536890424,12.4622157147734));
#621=CARTESIAN_POINT('',(-248.105197724726,75.0433147389126,13.5036847044139));
#622=CARTESIAN_POINT('',(-251.385165095801,78.9328752399913,12.5360797149167));
#623=CARTESIAN_POINT('',(-248.024934951566,75.0873827714909,13.586112714965));
#624=CARTESIAN_POINT('',(-251.203124230374,79.0399454368868,12.7610921233683));
#625=CARTESIAN_POINT('',(-247.780677995553,75.2213214488511,13.8291606434844));
#626=CARTESIAN_POINT('',(-251.077711879988,79.1114189389506,12.9059408515242));
#627=CARTESIAN_POINT('',(-247.613417745901,75.312711231717,13.9852190707028));
#628=CARTESIAN_POINT('',(-250.818528832844,79.2569630139996,13.190189129918));
#629=CARTESIAN_POINT('',(-247.270690688258,75.5012332426054,14.2854605305233));
#630=CARTESIAN_POINT('',(-250.686370204869,79.3300711996302,13.3282645939581));
#631=CARTESIAN_POINT('',(-247.095403512992,75.598147529978,14.428938739647));
#632=CARTESIAN_POINT('',(-250.416822448432,79.478350757784,13.6002780851428));
#633=CARTESIAN_POINT('',(-246.738259005587,75.799301398029,14.7026284708227));
#634=CARTESIAN_POINT('',(-250.279700099427,79.5533454728887,13.7338736755449));
#635=CARTESIAN_POINT('',(-246.557127277739,75.902995922899,14.8344066433963));
#636=CARTESIAN_POINT('',(-250.003205951139,79.7047427434271,13.9962033480214));
#637=CARTESIAN_POINT('',(-246.190843133065,76.1188349266954,15.0826448821312));
#638=CARTESIAN_POINT('',(-249.863111695795,79.7815219023155,14.1255943216225));
#639=CARTESIAN_POINT('',(-246.005460649231,76.2311524465661,15.2007165617206));
#640=CARTESIAN_POINT('',(-249.581376793478,79.9371639180674,14.3802787486726));
#641=CARTESIAN_POINT('',(-245.63344652194,76.4657185688393,15.4245160885742));
#642=CARTESIAN_POINT('',(-249.439598147489,80.0160734517397,14.505698055521));
#643=CARTESIAN_POINT('',(-245.447835799835,76.5872793632027,15.529343837865));
#644=CARTESIAN_POINT('',(-249.154494955554,80.1774777480963,14.7534355897211));
#645=CARTESIAN_POINT('',(-245.075020911203,76.8438887953391,15.7268149312696));
#646=CARTESIAN_POINT('',(-249.011614800218,80.2597464806364,14.8753617379401));
#647=CARTESIAN_POINT('',(-244.890564848214,76.9770431300146,15.820025660433));
#648=CARTESIAN_POINT('',(-248.582156037429,80.5144027650182,15.2360977799622));
#649=CARTESIAN_POINT('',(-244.339039627236,77.3992702238022,16.073862167048));
#650=CARTESIAN_POINT('',(-248.295664639819,80.6934752022323,15.4697559032161));
#651=CARTESIAN_POINT('',(-243.979893543686,77.707589202618,16.217327734892));
#652=CARTESIAN_POINT('',(-247.873556595074,80.9903447178215,15.8056172634669));
#653=CARTESIAN_POINT('',(-243.473093149898,78.2168921388279,16.3921013640985));
#654=CARTESIAN_POINT('',(-247.734066568451,81.0943162512184,15.9150506773846));
#655=CARTESIAN_POINT('',(-243.310013425941,78.393728405389,16.4457027182527));
#656=CARTESIAN_POINT('',(-247.460816676108,81.3158685642397,16.1262866520739));
#657=CARTESIAN_POINT('',(-242.997505947891,78.7634937791215,16.5389368831009));
#658=CARTESIAN_POINT('',(-247.326540578893,81.4340672352738,16.2285963674297));
#659=CARTESIAN_POINT('',(-242.848640730706,78.9554563674541,16.5802015129018));
#660=CARTESIAN_POINT('',(-247.0700851132,81.689783476166,16.420621005263));
#661=CARTESIAN_POINT('',(-242.568208945294,79.3541862612133,16.6549443947013));
#662=CARTESIAN_POINT('',(-246.946946958906,81.8280707667845,16.5111950967833));
#663=CARTESIAN_POINT('',(-242.436864970574,79.5600681218061,16.6883004152076));
#664=CARTESIAN_POINT('',(-246.778798660702,82.0564643205646,16.6308868573425));
#665=CARTESIAN_POINT('',(-242.254607104262,79.8789106925376,16.7351175086374));
#666=CARTESIAN_POINT('',(-246.725667691673,82.1361637625906,16.668559056469));
#667=CARTESIAN_POINT('',(-242.196816435809,79.9857518163599,16.7495335676074));
#668=CARTESIAN_POINT('',(-246.627670516437,82.3014768962208,16.7398502720585));
#669=CARTESIAN_POINT('',(-242.085285967566,80.2043824108732,16.7780523995588));
#670=CARTESIAN_POINT('',(-246.582452065791,82.3879302648257,16.7733226277474));
#671=CARTESIAN_POINT('',(-242.032629356001,80.3143852182415,16.7912818760086));
#672=CARTESIAN_POINT('',(-246.461834727044,82.6555664033639,16.8647268355335));
#673=CARTESIAN_POINT('',(-241.88135998931,80.6506963788045,16.8288007171749));
#674=CARTESIAN_POINT('',(-246.401081365703,82.8491820658134,16.9099650170501));
#675=CARTESIAN_POINT('',(-241.792027203029,80.8786209871851,16.8511465523891));
#676=CARTESIAN_POINT('',(-246.328173271451,83.2499073409479,16.9594115746121));
#677=CARTESIAN_POINT('',(-241.635587179687,81.3445837751132,16.8897605910096));
#678=CARTESIAN_POINT('',(-246.315738893938,83.4574588954905,16.9637391723453));
#679=CARTESIAN_POINT('',(-241.568952671977,81.581608786623,16.9057002909612));
#680=CARTESIAN_POINT('',(-246.329606790472,83.8663514576504,16.9374528332036));
#681=CARTESIAN_POINT('',(-241.458854616135,82.0611809381062,16.931576815465));
#682=CARTESIAN_POINT('',(-246.355235251416,84.0690631937341,16.9074662979331));
#683=CARTESIAN_POINT('',(-241.415789494932,82.3039987157795,16.9415528428574));
#684=CARTESIAN_POINT('',(-246.429815906609,84.4644612296757,16.8277918516934));
#685=CARTESIAN_POINT('',(-241.353170623734,82.7925938762355,16.9548629943166));
#686=CARTESIAN_POINT('',(-246.478593214761,84.658299071808,16.7782123333023));
#687=CARTESIAN_POINT('',(-241.333506265703,83.0385151657226,16.9582261594468));
#688=CARTESIAN_POINT('',(-246.646332319919,85.2276533772828,16.6123915722701));
#689=CARTESIAN_POINT('',(-241.308909106652,83.7781792435867,16.9570845714526));
#690=CARTESIAN_POINT('',(-246.784578168656,85.5919132552871,16.4832463403749));
#691=CARTESIAN_POINT('',(-241.338438438036,84.2708296978952,16.9410150411788));
#692=CARTESIAN_POINT('',(-247.081516898624,86.3087275048541,16.2127569572513));
#693=CARTESIAN_POINT('',(-241.476105750163,85.2455167355291,16.8694407081958));
#694=CARTESIAN_POINT('',(-247.240722171784,86.6591793619712,16.0708760643951));
#695=CARTESIAN_POINT('',(-241.583280644198,85.723592880365,16.8134803765506));
#696=CARTESIAN_POINT('',(-247.567725513866,87.3545943714128,15.7818626490112));
#697=CARTESIAN_POINT('',(-241.852730123416,86.659700622253,16.655380508133));
#698=CARTESIAN_POINT('',(-247.73550489575,87.6988431701379,15.6340850415234));
#699=CARTESIAN_POINT('',(-242.013979098008,87.114734362739,16.5550395823164));
#700=CARTESIAN_POINT('',(-248.07254893493,88.385145169008,15.3338939060074));
#701=CARTESIAN_POINT('',(-242.366115931543,88.0036340492899,16.313899503396));
#702=CARTESIAN_POINT('',(-248.241525065469,88.7262033944435,15.1811362944022));
#703=CARTESIAN_POINT('',(-242.556308461824,88.4368417797805,16.1755345211346));
#704=CARTESIAN_POINT('',(-248.575033735336,89.4104124921543,14.8719100436235));
#705=CARTESIAN_POINT('',(-242.949487919795,89.2889329916682,15.8741263067846));
#706=CARTESIAN_POINT('',(-248.739148575028,89.7522459956673,14.716264718059));
#707=CARTESIAN_POINT('',(-243.152239662611,89.707803134032,15.7095822442313));
#708=CARTESIAN_POINT('',(-249.058110127429,90.4424704955641,14.4057359833108));
#709=CARTESIAN_POINT('',(-243.5579384124,90.5358990002271,15.3634529922479));
#710=CARTESIAN_POINT('',(-249.212442050098,90.7898169190817,14.2513631561492));
#711=CARTESIAN_POINT('',(-243.76137630239,90.9452713306691,15.1779954862951));
#712=CARTESIAN_POINT('',(-249.506575633642,91.4945643912885,13.9480449809294));
#713=CARTESIAN_POINT('',(-244.156667296576,91.7588099928632,14.7863153267299));
#714=CARTESIAN_POINT('',(-249.645653403383,91.8505099238621,13.7996269627866));
#715=CARTESIAN_POINT('',(-244.349007590135,92.1633244523516,14.5797274943922));
#716=CARTESIAN_POINT('',(-249.905321549707,92.5753258718153,13.5127488780341));
#717=CARTESIAN_POINT('',(-244.710159638747,92.9740394719955,14.1517312164934));
#718=CARTESIAN_POINT('',(-250.024617519336,92.9428899192367,13.3735156016235));
#719=CARTESIAN_POINT('',(-244.879024741935,93.3806806421626,13.9303357632866));
#720=CARTESIAN_POINT('',(-250.157669471083,93.4105249793031,13.2105120370565));
#721=CARTESIAN_POINT('',(-245.068626318505,93.8988069351381,13.6552725575475));
#722=CARTESIAN_POINT('',(-250.183549574019,93.5045620309563,13.1784974435939));
#723=CARTESIAN_POINT('',(-245.105486687635,94.0028794088919,13.6015065950565));
#724=CARTESIAN_POINT('',(-250.233648308113,93.6934469299885,13.11581868931));
#725=CARTESIAN_POINT('',(-245.176467419298,94.2112214467811,13.4898260251905));
#726=CARTESIAN_POINT('',(-250.257917251116,93.7884292708644,13.0851279206981));
#727=CARTESIAN_POINT('',(-245.21049833554,94.3156227621109,13.4339776854201));
#728=CARTESIAN_POINT('',(-250.328188122013,94.0747982573453,12.9953955272422));
#729=CARTESIAN_POINT('',(-245.308591195442,94.631394611931,13.2690534454517));
#730=CARTESIAN_POINT('',(-250.371551508041,94.2670499658648,12.9388446786018));
#731=CARTESIAN_POINT('',(-245.368630773849,94.8452620529441,13.1616700081025));
#732=CARTESIAN_POINT('',(-250.450973031323,94.6558170756103,12.8336177139523));
#733=CARTESIAN_POINT('',(-245.476145697732,95.2814855875536,12.9599184396784));
#734=CARTESIAN_POINT('',(-250.486924070697,94.8517633120998,12.7850818102866));
#735=CARTESIAN_POINT('',(-245.523971911267,95.5046405362365,12.8646884871513));
#736=CARTESIAN_POINT('',(-250.550750665295,95.2486245809512,12.6977361025348));
#737=CARTESIAN_POINT('',(-245.603291971704,95.9608940183213,12.6976248069999));
#738=CARTESIAN_POINT('',(-250.578320857749,95.4474441498874,12.6593468388977));
#739=CARTESIAN_POINT('',(-245.635197016117,96.1957474064011,12.6250040333313));
#740=CARTESIAN_POINT('',(-250.613006176923,95.7500905793518,12.6105018373767));
#741=CARTESIAN_POINT('',(-245.665997780803,96.5558183604196,12.5508327121323));
#742=CARTESIAN_POINT('',(-250.623340120279,95.850761603094,12.5958392135093));
#743=CARTESIAN_POINT('',(-245.673429813383,96.678117647602,12.5320614105188));
#744=CARTESIAN_POINT('',(-250.641687425044,96.0541471450274,12.5696590033184));
#745=CARTESIAN_POINT('',(-245.681390191795,96.9232479463366,12.5112168420498));
#746=CARTESIAN_POINT('',(-250.649554509225,96.1552128121975,12.5583504137167));
#747=CARTESIAN_POINT('',(-245.68172476424,97.0467997310284,12.5102295196212));
#748=CARTESIAN_POINT('',(-250.669461871585,96.4615299596273,12.5295865672755));
#749=CARTESIAN_POINT('',(-245.671442134081,97.4156508383787,12.5375107729852));
#750=CARTESIAN_POINT('',(-250.677509188946,96.6660792894068,12.5177335416408));
#751=CARTESIAN_POINT('',(-245.650676074786,97.6578623898398,12.5894396539569));
#752=CARTESIAN_POINT('',(-250.682313067152,97.0771058338995,12.5106113641991));
#753=CARTESIAN_POINT('',(-245.590314188258,98.126592860767,12.7254689388076));
#754=CARTESIAN_POINT('',(-250.678890174132,97.2820455605868,12.5157422131411));
#755=CARTESIAN_POINT('',(-245.55051928748,98.3559559537302,12.810589771823));
#756=CARTESIAN_POINT('',(-250.661200510246,97.6915398014382,12.5415587582852));
#757=CARTESIAN_POINT('',(-245.457282223436,98.8020538982316,12.9961562041712));
#758=CARTESIAN_POINT('',(-250.646978803204,97.8952681662383,12.5621594818926));
#759=CARTESIAN_POINT('',(-245.403537732524,99.020987961246,13.0979269648581));
#760=CARTESIAN_POINT('',(-250.608760657969,98.3005173522447,12.6165780449149));
#761=CARTESIAN_POINT('',(-245.284970043082,99.4493496942293,13.3097531575845));
#762=CARTESIAN_POINT('',(-250.584814593107,98.5015657918266,12.6503230359131));
#763=CARTESIAN_POINT('',(-245.219835473649,99.6599027058303,13.4204236544957));
#764=CARTESIAN_POINT('',(-250.54232079684,98.8009904883126,12.7091977466746));
#765=CARTESIAN_POINT('',(-245.114378849237,99.9716554360969,13.588191390466));
#766=CARTESIAN_POINT('',(-250.527128069317,98.8999983801916,12.7301063064205));
#767=CARTESIAN_POINT('',(-245.077570800388,100.076130746715,13.6420566700289));
#768=CARTESIAN_POINT('',(-250.494511625294,99.0982117363822,12.7746279696442));
#769=CARTESIAN_POINT('',(-245.001962564642,100.283848941477,13.752300061919));
#770=CARTESIAN_POINT('',(-250.477249681818,99.1964307737768,12.7980211783665));
#771=CARTESIAN_POINT('',(-244.963266536972,100.386691535975,13.8070690517271));
#772=CARTESIAN_POINT('',(-250.38592401257,99.6860578493649,12.9207172707669));
#773=CARTESIAN_POINT('',(-244.764191079806,100.900642246943,14.0824318979956));
#774=CARTESIAN_POINT('',(-250.297349980317,100.070701173506,13.0365518055813));
#775=CARTESIAN_POINT('',(-244.58880372222,101.305947973738,14.3018177406322));
#776=CARTESIAN_POINT('',(-250.094796223089,100.825083792131,13.2890338656489));
#777=CARTESIAN_POINT('',(-244.217607633681,102.115843164655,14.7226338042469));
#778=CARTESIAN_POINT('',(-249.980763673643,101.195128847719,13.4257678842923));
#779=CARTESIAN_POINT('',(-244.021714144529,102.521045297132,14.9244297882695));
#780=CARTESIAN_POINT('',(-249.729767978216,101.924241304846,13.7082528610011));
#781=CARTESIAN_POINT('',(-243.621987036819,103.336822620249,15.3071215563994));
#782=CARTESIAN_POINT('',(-249.594116184816,102.282995374344,13.8550868347774));
#783=CARTESIAN_POINT('',(-243.417500010185,103.748466309604,15.4858343868439));
#784=CARTESIAN_POINT('',(-249.306755703333,102.990872456538,14.1554825445254));
#785=CARTESIAN_POINT('',(-243.012747354133,104.581201844673,15.8232919524736));
#786=CARTESIAN_POINT('',(-249.155059461596,103.340035853219,14.3090849317334));
#787=CARTESIAN_POINT('',(-242.811859022192,105.002131917319,15.9823956858794));
#788=CARTESIAN_POINT('',(-248.84050879887,104.032493774274,14.6187707790012));
#789=CARTESIAN_POINT('',(-242.425210406696,105.861778546802,16.2712297464106));
#790=CARTESIAN_POINT('',(-248.677672293947,104.375817734775,14.7748325797175));
#791=CARTESIAN_POINT('',(-242.239883022598,106.299487372007,16.4029971786573));
#792=CARTESIAN_POINT('',(-248.346531017394,105.060109505828,15.0847802543963));
#793=CARTESIAN_POINT('',(-241.902356862128,107.198759217839,16.6258614953798));
#794=CARTESIAN_POINT('',(-248.178176102626,105.401059073679,15.2386097293956));
#795=CARTESIAN_POINT('',(-241.751198094224,107.659842203549,16.7162764304789));
#796=CARTESIAN_POINT('',(-247.840865254688,106.086037583146,15.5408396626252));
#797=CARTESIAN_POINT('',(-241.508036876922,108.605228826592,16.8541018754486));
#798=CARTESIAN_POINT('',(-247.672372523507,106.429295863045,15.6895192490578));
#799=CARTESIAN_POINT('',(-241.416530368096,109.08915695562,16.8999813794231));
#800=CARTESIAN_POINT('',(-247.341798036218,107.122642762311,15.9814896271209));
#801=CARTESIAN_POINT('',(-241.315637755085,110.067843024134,16.9538040593623));
#802=CARTESIAN_POINT('',(-247.179992112928,107.471224847851,16.1245560193826));
#803=CARTESIAN_POINT('',(-241.306268812043,110.563517810963,16.9619855092296));
#804=CARTESIAN_POINT('',(-246.874753864774,108.181544506758,16.4003742854587));
#805=CARTESIAN_POINT('',(-241.381362435854,111.545637499446,16.9500693264964));
#806=CARTESIAN_POINT('',(-246.730179021653,108.543111251533,16.5333281668534));
#807=CARTESIAN_POINT('',(-241.46542973036,112.033620585746,16.9302274415747));
#808=CARTESIAN_POINT('',(-246.546478457619,109.103274665542,16.7106933104188));
#809=CARTESIAN_POINT('',(-241.662970837046,112.744564984251,16.8831174473815));
#810=CARTESIAN_POINT('',(-246.491042905697,109.293471235912,16.7656630995115));
#811=CARTESIAN_POINT('',(-241.740164055198,112.97789848591,16.8640019046632));
#812=CARTESIAN_POINT('',(-246.398858297062,109.681844984116,16.8601540438814));
#813=CARTESIAN_POINT('',(-241.917395862909,113.435484184243,16.8197767548766));
#814=CARTESIAN_POINT('',(-246.361903143626,109.881281554977,16.8998529818601));
#815=CARTESIAN_POINT('',(-242.01742513771,113.660160394073,16.7953051946044));
#816=CARTESIAN_POINT('',(-246.319291888042,110.285420523752,16.9519443496621));
#817=CARTESIAN_POINT('',(-242.23800927039,114.097000869696,16.7391595947334));
#818=CARTESIAN_POINT('',(-246.313934635909,110.492525644303,16.9635050168175));
#819=CARTESIAN_POINT('',(-242.358785760299,114.309965529776,16.7086604808621));
#820=CARTESIAN_POINT('',(-246.348286938593,110.90099238317,16.9470883001366));
#821=CARTESIAN_POINT('',(-242.61943875546,114.722764980978,16.6414284077509));
#822=CARTESIAN_POINT('',(-246.388764372071,111.102625897813,16.9186709351127));
#823=CARTESIAN_POINT('',(-242.759034669527,114.922614526983,16.6047614875757));
#824=CARTESIAN_POINT('',(-246.515402593688,111.481795446552,16.8246426848177));
#825=CARTESIAN_POINT('',(-243.055359179135,115.308432672214,16.5220434492218));
#826=CARTESIAN_POINT('',(-246.600459975921,111.658431000334,16.7586716001138));
#827=CARTESIAN_POINT('',(-243.210970792392,115.493445780016,16.4765366992852));
#828=CARTESIAN_POINT('',(-246.802383850953,111.985945638304,16.6139271546463));
#829=CARTESIAN_POINT('',(-243.536095125193,115.849329983867,16.3710736117769));
#830=CARTESIAN_POINT('',(-246.917836586333,112.135016119871,16.5325655770467));
#831=CARTESIAN_POINT('',(-243.704835047599,116.019436501019,16.3129727696479));
#832=CARTESIAN_POINT('',(-247.164061710755,112.409677399784,16.3507441515017));
#833=CARTESIAN_POINT('',(-244.051734478306,116.344850956036,16.1852055894669));
#834=CARTESIAN_POINT('',(-247.293957695381,112.53483348035,16.2532497225712));
#835=CARTESIAN_POINT('',(-244.230100580562,116.500232502576,16.1133555817061));
#836=CARTESIAN_POINT('',(-247.562004893492,112.769603975646,16.0485265262462));
#837=CARTESIAN_POINT('',(-244.59186065887,116.796281212781,15.9592391638865));
#838=CARTESIAN_POINT('',(-247.699604433434,112.87861284565,15.9419394782258));
#839=CARTESIAN_POINT('',(-244.776068825419,116.937405780032,15.8748354067147));
#840=CARTESIAN_POINT('',(-248.117689805993,113.188674511779,15.6130830859835));
#841=CARTESIAN_POINT('',(-245.330800749886,117.340875429839,15.5988888466556));
#842=CARTESIAN_POINT('',(-248.403262082453,113.373638447463,15.3825504102262));
#843=CARTESIAN_POINT('',(-245.70546382193,117.584690154885,15.3894409066659));
#844=CARTESIAN_POINT('',(-248.975552143483,113.721994664286,14.9076777145309));
#845=CARTESIAN_POINT('',(-246.446055518096,118.036110924346,14.9199983383052));
#846=CARTESIAN_POINT('',(-249.26189006454,113.884655110774,14.6632535640219));
#847=CARTESIAN_POINT('',(-246.809833489841,118.242651132344,14.6578535064361));
#848=CARTESIAN_POINT('',(-249.687285756717,114.121616831117,14.2853470720505));
#849=CARTESIAN_POINT('',(-247.33642155636,118.535211271115,14.2300892743414));
#850=CARTESIAN_POINT('',(-249.827699052169,114.198919014486,14.1581061060778));
#851=CARTESIAN_POINT('',(-247.508292775253,118.62952429764,14.0800091141099));
#852=CARTESIAN_POINT('',(-250.107302240024,114.352335863326,13.8984630580143));
#853=CARTESIAN_POINT('',(-247.843200824881,118.813013140441,13.7689783710239));
#854=CARTESIAN_POINT('',(-250.245249686535,114.42772958983,13.7672200375579));
#855=CARTESIAN_POINT('',(-248.006854408585,118.90255125871,13.6073506713822));
#856=CARTESIAN_POINT('',(-250.51813961388,114.577302644759,13.4993975328705));
#857=CARTESIAN_POINT('',(-248.32320499052,119.076755189251,13.2722115690358));
#858=CARTESIAN_POINT('',(-250.652957658105,114.651399772043,13.3629218713172));
#859=CARTESIAN_POINT('',(-248.476229447668,119.161405233101,13.0977294373976));
#860=CARTESIAN_POINT('',(-250.850436864016,114.761079701595,13.154449872039));
#861=CARTESIAN_POINT('',(-248.672233157558,119.272623600393,12.8044752726533));
#862=CARTESIAN_POINT('',(-250.91606400997,114.797731214848,13.0836767714772));
#863=CARTESIAN_POINT('',(-248.731878732034,119.307111341366,12.7015765334145));
#864=CARTESIAN_POINT('',(-251.044505058556,114.870037762254,12.9415589510955));
#865=CARTESIAN_POINT('',(-248.848729366925,119.376216000799,12.4962115883316));
#866=CARTESIAN_POINT('',(-251.10818135212,114.906198461832,12.8693334475153));
#867=CARTESIAN_POINT('',(-248.906163907479,119.410943294223,12.3927163622364));
#868=CARTESIAN_POINT('',(-251.295173005641,115.013522832911,12.6500444421447));
#869=CARTESIAN_POINT('',(-249.0780335958,119.517001420442,12.0835444839965));
#870=CARTESIAN_POINT('',(-251.414906527183,115.084239929962,12.4983145422761));
#871=CARTESIAN_POINT('',(-249.194839986351,119.592112517193,11.879682378054));
#872=CARTESIAN_POINT('',(-251.658786367,115.233533702044,12.2039386164178));
#873=CARTESIAN_POINT('',(-249.438875284668,119.755443178615,11.4839925951014));
#874=CARTESIAN_POINT('',(-251.780324175434,115.310303493358,12.0576586664094));
#875=CARTESIAN_POINT('',(-249.564451896962,119.84251577969,11.2906138625429));
#876=CARTESIAN_POINT('',(-252.146131342746,115.548090681256,11.6234449567622));
#877=CARTESIAN_POINT('',(-249.95012522143,120.117972721424,10.7228475170181));
#878=CARTESIAN_POINT('',(-252.390893862636,115.716141082481,11.3389671969901));
#879=CARTESIAN_POINT('',(-250.215407957574,120.318391531905,10.3586169825047));
#880=CARTESIAN_POINT('',(-252.880382164469,116.067324765424,10.7816215794816));
#881=CARTESIAN_POINT('',(-250.764516408091,120.750516114266,9.66319009839495));
#882=CARTESIAN_POINT('',(-253.125620496468,116.250794857744,10.5080903958065));
#883=CARTESIAN_POINT('',(-251.051351431848,120.983923901633,9.3366464953132));
#884=CARTESIAN_POINT('',(-253.616756406123,116.630629962466,9.97079479131075));
#885=CARTESIAN_POINT('',(-251.638638263296,121.467693164763,8.71029987138833));
#886=CARTESIAN_POINT('',(-253.862552948892,116.82687164272,9.70717175753182));
#887=CARTESIAN_POINT('',(-251.944495641909,121.72291511556,8.41781475612473));
#888=CARTESIAN_POINT('',(-254.357837072572,117.22895696914,9.19028609612802));
#889=CARTESIAN_POINT('',(-252.580050123672,122.244499691994,7.87600862506434));
#890=CARTESIAN_POINT('',(-254.607151417974,117.434741160206,8.93699744543219));
#891=CARTESIAN_POINT('',(-252.910924797194,122.512091144132,7.62391715225117));
#892=CARTESIAN_POINT('',(-255.112091863353,117.853128189133,8.443269541893));
#893=CARTESIAN_POINT('',(-253.600465232225,123.047863878156,7.16863981697296));
#894=CARTESIAN_POINT('',(-255.368439818412,118.065756265186,8.20252036567423));
#895=CARTESIAN_POINT('',(-253.960887144523,123.317626190014,6.9643349930822));
#896=CARTESIAN_POINT('',(-255.893742378698,118.49344489041,7.7390548988219));
#897=CARTESIAN_POINT('',(-254.714289511404,123.844611238371,6.6104641255233));
#898=CARTESIAN_POINT('',(-256.163107168198,118.708954340554,7.51581211019593));
#899=CARTESIAN_POINT('',(-255.106806735384,124.101429538432,6.45647333057651));
#900=CARTESIAN_POINT('',(-256.722237470895,119.138695489079,7.09555536564903));
#901=CARTESIAN_POINT('',(-255.922304774324,124.58938593797,6.19394775534338));
#902=CARTESIAN_POINT('',(-257.01224386415,119.353223270399,6.89871627757513));
#903=CARTESIAN_POINT('',(-256.344725008504,124.82011788068,6.08526342746534));
#904=CARTESIAN_POINT('',(-257.621466074974,119.771875690816,6.54077347277794));
#905=CARTESIAN_POINT('',(-257.216578494029,125.243784811199,5.90567988499544));
#906=CARTESIAN_POINT('',(-257.940322644237,119.975741598199,6.38014248131272));
#907=CARTESIAN_POINT('',(-257.665215594692,125.436438811431,5.83347854272857));
#908=CARTESIAN_POINT('',(-258.610874389474,120.361162979606,6.10373905923031));
#909=CARTESIAN_POINT('',(-258.583500012908,125.775968841876,5.71659765428998));
#910=CARTESIAN_POINT('',(-258.962057584206,120.541632479131,5.98795831534783));
#911=CARTESIAN_POINT('',(-259.052383417056,125.922831414792,5.67181232834064));
#912=CARTESIAN_POINT('',(-259.69408792584,120.862816437828,5.80033082665684));
#913=CARTESIAN_POINT('',(-260.00479945674,126.166841741523,5.60348066113248));
#914=CARTESIAN_POINT('',(-260.074622047566,121.003020784425,5.72843274795684));
#915=CARTESIAN_POINT('',(-260.488420580138,126.263805019583,5.57900850447913));
#916=CARTESIAN_POINT('',(-260.855713883632,121.23236071734,5.62221294512983));
#917=CARTESIAN_POINT('',(-261.462923289131,126.405957735486,5.54528711479723));
#918=CARTESIAN_POINT('',(-261.256319645284,121.321204324503,5.58676702186429));
#919=CARTESIAN_POINT('',(-261.954700326499,126.451324377566,5.53596316988203));
#920=CARTESIAN_POINT('',(-262.06712379295,121.4427735068,5.54147199103503));
#921=CARTESIAN_POINT('',(-262.939123536144,126.490520739755,5.52848426094417));
#922=CARTESIAN_POINT('',(-262.477101014535,121.47574514579,5.531849035095));
#923=CARTESIAN_POINT('',(-263.43328630793,126.484742162362,5.52933061272569));
#924=CARTESIAN_POINT('',(-263.298001892142,121.487024076979,5.52871795664556));
#925=CARTESIAN_POINT('',(-264.416482066828,126.421865310636,5.54214028735856));
#926=CARTESIAN_POINT('',(-263.708981500485,121.465653283987,5.53418517778417));
#927=CARTESIAN_POINT('',(-264.906393298144,126.364713799963,5.55450913610784));
#928=CARTESIAN_POINT('',(-264.52340131426,121.367167547228,5.56900273890829));
#929=CARTESIAN_POINT('',(-265.877264830661,126.198869450342,5.59554760812597));
#930=CARTESIAN_POINT('',(-264.926617675704,121.290017752912,5.59848848848183));
#931=CARTESIAN_POINT('',(-266.358284056323,126.090109928691,5.62384062139829));
#932=CARTESIAN_POINT('',(-265.715772469401,121.08214545074,5.69007080352696));
#933=CARTESIAN_POINT('',(-267.303418651594,125.82346215837,5.70215924654064));
#934=CARTESIAN_POINT('',(-266.101169553879,120.952027193958,5.75338295808768));
#935=CARTESIAN_POINT('',(-267.768498523784,125.665648678251,5.75256493096761));
#936=CARTESIAN_POINT('',(-266.84497995785,120.648125047637,5.9230466545669));
#937=CARTESIAN_POINT('',(-268.676816043736,125.305563377692,5.88259362944047));
#938=CARTESIAN_POINT('',(-267.202952901709,120.474655256549,6.02948763001935));
#939=CARTESIAN_POINT('',(-269.120415055021,125.103079741964,5.96198215638029));
#940=CARTESIAN_POINT('',(-267.886509317388,120.100052617533,6.28718919652772));
#941=CARTESIAN_POINT('',(-269.979463268397,124.662862048932,6.15894534209209));
#942=CARTESIAN_POINT('',(-268.212356633543,119.899400862861,6.43901672913447));
#943=CARTESIAN_POINT('',(-270.39583391349,124.424621910772,6.27771470757663));
#944=CARTESIAN_POINT('',(-268.833689734354,119.485830300696,6.78152855956025));
#945=CARTESIAN_POINT('',(-271.197005026375,123.925730534289,6.56103332708032));
#946=CARTESIAN_POINT('',(-269.12881077289,119.272879595966,6.97141357309587));
#947=CARTESIAN_POINT('',(-271.582389368851,123.66460815839,6.72529177292247));
#948=CARTESIAN_POINT('',(-269.697252087513,118.843662231672,7.38035814287161));
#949=CARTESIAN_POINT('',(-272.32175715727,123.132003987633,7.10275790368291));
#950=CARTESIAN_POINT('',(-269.969972216801,118.62819515243,7.59881944641501));
#951=CARTESIAN_POINT('',(-272.673485122932,122.862791869441,7.3190125505367));
#952=CARTESIAN_POINT('',(-270.501623817237,118.199024848742,8.05506559799368));
#953=CARTESIAN_POINT('',(-273.350593967223,122.327839128127,7.79559900310014));
#954=CARTESIAN_POINT('',(-270.759690971899,117.98588732242,8.29223203798097));
#955=CARTESIAN_POINT('',(-273.675054433049,122.062481962144,8.05716555948196));
#956=CARTESIAN_POINT('',(-271.141144621666,117.670003498583,8.65855829480854));
#957=CARTESIAN_POINT('',(-274.143684999118,121.67559018007,8.47777799261421));
#958=CARTESIAN_POINT('',(-271.266918667744,117.565685547775,8.78208213649385));
#959=CARTESIAN_POINT('',(-274.296360303897,121.548916686507,8.62312528135342));
#960=CARTESIAN_POINT('',(-271.517868504806,117.35839143946,9.03283094789072));
#961=CARTESIAN_POINT('',(-274.596937408609,121.300059205101,8.92560519718326));
#962=CARTESIAN_POINT('',(-271.642503896957,117.25586137186,9.15951070256556));
#963=CARTESIAN_POINT('',(-274.743404840553,121.179179055569,9.08127521442937));
#964=CARTESIAN_POINT('',(-271.891074274424,117.052757549486,9.41589472854301));
#965=CARTESIAN_POINT('',(-275.033587223292,120.941743151618,9.40166473254936));
#966=CARTESIAN_POINT('',(-272.014517109285,116.952601986755,9.54508583558817));
#967=CARTESIAN_POINT('',(-275.176620527127,120.825632769873,9.56512132066538));
#968=CARTESIAN_POINT('',(-272.261260309355,116.754457865159,9.80658365352161));
#969=CARTESIAN_POINT('',(-275.457928443044,120.600461815309,9.90232674324371));
#970=CARTESIAN_POINT('',(-272.384353476196,116.65665123307,9.9386635308558));
#971=CARTESIAN_POINT('',(-275.594861404786,120.492415843271,10.0753878648648));
#972=CARTESIAN_POINT('',(-272.75288684265,116.367909352204,10.3384884483228));
#973=CARTESIAN_POINT('',(-276.000150476425,120.179257517957,10.608998018831));
#974=CARTESIAN_POINT('',(-272.998493560247,116.181341020526,10.6101885715671));
#975=CARTESIAN_POINT('',(-276.262938913149,119.985520489452,10.9792947146057));
#976=CARTESIAN_POINT('',(-273.36580804187,115.913198283884,11.0248881034462));
#977=CARTESIAN_POINT('',(-276.64029242261,119.723394177322,11.5581194669865));
#978=CARTESIAN_POINT('',(-273.488199622323,115.825658741149,11.1644745204387));
#979=CARTESIAN_POINT('',(-276.762569046752,119.641267661005,11.7554319464225));
#980=CARTESIAN_POINT('',(-273.73285737412,115.654645757749,11.4464287117279));
#981=CARTESIAN_POINT('',(-276.998716350331,119.488838259151,12.160751327232));
#982=CARTESIAN_POINT('',(-273.854930232779,115.571298567949,11.5885701443796));
#983=CARTESIAN_POINT('',(-277.111261445136,119.419193093506,12.3683825944694));
#984=CARTESIAN_POINT('',(-274.038324363068,115.449330402585,11.8044018734068));
#985=CARTESIAN_POINT('',(-277.286188215284,119.315330684176,12.6770958959492));
#986=CARTESIAN_POINT('',(-274.099049953402,115.409482272331,11.8762471974786));
#987=CARTESIAN_POINT('',(-277.345160189266,119.281122626233,12.7799329795239));
#988=CARTESIAN_POINT('',(-274.221117959056,115.330501297604,12.0214420544316));
#989=CARTESIAN_POINT('',(-277.473659899843,119.207987642777,12.9766422606138));
#990=CARTESIAN_POINT('',(-274.282205790035,115.291542706584,12.0944923515662));
#991=CARTESIAN_POINT('',(-277.54436358741,119.168366250987,13.0705650201495));
#992=CARTESIAN_POINT('',(-274.403685945518,115.215228618307,12.2405583396295));
#993=CARTESIAN_POINT('',(-277.691573598391,119.086480153679,13.2492298466179));
#994=CARTESIAN_POINT('',(-274.464580536647,115.177555115999,12.314143285566));
#995=CARTESIAN_POINT('',(-277.769581797821,119.043374339967,13.3359146553514));
#996=CARTESIAN_POINT('',(-274.586324491683,115.103455510818,12.4621968239868));
#997=CARTESIAN_POINT('',(-277.926864621077,118.956738419807,13.503581777463));
#998=CARTESIAN_POINT('',(-274.647043627356,115.067096016628,12.5361387362058));
#999=CARTESIAN_POINT('',(-278.007235447355,118.912610823987,13.5861276538903));
#1000=CARTESIAN_POINT('',(-274.82874876447,114.960219464611,12.7607535166084));
#1001=CARTESIAN_POINT('',(-278.25162741616,118.778598343933,13.8292986919213));
#1002=CARTESIAN_POINT('',(-274.954566668458,114.888512043125,12.9060825721077));
#1003=CARTESIAN_POINT('',(-278.418678830389,118.687322889864,13.9851601342527));
#1004=CARTESIAN_POINT('',(-275.213595784199,114.743056754229,13.1901485380747));
#1005=CARTESIAN_POINT('',(-278.761483544885,118.498758333063,14.2854752098817));
#1006=CARTESIAN_POINT('',(-275.345799654458,114.669922473286,13.3282775859212));
#1007=CARTESIAN_POINT('',(-278.936754683921,118.401852958965,14.4289380169999));
#1008=CARTESIAN_POINT('',(-275.615333299536,114.521651054427,13.6002743639706));
#1009=CARTESIAN_POINT('',(-279.29391639008,118.200688865786,14.7026396174322));
#1010=CARTESIAN_POINT('',(-275.752459796044,114.446653947083,13.733874866569));
#1011=CARTESIAN_POINT('',(-279.474976517503,118.097036505516,14.8343696557813));
#1012=CARTESIAN_POINT('',(-276.028952650705,114.295257422695,13.9962030069029));
#1013=CARTESIAN_POINT('',(-279.841509427485,117.881051102689,15.0827748103595));
#1014=CARTESIAN_POINT('',(-276.169047286271,114.218478044501,14.1255944308321));
#1015=CARTESIAN_POINT('',(-280.026760642395,117.768802244063,15.2007448092225));
#1016=CARTESIAN_POINT('',(-276.450782069984,114.062836097154,14.3802787173926));
#1017=CARTESIAN_POINT('',(-280.398154981057,117.534643790748,15.4241965852088));
#1018=CARTESIAN_POINT('',(-276.592560750829,113.98392654339,14.5056980655891));
#1019=CARTESIAN_POINT('',(-280.584563214018,117.412564977868,15.5294819301218));
#1020=CARTESIAN_POINT('',(-276.877663931875,113.822522253273,14.7534355866746));
#1021=CARTESIAN_POINT('',(-280.957075253001,117.15615077541,15.7267782369719));
#1022=CARTESIAN_POINT('',(-277.020544090431,113.740253519003,14.8753617394161));
#1023=CARTESIAN_POINT('',(-281.141595050115,117.022959983981,15.8200286373008));
#1024=CARTESIAN_POINT('',(-277.450002851593,113.48559723491,15.2360977758973));
#1025=CARTESIAN_POINT('',(-281.69322296647,116.600640459091,16.0739063288153));
#1026=CARTESIAN_POINT('',(-277.73649425193,113.306524798261,15.4697559142318));
#1027=CARTESIAN_POINT('',(-282.052199318954,116.292471457926,16.2172991006533));
#1028=CARTESIAN_POINT('',(-278.15860229156,113.009655280236,15.8056172387003));
#1029=CARTESIAN_POINT('',(-282.559138581135,115.783028961637,16.3921268332442));
#1030=CARTESIAN_POINT('',(-278.298092334623,112.905683753775,15.9150507637494));
#1031=CARTESIAN_POINT('',(-282.722016947642,115.606383546696,16.4456265058071));
#1032=CARTESIAN_POINT('',(-278.571342166081,112.684131418991,16.126286346973));
#1033=CARTESIAN_POINT('',(-283.034728810107,115.236461285717,16.5390064444843));
#1034=CARTESIAN_POINT('',(-278.705618460267,112.565932816959,16.2285973215744));
#1035=CARTESIAN_POINT('',(-283.183463441505,115.044536273294,16.5802171764104));
#1036=CARTESIAN_POINT('',(-278.962073255287,112.310216341497,16.4206176737092));
#1037=CARTESIAN_POINT('',(-283.46406248719,114.645814568549,16.6547770328794));
#1038=CARTESIAN_POINT('',(-279.085213560019,112.171929802807,16.511205505968));
#1039=CARTESIAN_POINT('',(-283.595299441335,114.439724173946,16.6884956812901));
#1040=CARTESIAN_POINT('',(-279.253356370696,111.943534330309,16.6308622030112));
#1041=CARTESIAN_POINT('',(-283.777264867997,114.121699535991,16.7349872810854));
#1042=CARTESIAN_POINT('',(-279.359619811979,111.784195563709,16.7063610067408));
#1043=CARTESIAN_POINT('',(-283.893961224615,113.905800826383,16.7645039966848));
#1044=CARTESIAN_POINT('',(-279.494721877777,111.52618970513,16.8071769183571));
#1045=CARTESIAN_POINT('',(-284.052705632298,113.574820005696,16.8044823033085));
#1046=CARTESIAN_POINT('',(-279.600840663138,111.247762065214,16.8875952941685));
#1047=CARTESIAN_POINT('',(-284.195314411803,113.235673539573,16.840230764419));
#1048=CARTESIAN_POINT('',(-284.050016360935,113.57345906479,16.8037773290563));
#1049=CARTESIAN_POINT('',(-284.050016360935,113.57345906479,38.8037773290562));
#1050=CARTESIAN_POINT('',(-284.187394957464,113.268156989959,16.8384295686398));
#1051=CARTESIAN_POINT('',(-284.187394957464,113.268156989959,38.8384295686397));
#1052=CARTESIAN_POINT('',(-284.421335029853,112.636566865946,16.895783074553));
#1053=CARTESIAN_POINT('',(-284.421335029853,112.636566865946,38.8957830745529));
#1054=CARTESIAN_POINT('',(-284.636235606848,111.675260226722,16.9467474209283));
#1055=CARTESIAN_POINT('',(-284.636235606848,111.675260226722,38.9467474209282));
#1056=CARTESIAN_POINT('',(-284.722988649648,110.742568880452,16.9634567095094));
#1057=CARTESIAN_POINT('',(-284.722988649648,110.742568880452,38.9634567095094));
#1058=CARTESIAN_POINT('',(-284.710585173345,110.148407180091,16.9519841357405));
#1059=CARTESIAN_POINT('',(-284.710585173345,110.148407180091,38.9519841357404));
#1060=CARTESIAN_POINT('',(-284.689415968716,109.845021608747,16.9396699938086));
#1061=CARTESIAN_POINT('',(-284.689415968716,109.845021608747,38.9396699938085));
#1062=CARTESIAN_POINT('',(-284.686548114679,109.806499765456,16.9380575028822));
#1063=CARTESIAN_POINT('',(-284.686548114679,109.806499765456,38.9380575028821));
#1064=CARTESIAN_POINT('',(-284.683573222433,109.768730677464,16.9363578480263));
#1065=CARTESIAN_POINT('',(-284.683573222433,109.768730677464,38.9363578480262));
#1066=CARTESIAN_POINT('',(-284.658073384742,109.46347415056,16.922379149436));
#1067=CARTESIAN_POINT('',(-284.658073384743,109.46347415056,38.922379149436));
#1068=CARTESIAN_POINT('',(-284.585639510619,108.934162223863,16.8851918295057));
#1069=CARTESIAN_POINT('',(-284.585639510619,108.934162223863,38.8851918295056));
#1070=CARTESIAN_POINT('',(-284.439362392942,108.252814167892,16.8070587204525));
#1071=CARTESIAN_POINT('',(-284.439362392942,108.252814167892,38.8070587204524));
#1072=CARTESIAN_POINT('',(-284.275106192617,107.660643321676,16.712136591617));
#1073=CARTESIAN_POINT('',(-284.275106192617,107.660643321676,38.712136591617));
#1074=CARTESIAN_POINT('',(-284.096641694348,107.113566437712,16.6032401545041));
#1075=CARTESIAN_POINT('',(-284.096641694348,107.113566437712,38.6032401545041));
#1076=CARTESIAN_POINT('',(-283.904517278815,106.592267586499,16.4780863238851));
#1077=CARTESIAN_POINT('',(-283.904517278815,106.592267586499,38.478086323885));
#1078=CARTESIAN_POINT('',(-283.695789439717,106.075775908464,16.3336712266967));
#1079=CARTESIAN_POINT('',(-283.695789439717,106.075775908464,38.3336712266966));
#1080=CARTESIAN_POINT('',(-283.489113586228,105.597532507965,16.183610184909));
#1081=CARTESIAN_POINT('',(-283.489113586228,105.597532507965,38.1836101849089));
#1082=CARTESIAN_POINT('',(-283.286867676861,105.15100919866,16.0319211763017));
#1083=CARTESIAN_POINT('',(-283.286867676861,105.15100919866,38.0319211763016));
#1084=CARTESIAN_POINT('',(-283.081427102891,104.712753350539,15.8712304659127));
#1085=CARTESIAN_POINT('',(-283.081427102891,104.712753350539,37.8712304659127));
#1086=CARTESIAN_POINT('',(-282.868257458747,104.269167137603,15.698146016277));
#1087=CARTESIAN_POINT('',(-282.868257458747,104.269167137603,37.6981460162769));
#1088=CARTESIAN_POINT('',(-282.659682987769,103.842095203193,15.5227599586324));
#1089=CARTESIAN_POINT('',(-282.659682987769,103.842095203193,37.5227599586323));
#1090=CARTESIAN_POINT('',(-282.522182929146,103.562867528287,15.4024340441905));
#1091=CARTESIAN_POINT('',(-282.522182929146,103.562867528287,37.4024340441905));
#1092=CARTESIAN_POINT('',(-282.448257343326,103.412792695603,15.33610566901));
#1093=CARTESIAN_POINT('',(-282.448257343326,103.412792695603,37.3361056690099));
#1094=CARTESIAN_POINT('',(-282.433153040689,103.382133723003,15.3225474034696));
#1095=CARTESIAN_POINT('',(-282.433153040689,103.382133723003,37.3225474034696));
#1096=CARTESIAN_POINT('',(-282.418173470738,103.351727296652,15.3091193688268));
#1097=CARTESIAN_POINT('',(-282.418173470738,103.351727296652,37.3091193688267));
#1098=CARTESIAN_POINT('',(-282.251438967389,103.013351726116,15.1574308059715));
#1099=CARTESIAN_POINT('',(-282.251438967389,103.013351726116,37.1574308059714));
#1100=CARTESIAN_POINT('',(-281.948563067502,102.396621027715,14.865289183724));
#1101=CARTESIAN_POINT('',(-281.948563067502,102.396621027715,36.8652891837239));
#1102=CARTESIAN_POINT('',(-281.553493498217,101.556328718635,14.4347555386579));
#1103=CARTESIAN_POINT('',(-281.553493498217,101.556328718635,36.4347555386578));
#1104=CARTESIAN_POINT('',(-281.212193876721,100.766914461227,14.0110505413557));
#1105=CARTESIAN_POINT('',(-281.212193876721,100.766914461227,36.0110505413557));
#1106=CARTESIAN_POINT('',(-281.014713803051,100.248159113704,13.7323247383422));
#1107=CARTESIAN_POINT('',(-281.014713803051,100.248159113704,35.7323247383422));
#1108=CARTESIAN_POINT('',(-280.919563746622,99.9754392518029,13.5896147359712));
#1109=CARTESIAN_POINT('',(-280.919563746623,99.9754392518029,35.5896147359711));
#1110=CARTESIAN_POINT('',(-280.910697246025,99.9498632222948,13.5759070475768));
#1111=CARTESIAN_POINT('',(-280.910697246025,99.9498632222948,35.5759070475768));
#1112=CARTESIAN_POINT('',(-280.901421760372,99.922933341654,13.5620335394634));
#1113=CARTESIAN_POINT('',(-280.901421760372,99.922933341654,35.5620335394633));
#1114=CARTESIAN_POINT('',(-280.81154489688,99.6603509910237,13.4202552761431));
#1115=CARTESIAN_POINT('',(-280.81154489688,99.6603509910237,35.420255276143));
#1116=CARTESIAN_POINT('',(-280.656317222732,99.1542453726072,13.1544810327758));
#1117=CARTESIAN_POINT('',(-280.656317222732,99.1542453726072,35.1544810327757));
#1118=CARTESIAN_POINT('',(-280.481862153054,98.3982729064082,12.8157189886293));
#1119=CARTESIAN_POINT('',(-280.481862153054,98.3982729064082,34.8157189886292));
#1120=CARTESIAN_POINT('',(-280.392778815839,97.7903326636273,12.6162418987954));
#1121=CARTESIAN_POINT('',(-280.392778815839,97.7903326636273,34.6162418987953));
#1122=CARTESIAN_POINT('',(-280.361748604775,97.385500516394,12.5398119932648));
#1123=CARTESIAN_POINT('',(-280.361748604775,97.385500516394,34.5398119932648));
#1124=CARTESIAN_POINT('',(-280.352948081073,97.1617540044128,12.5170301740819));
#1125=CARTESIAN_POINT('',(-280.352948081073,97.1617540044128,34.5170301740819));
#1126=CARTESIAN_POINT('',(-280.350780950073,97.0000000043507,12.5110985435811));
#1127=CARTESIAN_POINT('',(-280.350780950073,97.0000000043507,34.511098543581));
#1128=CARTESIAN_POINT('',(-280.352948081481,96.838246000545,12.5170301745788));
#1129=CARTESIAN_POINT('',(-280.352948081481,96.838246000545,34.5170301745787));
#1130=CARTESIAN_POINT('',(-280.361748604548,96.6144994865012,12.5398119941757));
#1131=CARTESIAN_POINT('',(-280.361748604548,96.6144994865012,34.5398119941756));
#1132=CARTESIAN_POINT('',(-280.392778823094,96.2096672929345,12.6162418991265));
#1133=CARTESIAN_POINT('',(-280.392778823094,96.2096672929345,34.6162418991264));
#1134=CARTESIAN_POINT('',(-280.481862128663,95.6017271958061,12.8157189806789));
#1135=CARTESIAN_POINT('',(-280.481862128663,95.6017271958061,34.8157189806789));
#1136=CARTESIAN_POINT('',(-280.656317280285,94.8457544306714,13.1544810625889));
#1137=CARTESIAN_POINT('',(-280.656317280285,94.8457544306714,35.1544810625889));
#1138=CARTESIAN_POINT('',(-280.811544820619,94.3396492432332,13.4202552103128));
#1139=CARTESIAN_POINT('',(-280.811544820619,94.3396492432332,35.4202552103128));
#1140=CARTESIAN_POINT('',(-280.901421841766,94.0770664205495,13.5620336600217));
#1141=CARTESIAN_POINT('',(-280.901421841766,94.0770664205495,35.5620336600217));
#1142=CARTESIAN_POINT('',(-280.910697383607,94.0501363796623,13.5759072530077));
#1143=CARTESIAN_POINT('',(-280.910697383607,94.0501363796623,35.5759072530076));
#1144=CARTESIAN_POINT('',(-280.919563833319,94.0245604995907,13.589614860566));
#1145=CARTESIAN_POINT('',(-280.919563833319,94.0245604995907,35.5896148605659));
#1146=CARTESIAN_POINT('',(-281.014713722558,93.7518411097969,13.7323246705162));
#1147=CARTESIAN_POINT('',(-281.014713722558,93.7518411097969,35.7323246705161));
#1148=CARTESIAN_POINT('',(-281.212193941177,93.2330853697454,14.0110505721576));
#1149=CARTESIAN_POINT('',(-281.212193941177,93.2330853697454,36.0110505721576));
#1150=CARTESIAN_POINT('',(-281.553493468261,92.4436713545831,14.434755530053));
#1151=CARTESIAN_POINT('',(-281.553493468261,92.4436713545831,36.4347555300529));
#1152=CARTESIAN_POINT('',(-281.948563082511,91.603378937773,14.8652891873436));
#1153=CARTESIAN_POINT('',(-281.948563082511,91.603378937773,36.8652891873436));
#1154=CARTESIAN_POINT('',(-282.251438960276,90.9866482891618,15.1574308031608));
#1155=CARTESIAN_POINT('',(-282.251438960276,90.9866482891618,37.1574308031608));
#1156=CARTESIAN_POINT('',(-282.418173475998,90.648272692657,15.3091193730092));
#1157=CARTESIAN_POINT('',(-282.418173475998,90.648272692657,37.3091193730092));
#1158=CARTESIAN_POINT('',(-282.433153048076,90.6178662620069,15.322547410412));
#1159=CARTESIAN_POINT('',(-282.433153048076,90.6178662620069,37.322547410412));
#1160=CARTESIAN_POINT('',(-282.448257348214,90.587207294473,15.3361056733073));
#1161=CARTESIAN_POINT('',(-282.448257348215,90.587207294473,37.3361056733072));
#1162=CARTESIAN_POINT('',(-282.522182926737,90.4371324766072,15.4024340420301));
#1163=CARTESIAN_POINT('',(-282.522182926737,90.4371324766072,37.4024340420301));
#1164=CARTESIAN_POINT('',(-282.659682988742,90.1579047948246,15.52275995958));
#1165=CARTESIAN_POINT('',(-282.659682988742,90.1579047948246,37.5227599595799));
#1166=CARTESIAN_POINT('',(-282.868257458547,89.73083286283,15.6981460160217));
#1167=CARTESIAN_POINT('',(-282.868257458547,89.73083286283,37.6981460160216));
#1168=CARTESIAN_POINT('',(-283.08142710292,89.287246649294,15.8712304659815));
#1169=CARTESIAN_POINT('',(-283.08142710292,89.287246649294,37.8712304659815));
#1170=CARTESIAN_POINT('',(-283.286867676818,88.8489908018288,16.0319211762831));
#1171=CARTESIAN_POINT('',(-283.286867676818,88.8489908018288,38.0319211762831));
#1172=CARTESIAN_POINT('',(-283.489113586417,88.4024674901682,16.1836101849142));
#1173=CARTESIAN_POINT('',(-283.489113586417,88.4024674901682,38.1836101849141));
#1174=CARTESIAN_POINT('',(-283.695789439024,87.9242240985319,16.3336712266936));
#1175=CARTESIAN_POINT('',(-283.695789439024,87.9242240985319,38.3336712266935));
#1176=CARTESIAN_POINT('',(-283.904517281256,87.4077323877301,16.4780863238921));
#1177=CARTESIAN_POINT('',(-283.904517281256,87.4077323877301,38.4780863238921));
#1178=CARTESIAN_POINT('',(-284.096641686406,86.8864336504016,16.6032401544812));
#1179=CARTESIAN_POINT('',(-284.096641686406,86.8864336504016,38.6032401544811));
#1180=CARTESIAN_POINT('',(-284.275106219351,86.3393563668855,16.7121365917001));
#1181=CARTESIAN_POINT('',(-284.275106219351,86.3393563668855,38.7121365917));
#1182=CARTESIAN_POINT('',(-284.439362297798,85.747186994441,16.8070587201377));
#1183=CARTESIAN_POINT('',(-284.439362297798,85.747186994441,38.8070587201377));
#1184=CARTESIAN_POINT('',(-284.585639847841,85.065833506377,16.8851918306822));
#1185=CARTESIAN_POINT('',(-284.585639847841,85.065833506377,38.8851918306821));
#1186=CARTESIAN_POINT('',(-284.658072665522,84.5365351760877,16.9223791468182));
#1187=CARTESIAN_POINT('',(-284.658072665523,84.5365351760877,38.9223791468181));
#1188=CARTESIAN_POINT('',(-284.683574515236,84.231252301581,16.9363578529315));
#1189=CARTESIAN_POINT('',(-284.683574515236,84.231252301581,38.9363578529314));
#1190=CARTESIAN_POINT('',(-284.686544429212,84.1935508558729,16.9380574792821));
#1191=CARTESIAN_POINT('',(-284.686544429212,84.1935508558729,38.938057479282));
#1192=CARTESIAN_POINT('',(-284.689422179511,84.1548873922984,16.9396700833053));
#1193=CARTESIAN_POINT('',(-284.689422179511,84.1548873922984,38.9396700833052));
#1194=CARTESIAN_POINT('',(-284.710570323212,83.8519847984051,16.9519809558053));
#1195=CARTESIAN_POINT('',(-284.710570323212,83.8519847984051,38.9519809558052));
#1196=CARTESIAN_POINT('',(-284.723017578058,83.2566959794983,16.9634722185348));
#1197=CARTESIAN_POINT('',(-284.723017578058,83.2566959794983,38.9634722185347));
#1198=CARTESIAN_POINT('',(-284.650580642704,82.480394178996,16.9494930876659));
#1199=CARTESIAN_POINT('',(-284.650580642704,82.480394178996,38.9494930876658));
#1200=CARTESIAN_POINT('',(-284.52939687446,81.8458437094196,16.9213327323824));
#1201=CARTESIAN_POINT('',(-284.52939687446,81.8458437094196,38.9213327323824));
#1202=CARTESIAN_POINT('',(-284.361204301733,81.2004142280487,16.8814839127673));
#1203=CARTESIAN_POINT('',(-284.361204301733,81.2004142280487,38.8814839127673));
#1204=CARTESIAN_POINT('',(-284.164706879132,80.6710537546811,16.8322162153218));
#1205=CARTESIAN_POINT('',(-284.164706879132,80.6710537546811,38.8322162153218));
#1206=CARTESIAN_POINT('',(-283.967309425946,80.2468577465445,16.7832593129414));
#1207=CARTESIAN_POINT('',(-283.967309425946,80.2468577465445,38.7832593129414));
#1208=CARTESIAN_POINT('',(-283.853251968849,80.017787125315,16.7540469162692));
#1209=CARTESIAN_POINT('',(-283.853251968849,80.017787125315,38.7540469162691));
#1210=CARTESIAN_POINT('',(-283.702387579927,79.7416283377318,16.7161674056178));
#1211=CARTESIAN_POINT('',(-283.702387579927,79.7416283377318,38.7161674056177));
#1212=CARTESIAN_POINT('',(-283.546011125713,79.4854360914525,16.6755546406416));
#1213=CARTESIAN_POINT('',(-283.546011125713,79.4854360914525,38.6755546406416));
#1214=CARTESIAN_POINT('',(-283.417064303255,79.2893097015167,16.6424110860864));
#1215=CARTESIAN_POINT('',(-283.417064303255,79.2893097015167,38.6424110860864));
#1216=CARTESIAN_POINT('',(-283.16550367527,78.9241564921163,16.5757876391703));
#1217=CARTESIAN_POINT('',(-283.16550367527,78.9241564921163,38.5757876391702));
#1218=CARTESIAN_POINT('',(-282.841785751384,78.523564941491,16.4847915389354));
#1219=CARTESIAN_POINT('',(-282.841785751384,78.523564941491,38.4847915389354));
#1220=CARTESIAN_POINT('',(-282.473177877375,78.1276783067619,16.3631477896463));
#1221=CARTESIAN_POINT('',(-282.473177877375,78.1276783067619,38.3631477896462));
#1222=CARTESIAN_POINT('',(-282.198950436075,77.8570629346117,16.2668268449085));
#1223=CARTESIAN_POINT('',(-282.198950436075,77.8570629346117,38.2668268449084));
#1224=CARTESIAN_POINT('',(-281.93457824608,77.6157170054914,16.1666683805835));
#1225=CARTESIAN_POINT('',(-281.93457824608,77.6157170054914,38.1666683805834));
#1226=CARTESIAN_POINT('',(-281.6859536654,77.4032347451565,16.0644038787476));
#1227=CARTESIAN_POINT('',(-281.6859536654,77.4032347451565,38.0644038787475));
#1228=CARTESIAN_POINT('',(-281.447720884939,77.211052817121,15.9617648214769));
#1229=CARTESIAN_POINT('',(-281.447720884939,77.211052817121,37.9617648214769));
#1230=CARTESIAN_POINT('',(-281.209397091798,77.0285702899548,15.8515988700868));
#1231=CARTESIAN_POINT('',(-281.209397091798,77.0285702899548,37.8515988700867));
#1232=CARTESIAN_POINT('',(-280.969010085282,76.8531039477027,15.7322743848076));
#1233=CARTESIAN_POINT('',(-280.969010085282,76.8531039477027,37.7322743848075));
#1234=CARTESIAN_POINT('',(-280.638821734792,76.6230910548845,15.559999214827));
#1235=CARTESIAN_POINT('',(-280.638821734792,76.6230910548845,37.5599992148269));
#1236=CARTESIAN_POINT('',(-280.242432429656,76.3640781374877,15.3351717218908));
#1237=CARTESIAN_POINT('',(-280.242432429656,76.3640781374877,37.3351717218907));
#1238=CARTESIAN_POINT('',(-279.873077195616,76.1378935600471,15.1030268058215));
#1239=CARTESIAN_POINT('',(-279.873077195616,76.1378935600471,37.1030268058215));
#1240=CARTESIAN_POINT('',(-279.599339937681,75.9759451063454,14.9197823377412));
#1241=CARTESIAN_POINT('',(-279.599339937681,75.9759451063454,36.9197823377412));
#1242=CARTESIAN_POINT('',(-279.246673425164,75.7714710306749,14.6700037259455));
#1243=CARTESIAN_POINT('',(-279.246673425164,75.7714710306749,36.6700037259454));
#1244=CARTESIAN_POINT('',(-278.771926846445,75.5059599244598,14.3044119867393));
#1245=CARTESIAN_POINT('',(-278.771926846445,75.5059599244598,36.3044119867392));
#1246=CARTESIAN_POINT('',(-278.272873285642,75.2330763716105,13.8539478076994));
#1247=CARTESIAN_POINT('',(-278.272873285642,75.2330763716105,35.8539478076993));
#1248=CARTESIAN_POINT('',(-277.902128825961,75.029767404938,13.4803755964757));
#1249=CARTESIAN_POINT('',(-277.902128825961,75.029767404938,35.4803755964757));
#1250=CARTESIAN_POINT('',(-277.64391248541,74.8872862743477,13.1991886293918));
#1251=CARTESIAN_POINT('',(-277.64391248541,74.8872862743477,35.1991886293918));
#1252=CARTESIAN_POINT('',(-277.430630817972,74.7680209455666,12.9225864789714));
#1253=CARTESIAN_POINT('',(-277.430630817972,74.7680209455666,34.9225864789713));
#1254=CARTESIAN_POINT('',(-277.258900180667,74.669133978456,12.6319576671633));
#1255=CARTESIAN_POINT('',(-277.258900180667,74.669133978456,34.6319576671633));
#1256=CARTESIAN_POINT('',(-277.083760101299,74.5637946121449,12.3164555391198));
#1257=CARTESIAN_POINT('',(-277.083760101299,74.5637946121449,34.3164555391198));
#1258=CARTESIAN_POINT('',(-276.83863388713,74.4097477975348,11.8780948792555));
#1259=CARTESIAN_POINT('',(-276.838633887131,74.4097477975348,33.8780948792555));
#1260=CARTESIAN_POINT('',(-276.514892619341,74.1927238760084,11.3551038331838));
#1261=CARTESIAN_POINT('',(-276.514892619341,74.1927238760084,33.3551038331838));
#1262=CARTESIAN_POINT('',(-276.092900876016,73.8896396677681,10.7391657126259));
#1263=CARTESIAN_POINT('',(-276.092900876016,73.8896396677681,32.7391657126259));
#1264=CARTESIAN_POINT('',(-275.723908213305,73.6088703546127,10.2398879518181));
#1265=CARTESIAN_POINT('',(-275.723908213305,73.6088703546127,32.239887951818));
#1266=CARTESIAN_POINT('',(-275.413700294384,73.3644445586829,9.84778558371396));
#1267=CARTESIAN_POINT('',(-275.413700294385,73.3644445586829,31.8477855837139));
#1268=CARTESIAN_POINT('',(-275.167866920433,73.1672659647695,9.55504025417088));
#1269=CARTESIAN_POINT('',(-275.167866920433,73.1672659647695,31.5550402541708));
#1270=CARTESIAN_POINT('',(-274.912901481541,72.9598368323457,9.26646504596421));
#1271=CARTESIAN_POINT('',(-274.912901481541,72.9598368323457,31.2664650459641));
#1272=CARTESIAN_POINT('',(-274.598262111399,72.7013519530158,8.92504799616297));
#1273=CARTESIAN_POINT('',(-274.598262111399,72.7013519530158,30.9250479961629));
#1274=CARTESIAN_POINT('',(-274.21140388127,72.3804515486797,8.53555005666922));
#1275=CARTESIAN_POINT('',(-274.21140388127,72.3804515486797,30.5355500566692));
#1276=CARTESIAN_POINT('',(-273.7170424874,71.9716715322508,8.09345979208449));
#1277=CARTESIAN_POINT('',(-273.7170424874,71.9716715322508,30.0934597920844));
#1278=CARTESIAN_POINT('',(-273.182875150289,71.5379975754164,7.67041028323698));
#1279=CARTESIAN_POINT('',(-273.182875150289,71.5379975754164,29.6704102832369));
#1280=CARTESIAN_POINT('',(-272.669132019144,71.1342147162284,7.31878486486489));
#1281=CARTESIAN_POINT('',(-272.669132019144,71.1342147162284,29.3187848648648));
#1282=CARTESIAN_POINT('',(-272.165503677677,70.7545214598881,7.02046404646008));
#1283=CARTESIAN_POINT('',(-272.165503677677,70.7545214598881,29.02046404646));
#1284=CARTESIAN_POINT('',(-271.683913465961,70.4080174092769,6.77660186812828));
#1285=CARTESIAN_POINT('',(-271.683913465961,70.4080174092769,28.7766018681282));
#1286=CARTESIAN_POINT('',(-271.165781473912,70.0566186062315,6.55200163847026));
#1287=CARTESIAN_POINT('',(-271.165781473912,70.0566186062315,28.5520016384702));
#1288=CARTESIAN_POINT('',(-270.534861812133,69.6579641236071,6.32187772010791));
#1289=CARTESIAN_POINT('',(-270.534861812133,69.6579641236071,28.3218777201079));
#1290=CARTESIAN_POINT('',(-269.769421007224,69.2201329018815,6.10134539332153));
#1291=CARTESIAN_POINT('',(-269.769421007224,69.2201329018815,28.1013453933215));
#1292=CARTESIAN_POINT('',(-268.853400885377,68.768395007875,5.90941629408162));
#1293=CARTESIAN_POINT('',(-268.853400885377,68.768395007875,27.9094162940816));
#1294=CARTESIAN_POINT('',(-267.86725957938,68.3642880316155,5.76167833282582));
#1295=CARTESIAN_POINT('',(-267.86725957938,68.3642880316155,27.7616783328258));
#1296=CARTESIAN_POINT('',(-267.139478031914,68.1284800247946,5.68777667605242));
#1297=CARTESIAN_POINT('',(-267.139478031914,68.1284800247946,27.6877766760524));
#1298=CARTESIAN_POINT('',(-266.729372393077,68.0149619340884,5.65462802250578));
#1299=CARTESIAN_POINT('',(-266.729372393077,68.0149619340884,27.6546280225057));
#1300=CARTESIAN_POINT('',(-266.657942178232,67.9955899201192,5.64908162823325));
#1301=CARTESIAN_POINT('',(-266.657942178232,67.9955899201192,27.6490816282332));
#1302=CARTESIAN_POINT('',(-266.586769076205,67.9766901773869,5.64367409773453));
#1303=CARTESIAN_POINT('',(-266.586769076205,67.9766901773869,27.6436740977345));
#1304=CARTESIAN_POINT('',(-266.252376444326,67.8897641987107,5.61922508288661));
#1305=CARTESIAN_POINT('',(-266.252376444326,67.8897641987107,27.6192250828865));
#1306=CARTESIAN_POINT('',(-265.650314650875,67.7553267013923,5.58357580744809));
#1307=CARTESIAN_POINT('',(-265.650314650875,67.7553267013923,27.583575807448));
#1308=CARTESIAN_POINT('',(-264.776018208979,67.6177267364629,5.55066123245673));
#1309=CARTESIAN_POINT('',(-264.776018208979,67.6177267364629,27.5506612324567));
#1310=CARTESIAN_POINT('',(-263.896040584314,67.5356983730649,5.53323738678236));
#1311=CARTESIAN_POINT('',(-263.896040584314,67.5356983730649,27.5332373867823));
#1312=CARTESIAN_POINT('',(-263.016079444925,67.508768528338,5.52839935306492));
#1313=CARTESIAN_POINT('',(-263.016079444925,67.508768528338,27.5283993530649));
#1314=CARTESIAN_POINT('',(-262.136118305542,67.5356983730661,5.53323738678264));
#1315=CARTESIAN_POINT('',(-262.136118305542,67.5356983730661,27.5332373867826));
#1316=CARTESIAN_POINT('',(-261.256140680878,67.6177267364626,5.55066123245727));
#1317=CARTESIAN_POINT('',(-261.256140680878,67.6177267364626,27.5506612324572));
#1318=CARTESIAN_POINT('',(-260.381844238977,67.7553267013939,5.58357580744841));
#1319=CARTESIAN_POINT('',(-260.381844238977,67.7553267013939,27.5835758074483));
#1320=CARTESIAN_POINT('',(-259.77978244555,67.8897641987052,5.61922508288711));
#1321=CARTESIAN_POINT('',(-259.77978244555,67.8897641987052,27.619225082887));
#1322=CARTESIAN_POINT('',(-259.445389813626,67.9766901773932,5.64367409773389));
#1323=CARTESIAN_POINT('',(-259.445389813626,67.9766901773932,27.6436740977338));
#1324=CARTESIAN_POINT('',(-259.374216711611,67.9955899201232,5.64908162823322));
#1325=CARTESIAN_POINT('',(-259.374216711611,67.9955899201232,27.6490816282331));
#1326=CARTESIAN_POINT('',(-259.302786496794,68.0149619340837,5.65462802250624));
#1327=CARTESIAN_POINT('',(-259.302786496794,68.0149619340837,27.6546280225062));
#1328=CARTESIAN_POINT('',(-258.892680857927,68.1284800247994,5.68777667605181));
#1329=CARTESIAN_POINT('',(-258.892680857927,68.1284800247994,27.6877766760518));
#1330=CARTESIAN_POINT('',(-258.164899310487,68.3642880316123,5.76167833282595));
#1331=CARTESIAN_POINT('',(-258.164899310487,68.3642880316123,27.7616783328259));
#1332=CARTESIAN_POINT('',(-257.178758004476,68.7683950078758,5.90941629408142));
#1333=CARTESIAN_POINT('',(-257.178758004476,68.7683950078758,27.9094162940814));
#1334=CARTESIAN_POINT('',(-256.262737882633,69.220132901881,6.10134539332142));
#1335=CARTESIAN_POINT('',(-256.262737882633,69.220132901881,28.1013453933213));
#1336=CARTESIAN_POINT('',(-255.497297077721,69.6579641236087,6.32187772010754));
#1337=CARTESIAN_POINT('',(-255.497297077721,69.6579641236087,28.3218777201075));
#1338=CARTESIAN_POINT('',(-254.866377415944,70.0566186062313,6.5520016384706));
#1339=CARTESIAN_POINT('',(-254.866377415944,70.0566186062313,28.5520016384705));
#1340=CARTESIAN_POINT('',(-254.348245423892,70.4080174092784,6.77660186812837));
#1341=CARTESIAN_POINT('',(-254.348245423892,70.4080174092784,28.7766018681283));
#1342=CARTESIAN_POINT('',(-253.86665521218,70.7545214598879,7.02046404646003));
#1343=CARTESIAN_POINT('',(-253.86665521218,70.7545214598879,29.02046404646));
#1344=CARTESIAN_POINT('',(-253.363026870711,71.1342147162284,7.3187848648654));
#1345=CARTESIAN_POINT('',(-253.363026870711,71.1342147162284,29.3187848648653));
#1346=CARTESIAN_POINT('',(-252.849283739566,71.537997575417,7.6704102832363));
#1347=CARTESIAN_POINT('',(-252.849283739566,71.537997575417,29.6704102832363));
#1348=CARTESIAN_POINT('',(-252.315116402459,71.9716715322483,8.09345979208438));
#1349=CARTESIAN_POINT('',(-252.315116402459,71.9716715322483,30.0934597920843));
#1350=CARTESIAN_POINT('',(-251.820755008586,72.3804515486793,8.53555005667037));
#1351=CARTESIAN_POINT('',(-251.820755008586,72.3804515486793,30.5355500566703));
#1352=CARTESIAN_POINT('',(-251.433896778455,72.7013519530183,8.92504799616186));
#1353=CARTESIAN_POINT('',(-251.433896778455,72.7013519530183,30.9250479961618));
#1354=CARTESIAN_POINT('',(-251.119257408313,72.959836832347,9.26646504596901));
#1355=CARTESIAN_POINT('',(-251.119257408313,72.959836832347,31.266465045969));
#1356=CARTESIAN_POINT('',(-250.86429196942,73.1672659647718,9.555040254171));
#1357=CARTESIAN_POINT('',(-250.86429196942,73.1672659647718,31.5550402541709));
#1358=CARTESIAN_POINT('',(-250.618458595475,73.3644445586799,9.84778558370975));
#1359=CARTESIAN_POINT('',(-250.618458595475,73.3644445586799,31.8477855837097));
#1360=CARTESIAN_POINT('',(-250.30825067655,73.6088703546131,10.2398879518204));
#1361=CARTESIAN_POINT('',(-250.30825067655,73.6088703546131,32.2398879518203));
#1362=CARTESIAN_POINT('',(-249.939258013837,73.8896396677707,10.7391657126254));
#1363=CARTESIAN_POINT('',(-249.939258013837,73.8896396677707,32.7391657126254));
#1364=CARTESIAN_POINT('',(-249.517266270515,74.1927238760081,11.3551038331845));
#1365=CARTESIAN_POINT('',(-249.517266270515,74.1927238760081,33.3551038331844));
#1366=CARTESIAN_POINT('',(-249.193525002723,74.4097477975367,11.8780948792565));
#1367=CARTESIAN_POINT('',(-249.193525002723,74.4097477975367,33.8780948792564));
#1368=CARTESIAN_POINT('',(-248.948398788555,74.5637946121461,12.3164555391203));
#1369=CARTESIAN_POINT('',(-248.948398788555,74.5637946121461,34.3164555391203));
#1370=CARTESIAN_POINT('',(-248.773258709187,74.6691339784579,12.6319576671634));
#1371=CARTESIAN_POINT('',(-248.773258709187,74.6691339784579,34.6319576671634));
#1372=CARTESIAN_POINT('',(-248.601528071886,74.7680209455648,12.9225864789713));
#1373=CARTESIAN_POINT('',(-248.601528071886,74.7680209455648,34.9225864789712));
#1374=CARTESIAN_POINT('',(-248.388246404446,74.8872862743486,13.1991886293917));
#1375=CARTESIAN_POINT('',(-248.388246404446,74.8872862743486,35.1991886293917));
#1376=CARTESIAN_POINT('',(-248.130030063894,75.0297674049386,13.4803755964758));
#1377=CARTESIAN_POINT('',(-248.130030063894,75.0297674049386,35.4803755964757));
#1378=CARTESIAN_POINT('',(-247.759285604213,75.2330763716116,13.8539478076997));
#1379=CARTESIAN_POINT('',(-247.759285604213,75.2330763716116,35.8539478076996));
#1380=CARTESIAN_POINT('',(-247.260232043408,75.5059599244612,14.3044119867398));
#1381=CARTESIAN_POINT('',(-247.260232043408,75.5059599244612,36.3044119867398));
#1382=CARTESIAN_POINT('',(-246.785485464697,75.7714710306726,14.6700037259458));
#1383=CARTESIAN_POINT('',(-246.785485464697,75.7714710306726,36.6700037259457));
#1384=CARTESIAN_POINT('',(-246.432818952182,75.9759451063418,14.9197823377411));
#1385=CARTESIAN_POINT('',(-246.432818952182,75.9759451063418,36.9197823377411));
#1386=CARTESIAN_POINT('',(-246.15908169424,76.1378935600469,15.1030268058213));
#1387=CARTESIAN_POINT('',(-246.15908169424,76.1378935600469,37.1030268058212));
#1388=CARTESIAN_POINT('',(-245.789726460202,76.3640781374854,15.3351717218905));
#1389=CARTESIAN_POINT('',(-245.789726460202,76.3640781374854,37.3351717218904));
#1390=CARTESIAN_POINT('',(-245.393337155063,76.6230910548845,15.5599992148267));
#1391=CARTESIAN_POINT('',(-245.393337155063,76.6230910548845,37.5599992148266));
#1392=CARTESIAN_POINT('',(-245.063148804568,76.8531039477073,15.7322743848072));
#1393=CARTESIAN_POINT('',(-245.063148804568,76.8531039477073,37.7322743848071));
#1394=CARTESIAN_POINT('',(-244.822761798056,77.0285702899557,15.8515988700862));
#1395=CARTESIAN_POINT('',(-244.822761798057,77.0285702899557,37.8515988700861));
#1396=CARTESIAN_POINT('',(-244.584438004921,77.2110528171175,15.9617648214767));
#1397=CARTESIAN_POINT('',(-244.584438004921,77.2110528171175,37.9617648214766));
#1398=CARTESIAN_POINT('',(-244.346205224458,77.4032347451542,16.0644038787475));
#1399=CARTESIAN_POINT('',(-244.346205224458,77.4032347451542,38.0644038787475));
#1400=CARTESIAN_POINT('',(-244.097580643777,77.6157170054898,16.1666683805834));
#1401=CARTESIAN_POINT('',(-244.097580643777,77.6157170054898,38.1666683805834));
#1402=CARTESIAN_POINT('',(-243.833208453782,77.8570629346101,16.2668268449083));
#1403=CARTESIAN_POINT('',(-243.833208453782,77.8570629346101,38.2668268449083));
#1404=CARTESIAN_POINT('',(-243.558981012481,78.1276783067613,16.3631477896461));
#1405=CARTESIAN_POINT('',(-243.558981012481,78.1276783067613,38.3631477896461));
#1406=CARTESIAN_POINT('',(-243.190373138466,78.5235649414969,16.4847915389352));
#1407=CARTESIAN_POINT('',(-243.190373138466,78.5235649414969,38.4847915389351));
#1408=CARTESIAN_POINT('',(-242.866655214583,78.9241564921207,16.5757876391704));
#1409=CARTESIAN_POINT('',(-242.866655214583,78.9241564921207,38.5757876391703));
#1410=CARTESIAN_POINT('',(-242.615094586605,79.2893097015095,16.6424110860864));
#1411=CARTESIAN_POINT('',(-242.615094586605,79.2893097015095,38.6424110860863));
#1412=CARTESIAN_POINT('',(-242.486147764145,79.4854360914484,16.6755546406415));
#1413=CARTESIAN_POINT('',(-242.486147764145,79.4854360914484,38.6755546406415));
#1414=CARTESIAN_POINT('',(-242.329771309928,79.7416283377338,16.7161674056177));
#1415=CARTESIAN_POINT('',(-242.329771309928,79.7416283377338,38.7161674056176));
#1416=CARTESIAN_POINT('',(-242.178906921006,80.0177871253156,16.754046916269));
#1417=CARTESIAN_POINT('',(-242.178906921006,80.0177871253156,38.754046916269));
#1418=CARTESIAN_POINT('',(-242.064849463911,80.246857746542,16.7832593129413));
#1419=CARTESIAN_POINT('',(-242.064849463911,80.246857746542,38.7832593129412));
#1420=CARTESIAN_POINT('',(-241.867452010723,80.6710537546812,16.8322162153216));
#1421=CARTESIAN_POINT('',(-241.867452010723,80.6710537546812,38.8322162153216));
#1422=CARTESIAN_POINT('',(-241.670954588122,81.2004142280498,16.8814839127674));
#1423=CARTESIAN_POINT('',(-241.670954588122,81.2004142280498,38.8814839127673));
#1424=CARTESIAN_POINT('',(-241.502762015395,81.8458437094171,16.9213327323824));
#1425=CARTESIAN_POINT('',(-241.502762015395,81.8458437094171,38.9213327323823));
#1426=CARTESIAN_POINT('',(-241.381578247151,82.4803941790053,16.9494930876659));
#1427=CARTESIAN_POINT('',(-241.381578247151,82.4803941790053,38.9494930876658));
#1428=CARTESIAN_POINT('',(-241.309141311798,83.2566959794831,16.9634722185347));
#1429=CARTESIAN_POINT('',(-241.309141311798,83.2566959794831,38.9634722185346));
#1430=CARTESIAN_POINT('',(-241.321588566644,83.8519847984146,16.9519809558055));
#1431=CARTESIAN_POINT('',(-241.321588566644,83.8519847984146,38.9519809558055));
#1432=CARTESIAN_POINT('',(-241.342736710344,84.1548873922968,16.9396700833048));
#1433=CARTESIAN_POINT('',(-241.342736710344,84.1548873922968,38.9396700833048));
#1434=CARTESIAN_POINT('',(-241.345614460644,84.1935508558806,16.9380574792823));
#1435=CARTESIAN_POINT('',(-241.345614460644,84.1935508558806,38.9380574792822));
#1436=CARTESIAN_POINT('',(-241.348584374621,84.2312523015871,16.9363578529323));
#1437=CARTESIAN_POINT('',(-241.348584374621,84.2312523015871,38.9363578529322));
#1438=CARTESIAN_POINT('',(-241.374086224332,84.536535176079,16.9223791468179));
#1439=CARTESIAN_POINT('',(-241.374086224332,84.536535176079,38.9223791468179));
#1440=CARTESIAN_POINT('',(-241.446519042016,85.0658335063837,16.8851918306823));
#1441=CARTESIAN_POINT('',(-241.446519042016,85.0658335063837,38.8851918306822));
#1442=CARTESIAN_POINT('',(-241.592796592056,85.7471869944362,16.8070587201378));
#1443=CARTESIAN_POINT('',(-241.592796592056,85.7471869944362,38.8070587201377));
#1444=CARTESIAN_POINT('',(-241.757052670506,86.3393563668892,16.7121365917003));
#1445=CARTESIAN_POINT('',(-241.757052670506,86.3393563668892,38.7121365917002));
#1446=CARTESIAN_POINT('',(-241.93551720345,86.8864336504007,16.603240154481));
#1447=CARTESIAN_POINT('',(-241.93551720345,86.8864336504007,38.6032401544809));
#1448=CARTESIAN_POINT('',(-242.127641608598,87.4077323877251,16.4780863238921));
#1449=CARTESIAN_POINT('',(-242.127641608598,87.4077323877251,38.478086323892));
#1450=CARTESIAN_POINT('',(-242.336369450838,87.9242240985462,16.3336712266946));
#1451=CARTESIAN_POINT('',(-242.336369450838,87.9242240985462,38.3336712266945));
#1452=CARTESIAN_POINT('',(-242.543045303426,88.4024674901394,16.1836101849092));
#1453=CARTESIAN_POINT('',(-242.543045303426,88.4024674901394,38.1836101849091));
#1454=CARTESIAN_POINT('',(-242.745291213053,88.8489908018655,16.0319211763005));
#1455=CARTESIAN_POINT('',(-242.745291213053,88.8489908018655,38.0319211763005));
#1456=CARTESIAN_POINT('',(-242.950731786946,89.2872466493104,15.871230465917));
#1457=CARTESIAN_POINT('',(-242.950731786946,89.2872466493104,37.871230465917));
#1458=CARTESIAN_POINT('',(-243.163901431116,89.7308328624424,15.6981460162754));
#1459=CARTESIAN_POINT('',(-243.163901431116,89.7308328624424,37.6981460162753));
#1460=CARTESIAN_POINT('',(-243.372475902087,90.1579047967994,15.5227599586261));
#1461=CARTESIAN_POINT('',(-243.372475902087,90.1579047967994,37.522759958626));
#1462=CARTESIAN_POINT('',(-243.509975960718,90.4371324717349,15.4024340441858));
#1463=CARTESIAN_POINT('',(-243.509975960718,90.4371324717349,37.4024340441857));
#1464=CARTESIAN_POINT('',(-243.583901546535,90.5872073044089,15.3361056690079));
#1465=CARTESIAN_POINT('',(-243.583901546535,90.5872073044089,37.3361056690079));
#1466=CARTESIAN_POINT('',(-243.599005849153,90.6178662769717,15.3225474034682));
#1467=CARTESIAN_POINT('',(-243.599005849154,90.6178662769717,37.3225474034682));
#1468=CARTESIAN_POINT('',(-243.613985419115,90.648272703345,15.3091193688262));
#1469=CARTESIAN_POINT('',(-243.613985419115,90.648272703345,37.3091193688261));
#1470=CARTESIAN_POINT('',(-243.780719922471,90.9866482738926,15.1574308059709));
#1471=CARTESIAN_POINT('',(-243.780719922471,90.9866482738926,37.1574308059709));
#1472=CARTESIAN_POINT('',(-244.083595822353,91.6033789722841,14.8652891837237));
#1473=CARTESIAN_POINT('',(-244.083595822353,91.6033789722841,36.8652891837236));
#1474=CARTESIAN_POINT('',(-244.478665391641,92.4436712813699,14.4347555386584));
#1475=CARTESIAN_POINT('',(-244.478665391641,92.4436712813699,36.4347555386583));
#1476=CARTESIAN_POINT('',(-244.819965013134,93.2330855387718,14.0110505413568));
#1477=CARTESIAN_POINT('',(-244.819965013134,93.2330855387718,36.0110505413567));
#1478=CARTESIAN_POINT('',(-245.017445086803,93.7518408862936,13.7323247383427));
#1479=CARTESIAN_POINT('',(-245.017445086804,93.7518408862936,35.7323247383427));
#1480=CARTESIAN_POINT('',(-245.112595143235,94.0245607482021,13.589614735971));
#1481=CARTESIAN_POINT('',(-245.112595143235,94.0245607482021,35.589614735971));
#1482=CARTESIAN_POINT('',(-245.121461643832,94.0501367777071,13.5759070475768));
#1483=CARTESIAN_POINT('',(-245.121461643832,94.0501367777071,35.5759070475768));
#1484=CARTESIAN_POINT('',(-245.13073712948,94.0770666583359,13.5620335394635));
#1485=CARTESIAN_POINT('',(-245.13073712948,94.0770666583359,35.5620335394634));
#1486=CARTESIAN_POINT('',(-245.220613992977,94.3396490089829,13.4202552761431));
#1487=CARTESIAN_POINT('',(-245.220613992977,94.3396490089829,35.420255276143));
#1488=CARTESIAN_POINT('',(-245.375841667123,94.8457546273901,13.1544810327757));
#1489=CARTESIAN_POINT('',(-245.375841667123,94.8457546273901,35.1544810327756));
#1490=CARTESIAN_POINT('',(-245.550296736802,95.6017270935931,12.8157189886292));
#1491=CARTESIAN_POINT('',(-245.550296736802,95.6017270935931,34.8157189886291));
#1492=CARTESIAN_POINT('',(-245.639380074016,96.2096673363724,12.6162418987953));
#1493=CARTESIAN_POINT('',(-245.639380074016,96.2096673363724,34.6162418987953));
#1494=CARTESIAN_POINT('',(-245.670410285081,96.6144994836075,12.5398119932648));
#1495=CARTESIAN_POINT('',(-245.670410285081,96.6144994836075,34.5398119932648));
#1496=CARTESIAN_POINT('',(-245.679210808783,96.8382459955878,12.5170301740819));
#1497=CARTESIAN_POINT('',(-245.679210808783,96.8382459955878,34.5170301740819));
#1498=CARTESIAN_POINT('',(-245.681377939782,96.9999999956497,12.5110985435812));
#1499=CARTESIAN_POINT('',(-245.681377939782,96.9999999956497,34.5110985435811));
#1500=CARTESIAN_POINT('',(-245.679210808375,97.1617539994551,12.5170301745788));
#1501=CARTESIAN_POINT('',(-245.679210808375,97.1617539994551,34.5170301745788));
#1502=CARTESIAN_POINT('',(-245.670410285308,97.3855005134992,12.5398119941758));
#1503=CARTESIAN_POINT('',(-245.670410285308,97.3855005134992,34.5398119941757));
#1504=CARTESIAN_POINT('',(-245.639380066762,97.7903327070665,12.6162418991266));
#1505=CARTESIAN_POINT('',(-245.639380066762,97.7903327070665,34.6162418991266));
#1506=CARTESIAN_POINT('',(-245.550296761193,98.3982728041935,12.8157189806791));
#1507=CARTESIAN_POINT('',(-245.550296761193,98.3982728041935,34.815718980679));
#1508=CARTESIAN_POINT('',(-245.37584160957,99.1542455693311,13.1544810625891));
#1509=CARTESIAN_POINT('',(-245.37584160957,99.1542455693311,35.1544810625891));
#1510=CARTESIAN_POINT('',(-245.220614069237,99.6603507567647,13.4202552103129));
#1511=CARTESIAN_POINT('',(-245.220614069237,99.6603507567647,35.4202552103128));
#1512=CARTESIAN_POINT('',(-245.130737048089,99.9229335794533,13.5620336600216));
#1513=CARTESIAN_POINT('',(-245.130737048089,99.9229335794533,35.5620336600216));
#1514=CARTESIAN_POINT('',(-245.121461506245,99.9498636203488,13.5759072530076));
#1515=CARTESIAN_POINT('',(-245.121461506245,99.9498636203488,35.5759072530075));
#1516=CARTESIAN_POINT('',(-245.112595056537,99.9754395004104,13.5896148605657));
#1517=CARTESIAN_POINT('',(-245.112595056537,99.9754395004104,35.5896148605657));
#1518=CARTESIAN_POINT('',(-245.017445167299,100.248158890199,13.7323246705153));
#1519=CARTESIAN_POINT('',(-245.017445167299,100.248158890199,35.7323246705153));
#1520=CARTESIAN_POINT('',(-244.819964948679,100.766914630253,14.0110505721561));
#1521=CARTESIAN_POINT('',(-244.819964948679,100.766914630253,36.0110505721561));
#1522=CARTESIAN_POINT('',(-244.478665421595,101.556328645417,14.4347555300521));
#1523=CARTESIAN_POINT('',(-244.478665421595,101.556328645417,36.4347555300521));
#1524=CARTESIAN_POINT('',(-244.083595807344,102.396621062229,14.8652891873435));
#1525=CARTESIAN_POINT('',(-244.083595807344,102.396621062229,36.8652891873435));
#1526=CARTESIAN_POINT('',(-243.780719929578,103.013351710842,15.1574308031605));
#1527=CARTESIAN_POINT('',(-243.780719929578,103.013351710842,37.1574308031605));
#1528=CARTESIAN_POINT('',(-243.613985413859,103.351727307341,15.3091193730084));
#1529=CARTESIAN_POINT('',(-243.613985413859,103.351727307341,37.3091193730083));
#1530=CARTESIAN_POINT('',(-243.599005841776,103.382133738002,15.322547410411));
#1531=CARTESIAN_POINT('',(-243.599005841776,103.382133738002,37.3225474104109));
#1532=CARTESIAN_POINT('',(-243.583901541642,103.412792705526,15.3361056733063));
#1533=CARTESIAN_POINT('',(-243.583901541642,103.412792705526,37.3361056733062));
#1534=CARTESIAN_POINT('',(-243.509975963126,103.562867523377,15.4024340420268));
#1535=CARTESIAN_POINT('',(-243.509975963126,103.562867523377,37.4024340420267));
#1536=CARTESIAN_POINT('',(-243.372475901117,103.84209520517,15.5227599595753));
#1537=CARTESIAN_POINT('',(-243.372475901117,103.84209520517,37.5227599595752));
#1538=CARTESIAN_POINT('',(-243.16390143131,104.269167137167,15.6981460160212));
#1539=CARTESIAN_POINT('',(-243.16390143131,104.269167137167,37.6981460160212));
#1540=CARTESIAN_POINT('',(-242.950731786931,104.712753350715,15.8712304659864));
#1541=CARTESIAN_POINT('',(-242.950731786931,104.712753350715,37.8712304659863));
#1542=CARTESIAN_POINT('',(-242.745291213038,105.15100919817,16.0319211762825));
#1543=CARTESIAN_POINT('',(-242.745291213038,105.15100919817,38.0319211762824));
#1544=CARTESIAN_POINT('',(-242.543045303439,105.597532509833,16.1836101849147));
#1545=CARTESIAN_POINT('',(-242.543045303439,105.597532509833,38.1836101849147));
#1546=CARTESIAN_POINT('',(-242.336369450832,106.075775901469,16.3336712266938));
#1547=CARTESIAN_POINT('',(-242.336369450832,106.075775901469,38.3336712266937));
#1548=CARTESIAN_POINT('',(-242.1276416086,106.592267612271,16.4780863238923));
#1549=CARTESIAN_POINT('',(-242.1276416086,106.592267612271,38.4780863238922));
#1550=CARTESIAN_POINT('',(-241.93551720345,107.113566349599,16.6032401544808));
#1551=CARTESIAN_POINT('',(-241.93551720345,107.113566349599,38.6032401544807));
#1552=CARTESIAN_POINT('',(-241.757052670505,107.660643633115,16.7121365917001));
#1553=CARTESIAN_POINT('',(-241.757052670505,107.660643633115,38.7121365917001));
#1554=CARTESIAN_POINT('',(-241.592796592058,108.252813005557,16.8070587201377));
#1555=CARTESIAN_POINT('',(-241.592796592058,108.252813005557,38.8070587201376));
#1556=CARTESIAN_POINT('',(-241.446519042014,108.934166493624,16.8851918306823));
#1557=CARTESIAN_POINT('',(-241.446519042014,108.934166493624,38.8851918306822));
#1558=CARTESIAN_POINT('',(-241.374086224333,109.463464823916,16.9223791468183));
#1559=CARTESIAN_POINT('',(-241.374086224333,109.463464823916,38.9223791468182));
#1560=CARTESIAN_POINT('',(-241.34858437462,109.768747698419,16.9363578529316));
#1561=CARTESIAN_POINT('',(-241.34858437462,109.768747698419,38.9363578529316));
#1562=CARTESIAN_POINT('',(-241.345614460644,109.806449144129,16.9380574792822));
#1563=CARTESIAN_POINT('',(-241.345614460644,109.806449144129,38.9380574792821));
#1564=CARTESIAN_POINT('',(-241.342736710344,109.845112607704,16.9396700833053));
#1565=CARTESIAN_POINT('',(-241.342736710344,109.845112607704,38.9396700833052));
#1566=CARTESIAN_POINT('',(-241.321588566643,110.148015201593,16.9519809558054));
#1567=CARTESIAN_POINT('',(-241.321588566643,110.148015201593,38.9519809558053));
#1568=CARTESIAN_POINT('',(-241.309141311798,110.743304020508,16.963472218535));
#1569=CARTESIAN_POINT('',(-241.309141311798,110.743304020508,38.9634722185349));
#1570=CARTESIAN_POINT('',(-241.381578247152,111.519605821003,16.9494930876661));
#1571=CARTESIAN_POINT('',(-241.381578247152,111.519605821003,38.949493087666));
#1572=CARTESIAN_POINT('',(-241.502762015395,112.154156290579,16.9213327323824));
#1573=CARTESIAN_POINT('',(-241.502762015395,112.154156290579,38.9213327323824));
#1574=CARTESIAN_POINT('',(-241.670954588121,112.79958577195,16.8814839127673));
#1575=CARTESIAN_POINT('',(-241.670954588122,112.79958577195,38.8814839127672));
#1576=CARTESIAN_POINT('',(-241.867452010724,113.328946245322,16.8322162153218));
#1577=CARTESIAN_POINT('',(-241.867452010724,113.328946245322,38.8322162153218));
#1578=CARTESIAN_POINT('',(-242.064849463909,113.753142253455,16.7832593129411));
#1579=CARTESIAN_POINT('',(-242.064849463909,113.753142253455,38.783259312941));
#1580=CARTESIAN_POINT('',(-242.178906921005,113.982212874685,16.7540469162687));
#1581=CARTESIAN_POINT('',(-242.178906921005,113.982212874685,38.7540469162687));
#1582=CARTESIAN_POINT('',(-242.329771309933,114.258371662276,16.7161674056176));
#1583=CARTESIAN_POINT('',(-242.329771309933,114.258371662276,38.7161674056176));
#1584=CARTESIAN_POINT('',(-242.486147764141,114.514563908545,16.6755546406418));
#1585=CARTESIAN_POINT('',(-242.486147764141,114.514563908545,38.6755546406418));
#1586=CARTESIAN_POINT('',(-242.6150945866,114.710690298483,16.6424110860865));
#1587=CARTESIAN_POINT('',(-242.6150945866,114.710690298483,38.6424110860865));
#1588=CARTESIAN_POINT('',(-242.866655214581,115.075843507879,16.57578763917));
#1589=CARTESIAN_POINT('',(-242.866655214582,115.075843507879,38.5757876391699));
#1590=CARTESIAN_POINT('',(-243.190373138475,115.476435058514,16.484791538935));
#1591=CARTESIAN_POINT('',(-243.190373138475,115.476435058514,38.484791538935));
#1592=CARTESIAN_POINT('',(-243.55898101248,115.872321693238,16.363147789646));
#1593=CARTESIAN_POINT('',(-243.55898101248,115.872321693238,38.3631477896459));
#1594=CARTESIAN_POINT('',(-243.833208453781,116.14293706539,16.2668268449083));
#1595=CARTESIAN_POINT('',(-243.833208453781,116.14293706539,38.2668268449082));
#1596=CARTESIAN_POINT('',(-244.097580643774,116.384282994508,16.1666683805835));
#1597=CARTESIAN_POINT('',(-244.097580643774,116.384282994508,38.1666683805835));
#1598=CARTESIAN_POINT('',(-244.34620522446,116.596765254848,16.0644038787476));
#1599=CARTESIAN_POINT('',(-244.34620522446,116.596765254848,38.0644038787475));
#1600=CARTESIAN_POINT('',(-244.584438004923,116.788947182885,15.9617648214765));
#1601=CARTESIAN_POINT('',(-244.584438004923,116.788947182885,37.9617648214764));
#1602=CARTESIAN_POINT('',(-244.822761798059,116.971429710046,15.851598870086));
#1603=CARTESIAN_POINT('',(-244.822761798059,116.971429710046,37.8515988700859));
#1604=CARTESIAN_POINT('',(-245.063148804571,117.146896052295,15.7322743848075));
#1605=CARTESIAN_POINT('',(-245.063148804571,117.146896052295,37.7322743848074));
#1606=CARTESIAN_POINT('',(-245.393337155065,117.376908945117,15.5599992148278));
#1607=CARTESIAN_POINT('',(-245.393337155065,117.376908945117,37.5599992148277));
#1608=CARTESIAN_POINT('',(-245.789726460204,117.635921862515,15.3351717218904));
#1609=CARTESIAN_POINT('',(-245.789726460204,117.635921862515,37.3351717218903));
#1610=CARTESIAN_POINT('',(-246.159081694239,117.862106439952,15.1030268058202));
#1611=CARTESIAN_POINT('',(-246.159081694239,117.862106439952,37.1030268058201));
#1612=CARTESIAN_POINT('',(-246.432818952174,118.024054893654,14.9197823377405));
#1613=CARTESIAN_POINT('',(-246.432818952174,118.024054893654,36.9197823377405));
#1614=CARTESIAN_POINT('',(-246.785485464695,118.228528969327,14.6700037259461));
#1615=CARTESIAN_POINT('',(-246.785485464695,118.228528969327,36.670003725946));
#1616=CARTESIAN_POINT('',(-247.260232043406,118.494040075539,14.3044119867401));
#1617=CARTESIAN_POINT('',(-247.260232043406,118.494040075539,36.3044119867401));
#1618=CARTESIAN_POINT('',(-247.759285604214,118.76692362839,13.8539478076998));
#1619=CARTESIAN_POINT('',(-247.759285604214,118.76692362839,35.8539478076997));
#1620=CARTESIAN_POINT('',(-248.130030063901,118.970232595066,13.4803755964757));
#1621=CARTESIAN_POINT('',(-248.130030063901,118.970232595066,35.4803755964756));
#1622=CARTESIAN_POINT('',(-248.388246404446,119.112713725652,13.1991886293915));
#1623=CARTESIAN_POINT('',(-248.388246404446,119.112713725652,35.1991886293915));
#1624=CARTESIAN_POINT('',(-248.601528071879,119.231979054431,12.9225864789713));
#1625=CARTESIAN_POINT('',(-248.601528071879,119.231979054431,34.9225864789712));
#1626=CARTESIAN_POINT('',(-248.773258709187,119.330866021543,12.6319576671636));
#1627=CARTESIAN_POINT('',(-248.773258709187,119.330866021543,34.6319576671635));
#1628=CARTESIAN_POINT('',(-248.948398788563,119.436205387859,12.3164555391199));
#1629=CARTESIAN_POINT('',(-248.948398788563,119.436205387859,34.3164555391198));
#1630=CARTESIAN_POINT('',(-249.193525002724,119.590252202465,11.8780948792556));
#1631=CARTESIAN_POINT('',(-249.193525002724,119.590252202465,33.8780948792555));
#1632=CARTESIAN_POINT('',(-249.51726627051,119.807276123988,11.3551038331859));
#1633=CARTESIAN_POINT('',(-249.51726627051,119.807276123988,33.3551038331859));
#1634=CARTESIAN_POINT('',(-249.939258013837,120.110360332231,10.7391657126287));
#1635=CARTESIAN_POINT('',(-249.939258013837,120.110360332231,32.7391657126286));
#1636=CARTESIAN_POINT('',(-250.308250676542,120.391129645382,10.2398879518246));
#1637=CARTESIAN_POINT('',(-250.308250676543,120.391129645382,32.2398879518245));
#1638=CARTESIAN_POINT('',(-250.618458595485,120.635555441328,9.84778558370697));
#1639=CARTESIAN_POINT('',(-250.618458595485,120.635555441328,31.8477855837069));
#1640=CARTESIAN_POINT('',(-250.864291969417,120.832734035226,9.55504025417198));
#1641=CARTESIAN_POINT('',(-250.864291969417,120.832734035226,31.5550402541719));
#1642=CARTESIAN_POINT('',(-251.119257408301,121.040163167644,9.26646504597402));
#1643=CARTESIAN_POINT('',(-251.119257408301,121.040163167644,31.266465045974));
#1644=CARTESIAN_POINT('',(-251.433896778462,121.298648046989,8.92504799616053));
#1645=CARTESIAN_POINT('',(-251.433896778462,121.298648046989,30.9250479961605));
#1646=CARTESIAN_POINT('',(-251.820755008584,121.61954845132,8.53555005666925));
#1647=CARTESIAN_POINT('',(-251.820755008584,121.61954845132,30.5355500566692));
#1648=CARTESIAN_POINT('',(-252.315116402457,122.028328467751,8.09345979208405));
#1649=CARTESIAN_POINT('',(-252.315116402457,122.028328467751,30.093459792084));
#1650=CARTESIAN_POINT('',(-252.849283739565,122.462002424583,7.67041028323751));
#1651=CARTESIAN_POINT('',(-252.849283739565,122.462002424583,29.6704102832374));
#1652=CARTESIAN_POINT('',(-253.363026870714,122.865785283774,7.31878486486507));
#1653=CARTESIAN_POINT('',(-253.363026870714,122.865785283774,29.318784864865));
#1654=CARTESIAN_POINT('',(-253.866655212176,123.24547854011,7.02046404645969));
#1655=CARTESIAN_POINT('',(-253.866655212176,123.24547854011,29.0204640464596));
#1656=CARTESIAN_POINT('',(-254.348245423893,123.591982590723,6.77660186812847));
#1657=CARTESIAN_POINT('',(-254.348245423893,123.591982590723,28.7766018681284));
#1658=CARTESIAN_POINT('',(-254.866377415944,123.94338139377,6.5520016384711));
#1659=CARTESIAN_POINT('',(-254.866377415944,123.94338139377,28.552001638471));
#1660=CARTESIAN_POINT('',(-255.497297077718,124.342035876391,6.32187772010813));
#1661=CARTESIAN_POINT('',(-255.497297077718,124.342035876391,28.3218777201081));
#1662=CARTESIAN_POINT('',(-256.262737882631,124.779867098119,6.10134539332169));
#1663=CARTESIAN_POINT('',(-256.262737882631,124.779867098119,28.1013453933216));
#1664=CARTESIAN_POINT('',(-257.178758004482,125.231604992128,5.90941629408181));
#1665=CARTESIAN_POINT('',(-257.178758004482,125.231604992128,27.9094162940817));
#1666=CARTESIAN_POINT('',(-258.164899310476,125.635711968384,5.76167833282616));
#1667=CARTESIAN_POINT('',(-258.164899310476,125.635711968384,27.7616783328261));
#1668=CARTESIAN_POINT('',(-258.892680857925,125.871519975201,5.68777667605266));
#1669=CARTESIAN_POINT('',(-258.892680857925,125.871519975201,27.6877766760526));
#1670=CARTESIAN_POINT('',(-259.30278649681,125.985038065921,5.65462802250614));
#1671=CARTESIAN_POINT('',(-259.30278649681,125.985038065921,27.6546280225061));
#1672=CARTESIAN_POINT('',(-259.374216711622,126.00441007988,5.64908162823342));
#1673=CARTESIAN_POINT('',(-259.374216711622,126.00441007988,27.6490816282334));
#1674=CARTESIAN_POINT('',(-259.445389813618,126.023309822605,5.64367409773448));
#1675=CARTESIAN_POINT('',(-259.445389813618,126.023309822605,27.6436740977344));
#1676=CARTESIAN_POINT('',(-259.779782445551,126.110235801295,5.61922508288675));
#1677=CARTESIAN_POINT('',(-259.779782445551,126.110235801295,27.6192250828867));
#1678=CARTESIAN_POINT('',(-260.381844238979,126.244673298607,5.58357580744863));
#1679=CARTESIAN_POINT('',(-260.381844238979,126.244673298607,27.5835758074486));
#1680=CARTESIAN_POINT('',(-261.256140680878,126.382273263538,5.55066123245799));
#1681=CARTESIAN_POINT('',(-261.256140680878,126.382273263538,27.5506612324579));
#1682=CARTESIAN_POINT('',(-262.136118305537,126.464301626935,5.53323738678414));
#1683=CARTESIAN_POINT('',(-262.136118305537,126.464301626935,27.5332373867841));
#1684=CARTESIAN_POINT('',(-263.016079444934,126.491231471663,5.52839935306719));
#1685=CARTESIAN_POINT('',(-263.016079444934,126.491231471663,27.5283993530671));
#1686=CARTESIAN_POINT('',(-263.896040584316,126.464301626934,5.53323738678407));
#1687=CARTESIAN_POINT('',(-263.896040584316,126.464301626934,27.533237386784));
#1688=CARTESIAN_POINT('',(-264.776018208978,126.382273263537,5.55066123245762));
#1689=CARTESIAN_POINT('',(-264.776018208978,126.382273263537,27.5506612324576));
#1690=CARTESIAN_POINT('',(-265.650314650877,126.244673298607,5.58357580744833));
#1691=CARTESIAN_POINT('',(-265.650314650877,126.244673298607,27.5835758074483));
#1692=CARTESIAN_POINT('',(-266.252376444314,126.110235801292,5.61922508288617));
#1693=CARTESIAN_POINT('',(-266.252376444314,126.110235801292,27.6192250828861));
#1694=CARTESIAN_POINT('',(-266.58676907622,126.02330982261,5.64367409773509));
#1695=CARTESIAN_POINT('',(-266.58676907622,126.02330982261,27.643674097735));
#1696=CARTESIAN_POINT('',(-266.657942178274,126.00441007987,5.64908162823288));
#1697=CARTESIAN_POINT('',(-266.657942178274,126.00441007987,27.6490816282328));
#1698=CARTESIAN_POINT('',(-266.729372393076,125.985038065912,5.65462802250455));
#1699=CARTESIAN_POINT('',(-266.729372393076,125.985038065912,27.6546280225045));
#1700=CARTESIAN_POINT('',(-267.139478031909,125.871519975208,5.68777667605239));
#1701=CARTESIAN_POINT('',(-267.139478031909,125.871519975208,27.6877766760523));
#1702=CARTESIAN_POINT('',(-267.867259579387,125.635711968382,5.76167833282535));
#1703=CARTESIAN_POINT('',(-267.867259579387,125.635711968382,27.7616783328253));
#1704=CARTESIAN_POINT('',(-268.853400885372,125.231604992127,5.90941629408125));
#1705=CARTESIAN_POINT('',(-268.853400885372,125.231604992127,27.9094162940812));
#1706=CARTESIAN_POINT('',(-269.769421007225,124.779867098119,6.10134539332105));
#1707=CARTESIAN_POINT('',(-269.769421007225,124.779867098119,28.101345393321));
#1708=CARTESIAN_POINT('',(-270.534861812134,124.342035876393,6.32187772010779));
#1709=CARTESIAN_POINT('',(-270.534861812134,124.342035876393,28.3218777201077));
#1710=CARTESIAN_POINT('',(-271.165781473915,123.943381393767,6.55200163847024));
#1711=CARTESIAN_POINT('',(-271.165781473915,123.943381393767,28.5520016384702));
#1712=CARTESIAN_POINT('',(-271.683913465961,123.591982590723,6.77660186812805));
#1713=CARTESIAN_POINT('',(-271.683913465961,123.591982590723,28.776601868128));
#1714=CARTESIAN_POINT('',(-272.165503677675,123.245478540113,7.02046404645972));
#1715=CARTESIAN_POINT('',(-272.165503677675,123.245478540113,29.0204640464597));
#1716=CARTESIAN_POINT('',(-272.669132019147,122.86578528377,7.31878486486458));
#1717=CARTESIAN_POINT('',(-272.669132019147,122.86578528377,29.3187848648645));
#1718=CARTESIAN_POINT('',(-273.182875150285,122.462002424586,7.67041028323592));
#1719=CARTESIAN_POINT('',(-273.182875150286,122.462002424586,29.6704102832359));
#1720=CARTESIAN_POINT('',(-273.717042487397,122.028328467752,8.09345979208392));
#1721=CARTESIAN_POINT('',(-273.717042487397,122.028328467752,30.0934597920838));
#1722=CARTESIAN_POINT('',(-274.211403881274,121.619548451318,8.53555005666991));
#1723=CARTESIAN_POINT('',(-274.211403881274,121.619548451318,30.5355500566698));
#1724=CARTESIAN_POINT('',(-274.598262111399,121.298648046984,8.92504799616187));
#1725=CARTESIAN_POINT('',(-274.598262111399,121.298648046984,30.9250479961618));
#1726=CARTESIAN_POINT('',(-274.912901481545,121.040163167652,9.26646504596945));
#1727=CARTESIAN_POINT('',(-274.912901481545,121.040163167652,31.2664650459694));
#1728=CARTESIAN_POINT('',(-275.167866920434,120.83273403523,9.55504025417221));
#1729=CARTESIAN_POINT('',(-275.167866920435,120.83273403523,31.5550402541721));
#1730=CARTESIAN_POINT('',(-275.413700294381,120.63555544132,9.84778558371153));
#1731=CARTESIAN_POINT('',(-275.413700294381,120.63555544132,31.8477855837115));
#1732=CARTESIAN_POINT('',(-275.72390821331,120.391129645383,10.2398879518227));
#1733=CARTESIAN_POINT('',(-275.72390821331,120.391129645383,32.2398879518226));
#1734=CARTESIAN_POINT('',(-276.092900876018,120.110360332231,10.7391657126293));
#1735=CARTESIAN_POINT('',(-276.092900876018,120.110360332231,32.7391657126292));
#1736=CARTESIAN_POINT('',(-276.514892619345,119.80727612399,11.3551038331854));
#1737=CARTESIAN_POINT('',(-276.514892619345,119.80727612399,33.3551038331853));
#1738=CARTESIAN_POINT('',(-276.838633887131,119.590252202465,11.8780948792551));
#1739=CARTESIAN_POINT('',(-276.838633887131,119.590252202465,33.878094879255));
#1740=CARTESIAN_POINT('',(-277.083760101288,119.436205387863,12.3164555391191));
#1741=CARTESIAN_POINT('',(-277.083760101288,119.436205387863,34.316455539119));
#1742=CARTESIAN_POINT('',(-277.258900180681,119.330866021536,12.6319576671633));
#1743=CARTESIAN_POINT('',(-277.258900180681,119.330866021536,34.6319576671633));
#1744=CARTESIAN_POINT('',(-277.430630817991,119.231979054422,12.9225864789729));
#1745=CARTESIAN_POINT('',(-277.430630817991,119.231979054422,34.9225864789728));
#1746=CARTESIAN_POINT('',(-277.643912485379,119.112713725669,13.1991886293929));
#1747=CARTESIAN_POINT('',(-277.643912485379,119.112713725669,35.1991886293929));
#1748=CARTESIAN_POINT('',(-277.902128825839,118.970232595133,13.4803755964715));
#1749=CARTESIAN_POINT('',(-277.902128825839,118.970232595133,35.4803755964715));
#1750=CARTESIAN_POINT('',(-278.272873286147,118.766923628124,13.8539478076969));
#1751=CARTESIAN_POINT('',(-278.272873286147,118.766923628124,35.8539478076969));
#1752=CARTESIAN_POINT('',(-278.771926845612,118.494040075913,14.3044119867846));
#1753=CARTESIAN_POINT('',(-278.771926845612,118.494040075913,36.3044119867845));
#1754=CARTESIAN_POINT('',(-279.24667342468,118.228528969816,14.670003725827));
#1755=CARTESIAN_POINT('',(-279.24667342468,118.228528969816,36.670003725827));
#1756=CARTESIAN_POINT('',(-279.599339944537,118.024054889299,14.9197823379561));
#1757=CARTESIAN_POINT('',(-279.599339944537,118.024054889299,36.9197823379561));
#1758=CARTESIAN_POINT('',(-279.873077160614,117.862106461047,15.1030268058993));
#1759=CARTESIAN_POINT('',(-279.873077160614,117.862106461047,37.1030268058993));
#1760=CARTESIAN_POINT('',(-280.24243249812,117.635921822841,15.3351717200943));
#1761=CARTESIAN_POINT('',(-280.24243249812,117.635921822841,37.3351717200942));
#1762=CARTESIAN_POINT('',(-280.638821703784,117.376908954717,15.5599992201367));
#1763=CARTESIAN_POINT('',(-280.638821703784,117.376908954717,37.5599992201367));
#1764=CARTESIAN_POINT('',(-280.969009899096,117.146896203734,15.7322743756115));
#1765=CARTESIAN_POINT('',(-280.969009899096,117.146896203734,37.7322743756115));
#1766=CARTESIAN_POINT('',(-281.209397550946,116.971429352139,15.8515988653024));
#1767=CARTESIAN_POINT('',(-281.209397550946,116.971429352139,37.8515988653023));
#1768=CARTESIAN_POINT('',(-281.447721265605,116.788946937525,15.9617648551745));
#1769=CARTESIAN_POINT('',(-281.447721265605,116.788946937525,37.9617648551744));
#1770=CARTESIAN_POINT('',(-281.685952945738,116.596765464947,16.0644038999883));
#1771=CARTESIAN_POINT('',(-281.685952945738,116.596765464947,38.0644038999882));
#1772=CARTESIAN_POINT('',(-281.934574214307,116.384287827805,16.1666682619211));
#1773=CARTESIAN_POINT('',(-281.934574214307,116.384287827805,38.166668261921));
#1774=CARTESIAN_POINT('',(-282.198963028003,116.142921710367,16.2668267643362));
#1775=CARTESIAN_POINT('',(-282.198963028003,116.142921710367,38.2668267643362));
#1776=CARTESIAN_POINT('',(-282.473149813516,115.872360914392,16.3631482305966));
#1777=CARTESIAN_POINT('',(-282.473149813516,115.872360914392,38.3631482305965));
#1778=CARTESIAN_POINT('',(-282.841943990463,115.476214976185,16.4847917933483));
#1779=CARTESIAN_POINT('',(-282.841943990463,115.476214976185,38.4847917933482));
#1780=CARTESIAN_POINT('',(-283.197993658852,115.035705191384,16.5850558049609));
#1781=CARTESIAN_POINT('',(-283.197993658852,115.035705191384,38.5850558049608));
#1782=CARTESIAN_POINT('',(-283.5138082913,114.567224368789,16.6674410946068));
#1783=CARTESIAN_POINT('',(-283.5138082913,114.567224368789,38.6674410946068));
#1784=CARTESIAN_POINT('',(-283.702835091765,114.257630138716,16.7161298117595));
#1785=CARTESIAN_POINT('',(-283.702835091765,114.257630138716,38.7161298117594));
#1786=CARTESIAN_POINT('',(-283.883107781162,113.92758041523,16.761764186872));
#1787=CARTESIAN_POINT('',(-283.883107781163,113.92758041523,38.7617641868719));
#1788=CARTESIAN_POINT('',(-283.995790119651,113.693968259036,16.7901666805899));
#1789=CARTESIAN_POINT('',(-283.995790119651,113.693968259036,38.7901666805898));
#1790=CARTESIAN_POINT('',(-284.050016360935,113.57345906479,16.8037773290563));
#1791=CARTESIAN_POINT('',(-284.050016360935,113.57345906479,38.8037773290562));
#1792=CARTESIAN_POINT('',(-240.881634226538,66.9281000461118,18.9973878378319));
#1793=CARTESIAN_POINT('',(-269.333502802521,112.243972194332,2.5799970402511));
#1794=CARTESIAN_POINT('',(-269.376717424057,112.059746997459,2.61615114400759));
#1795=CARTESIAN_POINT('',(-269.534051392384,111.364429842656,2.76208351099505));
#1796=CARTESIAN_POINT('',(-269.808569725817,109.919446695336,3.11183439226568));
#1797=CARTESIAN_POINT('',(-270.077821227865,108.19130965475,3.55379113622896));
#1798=CARTESIAN_POINT('',(-270.404499802153,105.575508357215,4.2129942996556));
#1799=CARTESIAN_POINT('',(-270.704802241815,101.845071805632,5.06871174024106));
#1800=CARTESIAN_POINT('',(-270.841765394334,97.0000000000002,5.59482759911318));
#1801=CARTESIAN_POINT('',(-270.704802241815,92.1549281943689,5.06871174024106));
#1802=CARTESIAN_POINT('',(-270.404499802153,88.4244916427857,4.2129942996556));
#1803=CARTESIAN_POINT('',(-270.077821227865,85.8086903452505,3.55379113622896));
#1804=CARTESIAN_POINT('',(-269.808569725817,84.0805533046647,3.11183439226567));
#1805=CARTESIAN_POINT('',(-269.534051392384,82.6355701573448,2.76208351099506));
#1806=CARTESIAN_POINT('',(-269.376717424057,81.9402530025415,2.6161511440076));
#1807=CARTESIAN_POINT('',(-269.333502802521,81.7560278056687,2.5799970402511));
#1808=CARTESIAN_POINT('',(-269.370042933539,112.345956229693,2.5959921490903));
#1809=CARTESIAN_POINT('',(-269.493675771112,112.075980061448,2.68488906341066));
#1810=CARTESIAN_POINT('',(-269.687715654025,111.384784990098,2.85207474523554));
#1811=CARTESIAN_POINT('',(-269.991229318192,109.940897889179,3.2180488870687));
#1812=CARTESIAN_POINT('',(-270.2809675471,108.211664802193,3.67102592978814));
#1813=CARTESIAN_POINT('',(-270.626930443391,105.592314402026,4.34010306958427));
#1814=CARTESIAN_POINT('',(-270.942492368455,101.855092801296,5.20309630275204));
#1815=CARTESIAN_POINT('',(-271.085072845373,97.0000000000005,5.73155096602174));
#1816=CARTESIAN_POINT('',(-270.942492368455,92.1449071987049,5.20309630275203));
#1817=CARTESIAN_POINT('',(-270.626930443391,88.4076855979741,4.34010306958427));
#1818=CARTESIAN_POINT('',(-270.2809675471,85.7883351978078,3.67102592978814));
#1819=CARTESIAN_POINT('',(-269.991229318192,84.0591021108211,3.2180488870687));
#1820=CARTESIAN_POINT('',(-269.687715654025,82.6152150099019,2.85207474523553));
#1821=CARTESIAN_POINT('',(-269.493675771112,81.9240199385522,2.68488906341062));
#1822=CARTESIAN_POINT('',(-269.370042933539,81.6540437703075,2.59599214909029));
#1823=CARTESIAN_POINT('',(-269.502171757319,112.707238501218,2.66641898579368));
#1824=CARTESIAN_POINT('',(-269.664259499769,112.353122591388,2.78126952743543));
#1825=CARTESIAN_POINT('',(-269.954735528943,111.546404527485,3.02229549981411));
#1826=CARTESIAN_POINT('',(-270.322539890218,110.054643047258,3.4360493244924));
#1827=CARTESIAN_POINT('',(-270.65562325371,108.294971531011,3.92025821410596));
#1828=CARTESIAN_POINT('',(-271.040600119513,105.648346894685,4.61537495643194));
#1829=CARTESIAN_POINT('',(-271.386870125522,101.883356384348,5.49377655765596));
#1830=CARTESIAN_POINT('',(-271.540651698631,97.0000000000001,6.024619787717));
#1831=CARTESIAN_POINT('',(-271.386870125522,92.1166436156525,5.49377655765597));
#1832=CARTESIAN_POINT('',(-271.040600119513,88.3516531053158,4.61537495643194));
#1833=CARTESIAN_POINT('',(-270.65562325371,85.7050284689901,3.92025821410596));
#1834=CARTESIAN_POINT('',(-270.322539890218,83.9453569527423,3.43604932449241));
#1835=CARTESIAN_POINT('',(-269.954735528943,82.4535954725156,3.0222954998141));
#1836=CARTESIAN_POINT('',(-269.664259499769,81.6468774086129,2.78126952743545));
#1837=CARTESIAN_POINT('',(-269.502171757319,81.2927614987822,2.66641898579366));
#1838=CARTESIAN_POINT('',(-269.739927950033,113.327831441494,2.88967748357833));
#1839=CARTESIAN_POINT('',(-269.931529391268,112.908390834863,3.02093566383093));
#1840=CARTESIAN_POINT('',(-270.286525284777,111.983316890893,3.30888166484458));
#1841=CARTESIAN_POINT('',(-270.744771791796,110.35555762323,3.80167404793381));
#1842=CARTESIAN_POINT('',(-271.139144599204,108.506079844274,4.33992427263544));
#1843=CARTESIAN_POINT('',(-271.579368787425,105.778670820053,5.08045877556912));
#1844=CARTESIAN_POINT('',(-271.968309940524,101.943310871962,5.97823556269856));
#1845=CARTESIAN_POINT('',(-272.137138999512,97.0000000000002,6.50574509836115));
#1846=CARTESIAN_POINT('',(-271.968309940524,92.0566891280384,5.97823556269858));
#1847=CARTESIAN_POINT('',(-271.579368787425,88.2213291799469,5.08045877556911));
#1848=CARTESIAN_POINT('',(-271.139144599203,85.4939201557261,4.33992427263544));
#1849=CARTESIAN_POINT('',(-270.744771791796,83.64444237677,3.8016740479338));
#1850=CARTESIAN_POINT('',(-270.286525284777,82.0166831091074,3.30888166484459));
#1851=CARTESIAN_POINT('',(-269.931529391268,81.0916091651377,3.02093566383093));
#1852=CARTESIAN_POINT('',(-269.739927950033,80.6721685585069,2.88967748357833));
#1853=CARTESIAN_POINT('',(-269.992717646947,113.923072258536,3.23537794828402));
#1854=CARTESIAN_POINT('',(-270.204546631017,113.458348946434,3.37443685703408));
#1855=CARTESIAN_POINT('',(-270.60176087262,112.446467641456,3.68726303790759));
#1856=CARTESIAN_POINT('',(-271.119561618623,110.704537565734,4.22783256253387));
#1857=CARTESIAN_POINT('',(-271.560652311432,108.761695295817,4.80693750367202));
#1858=CARTESIAN_POINT('',(-272.048240581864,105.934283909081,5.58673153146654));
#1859=CARTESIAN_POINT('',(-272.472503602961,102.013718810475,6.4938384234686));
#1860=CARTESIAN_POINT('',(-272.652972488841,97.0000000000002,7.01104830157341));
#1861=CARTESIAN_POINT('',(-272.472503602961,91.9862811895251,6.4938384234686));
#1862=CARTESIAN_POINT('',(-272.048240581864,88.0657160909195,5.58673153146653));
#1863=CARTESIAN_POINT('',(-271.560652311433,85.2383047041836,4.80693750367204));
#1864=CARTESIAN_POINT('',(-271.119561618623,83.2954624342663,4.22783256253386));
#1865=CARTESIAN_POINT('',(-270.60176087262,81.5535323585443,3.68726303790759));
#1866=CARTESIAN_POINT('',(-270.204546631017,80.541651053567,3.37443685703408));
#1867=CARTESIAN_POINT('',(-269.992717646947,80.0769277414645,3.23537794828402));
#1868=CARTESIAN_POINT('',(-270.346860075738,114.628184328916,3.85482708515414));
#1869=CARTESIAN_POINT('',(-270.577023040387,114.121821586767,3.99585935511383));
#1870=CARTESIAN_POINT('',(-271.010160092852,113.026114111047,4.31944350212172));
#1871=CARTESIAN_POINT('',(-271.577558499263,111.162152809569,4.88710813274759));
#1872=CARTESIAN_POINT('',(-272.061909191596,109.106337306567,5.49479076233619));
#1873=CARTESIAN_POINT('',(-272.595992440215,106.147505549032,6.3020310522028));
#1874=CARTESIAN_POINT('',(-273.052274506837,102.112059780176,7.19977435618623));
#1875=CARTESIAN_POINT('',(-273.241514949149,97.0000000000001,7.69389751523635));
#1876=CARTESIAN_POINT('',(-273.052274506837,91.887940219824,7.19977435618625));
#1877=CARTESIAN_POINT('',(-272.595992440215,87.8524944509686,6.30203105220279));
#1878=CARTESIAN_POINT('',(-272.061909191596,84.8936626934337,5.49479076233619));
#1879=CARTESIAN_POINT('',(-271.577558499263,82.8378471904319,4.88710813274759));
#1880=CARTESIAN_POINT('',(-271.010160092852,80.9738858889534,4.31944350212173));
#1881=CARTESIAN_POINT('',(-270.577023040387,79.8781784132329,3.99585935511386));
#1882=CARTESIAN_POINT('',(-270.346860075738,79.3718156710848,3.85482708515414));
#1883=CARTESIAN_POINT('',(-270.816039974631,115.240920903682,4.91746552867377));
#1884=CARTESIAN_POINT('',(-271.059950517868,114.702669560344,5.05087823747802));
#1885=CARTESIAN_POINT('',(-271.517363674781,113.5429967383,5.35895093779607));
#1886=CARTESIAN_POINT('',(-272.112198955206,111.585165899892,5.90135893291933));
#1887=CARTESIAN_POINT('',(-272.61568911443,109.440202256906,6.48062296920615));
#1888=CARTESIAN_POINT('',(-273.165134943452,106.372325394503,7.24419253449656));
#1889=CARTESIAN_POINT('',(-273.623276095445,102.225591308867,8.07358007660564));
#1890=CARTESIAN_POINT('',(-273.806694332926,97.0000000000002,8.52118283606946));
#1891=CARTESIAN_POINT('',(-273.623276095445,91.774408691133,8.07358007660563));
#1892=CARTESIAN_POINT('',(-273.165134943452,87.6276746054978,7.24419253449656));
#1893=CARTESIAN_POINT('',(-272.61568911443,84.5597977430948,6.48062296920615));
#1894=CARTESIAN_POINT('',(-272.112198955206,82.414834100108,5.90135893291933));
#1895=CARTESIAN_POINT('',(-271.517363674781,80.4570032617003,5.35895093779607));
#1896=CARTESIAN_POINT('',(-271.059950517868,79.2973304396564,5.050878237478));
#1897=CARTESIAN_POINT('',(-270.816039974631,78.7590790963186,4.91746552867377));
#1898=CARTESIAN_POINT('',(-271.272932398915,115.414374596733,5.8955285635321));
#1899=CARTESIAN_POINT('',(-271.519896667686,114.86874399595,6.01423851683246));
#1900=CARTESIAN_POINT('',(-271.97742347861,113.694369666605,6.28719483620504));
#1901=CARTESIAN_POINT('',(-272.558656909911,111.714636212163,6.76545718587864));
#1902=CARTESIAN_POINT('',(-273.038981950892,109.547898220215,7.27476603846613));
#1903=CARTESIAN_POINT('',(-273.55040201146,106.4511314115,7.94486468886699));
#1904=CARTESIAN_POINT('',(-273.958148085199,102.268498671428,8.67119742064894));
#1905=CARTESIAN_POINT('',(-274.110184128653,97.0000000000001,9.06248082723047));
#1906=CARTESIAN_POINT('',(-273.958148085199,91.7315013285726,8.67119742064895));
#1907=CARTESIAN_POINT('',(-273.550402011461,87.5488685885009,7.94486468886698));
#1908=CARTESIAN_POINT('',(-273.038981950892,84.4521017797854,7.27476603846615));
#1909=CARTESIAN_POINT('',(-272.558656909911,82.2853637878371,6.76545718587863));
#1910=CARTESIAN_POINT('',(-271.97742347861,80.3056303333952,6.28719483620504));
#1911=CARTESIAN_POINT('',(-271.519896667686,79.1312560040501,6.01423851683247));
#1912=CARTESIAN_POINT('',(-271.272932398915,78.5856254032677,5.89552856353209));
#1913=CARTESIAN_POINT('',(-271.535085700202,115.414374596733,6.37164901500071));
#1914=CARTESIAN_POINT('',(-271.782049968972,114.86874399595,6.48139370730409));
#1915=CARTESIAN_POINT('',(-272.235480634564,113.694369666605,6.73316059890252));
#1916=CARTESIAN_POINT('',(-272.801353520868,111.714636212163,7.17314676212803));
#1917=CARTESIAN_POINT('',(-273.260173798853,109.547898220215,7.6409720560342));
#1918=CARTESIAN_POINT('',(-273.73882469676,106.4511314115,8.25586236195366));
#1919=CARTESIAN_POINT('',(-274.105609317172,102.268498671428,8.92158959531857));
#1920=CARTESIAN_POINT('',(-274.233068488631,97.0000000000002,9.27987167572373));
#1921=CARTESIAN_POINT('',(-274.105609317172,91.7315013285726,8.92158959531855));
#1922=CARTESIAN_POINT('',(-273.73882469676,87.5488685885009,8.25586236195365));
#1923=CARTESIAN_POINT('',(-273.260173798853,84.4521017797854,7.64097205603419));
#1924=CARTESIAN_POINT('',(-272.801353520868,82.2853637878371,7.17314676212805));
#1925=CARTESIAN_POINT('',(-272.235480634564,80.3056303333952,6.73316059890252));
#1926=CARTESIAN_POINT('',(-271.782049968972,79.13125600405,6.48139370730409));
#1927=CARTESIAN_POINT('',(-271.535085700202,78.5856254032676,6.37164901500071));
#1928=CARTESIAN_POINT('',(-272.059392302775,115.414374596733,7.32388991793793));
#1929=CARTESIAN_POINT('',(-272.306356571546,114.86874399595,7.41570408824731));
#1930=CARTESIAN_POINT('',(-272.751594946472,113.694369666605,7.62509212429747));
#1931=CARTESIAN_POINT('',(-273.286746742782,111.714636212163,7.98852591462686));
#1932=CARTESIAN_POINT('',(-273.702557494774,109.547898220215,8.37338409117031));
#1933=CARTESIAN_POINT('',(-274.11567006736,106.4511314115,8.87785770812698));
#1934=CARTESIAN_POINT('',(-274.40053178112,102.268498671428,9.42237394465778));
#1935=CARTESIAN_POINT('',(-274.478837208587,97.0000000000002,9.71465337271025));
#1936=CARTESIAN_POINT('',(-274.40053178112,91.7315013285726,9.42237394465779));
#1937=CARTESIAN_POINT('',(-274.11567006736,87.5488685885009,8.87785770812698));
#1938=CARTESIAN_POINT('',(-273.702557494774,84.4521017797853,8.37338409117031));
#1939=CARTESIAN_POINT('',(-273.286746742782,82.2853637878371,7.98852591462686));
#1940=CARTESIAN_POINT('',(-272.751594946472,80.3056303333952,7.62509212429747));
#1941=CARTESIAN_POINT('',(-272.306356571546,79.13125600405,7.41570408824732));
#1942=CARTESIAN_POINT('',(-272.059392302775,78.5856254032676,7.32388991793793));
#1943=CARTESIAN_POINT('',(-273.377662221078,114.720559824529,9.12508319612801));
#1944=CARTESIAN_POINT('',(-273.612411587717,114.204446253525,9.16812525648884));
#1945=CARTESIAN_POINT('',(-274.008041602605,113.088877953385,9.26370568303119));
#1946=CARTESIAN_POINT('',(-274.413274255443,111.196754963079,9.42440781778247));
#1947=CARTESIAN_POINT('',(-274.663688324454,109.117114366977,9.5912840249471));
#1948=CARTESIAN_POINT('',(-274.835674018925,106.135907343512,9.80714116768533));
#1949=CARTESIAN_POINT('',(-274.83057860579,102.096869221186,10.0366106645198));
#1950=CARTESIAN_POINT('',(-274.739490345419,97.0000000000002,10.1581515899852));
#1951=CARTESIAN_POINT('',(-274.83057860579,91.9031307788143,10.0366106645198));
#1952=CARTESIAN_POINT('',(-274.835674018925,87.8640926564885,9.80714116768533));
#1953=CARTESIAN_POINT('',(-274.663688324454,84.8828856330232,9.5912840249471));
#1954=CARTESIAN_POINT('',(-274.413274255443,82.8032450369212,9.42440781778247));
#1955=CARTESIAN_POINT('',(-274.008041602605,80.9111220466156,9.2637056830312));
#1956=CARTESIAN_POINT('',(-273.612411587717,79.7955537464757,9.16812525648884));
#1957=CARTESIAN_POINT('',(-273.377662221078,79.2794401754714,9.12508319612801));
#1958=CARTESIAN_POINT('',(-275.320777743224,113.55432224677,11.311614450017));
#1959=CARTESIAN_POINT('',(-275.527785101063,113.098173647865,11.3050762748978));
#1960=CARTESIAN_POINT('',(-275.82716666502,112.098270889539,11.2750652413719));
#1961=CARTESIAN_POINT('',(-275.998907479785,110.368452155693,11.1925586076033));
#1962=CARTESIAN_POINT('',(-275.959884687373,108.441520910686,11.0858758567381));
#1963=CARTESIAN_POINT('',(-275.71559338658,105.653265349385,10.9291493213));
#1964=CARTESIAN_POINT('',(-275.216159862615,101.839425045824,10.7393706911766));
#1965=CARTESIAN_POINT('',(-274.838871989046,97.0000000000002,10.6279553287723));
#1966=CARTESIAN_POINT('',(-275.216159862614,92.1605749541768,10.7393706911766));
#1967=CARTESIAN_POINT('',(-275.71559338658,88.346734650615,10.9291493213));
#1968=CARTESIAN_POINT('',(-275.959884687373,85.5584790893145,11.0858758567381));
#1969=CARTESIAN_POINT('',(-275.998907479785,83.6315478443073,11.1925586076033));
#1970=CARTESIAN_POINT('',(-275.82716666502,81.9017291104619,11.2750652413719));
#1971=CARTESIAN_POINT('',(-275.527785101063,80.9018263521352,11.3050762748978));
#1972=CARTESIAN_POINT('',(-275.320777743224,80.4456777532301,11.311614450017));
#1973=CARTESIAN_POINT('',(-276.469929949641,113.081899441215,12.6491933286532));
#1974=CARTESIAN_POINT('',(-276.661410200813,112.656198784631,12.6239165060085));
#1975=CARTESIAN_POINT('',(-276.90595938321,111.713155538912,12.5397427663738));
#1976=CARTESIAN_POINT('',(-276.943406413379,110.058030597391,12.3402066467673));
#1977=CARTESIAN_POINT('',(-276.737333916534,108.196711307633,12.0949797898885));
#1978=CARTESIAN_POINT('',(-276.252354173271,105.485847423247,11.7438693615297));
#1979=CARTESIAN_POINT('',(-275.466616758717,101.753610320703,11.3286783473106));
#1980=CARTESIAN_POINT('',(-274.923369215796,97.0000000000002,11.0890425472708));
#1981=CARTESIAN_POINT('',(-275.466616758717,92.2463896792977,11.3286783473106));
#1982=CARTESIAN_POINT('',(-276.252354173271,88.5141525767536,11.7438693615297));
#1983=CARTESIAN_POINT('',(-276.737333916534,85.8032886923678,12.0949797898885));
#1984=CARTESIAN_POINT('',(-276.943406413379,83.9419694026094,12.3402066467673));
#1985=CARTESIAN_POINT('',(-276.90595938321,82.2868444610881,12.5397427663738));
#1986=CARTESIAN_POINT('',(-276.661410200813,81.3438012153695,12.6239165060085));
#1987=CARTESIAN_POINT('',(-276.469929949641,80.918100558785,12.6491933286531));
#1988=CARTESIAN_POINT('',(-277.044506052849,112.845688038438,13.3179827679712));
#1989=CARTESIAN_POINT('',(-277.228222750687,112.435211353014,13.2833366215639));
#1990=CARTESIAN_POINT('',(-277.445355742305,111.520597863599,13.1720815288747));
#1991=CARTESIAN_POINT('',(-277.415655880177,109.90281981824,12.9140306663493));
#1992=CARTESIAN_POINT('',(-277.126058531114,108.074306506106,12.5995317564637));
#1993=CARTESIAN_POINT('',(-276.520734566616,105.402138460178,12.1512293816446));
#1994=CARTESIAN_POINT('',(-275.591845206769,101.710702958142,11.6233321753776));
#1995=CARTESIAN_POINT('',(-274.965617829171,97.0000000000001,11.3195861565201));
#1996=CARTESIAN_POINT('',(-275.591845206769,92.2892970418582,11.6233321753776));
#1997=CARTESIAN_POINT('',(-276.520734566616,88.597861539823,12.1512293816446));
#1998=CARTESIAN_POINT('',(-277.126058531114,85.9256934938944,12.5995317564637));
#1999=CARTESIAN_POINT('',(-277.415655880177,84.0971801817603,12.9140306663493));
#2000=CARTESIAN_POINT('',(-277.445355742305,82.4794021364011,13.1720815288747));
#2001=CARTESIAN_POINT('',(-277.228222750687,81.5647886469865,13.2833366215638));
#2002=CARTESIAN_POINT('',(-277.044506052849,81.1543119615624,13.3179827679712));
#2003=CARTESIAN_POINT('',(-278.282455481936,112.428613224545,14.7777182724532));
#2004=CARTESIAN_POINT('',(-278.449817021974,112.048817209578,14.7273592136276));
#2005=CARTESIAN_POINT('',(-278.608763553987,111.190576603622,14.5662579267924));
#2006=CARTESIAN_POINT('',(-278.435995974483,109.644263182634,14.1934650276402));
#2007=CARTESIAN_POINT('',(-277.968183284125,107.875990465599,13.7395396982415));
#2008=CARTESIAN_POINT('',(-277.105895904737,105.271672069501,13.0928074035855));
#2009=CARTESIAN_POINT('',(-275.871135236717,101.646341914302,12.3316036529143));
#2010=CARTESIAN_POINT('',(-275.06751825839,97.0000000000002,11.8937660495712));
#2011=CARTESIAN_POINT('',(-275.871135236717,92.3536580856987,12.3316036529143));
#2012=CARTESIAN_POINT('',(-277.105895904737,88.7283279304993,13.0928074035855));
#2013=CARTESIAN_POINT('',(-277.968183284125,86.1240095344015,13.7395396982415));
#2014=CARTESIAN_POINT('',(-278.435995974482,84.3557368173668,14.1934650276402));
#2015=CARTESIAN_POINT('',(-278.608763553987,82.8094233963787,14.5662579267924));
#2016=CARTESIAN_POINT('',(-278.449817021974,81.9511827904226,14.7273592136276));
#2017=CARTESIAN_POINT('',(-278.282455481936,81.571386775455,14.7777182724532));
#2018=CARTESIAN_POINT('',(-279.392928630883,111.841773951151,16.3906703536097));
#2019=CARTESIAN_POINT('',(-279.537550115831,111.504545160027,16.3291872635087));
#2020=CARTESIAN_POINT('',(-279.635874991093,110.728378800921,16.1333924204772));
#2021=CARTESIAN_POINT('',(-279.335285143294,109.293410578556,15.6776331224804));
#2022=CARTESIAN_POINT('',(-278.711295258007,107.622131319347,15.116225746073));
#2023=CARTESIAN_POINT('',(-277.614344858583,105.124554453759,14.3020437463673));
#2024=CARTESIAN_POINT('',(-276.058042381611,101.583844013977,13.3022908259023));
#2025=CARTESIAN_POINT('',(-275.050215104352,97.0000000000001,12.7096289052902));
#2026=CARTESIAN_POINT('',(-276.058042381611,92.4161559860236,13.3022908259023));
#2027=CARTESIAN_POINT('',(-277.614344858582,88.8754455462414,14.3020437463673));
#2028=CARTESIAN_POINT('',(-278.711295258007,86.3778686806538,15.116225746073));
#2029=CARTESIAN_POINT('',(-279.335285143294,84.7065894214447,15.6776331224804));
#2030=CARTESIAN_POINT('',(-279.635874991093,83.2716211990796,16.1333924204772));
#2031=CARTESIAN_POINT('',(-279.537550115831,82.4954548399739,16.3291872635087));
#2032=CARTESIAN_POINT('',(-279.392928630883,82.1582260488492,16.3906703536098));
#2033=CARTESIAN_POINT('',(-279.623754951138,111.210685637708,17.2437363204312));
#2034=CARTESIAN_POINT('',(-279.748671139306,110.912221196382,17.1790359337456));
#2035=CARTESIAN_POINT('',(-279.818063507547,110.216373949513,16.9821485015966));
#2036=CARTESIAN_POINT('',(-279.48959159839,108.901742939767,16.5291382870346));
#2037=CARTESIAN_POINT('',(-278.837318790478,107.342146743783,15.9632299161282));
#2038=CARTESIAN_POINT('',(-277.680899931943,104.970591505096,15.1178624264529));
#2039=CARTESIAN_POINT('',(-275.96967192571,101.523209257168,14.002812223469));
#2040=CARTESIAN_POINT('',(-274.836653348745,97.0000000000003,13.3104457653228));
#2041=CARTESIAN_POINT('',(-275.96967192571,92.4767907428321,14.002812223469));
#2042=CARTESIAN_POINT('',(-277.680899931943,89.0294084949044,15.1178624264529));
#2043=CARTESIAN_POINT('',(-278.837318790478,86.6578532562171,15.9632299161282));
#2044=CARTESIAN_POINT('',(-279.48959159839,85.0982570602339,16.5291382870345));
#2045=CARTESIAN_POINT('',(-279.818063507547,83.783626050488,16.9821485015966));
#2046=CARTESIAN_POINT('',(-279.748671139306,83.0877788036189,17.1790359337456));
#2047=CARTESIAN_POINT('',(-279.623754951138,82.7893143622923,17.2437363204312));
#2048=CARTESIAN_POINT('',(-279.510401383269,110.682244213608,17.6698848089468));
#2049=CARTESIAN_POINT('',(-279.618530402401,110.418925397861,17.6067240161567));
#2050=CARTESIAN_POINT('',(-279.668504919351,109.793793307693,17.4240330108715));
#2051=CARTESIAN_POINT('',(-279.336701585156,108.580033871623,17.0045463202742));
#2052=CARTESIAN_POINT('',(-278.69021859566,107.109635209942,16.4632675234532));
#2053=CARTESIAN_POINT('',(-277.530213609397,104.836941254793,15.6273072016196));
#2054=CARTESIAN_POINT('',(-275.749302763803,101.467062851479,14.4583798421161));
#2055=CARTESIAN_POINT('',(-274.548394411341,97.0000000000002,13.7074326435294));
#2056=CARTESIAN_POINT('',(-275.749302763803,92.5329371485216,14.4583798421161));
#2057=CARTESIAN_POINT('',(-277.530213609397,89.1630587452078,15.6273072016196));
#2058=CARTESIAN_POINT('',(-278.69021859566,86.8903647900586,16.4632675234532));
#2059=CARTESIAN_POINT('',(-279.336701585155,85.4199661283776,17.0045463202742));
#2060=CARTESIAN_POINT('',(-279.668504919351,84.2062066923072,17.4240330108715));
#2061=CARTESIAN_POINT('',(-279.618530402401,83.5810746021392,17.6067240161567));
#2062=CARTESIAN_POINT('',(-279.510401383269,83.3177557863926,17.6698848089468));
#2063=CARTESIAN_POINT('',(-279.152877298731,110.124360858835,17.8873791733131));
#2064=CARTESIAN_POINT('',(-279.240959382279,109.90597710977,17.830822142869));
#2065=CARTESIAN_POINT('',(-279.266296696698,109.365181963972,17.6790281739315));
#2066=CARTESIAN_POINT('',(-278.929134302786,108.25790090314,17.3214273288212));
#2067=CARTESIAN_POINT('',(-278.294115735818,106.870526101043,16.8200464244506));
#2068=CARTESIAN_POINT('',(-277.148424076575,104.685069354912,16.0076987040615));
#2069=CARTESIAN_POINT('',(-275.339699047842,101.394893987897,14.8123147721194));
#2070=CARTESIAN_POINT('',(-274.103819848729,97.0000000000002,14.0231047003719));
#2071=CARTESIAN_POINT('',(-275.339699047842,92.605106012103,14.8123147721194));
#2072=CARTESIAN_POINT('',(-277.148424076575,89.3149306450887,16.0076987040615));
#2073=CARTESIAN_POINT('',(-278.294115735818,87.1294738989571,16.8200464244506));
#2074=CARTESIAN_POINT('',(-278.929134302786,85.7420990968607,17.3214273288211));
#2075=CARTESIAN_POINT('',(-279.266296696698,84.6348180360283,17.6790281739314));
#2076=CARTESIAN_POINT('',(-279.240959382279,84.0940228902305,17.830822142869));
#2077=CARTESIAN_POINT('',(-279.152877298731,83.8756391411658,17.8873791733131));
#2078=CARTESIAN_POINT('',(-278.841426379354,109.792597655232,17.9151068495433));
#2079=CARTESIAN_POINT('',(-278.907574233083,109.627246034472,17.8708858408831));
#2080=CARTESIAN_POINT('',(-278.868157974649,109.148921593328,17.7660639342395));
#2081=CARTESIAN_POINT('',(-278.500949564222,108.074170147782,17.4392349647573));
#2082=CARTESIAN_POINT('',(-277.859122172003,106.717338663147,16.9570310968229));
#2083=CARTESIAN_POINT('',(-276.719495192705,104.571644581425,16.1575014986545));
#2084=CARTESIAN_POINT('',(-274.917044711782,101.33253169371,14.959310093615));
#2085=CARTESIAN_POINT('',(-273.684407720509,97.0000000000002,14.1608834876597));
#2086=CARTESIAN_POINT('',(-274.917044711782,92.6674683062909,14.9593100936151));
#2087=CARTESIAN_POINT('',(-276.719495192705,89.4283554185752,16.1575014986545));
#2088=CARTESIAN_POINT('',(-277.859122172003,87.2826613368534,16.9570310968229));
#2089=CARTESIAN_POINT('',(-278.500949564222,85.925829852219,17.4392349647573));
#2090=CARTESIAN_POINT('',(-278.868157974649,84.8510784066729,17.7660639342396));
#2091=CARTESIAN_POINT('',(-278.907574233083,84.3727539655282,17.8708858408831));
#2092=CARTESIAN_POINT('',(-278.841426379354,84.2074023447685,17.9151068495433));
#2093=CARTESIAN_POINT('',(-278.745043010976,109.697065002591,17.9176606178034));
#2094=CARTESIAN_POINT('',(-278.734636008848,109.569525735821,17.8963773352046));
#2095=CARTESIAN_POINT('',(-278.64619693256,109.076536787574,17.7992495312301));
#2096=CARTESIAN_POINT('',(-278.25106679797,107.997887698641,17.4778367686266));
#2097=CARTESIAN_POINT('',(-277.597663338974,106.644953857393,16.9989659199174));
#2098=CARTESIAN_POINT('',(-276.456346688154,104.511880716162,16.2020160045544));
#2099=CARTESIAN_POINT('',(-274.662464040053,101.296896097031,15.0052658865502));
#2100=CARTESIAN_POINT('',(-273.43923971736,97.0000000000002,14.2069907262276));
#2101=CARTESIAN_POINT('',(-274.662464040053,92.7031039029696,15.0052658865502));
#2102=CARTESIAN_POINT('',(-276.456346688154,89.4881192838386,16.2020160045544));
#2103=CARTESIAN_POINT('',(-277.597663338974,87.3550461426071,16.9989659199174));
#2104=CARTESIAN_POINT('',(-278.25106679797,86.0021123013594,17.4778367686266));
#2105=CARTESIAN_POINT('',(-278.64619693256,84.9234632124266,17.7992495312301));
#2106=CARTESIAN_POINT('',(-278.734636008848,84.4304742641791,17.8963773352046));
#2107=CARTESIAN_POINT('',(-278.745043010976,84.3029349974097,17.9176606178034));
#2108=CARTESIAN_POINT('',(-247.287115878879,109.697065002591,17.9176606178035));
#2109=CARTESIAN_POINT('',(-247.190732510502,109.792597655232,17.9151068495433));
#2110=CARTESIAN_POINT('',(-246.879281591125,110.124360858835,17.8873791733132));
#2111=CARTESIAN_POINT('',(-246.521757506587,110.682244213608,17.6698848089468));
#2112=CARTESIAN_POINT('',(-246.408403938718,111.210685637708,17.2437363204313));
#2113=CARTESIAN_POINT('',(-246.639230258973,111.841773951151,16.3906703536098));
#2114=CARTESIAN_POINT('',(-247.749703407919,112.428613224545,14.7777182724532));
#2115=CARTESIAN_POINT('',(-248.987652837007,112.845688038438,13.3179827679713));
#2116=CARTESIAN_POINT('',(-249.562228940215,113.081899441215,12.6491933286532));
#2117=CARTESIAN_POINT('',(-250.711381146631,113.55432224677,11.311614450017));
#2118=CARTESIAN_POINT('',(-252.654496668777,114.720559824529,9.12508319612804));
#2119=CARTESIAN_POINT('',(-253.972766587081,115.414374596733,7.32388991793795));
#2120=CARTESIAN_POINT('',(-254.497073189654,115.414374596733,6.37164901500073));
#2121=CARTESIAN_POINT('',(-254.759226490941,115.414374596733,5.8955285635321));
#2122=CARTESIAN_POINT('',(-255.216118915225,115.240920903682,4.9174655286738));
#2123=CARTESIAN_POINT('',(-255.685298814117,114.628184328916,3.85482708515416));
#2124=CARTESIAN_POINT('',(-256.039441242909,113.923072258536,3.23537794828405));
#2125=CARTESIAN_POINT('',(-256.292230939823,113.327831441494,2.88967748357836));
#2126=CARTESIAN_POINT('',(-256.529987132537,112.707238501218,2.6664189857937));
#2127=CARTESIAN_POINT('',(-256.662115956317,112.345956229693,2.59599214909032));
#2128=CARTESIAN_POINT('',(-256.698656087335,112.243972194332,2.57999704025111));
#2129=CARTESIAN_POINT('',(-247.363670734737,109.734877356581,17.9405983438648));
#2130=CARTESIAN_POINT('',(-247.256880364231,109.957949275991,17.9593278582035));
#2131=CARTESIAN_POINT('',(-246.967363674672,110.342744607899,17.9439362037573));
#2132=CARTESIAN_POINT('',(-246.629886525719,110.945563029354,17.7330456017369));
#2133=CARTESIAN_POINT('',(-246.533320126886,111.509150079035,17.308436707117));
#2134=CARTESIAN_POINT('',(-246.78385174392,112.179002742276,16.4521534437108));
#2135=CARTESIAN_POINT('',(-247.917064947957,112.808409239513,14.8280773312788));
#2136=CARTESIAN_POINT('',(-249.171369534846,113.256164723862,13.3526289143786));
#2137=CARTESIAN_POINT('',(-249.753709191387,113.5076000978,12.6744701512978));
#2138=CARTESIAN_POINT('',(-250.91838850447,114.010470845676,11.3181526251362));
#2139=CARTESIAN_POINT('',(-252.889246035416,115.236673395533,9.08204113576719));
#2140=CARTESIAN_POINT('',(-254.219730855851,115.960005197515,7.23207574762858));
#2141=CARTESIAN_POINT('',(-254.744037458425,115.960005197515,6.26190432269735));
#2142=CARTESIAN_POINT('',(-255.006190759711,115.960005197515,5.77681861023174));
#2143=CARTESIAN_POINT('',(-255.460029458463,115.77917224702,4.78405281986955));
#2144=CARTESIAN_POINT('',(-255.915461778766,115.134547071064,3.71379481519447));
#2145=CARTESIAN_POINT('',(-256.251270226979,114.387795570639,3.09631903953399));
#2146=CARTESIAN_POINT('',(-256.483832381058,113.747272048124,2.75841930332576));
#2147=CARTESIAN_POINT('',(-256.692074874988,113.061354411049,2.55156844415191));
#2148=CARTESIAN_POINT('',(-256.78574879389,112.615932397938,2.50709523476993));
#2149=CARTESIAN_POINT('',(-256.779074303371,112.329723165704,2.52725422968726));
#2150=CARTESIAN_POINT('',(-247.694936653769,109.850412209367,18.0072059598646));
#2151=CARTESIAN_POINT('',(-247.561057695228,110.141180764185,18.0305773933181));
#2152=CARTESIAN_POINT('',(-247.294354694444,110.67548445836,18.0183703565963));
#2153=CARTESIAN_POINT('',(-247.012428085297,111.373706202172,17.8029977676119));
#2154=CARTESIAN_POINT('',(-246.963592511316,112.007160597473,17.3703508217108));
#2155=CARTESIAN_POINT('',(-247.264012808448,112.751751547669,16.5022909610836));
#2156=CARTESIAN_POINT('',(-248.427564576098,113.469352693428,14.8684122797458));
#2157=CARTESIAN_POINT('',(-249.689103334582,113.983457976144,13.3799584073189));
#2158=CARTESIAN_POINT('',(-250.275081013678,114.267359478419,12.6914037022416));
#2159=CARTESIAN_POINT('',(-251.447036371869,114.83516248297,11.314294292087));
#2160=CARTESIAN_POINT('',(-253.43261348708,116.18555937941,9.00545332086622));
#2161=CARTESIAN_POINT('',(-254.762349556008,116.968153271299,7.07420710244121));
#2162=CARTESIAN_POINT('',(-255.278463867916,116.968153271299,6.07469244508228));
#2163=CARTESIAN_POINT('',(-255.53652102387,116.968153271299,5.57493511640279));
#2164=CARTESIAN_POINT('',(-255.9782584745,116.772504798327,4.55847468497065));
#2165=CARTESIAN_POINT('',(-256.402976584895,116.064290563936,3.47324988236348));
#2166=CARTESIAN_POINT('',(-256.701371921656,115.234807514072,2.85290958540726));
#2167=CARTESIAN_POINT('',(-256.895242252487,114.499960530678,2.5213325833289));
#2168=CARTESIAN_POINT('',(-257.049949815618,113.671099986469,2.3331922499635));
#2169=CARTESIAN_POINT('',(-257.086568394568,113.004673154324,2.3192442243618));
#2170=CARTESIAN_POINT('',(-257.078144913758,112.63020209705,2.34410353176307));
#2171=CARTESIAN_POINT('',(-248.636430664039,109.975720862669,17.9995230526656));
#2172=CARTESIAN_POINT('',(-248.4953428385,110.315165310106,18.0245212286378));
#2173=CARTESIAN_POINT('',(-248.257015906529,110.94696971716,18.0026145133416));
#2174=CARTESIAN_POINT('',(-248.075620135334,111.774150855472,17.7552834644769));
#2175=CARTESIAN_POINT('',(-248.114867460336,112.501534512706,17.2947196654928));
#2176=CARTESIAN_POINT('',(-248.496151520694,113.349716641476,16.4043381445437));
#2177=CARTESIAN_POINT('',(-249.654727456976,114.20320270185,14.788331410017));
#2178=CARTESIAN_POINT('',(-250.860242594843,114.825180398533,13.3232882707863));
#2179=CARTESIAN_POINT('',(-251.420468461974,115.160894764555,12.6387891142571));
#2180=CARTESIAN_POINT('',(-252.540920196237,115.832323496601,11.2697908011985));
#2181=CARTESIAN_POINT('',(-254.441570050346,117.372985102146,8.91597347977011));
#2182=CARTESIAN_POINT('',(-255.704089283106,118.242217975646,6.90397102784732));
#2183=CARTESIAN_POINT('',(-256.18641039602,118.242217975646,5.8767875842944));
#2184=CARTESIAN_POINT('',(-256.427570952477,118.242217975646,5.36319586251793));
#2185=CARTESIAN_POINT('',(-256.835422813658,118.024909757271,4.32542131016924));
#2186=CARTESIAN_POINT('',(-257.206663054554,117.225526342689,3.22035544208867));
#2187=CARTESIAN_POINT('',(-257.449069622174,116.27868416865,2.58277219764418));
#2188=CARTESIAN_POINT('',(-257.592679100985,115.411455711718,2.24235025218164));
#2189=CARTESIAN_POINT('',(-257.68719049854,114.383701323168,2.05422455745087));
#2190=CARTESIAN_POINT('',(-257.701634231328,113.573313826517,2.04236263305475));
#2191=CARTESIAN_POINT('',(-257.692757178475,113.132265447986,2.06782656511358));
#2192=CARTESIAN_POINT('',(-250.045355298368,110.012693557213,17.8562441774091));
#2193=CARTESIAN_POINT('',(-249.911476339827,110.382915534493,17.8807664892059));
#2194=CARTESIAN_POINT('',(-249.711545925442,111.075288885185,17.8480842492081));
#2195=CARTESIAN_POINT('',(-249.618721042771,111.986538672942,17.571392316562));
#2196=CARTESIAN_POINT('',(-249.736555129823,112.78737979574,17.0845438293907));
#2197=CARTESIAN_POINT('',(-250.179330179948,113.730491837287,16.1785531312944));
#2198=CARTESIAN_POINT('',(-251.277387570998,114.717868093436,14.6082334629823));
#2199=CARTESIAN_POINT('',(-252.369557764236,115.449448264555,13.1971777819907));
#2200=CARTESIAN_POINT('',(-252.87728138015,115.837148278758,12.5310049805084));
#2201=CARTESIAN_POINT('',(-253.892728611977,116.612548307164,11.1986593775439));
#2202=CARTESIAN_POINT('',(-255.616731229984,118.338627793122,8.84880848372271));
#2203=CARTESIAN_POINT('',(-256.755381876088,119.289307250675,6.78958965333352));
#2204=CARTESIAN_POINT('',(-257.185477136011,119.289307250675,5.74787611380093));
#2205=CARTESIAN_POINT('',(-257.400524765973,119.289307250675,5.22701934403462));
#2206=CARTESIAN_POINT('',(-257.761004994332,119.051637386287,4.17925374233302));
#2207=CARTESIAN_POINT('',(-258.073611414648,118.168949174603,3.05874809849165));
#2208=CARTESIAN_POINT('',(-258.262526460086,117.116582344402,2.39846330661489));
#2209=CARTESIAN_POINT('',(-258.36613906531,116.146453999301,2.04037449720512));
#2210=CARTESIAN_POINT('',(-258.42418935823,114.987727339728,1.83847539519289));
#2211=CARTESIAN_POINT('',(-258.427522256343,114.084347295684,1.82071241404954));
#2212=CARTESIAN_POINT('',(-258.419098775533,113.59864252391,1.84421751567734));
#2213=CARTESIAN_POINT('',(-252.552710187831,109.946427818018,17.4994273463436));
#2214=CARTESIAN_POINT('',(-252.44217422719,110.341538665006,17.5216661751613));
#2215=CARTESIAN_POINT('',(-252.298979249068,111.083112155773,17.4772173612789));
#2216=CARTESIAN_POINT('',(-252.294933605718,112.069349658452,17.1754298916694));
#2217=CARTESIAN_POINT('',(-252.478750780551,112.949286303817,16.6701933390412));
#2218=CARTESIAN_POINT('',(-252.943812097038,114.007229856089,15.7674993792018));
#2219=CARTESIAN_POINT('',(-253.880375759854,115.163016533915,14.2888350506923));
#2220=CARTESIAN_POINT('',(-254.757729000243,116.03421654365,12.9740753588194));
#2221=CARTESIAN_POINT('',(-255.165726904251,116.487539952258,12.3441938993397));
#2222=CARTESIAN_POINT('',(-255.981722712267,117.394186769475,11.0844309803803));
#2223=CARTESIAN_POINT('',(-257.368284598805,119.349267633832,8.78489223411549));
#2224=CARTESIAN_POINT('',(-258.278830739934,120.397701680973,6.69727116327923));
#2225=CARTESIAN_POINT('',(-258.61881080254,120.397701680973,5.64942591974842));
#2226=CARTESIAN_POINT('',(-258.788800833843,120.397701680973,5.12550329798302));
#2227=CARTESIAN_POINT('',(-259.07113439247,120.135593169187,4.07564070039587));
#2228=CARTESIAN_POINT('',(-259.301688588644,119.157184372994,2.94280661954108));
#2229=CARTESIAN_POINT('',(-259.425766399018,117.986692315962,2.25495838529667));
#2230=CARTESIAN_POINT('',(-259.487606612855,116.912605095271,1.87210075613807));
#2231=CARTESIAN_POINT('',(-259.517193312084,115.639964028783,1.64609070480919));
#2232=CARTESIAN_POINT('',(-259.514725188058,114.657610308674,1.61586174334635));
#2233=CARTESIAN_POINT('',(-259.507770416722,114.132562585027,1.63482820268822));
#2234=CARTESIAN_POINT('',(-256.876284903351,109.651075546223,16.7707274874421));
#2235=CARTESIAN_POINT('',(-256.810375262223,110.061488999469,16.7891847389765));
#2236=CARTESIAN_POINT('',(-256.733823755563,110.838547895517,16.7424702944971));
#2237=CARTESIAN_POINT('',(-256.76071973977,111.891607588225,16.4555156187307));
#2238=CARTESIAN_POINT('',(-256.905258885586,112.850914009534,15.985681767515));
#2239=CARTESIAN_POINT('',(-257.222728518698,114.030018716033,15.1607361767591));
#2240=CARTESIAN_POINT('',(-257.793273051164,115.363393320483,13.8423754176808));
#2241=CARTESIAN_POINT('',(-258.306569560473,116.380354999935,12.6627165675984));
#2242=CARTESIAN_POINT('',(-258.545326259177,116.901435178586,12.0869830266495));
#2243=CARTESIAN_POINT('',(-259.022839656584,117.94359553589,10.9355159447517));
#2244=CARTESIAN_POINT('',(-259.834734003786,120.128710961902,8.74534885369476));
#2245=CARTESIAN_POINT('',(-260.365729929547,121.271666030612,6.66794883537639));
#2246=CARTESIAN_POINT('',(-260.562344905512,121.271666030612,5.62924882621721));
#2247=CARTESIAN_POINT('',(-260.660652393495,121.271666030612,5.10989882163761));
#2248=CARTESIAN_POINT('',(-260.822825876002,120.985927263435,4.07119881247841));
#2249=CARTESIAN_POINT('',(-260.94917793207,119.92577857247,2.94291820107853));
#2250=CARTESIAN_POINT('',(-261.010284060632,118.662697492073,2.24440699201755));
#2251=CARTESIAN_POINT('',(-261.037586739394,117.509611370855,1.84809438525865));
#2252=CARTESIAN_POINT('',(-261.047823340984,116.152455691609,1.60486673854392));
#2253=CARTESIAN_POINT('',(-261.044244250919,115.112776035355,1.56178105410182));
#2254=CARTESIAN_POINT('',(-261.040097306521,114.559493198521,1.57425709189059));
#2255=CARTESIAN_POINT('',(-263.016079444928,109.388856144025,16.2204360440734));
#2256=CARTESIAN_POINT('',(-263.016079444928,109.802127768675,16.2362534598142));
#2257=CARTESIAN_POINT('',(-263.016079444928,110.590071999967,16.1931566716799));
#2258=CARTESIAN_POINT('',(-263.016079444928,111.672460025241,15.9335825582383));
#2259=CARTESIAN_POINT('',(-263.016079444928,112.671588461212,15.5083454411636));
#2260=CARTESIAN_POINT('',(-263.016079444928,113.914438566576,14.7594998503627));
#2261=CARTESIAN_POINT('',(-263.016079444928,115.341195886811,13.5556149908143));
#2262=CARTESIAN_POINT('',(-263.016079444928,116.434109316672,12.462908987963));
#2263=CARTESIAN_POINT('',(-263.016079444928,116.990134568164,11.9231776945436));
#2264=CARTESIAN_POINT('',(-263.016079444928,118.102185071149,10.8437151077049));
#2265=CARTESIAN_POINT('',(-263.016079444928,120.402834369618,8.73776359807763));
#2266=CARTESIAN_POINT('',(-263.016079444928,121.591433165102,6.68478575250071));
#2267=CARTESIAN_POINT('',(-263.016079444928,121.591433165102,5.65829682971223));
#2268=CARTESIAN_POINT('',(-263.016079444928,121.591433165102,5.14505236831802));
#2269=CARTESIAN_POINT('',(-263.016079444928,121.294283466231,4.11856344552955));
#2270=CARTESIAN_POINT('',(-263.016079444928,120.200255172751,3.0010005220913));
#2271=CARTESIAN_POINT('',(-263.016079444928,118.903647682403,2.30560805939755));
#2272=CARTESIAN_POINT('',(-263.016079444928,117.723542098453,1.90822488491272));
#2273=CARTESIAN_POINT('',(-263.016079444928,116.338829009907,1.65983511747051));
#2274=CARTESIAN_POINT('',(-263.016079444928,115.281310255541,1.61012570020887));
#2275=CARTESIAN_POINT('',(-263.016079444928,114.719463781456,1.6183806375875));
#2276=CARTESIAN_POINT('',(-269.155873986505,109.651075546223,16.7707274874421));
#2277=CARTESIAN_POINT('',(-269.221783627632,110.061488999469,16.7891847389765));
#2278=CARTESIAN_POINT('',(-269.298335134293,110.838547895517,16.7424702944971));
#2279=CARTESIAN_POINT('',(-269.271439150086,111.891607588225,16.4555156187307));
#2280=CARTESIAN_POINT('',(-269.12690000427,112.850914009534,15.985681767515));
#2281=CARTESIAN_POINT('',(-268.809430371157,114.030018716033,15.1607361767591));
#2282=CARTESIAN_POINT('',(-268.238885838692,115.363393320483,13.8423754176808));
#2283=CARTESIAN_POINT('',(-267.725589329382,116.380354999935,12.6627165675984));
#2284=CARTESIAN_POINT('',(-267.486832630679,116.901435178586,12.0869830266495));
#2285=CARTESIAN_POINT('',(-267.009319233272,117.94359553589,10.9355159447517));
#2286=CARTESIAN_POINT('',(-266.197424886069,120.128710961902,8.74534885369475));
#2287=CARTESIAN_POINT('',(-265.666428960308,121.271666030612,6.66794883537638));
#2288=CARTESIAN_POINT('',(-265.469813984343,121.271666030612,5.62924882621719));
#2289=CARTESIAN_POINT('',(-265.371506496361,121.271666030612,5.1098988216376));
#2290=CARTESIAN_POINT('',(-265.209333013854,120.985927263435,4.0711988124784));
#2291=CARTESIAN_POINT('',(-265.082980957785,119.92577857247,2.94291820107855));
#2292=CARTESIAN_POINT('',(-265.021874829223,118.662697492073,2.24440699201755));
#2293=CARTESIAN_POINT('',(-264.994572150461,117.509611370855,1.84809438525864));
#2294=CARTESIAN_POINT('',(-264.984335548872,116.152455691609,1.60486673854392));
#2295=CARTESIAN_POINT('',(-264.987914638936,115.112776035355,1.56178105410182));
#2296=CARTESIAN_POINT('',(-264.992061583335,114.559493198521,1.57425709189059));
#2297=CARTESIAN_POINT('',(-273.479448702025,109.946427818018,17.4994273463435));
#2298=CARTESIAN_POINT('',(-273.589984662666,110.341538665006,17.5216661751612));
#2299=CARTESIAN_POINT('',(-273.733179640788,111.083112155773,17.4772173612789));
#2300=CARTESIAN_POINT('',(-273.737225284138,112.069349658453,17.1754298916693));
#2301=CARTESIAN_POINT('',(-273.553408109305,112.949286303817,16.6701933390412));
#2302=CARTESIAN_POINT('',(-273.088346792817,114.007229856089,15.7674993792017));
#2303=CARTESIAN_POINT('',(-272.151783130002,115.163016533915,14.2888350506923));
#2304=CARTESIAN_POINT('',(-271.274429889613,116.03421654365,12.9740753588194));
#2305=CARTESIAN_POINT('',(-270.866431985605,116.487539952258,12.3441938993397));
#2306=CARTESIAN_POINT('',(-270.050436177589,117.394186769475,11.0844309803803));
#2307=CARTESIAN_POINT('',(-268.663874291051,119.349267633832,8.78489223411547));
#2308=CARTESIAN_POINT('',(-267.753328149922,120.397701680973,6.69727116327921));
#2309=CARTESIAN_POINT('',(-267.413348087316,120.397701680973,5.6494259197484));
#2310=CARTESIAN_POINT('',(-267.243358056013,120.397701680973,5.12550329798299));
#2311=CARTESIAN_POINT('',(-266.961024497385,120.135593169187,4.07564070039587));
#2312=CARTESIAN_POINT('',(-266.730470301212,119.157184372994,2.94280661954105));
#2313=CARTESIAN_POINT('',(-266.606392490837,117.986692315962,2.25495838529665));
#2314=CARTESIAN_POINT('',(-266.544552277001,116.912605095271,1.87210075613807));
#2315=CARTESIAN_POINT('',(-266.514965577771,115.639964028783,1.64609070480916));
#2316=CARTESIAN_POINT('',(-266.517433701798,114.657610308674,1.61586174334634));
#2317=CARTESIAN_POINT('',(-266.524388473133,114.132562585027,1.6348282026882));
#2318=CARTESIAN_POINT('',(-275.986803591488,110.012693557213,17.8562441774091));
#2319=CARTESIAN_POINT('',(-276.120682550029,110.382915534493,17.8807664892058));
#2320=CARTESIAN_POINT('',(-276.320612964414,111.075288885185,17.8480842492081));
#2321=CARTESIAN_POINT('',(-276.413437847085,111.986538672942,17.571392316562));
#2322=CARTESIAN_POINT('',(-276.295603760032,112.78737979574,17.0845438293907));
#2323=CARTESIAN_POINT('',(-275.852828709908,113.730491837287,16.1785531312944));
#2324=CARTESIAN_POINT('',(-274.754771318858,114.717868093435,14.6082334629822));
#2325=CARTESIAN_POINT('',(-273.662601125619,115.449448264555,13.1971777819907));
#2326=CARTESIAN_POINT('',(-273.154877509706,115.837148278758,12.5310049805084));
#2327=CARTESIAN_POINT('',(-272.139430277879,116.612548307164,11.1986593775438));
#2328=CARTESIAN_POINT('',(-270.415427659872,118.338627793122,8.84880848372269));
#2329=CARTESIAN_POINT('',(-269.276777013768,119.289307250675,6.78958965333351));
#2330=CARTESIAN_POINT('',(-268.846681753844,119.289307250675,5.74787611380091));
#2331=CARTESIAN_POINT('',(-268.631634123883,119.289307250675,5.22701934403462));
#2332=CARTESIAN_POINT('',(-268.271153895523,119.051637386287,4.179253742333));
#2333=CARTESIAN_POINT('',(-267.958547475208,118.168949174603,3.05874809849164));
#2334=CARTESIAN_POINT('',(-267.76963242977,117.116582344401,2.39846330661489));
#2335=CARTESIAN_POINT('',(-267.666019824546,116.1464539993,2.04037449720511));
#2336=CARTESIAN_POINT('',(-267.607969531625,114.987727339728,1.83847539519289));
#2337=CARTESIAN_POINT('',(-267.604636633512,114.084347295684,1.82071241404952));
#2338=CARTESIAN_POINT('',(-267.613060114322,113.59864252391,1.84421751567733));
#2339=CARTESIAN_POINT('',(-277.395728225817,109.975720862669,17.9995230526656));
#2340=CARTESIAN_POINT('',(-277.536816051356,110.315165310105,18.0245212286377));
#2341=CARTESIAN_POINT('',(-277.775142983327,110.94696971716,18.0026145133416));
#2342=CARTESIAN_POINT('',(-277.956538754522,111.774150855472,17.7552834644769));
#2343=CARTESIAN_POINT('',(-277.917291429519,112.501534512706,17.2947196654928));
#2344=CARTESIAN_POINT('',(-277.536007369162,113.349716641476,16.4043381445437));
#2345=CARTESIAN_POINT('',(-276.37743143288,114.20320270185,14.788331410017));
#2346=CARTESIAN_POINT('',(-275.171916295013,114.825180398533,13.3232882707863));
#2347=CARTESIAN_POINT('',(-274.611690427882,115.160894764555,12.638789114257));
#2348=CARTESIAN_POINT('',(-273.491238693619,115.832323496601,11.2697908011985));
#2349=CARTESIAN_POINT('',(-271.59058883951,117.372985102146,8.91597347977009));
#2350=CARTESIAN_POINT('',(-270.32806960675,118.242217975646,6.90397102784729));
#2351=CARTESIAN_POINT('',(-269.845748493835,118.242217975646,5.87678758429437));
#2352=CARTESIAN_POINT('',(-269.604587937378,118.242217975646,5.36319586251791));
#2353=CARTESIAN_POINT('',(-269.196736076197,118.024909757271,4.32542131016923));
#2354=CARTESIAN_POINT('',(-268.825495835301,117.225526342689,3.22035544208865));
#2355=CARTESIAN_POINT('',(-268.583089267682,116.27868416865,2.58277219764413));
#2356=CARTESIAN_POINT('',(-268.43947978887,115.411455711718,2.24235025218162));
#2357=CARTESIAN_POINT('',(-268.344968391316,114.383701323168,2.05422455745084));
#2358=CARTESIAN_POINT('',(-268.330524658527,113.573313826517,2.04236263305474));
#2359=CARTESIAN_POINT('',(-268.339401711381,113.132265447986,2.06782656511356));
#2360=CARTESIAN_POINT('',(-278.337222236086,109.850412209367,18.0072059598645));
#2361=CARTESIAN_POINT('',(-278.471101194627,110.141180764185,18.0305773933181));
#2362=CARTESIAN_POINT('',(-278.737804195412,110.67548445836,18.0183703565963));
#2363=CARTESIAN_POINT('',(-279.019730804559,111.373706202172,17.8029977676119));
#2364=CARTESIAN_POINT('',(-279.06856637854,112.007160597473,17.3703508217107));
#2365=CARTESIAN_POINT('',(-278.768146081408,112.751751547669,16.5022909610835));
#2366=CARTESIAN_POINT('',(-277.604594313758,113.469352693428,14.8684122797457));
#2367=CARTESIAN_POINT('',(-276.343055555273,113.983457976144,13.3799584073189));
#2368=CARTESIAN_POINT('',(-275.757077876178,114.267359478419,12.6914037022416));
#2369=CARTESIAN_POINT('',(-274.585122517986,114.835162482969,11.3142942920869));
#2370=CARTESIAN_POINT('',(-272.599545402775,116.18555937941,9.00545332086619));
#2371=CARTESIAN_POINT('',(-271.269809333848,116.968153271299,7.07420710244119));
#2372=CARTESIAN_POINT('',(-270.75369502194,116.968153271299,6.07469244508224));
#2373=CARTESIAN_POINT('',(-270.495637865986,116.968153271299,5.57493511640278));
#2374=CARTESIAN_POINT('',(-270.053900415355,116.772504798327,4.55847468497063));
#2375=CARTESIAN_POINT('',(-269.62918230496,116.064290563936,3.47324988236348));
#2376=CARTESIAN_POINT('',(-269.3307869682,115.234807514072,2.85290958540725));
#2377=CARTESIAN_POINT('',(-269.136916637368,114.499960530678,2.5213325833289));
#2378=CARTESIAN_POINT('',(-268.982209074238,113.671099986469,2.33319224996349));
#2379=CARTESIAN_POINT('',(-268.945590495288,113.004673154324,2.31924422436178));
#2380=CARTESIAN_POINT('',(-268.954013976098,112.630202097051,2.34410353176306));
#2381=CARTESIAN_POINT('',(-278.668488155118,109.734877356581,17.9405983438647));
#2382=CARTESIAN_POINT('',(-278.775278525625,109.957949275992,17.9593278582035));
#2383=CARTESIAN_POINT('',(-279.064795215183,110.342744607899,17.9439362037573));
#2384=CARTESIAN_POINT('',(-279.402272364137,110.945563029354,17.7330456017369));
#2385=CARTESIAN_POINT('',(-279.49883876297,111.509150079035,17.3084367071169));
#2386=CARTESIAN_POINT('',(-279.248307145935,112.179002742276,16.4521534437108));
#2387=CARTESIAN_POINT('',(-278.115093941898,112.808409239513,14.8280773312787));
#2388=CARTESIAN_POINT('',(-276.86078935501,113.256164723862,13.3526289143786));
#2389=CARTESIAN_POINT('',(-276.278449698468,113.5076000978,12.6744701512978));
#2390=CARTESIAN_POINT('',(-275.113770385385,114.010470845676,11.3181526251362));
#2391=CARTESIAN_POINT('',(-273.14291285444,115.236673395533,9.08204113576718));
#2392=CARTESIAN_POINT('',(-271.812428034004,115.960005197515,7.23207574762855));
#2393=CARTESIAN_POINT('',(-271.288121431431,115.960005197515,6.26190432269733));
#2394=CARTESIAN_POINT('',(-271.025968130144,115.960005197515,5.77681861023171));
#2395=CARTESIAN_POINT('',(-270.572129431393,115.77917224702,4.78405281986954));
#2396=CARTESIAN_POINT('',(-270.11669711109,115.134547071064,3.71379481519443));
#2397=CARTESIAN_POINT('',(-269.780888662877,114.387795570639,3.09631903953395));
#2398=CARTESIAN_POINT('',(-269.548326508798,113.747272048124,2.75841930332572));
#2399=CARTESIAN_POINT('',(-269.340084014868,113.061354411049,2.5515684441519));
#2400=CARTESIAN_POINT('',(-269.246410095966,112.615932397938,2.50709523476993));
#2401=CARTESIAN_POINT('',(-269.253084586484,112.329723165704,2.52725422968726));
#2402=CARTESIAN_POINT('',(-278.745043010976,109.697065002591,17.9176606178034));
#2403=CARTESIAN_POINT('',(-278.841426379354,109.792597655232,17.9151068495433));
#2404=CARTESIAN_POINT('',(-279.152877298731,110.124360858835,17.8873791733131));
#2405=CARTESIAN_POINT('',(-279.510401383269,110.682244213608,17.6698848089468));
#2406=CARTESIAN_POINT('',(-279.623754951138,111.210685637708,17.2437363204312));
#2407=CARTESIAN_POINT('',(-279.392928630883,111.841773951151,16.3906703536097));
#2408=CARTESIAN_POINT('',(-278.282455481936,112.428613224545,14.7777182724532));
#2409=CARTESIAN_POINT('',(-277.044506052849,112.845688038438,13.3179827679712));
#2410=CARTESIAN_POINT('',(-276.469929949641,113.081899441215,12.6491933286531));
#2411=CARTESIAN_POINT('',(-275.320777743224,113.55432224677,11.311614450017));
#2412=CARTESIAN_POINT('',(-273.377662221078,114.720559824529,9.12508319612801));
#2413=CARTESIAN_POINT('',(-272.059392302775,115.414374596733,7.32388991793793));
#2414=CARTESIAN_POINT('',(-271.535085700202,115.414374596733,6.37164901500071));
#2415=CARTESIAN_POINT('',(-271.272932398915,115.414374596733,5.89552856353209));
#2416=CARTESIAN_POINT('',(-270.816039974631,115.240920903682,4.91746552867377));
#2417=CARTESIAN_POINT('',(-270.346860075738,114.628184328916,3.85482708515414));
#2418=CARTESIAN_POINT('',(-269.992717646947,113.923072258536,3.23537794828401));
#2419=CARTESIAN_POINT('',(-269.739927950033,113.327831441494,2.88967748357832));
#2420=CARTESIAN_POINT('',(-269.502171757319,112.707238501218,2.66641898579367));
#2421=CARTESIAN_POINT('',(-269.370042933539,112.345956229693,2.59599214909029));
#2422=CARTESIAN_POINT('',(-269.333502802521,112.243972194332,2.5799970402511));
#2423=CARTESIAN_POINT('',(-278.745043010976,109.697065002591,17.9176606178034));
#2424=CARTESIAN_POINT('',(-278.734636008848,109.569525735821,17.8963773352045));
#2425=CARTESIAN_POINT('',(-278.64619693256,109.076536787574,17.7992495312301));
#2426=CARTESIAN_POINT('',(-278.25106679797,107.997887698641,17.4778367686266));
#2427=CARTESIAN_POINT('',(-277.597663338974,106.644953857393,16.9989659199174));
#2428=CARTESIAN_POINT('',(-276.456346688154,104.511880716162,16.2020160045544));
#2429=CARTESIAN_POINT('',(-274.662464040053,101.296896097031,15.0052658865502));
#2430=CARTESIAN_POINT('',(-273.43923971736,97.0000000000003,14.2069907262276));
#2431=CARTESIAN_POINT('',(-274.662464040053,92.7031039029696,15.0052658865502));
#2432=CARTESIAN_POINT('',(-276.456346688154,89.4881192838385,16.2020160045544));
#2433=CARTESIAN_POINT('',(-277.597663338974,87.3550461426071,16.9989659199174));
#2434=CARTESIAN_POINT('',(-278.25106679797,86.0021123013594,17.4778367686266));
#2435=CARTESIAN_POINT('',(-278.64619693256,84.9234632124266,17.7992495312302));
#2436=CARTESIAN_POINT('',(-278.734636008848,84.4304742641791,17.8963773352046));
#2437=CARTESIAN_POINT('',(-278.745043010976,84.3029349974097,17.9176606178034));
#2438=CARTESIAN_POINT('',(-278.668488155118,109.734877356581,17.9405983438647));
#2439=CARTESIAN_POINT('',(-278.561697784612,109.51180543717,17.921868829526));
#2440=CARTESIAN_POINT('',(-278.424235890472,109.00415198182,17.8324351282207));
#2441=CARTESIAN_POINT('',(-278.001184031719,107.921605249501,17.5164385724959));
#2442=CARTESIAN_POINT('',(-277.336204505945,106.57256905164,17.0409007430118));
#2443=CARTESIAN_POINT('',(-276.193198183604,104.452116850899,16.2465305104543));
#2444=CARTESIAN_POINT('',(-274.407883368323,101.261260500352,15.0512216794854));
#2445=CARTESIAN_POINT('',(-273.194071714212,97.0000000000002,14.2530979647953));
#2446=CARTESIAN_POINT('',(-274.407883368323,92.7387394996484,15.0512216794854));
#2447=CARTESIAN_POINT('',(-276.193198183604,89.5478831491018,16.2465305104543));
#2448=CARTESIAN_POINT('',(-277.336204505945,87.4274309483609,17.0409007430118));
#2449=CARTESIAN_POINT('',(-278.001184031719,86.0783947504999,17.5164385724959));
#2450=CARTESIAN_POINT('',(-278.424235890472,84.9958480181803,17.8324351282207));
#2451=CARTESIAN_POINT('',(-278.561697784612,84.4881945628301,17.921868829526));
#2452=CARTESIAN_POINT('',(-278.668488155118,84.2651226434195,17.9405983438647));
#2453=CARTESIAN_POINT('',(-278.337222236086,109.850412209367,18.0072059598645));
#2454=CARTESIAN_POINT('',(-278.203343277545,109.559643654548,17.983834526411));
#2455=CARTESIAN_POINT('',(-277.934530444166,108.93087312945,17.878141755875));
#2456=CARTESIAN_POINT('',(-277.429837705277,107.800206208297,17.553038152037));
#2457=CARTESIAN_POINT('',(-276.725362737642,106.436217266521,17.0716553630173));
#2458=CARTESIAN_POINT('',(-275.569533049272,104.326486163332,16.2747857394608));
#2459=CARTESIAN_POINT('',(-273.812215017463,101.181080407825,15.0880495297305));
#2460=CARTESIAN_POINT('',(-272.632811829839,97.0000000000002,14.2997481317785));
#2461=CARTESIAN_POINT('',(-273.812215017463,92.8189195921756,15.0880495297305));
#2462=CARTESIAN_POINT('',(-275.569533049272,89.6735138366687,16.2747857394607));
#2463=CARTESIAN_POINT('',(-276.725362737642,87.5637827334797,17.0716553630173));
#2464=CARTESIAN_POINT('',(-277.429837705277,86.1997937917035,17.553038152037));
#2465=CARTESIAN_POINT('',(-277.934530444166,85.0691268705508,17.878141755875));
#2466=CARTESIAN_POINT('',(-278.203343277545,84.4403563454521,17.9838345264109));
#2467=CARTESIAN_POINT('',(-278.337222236086,84.1495877906339,18.0072059598645));
#2468=CARTESIAN_POINT('',(-277.395728225817,109.975720862669,17.9995230526656));
#2469=CARTESIAN_POINT('',(-277.254640400277,109.636276415232,17.9745248766934));
#2470=CARTESIAN_POINT('',(-276.92861603009,108.910303032538,17.8526254575087));
#2471=CARTESIAN_POINT('',(-276.303165513867,107.664624857434,17.4898483510205));
#2472=CARTESIAN_POINT('',(-275.536433233082,106.246763943662,16.9829244908313));
#2473=CARTESIAN_POINT('',(-274.364488657805,104.126360730978,16.1724468022187));
#2474=CARTESIAN_POINT('',(-272.691631596748,101.044106083091,15.0150445443536));
#2475=CARTESIAN_POINT('',(-271.60474682333,97.0000000000002,14.2628811307948));
#2476=CARTESIAN_POINT('',(-272.691631596748,92.9558939169096,15.0150445443536));
#2477=CARTESIAN_POINT('',(-274.364488657805,89.8736392690224,16.1724468022187));
#2478=CARTESIAN_POINT('',(-275.536433233082,87.7532360563391,16.9829244908314));
#2479=CARTESIAN_POINT('',(-276.303165513867,86.3353751425669,17.4898483510205));
#2480=CARTESIAN_POINT('',(-276.928616030091,85.0896969674625,17.8526254575087));
#2481=CARTESIAN_POINT('',(-277.254640400277,84.3637235847689,17.9745248766934));
#2482=CARTESIAN_POINT('',(-277.395728225817,84.0242791373319,17.9995230526656));
#2483=CARTESIAN_POINT('',(-275.986803591487,110.012693557213,17.8562441774091));
#2484=CARTESIAN_POINT('',(-275.852924632946,109.642471579932,17.8317218656123));
#2485=CARTESIAN_POINT('',(-275.517339213168,108.853957021503,17.7009503784276));
#2486=CARTESIAN_POINT('',(-274.85193030078,107.528580357224,17.3122922939406));
#2487=CARTESIAN_POINT('',(-274.065942331044,106.062205851274,16.7838130928073));
#2488=CARTESIAN_POINT('',(-272.912455262092,103.921185367737,15.962985651853));
#2489=CARTESIAN_POINT('',(-271.376407409383,100.90045008398,14.8507972443634));
#2490=CARTESIAN_POINT('',(-270.41710309115,97.0000000000003,14.1490225573511));
#2491=CARTESIAN_POINT('',(-271.376407409383,93.0995499160208,14.8507972443635));
#2492=CARTESIAN_POINT('',(-272.912455262092,90.0788146322629,15.962985651853));
#2493=CARTESIAN_POINT('',(-274.065942331044,87.937794148727,16.7838130928073));
#2494=CARTESIAN_POINT('',(-274.85193030078,86.4714196427772,17.3122922939405));
#2495=CARTESIAN_POINT('',(-275.517339213168,85.146042978497,17.7009503784276));
#2496=CARTESIAN_POINT('',(-275.852924632946,84.3575284200682,17.8317218656123));
#2497=CARTESIAN_POINT('',(-275.986803591488,83.9873064427879,17.8562441774091));
#2498=CARTESIAN_POINT('',(-273.479448702025,109.946427818018,17.4994273463435));
#2499=CARTESIAN_POINT('',(-273.368912741383,109.551316971031,17.4771885175258));
#2500=CARTESIAN_POINT('',(-273.069963876939,108.712447073847,17.3437843883726));
#2501=CARTESIAN_POINT('',(-272.449356853132,107.320967530822,16.9420403981427));
#2502=CARTESIAN_POINT('',(-271.718013204526,105.809083202922,16.4038002294656));
#2503=CARTESIAN_POINT('',(-270.677168976445,103.649724269057,15.591007257371));
#2504=CARTESIAN_POINT('',(-269.406507641062,100.713363201416,14.5594836864006));
#2505=CARTESIAN_POINT('',(-268.656268419719,97.0000000000002,13.9343566014775));
#2506=CARTESIAN_POINT('',(-269.406507641062,93.2866367985844,14.5594836864006));
#2507=CARTESIAN_POINT('',(-270.677168976446,90.3502757309438,15.591007257371));
#2508=CARTESIAN_POINT('',(-271.718013204526,88.1909167970786,16.4038002294656));
#2509=CARTESIAN_POINT('',(-272.449356853132,86.6790324691788,16.9420403981427));
#2510=CARTESIAN_POINT('',(-273.069963876939,85.2875529261535,17.3437843883726));
#2511=CARTESIAN_POINT('',(-273.368912741383,84.4486830289696,17.4771885175258));
#2512=CARTESIAN_POINT('',(-273.479448702025,84.0535721819821,17.4994273463435));
#2513=CARTESIAN_POINT('',(-269.155873986505,109.651075546223,16.7707274874421));
#2514=CARTESIAN_POINT('',(-269.089964345377,109.240662092978,16.7522702359076));
#2515=CARTESIAN_POINT('',(-268.902877287525,108.376067176045,16.6317267852903));
#2516=CARTESIAN_POINT('',(-268.504073234514,106.964283773233,16.2644768447118));
#2517=CARTESIAN_POINT('',(-268.034725575821,105.454022346924,15.7752442174735));
#2518=CARTESIAN_POINT('',(-267.378377037391,103.330920419073,15.0462265695994));
#2519=CARTESIAN_POINT('',(-266.61973165291,100.512912970098,14.1522581830703));
#2520=CARTESIAN_POINT('',(-266.189260537645,97.0000000000003,13.6227986204783));
#2521=CARTESIAN_POINT('',(-266.61973165291,93.4870870299023,14.1522581830703));
#2522=CARTESIAN_POINT('',(-267.378377037391,90.6690795809278,15.0462265695994));
#2523=CARTESIAN_POINT('',(-268.034725575821,88.5459776530763,15.7752442174735));
#2524=CARTESIAN_POINT('',(-268.504073234514,87.0357162267679,16.2644768447118));
#2525=CARTESIAN_POINT('',(-268.902877287525,85.6239328239556,16.6317267852903));
#2526=CARTESIAN_POINT('',(-269.089964345377,84.7593379070223,16.7522702359076));
#2527=CARTESIAN_POINT('',(-269.155873986505,84.348924453777,16.7707274874421));
#2528=CARTESIAN_POINT('',(-263.016079444928,109.388856144025,16.2204360440734));
#2529=CARTESIAN_POINT('',(-263.016079444928,108.975584519376,16.2046186283327));
#2530=CARTESIAN_POINT('',(-263.016079444928,108.110442252071,16.0982521772355));
#2531=CARTESIAN_POINT('',(-263.016079444928,106.711406428844,15.7720392391799));
#2532=CARTESIAN_POINT('',(-263.016079444928,105.225522815102,15.3366946371521));
#2533=CARTESIAN_POINT('',(-263.016079444928,103.147847118429,14.6874350790687));
#2534=CARTESIAN_POINT('',(-263.016079444928,100.406006180062,13.8906894587214));
#2535=CARTESIAN_POINT('',(-263.016079444928,96.9999999999999,13.4185736174158));
#2536=CARTESIAN_POINT('',(-263.016079444928,93.5939938199388,13.8906894587214));
#2537=CARTESIAN_POINT('',(-263.016079444928,90.8521528815713,14.6874350790688));
#2538=CARTESIAN_POINT('',(-263.016079444928,88.7744771848982,15.3366946371521));
#2539=CARTESIAN_POINT('',(-263.016079444928,87.2885935711563,15.7720392391799));
#2540=CARTESIAN_POINT('',(-263.016079444928,85.8895577479299,16.0982521772354));
#2541=CARTESIAN_POINT('',(-263.016079444928,85.0244154806244,16.2046186283327));
#2542=CARTESIAN_POINT('',(-263.016079444928,84.6111438559749,16.2204360440734));
#2543=CARTESIAN_POINT('',(-256.876284903351,109.651075546223,16.7707274874421));
#2544=CARTESIAN_POINT('',(-256.942194544479,109.240662092978,16.7522702359076));
#2545=CARTESIAN_POINT('',(-257.12928160233,108.376067176045,16.6317267852903));
#2546=CARTESIAN_POINT('',(-257.528085655341,106.964283773233,16.2644768447119));
#2547=CARTESIAN_POINT('',(-257.997433314035,105.454022346924,15.7752442174735));
#2548=CARTESIAN_POINT('',(-258.653781852465,103.330920419073,15.0462265695994));
#2549=CARTESIAN_POINT('',(-259.412427236945,100.512912970098,14.1522581830703));
#2550=CARTESIAN_POINT('',(-259.842898352211,97.0000000000002,13.6227986204783));
#2551=CARTESIAN_POINT('',(-259.412427236945,93.4870870299025,14.1522581830703));
#2552=CARTESIAN_POINT('',(-258.653781852465,90.6690795809278,15.0462265695994));
#2553=CARTESIAN_POINT('',(-257.997433314035,88.5459776530763,15.7752442174735));
#2554=CARTESIAN_POINT('',(-257.528085655341,87.0357162267678,16.2644768447118));
#2555=CARTESIAN_POINT('',(-257.12928160233,85.6239328239556,16.6317267852903));
#2556=CARTESIAN_POINT('',(-256.942194544479,84.7593379070222,16.7522702359076));
#2557=CARTESIAN_POINT('',(-256.876284903351,84.348924453777,16.7707274874421));
#2558=CARTESIAN_POINT('',(-252.552710187831,109.946427818018,17.4994273463436));
#2559=CARTESIAN_POINT('',(-252.663246148473,109.551316971031,17.4771885175258));
#2560=CARTESIAN_POINT('',(-252.962195012917,108.712447073847,17.3437843883727));
#2561=CARTESIAN_POINT('',(-253.582802036724,107.320967530822,16.9420403981427));
#2562=CARTESIAN_POINT('',(-254.314145685329,105.809083202922,16.4038002294657));
#2563=CARTESIAN_POINT('',(-255.35498991341,103.649724269057,15.591007257371));
#2564=CARTESIAN_POINT('',(-256.625651248794,100.713363201416,14.5594836864006));
#2565=CARTESIAN_POINT('',(-257.375890470137,97.0000000000002,13.9343566014775));
#2566=CARTESIAN_POINT('',(-256.625651248794,93.2866367985844,14.5594836864006));
#2567=CARTESIAN_POINT('',(-255.35498991341,90.3502757309438,15.591007257371));
#2568=CARTESIAN_POINT('',(-254.314145685329,88.1909167970787,16.4038002294657));
#2569=CARTESIAN_POINT('',(-253.582802036724,86.6790324691788,16.9420403981427));
#2570=CARTESIAN_POINT('',(-252.962195012917,85.2875529261532,17.3437843883727));
#2571=CARTESIAN_POINT('',(-252.663246148473,84.4486830289698,17.4771885175258));
#2572=CARTESIAN_POINT('',(-252.552710187831,84.053572181982,17.4994273463436));
#2573=CARTESIAN_POINT('',(-250.045355298368,110.012693557213,17.8562441774091));
#2574=CARTESIAN_POINT('',(-250.179234256909,109.642471579932,17.8317218656124));
#2575=CARTESIAN_POINT('',(-250.514819676688,108.853957021503,17.7009503784277));
#2576=CARTESIAN_POINT('',(-251.180228589075,107.528580357223,17.3122922939406));
#2577=CARTESIAN_POINT('',(-251.966216558811,106.062205851274,16.7838130928073));
#2578=CARTESIAN_POINT('',(-253.119703627764,103.921185367738,15.962985651853));
#2579=CARTESIAN_POINT('',(-254.655751480473,100.900450083979,14.8507972443635));
#2580=CARTESIAN_POINT('',(-255.615055798706,97.0000000000005,14.1490225573511));
#2581=CARTESIAN_POINT('',(-254.655751480473,93.0995499160209,14.8507972443635));
#2582=CARTESIAN_POINT('',(-253.119703627764,90.0788146322629,15.962985651853));
#2583=CARTESIAN_POINT('',(-251.966216558811,87.9377941487269,16.7838130928073));
#2584=CARTESIAN_POINT('',(-251.180228589075,86.4714196427771,17.3122922939406));
#2585=CARTESIAN_POINT('',(-250.514819676688,85.146042978497,17.7009503784276));
#2586=CARTESIAN_POINT('',(-250.179234256909,84.3575284200683,17.8317218656124));
#2587=CARTESIAN_POINT('',(-250.045355298368,83.9873064427881,17.8562441774091));
#2588=CARTESIAN_POINT('',(-248.636430664039,109.975720862669,17.9995230526656));
#2589=CARTESIAN_POINT('',(-248.777518489578,109.636276415232,17.9745248766935));
#2590=CARTESIAN_POINT('',(-249.103542859765,108.910303032538,17.8526254575088));
#2591=CARTESIAN_POINT('',(-249.728993375988,107.664624857434,17.4898483510205));
#2592=CARTESIAN_POINT('',(-250.495725656774,106.246763943661,16.9829244908314));
#2593=CARTESIAN_POINT('',(-251.667670232051,104.126360730978,16.1724468022188));
#2594=CARTESIAN_POINT('',(-253.340527293107,101.044106083091,15.0150445443537));
#2595=CARTESIAN_POINT('',(-254.427412066525,97.0000000000001,14.2628811307948));
#2596=CARTESIAN_POINT('',(-253.340527293107,92.9558939169094,15.0150445443537));
#2597=CARTESIAN_POINT('',(-251.667670232051,89.8736392690225,16.1724468022188));
#2598=CARTESIAN_POINT('',(-250.495725656774,87.7532360563389,16.9829244908314));
#2599=CARTESIAN_POINT('',(-249.728993375988,86.3353751425669,17.4898483510205));
#2600=CARTESIAN_POINT('',(-249.103542859765,85.0896969674625,17.8526254575088));
#2601=CARTESIAN_POINT('',(-248.777518489578,84.3637235847688,17.9745248766935));
#2602=CARTESIAN_POINT('',(-248.636430664039,84.0242791373319,17.9995230526656));
#2603=CARTESIAN_POINT('',(-247.694936653769,109.850412209367,18.0072059598645));
#2604=CARTESIAN_POINT('',(-247.82881561231,109.559643654548,17.983834526411));
#2605=CARTESIAN_POINT('',(-248.09762844569,108.93087312945,17.8781417558751));
#2606=CARTESIAN_POINT('',(-248.602321184579,107.800206208297,17.553038152037));
#2607=CARTESIAN_POINT('',(-249.306796152214,106.436217266521,17.0716553630173));
#2608=CARTESIAN_POINT('',(-250.462625840584,104.326486163332,16.2747857394608));
#2609=CARTESIAN_POINT('',(-252.219943872393,101.181080407825,15.0880495297305));
#2610=CARTESIAN_POINT('',(-253.399347060016,97.0000000000003,14.2997481317785));
#2611=CARTESIAN_POINT('',(-252.219943872393,92.8189195921756,15.0880495297306));
#2612=CARTESIAN_POINT('',(-250.462625840584,89.6735138366687,16.2747857394608));
#2613=CARTESIAN_POINT('',(-249.306796152214,87.5637827334797,17.0716553630174));
#2614=CARTESIAN_POINT('',(-248.602321184579,86.1997937917035,17.553038152037));
#2615=CARTESIAN_POINT('',(-248.09762844569,85.0691268705509,17.8781417558751));
#2616=CARTESIAN_POINT('',(-247.82881561231,84.4403563454522,17.983834526411));
#2617=CARTESIAN_POINT('',(-247.694936653769,84.1495877906339,18.0072059598646));
#2618=CARTESIAN_POINT('',(-247.363670734737,109.734877356581,17.9405983438648));
#2619=CARTESIAN_POINT('',(-247.470461105244,109.51180543717,17.921868829526));
#2620=CARTESIAN_POINT('',(-247.607922999384,109.00415198182,17.8324351282207));
#2621=CARTESIAN_POINT('',(-248.030974858137,107.921605249501,17.516438572496));
#2622=CARTESIAN_POINT('',(-248.695954383911,106.57256905164,17.0409007430118));
#2623=CARTESIAN_POINT('',(-249.838960706252,104.452116850898,16.2465305104543));
#2624=CARTESIAN_POINT('',(-251.624275521533,101.261260500352,15.0512216794855));
#2625=CARTESIAN_POINT('',(-252.838087175644,97.0000000000002,14.2530979647953));
#2626=CARTESIAN_POINT('',(-251.624275521533,92.7387394996483,15.0512216794854));
#2627=CARTESIAN_POINT('',(-249.838960706252,89.5478831491018,16.2465305104543));
#2628=CARTESIAN_POINT('',(-248.695954383911,87.4274309483608,17.0409007430118));
#2629=CARTESIAN_POINT('',(-248.030974858137,86.0783947504999,17.5164385724959));
#2630=CARTESIAN_POINT('',(-247.607922999384,84.9958480181803,17.8324351282208));
#2631=CARTESIAN_POINT('',(-247.470461105244,84.4881945628301,17.9218688295261));
#2632=CARTESIAN_POINT('',(-247.363670734737,84.2651226434195,17.9405983438648));
#2633=CARTESIAN_POINT('',(-247.287115878879,109.697065002591,17.9176606178035));
#2634=CARTESIAN_POINT('',(-247.297522881008,109.569525735821,17.8963773352046));
#2635=CARTESIAN_POINT('',(-247.385961957295,109.076536787574,17.7992495312302));
#2636=CARTESIAN_POINT('',(-247.781092091885,107.997887698641,17.4778367686266));
#2637=CARTESIAN_POINT('',(-248.434495550882,106.644953857393,16.9989659199174));
#2638=CARTESIAN_POINT('',(-249.575812201701,104.511880716162,16.2020160045544));
#2639=CARTESIAN_POINT('',(-251.369694849803,101.296896097031,15.0052658865503));
#2640=CARTESIAN_POINT('',(-252.592919172495,97.0000000000003,14.2069907262276));
#2641=CARTESIAN_POINT('',(-251.369694849803,92.7031039029696,15.0052658865502));
#2642=CARTESIAN_POINT('',(-249.575812201701,89.4881192838386,16.2020160045544));
#2643=CARTESIAN_POINT('',(-248.434495550882,87.3550461426072,16.9989659199174));
#2644=CARTESIAN_POINT('',(-247.781092091885,86.0021123013593,17.4778367686266));
#2645=CARTESIAN_POINT('',(-247.385961957295,84.9234632124266,17.7992495312302));
#2646=CARTESIAN_POINT('',(-247.297522881008,84.4304742641791,17.8963773352046));
#2647=CARTESIAN_POINT('',(-247.287115878879,84.3029349974097,17.9176606178035));
#2648=CARTESIAN_POINT('',(-247.287115878879,109.697065002591,17.9176606178035));
#2649=CARTESIAN_POINT('',(-247.297522881008,109.569525735821,17.8963773352046));
#2650=CARTESIAN_POINT('',(-247.385961957295,109.076536787574,17.7992495312302));
#2651=CARTESIAN_POINT('',(-247.781092091885,107.997887698641,17.4778367686267));
#2652=CARTESIAN_POINT('',(-248.434495550881,106.644953857393,16.9989659199174));
#2653=CARTESIAN_POINT('',(-249.575812201701,104.511880716162,16.2020160045544));
#2654=CARTESIAN_POINT('',(-251.369694849803,101.296896097031,15.0052658865503));
#2655=CARTESIAN_POINT('',(-252.592919172495,97.0000000000003,14.2069907262276));
#2656=CARTESIAN_POINT('',(-251.369694849803,92.7031039029696,15.0052658865503));
#2657=CARTESIAN_POINT('',(-249.575812201701,89.4881192838386,16.2020160045544));
#2658=CARTESIAN_POINT('',(-248.434495550882,87.3550461426071,16.9989659199174));
#2659=CARTESIAN_POINT('',(-247.781092091885,86.0021123013594,17.4778367686266));
#2660=CARTESIAN_POINT('',(-247.385961957295,84.9234632124264,17.7992495312302));
#2661=CARTESIAN_POINT('',(-247.297522881008,84.4304742641792,17.8963773352046));
#2662=CARTESIAN_POINT('',(-247.287115878879,84.3029349974097,17.9176606178035));
#2663=CARTESIAN_POINT('',(-247.190732510502,109.792597655232,17.9151068495433));
#2664=CARTESIAN_POINT('',(-247.124584656772,109.627246034472,17.8708858408831));
#2665=CARTESIAN_POINT('',(-247.164000915206,109.148921593328,17.7660639342396));
#2666=CARTESIAN_POINT('',(-247.531209325634,108.074170147782,17.4392349647573));
#2667=CARTESIAN_POINT('',(-248.173036717852,106.717338663147,16.9570310968229));
#2668=CARTESIAN_POINT('',(-249.312663697151,104.571644581425,16.1575014986545));
#2669=CARTESIAN_POINT('',(-251.115114178073,101.33253169371,14.9593100936151));
#2670=CARTESIAN_POINT('',(-252.347751169347,97.0000000000002,14.1608834876598));
#2671=CARTESIAN_POINT('',(-251.115114178073,92.6674683062909,14.9593100936151));
#2672=CARTESIAN_POINT('',(-249.312663697151,89.4283554185753,16.1575014986546));
#2673=CARTESIAN_POINT('',(-248.173036717852,87.2826613368535,16.9570310968229));
#2674=CARTESIAN_POINT('',(-247.531209325634,85.9258298522188,17.4392349647573));
#2675=CARTESIAN_POINT('',(-247.164000915206,84.8510784066727,17.7660639342396));
#2676=CARTESIAN_POINT('',(-247.124584656772,84.3727539655282,17.8708858408832));
#2677=CARTESIAN_POINT('',(-247.190732510502,84.2074023447685,17.9151068495434));
#2678=CARTESIAN_POINT('',(-246.879281591125,110.124360858835,17.8873791733132));
#2679=CARTESIAN_POINT('',(-246.791199507577,109.90597710977,17.8308221428691));
#2680=CARTESIAN_POINT('',(-246.765862193157,109.365181963972,17.6790281739315));
#2681=CARTESIAN_POINT('',(-247.10302458707,108.25790090314,17.3214273288212));
#2682=CARTESIAN_POINT('',(-247.738043154038,106.870526101043,16.8200464244507));
#2683=CARTESIAN_POINT('',(-248.88373481328,104.685069354912,16.0076987040615));
#2684=CARTESIAN_POINT('',(-250.692459842014,101.394893987897,14.8123147721194));
#2685=CARTESIAN_POINT('',(-251.928339041127,97.0000000000002,14.0231047003719));
#2686=CARTESIAN_POINT('',(-250.692459842014,92.6051060121031,14.8123147721194));
#2687=CARTESIAN_POINT('',(-248.88373481328,89.3149306450887,16.0076987040615));
#2688=CARTESIAN_POINT('',(-247.738043154038,87.1294738989573,16.8200464244506));
#2689=CARTESIAN_POINT('',(-247.10302458707,85.7420990968608,17.3214273288212));
#2690=CARTESIAN_POINT('',(-246.765862193157,84.6348180360284,17.6790281739315));
#2691=CARTESIAN_POINT('',(-246.791199507577,84.0940228902303,17.8308221428691));
#2692=CARTESIAN_POINT('',(-246.879281591125,83.8756391411658,17.8873791733132));
#2693=CARTESIAN_POINT('',(-246.521757506587,110.682244213608,17.6698848089468));
#2694=CARTESIAN_POINT('',(-246.413628487455,110.418925397861,17.6067240161568));
#2695=CARTESIAN_POINT('',(-246.363653970505,109.793793307693,17.4240330108716));
#2696=CARTESIAN_POINT('',(-246.6954573047,108.580033871623,17.0045463202743));
#2697=CARTESIAN_POINT('',(-247.341940294195,107.109635209942,16.4632675234532));
#2698=CARTESIAN_POINT('',(-248.501945280459,104.836941254793,15.6273072016197));
#2699=CARTESIAN_POINT('',(-250.282856126052,101.467062851479,14.4583798421161));
#2700=CARTESIAN_POINT('',(-251.483764478514,97.0000000000003,13.7074326435294));
#2701=CARTESIAN_POINT('',(-250.282856126052,92.5329371485217,14.4583798421161));
#2702=CARTESIAN_POINT('',(-248.501945280459,89.1630587452078,15.6273072016197));
#2703=CARTESIAN_POINT('',(-247.341940294195,86.8903647900586,16.4632675234532));
#2704=CARTESIAN_POINT('',(-246.6954573047,85.4199661283774,17.0045463202743));
#2705=CARTESIAN_POINT('',(-246.363653970505,84.2062066923072,17.4240330108716));
#2706=CARTESIAN_POINT('',(-246.413628487455,83.5810746021391,17.6067240161568));
#2707=CARTESIAN_POINT('',(-246.521757506587,83.3177557863926,17.6698848089468));
#2708=CARTESIAN_POINT('',(-246.408403938718,111.210685637708,17.2437363204313));
#2709=CARTESIAN_POINT('',(-246.28348775055,110.912221196382,17.1790359337456));
#2710=CARTESIAN_POINT('',(-246.214095382309,110.216373949512,16.9821485015966));
#2711=CARTESIAN_POINT('',(-246.542567291466,108.901742939767,16.5291382870346));
#2712=CARTESIAN_POINT('',(-247.194840099377,107.342146743783,15.9632299161282));
#2713=CARTESIAN_POINT('',(-248.351258957913,104.970591505096,15.1178624264529));
#2714=CARTESIAN_POINT('',(-250.062486964145,101.523209257168,14.002812223469));
#2715=CARTESIAN_POINT('',(-251.19550554111,97.0000000000002,13.3104457653228));
#2716=CARTESIAN_POINT('',(-250.062486964145,92.4767907428321,14.002812223469));
#2717=CARTESIAN_POINT('',(-248.351258957913,89.0294084949044,15.1178624264529));
#2718=CARTESIAN_POINT('',(-247.194840099377,86.6578532562171,15.9632299161282));
#2719=CARTESIAN_POINT('',(-246.542567291466,85.098257060234,16.5291382870346));
#2720=CARTESIAN_POINT('',(-246.214095382309,83.7836260504882,16.9821485015966));
#2721=CARTESIAN_POINT('',(-246.28348775055,83.0877788036189,17.1790359337456));
#2722=CARTESIAN_POINT('',(-246.408403938718,82.7893143622923,17.2437363204313));
#2723=CARTESIAN_POINT('',(-246.639230258973,111.841773951151,16.3906703536098));
#2724=CARTESIAN_POINT('',(-246.494608774025,111.504545160027,16.3291872635088));
#2725=CARTESIAN_POINT('',(-246.396283898763,110.728378800921,16.1333924204773));
#2726=CARTESIAN_POINT('',(-246.696873746562,109.293410578556,15.6776331224805));
#2727=CARTESIAN_POINT('',(-247.320863631849,107.622131319347,15.1162257460731));
#2728=CARTESIAN_POINT('',(-248.417814031273,105.124554453759,14.3020437463673));
#2729=CARTESIAN_POINT('',(-249.974116508244,101.583844013977,13.3022908259023));
#2730=CARTESIAN_POINT('',(-250.981943785503,97.0000000000002,12.7096289052903));
#2731=CARTESIAN_POINT('',(-249.974116508244,92.4161559860233,13.3022908259023));
#2732=CARTESIAN_POINT('',(-248.417814031273,88.8754455462414,14.3020437463673));
#2733=CARTESIAN_POINT('',(-247.320863631849,86.3778686806537,15.1162257460731));
#2734=CARTESIAN_POINT('',(-246.696873746562,84.7065894214447,15.6776331224805));
#2735=CARTESIAN_POINT('',(-246.396283898762,83.2716211990795,16.1333924204773));
#2736=CARTESIAN_POINT('',(-246.494608774025,82.4954548399739,16.3291872635088));
#2737=CARTESIAN_POINT('',(-246.639230258973,82.1582260488492,16.3906703536098));
#2738=CARTESIAN_POINT('',(-247.749703407919,112.428613224545,14.7777182724532));
#2739=CARTESIAN_POINT('',(-247.582341867881,112.048817209578,14.7273592136277));
#2740=CARTESIAN_POINT('',(-247.423395335869,111.190576603622,14.5662579267925));
#2741=CARTESIAN_POINT('',(-247.596162915373,109.644263182634,14.1934650276402));
#2742=CARTESIAN_POINT('',(-248.06397560573,107.875990465599,13.7395396982416));
#2743=CARTESIAN_POINT('',(-248.926262985118,105.271672069501,13.0928074035855));
#2744=CARTESIAN_POINT('',(-250.161023653139,101.646341914302,12.3316036529144));
#2745=CARTESIAN_POINT('',(-250.964640631465,97.0000000000003,11.8937660495713));
#2746=CARTESIAN_POINT('',(-250.161023653139,92.3536580856988,12.3316036529144));
#2747=CARTESIAN_POINT('',(-248.926262985118,88.7283279304993,13.0928074035855));
#2748=CARTESIAN_POINT('',(-248.06397560573,86.1240095344016,13.7395396982416));
#2749=CARTESIAN_POINT('',(-247.596162915373,84.355736817367,14.1934650276402));
#2750=CARTESIAN_POINT('',(-247.423395335869,82.8094233963787,14.5662579267925));
#2751=CARTESIAN_POINT('',(-247.582341867881,81.9511827904225,14.7273592136277));
#2752=CARTESIAN_POINT('',(-247.749703407919,81.571386775455,14.7777182724532));
#2753=CARTESIAN_POINT('',(-248.987652837007,112.845688038438,13.3179827679713));
#2754=CARTESIAN_POINT('',(-248.803936139168,112.435211353014,13.2833366215639));
#2755=CARTESIAN_POINT('',(-248.58680314755,111.520597863599,13.1720815288748));
#2756=CARTESIAN_POINT('',(-248.616503009679,109.90281981824,12.9140306663494));
#2757=CARTESIAN_POINT('',(-248.906100358741,108.074306506106,12.5995317564638));
#2758=CARTESIAN_POINT('',(-249.51142432324,105.402138460178,12.1512293816446));
#2759=CARTESIAN_POINT('',(-250.440313683087,101.710702958142,11.6233321753776));
#2760=CARTESIAN_POINT('',(-251.066541060684,97.0000000000002,11.3195861565202));
#2761=CARTESIAN_POINT('',(-250.440313683087,92.2892970418583,11.6233321753776));
#2762=CARTESIAN_POINT('',(-249.51142432324,88.597861539823,12.1512293816447));
#2763=CARTESIAN_POINT('',(-248.906100358741,85.9256934938944,12.5995317564638));
#2764=CARTESIAN_POINT('',(-248.616503009679,84.0971801817605,12.9140306663494));
#2765=CARTESIAN_POINT('',(-248.58680314755,82.4794021364012,13.1720815288748));
#2766=CARTESIAN_POINT('',(-248.803936139168,81.5647886469865,13.2833366215639));
#2767=CARTESIAN_POINT('',(-248.987652837007,81.1543119615624,13.3179827679712));
#2768=CARTESIAN_POINT('',(-249.562228940215,113.081899441215,12.6491933286532));
#2769=CARTESIAN_POINT('',(-249.370748689043,112.656198784631,12.6239165060086));
#2770=CARTESIAN_POINT('',(-249.126199506645,111.713155538912,12.5397427663738));
#2771=CARTESIAN_POINT('',(-249.088752476476,110.058030597391,12.3402066467674));
#2772=CARTESIAN_POINT('',(-249.294824973322,108.196711307633,12.0949797898886));
#2773=CARTESIAN_POINT('',(-249.779804716585,105.485847423247,11.7438693615298));
#2774=CARTESIAN_POINT('',(-250.565542131138,101.753610320703,11.3286783473106));
#2775=CARTESIAN_POINT('',(-251.108789674059,97.0000000000002,11.0890425472709));
#2776=CARTESIAN_POINT('',(-250.565542131138,92.2463896792977,11.3286783473106));
#2777=CARTESIAN_POINT('',(-249.779804716585,88.5141525767536,11.7438693615298));
#2778=CARTESIAN_POINT('',(-249.294824973322,85.8032886923678,12.0949797898886));
#2779=CARTESIAN_POINT('',(-249.088752476476,83.9419694026094,12.3402066467674));
#2780=CARTESIAN_POINT('',(-249.126199506645,82.2868444610881,12.5397427663738));
#2781=CARTESIAN_POINT('',(-249.370748689043,81.3438012153694,12.6239165060086));
#2782=CARTESIAN_POINT('',(-249.562228940215,80.918100558785,12.6491933286532));
#2783=CARTESIAN_POINT('',(-250.711381146631,113.55432224677,11.311614450017));
#2784=CARTESIAN_POINT('',(-250.504373788792,113.098173647865,11.3050762748979));
#2785=CARTESIAN_POINT('',(-250.204992224835,112.098270889539,11.2750652413719));
#2786=CARTESIAN_POINT('',(-250.03325141007,110.368452155693,11.1925586076033));
#2787=CARTESIAN_POINT('',(-250.072274202482,108.441520910686,11.0858758567382));
#2788=CARTESIAN_POINT('',(-250.316565503275,105.653265349385,10.9291493213001));
#2789=CARTESIAN_POINT('',(-250.815999027241,101.839425045824,10.7393706911767));
#2790=CARTESIAN_POINT('',(-251.19328690081,97.0000000000002,10.6279553287723));
#2791=CARTESIAN_POINT('',(-250.815999027241,92.1605749541768,10.7393706911767));
#2792=CARTESIAN_POINT('',(-250.316565503275,88.346734650615,10.9291493213001));
#2793=CARTESIAN_POINT('',(-250.072274202482,85.5584790893145,11.0858758567382));
#2794=CARTESIAN_POINT('',(-250.03325141007,83.6315478443073,11.1925586076033));
#2795=CARTESIAN_POINT('',(-250.204992224835,81.9017291104619,11.2750652413719));
#2796=CARTESIAN_POINT('',(-250.504373788792,80.9018263521352,11.3050762748979));
#2797=CARTESIAN_POINT('',(-250.711381146631,80.4456777532301,11.311614450017));
#2798=CARTESIAN_POINT('',(-252.654496668777,114.720559824529,9.12508319612804));
#2799=CARTESIAN_POINT('',(-252.419747302139,114.204446253525,9.16812525648887));
#2800=CARTESIAN_POINT('',(-252.02411728725,113.088877953385,9.26370568303123));
#2801=CARTESIAN_POINT('',(-251.618884634413,111.196754963079,9.42440781778251));
#2802=CARTESIAN_POINT('',(-251.368470565402,109.117114366977,9.59128402494714));
#2803=CARTESIAN_POINT('',(-251.196484870931,106.135907343512,9.80714116768537));
#2804=CARTESIAN_POINT('',(-251.201580284066,102.096869221186,10.0366106645199));
#2805=CARTESIAN_POINT('',(-251.292668544436,97.0000000000002,10.1581515899853));
#2806=CARTESIAN_POINT('',(-251.201580284066,91.9031307788143,10.0366106645199));
#2807=CARTESIAN_POINT('',(-251.196484870931,87.8640926564885,9.80714116768537));
#2808=CARTESIAN_POINT('',(-251.368470565402,84.8828856330232,9.59128402494714));
#2809=CARTESIAN_POINT('',(-251.618884634413,82.8032450369212,9.42440781778251));
#2810=CARTESIAN_POINT('',(-252.02411728725,80.9111220466156,9.26370568303125));
#2811=CARTESIAN_POINT('',(-252.419747302139,79.7955537464757,9.16812525648887));
#2812=CARTESIAN_POINT('',(-252.654496668777,79.2794401754714,9.12508319612804));
#2813=CARTESIAN_POINT('',(-253.972766587081,115.414374596733,7.32388991793795));
#2814=CARTESIAN_POINT('',(-253.72580231831,114.86874399595,7.41570408824734));
#2815=CARTESIAN_POINT('',(-253.280563943383,113.694369666605,7.6250921242975));
#2816=CARTESIAN_POINT('',(-252.745412147074,111.714636212163,7.98852591462688));
#2817=CARTESIAN_POINT('',(-252.329601395082,109.547898220215,8.37338409117034));
#2818=CARTESIAN_POINT('',(-251.916488822496,106.4511314115,8.87785770812702));
#2819=CARTESIAN_POINT('',(-251.631627108736,102.268498671428,9.42237394465783));
#2820=CARTESIAN_POINT('',(-251.553321681269,97.0000000000002,9.71465337271029));
#2821=CARTESIAN_POINT('',(-251.631627108736,91.7315013285726,9.42237394465782));
#2822=CARTESIAN_POINT('',(-251.916488822496,87.5488685885009,8.87785770812702));
#2823=CARTESIAN_POINT('',(-252.329601395082,84.4521017797853,8.37338409117034));
#2824=CARTESIAN_POINT('',(-252.745412147074,82.2853637878371,7.98852591462688));
#2825=CARTESIAN_POINT('',(-253.280563943383,80.3056303333954,7.6250921242975));
#2826=CARTESIAN_POINT('',(-253.72580231831,79.1312560040501,7.41570408824734));
#2827=CARTESIAN_POINT('',(-253.972766587081,78.5856254032677,7.32388991793795));
#2828=CARTESIAN_POINT('',(-254.497073189654,115.414374596733,6.37164901500073));
#2829=CARTESIAN_POINT('',(-254.250108920883,114.86874399595,6.48139370730411));
#2830=CARTESIAN_POINT('',(-253.796678255291,113.694369666605,6.73316059890255));
#2831=CARTESIAN_POINT('',(-253.230805368988,111.714636212163,7.17314676212807));
#2832=CARTESIAN_POINT('',(-252.771985091003,109.547898220215,7.64097205603423));
#2833=CARTESIAN_POINT('',(-252.293334193095,106.4511314115,8.25586236195369));
#2834=CARTESIAN_POINT('',(-251.926549572683,102.268498671428,8.92158959531861));
#2835=CARTESIAN_POINT('',(-251.799090401225,97.0000000000002,9.27987167572378));
#2836=CARTESIAN_POINT('',(-251.926549572683,91.7315013285726,8.92158959531859));
#2837=CARTESIAN_POINT('',(-252.293334193095,87.5488685885009,8.25586236195369));
#2838=CARTESIAN_POINT('',(-252.771985091003,84.4521017797853,7.64097205603422));
#2839=CARTESIAN_POINT('',(-253.230805368988,82.2853637878371,7.17314676212807));
#2840=CARTESIAN_POINT('',(-253.796678255291,80.3056303333954,6.73316059890256));
#2841=CARTESIAN_POINT('',(-254.250108920883,79.1312560040501,6.48139370730411));
#2842=CARTESIAN_POINT('',(-254.497073189654,78.5856254032677,6.37164901500073));
#2843=CARTESIAN_POINT('',(-254.759226490941,115.414374596733,5.89552856353212));
#2844=CARTESIAN_POINT('',(-254.51226222217,114.86874399595,6.0142385168325));
#2845=CARTESIAN_POINT('',(-254.054735411246,113.694369666605,6.28719483620507));
#2846=CARTESIAN_POINT('',(-253.473501979945,111.714636212163,6.76545718587866));
#2847=CARTESIAN_POINT('',(-252.993176938964,109.547898220215,7.27476603846618));
#2848=CARTESIAN_POINT('',(-252.481756878395,106.4511314115,7.94486468886701));
#2849=CARTESIAN_POINT('',(-252.074010804657,102.268498671428,8.67119742064899));
#2850=CARTESIAN_POINT('',(-251.921974761203,97.0000000000002,9.06248082723051));
#2851=CARTESIAN_POINT('',(-252.074010804657,91.7315013285724,8.67119742064898));
#2852=CARTESIAN_POINT('',(-252.481756878395,87.5488685885009,7.94486468886701));
#2853=CARTESIAN_POINT('',(-252.993176938964,84.4521017797853,7.27476603846616));
#2854=CARTESIAN_POINT('',(-253.473501979945,82.2853637878371,6.76545718587867));
#2855=CARTESIAN_POINT('',(-254.054735411246,80.3056303333952,6.28719483620507));
#2856=CARTESIAN_POINT('',(-254.51226222217,79.1312560040501,6.01423851683249));
#2857=CARTESIAN_POINT('',(-254.759226490941,78.5856254032677,5.89552856353213));
#2858=CARTESIAN_POINT('',(-255.216118915225,115.240920903682,4.91746552867379));
#2859=CARTESIAN_POINT('',(-254.972208371987,114.702669560344,5.05087823747802));
#2860=CARTESIAN_POINT('',(-254.514795215075,113.5429967383,5.3589509377961));
#2861=CARTESIAN_POINT('',(-253.91995993465,111.585165899892,5.90135893291936));
#2862=CARTESIAN_POINT('',(-253.416469775425,109.440202256906,6.48062296920617));
#2863=CARTESIAN_POINT('',(-252.867023946403,106.372325394503,7.24419253449659));
#2864=CARTESIAN_POINT('',(-252.408882794411,102.225591308867,8.07358007660566));
#2865=CARTESIAN_POINT('',(-252.22546455693,97.0000000000002,8.5211828360695));
#2866=CARTESIAN_POINT('',(-252.408882794411,91.774408691133,8.07358007660567));
#2867=CARTESIAN_POINT('',(-252.867023946403,87.6276746054979,7.24419253449658));
#2868=CARTESIAN_POINT('',(-253.416469775426,84.5597977430948,6.48062296920617));
#2869=CARTESIAN_POINT('',(-253.91995993465,82.4148341001081,5.90135893291936));
#2870=CARTESIAN_POINT('',(-254.514795215075,80.4570032617003,5.3589509377961));
#2871=CARTESIAN_POINT('',(-254.972208371987,79.2973304396563,5.05087823747805));
#2872=CARTESIAN_POINT('',(-255.216118915225,78.7590790963185,4.91746552867379));
#2873=CARTESIAN_POINT('',(-255.685298814117,114.628184328916,3.85482708515417));
#2874=CARTESIAN_POINT('',(-255.455135849468,114.121821586767,3.99585935511389));
#2875=CARTESIAN_POINT('',(-255.021998797003,113.026114111047,4.31944350212176));
#2876=CARTESIAN_POINT('',(-254.454600390592,111.162152809569,4.88710813274762));
#2877=CARTESIAN_POINT('',(-253.970249698259,109.106337306567,5.49479076233622));
#2878=CARTESIAN_POINT('',(-253.436166449641,106.147505549032,6.30203105220281));
#2879=CARTESIAN_POINT('',(-252.979884383019,102.112059780176,7.19977435618627));
#2880=CARTESIAN_POINT('',(-252.790643940706,97.0000000000001,7.69389751523636));
#2881=CARTESIAN_POINT('',(-252.979884383019,91.8879402198241,7.19977435618625));
#2882=CARTESIAN_POINT('',(-253.436166449641,87.8524944509686,6.30203105220283));
#2883=CARTESIAN_POINT('',(-253.970249698259,84.8936626934337,5.49479076233622));
#2884=CARTESIAN_POINT('',(-254.454600390592,82.8378471904318,4.88710813274762));
#2885=CARTESIAN_POINT('',(-255.021998797003,80.9738858889535,4.31944350212175));
#2886=CARTESIAN_POINT('',(-255.455135849469,79.8781784132329,3.99585935511386));
#2887=CARTESIAN_POINT('',(-255.685298814117,79.3718156710848,3.85482708515417));
#2888=CARTESIAN_POINT('',(-256.039441242909,113.923072258536,3.23537794828405));
#2889=CARTESIAN_POINT('',(-255.827612258839,113.458348946434,3.37443685703411));
#2890=CARTESIAN_POINT('',(-255.430398017236,112.446467641456,3.68726303790762));
#2891=CARTESIAN_POINT('',(-254.912597271232,110.704537565734,4.22783256253389));
#2892=CARTESIAN_POINT('',(-254.471506578423,108.761695295817,4.80693750367207));
#2893=CARTESIAN_POINT('',(-253.983918307991,105.934283909081,5.58673153146656));
#2894=CARTESIAN_POINT('',(-253.559655286895,102.013718810475,6.49383842346862));
#2895=CARTESIAN_POINT('',(-253.379186401015,97.0000000000001,7.01104830157344));
#2896=CARTESIAN_POINT('',(-253.559655286895,91.9862811895251,6.49383842346862));
#2897=CARTESIAN_POINT('',(-253.983918307991,88.0657160909196,5.58673153146657));
#2898=CARTESIAN_POINT('',(-254.471506578423,85.2383047041835,4.80693750367205));
#2899=CARTESIAN_POINT('',(-254.912597271232,83.2954624342663,4.2278325625339));
#2900=CARTESIAN_POINT('',(-255.430398017235,81.5535323585442,3.68726303790762));
#2901=CARTESIAN_POINT('',(-255.827612258839,80.541651053567,3.37443685703411));
#2902=CARTESIAN_POINT('',(-256.039441242909,80.0769277414644,3.23537794828405));
#2903=CARTESIAN_POINT('',(-256.292230939823,113.327831441494,2.88967748357836));
#2904=CARTESIAN_POINT('',(-256.100629498588,112.908390834863,3.02093566383096));
#2905=CARTESIAN_POINT('',(-255.745633605078,111.983316890893,3.30888166484462));
#2906=CARTESIAN_POINT('',(-255.28738709806,110.35555762323,3.80167404793383));
#2907=CARTESIAN_POINT('',(-254.893014290652,108.506079844275,4.33992427263546));
#2908=CARTESIAN_POINT('',(-254.45279010243,105.778670820053,5.08045877556913));
#2909=CARTESIAN_POINT('',(-254.063848949332,101.943310871962,5.97823556269861));
#2910=CARTESIAN_POINT('',(-253.895019890344,97.0000000000002,6.50574509836115));
#2911=CARTESIAN_POINT('',(-254.063848949332,92.0566891280383,5.97823556269859));
#2912=CARTESIAN_POINT('',(-254.452790102431,88.2213291799471,5.08045877556915));
#2913=CARTESIAN_POINT('',(-254.893014290652,85.4939201557261,4.33992427263546));
#2914=CARTESIAN_POINT('',(-255.28738709806,83.6444423767699,3.80167404793384));
#2915=CARTESIAN_POINT('',(-255.745633605078,82.0166831091074,3.30888166484461));
#2916=CARTESIAN_POINT('',(-256.100629498588,81.0916091651378,3.02093566383096));
#2917=CARTESIAN_POINT('',(-256.292230939823,80.672168558507,2.88967748357836));
#2918=CARTESIAN_POINT('',(-256.529987132537,112.707238501218,2.66641898579369));
#2919=CARTESIAN_POINT('',(-256.367899390086,112.353122591388,2.78126952743548));
#2920=CARTESIAN_POINT('',(-256.077423360913,111.546404527485,3.02229549981413));
#2921=CARTESIAN_POINT('',(-255.709618999637,110.054643047258,3.43604932449244));
#2922=CARTESIAN_POINT('',(-255.376535636145,108.29497153101,3.92025821410599));
#2923=CARTESIAN_POINT('',(-254.991558770343,105.648346894685,4.61537495643196));
#2924=CARTESIAN_POINT('',(-254.645288764333,101.883356384348,5.493776557656));
#2925=CARTESIAN_POINT('',(-254.491507191225,97.0000000000003,6.02461978771701));
#2926=CARTESIAN_POINT('',(-254.645288764333,92.1166436156525,5.49377655765599));
#2927=CARTESIAN_POINT('',(-254.991558770343,88.3516531053158,4.61537495643197));
#2928=CARTESIAN_POINT('',(-255.376535636145,85.7050284689901,3.92025821410599));
#2929=CARTESIAN_POINT('',(-255.709618999637,83.9453569527423,3.43604932449243));
#2930=CARTESIAN_POINT('',(-256.077423360913,82.4535954725156,3.02229549981414));
#2931=CARTESIAN_POINT('',(-256.367899390086,81.6468774086128,2.78126952743546));
#2932=CARTESIAN_POINT('',(-256.529987132537,81.2927614987821,2.6664189857937));
#2933=CARTESIAN_POINT('',(-256.662115956317,112.345956229693,2.59599214909033));
#2934=CARTESIAN_POINT('',(-256.538483118744,112.075980061448,2.6848890634107));
#2935=CARTESIAN_POINT('',(-256.344443235831,111.384784990099,2.85207474523556));
#2936=CARTESIAN_POINT('',(-256.040929571664,109.940897889179,3.21804888706873));
#2937=CARTESIAN_POINT('',(-255.751191342756,108.211664802193,3.67102592978817));
#2938=CARTESIAN_POINT('',(-255.405228446464,105.592314402026,4.34010306958429));
#2939=CARTESIAN_POINT('',(-255.089666521401,101.855092801296,5.20309630275206));
#2940=CARTESIAN_POINT('',(-254.947086044483,97.0000000000002,5.73155096602176));
#2941=CARTESIAN_POINT('',(-255.089666521401,92.1449071987049,5.20309630275207));
#2942=CARTESIAN_POINT('',(-255.405228446464,88.4076855979741,4.34010306958429));
#2943=CARTESIAN_POINT('',(-255.751191342756,85.7883351978076,3.67102592978816));
#2944=CARTESIAN_POINT('',(-256.040929571664,84.0591021108212,3.21804888706873));
#2945=CARTESIAN_POINT('',(-256.344443235831,82.6152150099019,2.85207474523557));
#2946=CARTESIAN_POINT('',(-256.538483118744,81.9240199385523,2.68488906341068));
#2947=CARTESIAN_POINT('',(-256.662115956317,81.6540437703076,2.59599214909032));
#2948=CARTESIAN_POINT('',(-256.698656087335,112.243972194332,2.57999704025111));
#2949=CARTESIAN_POINT('',(-256.655441465798,112.059746997459,2.61615114400767));
#2950=CARTESIAN_POINT('',(-256.498107497472,111.364429842656,2.76208351099509));
#2951=CARTESIAN_POINT('',(-256.223589164039,109.919446695336,3.1118343922657));
#2952=CARTESIAN_POINT('',(-255.954337661991,108.19130965475,3.55379113622899));
#2953=CARTESIAN_POINT('',(-255.627659087703,105.575508357215,4.21299429965563));
#2954=CARTESIAN_POINT('',(-255.32735664804,101.845071805632,5.06871174024108));
#2955=CARTESIAN_POINT('',(-255.190393495521,97.0000000000002,5.59482759911322));
#2956=CARTESIAN_POINT('',(-255.32735664804,92.1549281943689,5.06871174024109));
#2957=CARTESIAN_POINT('',(-255.627659087703,88.4244916427858,4.21299429965563));
#2958=CARTESIAN_POINT('',(-255.954337661991,85.8086903452505,3.55379113622899));
#2959=CARTESIAN_POINT('',(-256.223589164039,84.0805533046646,3.11183439226571));
#2960=CARTESIAN_POINT('',(-256.498107497472,82.6355701573449,2.76208351099508));
#2961=CARTESIAN_POINT('',(-256.655441465798,81.9402530025413,2.61615114400762));
#2962=CARTESIAN_POINT('',(-256.698656087335,81.7560278056687,2.57999704025111));
#2963=CARTESIAN_POINT('',(-247.287115878879,84.3029349974097,17.9176606178035));
#2964=CARTESIAN_POINT('',(-247.363670734737,84.2651226434195,17.9405983438648));
#2965=CARTESIAN_POINT('',(-247.694936653769,84.1495877906339,18.0072059598645));
#2966=CARTESIAN_POINT('',(-248.636430664039,84.0242791373319,17.9995230526656));
#2967=CARTESIAN_POINT('',(-250.045355298368,83.9873064427879,17.8562441774091));
#2968=CARTESIAN_POINT('',(-252.552710187831,84.0535721819821,17.4994273463436));
#2969=CARTESIAN_POINT('',(-256.876284903351,84.348924453777,16.7707274874421));
#2970=CARTESIAN_POINT('',(-263.016079444928,84.6111438559751,16.2204360440734));
#2971=CARTESIAN_POINT('',(-269.155873986505,84.348924453777,16.7707274874421));
#2972=CARTESIAN_POINT('',(-273.479448702024,84.053572181982,17.4994273463435));
#2973=CARTESIAN_POINT('',(-275.986803591488,83.9873064427881,17.8562441774091));
#2974=CARTESIAN_POINT('',(-277.395728225817,84.0242791373319,17.9995230526656));
#2975=CARTESIAN_POINT('',(-278.337222236086,84.1495877906339,18.0072059598645));
#2976=CARTESIAN_POINT('',(-278.668488155118,84.2651226434195,17.9405983438647));
#2977=CARTESIAN_POINT('',(-278.745043010976,84.3029349974097,17.9176606178034));
#2978=CARTESIAN_POINT('',(-247.190732510502,84.2074023447685,17.9151068495434));
#2979=CARTESIAN_POINT('',(-247.256880364231,84.0420507240088,17.9593278582036));
#2980=CARTESIAN_POINT('',(-247.561057695228,83.8588192358155,18.0305773933181));
#2981=CARTESIAN_POINT('',(-248.495342838499,83.6848346898948,18.0245212286378));
#2982=CARTESIAN_POINT('',(-249.911476339827,83.6170844655077,17.8807664892059));
#2983=CARTESIAN_POINT('',(-252.44217422719,83.6584613349944,17.5216661751613));
#2984=CARTESIAN_POINT('',(-256.810375262223,83.9385110005318,16.7891847389765));
#2985=CARTESIAN_POINT('',(-263.016079444928,84.1978722313256,16.2362534598142));
#2986=CARTESIAN_POINT('',(-269.221783627632,83.9385110005318,16.7891847389765));
#2987=CARTESIAN_POINT('',(-273.589984662666,83.6584613349944,17.5216661751612));
#2988=CARTESIAN_POINT('',(-276.120682550029,83.6170844655076,17.8807664892058));
#2989=CARTESIAN_POINT('',(-277.536816051356,83.6848346898948,18.0245212286377));
#2990=CARTESIAN_POINT('',(-278.471101194627,83.8588192358156,18.0305773933181));
#2991=CARTESIAN_POINT('',(-278.775278525625,84.0420507240088,17.9593278582035));
#2992=CARTESIAN_POINT('',(-278.841426379354,84.2074023447685,17.9151068495433));
#2993=CARTESIAN_POINT('',(-246.879281591125,83.8756391411658,17.8873791733132));
#2994=CARTESIAN_POINT('',(-246.967363674672,83.6572553921013,17.9439362037573));
#2995=CARTESIAN_POINT('',(-247.294354694444,83.3245155416411,18.0183703565963));
#2996=CARTESIAN_POINT('',(-248.257015906529,83.053030282841,18.0026145133416));
#2997=CARTESIAN_POINT('',(-249.711545925442,82.9247111148152,17.8480842492081));
#2998=CARTESIAN_POINT('',(-252.298979249068,82.9168878442277,17.4772173612789));
#2999=CARTESIAN_POINT('',(-256.733823755563,83.1614521044838,16.7424702944971));
#3000=CARTESIAN_POINT('',(-263.016079444928,83.4099280000341,16.1931566716799));
#3001=CARTESIAN_POINT('',(-269.298335134293,83.1614521044839,16.7424702944971));
#3002=CARTESIAN_POINT('',(-273.733179640788,82.9168878442276,17.4772173612789));
#3003=CARTESIAN_POINT('',(-276.320612964414,82.9247111148153,17.8480842492081));
#3004=CARTESIAN_POINT('',(-277.775142983327,83.0530302828411,18.0026145133415));
#3005=CARTESIAN_POINT('',(-278.737804195412,83.3245155416409,18.0183703565963));
#3006=CARTESIAN_POINT('',(-279.064795215183,83.6572553921013,17.9439362037573));
#3007=CARTESIAN_POINT('',(-279.152877298731,83.8756391411658,17.8873791733131));
#3008=CARTESIAN_POINT('',(-246.521757506587,83.3177557863926,17.6698848089468));
#3009=CARTESIAN_POINT('',(-246.629886525719,83.0544369706461,17.7330456017369));
#3010=CARTESIAN_POINT('',(-247.012428085297,82.6262937978285,17.802997767612));
#3011=CARTESIAN_POINT('',(-248.075620135334,82.2258491445288,17.7552834644769));
#3012=CARTESIAN_POINT('',(-249.618721042771,82.0134613270583,17.571392316562));
#3013=CARTESIAN_POINT('',(-252.294933605718,81.9306503415478,17.1754298916694));
#3014=CARTESIAN_POINT('',(-256.76071973977,82.1083924117759,16.4555156187307));
#3015=CARTESIAN_POINT('',(-263.016079444928,82.3275399747589,15.9335825582383));
#3016=CARTESIAN_POINT('',(-269.271439150085,82.1083924117759,16.4555156187307));
#3017=CARTESIAN_POINT('',(-273.737225284138,81.9306503415477,17.1754298916693));
#3018=CARTESIAN_POINT('',(-276.413437847085,82.0134613270583,17.571392316562));
#3019=CARTESIAN_POINT('',(-277.956538754522,82.2258491445288,17.7552834644769));
#3020=CARTESIAN_POINT('',(-279.019730804559,82.6262937978283,17.8029977676119));
#3021=CARTESIAN_POINT('',(-279.402272364137,83.0544369706461,17.7330456017368));
#3022=CARTESIAN_POINT('',(-279.510401383269,83.3177557863926,17.6698848089468));
#3023=CARTESIAN_POINT('',(-246.408403938718,82.7893143622923,17.2437363204313));
#3024=CARTESIAN_POINT('',(-246.533320126886,82.4908499209655,17.308436707117));
#3025=CARTESIAN_POINT('',(-246.963592511316,81.9928394025278,17.3703508217107));
#3026=CARTESIAN_POINT('',(-248.114867460336,81.4984654872945,17.2947196654929));
#3027=CARTESIAN_POINT('',(-249.736555129823,81.2126202042607,17.0845438293907));
#3028=CARTESIAN_POINT('',(-252.478750780551,81.0507136961834,16.6701933390412));
#3029=CARTESIAN_POINT('',(-256.905258885586,81.1490859904668,15.985681767515));
#3030=CARTESIAN_POINT('',(-263.016079444928,81.3284115387888,15.5083454411636));
#3031=CARTESIAN_POINT('',(-269.12690000427,81.1490859904668,15.985681767515));
#3032=CARTESIAN_POINT('',(-273.553408109305,81.0507136961833,16.6701933390412));
#3033=CARTESIAN_POINT('',(-276.295603760032,81.2126202042608,17.0845438293907));
#3034=CARTESIAN_POINT('',(-277.917291429519,81.4984654872944,17.2947196654928));
#3035=CARTESIAN_POINT('',(-279.06856637854,81.9928394025278,17.3703508217107));
#3036=CARTESIAN_POINT('',(-279.49883876297,82.4908499209655,17.3084367071169));
#3037=CARTESIAN_POINT('',(-279.623754951138,82.7893143622923,17.2437363204312));
#3038=CARTESIAN_POINT('',(-246.639230258973,82.1582260488492,16.3906703536098));
#3039=CARTESIAN_POINT('',(-246.78385174392,81.8209972577245,16.4521534437109));
#3040=CARTESIAN_POINT('',(-247.264012808448,81.2482484523314,16.5022909610835));
#3041=CARTESIAN_POINT('',(-248.496151520694,80.6502833585241,16.4043381445437));
#3042=CARTESIAN_POINT('',(-250.179330179948,80.2695081627132,16.1785531312944));
#3043=CARTESIAN_POINT('',(-252.943812097038,79.9927701439115,15.7674993792017));
#3044=CARTESIAN_POINT('',(-257.222728518698,79.9699812839673,15.1607361767591));
#3045=CARTESIAN_POINT('',(-263.016079444928,80.0855614334241,14.7594998503627));
#3046=CARTESIAN_POINT('',(-268.809430371157,79.9699812839673,15.1607361767591));
#3047=CARTESIAN_POINT('',(-273.088346792817,79.9927701439113,15.7674993792017));
#3048=CARTESIAN_POINT('',(-275.852828709908,80.2695081627132,16.1785531312943));
#3049=CARTESIAN_POINT('',(-277.536007369162,80.6502833585242,16.4043381445437));
#3050=CARTESIAN_POINT('',(-278.768146081407,81.2482484523314,16.5022909610835));
#3051=CARTESIAN_POINT('',(-279.248307145935,81.8209972577245,16.4521534437108));
#3052=CARTESIAN_POINT('',(-279.392928630883,82.1582260488492,16.3906703536098));
#3053=CARTESIAN_POINT('',(-247.749703407919,81.571386775455,14.7777182724532));
#3054=CARTESIAN_POINT('',(-247.917064947957,81.1915907604872,14.8280773312788));
#3055=CARTESIAN_POINT('',(-248.427564576098,80.5306473065725,14.8684122797457));
#3056=CARTESIAN_POINT('',(-249.654727456976,79.7967972981501,14.788331410017));
#3057=CARTESIAN_POINT('',(-251.277387570998,79.2821319065649,14.6082334629823));
#3058=CARTESIAN_POINT('',(-253.880375759854,78.836983466085,14.2888350506923));
#3059=CARTESIAN_POINT('',(-257.793273051164,78.6366066795174,13.8423754176808));
#3060=CARTESIAN_POINT('',(-263.016079444928,78.6588041131897,13.5556149908143));
#3061=CARTESIAN_POINT('',(-268.238885838692,78.6366066795174,13.8423754176808));
#3062=CARTESIAN_POINT('',(-272.151783130002,78.836983466085,14.2888350506923));
#3063=CARTESIAN_POINT('',(-274.754771318858,79.2821319065649,14.6082334629822));
#3064=CARTESIAN_POINT('',(-276.37743143288,79.7967972981501,14.788331410017));
#3065=CARTESIAN_POINT('',(-277.604594313758,80.5306473065725,14.8684122797457));
#3066=CARTESIAN_POINT('',(-278.115093941898,81.1915907604872,14.8280773312787));
#3067=CARTESIAN_POINT('',(-278.282455481936,81.571386775455,14.7777182724532));
#3068=CARTESIAN_POINT('',(-248.987652837007,81.1543119615624,13.3179827679712));
#3069=CARTESIAN_POINT('',(-249.171369534846,80.7438352761384,13.3526289143786));
#3070=CARTESIAN_POINT('',(-249.689103334582,80.0165420238568,13.3799584073189));
#3071=CARTESIAN_POINT('',(-250.860242594843,79.1748196014678,13.3232882707863));
#3072=CARTESIAN_POINT('',(-252.369557764236,78.5505517354457,13.1971777819907));
#3073=CARTESIAN_POINT('',(-254.757729000243,77.9657834563501,12.9740753588194));
#3074=CARTESIAN_POINT('',(-258.306569560473,77.6196450000657,12.6627165675984));
#3075=CARTESIAN_POINT('',(-263.016079444928,77.5658906833289,12.462908987963));
#3076=CARTESIAN_POINT('',(-267.725589329382,77.6196450000657,12.6627165675984));
#3077=CARTESIAN_POINT('',(-271.274429889613,77.9657834563501,12.9740753588194));
#3078=CARTESIAN_POINT('',(-273.662601125619,78.5505517354457,13.1971777819907));
#3079=CARTESIAN_POINT('',(-275.171916295013,79.1748196014678,13.3232882707863));
#3080=CARTESIAN_POINT('',(-276.343055555273,80.0165420238568,13.3799584073189));
#3081=CARTESIAN_POINT('',(-276.86078935501,80.7438352761383,13.3526289143786));
#3082=CARTESIAN_POINT('',(-277.044506052849,81.1543119615624,13.3179827679712));
#3083=CARTESIAN_POINT('',(-249.562228940215,80.918100558785,12.6491933286532));
#3084=CARTESIAN_POINT('',(-249.753709191387,80.4923999022005,12.6744701512978));
#3085=CARTESIAN_POINT('',(-250.275081013678,79.7326405215815,12.6914037022416));
#3086=CARTESIAN_POINT('',(-251.420468461974,78.839105235445,12.6387891142571));
#3087=CARTESIAN_POINT('',(-252.87728138015,78.1628517212426,12.5310049805084));
#3088=CARTESIAN_POINT('',(-255.165726904251,77.512460047742,12.3441938993397));
#3089=CARTESIAN_POINT('',(-258.545326259177,77.0985648214141,12.0869830266495));
#3090=CARTESIAN_POINT('',(-263.016079444928,77.0098654318365,11.9231776945436));
#3091=CARTESIAN_POINT('',(-267.486832630679,77.0985648214141,12.0869830266495));
#3092=CARTESIAN_POINT('',(-270.866431985605,77.512460047742,12.3441938993397));
#3093=CARTESIAN_POINT('',(-273.154877509706,78.1628517212428,12.5310049805084));
#3094=CARTESIAN_POINT('',(-274.611690427882,78.839105235445,12.638789114257));
#3095=CARTESIAN_POINT('',(-275.757077876178,79.7326405215816,12.6914037022416));
#3096=CARTESIAN_POINT('',(-276.278449698468,80.4923999022005,12.6744701512978));
#3097=CARTESIAN_POINT('',(-276.469929949641,80.918100558785,12.6491933286531));
#3098=CARTESIAN_POINT('',(-250.711381146631,80.4456777532301,11.311614450017));
#3099=CARTESIAN_POINT('',(-250.91838850447,79.9895291543251,11.3181526251362));
#3100=CARTESIAN_POINT('',(-251.447036371869,79.1648375170311,11.3142942920869));
#3101=CARTESIAN_POINT('',(-252.540920196237,78.1676765033993,11.2697908011985));
#3102=CARTESIAN_POINT('',(-253.892728611977,77.3874516928367,11.1986593775439));
#3103=CARTESIAN_POINT('',(-255.981722712267,76.6058132305259,11.0844309803803));
#3104=CARTESIAN_POINT('',(-259.022839656584,76.0564044641108,10.9355159447517));
#3105=CARTESIAN_POINT('',(-263.016079444928,75.8978149288512,10.8437151077049));
#3106=CARTESIAN_POINT('',(-267.009319233272,76.0564044641108,10.9355159447517));
#3107=CARTESIAN_POINT('',(-270.050436177589,76.6058132305259,11.0844309803803));
#3108=CARTESIAN_POINT('',(-272.139430277879,77.3874516928367,11.1986593775438));
#3109=CARTESIAN_POINT('',(-273.491238693619,78.1676765033992,11.2697908011985));
#3110=CARTESIAN_POINT('',(-274.585122517986,79.1648375170311,11.3142942920869));
#3111=CARTESIAN_POINT('',(-275.113770385385,79.9895291543249,11.3181526251362));
#3112=CARTESIAN_POINT('',(-275.320777743224,80.4456777532301,11.311614450017));
#3113=CARTESIAN_POINT('',(-252.654496668777,79.2794401754714,9.12508319612804));
#3114=CARTESIAN_POINT('',(-252.889246035416,78.7633266044674,9.08204113576719));
#3115=CARTESIAN_POINT('',(-253.43261348708,77.8144406205909,9.00545332086622));
#3116=CARTESIAN_POINT('',(-254.441570050345,76.6270148978541,8.91597347977011));
#3117=CARTESIAN_POINT('',(-255.616731229984,75.6613722068782,8.84880848372271));
#3118=CARTESIAN_POINT('',(-257.368284598805,74.6507323661687,8.78489223411549));
#3119=CARTESIAN_POINT('',(-259.834734003786,73.871289038098,8.74534885369476));
#3120=CARTESIAN_POINT('',(-263.016079444928,73.5971656303823,8.73776359807763));
#3121=CARTESIAN_POINT('',(-266.197424886069,73.871289038098,8.74534885369475));
#3122=CARTESIAN_POINT('',(-268.663874291051,74.6507323661687,8.78489223411547));
#3123=CARTESIAN_POINT('',(-270.415427659872,75.6613722068782,8.84880848372269));
#3124=CARTESIAN_POINT('',(-271.59058883951,76.6270148978541,8.91597347977009));
#3125=CARTESIAN_POINT('',(-272.599545402775,77.8144406205909,9.00545332086619));
#3126=CARTESIAN_POINT('',(-273.14291285444,78.7633266044674,9.08204113576718));
#3127=CARTESIAN_POINT('',(-273.377662221078,79.2794401754714,9.12508319612801));
#3128=CARTESIAN_POINT('',(-253.972766587081,78.5856254032676,7.32388991793795));
#3129=CARTESIAN_POINT('',(-254.219730855851,78.0399948024854,7.23207574762858));
#3130=CARTESIAN_POINT('',(-254.762349556008,77.0318467287012,7.07420710244121));
#3131=CARTESIAN_POINT('',(-255.704089283106,75.7577820243547,6.90397102784732));
#3132=CARTESIAN_POINT('',(-256.755381876088,74.7106927493257,6.78958965333352));
#3133=CARTESIAN_POINT('',(-258.278830739934,73.6022983190277,6.69727116327923));
#3134=CARTESIAN_POINT('',(-260.365729929547,72.7283339693886,6.66794883537639));
#3135=CARTESIAN_POINT('',(-263.016079444928,72.4085668348985,6.68478575250071));
#3136=CARTESIAN_POINT('',(-265.666428960308,72.7283339693886,6.66794883537638));
#3137=CARTESIAN_POINT('',(-267.753328149922,73.6022983190277,6.69727116327921));
#3138=CARTESIAN_POINT('',(-269.276777013768,74.7106927493257,6.78958965333351));
#3139=CARTESIAN_POINT('',(-270.32806960675,75.7577820243547,6.90397102784729));
#3140=CARTESIAN_POINT('',(-271.269809333848,77.0318467287013,7.07420710244119));
#3141=CARTESIAN_POINT('',(-271.812428034004,78.0399948024854,7.23207574762855));
#3142=CARTESIAN_POINT('',(-272.059392302775,78.5856254032677,7.32388991793793));
#3143=CARTESIAN_POINT('',(-254.497073189654,78.5856254032676,6.37164901500073));
#3144=CARTESIAN_POINT('',(-254.744037458425,78.0399948024854,6.26190432269735));
#3145=CARTESIAN_POINT('',(-255.278463867916,77.0318467287012,6.07469244508228));
#3146=CARTESIAN_POINT('',(-256.18641039602,75.7577820243547,5.8767875842944));
#3147=CARTESIAN_POINT('',(-257.185477136011,74.7106927493257,5.74787611380093));
#3148=CARTESIAN_POINT('',(-258.61881080254,73.6022983190277,5.64942591974842));
#3149=CARTESIAN_POINT('',(-260.562344905512,72.7283339693886,5.62924882621721));
#3150=CARTESIAN_POINT('',(-263.016079444928,72.4085668348985,5.65829682971223));
#3151=CARTESIAN_POINT('',(-265.469813984343,72.7283339693886,5.62924882621719));
#3152=CARTESIAN_POINT('',(-267.413348087316,73.6022983190277,5.64942591974841));
#3153=CARTESIAN_POINT('',(-268.846681753844,74.7106927493257,5.74787611380091));
#3154=CARTESIAN_POINT('',(-269.845748493835,75.7577820243547,5.87678758429437));
#3155=CARTESIAN_POINT('',(-270.75369502194,77.0318467287013,6.07469244508224));
#3156=CARTESIAN_POINT('',(-271.288121431431,78.0399948024854,6.26190432269733));
#3157=CARTESIAN_POINT('',(-271.535085700202,78.5856254032677,6.37164901500071));
#3158=CARTESIAN_POINT('',(-254.759226490941,78.5856254032677,5.89552856353212));
#3159=CARTESIAN_POINT('',(-255.006190759711,78.0399948024854,5.77681861023174));
#3160=CARTESIAN_POINT('',(-255.53652102387,77.0318467287011,5.57493511640281));
#3161=CARTESIAN_POINT('',(-256.427570952477,75.7577820243547,5.36319586251794));
#3162=CARTESIAN_POINT('',(-257.400524765973,74.7106927493257,5.22701934403463));
#3163=CARTESIAN_POINT('',(-258.788800833843,73.6022983190276,5.125503297983));
#3164=CARTESIAN_POINT('',(-260.660652393495,72.7283339693886,5.10989882163761));
#3165=CARTESIAN_POINT('',(-263.016079444928,72.4085668348984,5.14505236831801));
#3166=CARTESIAN_POINT('',(-265.371506496361,72.7283339693886,5.1098988216376));
#3167=CARTESIAN_POINT('',(-267.243358056013,73.6022983190277,5.125503297983));
#3168=CARTESIAN_POINT('',(-268.631634123883,74.7106927493257,5.2270193440346));
#3169=CARTESIAN_POINT('',(-269.604587937378,75.7577820243546,5.36319586251791));
#3170=CARTESIAN_POINT('',(-270.495637865986,77.0318467287012,5.57493511640276));
#3171=CARTESIAN_POINT('',(-271.025968130144,78.0399948024854,5.77681861023171));
#3172=CARTESIAN_POINT('',(-271.272932398915,78.5856254032677,5.89552856353207));
#3173=CARTESIAN_POINT('',(-255.216118915225,78.7590790963186,4.91746552867379));
#3174=CARTESIAN_POINT('',(-255.460029458462,78.2208277529809,4.78405281986957));
#3175=CARTESIAN_POINT('',(-255.9782584745,77.2274952016737,4.55847468497065));
#3176=CARTESIAN_POINT('',(-256.835422813658,75.9750902427295,4.32542131016925));
#3177=CARTESIAN_POINT('',(-257.761004994332,74.9483626137138,4.17925374233302));
#3178=CARTESIAN_POINT('',(-259.07113439247,73.8644068308129,4.07564070039588));
#3179=CARTESIAN_POINT('',(-260.822825876002,73.0140727365659,4.07119881247841));
#3180=CARTESIAN_POINT('',(-263.016079444928,72.7057165337694,4.11856344552955));
#3181=CARTESIAN_POINT('',(-265.209333013854,73.0140727365659,4.0711988124784));
#3182=CARTESIAN_POINT('',(-266.961024497385,73.864406830813,4.07564070039585));
#3183=CARTESIAN_POINT('',(-268.271153895523,74.9483626137139,4.179253742333));
#3184=CARTESIAN_POINT('',(-269.196736076197,75.9750902427295,4.32542131016923));
#3185=CARTESIAN_POINT('',(-270.053900415355,77.2274952016737,4.55847468497063));
#3186=CARTESIAN_POINT('',(-270.572129431393,78.2208277529809,4.78405281986952));
#3187=CARTESIAN_POINT('',(-270.816039974631,78.7590790963185,4.91746552867377));
#3188=CARTESIAN_POINT('',(-255.685298814117,79.3718156710848,3.85482708515417));
#3189=CARTESIAN_POINT('',(-255.915461778766,78.8654529289365,3.71379481519446));
#3190=CARTESIAN_POINT('',(-256.402976584895,77.9357094360645,3.47324988236351));
#3191=CARTESIAN_POINT('',(-257.206663054554,76.7744736573113,3.22035544208866));
#3192=CARTESIAN_POINT('',(-258.073611414648,75.8310508253971,3.05874809849166));
#3193=CARTESIAN_POINT('',(-259.301688588644,74.8428156270065,2.94280661954106));
#3194=CARTESIAN_POINT('',(-260.94917793207,74.0742214275306,2.94291820107855));
#3195=CARTESIAN_POINT('',(-263.016079444928,73.7997448272497,3.00100052209132));
#3196=CARTESIAN_POINT('',(-265.082980957785,74.0742214275306,2.94291820107853));
#3197=CARTESIAN_POINT('',(-266.730470301212,74.8428156270065,2.94280661954107));
#3198=CARTESIAN_POINT('',(-267.958547475208,75.831050825397,3.05874809849163));
#3199=CARTESIAN_POINT('',(-268.825495835301,76.7744736573115,3.22035544208866));
#3200=CARTESIAN_POINT('',(-269.62918230496,77.9357094360644,3.47324988236345));
#3201=CARTESIAN_POINT('',(-270.11669711109,78.8654529289367,3.71379481519444));
#3202=CARTESIAN_POINT('',(-270.346860075738,79.3718156710848,3.85482708515413));
#3203=CARTESIAN_POINT('',(-256.039441242909,80.0769277414644,3.23537794828404));
#3204=CARTESIAN_POINT('',(-256.251270226979,79.6122044293619,3.09631903953397));
#3205=CARTESIAN_POINT('',(-256.701371921656,78.7651924859288,2.85290958540727));
#3206=CARTESIAN_POINT('',(-257.449069622174,77.7213158313508,2.58277219764415));
#3207=CARTESIAN_POINT('',(-258.262526460086,76.8834176555993,2.3984633066149));
#3208=CARTESIAN_POINT('',(-259.425766399018,76.0133076840382,2.25495838529667));
#3209=CARTESIAN_POINT('',(-261.010284060632,75.3373025079277,2.24440699201755));
#3210=CARTESIAN_POINT('',(-263.016079444928,75.0963523175976,2.30560805939755));
#3211=CARTESIAN_POINT('',(-265.021874829223,75.3373025079277,2.24440699201755));
#3212=CARTESIAN_POINT('',(-266.606392490837,76.0133076840384,2.25495838529666));
#3213=CARTESIAN_POINT('',(-267.76963242977,76.8834176555991,2.39846330661488));
#3214=CARTESIAN_POINT('',(-268.583089267682,77.7213158313507,2.58277219764416));
#3215=CARTESIAN_POINT('',(-269.3307869682,78.765192485929,2.85290958540725));
#3216=CARTESIAN_POINT('',(-269.780888662877,79.6122044293618,3.09631903953396));
#3217=CARTESIAN_POINT('',(-269.992717646947,80.0769277414644,3.23537794828402));
#3218=CARTESIAN_POINT('',(-256.292230939823,80.672168558507,2.88967748357835));
#3219=CARTESIAN_POINT('',(-256.483832381058,80.2527279518761,2.75841930332574));
#3220=CARTESIAN_POINT('',(-256.895242252487,79.5000394693225,2.52133258332891));
#3221=CARTESIAN_POINT('',(-257.592679100985,78.5885442882825,2.24235025218164));
#3222=CARTESIAN_POINT('',(-258.366139065309,77.8535460007001,2.04037449720513));
#3223=CARTESIAN_POINT('',(-259.487606612855,77.0873949047295,1.87210075613808));
#3224=CARTESIAN_POINT('',(-261.037586739394,76.4903886291457,1.84809438525864));
#3225=CARTESIAN_POINT('',(-263.016079444928,76.2764579015475,1.90822488491273));
#3226=CARTESIAN_POINT('',(-264.994572150461,76.4903886291459,1.84809438525865));
#3227=CARTESIAN_POINT('',(-266.544552277001,77.0873949047295,1.87210075613805));
#3228=CARTESIAN_POINT('',(-267.666019824546,77.8535460007,2.04037449720511));
#3229=CARTESIAN_POINT('',(-268.43947978887,78.5885442882825,2.24235025218162));
#3230=CARTESIAN_POINT('',(-269.136916637368,79.5000394693225,2.52133258332888));
#3231=CARTESIAN_POINT('',(-269.548326508798,80.2527279518761,2.75841930332573));
#3232=CARTESIAN_POINT('',(-269.739927950033,80.672168558507,2.88967748357833));
#3233=CARTESIAN_POINT('',(-256.529987132537,81.2927614987821,2.6664189857937));
#3234=CARTESIAN_POINT('',(-256.692074874988,80.9386455889512,2.55156844415192));
#3235=CARTESIAN_POINT('',(-257.049949815618,80.3289000135312,2.3331922499635));
#3236=CARTESIAN_POINT('',(-257.68719049854,79.6162986768322,2.05422455745085));
#3237=CARTESIAN_POINT('',(-258.42418935823,79.0122726602725,1.8384753951929));
#3238=CARTESIAN_POINT('',(-259.517193312084,78.3600359712173,1.64609070480917));
#3239=CARTESIAN_POINT('',(-261.047823340984,77.8475443083914,1.60486673854392));
#3240=CARTESIAN_POINT('',(-263.016079444928,77.6611709900933,1.65983511747053));
#3241=CARTESIAN_POINT('',(-264.984335548872,77.8475443083914,1.60486673854392));
#3242=CARTESIAN_POINT('',(-266.514965577771,78.3600359712173,1.64609070480917));
#3243=CARTESIAN_POINT('',(-267.607969531625,79.0122726602725,1.83847539519287));
#3244=CARTESIAN_POINT('',(-268.344968391316,79.6162986768321,2.05422455745085));
#3245=CARTESIAN_POINT('',(-268.982209074238,80.3289000135311,2.33319224996349));
#3246=CARTESIAN_POINT('',(-269.340084014868,80.9386455889513,2.5515684441519));
#3247=CARTESIAN_POINT('',(-269.502171757319,81.2927614987821,2.66641898579368));
#3248=CARTESIAN_POINT('',(-256.662115956317,81.6540437703076,2.59599214909032));
#3249=CARTESIAN_POINT('',(-256.78574879389,81.3840676020627,2.50709523476995));
#3250=CARTESIAN_POINT('',(-257.086568394568,80.9953268456766,2.3192442243618));
#3251=CARTESIAN_POINT('',(-257.701634231328,80.4266861734831,2.04236263305475));
#3252=CARTESIAN_POINT('',(-258.427522256343,79.9156527043161,1.82071241404954));
#3253=CARTESIAN_POINT('',(-259.514725188058,79.3423896913263,1.61586174334636));
#3254=CARTESIAN_POINT('',(-261.044244250919,78.8872239646453,1.56178105410182));
#3255=CARTESIAN_POINT('',(-263.016079444928,78.7186897444594,1.61012570020887));
#3256=CARTESIAN_POINT('',(-264.987914638936,78.8872239646454,1.56178105410182));
#3257=CARTESIAN_POINT('',(-266.517433701798,79.3423896913263,1.61586174334633));
#3258=CARTESIAN_POINT('',(-267.604636633512,79.915652704316,1.82071241404952));
#3259=CARTESIAN_POINT('',(-268.330524658527,80.4266861734832,2.04236263305474));
#3260=CARTESIAN_POINT('',(-268.945590495288,80.9953268456766,2.31924422436178));
#3261=CARTESIAN_POINT('',(-269.246410095966,81.3840676020627,2.50709523476995));
#3262=CARTESIAN_POINT('',(-269.370042933539,81.6540437703076,2.59599214909029));
#3263=CARTESIAN_POINT('',(-256.698656087335,81.7560278056687,2.57999704025111));
#3264=CARTESIAN_POINT('',(-256.779074303371,81.6702768342966,2.52725422968726));
#3265=CARTESIAN_POINT('',(-257.078144913758,81.36979790295,2.34410353176307));
#3266=CARTESIAN_POINT('',(-257.692757178475,80.8677345520147,2.06782656511358));
#3267=CARTESIAN_POINT('',(-258.419098775533,80.4013574760905,1.84421751567734));
#3268=CARTESIAN_POINT('',(-259.507770416722,79.8674374149731,1.63482820268822));
#3269=CARTESIAN_POINT('',(-261.040097306521,79.4405068014793,1.57425709189059));
#3270=CARTESIAN_POINT('',(-263.016079444928,79.2805362185441,1.6183806375875));
#3271=CARTESIAN_POINT('',(-264.992061583335,79.4405068014793,1.57425709189059));
#3272=CARTESIAN_POINT('',(-266.524388473133,79.8674374149731,1.6348282026882));
#3273=CARTESIAN_POINT('',(-267.613060114322,80.4013574760905,1.84421751567733));
#3274=CARTESIAN_POINT('',(-268.339401711381,80.8677345520147,2.06782656511356));
#3275=CARTESIAN_POINT('',(-268.954013976098,81.36979790295,2.34410353176305));
#3276=CARTESIAN_POINT('',(-269.253084586484,81.6702768342966,2.52725422968724));
#3277=CARTESIAN_POINT('',(-269.333502802521,81.7560278056687,2.5799970402511));
#3278=CARTESIAN_POINT('',(-263.016080265547,82.9999999732277,23.4999999675848));
#3279=CARTESIAN_POINT('',(-263.016080265547,97.,26.5308505392467));
#3280=CARTESIAN_POINT('',(-263.016080265547,111.,23.4999999675848));
#3281=CARTESIAN_POINT('',(-279.489891331038,111.522786074907,16.8037773290563));
#3282=CARTESIAN_POINT('',(-284.050016360935,113.57345906479,16.8037773290563));
#3283=CARTESIAN_POINT('',(-284.050016360935,113.57345906479,18.9973878378318));
#3284=CARTESIAN_POINT('',(-278.745043010976,84.3029349974097,17.9176606178034));
#3285=CARTESIAN_POINT('',(-278.745043010976,109.697065002591,17.9176606178034));
#3286=CARTESIAN_POINT('',(-247.287115878879,109.697065002591,17.9176606178035));
#3287=CARTESIAN_POINT('',(-247.287115878879,84.3029349974097,17.9176606178035));
#3288=CARTESIAN_POINT('',(-279.489891331037,82.4772139250931,16.8037773290561));
#3289=CARTESIAN_POINT('',(-246.542267558818,111.522786074907,16.8037773290562));
#3290=CARTESIAN_POINT('',(-246.542267558818,82.477213925093,16.8037773290561));
#3291=CARTESIAN_POINT('',(-262.016080265547,82.9999999732277,18.9973878378319));
#3292=CARTESIAN_POINT('',(-262.016080265547,82.9999999732277,16.2953580435082));
#3293=CARTESIAN_POINT('',(-261.016080265547,97.,18.9973878378319));
#3294=CARTESIAN_POINT('',(-261.016080265547,97.,13.7227475988995));
#3295=CARTESIAN_POINT('',(-262.016080265547,111.,18.9973878378319));
#3296=CARTESIAN_POINT('',(-262.016080265547,111.,16.2953580491044));
#3297=CARTESIAN_POINT('',(-279.489891331038,111.522786074907,16.8037773290563));
#3298=CARTESIAN_POINT('',(-279.530094857098,111.433380502668,16.8339829441909));
#3299=CARTESIAN_POINT('',(-279.600840819614,111.247762098569,16.8875949882875));
#3300=CARTESIAN_POINT('',(-279.649181147999,111.050605071754,16.9222058065528));
#3301=CARTESIAN_POINT('',(-279.704038047397,110.750101658956,16.9594611591014));
#3302=CARTESIAN_POINT('',(-279.716404532832,110.542550630323,16.9637229257265));
#3303=CARTESIAN_POINT('',(-279.702555267835,110.133602248396,16.9374520984332));
#3304=CARTESIAN_POINT('',(-279.676914944944,109.930905008294,16.9074548994055));
#3305=CARTESIAN_POINT('',(-279.602357334958,109.535578546339,16.8278023816464));
#3306=CARTESIAN_POINT('',(-279.553530694247,109.341595754278,16.7781753340239));
#3307=CARTESIAN_POINT('',(-279.38603314996,108.772941938037,16.612583992015));
#3308=CARTESIAN_POINT('',(-279.247499420646,108.407845468881,16.4831636082323));
#3309=CARTESIAN_POINT('',(-278.950669513436,107.691345325693,16.2127768039623));
#3310=CARTESIAN_POINT('',(-278.791426255913,107.340788357337,16.0708594078371));
#3311=CARTESIAN_POINT('',(-278.464456719934,106.645449983831,15.7818759787679));
#3312=CARTESIAN_POINT('',(-278.296598781104,106.301038449999,15.6340264427603));
#3313=CARTESIAN_POINT('',(-277.959814232419,105.615264582605,15.3340695251952));
#3314=CARTESIAN_POINT('',(-277.790413356578,105.273339593114,15.1809241335438));
#3315=CARTESIAN_POINT('',(-277.45734984367,104.590044774314,14.8721085347698));
#3316=CARTESIAN_POINT('',(-277.292925286317,104.247570268038,14.7161731799415));
#3317=CARTESIAN_POINT('',(-276.974079258079,103.557584474626,14.405751484477));
#3318=CARTESIAN_POINT('',(-276.819711963163,103.210163366335,14.2513447115343));
#3319=CARTESIAN_POINT('',(-276.525595765793,102.505454913879,13.9480425949823));
#3320=CARTESIAN_POINT('',(-276.386494320221,102.1494478814,13.7995987917211));
#3321=CARTESIAN_POINT('',(-276.126898292083,101.424821675636,13.5127973612242));
#3322=CARTESIAN_POINT('',(-276.007669822845,101.057520452082,13.3736515874999));
#3323=CARTESIAN_POINT('',(-275.874494999373,100.589475765917,13.2104992897787));
#3324=CARTESIAN_POINT('',(-275.848630479024,100.495496921587,13.1785039258599));
#3325=CARTESIAN_POINT('',(-275.798461583072,100.306338402952,13.1157362870226));
#3326=CARTESIAN_POINT('',(-275.774308765561,100.211811442889,13.085192199246));
#3327=CARTESIAN_POINT('',(-275.703951742152,99.9251020978376,12.9953501782181));
#3328=CARTESIAN_POINT('',(-275.6606222911,99.7329838068696,12.9388419521738));
#3329=CARTESIAN_POINT('',(-275.581190438349,99.3441751377274,12.8336011938797));
#3330=CARTESIAN_POINT('',(-275.545242612176,99.1482411536959,12.7850690002755));
#3331=CARTESIAN_POINT('',(-275.481415273372,98.7513761186825,12.697721622711));
#3332=CARTESIAN_POINT('',(-275.453845487327,98.5525576952126,12.6593325094428));
#3333=CARTESIAN_POINT('',(-275.419160250825,98.2499110394153,12.6104870577585));
#3334=CARTESIAN_POINT('',(-275.408826384771,98.1492398271444,12.5958243478871));
#3335=CARTESIAN_POINT('',(-275.390479181024,97.9458552308259,12.5696438907651));
#3336=CARTESIAN_POINT('',(-275.382612185764,97.8447865533211,12.5583352353354));
#3337=CARTESIAN_POINT('',(-275.362704844679,97.5384849017656,12.5295708197955));
#3338=CARTESIAN_POINT('',(-275.354658147795,97.333884513833,12.5177183195288));
#3339=CARTESIAN_POINT('',(-275.349852835084,96.9230271442557,12.5105931931297));
#3340=CARTESIAN_POINT('',(-275.353278338182,96.7178127339797,12.5157275889481));
#3341=CARTESIAN_POINT('',(-275.37097650552,96.3083452123563,12.5415554930247));
#3342=CARTESIAN_POINT('',(-275.38518360613,96.1047937589658,12.5621348237635));
#3343=CARTESIAN_POINT('',(-275.423418114356,95.6993825247101,12.6165758301695));
#3344=CARTESIAN_POINT('',(-275.447348457075,95.4984822489699,12.6502982078289));
#3345=CARTESIAN_POINT('',(-275.489848244408,95.199003457352,12.7091808124468));
#3346=CARTESIAN_POINT('',(-275.505039888101,95.1000061797573,12.7300876506691));
#3347=CARTESIAN_POINT('',(-275.537656799313,94.901789555337,12.7746095940879));
#3348=CARTESIAN_POINT('',(-275.554918698386,94.8035714504998,12.798002552717));
#3349=CARTESIAN_POINT('',(-275.646244691398,94.3139441160815,12.9206981568789));
#3350=CARTESIAN_POINT('',(-275.73481888463,93.929301031643,13.0365322076312));
#3351=CARTESIAN_POINT('',(-275.937373213707,93.1749182965648,13.2890135475486));
#3352=CARTESIAN_POINT('',(-276.051405532299,92.8048738206899,13.4257467948169));
#3353=CARTESIAN_POINT('',(-276.302403139362,92.0757596734661,13.7082321781615));
#3354=CARTESIAN_POINT('',(-276.438029932569,91.7170685225036,13.8550392214784));
#3355=CARTESIAN_POINT('',(-276.725421751916,91.0091124012006,14.1554670647727));
#3356=CARTESIAN_POINT('',(-276.877109066646,90.6599723709582,14.3090593580701));
#3357=CARTESIAN_POINT('',(-277.191663083352,89.967507026981,14.6187475633971));
#3358=CARTESIAN_POINT('',(-277.354498548997,89.6241860587406,14.7748077388576));
#3359=CARTESIAN_POINT('',(-277.685641840347,88.9398909186007,15.0847561424299));
#3360=CARTESIAN_POINT('',(-277.853992494289,88.5989505243105,15.2385812665231));
#3361=CARTESIAN_POINT('',(-278.191318653847,87.9139416284537,15.5408237008594));
#3362=CARTESIAN_POINT('',(-278.359795036231,87.5707171620298,15.6894882041417));
#3363=CARTESIAN_POINT('',(-278.690376295859,86.8773573278537,15.981463478453));
#3364=CARTESIAN_POINT('',(-278.852180542502,86.528779111939,16.1245278169139));
#3365=CARTESIAN_POINT('',(-279.157419781145,85.8184583422821,16.4003458140063));
#3366=CARTESIAN_POINT('',(-279.301994653044,85.4568920023869,16.5332991360524));
#3367=CARTESIAN_POINT('',(-279.485695589155,84.8967285475367,16.7106637040186));
#3368=CARTESIAN_POINT('',(-279.541131238833,84.7065320215487,16.7656332722843));
#3369=CARTESIAN_POINT('',(-279.633316071693,84.3181583138124,16.8601237876005));
#3370=CARTESIAN_POINT('',(-279.670271337641,84.1187217690958,16.8998225029146));
#3371=CARTESIAN_POINT('',(-279.712882823466,83.7145828487058,16.9519134215054));
#3372=CARTESIAN_POINT('',(-279.718240193338,83.5074777534492,16.9634738582345));
#3373=CARTESIAN_POINT('',(-279.6838881231,83.0990110640924,16.9470566872997));
#3374=CARTESIAN_POINT('',(-279.643410804281,82.8973775739295,16.918639097967));
#3375=CARTESIAN_POINT('',(-279.553669077623,82.6286799922625,16.8520058995009));
#3376=CARTESIAN_POINT('',(-279.523460950035,82.551822079146,16.829085961825));
#3377=CARTESIAN_POINT('',(-279.489891331037,82.4772139250931,16.8037773290561));
#3378=CARTESIAN_POINT('',(-279.489891331038,111.522786074907,16.8037773290563));
#3379=CARTESIAN_POINT('',(-284.050016360935,113.57345906479,16.8037773290563));
#3380=CARTESIAN_POINT('',(-284.050016360935,113.57345906479,16.8037773290563));
#3381=CARTESIAN_POINT('',(-283.999790829737,113.685146945925,16.7911562011006));
#3382=CARTESIAN_POINT('',(-283.893961224615,113.905800826383,16.7645039966848));
#3383=CARTESIAN_POINT('',(-283.777264867997,114.121699535991,16.7349872810854));
#3384=CARTESIAN_POINT('',(-283.595299441335,114.439724173946,16.6884956812901));
#3385=CARTESIAN_POINT('',(-283.46406248719,114.645814568549,16.6547770328794));
#3386=CARTESIAN_POINT('',(-283.183463441505,115.044536273294,16.5802171764104));
#3387=CARTESIAN_POINT('',(-283.034728810107,115.236461285717,16.5390064444843));
#3388=CARTESIAN_POINT('',(-282.722016947642,115.606383546696,16.4456265058071));
#3389=CARTESIAN_POINT('',(-282.559138581135,115.783028961637,16.3921268332442));
#3390=CARTESIAN_POINT('',(-282.052199318954,116.292471457926,16.2172991006533));
#3391=CARTESIAN_POINT('',(-281.69322296647,116.600640459091,16.0739063288153));
#3392=CARTESIAN_POINT('',(-281.141595050115,117.022959983981,15.8200286373008));
#3393=CARTESIAN_POINT('',(-280.957075253001,117.15615077541,15.7267782369719));
#3394=CARTESIAN_POINT('',(-280.584563214018,117.412564977868,15.5294819301218));
#3395=CARTESIAN_POINT('',(-280.398154981057,117.534643790748,15.4241965852088));
#3396=CARTESIAN_POINT('',(-280.026760642395,117.768802244063,15.2007448092225));
#3397=CARTESIAN_POINT('',(-279.841509427485,117.881051102689,15.0827748103595));
#3398=CARTESIAN_POINT('',(-279.474976517503,118.097036505516,14.8343696557813));
#3399=CARTESIAN_POINT('',(-279.29391639008,118.200688865786,14.7026396174322));
#3400=CARTESIAN_POINT('',(-278.936754683921,118.401852958965,14.4289380169999));
#3401=CARTESIAN_POINT('',(-278.761483544885,118.498758333063,14.2854752098817));
#3402=CARTESIAN_POINT('',(-278.418678830389,118.687322889864,13.9851601342527));
#3403=CARTESIAN_POINT('',(-278.25162741616,118.778598343933,13.8292986919213));
#3404=CARTESIAN_POINT('',(-278.007235447355,118.912610823987,13.5861276538903));
#3405=CARTESIAN_POINT('',(-277.926864621077,118.956738419807,13.503581777463));
#3406=CARTESIAN_POINT('',(-277.769581797821,119.043374339967,13.3359146553514));
#3407=CARTESIAN_POINT('',(-277.691573598391,119.086480153679,13.2492298466179));
#3408=CARTESIAN_POINT('',(-277.54436358741,119.168366250987,13.0705650201495));
#3409=CARTESIAN_POINT('',(-277.473659899843,119.207987642777,12.9766422606138));
#3410=CARTESIAN_POINT('',(-277.345160189266,119.281122626233,12.7799329795239));
#3411=CARTESIAN_POINT('',(-277.286188215284,119.315330684176,12.6770958959492));
#3412=CARTESIAN_POINT('',(-277.111261445136,119.419193093506,12.3683825944694));
#3413=CARTESIAN_POINT('',(-276.998716350331,119.488838259151,12.160751327232));
#3414=CARTESIAN_POINT('',(-276.762569046752,119.641267661005,11.7554319464225));
#3415=CARTESIAN_POINT('',(-276.64029242261,119.723394177322,11.5581194669865));
#3416=CARTESIAN_POINT('',(-276.262938913149,119.985520489452,10.9792947146057));
#3417=CARTESIAN_POINT('',(-276.000150476425,120.179257517957,10.608998018831));
#3418=CARTESIAN_POINT('',(-275.594861404786,120.492415843271,10.0753878648648));
#3419=CARTESIAN_POINT('',(-275.457928443044,120.600461815309,9.90232674324371));
#3420=CARTESIAN_POINT('',(-275.176620527127,120.825632769873,9.56512132066538));
#3421=CARTESIAN_POINT('',(-275.033587223292,120.941743151618,9.40166473254936));
#3422=CARTESIAN_POINT('',(-274.743404840553,121.179179055569,9.08127521442937));
#3423=CARTESIAN_POINT('',(-274.596937408609,121.300059205101,8.92560519718326));
#3424=CARTESIAN_POINT('',(-274.296360303897,121.548916686507,8.62312528135342));
#3425=CARTESIAN_POINT('',(-274.143684999118,121.67559018007,8.47777799261421));
#3426=CARTESIAN_POINT('',(-273.675054433049,122.062481962144,8.05716555948196));
#3427=CARTESIAN_POINT('',(-273.350593967223,122.327839128127,7.79559900310014));
#3428=CARTESIAN_POINT('',(-272.673485122932,122.862791869441,7.3190125505367));
#3429=CARTESIAN_POINT('',(-272.32175715727,123.132003987633,7.10275790368291));
#3430=CARTESIAN_POINT('',(-271.582389368851,123.66460815839,6.72529177292247));
#3431=CARTESIAN_POINT('',(-271.197005026375,123.925730534289,6.56103332708032));
#3432=CARTESIAN_POINT('',(-270.39583391349,124.424621910772,6.27771470757663));
#3433=CARTESIAN_POINT('',(-269.979463268397,124.662862048932,6.15894534209209));
#3434=CARTESIAN_POINT('',(-269.120415055021,125.103079741964,5.96198215638029));
#3435=CARTESIAN_POINT('',(-268.676816043736,125.305563377692,5.88259362944047));
#3436=CARTESIAN_POINT('',(-267.768498523784,125.665648678251,5.75256493096761));
#3437=CARTESIAN_POINT('',(-267.303418651594,125.82346215837,5.70215924654064));
#3438=CARTESIAN_POINT('',(-266.358284056323,126.090109928691,5.62384062139829));
#3439=CARTESIAN_POINT('',(-265.877264830661,126.198869450342,5.59554760812597));
#3440=CARTESIAN_POINT('',(-264.906393298144,126.364713799963,5.55450913610784));
#3441=CARTESIAN_POINT('',(-264.416482066828,126.421865310636,5.54214028735856));
#3442=CARTESIAN_POINT('',(-263.43328630793,126.484742162362,5.52933061272569));
#3443=CARTESIAN_POINT('',(-262.939123536144,126.490520739755,5.52848426094417));
#3444=CARTESIAN_POINT('',(-261.954700326499,126.451324377566,5.53596316988203));
#3445=CARTESIAN_POINT('',(-261.462923289131,126.405957735486,5.54528711479723));
#3446=CARTESIAN_POINT('',(-260.488420580138,126.263805019583,5.57900850447913));
#3447=CARTESIAN_POINT('',(-260.00479945674,126.166841741523,5.60348066113248));
#3448=CARTESIAN_POINT('',(-259.052383417056,125.922831414792,5.67181232834064));
#3449=CARTESIAN_POINT('',(-258.583500012908,125.775968841876,5.71659765428998));
#3450=CARTESIAN_POINT('',(-257.665215594692,125.436438811431,5.83347854272857));
#3451=CARTESIAN_POINT('',(-257.216578494029,125.243784811199,5.90567988499544));
#3452=CARTESIAN_POINT('',(-256.344725008504,124.82011788068,6.08526342746534));
#3453=CARTESIAN_POINT('',(-255.922304774324,124.58938593797,6.19394775534338));
#3454=CARTESIAN_POINT('',(-255.106806735384,124.101429538432,6.45647333057651));
#3455=CARTESIAN_POINT('',(-254.714289511404,123.844611238371,6.6104641255233));
#3456=CARTESIAN_POINT('',(-253.960887144523,123.317626190014,6.9643349930822));
#3457=CARTESIAN_POINT('',(-253.600465232225,123.047863878156,7.16863981697296));
#3458=CARTESIAN_POINT('',(-252.910924797194,122.512091144132,7.62391715225117));
#3459=CARTESIAN_POINT('',(-252.580050123672,122.244499691994,7.87600862506434));
#3460=CARTESIAN_POINT('',(-251.944495641909,121.72291511556,8.41781475612473));
#3461=CARTESIAN_POINT('',(-251.638638263296,121.467693164763,8.71029987138833));
#3462=CARTESIAN_POINT('',(-251.051351431848,120.983923901633,9.3366464953132));
#3463=CARTESIAN_POINT('',(-250.764516408091,120.750516114266,9.66319009839495));
#3464=CARTESIAN_POINT('',(-250.215407957574,120.318391531905,10.3586169825047));
#3465=CARTESIAN_POINT('',(-249.95012522143,120.117972721424,10.7228475170181));
#3466=CARTESIAN_POINT('',(-249.564451896962,119.84251577969,11.2906138625429));
#3467=CARTESIAN_POINT('',(-249.438875284668,119.755443178615,11.4839925951014));
#3468=CARTESIAN_POINT('',(-249.194839986351,119.592112517193,11.879682378054));
#3469=CARTESIAN_POINT('',(-249.0780335958,119.517001420442,12.0835444839965));
#3470=CARTESIAN_POINT('',(-248.906163907479,119.410943294223,12.3927163622364));
#3471=CARTESIAN_POINT('',(-248.848729366925,119.376216000799,12.4962115883316));
#3472=CARTESIAN_POINT('',(-248.731878732034,119.307111341366,12.7015765334145));
#3473=CARTESIAN_POINT('',(-248.672233157558,119.272623600393,12.8044752726533));
#3474=CARTESIAN_POINT('',(-248.476229447668,119.161405233101,13.0977294373976));
#3475=CARTESIAN_POINT('',(-248.32320499052,119.076755189251,13.2722115690358));
#3476=CARTESIAN_POINT('',(-248.006854408585,118.90255125871,13.6073506713822));
#3477=CARTESIAN_POINT('',(-247.843200824881,118.813013140441,13.7689783710239));
#3478=CARTESIAN_POINT('',(-247.508292775253,118.62952429764,14.0800091141099));
#3479=CARTESIAN_POINT('',(-247.33642155636,118.535211271115,14.2300892743414));
#3480=CARTESIAN_POINT('',(-246.809833489841,118.242651132344,14.6578535064361));
#3481=CARTESIAN_POINT('',(-246.446055518096,118.036110924346,14.9199983383052));
#3482=CARTESIAN_POINT('',(-245.70546382193,117.584690154885,15.3894409066659));
#3483=CARTESIAN_POINT('',(-245.330800749886,117.340875429839,15.5988888466556));
#3484=CARTESIAN_POINT('',(-244.776068825419,116.937405780032,15.8748354067147));
#3485=CARTESIAN_POINT('',(-244.59186065887,116.796281212781,15.9592391638865));
#3486=CARTESIAN_POINT('',(-244.230100580562,116.500232502576,16.1133555817061));
#3487=CARTESIAN_POINT('',(-244.051734478306,116.344850956036,16.1852055894669));
#3488=CARTESIAN_POINT('',(-243.704835047599,116.019436501019,16.3129727696479));
#3489=CARTESIAN_POINT('',(-243.536095125193,115.849329983867,16.3710736117769));
#3490=CARTESIAN_POINT('',(-243.210970792392,115.493445780016,16.4765366992852));
#3491=CARTESIAN_POINT('',(-243.055359179135,115.308432672214,16.5220434492218));
#3492=CARTESIAN_POINT('',(-242.759034669527,114.922614526983,16.6047614875757));
#3493=CARTESIAN_POINT('',(-242.61943875546,114.722764980978,16.6414284077509));
#3494=CARTESIAN_POINT('',(-242.358785760299,114.309965529776,16.7086604808621));
#3495=CARTESIAN_POINT('',(-242.23800927039,114.097000869696,16.7391595947334));
#3496=CARTESIAN_POINT('',(-242.01742513771,113.660160394073,16.7953051946044));
#3497=CARTESIAN_POINT('',(-241.917395862909,113.435484184243,16.8197767548766));
#3498=CARTESIAN_POINT('',(-241.740164055198,112.97789848591,16.8640019046632));
#3499=CARTESIAN_POINT('',(-241.662970837046,112.744564984251,16.8831174473815));
#3500=CARTESIAN_POINT('',(-241.46542973036,112.033620585746,16.9302274415747));
#3501=CARTESIAN_POINT('',(-241.381362435854,111.545637499446,16.9500693264964));
#3502=CARTESIAN_POINT('',(-241.306268812043,110.563517810963,16.9619855092296));
#3503=CARTESIAN_POINT('',(-241.315637755085,110.067843024134,16.9538040593623));
#3504=CARTESIAN_POINT('',(-241.416530368096,109.08915695562,16.8999813794231));
#3505=CARTESIAN_POINT('',(-241.508036876922,108.605228826592,16.8541018754486));
#3506=CARTESIAN_POINT('',(-241.751198094224,107.659842203549,16.7162764304789));
#3507=CARTESIAN_POINT('',(-241.902356862128,107.198759217839,16.6258614953798));
#3508=CARTESIAN_POINT('',(-242.239883022598,106.299487372007,16.4029971786573));
#3509=CARTESIAN_POINT('',(-242.425210406696,105.861778546802,16.2712297464106));
#3510=CARTESIAN_POINT('',(-242.811859022192,105.002131917319,15.9823956858794));
#3511=CARTESIAN_POINT('',(-243.012747354133,104.581201844673,15.8232919524736));
#3512=CARTESIAN_POINT('',(-243.417500010185,103.748466309604,15.4858343868439));
#3513=CARTESIAN_POINT('',(-243.621987036819,103.336822620249,15.3071215563994));
#3514=CARTESIAN_POINT('',(-244.021714144529,102.521045297132,14.9244297882695));
#3515=CARTESIAN_POINT('',(-244.217607633681,102.115843164655,14.7226338042469));
#3516=CARTESIAN_POINT('',(-244.58880372222,101.305947973738,14.3018177406322));
#3517=CARTESIAN_POINT('',(-244.764191079806,100.900642246943,14.0824318979956));
#3518=CARTESIAN_POINT('',(-244.963266536972,100.386691535975,13.8070690517271));
#3519=CARTESIAN_POINT('',(-245.001962564642,100.283848941477,13.752300061919));
#3520=CARTESIAN_POINT('',(-245.077570800388,100.076130746715,13.6420566700289));
#3521=CARTESIAN_POINT('',(-245.114378849237,99.9716554360969,13.588191390466));
#3522=CARTESIAN_POINT('',(-245.219835473649,99.6599027058303,13.4204236544957));
#3523=CARTESIAN_POINT('',(-245.284970043082,99.4493496942293,13.3097531575845));
#3524=CARTESIAN_POINT('',(-245.403537732524,99.020987961246,13.0979269648581));
#3525=CARTESIAN_POINT('',(-245.457282223436,98.8020538982316,12.9961562041712));
#3526=CARTESIAN_POINT('',(-245.55051928748,98.3559559537302,12.810589771823));
#3527=CARTESIAN_POINT('',(-245.590314188258,98.126592860767,12.7254689388076));
#3528=CARTESIAN_POINT('',(-245.650676074786,97.6578623898398,12.5894396539569));
#3529=CARTESIAN_POINT('',(-245.671442134081,97.4156508383787,12.5375107729852));
#3530=CARTESIAN_POINT('',(-245.68172476424,97.0467997310284,12.5102295196212));
#3531=CARTESIAN_POINT('',(-245.681390191795,96.9232479463366,12.5112168420498));
#3532=CARTESIAN_POINT('',(-245.673429813383,96.678117647602,12.5320614105188));
#3533=CARTESIAN_POINT('',(-245.665997780803,96.5558183604196,12.5508327121323));
#3534=CARTESIAN_POINT('',(-245.635197016117,96.1957474064011,12.6250040333313));
#3535=CARTESIAN_POINT('',(-245.603291971704,95.9608940183213,12.6976248069999));
#3536=CARTESIAN_POINT('',(-245.523971911267,95.5046405362365,12.8646884871513));
#3537=CARTESIAN_POINT('',(-245.476145697732,95.2814855875536,12.9599184396784));
#3538=CARTESIAN_POINT('',(-245.368630773849,94.8452620529441,13.1616700081025));
#3539=CARTESIAN_POINT('',(-245.308591195442,94.631394611931,13.2690534454517));
#3540=CARTESIAN_POINT('',(-245.21049833554,94.3156227621109,13.4339776854201));
#3541=CARTESIAN_POINT('',(-245.176467419298,94.2112214467811,13.4898260251905));
#3542=CARTESIAN_POINT('',(-245.105486687635,94.0028794088919,13.6015065950565));
#3543=CARTESIAN_POINT('',(-245.068626318505,93.8988069351381,13.6552725575475));
#3544=CARTESIAN_POINT('',(-244.879024741935,93.3806806421626,13.9303357632866));
#3545=CARTESIAN_POINT('',(-244.710159638747,92.9740394719955,14.1517312164934));
#3546=CARTESIAN_POINT('',(-244.349007590135,92.1633244523516,14.5797274943922));
#3547=CARTESIAN_POINT('',(-244.156667296576,91.7588099928632,14.7863153267299));
#3548=CARTESIAN_POINT('',(-243.76137630239,90.9452713306691,15.1779954862951));
#3549=CARTESIAN_POINT('',(-243.5579384124,90.5358990002271,15.3634529922479));
#3550=CARTESIAN_POINT('',(-243.152239662611,89.707803134032,15.7095822442313));
#3551=CARTESIAN_POINT('',(-242.949487919795,89.2889329916682,15.8741263067846));
#3552=CARTESIAN_POINT('',(-242.556308461824,88.4368417797805,16.1755345211346));
#3553=CARTESIAN_POINT('',(-242.366115931543,88.0036340492899,16.313899503396));
#3554=CARTESIAN_POINT('',(-242.013979098008,87.114734362739,16.5550395823164));
#3555=CARTESIAN_POINT('',(-241.852730123416,86.659700622253,16.655380508133));
#3556=CARTESIAN_POINT('',(-241.583280644198,85.723592880365,16.8134803765506));
#3557=CARTESIAN_POINT('',(-241.476105750163,85.2455167355291,16.8694407081958));
#3558=CARTESIAN_POINT('',(-241.338438438036,84.2708296978952,16.9410150411788));
#3559=CARTESIAN_POINT('',(-241.308909106652,83.7781792435867,16.9570845714526));
#3560=CARTESIAN_POINT('',(-241.333506265703,83.0385151657226,16.9582261594468));
#3561=CARTESIAN_POINT('',(-241.353170623734,82.7925938762355,16.9548629943166));
#3562=CARTESIAN_POINT('',(-241.415789494932,82.3039987157795,16.9415528428574));
#3563=CARTESIAN_POINT('',(-241.458854616135,82.0611809381062,16.931576815465));
#3564=CARTESIAN_POINT('',(-241.568952671977,81.581608786623,16.9057002909612));
#3565=CARTESIAN_POINT('',(-241.635587179687,81.3445837751132,16.8897605910096));
#3566=CARTESIAN_POINT('',(-241.792027203029,80.8786209871851,16.8511465523891));
#3567=CARTESIAN_POINT('',(-241.88135998931,80.6506963788045,16.8288007171749));
#3568=CARTESIAN_POINT('',(-242.032629356001,80.3143852182415,16.7912818760086));
#3569=CARTESIAN_POINT('',(-242.085285967566,80.2043824108732,16.7780523995588));
#3570=CARTESIAN_POINT('',(-242.196816435809,79.9857518163599,16.7495335676074));
#3571=CARTESIAN_POINT('',(-242.254607104262,79.8789106925376,16.7351175086374));
#3572=CARTESIAN_POINT('',(-242.436864970574,79.5600681218061,16.6883004152076));
#3573=CARTESIAN_POINT('',(-242.568208945294,79.3541862612133,16.6549443947013));
#3574=CARTESIAN_POINT('',(-242.848640730706,78.9554563674541,16.5802015129018));
#3575=CARTESIAN_POINT('',(-242.997505947891,78.7634937791215,16.5389368831009));
#3576=CARTESIAN_POINT('',(-243.310013425941,78.393728405389,16.4457027182527));
#3577=CARTESIAN_POINT('',(-243.473093149898,78.2168921388279,16.3921013640985));
#3578=CARTESIAN_POINT('',(-243.979893543686,77.707589202618,16.217327734892));
#3579=CARTESIAN_POINT('',(-244.339039627236,77.3992702238022,16.073862167048));
#3580=CARTESIAN_POINT('',(-244.890564848214,76.9770431300146,15.820025660433));
#3581=CARTESIAN_POINT('',(-245.075020911203,76.8438887953391,15.7268149312696));
#3582=CARTESIAN_POINT('',(-245.447835799835,76.5872793632027,15.529343837865));
#3583=CARTESIAN_POINT('',(-245.63344652194,76.4657185688393,15.4245160885742));
#3584=CARTESIAN_POINT('',(-246.005460649231,76.2311524465661,15.2007165617206));
#3585=CARTESIAN_POINT('',(-246.190843133065,76.1188349266954,15.0826448821312));
#3586=CARTESIAN_POINT('',(-246.557127277739,75.902995922899,14.8344066433963));
#3587=CARTESIAN_POINT('',(-246.738259005587,75.799301398029,14.7026284708227));
#3588=CARTESIAN_POINT('',(-247.095403512992,75.598147529978,14.428938739647));
#3589=CARTESIAN_POINT('',(-247.270690688258,75.5012332426054,14.2854605305233));
#3590=CARTESIAN_POINT('',(-247.613417745901,75.312711231717,13.9852190707028));
#3591=CARTESIAN_POINT('',(-247.780677995553,75.2213214488511,13.8291606434844));
#3592=CARTESIAN_POINT('',(-248.024934951566,75.0873827714909,13.586112714965));
#3593=CARTESIAN_POINT('',(-248.105197724726,75.0433147389126,13.5036847044139));
#3594=CARTESIAN_POINT('',(-248.262651737578,74.9565843902108,13.3358307462543));
#3595=CARTESIAN_POINT('',(-248.340456503671,74.9135911997213,13.2493785187063));
#3596=CARTESIAN_POINT('',(-248.487853235205,74.831601521424,13.0704939585866));
#3597=CARTESIAN_POINT('',(-248.558436811894,74.7920470504191,12.9767230876084));
#3598=CARTESIAN_POINT('',(-248.686983469721,74.7188868181279,12.7799668218339));
#3599=CARTESIAN_POINT('',(-248.746048788103,74.6846232800506,12.6769587784596));
#3600=CARTESIAN_POINT('',(-248.920812394484,74.5808579735169,12.3685305893806));
#3601=CARTESIAN_POINT('',(-249.0334730007,74.5111438911094,12.1607074760291));
#3602=CARTESIAN_POINT('',(-249.269589642302,74.358730554502,11.7553958788815));
#3603=CARTESIAN_POINT('',(-249.391840491416,74.2766274638711,11.5582795647439));
#3604=CARTESIAN_POINT('',(-249.643535895533,74.1017735141679,11.1716599988562));
#3605=CARTESIAN_POINT('',(-249.7719558706,74.0097828524823,10.9834185091384));
#3606=CARTESIAN_POINT('',(-250.033975398964,73.8169137881665,10.6126449365237));
#3607=CARTESIAN_POINT('',(-250.166861642382,73.7164967503359,10.4309590508023));
#3608=CARTESIAN_POINT('',(-250.437300546733,73.5075969133313,10.075517749459));
#3609=CARTESIAN_POINT('',(-250.57438740719,73.3994083135719,9.90209253886012));
#3610=CARTESIAN_POINT('',(-250.855344930842,73.174524329448,9.56536100414772));
#3611=CARTESIAN_POINT('',(-250.998652324294,73.0581913982633,9.40156646056198));
#3612=CARTESIAN_POINT('',(-251.288726125152,72.820843692399,9.08130809226186));
#3613=CARTESIAN_POINT('',(-251.435245149741,72.6999212893603,8.92558022248706));
#3614=CARTESIAN_POINT('',(-251.735739206506,72.4511325514711,8.62318403765867));
#3615=CARTESIAN_POINT('',(-251.888488558966,72.3243974211691,8.47776158494995));
#3616=CARTESIAN_POINT('',(-252.357149412922,71.9374822695017,8.05713367356382));
#3617=CARTESIAN_POINT('',(-252.681447842529,71.6722544722601,7.79568672338453));
#3618=CARTESIAN_POINT('',(-253.35872063446,71.1371727840572,7.31898252222276));
#3619=CARTESIAN_POINT('',(-253.71034047238,70.8680376653399,7.102786032635));
#3620=CARTESIAN_POINT('',(-254.449953037094,70.3352709677371,6.72521708809229));
#3621=CARTESIAN_POINT('',(-254.834730322697,70.0745475305228,6.56120359847841));
#3622=CARTESIAN_POINT('',(-255.636448573312,69.5752979868985,6.27766606236629));
#3623=CARTESIAN_POINT('',(-256.0526421381,69.3371688103084,6.15896238641414));
#3624=CARTESIAN_POINT('',(-256.911872342503,68.8968578440324,5.96195505573853));
#3625=CARTESIAN_POINT('',(-257.355287583651,68.6944630644239,5.88260495862068));
#3626=CARTESIAN_POINT('',(-258.263679276406,68.3343431186413,5.75256152225118));
#3627=CARTESIAN_POINT('',(-258.728724770564,68.1765423902631,5.70216083792712));
#3628=CARTESIAN_POINT('',(-259.673912882799,67.9098819015819,5.62383837886921));
#3629=CARTESIAN_POINT('',(-260.15480676402,67.8011484201311,5.59555229066903));
#3630=CARTESIAN_POINT('',(-261.125806594078,67.6352789261005,5.55450729288174));
#3631=CARTESIAN_POINT('',(-261.615661819454,67.5781372707927,5.54214093630702));
#3632=CARTESIAN_POINT('',(-262.598876879277,67.5152570982616,5.52933042685074));
#3633=CARTESIAN_POINT('',(-263.093033978289,67.5094794968941,5.52848432043303));
#3634=CARTESIAN_POINT('',(-264.077458957303,67.548675554652,5.53596315284064));
#3635=CARTESIAN_POINT('',(-264.569235474638,67.5940422862095,5.54528712024971));
#3636=CARTESIAN_POINT('',(-265.543738345831,67.7361949742028,5.57900850291643));
#3637=CARTESIAN_POINT('',(-266.027359421569,67.8331582604683,5.60348066163208));
#3638=CARTESIAN_POINT('',(-266.979775476129,68.0771685846447,5.67181232819783));
#3639=CARTESIAN_POINT('',(-267.448658875862,68.224031158298,5.71659765433354));
#3640=CARTESIAN_POINT('',(-268.366943295488,68.5635611885286,5.83347854272192));
#3641=CARTESIAN_POINT('',(-268.815580395688,68.7562151887937,5.90567988497852));
#3642=CARTESIAN_POINT('',(-269.68743388153,69.1798821194078,6.08526342753715));
#3643=CARTESIAN_POINT('',(-270.109854115049,69.4106140617438,6.19394775511508));
#3644=CARTESIAN_POINT('',(-270.925352156115,69.8985704625709,6.45647333137412));
#3645=CARTESIAN_POINT('',(-271.317869373319,70.1553887584935,6.61046412302765));
#3646=CARTESIAN_POINT('',(-272.071271763255,70.68237382094,6.96433500179324));
#3647=CARTESIAN_POINT('',(-272.43169360162,70.9521360876148,7.16863978975807));
#3648=CARTESIAN_POINT('',(-273.121234288219,71.4879089753781,7.62391724726705));
#3649=CARTESIAN_POINT('',(-273.452108155186,71.755499934612,7.87600832819637));
#3650=CARTESIAN_POINT('',(-274.087665381158,72.2770861880937,8.41781579259666));
#3651=CARTESIAN_POINT('',(-274.393513961592,72.5323027621316,8.71029663305647));
#3652=CARTESIAN_POINT('',(-274.980830727793,73.016090319036,9.33665780148961));
#3653=CARTESIAN_POINT('',(-275.267569778027,73.2494394548967,9.66315477355153));
#3654=CARTESIAN_POINT('',(-275.679646019734,73.5736825577312,10.1848439289967));
#3655=CARTESIAN_POINT('',(-275.814379453364,73.6776633517261,10.3626910741745));
#3656=CARTESIAN_POINT('',(-276.079925356839,73.8777973615254,10.7265018312635));
#3657=CARTESIAN_POINT('',(-276.210792593112,73.9739551601729,10.9119256977656));
#3658=CARTESIAN_POINT('',(-276.467649376394,74.157453027516,11.2906646389726));
#3659=CARTESIAN_POINT('',(-276.593302054726,74.2445668086672,11.4839763339308));
#3660=CARTESIAN_POINT('',(-276.83731358841,74.4078846093266,11.8796870694981));
#3661=CARTESIAN_POINT('',(-276.954127089148,74.48299953868,12.0835428788948));
#3662=CARTESIAN_POINT('',(-277.125994794012,74.5890566339477,12.3927165830537));
#3663=CARTESIAN_POINT('',(-277.183429166487,74.6237837030978,12.4962117149779));
#3664=CARTESIAN_POINT('',(-277.300281747958,74.6928898828427,12.7015757925587));
#3665=CARTESIAN_POINT('',(-277.35992067746,74.7273725269851,12.8044776622251));
#3666=CARTESIAN_POINT('',(-277.555958489469,74.8386170104393,13.0977156872701));
#3667=CARTESIAN_POINT('',(-277.708870234186,74.9231807445537,13.2722511774295));
#3668=CARTESIAN_POINT('',(-278.18395587214,75.1849152765867,13.7746948271597));
#3669=CARTESIAN_POINT('',(-278.520193449473,75.3673352081296,14.0868237987824));
#3670=CARTESIAN_POINT('',(-279.222329561391,75.7573298115707,14.6580475425256));
#3671=CARTESIAN_POINT('',(-279.586102039575,75.9638951801338,14.9199361899204));
#3672=CARTESIAN_POINT('',(-280.326695450494,76.4153080776447,15.3894588663395));
#3673=CARTESIAN_POINT('',(-280.701358014482,76.6591251939603,15.5988826125958));
#3674=CARTESIAN_POINT('',(-281.256090068167,77.0625940863349,15.8748364884362));
#3675=CARTESIAN_POINT('',(-281.440298290517,77.2037189133367,15.9592388341126));
#3676=CARTESIAN_POINT('',(-281.80205807544,77.4997671637254,16.1133556174411));
#3677=CARTESIAN_POINT('',(-281.980425148726,77.6551500598548,16.1852057574129));
#3678=CARTESIAN_POINT('',(-282.327321266118,77.9805599619177,16.3129720810158));
#3679=CARTESIAN_POINT('',(-282.496071814102,78.1506810648242,16.3710757889586));
#3680=CARTESIAN_POINT('',(-282.821159993787,78.5065156459669,16.4765290885942));
#3681=CARTESIAN_POINT('',(-282.976887517375,78.6916878475042,16.522067230272));
#3682=CARTESIAN_POINT('',(-283.272817656006,79.0769646958427,16.6046784586021));
#3683=CARTESIAN_POINT('',(-283.412792022454,79.2773225616564,16.6414485320706));
#3684=CARTESIAN_POINT('',(-283.673431850863,79.6901443010945,16.7086750797044));
#3685=CARTESIAN_POINT('',(-283.794121499891,79.9029481024206,16.7391525280801));
#3686=CARTESIAN_POINT('',(-284.014741822321,80.3398542994862,16.7953072225608));
#3687=CARTESIAN_POINT('',(-284.114760394731,80.5645108743948,16.8197760938464));
#3688=CARTESIAN_POINT('',(-284.291995764432,81.0221037809988,16.8640021366871));
#3689=CARTESIAN_POINT('',(-284.369187376957,81.2554321964475,16.8831172815724));
#3690=CARTESIAN_POINT('',(-284.566729633955,81.966386285019,16.9302275529784));
#3691=CARTESIAN_POINT('',(-284.650795779579,82.4543446048705,16.9500691764457));
#3692=CARTESIAN_POINT('',(-284.72589213692,83.4365433629517,16.9619859606771));
#3693=CARTESIAN_POINT('',(-284.716511125132,83.9320461798031,16.9538002331857));
#3694=CARTESIAN_POINT('',(-284.615698151057,84.9104689935091,16.9000178737948));
#3695=CARTESIAN_POINT('',(-284.524077245835,85.3949815461647,16.8540768797598));
#3696=CARTESIAN_POINT('',(-284.281027967622,86.3399379875938,16.7163175881518));
#3697=CARTESIAN_POINT('',(-284.129661121736,86.8016616715684,16.6257736260697));
#3698=CARTESIAN_POINT('',(-283.792316278249,87.7003919670797,16.4030223996695));
#3699=CARTESIAN_POINT('',(-283.606935388806,88.1382604055563,16.2712215111398));
#3700=CARTESIAN_POINT('',(-283.220304190464,88.9978557360648,15.9823986264792));
#3701=CARTESIAN_POINT('',(-283.019408403824,89.418805741863,15.8232892338034));
#3702=CARTESIAN_POINT('',(-282.614666019497,90.2515185384942,15.485841512441));
#3703=CARTESIAN_POINT('',(-282.410150496562,90.6632218791435,15.3070998863677));
#3704=CARTESIAN_POINT('',(-282.010518960499,91.4788003788142,14.9245052291387));
#3705=CARTESIAN_POINT('',(-281.814513045776,91.8842384406336,14.7225931727189));
#3706=CARTESIAN_POINT('',(-281.44339007913,92.6939708192806,14.3018603840884));
#3707=CARTESIAN_POINT('',(-281.267901226641,93.0995175327541,14.0823465421531));
#3708=CARTESIAN_POINT('',(-281.068901196409,93.61328628457,13.8070808480596));
#3709=CARTESIAN_POINT('',(-281.030185139665,93.7161816354874,13.7522839307727));
#3710=CARTESIAN_POINT('',(-280.954621126845,93.9237766615045,13.6421054086475));
#3711=CARTESIAN_POINT('',(-280.91776713672,94.0283807440844,13.588172343154));
#3712=CARTESIAN_POINT('',(-280.812328860217,94.3400820823088,13.4204316862331));
#3713=CARTESIAN_POINT('',(-280.74718711562,94.5506549987974,13.3097506149245));
#3714=CARTESIAN_POINT('',(-280.628621612909,94.9790113220629,13.0979275931313));
#3715=CARTESIAN_POINT('',(-280.574876643604,95.1979444142112,12.9961563085758));
#3716=CARTESIAN_POINT('',(-280.481639169718,95.6440513745011,12.8105886510921));
#3717=CARTESIAN_POINT('',(-280.441846181781,95.8733838830733,12.7254726299197));
#3718=CARTESIAN_POINT('',(-280.381477600257,96.3422189373709,12.5894266976443));
#3719=CARTESIAN_POINT('',(-280.360729355522,96.5841526223286,12.5375420801987));
#3720=CARTESIAN_POINT('',(-280.35043070243,96.9532550761882,12.5102209059158));
#3721=CARTESIAN_POINT('',(-280.350772933891,97.0767905990862,12.5112275504302));
#3722=CARTESIAN_POINT('',(-280.35871678848,97.3216532036226,12.5320303242379));
#3723=CARTESIAN_POINT('',(-280.366165921027,97.4442723951481,12.5508448726368));
#3724=CARTESIAN_POINT('',(-280.396959753666,97.8042140052892,12.6249987550406));
#3725=CARTESIAN_POINT('',(-280.42886784107,98.0391190808061,12.6976268944751));
#3726=CARTESIAN_POINT('',(-280.508185841703,98.4953530394876,12.8646864677941));
#3727=CARTESIAN_POINT('',(-280.556016221558,98.7185246326419,12.9599234284687));
#3728=CARTESIAN_POINT('',(-280.66351773034,99.1547058683292,13.1616530734627));
#3729=CARTESIAN_POINT('',(-280.723600095282,99.3687047111034,13.2691062346703));
#3730=CARTESIAN_POINT('',(-280.821583825452,99.6841422373582,13.433852686462));
#3731=CARTESIAN_POINT('',(-280.855813517379,99.7891479281687,13.4900231687427));
#3732=CARTESIAN_POINT('',(-280.926626203328,99.9969849073659,13.601434361317));
#3733=CARTESIAN_POINT('',(-280.963559751583,100.101266931647,13.6553119649515));
#3734=CARTESIAN_POINT('',(-281.152970306136,100.61890567538,13.9301144203474));
#3735=CARTESIAN_POINT('',(-281.322080695217,101.02615961647,14.1518365631404));
#3736=CARTESIAN_POINT('',(-281.683074042009,101.836505628248,14.579641307874));
#3737=CARTESIAN_POINT('',(-281.875638339375,102.241499644015,14.7864692597756));
#3738=CARTESIAN_POINT('',(-282.270695582148,103.05454810313,15.1779095520927));
#3739=CARTESIAN_POINT('',(-282.474262213945,103.464188041327,15.3634921485082));
#3740=CARTESIAN_POINT('',(-282.879875321717,104.292103415329,15.7095460206627));
#3741=CARTESIAN_POINT('',(-283.082761938539,104.711262644235,15.8741978036345));
#3742=CARTESIAN_POINT('',(-283.475738922829,105.562909041504,16.1754509662592));
#3743=CARTESIAN_POINT('',(-283.666100206998,105.996495595743,16.3139418822349));
#3744=CARTESIAN_POINT('',(-284.018163430406,106.885228928713,16.5550274888182));
#3745=CARTESIAN_POINT('',(-284.179433912377,107.340310041489,16.6553842422613));
#3746=CARTESIAN_POINT('',(-284.448877048314,108.27640737618,16.813479794473));
#3747=CARTESIAN_POINT('',(-284.55605273948,108.754473750756,16.8694394016932));
#3748=CARTESIAN_POINT('',(-284.69372278808,109.729198990987,16.9410207785881));
#3749=CARTESIAN_POINT('',(-284.72325986092,110.221899448739,16.9570813153405));
#3750=CARTESIAN_POINT('',(-284.69864083081,110.961647219005,16.9582253452672));
#3751=CARTESIAN_POINT('',(-284.679024303362,111.207311375785,16.9548776830201));
#3752=CARTESIAN_POINT('',(-284.616387682382,111.695935867934,16.9415758266316));
#3753=CARTESIAN_POINT('',(-284.573129275994,111.938713497806,16.9316289043522));
#3754=CARTESIAN_POINT('',(-284.46327318182,112.418445163469,16.9056007382069));
#3755=CARTESIAN_POINT('',(-284.396614352345,112.655458694022,16.8895161637681));
#3756=CARTESIAN_POINT('',(-284.279211796086,113.004823212982,16.8608373621238));
#3757=CARTESIAN_POINT('',(-284.195314411803,113.235673539573,16.840230764419));
#3758=CARTESIAN_POINT('',(-284.100241892133,113.461771183655,16.816398457012));
#3759=CARTESIAN_POINT('',(-284.050016360935,113.57345906479,16.8037773290563));
#3760=CARTESIAN_POINT('',(-284.050016360935,113.57345906479,16.8037773290563));
#3761=CARTESIAN_POINT('',(-284.050016360935,113.57345906479,18.9973878378318));
#3762=CARTESIAN_POINT('',(-284.050016360935,113.57345906479,18.9973878378318));
#3763=CARTESIAN_POINT('',(-283.9967441093,113.691848168813,18.9973878378318));
#3764=CARTESIAN_POINT('',(-283.94051863351,113.80869047512,18.9973878378318));
#3765=CARTESIAN_POINT('',(-283.881232917552,113.924185663429,18.9973878378318));
#3766=CARTESIAN_POINT('',(-283.824009972146,114.035662344591,18.9973878378318));
#3767=CARTESIAN_POINT('',(-283.764028890703,114.145703285661,18.9973878378318));
#3768=CARTESIAN_POINT('',(-283.701376073254,114.254220889813,18.9973878378318));
#3769=CARTESIAN_POINT('',(-283.641176603939,114.358489180488,18.9973878378318));
#3770=CARTESIAN_POINT('',(-283.578309796472,114.461697814117,18.9973878378318));
#3771=CARTESIAN_POINT('',(-283.513336283344,114.563059374444,18.9973878378318));
#3772=CARTESIAN_POINT('',(-283.451390928238,114.659696874038,18.9973878378318));
#3773=CARTESIAN_POINT('',(-283.387575443732,114.754585612192,18.9973878378318));
#3774=CARTESIAN_POINT('',(-283.321468888058,114.848425305081,18.9973878378318));
#3775=CARTESIAN_POINT('',(-283.144807773159,115.099199598169,18.9973878378318));
#3776=CARTESIAN_POINT('',(-282.954501347476,115.338649549025,18.9973878378318));
#3777=CARTESIAN_POINT('',(-282.751257507123,115.568369755822,18.9973878378318));
#3778=CARTESIAN_POINT('',(-282.66064883512,115.670781926513,18.9973878378318));
#3779=CARTESIAN_POINT('',(-282.568770140181,115.769797730329,18.9973878378318));
#3780=CARTESIAN_POINT('',(-282.473551288049,115.867936138112,18.9973878378318));
#3781=CARTESIAN_POINT('',(-282.384493583826,115.959724487767,18.9973878378318));
#3782=CARTESIAN_POINT('',(-282.29329327492,116.049945333008,18.9973878378318));
#3783=CARTESIAN_POINT('',(-282.200596023306,116.138055930611,18.9973878378318));
#3784=CARTESIAN_POINT('',(-282.114228681366,116.22014982206,18.9973878378318));
#3785=CARTESIAN_POINT('',(-282.026448177061,116.300519940353,18.9973878378318));
#3786=CARTESIAN_POINT('',(-281.937202138495,116.379473081089,18.9973878378318));
#3787=CARTESIAN_POINT('',(-281.854856648879,116.452321524954,18.9973878378318));
#3788=CARTESIAN_POINT('',(-281.77223518149,116.52310654913,18.9973878378318));
#3789=CARTESIAN_POINT('',(-281.687684543811,116.593382770853,18.9973878378318));
#3790=CARTESIAN_POINT('',(-281.609269791126,116.658559009581,18.9973878378318));
#3791=CARTESIAN_POINT('',(-281.530028451332,116.722607462151,18.9973878378318));
#3792=CARTESIAN_POINT('',(-281.44989307921,116.785655743894,18.9973878378318));
#3793=CARTESIAN_POINT('',(-281.375057558244,116.844534250169,18.9973878378318));
#3794=CARTESIAN_POINT('',(-281.300227787566,116.901923783408,18.9973878378318));
#3795=CARTESIAN_POINT('',(-281.224038549422,116.959038893659,18.9973878378318));
#3796=CARTESIAN_POINT('',(-281.139789010176,117.022196392537,18.9973878378318));
#3797=CARTESIAN_POINT('',(-281.055607025506,117.083723797684,18.9973878378318));
#3798=CARTESIAN_POINT('',(-280.969891941943,117.144877062889,18.9973878378318));
#3799=CARTESIAN_POINT('',(-280.887990136456,117.20330975202,18.9973878378318));
#3800=CARTESIAN_POINT('',(-280.805554233346,117.260784181157,18.9973878378318));
#3801=CARTESIAN_POINT('',(-280.72245848851,117.317505562264,18.9973878378318));
#3802=CARTESIAN_POINT('',(-280.565741570124,117.424480956389,18.9973878378318));
#3803=CARTESIAN_POINT('',(-280.40811677566,117.527799795019,18.9973878378318));
#3804=CARTESIAN_POINT('',(-280.247839271752,117.629356176858,18.9973878378318));
#3805=CARTESIAN_POINT('',(-280.101577615251,117.722031719424,18.9973878378318));
#3806=CARTESIAN_POINT('',(-279.955001262327,117.812046603694,18.9973878378318));
#3807=CARTESIAN_POINT('',(-279.806455111089,117.901010294584,18.9973878378318));
#3808=CARTESIAN_POINT('',(-279.738269650989,117.941846291646,18.9973878378318));
#3809=CARTESIAN_POINT('',(-279.669874197442,117.982337460908,18.9973878378318));
#3810=CARTESIAN_POINT('',(-279.601299721429,118.022513981882,18.9973878378318));
#3811=CARTESIAN_POINT('',(-279.536633061231,118.060400985631,18.9973878378318));
#3812=CARTESIAN_POINT('',(-279.471800306258,118.098008115612,18.9973878378318));
#3813=CARTESIAN_POINT('',(-279.406841142875,118.135389604977,18.9973878378318));
#3814=CARTESIAN_POINT('',(-279.197639808831,118.255776891948,18.9973878378318));
#3815=CARTESIAN_POINT('',(-278.987036626238,118.373782641123,18.9973878378318));
#3816=CARTESIAN_POINT('',(-278.775841451845,118.49060641796,18.9973878378318));
#3817=CARTESIAN_POINT('',(-278.578403257145,118.599820445521,18.9973878378318));
#3818=CARTESIAN_POINT('',(-278.380444194585,118.708095664915,18.9973878378318));
#3819=CARTESIAN_POINT('',(-278.182562036675,118.81650104698,18.9973878378318));
#3820=CARTESIAN_POINT('',(-278.090151879834,118.867125916169,18.9973878378318));
#3821=CARTESIAN_POINT('',(-277.997760460371,118.917785252985,18.9973878378318));
#3822=CARTESIAN_POINT('',(-277.905435826634,118.968565829346,18.9973878378318));
#3823=CARTESIAN_POINT('',(-277.820679641498,119.015183592744,18.9973878378318));
#3824=CARTESIAN_POINT('',(-277.735974219726,119.061894949368,18.9973878378318));
#3825=CARTESIAN_POINT('',(-277.651401597557,119.108844425372,18.9973878378318));
#3826=CARTESIAN_POINT('',(-277.580286649891,119.148323034919,18.9973878378318));
#3827=CARTESIAN_POINT('',(-277.509255524185,119.187957918224,18.9973878378318));
#3828=CARTESIAN_POINT('',(-277.438484535247,119.228047980124,18.9973878378318));
#3829=CARTESIAN_POINT('',(-277.380342958599,119.26098378393,18.9973878378318));
#3830=CARTESIAN_POINT('',(-277.322393891858,119.294273945666,18.9973878378318));
#3831=CARTESIAN_POINT('',(-277.264792946651,119.328140409333,18.9973878378318));
#3832=CARTESIAN_POINT('',(-277.203753861918,119.364028326415,18.9973878378318));
#3833=CARTESIAN_POINT('',(-277.143538909236,119.400256886692,18.9973878378318));
#3834=CARTESIAN_POINT('',(-277.083226561628,119.437353007181,18.9973878378318));
#3835=CARTESIAN_POINT('',(-277.021237192134,119.475480608094,18.9973878378318));
#3836=CARTESIAN_POINT('',(-276.959975697078,119.514014004371,18.9973878378318));
#3837=CARTESIAN_POINT('',(-276.898759873998,119.553371525699,18.9973878378318));
#3838=CARTESIAN_POINT('',(-276.767589702616,119.637704832972,18.9973878378318));
#3839=CARTESIAN_POINT('',(-276.63733970553,119.725367889813,18.9973878378318));
#3840=CARTESIAN_POINT('',(-276.509308915681,119.814385374392,18.9973878378318));
#3841=CARTESIAN_POINT('',(-276.368529391715,119.912266822427,18.9973878378318));
#3842=CARTESIAN_POINT('',(-276.22740510476,120.013890783101,18.9973878378318));
#3843=CARTESIAN_POINT('',(-276.089581934591,120.115887824406,18.9973878378318));
#3844=CARTESIAN_POINT('',(-275.940514515504,120.226206254052,18.9973878378318));
#3845=CARTESIAN_POINT('',(-275.792610143502,120.338957568589,18.9973878378318));
#3846=CARTESIAN_POINT('',(-275.646325240297,120.452935330434,18.9973878378318));
#3847=CARTESIAN_POINT('',(-275.567797230748,120.514120364394,18.9973878378318));
#3848=CARTESIAN_POINT('',(-275.489614119178,120.575754437975,18.9973878378318));
#3849=CARTESIAN_POINT('',(-275.411697403394,120.637712968727,18.9973878378318));
#3850=CARTESIAN_POINT('',(-275.32964842264,120.702957431947,18.9973878378318));
#3851=CARTESIAN_POINT('',(-275.247884578916,120.768564546151,18.9973878378318));
#3852=CARTESIAN_POINT('',(-275.166344909611,120.834442458315,18.9973878378318));
#3853=CARTESIAN_POINT('',(-275.081383158876,120.903085154561,18.9973878378318));
#3854=CARTESIAN_POINT('',(-274.996660096318,120.972025636296,18.9973878378318));
#3855=CARTESIAN_POINT('',(-274.912099467436,121.041160706649,18.9973878378318));
#3856=CARTESIAN_POINT('',(-274.825101784695,121.112288263249,18.9973878378318));
#3857=CARTESIAN_POINT('',(-274.738275971187,121.183627305639,18.9973878378318));
#3858=CARTESIAN_POINT('',(-274.651579430451,121.255120993664,18.9973878378318));
#3859=CARTESIAN_POINT('',(-274.501865900172,121.378581195604,18.9973878378318));
#3860=CARTESIAN_POINT('',(-274.352517445655,121.502484566621,18.9973878378318));
#3861=CARTESIAN_POINT('',(-274.203059843377,121.626254083202,18.9973878378318));
#3862=CARTESIAN_POINT('',(-274.03912940734,121.7620089094,18.9973878378318));
#3863=CARTESIAN_POINT('',(-273.87506657582,121.897607979222,18.9973878378318));
#3864=CARTESIAN_POINT('',(-273.710408163525,122.032477457819,18.9973878378318));
#3865=CARTESIAN_POINT('',(-273.5334212966,122.177445006867,18.9973878378318));
#3866=CARTESIAN_POINT('',(-273.355740752109,122.321588794972,18.9973878378318));
#3867=CARTESIAN_POINT('',(-273.176968214899,122.464338648438,18.9973878378318));
#3868=CARTESIAN_POINT('',(-272.985455934541,122.617261185561,18.9973878378318));
#3869=CARTESIAN_POINT('',(-272.796661055378,122.765425842379,18.9973878378318));
#3870=CARTESIAN_POINT('',(-272.60214408418,122.914511702059,18.9973878378318));
#3871=CARTESIAN_POINT('',(-272.455024084952,123.027270560198,18.9973878378318));
#3872=CARTESIAN_POINT('',(-272.308224673928,123.137795122845,18.9973878378318));
#3873=CARTESIAN_POINT('',(-272.158935378966,123.24766809685,18.9973878378318));
#3874=CARTESIAN_POINT('',(-271.999899331417,123.364714423062,18.9973878378318));
#3875=CARTESIAN_POINT('',(-271.839738513895,123.479765801684,18.9973878378318));
#3876=CARTESIAN_POINT('',(-271.677823169239,123.592798382796,18.9973878378318));
#3877=CARTESIAN_POINT('',(-271.506320968953,123.712523516976,18.9973878378318));
#3878=CARTESIAN_POINT('',(-271.333816906542,123.829306669005,18.9973878378318));
#3879=CARTESIAN_POINT('',(-271.15877937382,123.943803988194,18.9973878378318));
#3880=CARTESIAN_POINT('',(-270.973966788943,124.064695463249,18.9973878378318));
#3881=CARTESIAN_POINT('',(-270.787424175378,124.1823209062,18.9973878378318));
#3882=CARTESIAN_POINT('',(-270.598507041558,124.296695750794,18.9973878378318));
#3883=CARTESIAN_POINT('',(-270.322601246274,124.463735562484,18.9973878378319));
#3884=CARTESIAN_POINT('',(-270.042070674988,124.623573738553,18.9973878378319));
#3885=CARTESIAN_POINT('',(-269.757191903146,124.774824711594,18.9973878378319));
#3886=CARTESIAN_POINT('',(-269.456949008204,124.934232973975,18.9973878378319));
#3887=CARTESIAN_POINT('',(-269.151725290756,125.084182258725,18.9973878378319));
#3888=CARTESIAN_POINT('',(-268.84171402135,125.223666505835,18.9973878378319));
#3889=CARTESIAN_POINT('',(-268.517785565087,125.369412552184,18.9973878378319));
#3890=CARTESIAN_POINT('',(-268.189098076627,125.503521947537,18.9973878378319));
#3891=CARTESIAN_POINT('',(-267.855461444651,125.625436674225,18.9973878378319));
#3892=CARTESIAN_POINT('',(-267.508702548678,125.752146429622,18.9973878378319));
#3893=CARTESIAN_POINT('',(-267.156364298366,125.865770225442,18.9973878378319));
#3894=CARTESIAN_POINT('',(-266.800815448981,125.965195032771,18.9973878378319));
#3895=CARTESIAN_POINT('',(-266.777021477233,125.971848720614,18.9973878378319));
#3896=CARTESIAN_POINT('',(-266.753209731274,125.978439867274,18.9973878378319));
#3897=CARTESIAN_POINT('',(-266.729381386483,125.984968906931,18.9973878378319));
#3898=CARTESIAN_POINT('',(-266.70559956189,125.99148519991,18.9973878378319));
#3899=CARTESIAN_POINT('',(-266.68180054283,125.997939781062,18.9973878378319));
#3900=CARTESIAN_POINT('',(-266.657985030399,126.004331368001,18.9973878378319));
#3901=CARTESIAN_POINT('',(-266.634223330087,126.010708512888,18.9973878378319));
#3902=CARTESIAN_POINT('',(-266.610444466253,126.017022776418,18.9973878378319));
#3903=CARTESIAN_POINT('',(-266.586649598153,126.023274520458,18.9973878378319));
#3904=CARTESIAN_POINT('',(-266.562737235581,126.029557134405,18.9973878378319));
#3905=CARTESIAN_POINT('',(-266.538808163462,126.035777252213,18.9973878378319));
#3906=CARTESIAN_POINT('',(-266.514863094352,126.041933519195,18.9973878378319));
#3907=CARTESIAN_POINT('',(-266.228490410489,126.115559813195,18.9973878378319));
#3908=CARTESIAN_POINT('',(-265.93954953518,126.180098119554,18.9973878378319));
#3909=CARTESIAN_POINT('',(-265.649071340348,126.235346554263,18.9973878378319));
#3910=CARTESIAN_POINT('',(-265.359240147942,126.290471930264,18.9973878378319));
#3911=CARTESIAN_POINT('',(-265.067812604403,126.336361256496,18.9973878378319));
#3912=CARTESIAN_POINT('',(-264.775071345184,126.373011329948,18.9973878378319));
#3913=CARTESIAN_POINT('',(-264.483076115009,126.409568003449,18.9973878378319));
#3914=CARTESIAN_POINT('',(-264.189754719439,126.436934801856,18.9973878378319));
#3915=CARTESIAN_POINT('',(-263.896043331863,126.455118540489,18.9973878378319));
#3916=CARTESIAN_POINT('',(-263.602999786966,126.473260932831,18.9973878378319));
#3917=CARTESIAN_POINT('',(-263.309682464715,126.482254856753,18.9973878378319));
#3918=CARTESIAN_POINT('',(-263.016079444931,126.482254856753,18.9973878378319));
#3919=CARTESIAN_POINT('',(-262.722476425162,126.482254856754,18.9973878378319));
#3920=CARTESIAN_POINT('',(-262.429159102875,126.473260932831,18.9973878378319));
#3921=CARTESIAN_POINT('',(-262.136115557993,126.45511854049,18.9973878378319));
#3922=CARTESIAN_POINT('',(-261.842404170433,126.436934801858,18.9973878378319));
#3923=CARTESIAN_POINT('',(-261.54908277483,126.409568003448,18.9973878378319));
#3924=CARTESIAN_POINT('',(-261.257087544672,126.373011329949,18.9973878378319));
#3925=CARTESIAN_POINT('',(-260.964346285456,126.336361256497,18.9973878378319));
#3926=CARTESIAN_POINT('',(-260.672918741913,126.290471930263,18.9973878378319));
#3927=CARTESIAN_POINT('',(-260.383087549511,126.235346554263,18.9973878378319));
#3928=CARTESIAN_POINT('',(-260.092609354663,126.180098119552,18.9973878378319));
#3929=CARTESIAN_POINT('',(-259.80366847937,126.115559813196,18.9973878378319));
#3930=CARTESIAN_POINT('',(-259.517295795492,126.041933519192,18.9973878378319));
#3931=CARTESIAN_POINT('',(-259.493350602329,126.035777220316,18.9973878378319));
#3932=CARTESIAN_POINT('',(-259.469421528454,126.029557101347,18.9973878378319));
#3933=CARTESIAN_POINT('',(-259.445509291695,126.023274520456,18.9973878378319));
#3934=CARTESIAN_POINT('',(-259.421714298896,126.017022743653,18.9973878378319));
#3935=CARTESIAN_POINT('',(-259.397935436346,126.010708479764,18.9973878378319));
#3936=CARTESIAN_POINT('',(-259.374173859486,126.004331368008,18.9973878378319));
#3937=CARTESIAN_POINT('',(-259.350358225428,125.997939748428,18.9973878378319));
#3938=CARTESIAN_POINT('',(-259.326559204765,125.991485166153,18.9973878378319));
#3939=CARTESIAN_POINT('',(-259.302777503403,125.984968906939,18.9973878378319));
#3940=CARTESIAN_POINT('',(-259.278949035667,125.978439833596,18.9973878378319));
#3941=CARTESIAN_POINT('',(-259.255137291112,125.971848686635,18.9973878378319));
#3942=CARTESIAN_POINT('',(-259.231343440895,125.965195032777,18.9973878378319));
#3943=CARTESIAN_POINT('',(-258.875794591495,125.865770225443,18.9973878378319));
#3944=CARTESIAN_POINT('',(-258.523456341191,125.752146429627,18.9973878378319));
#3945=CARTESIAN_POINT('',(-258.176697445204,125.625436674225,18.9973878378319));
#3946=CARTESIAN_POINT('',(-257.843060813228,125.503521947537,18.9973878378319));
#3947=CARTESIAN_POINT('',(-257.514373324768,125.369412552184,18.9973878378319));
#3948=CARTESIAN_POINT('',(-257.190444868506,125.223666505836,18.9973878378319));
#3949=CARTESIAN_POINT('',(-256.880433599103,125.084182258727,18.9973878378319));
#3950=CARTESIAN_POINT('',(-256.575209881648,124.934232973973,18.9973878378319));
#3951=CARTESIAN_POINT('',(-256.274966986709,124.774824711594,18.9973878378319));
#3952=CARTESIAN_POINT('',(-255.990088214864,124.623573738552,18.9973878378319));
#3953=CARTESIAN_POINT('',(-255.709557643582,124.463735562484,18.9973878378319));
#3954=CARTESIAN_POINT('',(-255.433651848296,124.296695750793,18.9973878378319));
#3955=CARTESIAN_POINT('',(-255.244734714469,124.182320906194,18.9973878378319));
#3956=CARTESIAN_POINT('',(-255.05819210092,124.064695463254,18.9973878378319));
#3957=CARTESIAN_POINT('',(-254.873379516037,123.943803988195,18.9973878378319));
#3958=CARTESIAN_POINT('',(-254.698341983314,123.829306669006,18.9973878378319));
#3959=CARTESIAN_POINT('',(-254.525837920902,123.712523516976,18.9973878378319));
#3960=CARTESIAN_POINT('',(-254.354335720616,123.592798382796,18.9973878378319));
#3961=CARTESIAN_POINT('',(-254.192420375961,123.479765801685,18.9973878378319));
#3962=CARTESIAN_POINT('',(-254.032259558434,123.36471442306,18.9973878378319));
#3963=CARTESIAN_POINT('',(-253.873223510887,123.247668096848,18.9973878378319));
#3964=CARTESIAN_POINT('',(-253.723934215929,123.137795122846,18.9973878378319));
#3965=CARTESIAN_POINT('',(-253.577134804901,123.027270560196,18.9973878378319));
#3966=CARTESIAN_POINT('',(-253.430014805677,122.91451170206,18.9973878378319));
#3967=CARTESIAN_POINT('',(-253.235497834493,122.765425842392,18.9973878378319));
#3968=CARTESIAN_POINT('',(-253.046702955298,122.617261185548,18.9973878378319));
#3969=CARTESIAN_POINT('',(-252.855190674954,122.464338648437,18.9973878378319));
#3970=CARTESIAN_POINT('',(-252.676414056517,122.321585536111,18.9973878378319));
#3971=CARTESIAN_POINT('',(-252.498731325871,122.177439873337,18.9973878378319));
#3972=CARTESIAN_POINT('',(-252.321750726329,122.032477457817,18.9973878378319));
#3973=CARTESIAN_POINT('',(-252.157091919882,121.897607656375,18.9973878378319));
#3974=CARTESIAN_POINT('',(-251.993028070593,121.762007740152,18.9973878378319));
#3975=CARTESIAN_POINT('',(-251.829099046481,121.626254083204,18.9973878378319));
#3976=CARTESIAN_POINT('',(-251.679641130103,121.50248430651,18.9973878378319));
#3977=CARTESIAN_POINT('',(-251.530293072425,121.378581263836,18.9973878378319));
#3978=CARTESIAN_POINT('',(-251.380579459406,121.255120993665,18.9973878378319));
#3979=CARTESIAN_POINT('',(-251.293882590786,121.183627035254,18.9973878378319));
#3980=CARTESIAN_POINT('',(-251.207056853389,121.112288057406,18.9973878378319));
#3981=CARTESIAN_POINT('',(-251.120059422413,121.041160706644,18.9973878378319));
#3982=CARTESIAN_POINT('',(-251.035498163004,120.972025120784,18.9973878378319));
#3983=CARTESIAN_POINT('',(-250.950775290689,120.903084798839,18.9973878378319));
#3984=CARTESIAN_POINT('',(-250.865813980242,120.834442458313,18.9973878378319));
#3985=CARTESIAN_POINT('',(-250.78427328374,120.768563716252,18.9973878378319));
#3986=CARTESIAN_POINT('',(-250.702509655706,120.702956786643,18.9973878378319));
#3987=CARTESIAN_POINT('',(-250.620461486468,120.637712968732,18.9973878378319));
#3988=CARTESIAN_POINT('',(-250.54254314863,120.57575314814,18.9973878378319));
#3989=CARTESIAN_POINT('',(-250.464360405649,120.514119387763,18.9973878378319));
#3990=CARTESIAN_POINT('',(-250.38583364956,120.452935330436,18.9973878378319));
#3991=CARTESIAN_POINT('',(-250.23954874636,120.338957568595,18.9973878378319));
#3992=CARTESIAN_POINT('',(-250.091644374345,120.226206254048,18.9973878378319));
#3993=CARTESIAN_POINT('',(-249.942576955263,120.115887824405,18.9973878378319));
#3994=CARTESIAN_POINT('',(-249.804753785099,120.013890783103,18.9973878378319));
#3995=CARTESIAN_POINT('',(-249.663629498135,119.912266822423,18.9973878378319));
#3996=CARTESIAN_POINT('',(-249.522849974174,119.814385374391,18.9973878378319));
#3997=CARTESIAN_POINT('',(-249.394819184319,119.725367889809,18.9973878378319));
#3998=CARTESIAN_POINT('',(-249.264569187244,119.637704832975,18.9973878378319));
#3999=CARTESIAN_POINT('',(-249.133399015856,119.553371525698,18.9973878378319));
#4000=CARTESIAN_POINT('',(-249.072183192773,119.514014004368,18.9973878378319));
#4001=CARTESIAN_POINT('',(-249.010921697723,119.475480608094,18.9973878378319));
#4002=CARTESIAN_POINT('',(-248.948932328227,119.437353007179,18.9973878378319));
#4003=CARTESIAN_POINT('',(-248.888619980635,119.400256886701,18.9973878378319));
#4004=CARTESIAN_POINT('',(-248.828405027932,119.364028326411,18.9973878378319));
#4005=CARTESIAN_POINT('',(-248.767365943214,119.328140409339,18.9973878378319));
#4006=CARTESIAN_POINT('',(-248.709762780205,119.294272641716,18.9973878378319));
#4007=CARTESIAN_POINT('',(-248.651812431028,119.260981801135,18.9973878378319));
#4008=CARTESIAN_POINT('',(-248.593674354614,119.228047980128,18.9973878378319));
#4009=CARTESIAN_POINT('',(-248.522902836097,119.187957618234,18.9973878378319));
#4010=CARTESIAN_POINT('',(-248.451870835648,119.148322255331,18.9973878378319));
#4011=CARTESIAN_POINT('',(-248.38075729226,119.108844425351,18.9973878378319));
#4012=CARTESIAN_POINT('',(-248.296184526489,119.061894869627,18.9973878378319));
#4013=CARTESIAN_POINT('',(-248.211478914187,119.015183408941,18.9973878378319));
#4014=CARTESIAN_POINT('',(-248.126723063197,118.968565829329,18.9973878378319));
#4015=CARTESIAN_POINT('',(-248.034398405236,118.917785239643,18.9973878378319));
#4016=CARTESIAN_POINT('',(-247.942006936943,118.867125876127,18.9973878378319));
#4017=CARTESIAN_POINT('',(-247.849596853389,118.816501047092,18.9973878378319));
#4018=CARTESIAN_POINT('',(-247.651713331097,118.70809491759,18.9973878378319));
#4019=CARTESIAN_POINT('',(-247.453755731907,118.599820500439,18.9973878378319));
#4020=CARTESIAN_POINT('',(-247.256317437519,118.490606417689,18.9973878378319));
#4021=CARTESIAN_POINT('',(-247.045107189988,118.373774303012,18.9973878378319));
#4022=CARTESIAN_POINT('',(-246.834511201763,118.255772357579,18.9973878378319));
#4023=CARTESIAN_POINT('',(-246.625317750101,118.135389606875,18.9973878378319));
#4024=CARTESIAN_POINT('',(-246.560357768072,118.098007646492,18.9973878378319));
#4025=CARTESIAN_POINT('',(-246.495525165803,118.060400597532,18.9973878378319));
#4026=CARTESIAN_POINT('',(-246.430859169379,118.022513982612,18.9973878378319));
#4027=CARTESIAN_POINT('',(-246.362283436151,117.982336724991,18.9973878378319));
#4028=CARTESIAN_POINT('',(-246.293888099667,117.941845609438,18.9973878378319));
#4029=CARTESIAN_POINT('',(-246.225703764615,117.901010286024,18.9973878378319));
#4030=CARTESIAN_POINT('',(-246.077157616603,117.812046596763,18.9973878378319));
#4031=CARTESIAN_POINT('',(-245.930581300201,117.722031733931,18.9973878378319));
#4032=CARTESIAN_POINT('',(-245.784319645983,117.629356194523,18.9973878378319));
#4033=CARTESIAN_POINT('',(-245.624042097837,117.52779978653,18.9973878378319));
#4034=CARTESIAN_POINT('',(-245.46641728187,117.424480938023,18.9973878378319));
#4035=CARTESIAN_POINT('',(-245.309700325243,117.317505508669,18.9973878378319));
#4036=CARTESIAN_POINT('',(-245.226604619755,117.260784149582,18.9973878378319));
#4037=CARTESIAN_POINT('',(-245.144168665364,117.203309678476,18.9973878378319));
#4038=CARTESIAN_POINT('',(-245.062266894291,117.144877018501,18.9973878378319));
#4039=CARTESIAN_POINT('',(-244.976551889957,117.083723814641,18.9973878378319));
#4040=CARTESIAN_POINT('',(-244.892370151416,117.022196602152,18.9973878378319));
#4041=CARTESIAN_POINT('',(-244.808120695309,116.959039159151,18.9973878378319));
#4042=CARTESIAN_POINT('',(-244.731931444809,116.901924033805,18.9973878378319));
#4043=CARTESIAN_POINT('',(-244.65710158434,116.844534412748,18.9973878378319));
#4044=CARTESIAN_POINT('',(-244.582266020289,116.78565593107,18.9973878378319));
#4045=CARTESIAN_POINT('',(-244.502129931698,116.722607148267,18.9973878378319));
#4046=CARTESIAN_POINT('',(-244.422888571098,116.658558798148,18.9973878378319));
#4047=CARTESIAN_POINT('',(-244.344473257756,116.593381866131,18.9973878378319));
#4048=CARTESIAN_POINT('',(-244.259924145171,116.523106666961,18.9973878378319));
#4049=CARTESIAN_POINT('',(-244.177300461806,116.452319272123,18.9973878378319));
#4050=CARTESIAN_POINT('',(-244.094956042223,116.379472383045,18.9973878378319));
#4051=CARTESIAN_POINT('',(-244.005707076958,116.300517312307,18.9973878378319));
#4052=CARTESIAN_POINT('',(-243.917934857407,116.220156091878,18.9973878378319));
#4053=CARTESIAN_POINT('',(-243.831565911896,116.138058824884,18.9973878378319));
#4054=CARTESIAN_POINT('',(-243.73887982279,116.049956850744,18.9973878378319));
#4055=CARTESIAN_POINT('',(-243.647660552031,115.959713703125,18.9973878378319));
#4056=CARTESIAN_POINT('',(-243.558609601779,115.867938425923,18.9973878378319));
#4057=CARTESIAN_POINT('',(-243.463376070142,115.769791424232,18.9973878378319));
#4058=CARTESIAN_POINT('',(-243.371555051069,115.670849432913,18.9973878378319));
#4059=CARTESIAN_POINT('',(-243.280938544879,115.568422148538,18.9973878378319));
#4060=CARTESIAN_POINT('',(-243.07809885281,115.339144727728,18.9973878378319));
#4061=CARTESIAN_POINT('',(-242.887375786477,115.099251854871,18.9973878378319));
#4062=CARTESIAN_POINT('',(-242.711061269362,114.848964045314,18.9973878378319));
#4063=CARTESIAN_POINT('',(-242.678462443626,114.802688282994,18.9973878378319));
#4064=CARTESIAN_POINT('',(-242.646541779195,114.756320390694,18.9973878378319));
#4065=CARTESIAN_POINT('',(-242.614945360098,114.709354509144,18.9973878378319));
#4066=CARTESIAN_POINT('',(-242.582397691289,114.660974660992,18.9973878378319));
#4067=CARTESIAN_POINT('',(-242.550182354548,114.61194284703,18.9973878378319));
#4068=CARTESIAN_POINT('',(-242.518704941347,114.562859888774,18.9973878378319));
#4069=CARTESIAN_POINT('',(-242.453594474825,114.461332667019,18.9973878378319));
#4070=CARTESIAN_POINT('',(-242.391163247454,114.35884099756,18.9973878378319));
#4071=CARTESIAN_POINT('',(-242.330873722989,114.254378354012,18.9973878378319));
#4072=CARTESIAN_POINT('',(-242.268340913563,114.146028808397,18.9973878378319));
#4073=CARTESIAN_POINT('',(-242.20810417791,114.035545260122,18.9973878378319));
#4074=CARTESIAN_POINT('',(-242.150945394568,113.924266586781,18.9973878378319));
#4075=CARTESIAN_POINT('',(-242.121447575164,113.866839223604,18.9973878378319));
#4076=CARTESIAN_POINT('',(-242.092961683641,113.809574106572,18.9973878378319));
#4077=CARTESIAN_POINT('',(-242.064970170785,113.751397592035,18.9973878378319));
#4078=CARTESIAN_POINT('',(-242.03626573665,113.691739368548,18.9973878378319));
#4079=CARTESIAN_POINT('',(-242.008009732887,113.630974232064,18.9973878378319));
#4080=CARTESIAN_POINT('',(-241.980880068602,113.570583639445,18.9973878378319));
#4081=CARTESIAN_POINT('',(-241.844419315438,113.266822204507,18.9973878378319));
#4082=CARTESIAN_POINT('',(-241.728832999675,112.955583593421,18.9973878378319));
#4083=CARTESIAN_POINT('',(-241.63414659617,112.636318460348,18.9973878378319));
#4084=CARTESIAN_POINT('',(-241.587181635709,112.477961253865,18.9973878378319));
#4085=CARTESIAN_POINT('',(-241.545061444474,112.31662515784,18.9973878378319));
#4086=CARTESIAN_POINT('',(-241.508638115955,112.155516167053,18.9973878378319));
#4087=CARTESIAN_POINT('',(-241.472962976505,111.997716593355,18.9973878378319));
#4088=CARTESIAN_POINT('',(-241.442529972347,111.839145831579,18.9973878378319));
#4089=CARTESIAN_POINT('',(-241.417143707543,111.679369190829,18.9973878378319));
#4090=CARTESIAN_POINT('',(-241.368484849176,111.373118980621,18.9973878378319));
#4091=CARTESIAN_POINT('',(-241.338466662353,111.063031891055,18.9973878378319));
#4092=CARTESIAN_POINT('',(-241.326668609851,110.753180917259,18.9973878378319));
#4093=CARTESIAN_POINT('',(-241.315642975937,110.463615889072,18.9973878378319));
#4094=CARTESIAN_POINT('',(-241.320508503463,110.173509797251,18.9973878378319));
#4095=CARTESIAN_POINT('',(-241.340023124998,109.884414228022,18.9973878378319));
#4096=CARTESIAN_POINT('',(-241.340905299216,109.871345429465,18.9973878378319));
#4097=CARTESIAN_POINT('',(-241.341817315315,109.858278533284,18.9973878378319));
#4098=CARTESIAN_POINT('',(-241.342759355912,109.845213965221,18.9973878378319));
#4099=CARTESIAN_POINT('',(-241.343687385758,109.832343703438,18.9973878378319));
#4100=CARTESIAN_POINT('',(-241.344644606588,109.819475442859,18.9973878378319));
#4101=CARTESIAN_POINT('',(-241.345629821257,109.80660948044,18.9973878378319));
#4102=CARTESIAN_POINT('',(-241.34659513284,109.794003433304,18.9973878378319));
#4103=CARTESIAN_POINT('',(-241.347587545882,109.781399354805,18.9973878378319));
#4104=CARTESIAN_POINT('',(-241.348610097182,109.768797869821,18.9973878378319));
#4105=CARTESIAN_POINT('',(-241.349622166784,109.756325556785,18.9973878378319));
#4106=CARTESIAN_POINT('',(-241.350663658398,109.743855530142,18.9973878378319));
#4107=CARTESIAN_POINT('',(-241.351731361672,109.731387904264,18.9973878378319));
#4108=CARTESIAN_POINT('',(-241.374274551252,109.468149923589,18.9973878378319));
#4109=CARTESIAN_POINT('',(-241.408092785255,109.210364171145,18.9973878378319));
#4110=CARTESIAN_POINT('',(-241.453184297241,108.950053995695,18.9973878378319));
#4111=CARTESIAN_POINT('',(-241.492984990427,108.720287350709,18.9973878378319));
#4112=CARTESIAN_POINT('',(-241.54055384335,108.494217210734,18.9973878378319));
#4113=CARTESIAN_POINT('',(-241.595793013458,108.267677024828,18.9973878378319));
#4114=CARTESIAN_POINT('',(-241.644617577451,108.067443643662,18.9973878378319));
#4115=CARTESIAN_POINT('',(-241.698353746966,107.871187324395,18.9973878378319));
#4116=CARTESIAN_POINT('',(-241.757584219789,107.673788794056,18.9973878378319));
#4117=CARTESIAN_POINT('',(-241.810164571202,107.498553250613,18.9973878378319));
#4118=CARTESIAN_POINT('',(-241.865285599456,107.328310556319,18.9973878378319));
#4119=CARTESIAN_POINT('',(-241.924852032037,107.155328893089,18.9973878378319));
#4120=CARTESIAN_POINT('',(-241.989689869933,106.967039003071,18.9973878378319));
#4121=CARTESIAN_POINT('',(-242.056876791132,106.783913674586,18.9973878378319));
#4122=CARTESIAN_POINT('',(-242.12854672715,106.598121349722,18.9973878378319));
#4123=CARTESIAN_POINT('',(-242.195328034738,106.425001976613,18.9973878378319));
#4124=CARTESIAN_POINT('',(-242.264525169527,106.253371608822,18.9973878378319));
#4125=CARTESIAN_POINT('',(-242.336027452561,106.08215062133,18.9973878378319));
#4126=CARTESIAN_POINT('',(-242.402822084637,105.922202681517,18.9973878378319));
#4127=CARTESIAN_POINT('',(-242.471216575954,105.763590800073,18.9973878378319));
#4128=CARTESIAN_POINT('',(-242.541294156595,105.605055324469,18.9973878378319));
#4129=CARTESIAN_POINT('',(-242.605966684494,105.458747619847,18.9973878378319));
#4130=CARTESIAN_POINT('',(-242.671898070065,105.312980171328,18.9973878378319));
#4131=CARTESIAN_POINT('',(-242.738782008258,105.167678087518,18.9973878378319));
#4132=CARTESIAN_POINT('',(-242.808592842925,105.016017464301,18.9973878378319));
#4133=CARTESIAN_POINT('',(-242.879436636045,104.86482216428,18.9973878378319));
#4134=CARTESIAN_POINT('',(-242.95102115536,104.713995666519,18.9973878378319));
#4135=CARTESIAN_POINT('',(-243.021101108997,104.566339244831,18.9973878378319));
#4136=CARTESIAN_POINT('',(-243.091884397682,104.419012056473,18.9973878378319));
#4137=CARTESIAN_POINT('',(-243.163135568881,104.271919517426,18.9973878378319));
#4138=CARTESIAN_POINT('',(-243.231990064498,104.129774729983,18.9973878378319));
#4139=CARTESIAN_POINT('',(-243.301288398656,103.98784332592,18.9973878378319));
#4140=CARTESIAN_POINT('',(-243.370825390277,103.846032005018,18.9973878378319));
#4141=CARTESIAN_POINT('',(-243.436800196896,103.711485280251,18.9973878378319));
#4142=CARTESIAN_POINT('',(-243.502993678273,103.577045577781,18.9973878378319));
#4143=CARTESIAN_POINT('',(-243.569210105535,103.442617730622,18.9973878378319));
#4144=CARTESIAN_POINT('',(-243.574130663541,103.432628366248,18.9973878378319));
#4145=CARTESIAN_POINT('',(-243.579051319013,103.422639049878,18.9973878378319));
#4146=CARTESIAN_POINT('',(-243.583972231633,103.41264986019,18.9973878378319));
#4147=CARTESIAN_POINT('',(-243.588976347893,103.402491771557,18.9973878378319));
#4148=CARTESIAN_POINT('',(-243.593980722864,103.392333810369,18.9973878378319));
#4149=CARTESIAN_POINT('',(-243.598985053767,103.382175827479,18.9973878378319));
#4150=CARTESIAN_POINT('',(-243.603985840599,103.37202503848,18.9973878378319));
#4151=CARTESIAN_POINT('',(-243.608986584651,103.3618742284,18.9973878378319));
#4152=CARTESIAN_POINT('',(-243.613987757863,103.351723629767,18.9973878378319));
#4153=CARTESIAN_POINT('',(-243.618982180819,103.341586731748,18.9973878378319));
#4154=CARTESIAN_POINT('',(-243.623977031891,103.331450044661,18.9973878378319));
#4155=CARTESIAN_POINT('',(-243.628971485153,103.321313161575,18.9973878378319));
#4156=CARTESIAN_POINT('',(-243.778661027813,103.0174990475,18.9973878378319));
#4157=CARTESIAN_POINT('',(-243.928090659857,102.713542374393,18.9973878378319));
#4158=CARTESIAN_POINT('',(-244.074910041937,102.408335378271,18.9973878378319));
#4159=CARTESIAN_POINT('',(-244.208802941232,102.129999854604,18.9973878378319));
#4160=CARTESIAN_POINT('',(-244.342521123767,101.846284498444,18.9973878378319));
#4161=CARTESIAN_POINT('',(-244.4697037404,101.564808379025,18.9973878378319));
#4162=CARTESIAN_POINT('',(-244.588285091152,101.30236828046,18.9973878378319));
#4163=CARTESIAN_POINT('',(-244.703052897944,101.037782708612,18.9973878378319));
#4164=CARTESIAN_POINT('',(-244.811603755361,100.771022270117,18.9973878378319));
#4165=CARTESIAN_POINT('',(-244.91509511005,100.516695406061,18.9973878378319));
#4166=CARTESIAN_POINT('',(-245.012556512562,100.261345818293,18.9973878378319));
#4167=CARTESIAN_POINT('',(-245.103260086369,100.002168051215,18.9973878378319));
#4168=CARTESIAN_POINT('',(-245.106354678191,99.9933255176218,18.9973878378319));
#4169=CARTESIAN_POINT('',(-245.109441005019,99.984480076566,18.9973878378319));
#4170=CARTESIAN_POINT('',(-245.112518565591,99.9756316078035,18.9973878378319));
#4171=CARTESIAN_POINT('',(-245.11553109557,99.9669701121849,18.9973878378319));
#4172=CARTESIAN_POINT('',(-245.118534830147,99.9583055410841,18.9973878378319));
#4173=CARTESIAN_POINT('',(-245.121529688267,99.9496379268764,18.9973878378319));
#4174=CARTESIAN_POINT('',(-245.12455942052,99.9408693811669,18.9973878378319));
#4175=CARTESIAN_POINT('',(-245.127580757293,99.9320979203067,18.9973878378319));
#4176=CARTESIAN_POINT('',(-245.130593879571,99.9233236596137,18.9973878378319));
#4177=CARTESIAN_POINT('',(-245.133452607784,99.9149989969287,18.9973878378319));
#4178=CARTESIAN_POINT('',(-245.136303367109,99.9066715818593,18.9973878378319));
#4179=CARTESIAN_POINT('',(-245.139145079393,99.8983411024312,18.9973878378319));
#4180=CARTESIAN_POINT('',(-245.223005173282,99.6525052410987,18.9973878378319));
#4181=CARTESIAN_POINT('',(-245.299385334403,99.4035768476472,18.9973878378319));
#4182=CARTESIAN_POINT('',(-245.366746013784,99.1527046417191,18.9973878378319));
#4183=CARTESIAN_POINT('',(-245.433003215449,98.9059421314056,18.9973878378319));
#4184=CARTESIAN_POINT('',(-245.491486660193,98.6537398656308,18.9973878378319));
#4185=CARTESIAN_POINT('',(-245.539037563703,98.4026802456244,18.9973878378319));
#4186=CARTESIAN_POINT('',(-245.584420704183,98.1630659972594,18.9973878378319));
#4187=CARTESIAN_POINT('',(-245.620818303367,97.9193180605888,18.9973878378319));
#4188=CARTESIAN_POINT('',(-245.64526221536,97.6766402588491,18.9973878378319));
#4189=CARTESIAN_POINT('',(-245.656858188854,97.5615160775303,18.9973878378319));
#4190=CARTESIAN_POINT('',(-245.665851688116,97.4457488582425,18.9973878378319));
#4191=CARTESIAN_POINT('',(-245.671866163542,97.3301960656545,18.9973878378319));
#4192=CARTESIAN_POINT('',(-245.674765870578,97.2744855968356,18.9973878378319));
#4193=CARTESIAN_POINT('',(-245.676988356682,97.2185296529268,18.9973878378319));
#4194=CARTESIAN_POINT('',(-245.678471931559,97.1627633130764,18.9973878378319));
#4195=CARTESIAN_POINT('',(-245.679919356092,97.1083558344721,18.9973878378319));
#4196=CARTESIAN_POINT('',(-245.680655562646,97.0544268935112,18.9973878378319));
#4197=CARTESIAN_POINT('',(-245.680655562714,96.9999999962736,18.9973878378319));
#4198=CARTESIAN_POINT('',(-245.680655562783,96.9455730994397,18.9973878378319));
#4199=CARTESIAN_POINT('',(-245.679919356376,96.8916441598008,18.9973878378319));
#4200=CARTESIAN_POINT('',(-245.67847193182,96.8372366816006,18.9973878378319));
#4201=CARTESIAN_POINT('',(-245.676988356956,96.7814703435787,18.9973878378319));
#4202=CARTESIAN_POINT('',(-245.674765870708,96.7255143999686,18.9973878378319));
#4203=CARTESIAN_POINT('',(-245.671866163883,96.6698039329706,18.9973878378319));
#4204=CARTESIAN_POINT('',(-245.665851688783,96.5542511420092,18.9973878378319));
#4205=CARTESIAN_POINT('',(-245.656858191563,96.438483936874,18.9973878378319));
#4206=CARTESIAN_POINT('',(-245.645262217655,96.3233597572289,18.9973878378319));
#4207=CARTESIAN_POINT('',(-245.620818305542,96.0806819664988,18.9973878378319));
#4208=CARTESIAN_POINT('',(-245.584420694537,95.8369339692273,18.9973878378319));
#4209=CARTESIAN_POINT('',(-245.539037559298,95.5973197311152,18.9973878378319));
#4210=CARTESIAN_POINT('',(-245.491486655835,95.3462600930999,18.9973878378319));
#4211=CARTESIAN_POINT('',(-245.433003234865,95.0940579255928,18.9973878378319));
#4212=CARTESIAN_POINT('',(-245.366746024774,94.8472953992004,18.9973878378319));
#4213=CARTESIAN_POINT('',(-245.299385389273,94.5964233722508,18.9973878378319));
#4214=CARTESIAN_POINT('',(-245.223005183345,94.3474947783525,18.9973878378319));
#4215=CARTESIAN_POINT('',(-245.13914514625,94.1016590918559,18.9973878378319));
#4216=CARTESIAN_POINT('',(-245.136303438909,94.0933286272001,18.9973878378319));
#4217=CARTESIAN_POINT('',(-245.133452686408,94.0850012323833,18.9973878378319));
#4218=CARTESIAN_POINT('',(-245.130593967868,94.0766765975191,18.9973878378319));
#4219=CARTESIAN_POINT('',(-245.127580853929,94.0679023607433,18.9973878378319));
#4220=CARTESIAN_POINT('',(-245.124559527728,94.0591309297598,18.9973878378319));
#4221=CARTESIAN_POINT('',(-245.121529808007,94.050362419561,18.9973878378319));
#4222=CARTESIAN_POINT('',(-245.118534938505,94.041694771664,18.9973878378319));
#4223=CARTESIAN_POINT('',(-245.115531194847,94.0330301736335,18.9973878378319));
#4224=CARTESIAN_POINT('',(-245.11251865804,94.0243686580045,18.9973878378319));
#4225=CARTESIAN_POINT('',(-245.109441088237,94.0155201623179,18.9973878378319));
#4226=CARTESIAN_POINT('',(-245.106354753939,94.0066747000701,18.9973878378319));
#4227=CARTESIAN_POINT('',(-245.103260156949,93.9978321518745,18.9973878378319));
#4228=CARTESIAN_POINT('',(-245.012556512036,93.7386541864137,18.9973878378319));
#4229=CARTESIAN_POINT('',(-244.915095205136,93.4833048205229,18.9973878378319));
#4230=CARTESIAN_POINT('',(-244.811603768465,93.2289777620872,18.9973878378319));
#4231=CARTESIAN_POINT('',(-244.70305291596,92.9622173430977,18.9973878378319));
#4232=CARTESIAN_POINT('',(-244.588285074724,92.6976316872192,18.9973878378319));
#4233=CARTESIAN_POINT('',(-244.469703733675,92.4351916060893,18.9973878378319));
#4234=CARTESIAN_POINT('',(-244.342521115205,92.1537154782735,18.9973878378319));
#4235=CARTESIAN_POINT('',(-244.208802947478,91.8700001570079,18.9973878378319));
#4236=CARTESIAN_POINT('',(-244.074910044009,91.5916646260382,18.9973878378319));
#4237=CARTESIAN_POINT('',(-243.928090028889,91.2864563154643,18.9973878378319));
#4238=CARTESIAN_POINT('',(-243.778656780571,90.9824923314459,18.9973878378319));
#4239=CARTESIAN_POINT('',(-243.628971489319,90.6786868468246,18.9973878378319));
#4240=CARTESIAN_POINT('',(-243.623977036475,90.668549964609,18.9973878378319));
#4241=CARTESIAN_POINT('',(-243.61898218582,90.6584132783948,18.9973878378319));
#4242=CARTESIAN_POINT('',(-243.613987763288,90.6482763812444,18.9973878378319));
#4243=CARTESIAN_POINT('',(-243.608986590467,90.6381257834159,18.9973878378319));
#4244=CARTESIAN_POINT('',(-243.60398584681,90.6279749741309,18.9973878378319));
#4245=CARTESIAN_POINT('',(-243.598985060377,90.6178241859402,18.9973878378319));
#4246=CARTESIAN_POINT('',(-243.593980728959,90.6076662020024,18.9973878378319));
#4247=CARTESIAN_POINT('',(-243.588976353474,90.5975082397716,18.9973878378319));
#4248=CARTESIAN_POINT('',(-243.583972236698,90.5873501500939,18.9973878378319));
#4249=CARTESIAN_POINT('',(-243.579051323551,90.5773609593365,18.9973878378319));
#4250=CARTESIAN_POINT('',(-243.574130667552,90.5673716418959,18.9973878378319));
#4251=CARTESIAN_POINT('',(-243.569210109022,90.5573822764568,18.9973878378319));
#4252=CARTESIAN_POINT('',(-243.50299361122,90.4229542860941,18.9973878378319));
#4253=CARTESIAN_POINT('',(-243.43680018631,90.2885146981662,18.9973878378319));
#4254=CARTESIAN_POINT('',(-243.37082539024,90.1539679949066,18.9973878378319));
#4255=CARTESIAN_POINT('',(-243.30128801698,90.0121558956992,18.9973878378319));
#4256=CARTESIAN_POINT('',(-243.231989844058,89.8702248149311,18.9973878378319));
#4257=CARTESIAN_POINT('',(-243.163135568916,89.7280804826464,18.9973878378319));
#4258=CARTESIAN_POINT('',(-243.091883406914,89.5809858981683,18.9973878378319));
#4259=CARTESIAN_POINT('',(-243.021100422299,89.4336593083193,18.9973878378319));
#4260=CARTESIAN_POINT('',(-242.95102115534,89.2860043334397,18.9973878378319));
#4261=CARTESIAN_POINT('',(-242.879434522522,89.135173382585,18.9973878378319));
#4262=CARTESIAN_POINT('',(-242.808591281772,88.9839791441709,18.9973878378319));
#4263=CARTESIAN_POINT('',(-242.738782008268,88.8323219125041,18.9973878378319));
#4264=CARTESIAN_POINT('',(-242.671894829095,88.6870127878232,18.9973878378319));
#4265=CARTESIAN_POINT('',(-242.605964184956,88.5412467254856,18.9973878378319));
#4266=CARTESIAN_POINT('',(-242.54129415659,88.3949446755206,18.9973878378319));
#4267=CARTESIAN_POINT('',(-242.471216575955,88.2364091999317,18.9973878378319));
#4268=CARTESIAN_POINT('',(-242.402822084633,88.0777973184734,18.9973878378319));
#4269=CARTESIAN_POINT('',(-242.336027452563,87.9178493786749,18.9973878378319));
#4270=CARTESIAN_POINT('',(-242.264525169534,87.7466283911951,18.9973878378319));
#4271=CARTESIAN_POINT('',(-242.195328034734,87.5749980233752,18.9973878378319));
#4272=CARTESIAN_POINT('',(-242.12854672715,87.4018786502779,18.9973878378319));
#4273=CARTESIAN_POINT('',(-242.056876791135,87.2160863254247,18.9973878378319));
#4274=CARTESIAN_POINT('',(-241.989689869929,87.0329609969181,18.9973878378319));
#4275=CARTESIAN_POINT('',(-241.924852032037,86.8446711069107,18.9973878378319));
#4276=CARTESIAN_POINT('',(-241.865285599454,86.6716894436756,18.9973878378319));
#4277=CARTESIAN_POINT('',(-241.810164571204,86.5014467493957,18.9973878378319));
#4278=CARTESIAN_POINT('',(-241.75758421979,86.3262112059454,18.9973878378319));
#4279=CARTESIAN_POINT('',(-241.698353746965,86.1288126756017,18.9973878378319));
#4280=CARTESIAN_POINT('',(-241.644617577451,85.9325563563414,18.9973878378319));
#4281=CARTESIAN_POINT('',(-241.595793013457,85.7323229751696,18.9973878378319));
#4282=CARTESIAN_POINT('',(-241.540553843349,85.5057827892621,18.9973878378319));
#4283=CARTESIAN_POINT('',(-241.492984990427,85.2797126492949,18.9973878378319));
#4284=CARTESIAN_POINT('',(-241.453184297241,85.0499460043065,18.9973878378319));
#4285=CARTESIAN_POINT('',(-241.408092785256,84.7896358288621,18.9973878378319));
#4286=CARTESIAN_POINT('',(-241.374274551252,84.5318500764097,18.9973878378319));
#4287=CARTESIAN_POINT('',(-241.351731361672,84.2686120957401,18.9973878378319));
#4288=CARTESIAN_POINT('',(-241.35066365421,84.2561444209534,18.9973878378319));
#4289=CARTESIAN_POINT('',(-241.349622163198,84.2436743990201,18.9973878378319));
#4290=CARTESIAN_POINT('',(-241.348610097182,84.2312021301851,18.9973878378319));
#4291=CARTESIAN_POINT('',(-241.347587542111,84.2186005987234,18.9973878378319));
#4292=CARTESIAN_POINT('',(-241.346595128924,84.2059965155636,18.9973878378319));
#4293=CARTESIAN_POINT('',(-241.345629821257,84.1933905195679,18.9973878378319));
#4294=CARTESIAN_POINT('',(-241.344644602876,84.1805245086655,18.9973878378319));
#4295=CARTESIAN_POINT('',(-241.343687382386,84.1676562498,18.9973878378319));
#4296=CARTESIAN_POINT('',(-241.342759355912,84.1547860347816,18.9973878378319));
#4297=CARTESIAN_POINT('',(-241.341817311622,84.1417214154999,18.9973878378319));
#4298=CARTESIAN_POINT('',(-241.340905295736,84.1286545189793,18.9973878378319));
#4299=CARTESIAN_POINT('',(-241.340023124998,84.1155857719796,18.9973878378319));
#4300=CARTESIAN_POINT('',(-241.320508503463,83.8264902027522,18.9973878378319));
#4301=CARTESIAN_POINT('',(-241.315642975937,83.536384110924,18.9973878378319));
#4302=CARTESIAN_POINT('',(-241.326668609851,83.2468190827394,18.9973878378319));
#4303=CARTESIAN_POINT('',(-241.338466662353,82.9369681089424,18.9973878378319));
#4304=CARTESIAN_POINT('',(-241.368484849175,82.6268810193827,18.9973878378319));
#4305=CARTESIAN_POINT('',(-241.417143707542,82.3206308091744,18.9973878378319));
#4306=CARTESIAN_POINT('',(-241.442529972347,82.160854168421,18.9973878378319));
#4307=CARTESIAN_POINT('',(-241.472962976505,82.0022834066452,18.9973878378319));
#4308=CARTESIAN_POINT('',(-241.508638115956,81.8444838329448,18.9973878378319));
#4309=CARTESIAN_POINT('',(-241.545061444476,81.6833748421541,18.9973878378319));
#4310=CARTESIAN_POINT('',(-241.587181635709,81.5220387461378,18.9973878378319));
#4311=CARTESIAN_POINT('',(-241.63414659617,81.363681539651,18.9973878378319));
#4312=CARTESIAN_POINT('',(-241.728832999677,81.0444164065735,18.9973878378319));
#4313=CARTESIAN_POINT('',(-241.844419315437,80.7331777954962,18.9973878378319));
#4314=CARTESIAN_POINT('',(-241.980880068602,80.4294163605548,18.9973878378319));
#4315=CARTESIAN_POINT('',(-242.00800973289,80.3690257679303,18.9973878378319));
#4316=CARTESIAN_POINT('',(-242.036265736648,80.3082606314557,18.9973878378319));
#4317=CARTESIAN_POINT('',(-242.064970170786,80.2486024079635,18.9973878378319));
#4318=CARTESIAN_POINT('',(-242.092961683644,80.1904258934231,18.9973878378319));
#4319=CARTESIAN_POINT('',(-242.121447575163,80.1331607763994,18.9973878378319));
#4320=CARTESIAN_POINT('',(-242.150945394569,80.075733413219,18.9973878378319));
#4321=CARTESIAN_POINT('',(-242.208104177914,79.9644547398726,18.9973878378319));
#4322=CARTESIAN_POINT('',(-242.268340913558,79.8539711916131,18.9973878378319));
#4323=CARTESIAN_POINT('',(-242.330873722987,79.7456216459931,18.9973878378319));
#4324=CARTESIAN_POINT('',(-242.391163247456,79.6411590024381,18.9973878378319));
#4325=CARTESIAN_POINT('',(-242.453594474825,79.538667332982,18.9973878378319));
#4326=CARTESIAN_POINT('',(-242.518704941351,79.4371401112213,18.9973878378319));
#4327=CARTESIAN_POINT('',(-242.550182354542,79.3880571529812,18.9973878378319));
#4328=CARTESIAN_POINT('',(-242.582397691305,79.3390253389856,18.9973878378319));
#4329=CARTESIAN_POINT('',(-242.614945360104,79.2906454908499,18.9973878378319));
#4330=CARTESIAN_POINT('',(-242.646541779202,79.2436796092974,18.9973878378319));
#4331=CARTESIAN_POINT('',(-242.678462443628,79.197311717003,18.9973878378319));
#4332=CARTESIAN_POINT('',(-242.711061269366,79.1510359546805,18.9973878378319));
#4333=CARTESIAN_POINT('',(-242.887375786477,78.9007481451289,18.9973878378319));
#4334=CARTESIAN_POINT('',(-243.07809885281,78.6608552722736,18.9973878378319));
#4335=CARTESIAN_POINT('',(-243.280938544875,78.4315778514679,18.9973878378319));
#4336=CARTESIAN_POINT('',(-243.371555051069,78.3291505670876,18.9973878378319));
#4337=CARTESIAN_POINT('',(-243.463376070137,78.230208575774,18.9973878378319));
#4338=CARTESIAN_POINT('',(-243.558609601779,78.1320615740781,18.9973878378319));
#4339=CARTESIAN_POINT('',(-243.647660552037,78.0402862968697,18.9973878378319));
#4340=CARTESIAN_POINT('',(-243.738879822785,77.9500431492621,18.9973878378319));
#4341=CARTESIAN_POINT('',(-243.831565911897,77.8619411751154,18.9973878378319));
#4342=CARTESIAN_POINT('',(-243.917934857415,77.7798439081158,18.9973878378319));
#4343=CARTESIAN_POINT('',(-244.005707076953,77.6994826876974,18.9973878378319));
#4344=CARTESIAN_POINT('',(-244.094956042225,77.6205276169537,18.9973878378319));
#4345=CARTESIAN_POINT('',(-244.177300461803,77.5476807278798,18.9973878378319));
#4346=CARTESIAN_POINT('',(-244.259924145175,77.4768933330364,18.9973878378319));
#4347=CARTESIAN_POINT('',(-244.344473257755,77.4066181338708,18.9973878378319));
#4348=CARTESIAN_POINT('',(-244.422888571105,77.341441201847,18.9973878378319));
#4349=CARTESIAN_POINT('',(-244.502129931688,77.277392851742,18.9973878378319));
#4350=CARTESIAN_POINT('',(-244.582266020287,77.2143440689323,18.9973878378319));
#4351=CARTESIAN_POINT('',(-244.657101584347,77.1554655872476,18.9973878378319));
#4352=CARTESIAN_POINT('',(-244.731931444798,77.0980759662042,18.9973878378319));
#4353=CARTESIAN_POINT('',(-244.808120695307,77.0409608408518,18.9973878378319));
#4354=CARTESIAN_POINT('',(-244.89237015142,76.9778033978447,18.9973878378319));
#4355=CARTESIAN_POINT('',(-244.976551889947,76.9162761853662,18.9973878378319));
#4356=CARTESIAN_POINT('',(-245.062266894289,76.8551229815005,18.9973878378319));
#4357=CARTESIAN_POINT('',(-245.144168665352,76.7966903215331,18.9973878378319));
#4358=CARTESIAN_POINT('',(-245.226604619764,76.7392158504123,18.9973878378319));
#4359=CARTESIAN_POINT('',(-245.309700325241,76.6824944913321,18.9973878378319));
#4360=CARTESIAN_POINT('',(-245.466417281872,76.5755190619759,18.9973878378319));
#4361=CARTESIAN_POINT('',(-245.624042097832,76.4722002134732,18.9973878378319));
#4362=CARTESIAN_POINT('',(-245.784319645982,76.3706438054776,18.9973878378319));
#4363=CARTESIAN_POINT('',(-245.930581300199,76.2779682660698,18.9973878378319));
#4364=CARTESIAN_POINT('',(-246.077157616608,76.1879534032341,18.9973878378319));
#4365=CARTESIAN_POINT('',(-246.225703764618,76.0989897139743,18.9973878378319));
#4366=CARTESIAN_POINT('',(-246.293889229728,76.058153713773,18.9973878378319));
#4367=CARTESIAN_POINT('',(-246.362284688302,76.0176625413968,18.9973878378319));
#4368=CARTESIAN_POINT('',(-246.430859169385,75.9774860173843,18.9973878378319));
#4369=CARTESIAN_POINT('',(-246.495525830262,75.9395990131738,18.9973878378319));
#4370=CARTESIAN_POINT('',(-246.560358585977,75.9019918828354,18.9973878378319));
#4371=CARTESIAN_POINT('',(-246.625317750105,75.8646103931233,18.9973878378319));
#4372=CARTESIAN_POINT('',(-246.834519083045,75.7442231070486,18.9973878378319));
#4373=CARTESIAN_POINT('',(-247.045122264376,75.6262173585079,18.9973878378319));
#4374=CARTESIAN_POINT('',(-247.256317437521,75.5093935823111,18.9973878378319));
#4375=CARTESIAN_POINT('',(-247.453755632433,75.400179554587,18.9973878378319));
#4376=CARTESIAN_POINT('',(-247.65171469524,75.2919043350943,18.9973878378319));
#4377=CARTESIAN_POINT('',(-247.849596853386,75.1834989529104,18.9973878378319));
#4378=CARTESIAN_POINT('',(-247.942007010151,75.1328740837686,18.9973878378319));
#4379=CARTESIAN_POINT('',(-248.034398429534,75.0822147469936,18.9973878378319));
#4380=CARTESIAN_POINT('',(-248.126723063192,75.0314341706744,18.9973878378319));
#4381=CARTESIAN_POINT('',(-248.211479248325,74.9848164072768,18.9973878378319));
#4382=CARTESIAN_POINT('',(-248.296184670095,74.938105050653,18.9973878378319));
#4383=CARTESIAN_POINT('',(-248.38075729226,74.8911555746497,18.9973878378319));
#4384=CARTESIAN_POINT('',(-248.451872239943,74.8516769650927,18.9973878378319));
#4385=CARTESIAN_POINT('',(-248.522903365666,74.8120420817781,18.9973878378319));
#4386=CARTESIAN_POINT('',(-248.59367435462,74.7719520198691,18.9973878378319));
#4387=CARTESIAN_POINT('',(-248.651815931267,74.739016216064,18.9973878378319));
#4388=CARTESIAN_POINT('',(-248.709764998009,74.7057260543277,18.9973878378319));
#4389=CARTESIAN_POINT('',(-248.767365943215,74.6718595906616,18.9973878378319));
#4390=CARTESIAN_POINT('',(-248.828405027957,74.6359716735751,18.9973878378319));
#4391=CARTESIAN_POINT('',(-248.888619980605,74.5997431133185,18.9973878378319));
#4392=CARTESIAN_POINT('',(-248.948932328221,74.5626469928245,18.9973878378319));
#4393=CARTESIAN_POINT('',(-249.010921697742,74.5245193918943,18.9973878378319));
#4394=CARTESIAN_POINT('',(-249.072183192746,74.4859859956504,18.9973878378319));
#4395=CARTESIAN_POINT('',(-249.133399015853,74.4466284743046,18.9973878378319));
#4396=CARTESIAN_POINT('',(-249.264569187237,74.3622951670304,18.9973878378319));
#4397=CARTESIAN_POINT('',(-249.394819184326,74.2746321101871,18.9973878378319));
#4398=CARTESIAN_POINT('',(-249.522849974177,74.1856146256075,18.9973878378319));
#4399=CARTESIAN_POINT('',(-249.663629498138,74.087733177575,18.9973878378319));
#4400=CARTESIAN_POINT('',(-249.8047537851,73.9861092168966,18.9973878378319));
#4401=CARTESIAN_POINT('',(-249.942576955265,73.8841121755941,18.9973878378319));
#4402=CARTESIAN_POINT('',(-250.091644374345,73.773793745953,18.9973878378319));
#4403=CARTESIAN_POINT('',(-250.239548746363,73.6610424314039,18.9973878378319));
#4404=CARTESIAN_POINT('',(-250.385833649562,73.547064669564,18.9973878378319));
#4405=CARTESIAN_POINT('',(-250.46436165911,73.4858796356041,18.9973878378319));
#4406=CARTESIAN_POINT('',(-250.54254477068,73.424245562024,18.9973878378319));
#4407=CARTESIAN_POINT('',(-250.620461486463,73.3622870312728,18.9973878378319));
#4408=CARTESIAN_POINT('',(-250.702510467216,73.2970425680535,18.9973878378319));
#4409=CARTESIAN_POINT('',(-250.78427431094,73.231435453849,18.9973878378319));
#4410=CARTESIAN_POINT('',(-250.865813980245,73.1655575416858,18.9973878378319));
#4411=CARTESIAN_POINT('',(-250.950775730979,73.0969148454396,18.9973878378319));
#4412=CARTESIAN_POINT('',(-251.035498793538,73.0279743637046,18.9973878378319));
#4413=CARTESIAN_POINT('',(-251.120059422421,72.9588392933506,18.9973878378319));
#4414=CARTESIAN_POINT('',(-251.207057105161,72.887711736751,18.9973878378319));
#4415=CARTESIAN_POINT('',(-251.293882918668,72.8163726943612,18.9973878378319));
#4416=CARTESIAN_POINT('',(-251.380579459405,72.7448790063368,18.9973878378319));
#4417=CARTESIAN_POINT('',(-251.530292989684,72.6214188043958,18.9973878378319));
#4418=CARTESIAN_POINT('',(-251.679641444203,72.4975154333779,18.9973878378319));
#4419=CARTESIAN_POINT('',(-251.829099046481,72.3737459167968,18.9973878378319));
#4420=CARTESIAN_POINT('',(-251.993029482517,72.2379910905994,18.9973878378319));
#4421=CARTESIAN_POINT('',(-252.157092314037,72.102392020778,18.9973878378319));
#4422=CARTESIAN_POINT('',(-252.321750726331,71.9675225421818,18.9973878378319));
#4423=CARTESIAN_POINT('',(-252.498737593256,71.8225549931337,18.9973878378319));
#4424=CARTESIAN_POINT('',(-252.676418137745,71.6784112050294,18.9973878378319));
#4425=CARTESIAN_POINT('',(-252.855190674955,71.5356613515637,18.9973878378319));
#4426=CARTESIAN_POINT('',(-253.046702955308,71.3827388144447,18.9973878378319));
#4427=CARTESIAN_POINT('',(-253.235497834483,71.2345741576163,18.9973878378319));
#4428=CARTESIAN_POINT('',(-253.430014805677,71.0854882979409,18.9973878378319));
#4429=CARTESIAN_POINT('',(-253.577134804885,70.9727294398172,18.9973878378319));
#4430=CARTESIAN_POINT('',(-253.723934215947,70.8622048771416,18.9973878378319));
#4431=CARTESIAN_POINT('',(-253.87322351089,70.752331903151,18.9973878378319));
#4432=CARTESIAN_POINT('',(-254.032259558431,70.6352855769438,18.9973878378319));
#4433=CARTESIAN_POINT('',(-254.192420375966,70.5202341983124,18.9973878378319));
#4434=CARTESIAN_POINT('',(-254.354335720615,70.4072016172054,18.9973878378319));
#4435=CARTESIAN_POINT('',(-254.525837920899,70.2874764830275,18.9973878378319));
#4436=CARTESIAN_POINT('',(-254.698341983317,70.1706933309925,18.9973878378319));
#4437=CARTESIAN_POINT('',(-254.873379516037,70.0561960118055,18.9973878378319));
#4438=CARTESIAN_POINT('',(-255.058192100914,69.9353045367503,18.9973878378319));
#4439=CARTESIAN_POINT('',(-255.244734714477,69.8176790938015,18.9973878378319));
#4440=CARTESIAN_POINT('',(-255.433651848298,69.7033042492067,18.9973878378319));
#4441=CARTESIAN_POINT('',(-255.70955764358,69.5362644375183,18.9973878378319));
#4442=CARTESIAN_POINT('',(-255.99008821487,69.3764262614465,18.9973878378319));
#4443=CARTESIAN_POINT('',(-256.27496698671,69.2251752884067,18.9973878378319));
#4444=CARTESIAN_POINT('',(-256.575209881657,69.0657670260233,18.9973878378319));
#4445=CARTESIAN_POINT('',(-256.880433599093,68.9158177412787,18.9973878378319));
#4446=CARTESIAN_POINT('',(-257.190444868504,68.7763334941662,18.9973878378319));
#4447=CARTESIAN_POINT('',(-257.514373324764,68.6305874478189,18.9973878378319));
#4448=CARTESIAN_POINT('',(-257.843060813236,68.4964780524613,18.9973878378319));
#4449=CARTESIAN_POINT('',(-258.17669744521,68.3745633257738,18.9973878378319));
#4450=CARTESIAN_POINT('',(-258.523456341199,68.2478535703705,18.9973878378319));
#4451=CARTESIAN_POINT('',(-258.875794591481,68.1342297745623,18.9973878378319));
#4452=CARTESIAN_POINT('',(-259.231343440883,68.0348049672268,18.9973878378319));
#4453=CARTESIAN_POINT('',(-259.255137412634,68.0281512793831,18.9973878378319));
#4454=CARTESIAN_POINT('',(-259.278949158595,68.0215601327222,18.9973878378319));
#4455=CARTESIAN_POINT('',(-259.302777503389,68.0150310930651,18.9973878378319));
#4456=CARTESIAN_POINT('',(-259.326559327984,68.0085148000852,18.9973878378319));
#4457=CARTESIAN_POINT('',(-259.350358347044,68.0020602189337,18.9973878378319));
#4458=CARTESIAN_POINT('',(-259.374173859477,67.9956686319949,18.9973878378319));
#4459=CARTESIAN_POINT('',(-259.397935559782,67.9892914871094,18.9973878378319));
#4460=CARTESIAN_POINT('',(-259.421714423607,67.9829772235817,18.9973878378319));
#4461=CARTESIAN_POINT('',(-259.4455092917,67.9767254795437,18.9973878378319));
#4462=CARTESIAN_POINT('',(-259.46942165427,67.970442865597,18.9973878378319));
#4463=CARTESIAN_POINT('',(-259.493350726389,67.9642227477888,18.9973878378319));
#4464=CARTESIAN_POINT('',(-259.517295795498,67.958066480807,18.9973878378319));
#4465=CARTESIAN_POINT('',(-259.803668479375,67.8844401868026,18.9973878378319));
#4466=CARTESIAN_POINT('',(-260.092609354662,67.8199018804482,18.9973878378319));
#4467=CARTESIAN_POINT('',(-260.383087549509,67.7646534457372,18.9973878378319));
#4468=CARTESIAN_POINT('',(-260.672918741912,67.7095280697373,18.9973878378319));
#4469=CARTESIAN_POINT('',(-260.964346285456,67.6636387435036,18.9973878378319));
#4470=CARTESIAN_POINT('',(-261.257087544672,67.6269886700518,18.9973878378319));
#4471=CARTESIAN_POINT('',(-261.549082774834,67.5904319965522,18.9973878378319));
#4472=CARTESIAN_POINT('',(-261.842404170432,67.5630651981434,18.9973878378319));
#4473=CARTESIAN_POINT('',(-262.136115557995,67.5448814595109,18.9973878378319));
#4474=CARTESIAN_POINT('',(-262.429159102888,67.5267390671695,18.9973878378319));
#4475=CARTESIAN_POINT('',(-262.722476425146,67.5177451432473,18.9973878378319));
#4476=CARTESIAN_POINT('',(-263.016079444926,67.5177451432471,18.9973878378319));
#4477=CARTESIAN_POINT('',(-263.30968246472,67.5177451432469,18.9973878378319));
#4478=CARTESIAN_POINT('',(-263.602999786954,67.5267390671679,18.9973878378319));
#4479=CARTESIAN_POINT('',(-263.89604333186,67.5448814595102,18.9973878378319));
#4480=CARTESIAN_POINT('',(-264.189754719427,67.563065198143,18.9973878378319));
#4481=CARTESIAN_POINT('',(-264.483076115019,67.5904319965514,18.9973878378319));
#4482=CARTESIAN_POINT('',(-264.775071345184,67.6269886700516,18.9973878378319));
#4483=CARTESIAN_POINT('',(-265.067812604394,67.6636387435026,18.9973878378319));
#4484=CARTESIAN_POINT('',(-265.359240147953,67.7095280697388,18.9973878378319));
#4485=CARTESIAN_POINT('',(-265.649071340349,67.7646534457376,18.9973878378319));
#4486=CARTESIAN_POINT('',(-265.939549535159,67.8199018804421,18.9973878378319));
#4487=CARTESIAN_POINT('',(-266.228490410501,67.8844401868083,18.9973878378319));
#4488=CARTESIAN_POINT('',(-266.514863094342,67.9580664808033,18.9973878378319));
#4489=CARTESIAN_POINT('',(-266.538808287503,67.9642227796785,18.9973878378319));
#4490=CARTESIAN_POINT('',(-266.562737361377,67.9704428986473,18.9973878378319));
#4491=CARTESIAN_POINT('',(-266.586649598134,67.9767254795382,18.9973878378319));
#4492=CARTESIAN_POINT('',(-266.610444590942,67.9829772563431,18.9973878378319));
#4493=CARTESIAN_POINT('',(-266.6342234535,67.9892915202342,18.9973878378319));
#4494=CARTESIAN_POINT('',(-266.657985030368,67.995668631992,18.9973878378319));
#4495=CARTESIAN_POINT('',(-266.681800664435,68.0020602515748,18.9973878378319));
#4496=CARTESIAN_POINT('',(-266.705599685107,68.008514833852,18.9973878378319));
#4497=CARTESIAN_POINT('',(-266.729381386477,68.015031093068,18.9973878378319));
#4498=CARTESIAN_POINT('',(-266.753209854212,68.0215601664115,18.9973878378319));
#4499=CARTESIAN_POINT('',(-266.777021598767,68.0281513133721,18.9973878378319));
#4500=CARTESIAN_POINT('',(-266.800815448984,68.03480496723,18.9973878378319));
#4501=CARTESIAN_POINT('',(-267.156364298369,68.1342297745604,18.9973878378319));
#4502=CARTESIAN_POINT('',(-267.508702548675,68.2478535703772,18.9973878378319));
#4503=CARTESIAN_POINT('',(-267.855461444648,68.3745633257745,18.9973878378319));
#4504=CARTESIAN_POINT('',(-268.189098076623,68.496478052462,18.9973878378319));
#4505=CARTESIAN_POINT('',(-268.517785565091,68.630587447818,18.9973878378319));
#4506=CARTESIAN_POINT('',(-268.841714021352,68.776333494166,18.9973878378319));
#4507=CARTESIAN_POINT('',(-269.151725290764,68.9158177412795,18.9973878378319));
#4508=CARTESIAN_POINT('',(-269.456949008197,69.0657670260224,18.9973878378319));
#4509=CARTESIAN_POINT('',(-269.757191903146,69.2251752884067,18.9973878378319));
#4510=CARTESIAN_POINT('',(-270.042070674994,69.3764262614502,18.9973878378319));
#4511=CARTESIAN_POINT('',(-270.322601246268,69.5362644375128,18.9973878378319));
#4512=CARTESIAN_POINT('',(-270.598507041557,69.7033042492058,18.9973878378318));
#4513=CARTESIAN_POINT('',(-270.787424175389,69.8176790938074,18.9973878378318));
#4514=CARTESIAN_POINT('',(-270.97396678893,69.9353045367427,18.9973878378318));
#4515=CARTESIAN_POINT('',(-271.158779373818,70.0561960118051,18.9973878378318));
#4516=CARTESIAN_POINT('',(-271.333816906525,70.1706933309833,18.9973878378318));
#4517=CARTESIAN_POINT('',(-271.506320968969,70.2874764830358,18.9973878378318));
#4518=CARTESIAN_POINT('',(-271.677823169239,70.4072016172045,18.9973878378318));
#4519=CARTESIAN_POINT('',(-271.839738513901,70.5202341983204,18.9973878378318));
#4520=CARTESIAN_POINT('',(-271.999899331413,70.6352855769346,18.9973878378318));
#4521=CARTESIAN_POINT('',(-272.158935378967,70.7523319031509,18.9973878378318));
#4522=CARTESIAN_POINT('',(-272.308224673914,70.8622048771447,18.9973878378318));
#4523=CARTESIAN_POINT('',(-272.455024084966,70.9727294398136,18.9973878378318));
#4524=CARTESIAN_POINT('',(-272.602144084179,71.0854882979406,18.9973878378318));
#4525=CARTESIAN_POINT('',(-272.796661055362,71.2345741576084,18.9973878378318));
#4526=CARTESIAN_POINT('',(-272.985455934558,71.3827388144526,18.9973878378318));
#4527=CARTESIAN_POINT('',(-273.176968214901,71.5356613515637,18.9973878378318));
#4528=CARTESIAN_POINT('',(-273.355744833338,71.6784144638893,18.9973878378318));
#4529=CARTESIAN_POINT('',(-273.533427563985,71.8225601266636,18.9973878378318));
#4530=CARTESIAN_POINT('',(-273.710408163526,71.9675225421831,18.9973878378318));
#4531=CARTESIAN_POINT('',(-273.875066969974,72.1023923436251,18.9973878378318));
#4532=CARTESIAN_POINT('',(-274.039130819262,72.2379922598485,18.9973878378318));
#4533=CARTESIAN_POINT('',(-274.203059843375,72.373745916797,18.9973878378318));
#4534=CARTESIAN_POINT('',(-274.352517759752,72.4975156934911,18.9973878378318));
#4535=CARTESIAN_POINT('',(-274.501865817431,72.6214187361639,18.9973878378318));
#4536=CARTESIAN_POINT('',(-274.651579430449,72.7448790063349,18.9973878378318));
#4537=CARTESIAN_POINT('',(-274.738276299066,72.8163729647438,18.9973878378318));
#4538=CARTESIAN_POINT('',(-274.82510203646,72.8877119425899,18.9973878378318));
#4539=CARTESIAN_POINT('',(-274.912099467433,72.9588392933488,18.9973878378318));
#4540=CARTESIAN_POINT('',(-274.996660726844,73.0279748792103,18.9973878378318));
#4541=CARTESIAN_POINT('',(-275.081383599161,73.0969152011567,18.9973878378318));
#4542=CARTESIAN_POINT('',(-275.16634490961,73.1655575416844,18.9973878378318));
#4543=CARTESIAN_POINT('',(-275.247885606116,73.2314362837486,18.9973878378318));
#4544=CARTESIAN_POINT('',(-275.329649234154,73.2970432133603,18.9973878378318));
#4545=CARTESIAN_POINT('',(-275.411697403395,73.3622870312743,18.9973878378318));
#4546=CARTESIAN_POINT('',(-275.489615741231,73.424246851864,18.9973878378318));
#4547=CARTESIAN_POINT('',(-275.567798484209,73.4858806122389,18.9973878378318));
#4548=CARTESIAN_POINT('',(-275.646325240294,73.5470646695644,18.9973878378318));
#4549=CARTESIAN_POINT('',(-275.792610143515,73.6610424314213,18.9973878378318));
#4550=CARTESIAN_POINT('',(-275.940514515487,73.7737937459349,18.9973878378318));
#4551=CARTESIAN_POINT('',(-276.089581934589,73.8841121755922,18.9973878378318));
#4552=CARTESIAN_POINT('',(-276.227405104768,73.9861092169054,18.9973878378318));
#4553=CARTESIAN_POINT('',(-276.368529391702,74.0877331775642,18.9973878378318));
#4554=CARTESIAN_POINT('',(-276.509308915678,74.1856146256068,18.9973878378318));
#4555=CARTESIAN_POINT('',(-276.637339705546,74.2746321101978,18.9973878378318));
#4556=CARTESIAN_POINT('',(-276.7675897026,74.3622951670181,18.9973878378318));
#4557=CARTESIAN_POINT('',(-276.898759874001,74.446628474303,18.9973878378318));
#4558=CARTESIAN_POINT('',(-276.95997569711,74.4859859956501,18.9973878378318));
#4559=CARTESIAN_POINT('',(-277.021237192111,74.5245193918917,18.9973878378318));
#4560=CARTESIAN_POINT('',(-277.083226561633,74.5626469928229,18.9973878378318));
#4561=CARTESIAN_POINT('',(-277.143538909265,74.5997431133264,18.9973878378318));
#4562=CARTESIAN_POINT('',(-277.203753861882,74.6359716735645,18.9973878378318));
#4563=CARTESIAN_POINT('',(-277.26479294664,74.6718595906605,18.9973878378318));
#4564=CARTESIAN_POINT('',(-277.322396109648,74.7057273582832,18.9973878378318));
#4565=CARTESIAN_POINT('',(-277.380346458825,74.7390181988633,18.9973878378318));
#4566=CARTESIAN_POINT('',(-277.438484535238,74.7719520198698,18.9973878378318));
#4567=CARTESIAN_POINT('',(-277.509256053756,74.8120423817645,18.9973878378318));
#4568=CARTESIAN_POINT('',(-277.580288054207,74.851677744669,18.9973878378318));
#4569=CARTESIAN_POINT('',(-277.651401597596,74.8911555746492,18.9973878378318));
#4570=CARTESIAN_POINT('',(-277.735974363368,74.938105130374,18.9973878378318));
#4571=CARTESIAN_POINT('',(-277.820679975672,74.9848165910613,18.9973878378318));
#4572=CARTESIAN_POINT('',(-277.905435826663,75.0314341706737,18.9973878378318));
#4573=CARTESIAN_POINT('',(-277.997760484623,75.0822147603594,18.9973878378318));
#4574=CARTESIAN_POINT('',(-278.090151952915,75.1328741238746,18.9973878378318));
#4575=CARTESIAN_POINT('',(-278.182562036468,75.1834989529095,18.9973878378318));
#4576=CARTESIAN_POINT('',(-278.380445558759,75.29190508241,18.9973878378318));
#4577=CARTESIAN_POINT('',(-278.578403157948,75.4001794995614,18.9973878378318));
#4578=CARTESIAN_POINT('',(-278.775841452334,75.5093935823106,18.9973878378318));
#4579=CARTESIAN_POINT('',(-278.987051699867,75.6262256969883,18.9973878378318));
#4580=CARTESIAN_POINT('',(-279.197647688092,75.7442276424214,18.9973878378318));
#4581=CARTESIAN_POINT('',(-279.406841139756,75.864610393126,18.9973878378318));
#4582=CARTESIAN_POINT('',(-279.471801121784,75.901992353508,18.9973878378318));
#4583=CARTESIAN_POINT('',(-279.536633724053,75.9395994024683,18.9973878378318));
#4584=CARTESIAN_POINT('',(-279.601299720476,75.9774860173875,18.9973878378318));
#4585=CARTESIAN_POINT('',(-279.669875453704,76.0176632750085,18.9973878378318));
#4586=CARTESIAN_POINT('',(-279.738270790188,76.0581543905613,18.9973878378318));
#4587=CARTESIAN_POINT('',(-279.80645512524,76.0989897139759,18.9973878378318));
#4588=CARTESIAN_POINT('',(-279.95500127324,76.1879534032294,18.9973878378318));
#4589=CARTESIAN_POINT('',(-280.101577589669,76.2779682660779,18.9973878378318));
#4590=CARTESIAN_POINT('',(-280.247839243875,76.3706438054789,18.9973878378318));
#4591=CARTESIAN_POINT('',(-280.408116792028,76.4722002134764,18.9973878378318));
#4592=CARTESIAN_POINT('',(-280.565741607978,76.5755190619728,18.9973878378318));
#4593=CARTESIAN_POINT('',(-280.722458564613,76.6824944913308,18.9973878378318));
#4594=CARTESIAN_POINT('',(-280.805554270089,76.7392158504101,18.9973878378318));
#4595=CARTESIAN_POINT('',(-280.887990224501,76.7966903215307,18.9973878378318));
#4596=CARTESIAN_POINT('',(-280.969891995563,76.8551229814973,18.9973878378318));
#4597=CARTESIAN_POINT('',(-281.055606999908,76.9162761853656,18.9973878378318));
#4598=CARTESIAN_POINT('',(-281.139788738431,76.9778033978414,18.9973878378318));
#4599=CARTESIAN_POINT('',(-281.224038194548,77.0409608408513,18.9973878378318));
#4600=CARTESIAN_POINT('',(-281.300227445058,77.0980759662042,18.9973878378318));
#4601=CARTESIAN_POINT('',(-281.375057305512,77.1554655872499,18.9973878378318));
#4602=CARTESIAN_POINT('',(-281.449892869572,77.2143440689349,18.9973878378318));
#4603=CARTESIAN_POINT('',(-281.530028958167,77.2773928517414,18.9973878378318));
#4604=CARTESIAN_POINT('',(-281.609270318758,77.3414412018524,18.9973878378318));
#4605=CARTESIAN_POINT('',(-281.687685632103,77.4066181338731,18.9973878378318));
#4606=CARTESIAN_POINT('',(-281.772234744671,77.476893333029,18.9973878378318));
#4607=CARTESIAN_POINT('',(-281.854858428066,77.5476807278916,18.9973878378318));
#4608=CARTESIAN_POINT('',(-281.937202847633,77.6205276169555,18.9973878378318));
#4609=CARTESIAN_POINT('',(-282.026451812896,77.6994826876917,18.9973878378318));
#4610=CARTESIAN_POINT('',(-282.114224032451,77.7798439081251,18.9973878378318));
#4611=CARTESIAN_POINT('',(-282.200592977959,77.8619411751167,18.9973878378318));
#4612=CARTESIAN_POINT('',(-282.293279067066,77.9500431492577,18.9973878378318));
#4613=CARTESIAN_POINT('',(-282.384498337824,78.0402862968756,18.9973878378318));
#4614=CARTESIAN_POINT('',(-282.473549288076,78.1320615740781,18.9973878378318));
#4615=CARTESIAN_POINT('',(-282.568782819718,78.2302085757735,18.9973878378318));
#4616=CARTESIAN_POINT('',(-282.660603838783,78.3291505670845,18.9973878378318));
#4617=CARTESIAN_POINT('',(-282.751220344977,78.4315778514643,18.9973878378318));
#4618=CARTESIAN_POINT('',(-282.954060037044,78.6608552722724,18.9973878378318));
#4619=CARTESIAN_POINT('',(-283.144783103379,78.900748145129,18.9973878378318));
#4620=CARTESIAN_POINT('',(-283.321097620492,79.1510359546833,18.9973878378318));
#4621=CARTESIAN_POINT('',(-283.353696446233,79.1973117170104,18.9973878378318));
#4622=CARTESIAN_POINT('',(-283.385617110655,79.2436796092986,18.9973878378318));
#4623=CARTESIAN_POINT('',(-283.417213529756,79.2906454908561,18.9973878378318));
#4624=CARTESIAN_POINT('',(-283.44976119856,79.3390253389995,18.9973878378318));
#4625=CARTESIAN_POINT('',(-283.481976535312,79.388057152978,18.9973878378318));
#4626=CARTESIAN_POINT('',(-283.513453948508,79.4371401112259,18.9973878378318));
#4627=CARTESIAN_POINT('',(-283.578564415032,79.5386673329829,18.9973878378318));
#4628=CARTESIAN_POINT('',(-283.640995642402,79.6411590024414,18.9973878378318));
#4629=CARTESIAN_POINT('',(-283.701285166869,79.7456216459925,18.9973878378318));
#4630=CARTESIAN_POINT('',(-283.763817976298,79.8539711916134,18.9973878378318));
#4631=CARTESIAN_POINT('',(-283.824054711942,79.9644547398724,18.9973878378318));
#4632=CARTESIAN_POINT('',(-283.881213495287,80.0757334132195,18.9973878378318));
#4633=CARTESIAN_POINT('',(-283.910711314686,80.1331607763879,18.9973878378318));
#4634=CARTESIAN_POINT('',(-283.939197206218,80.1904258934371,18.9973878378318));
#4635=CARTESIAN_POINT('',(-283.96718871907,80.2486024079653,18.9973878378318));
#4636=CARTESIAN_POINT('',(-283.995893153205,80.3082606314521,18.9973878378318));
#4637=CARTESIAN_POINT('',(-284.024149156968,80.3690257679374,18.9973878378318));
#4638=CARTESIAN_POINT('',(-284.051278821254,80.4294163605563,18.9973878378318));
#4639=CARTESIAN_POINT('',(-284.18773957442,80.7331777954979,18.9973878378318));
#4640=CARTESIAN_POINT('',(-284.303325890178,81.0444164065736,18.9973878378318));
#4641=CARTESIAN_POINT('',(-284.398012293685,81.3636815396513,18.9973878378318));
#4642=CARTESIAN_POINT('',(-284.444977254146,81.5220387461371,18.9973878378318));
#4643=CARTESIAN_POINT('',(-284.48709744538,81.6833748421556,18.9973878378318));
#4644=CARTESIAN_POINT('',(-284.5235207739,81.8444838329451,18.9973878378318));
#4645=CARTESIAN_POINT('',(-284.55919591335,82.0022834066426,18.9973878378318));
#4646=CARTESIAN_POINT('',(-284.589628917509,82.1608541684204,18.9973878378318));
#4647=CARTESIAN_POINT('',(-284.615015182313,82.3206308091708,18.9973878378318));
#4648=CARTESIAN_POINT('',(-284.66367404068,82.6268810193793,18.9973878378318));
#4649=CARTESIAN_POINT('',(-284.693692227503,82.9369681089463,18.9973878378318));
#4650=CARTESIAN_POINT('',(-284.705490280004,83.2468190827437,18.9973878378318));
#4651=CARTESIAN_POINT('',(-284.716515913919,83.5363841109327,18.9973878378318));
#4652=CARTESIAN_POINT('',(-284.711650386392,83.8264902027478,18.9973878378318));
#4653=CARTESIAN_POINT('',(-284.692135764858,84.1155857719797,18.9973878378318));
#4654=CARTESIAN_POINT('',(-284.69125359064,84.1286545705367,18.9973878378318));
#4655=CARTESIAN_POINT('',(-284.690341574541,84.1417214667173,18.9973878378318));
#4656=CARTESIAN_POINT('',(-284.689399533944,84.1547860347814,18.9973878378318));
#4657=CARTESIAN_POINT('',(-284.688471504097,84.1676562965639,18.9973878378318));
#4658=CARTESIAN_POINT('',(-284.687514283268,84.1805245571427,18.9973878378318));
#4659=CARTESIAN_POINT('',(-284.686529068599,84.1933905195619,18.9973878378318));
#4660=CARTESIAN_POINT('',(-284.685563757015,84.2059965666975,18.9973878378318));
#4661=CARTESIAN_POINT('',(-284.684571343973,84.2186006451961,18.9973878378318));
#4662=CARTESIAN_POINT('',(-284.683548792674,84.2312021301793,18.9973878378318));
#4663=CARTESIAN_POINT('',(-284.682536723071,84.2436744432149,18.9973878378318));
#4664=CARTESIAN_POINT('',(-284.681495231458,84.2561444698586,18.9973878378318));
#4665=CARTESIAN_POINT('',(-284.680427528184,84.2686120957358,18.9973878378318));
#4666=CARTESIAN_POINT('',(-284.657884338604,84.5318500764114,18.9973878378318));
#4667=CARTESIAN_POINT('',(-284.624066104601,84.7896358288554,18.9973878378318));
#4668=CARTESIAN_POINT('',(-284.578974592615,85.0499460043056,18.9973878378318));
#4669=CARTESIAN_POINT('',(-284.539173899428,85.2797126492933,18.9973878378318));
#4670=CARTESIAN_POINT('',(-284.491605046506,85.5057827892649,18.9973878378318));
#4671=CARTESIAN_POINT('',(-284.436365876397,85.7323229751712,18.9973878378318));
#4672=CARTESIAN_POINT('',(-284.387541312405,85.9325563563391,18.9973878378318));
#4673=CARTESIAN_POINT('',(-284.33380514289,86.1288126756035,18.9973878378318));
#4674=CARTESIAN_POINT('',(-284.274574670066,86.3262112059439,18.9973878378318));
#4675=CARTESIAN_POINT('',(-284.221994318652,86.5014467493916,18.9973878378318));
#4676=CARTESIAN_POINT('',(-284.166873290401,86.6716894436786,18.9973878378318));
#4677=CARTESIAN_POINT('',(-284.107306857819,86.8446711069112,18.9973878378318));
#4678=CARTESIAN_POINT('',(-284.042469019923,87.0329609969283,18.9973878378318));
#4679=CARTESIAN_POINT('',(-283.975282098723,87.2160863254165,18.9973878378318));
#4680=CARTESIAN_POINT('',(-283.903612162706,87.4018786502788,18.9973878378318));
#4681=CARTESIAN_POINT('',(-283.836830855119,87.574998023383,18.9973878378318));
#4682=CARTESIAN_POINT('',(-283.767633720326,87.7466283911846,18.9973878378318));
#4683=CARTESIAN_POINT('',(-283.696131437294,87.917849378671,18.9973878378318));
#4684=CARTESIAN_POINT('',(-283.629336805221,88.0777973184792,18.9973878378318));
#4685=CARTESIAN_POINT('',(-283.5609423139,88.2364091999333,18.9973878378318));
#4686=CARTESIAN_POINT('',(-283.490864733261,88.3949446755317,18.9973878378318));
#4687=CARTESIAN_POINT('',(-283.426192205362,88.5412523801537,18.9973878378318));
#4688=CARTESIAN_POINT('',(-283.36026081979,88.6870198286726,18.9973878378318));
#4689=CARTESIAN_POINT('',(-283.293376881597,88.8323219124829,18.9973878378318));
#4690=CARTESIAN_POINT('',(-283.22356604693,88.9839825357016,18.9973878378318));
#4691=CARTESIAN_POINT('',(-283.152722253809,89.1351778357243,18.9973878378318));
#4692=CARTESIAN_POINT('',(-283.081137734493,89.2860043334872,18.9973878378318));
#4693=CARTESIAN_POINT('',(-283.011057780858,89.4336607551722,18.9973878378318));
#4694=CARTESIAN_POINT('',(-282.940274492173,89.5809879435277,18.9973878378318));
#4695=CARTESIAN_POINT('',(-282.869023320975,89.7280804825731,18.9973878378318));
#4696=CARTESIAN_POINT('',(-282.80016882536,89.8702252700133,18.9973878378318));
#4697=CARTESIAN_POINT('',(-282.730870491203,90.0121566740748,18.9973878378318));
#4698=CARTESIAN_POINT('',(-282.661333499582,90.1539679949743,18.9973878378318));
#4699=CARTESIAN_POINT('',(-282.595358692963,90.2885147197422,18.9973878378318));
#4700=CARTESIAN_POINT('',(-282.529165211585,90.4229544222136,18.9973878378318));
#4701=CARTESIAN_POINT('',(-282.462948784323,90.557382269373,18.9973878378318));
#4702=CARTESIAN_POINT('',(-282.458028226317,90.5673716337485,18.9973878378318));
#4703=CARTESIAN_POINT('',(-282.453107570844,90.5773609501205,18.9973878378318));
#4704=CARTESIAN_POINT('',(-282.448186658223,90.5873501398098,18.9973878378318));
#4705=CARTESIAN_POINT('',(-282.443182541962,90.5975082284443,18.9973878378318));
#4706=CARTESIAN_POINT('',(-282.43817816699,90.6076661896343,18.9973878378318));
#4707=CARTESIAN_POINT('',(-282.433173836086,90.6178241725264,18.9973878378318));
#4708=CARTESIAN_POINT('',(-282.428173049255,90.6279749615231,18.9973878378318));
#4709=CARTESIAN_POINT('',(-282.423172305204,90.6381257716016,18.9973878378318));
#4710=CARTESIAN_POINT('',(-282.418171131993,90.6482763702329,18.9973878378318));
#4711=CARTESIAN_POINT('',(-282.413176709037,90.6584132682514,18.9973878378318));
#4712=CARTESIAN_POINT('',(-282.408181857965,90.6685499553379,18.9973878378318));
#4713=CARTESIAN_POINT('',(-282.403187404703,90.6786868384238,18.9973878378318));
#4714=CARTESIAN_POINT('',(-282.253497862043,90.9825009524999,18.9973878378318));
#4715=CARTESIAN_POINT('',(-282.104068229999,91.286457625608,18.9973878378318));
#4716=CARTESIAN_POINT('',(-281.957248847918,91.5916646217311,18.9973878378318));
#4717=CARTESIAN_POINT('',(-281.823355948623,91.8700001453988,18.9973878378318));
#4718=CARTESIAN_POINT('',(-281.689637766088,92.1537155015565,18.9973878378318));
#4719=CARTESIAN_POINT('',(-281.562455149455,92.4351916209752,18.9973878378318));
#4720=CARTESIAN_POINT('',(-281.443873798707,92.6976317195332,18.9973878378318));
#4721=CARTESIAN_POINT('',(-281.329105991909,92.9622172913945,18.9973878378318));
#4722=CARTESIAN_POINT('',(-281.220555134496,93.2289777298811,18.9973878378318));
#4723=CARTESIAN_POINT('',(-281.117063779806,93.4833045939386,18.9973878378318));
#4724=CARTESIAN_POINT('',(-281.019602377294,93.738654181706,18.9973878378318));
#4725=CARTESIAN_POINT('',(-280.928898803487,93.9978319487852,18.9973878378318));
#4726=CARTESIAN_POINT('',(-280.925804211664,94.0066744823793,18.9973878378318));
#4727=CARTESIAN_POINT('',(-280.922717884837,94.0155199234359,18.9973878378318));
#4728=CARTESIAN_POINT('',(-280.919640324264,94.0243683921992,18.9973878378318));
#4729=CARTESIAN_POINT('',(-280.916627794284,94.0330298878197,18.9973878378318));
#4730=CARTESIAN_POINT('',(-280.913624059706,94.0416944589222,18.9973878378318));
#4731=CARTESIAN_POINT('',(-280.910629201586,94.0503620731315,18.9973878378318));
#4732=CARTESIAN_POINT('',(-280.907599469333,94.0591306188398,18.9973878378318));
#4733=CARTESIAN_POINT('',(-280.904578132561,94.0679020796988,18.9973878378318));
#4734=CARTESIAN_POINT('',(-280.901565010283,94.0766763403903,18.9973878378318));
#4735=CARTESIAN_POINT('',(-280.89870628207,94.0850010030748,18.9973878378318));
#4736=CARTESIAN_POINT('',(-280.895855522746,94.0933284181439,18.9973878378318));
#4737=CARTESIAN_POINT('',(-280.893013810462,94.1016588975715,18.9973878378318));
#4738=CARTESIAN_POINT('',(-280.809153716574,94.3474947588999,18.9973878378318));
#4739=CARTESIAN_POINT('',(-280.732773555452,94.5964231523585,18.9973878378318));
#4740=CARTESIAN_POINT('',(-280.665412876072,94.8472953582818,18.9973878378318));
#4741=CARTESIAN_POINT('',(-280.599155674407,95.0940578685942,18.9973878378318));
#4742=CARTESIAN_POINT('',(-280.540672229662,95.3462601343712,18.9973878378318));
#4743=CARTESIAN_POINT('',(-280.493121326153,95.597319754376,18.9973878378318));
#4744=CARTESIAN_POINT('',(-280.447738185673,95.8369340027418,18.9973878378318));
#4745=CARTESIAN_POINT('',(-280.411340586489,96.0806819394104,18.9973878378318));
#4746=CARTESIAN_POINT('',(-280.386896674495,96.3233597411514,18.9973878378318));
#4747=CARTESIAN_POINT('',(-280.375300701002,96.4384839224689,18.9973878378318));
#4748=CARTESIAN_POINT('',(-280.366307201739,96.5542511417594,18.9973878378318));
#4749=CARTESIAN_POINT('',(-280.360292726314,96.6698039343462,18.9973878378318));
#4750=CARTESIAN_POINT('',(-280.357393019278,96.7255144031651,18.9973878378318));
#4751=CARTESIAN_POINT('',(-280.355170533174,96.7814703470734,18.9973878378318));
#4752=CARTESIAN_POINT('',(-280.353686958296,96.8372366869239,18.9973878378318));
#4753=CARTESIAN_POINT('',(-280.352239533764,96.8916441655277,18.9973878378318));
#4754=CARTESIAN_POINT('',(-280.35150332721,96.9455731064897,18.9973878378318));
#4755=CARTESIAN_POINT('',(-280.351503327141,97.0000000037269,18.9973878378318));
#4756=CARTESIAN_POINT('',(-280.351503327073,97.0544269005575,18.9973878378318));
#4757=CARTESIAN_POINT('',(-280.352239533479,97.1083558402029,18.9973878378318));
#4758=CARTESIAN_POINT('',(-280.353686958036,97.1627633184,18.9973878378318));
#4759=CARTESIAN_POINT('',(-280.3551705329,97.2185296564176,18.9973878378318));
#4760=CARTESIAN_POINT('',(-280.357393019148,97.2744856000368,18.9973878378318));
#4761=CARTESIAN_POINT('',(-280.360292725972,97.3301960670303,18.9973878378318));
#4762=CARTESIAN_POINT('',(-280.366307201073,97.4457488579926,18.9973878378318));
#4763=CARTESIAN_POINT('',(-280.375300698292,97.5615160631259,18.9973878378318));
#4764=CARTESIAN_POINT('',(-280.3868966722,97.6766402427714,18.9973878378318));
#4765=CARTESIAN_POINT('',(-280.411340584314,97.9193180335014,18.9973878378318));
#4766=CARTESIAN_POINT('',(-280.447738195319,98.1630660307732,18.9973878378318));
#4767=CARTESIAN_POINT('',(-280.493121330557,98.4026802688852,18.9973878378318));
#4768=CARTESIAN_POINT('',(-280.540672234021,98.6537399069028,18.9973878378318));
#4769=CARTESIAN_POINT('',(-280.59915565499,98.9059420744055,18.9973878378318));
#4770=CARTESIAN_POINT('',(-280.665412865082,99.1527046008,18.9973878378318));
#4771=CARTESIAN_POINT('',(-280.732773500582,99.4035766277461,18.9973878378318));
#4772=CARTESIAN_POINT('',(-280.809153706508,99.6525052216418,18.9973878378318));
#4773=CARTESIAN_POINT('',(-280.893013743602,99.898340908135,18.9973878378318));
#4774=CARTESIAN_POINT('',(-280.895855450944,99.9066713727913,18.9973878378318));
#4775=CARTESIAN_POINT('',(-280.898706203445,99.9149987676085,18.9973878378318));
#4776=CARTESIAN_POINT('',(-280.901564921985,99.923323402473,18.9973878378318));
#4777=CARTESIAN_POINT('',(-280.904578035925,99.9320976392515,18.9973878378318));
#4778=CARTESIAN_POINT('',(-280.907599362126,99.9408690702377,18.9973878378318));
#4779=CARTESIAN_POINT('',(-280.910629081849,99.9496375804393,18.9973878378318));
#4780=CARTESIAN_POINT('',(-280.913623951351,99.9583052283376,18.9973878378318));
#4781=CARTESIAN_POINT('',(-280.91662769501,99.9669698263696,18.9973878378318));
#4782=CARTESIAN_POINT('',(-280.919640231818,99.9756313419999,18.9973878378318));
#4783=CARTESIAN_POINT('',(-280.92271780162,99.9844798376865,18.9973878378318));
#4784=CARTESIAN_POINT('',(-280.925804135918,99.9933252999343,18.9973878378318));
#4785=CARTESIAN_POINT('',(-280.928898732908,100.00216784813,18.9973878378318));
#4786=CARTESIAN_POINT('',(-281.01960237782,100.261345813586,18.9973878378318));
#4787=CARTESIAN_POINT('',(-281.117063684721,100.516695179481,18.9973878378318));
#4788=CARTESIAN_POINT('',(-281.22055512139,100.771022237912,18.9973878378318));
#4789=CARTESIAN_POINT('',(-281.329105973894,101.037782656899,18.9973878378318));
#4790=CARTESIAN_POINT('',(-281.443873815134,101.302368312786,18.9973878378318));
#4791=CARTESIAN_POINT('',(-281.562455156182,101.564808393914,18.9973878378318));
#4792=CARTESIAN_POINT('',(-281.689637774645,101.846284521714,18.9973878378318));
#4793=CARTESIAN_POINT('',(-281.823355942386,102.12999984301,18.9973878378318));
#4794=CARTESIAN_POINT('',(-281.957248845847,102.408335373964,18.9973878378318));
#4795=CARTESIAN_POINT('',(-282.104068860966,102.713543684536,18.9973878378318));
#4796=CARTESIAN_POINT('',(-282.253502109283,103.017507668552,18.9973878378318));
#4797=CARTESIAN_POINT('',(-282.403187400534,103.321313153171,18.9973878378318));
#4798=CARTESIAN_POINT('',(-282.408181853377,103.331450035386,18.9973878378318));
#4799=CARTESIAN_POINT('',(-282.413176704032,103.341586721599,18.9973878378318));
#4800=CARTESIAN_POINT('',(-282.418171126564,103.351723618749,18.9973878378318));
#4801=CARTESIAN_POINT('',(-282.423172299383,103.361874216574,18.9973878378318));
#4802=CARTESIAN_POINT('',(-282.428173043039,103.372025025856,18.9973878378318));
#4803=CARTESIAN_POINT('',(-282.43317382947,103.382175814044,18.9973878378318));
#4804=CARTESIAN_POINT('',(-282.438178160892,103.39233379799,18.9973878378318));
#4805=CARTESIAN_POINT('',(-282.443182536381,103.402491760227,18.9973878378318));
#4806=CARTESIAN_POINT('',(-282.44818665316,103.412649849913,18.9973878378318));
#4807=CARTESIAN_POINT('',(-282.453107566309,103.422639040673,18.9973878378318));
#4808=CARTESIAN_POINT('',(-282.45802822231,103.432628358117,18.9973878378318));
#4809=CARTESIAN_POINT('',(-282.462948780841,103.442617723559,18.9973878378318));
#4810=CARTESIAN_POINT('',(-282.529165278641,103.57704571392,18.9973878378318));
#4811=CARTESIAN_POINT('',(-282.595358703552,103.711485301844,18.9973878378318));
#4812=CARTESIAN_POINT('',(-282.661333499619,103.846032005102,18.9973878378318));
#4813=CARTESIAN_POINT('',(-282.730870872877,103.987844104309,18.9973878378318));
#4814=CARTESIAN_POINT('',(-282.800169045794,104.129775185078,18.9973878378318));
#4815=CARTESIAN_POINT('',(-282.869023320941,104.271919517357,18.9973878378318));
#4816=CARTESIAN_POINT('',(-282.940275482949,104.41901410183,18.9973878378318));
#4817=CARTESIAN_POINT('',(-283.011058467581,104.566340691669,18.9973878378318));
#4818=CARTESIAN_POINT('',(-283.081137734514,104.713995666558,18.9973878378318));
#4819=CARTESIAN_POINT('',(-283.152724367305,104.864826617419,18.9973878378318));
#4820=CARTESIAN_POINT('',(-283.223567607987,105.016020855856,18.9973878378318));
#4821=CARTESIAN_POINT('',(-283.293376881586,105.167678087472,18.9973878378318));
#4822=CARTESIAN_POINT('',(-283.360264060852,105.312987212111,18.9973878378318));
#4823=CARTESIAN_POINT('',(-283.426194705193,105.458753274362,18.9973878378318));
#4824=CARTESIAN_POINT('',(-283.490864733257,105.605055324459,18.9973878378318));
#4825=CARTESIAN_POINT('',(-283.560942312091,105.76359079686,18.9973878378318));
#4826=CARTESIAN_POINT('',(-283.629336805598,105.922202685401,18.9973878378318));
#4827=CARTESIAN_POINT('',(-283.696131437318,106.082150621387,18.9973878378318));
#4828=CARTESIAN_POINT('',(-283.767633725283,106.2533716175,18.9973878378318));
#4829=CARTESIAN_POINT('',(-283.836830855136,106.425001965739,18.9973878378318));
#4830=CARTESIAN_POINT('',(-283.903612162619,106.598121349496,18.9973878378318));
#4831=CARTESIAN_POINT('',(-283.975282080338,106.783913638644,18.9973878378318));
#4832=CARTESIAN_POINT('',(-284.042469018337,106.967039037141,18.9973878378318));
#4833=CARTESIAN_POINT('',(-284.107306857293,107.155328884399,18.9973878378318));
#4834=CARTESIAN_POINT('',(-284.166873339387,107.328310649306,18.9973878378318));
#4835=CARTESIAN_POINT('',(-284.221994320219,107.498553128833,18.9973878378318));
#4836=CARTESIAN_POINT('',(-284.274574669068,107.673788790727,18.9973878378318));
#4837=CARTESIAN_POINT('',(-284.333804997606,107.871186983259,18.9973878378318));
#4838=CARTESIAN_POINT('',(-284.387541304877,108.067444034941,18.9973878378318));
#4839=CARTESIAN_POINT('',(-284.436365879167,108.267677036185,18.9973878378318));
#4840=CARTESIAN_POINT('',(-284.491605420355,108.494218266297,18.9973878378318));
#4841=CARTESIAN_POINT('',(-284.539173917587,108.72028618447,18.9973878378318));
#4842=CARTESIAN_POINT('',(-284.57897458582,108.950053956452,18.9973878378318));
#4843=CARTESIAN_POINT('',(-284.62406408948,109.210353977932,18.9973878378318));
#4844=CARTESIAN_POINT('',(-284.657883970014,109.468146376631,18.9973878378318));
#4845=CARTESIAN_POINT('',(-284.680426477399,109.731374052772,18.9973878378318));
#4846=CARTESIAN_POINT('',(-284.681494440716,109.743844604395,18.9973878378318));
#4847=CARTESIAN_POINT('',(-284.682536152709,109.756317506533,18.9973878378318));
#4848=CARTESIAN_POINT('',(-284.683548370666,109.768792660557,18.9973878378318));
#4849=CARTESIAN_POINT('',(-284.684571409827,109.781401181318,18.9973878378318));
#4850=CARTESIAN_POINT('',(-284.685564309638,109.794012252664,18.9973878378318));
#4851=CARTESIAN_POINT('',(-284.686530274978,109.806625224672,18.9973878378318));
#4852=CARTESIAN_POINT('',(-284.687513763076,109.819466997929,18.9973878378318));
#4853=CARTESIAN_POINT('',(-284.688469389907,109.83231101015,18.9973878378318));
#4854=CARTESIAN_POINT('',(-284.689395427621,109.845157006058,18.9973878378318));
#4855=CARTESIAN_POINT('',(-284.690337860158,109.858230430967,18.9973878378318));
#4856=CARTESIAN_POINT('',(-284.691249872182,109.871306161545,18.9973878378318));
#4857=CARTESIAN_POINT('',(-284.692132197829,109.884383728378,18.9973878378318));
#4858=CARTESIAN_POINT('',(-284.711647161594,110.173628684323,18.9973878378318));
#4859=CARTESIAN_POINT('',(-284.716517915846,110.463194332936,18.9973878378318));
#4860=CARTESIAN_POINT('',(-284.705500589943,110.752909243549,18.9973878378318));
#4861=CARTESIAN_POINT('',(-284.693705259398,111.063082797911,18.9973878378318));
#4862=CARTESIAN_POINT('',(-284.663701998483,111.373475347412,18.9973878378318));
#4863=CARTESIAN_POINT('',(-284.614877684482,111.680029442214,18.9973878378318));
#4864=CARTESIAN_POINT('',(-284.563637342679,112.001753094057,18.9973878378318));
#4865=CARTESIAN_POINT('',(-284.491260561256,112.321893025297,18.9973878378318));
#4866=CARTESIAN_POINT('',(-284.398666774588,112.634246623745,18.9973878378318));
#4867=CARTESIAN_POINT('',(-284.303939650167,112.953796771207,18.9973878378318));
#4868=CARTESIAN_POINT('',(-284.186783895464,113.269514978038,18.9973878378318));
#4869=CARTESIAN_POINT('',(-284.050016360935,113.57345906479,18.9973878378318));
#4870=CARTESIAN_POINT('',(-279.489891331037,82.4772139250931,16.8037773290561));
#4871=CARTESIAN_POINT('',(-279.443015214607,82.3730322859642,16.768436871071));
#4872=CARTESIAN_POINT('',(-279.389584569206,82.2732374335,16.7284387178821));
#4873=CARTESIAN_POINT('',(-279.229791758877,82.0140580791733,16.6138948839548));
#4874=CARTESIAN_POINT('',(-279.114339100104,81.8649876788378,16.532533313532));
#4875=CARTESIAN_POINT('',(-278.868114193265,81.5903266056246,16.3507119464747));
#4876=CARTESIAN_POINT('',(-278.738218198405,81.4651705537658,16.2532174491214));
#4877=CARTESIAN_POINT('',(-278.470171560631,81.2304004888017,16.0484945736664));
#4878=CARTESIAN_POINT('',(-278.332570958168,81.121390977912,15.9419066174806));
#4879=CARTESIAN_POINT('',(-277.914491824504,80.8113334072815,15.6130549888351));
#4880=CARTESIAN_POINT('',(-277.628900165705,80.6263571808226,15.382506778332));
#4881=CARTESIAN_POINT('',(-277.056675397565,80.2780427867584,14.9076857017818));
#4882=CARTESIAN_POINT('',(-276.770130237907,80.1152501698437,14.663096736511));
#4883=CARTESIAN_POINT('',(-276.203642062342,79.7997519473204,14.1597822363758));
#4884=CARTESIAN_POINT('',(-275.923001519872,79.6468832858739,13.9006668055533));
#4885=CARTESIAN_POINT('',(-275.514104080932,79.4227354423756,13.4994417441058));
#4886=CARTESIAN_POINT('',(-275.379198111996,79.3485958416006,13.3628636775977));
#4887=CARTESIAN_POINT('',(-275.181745688346,79.2389289410734,13.1544226973964));
#4888=CARTESIAN_POINT('',(-275.116113388614,79.2022749640651,13.083643544992));
#4889=CARTESIAN_POINT('',(-274.987674000427,79.1299692571466,12.9415275856419));
#4890=CARTESIAN_POINT('',(-274.923997477502,79.0938085109944,12.8693016918541));
#4891=CARTESIAN_POINT('',(-274.737005154631,78.9864836860038,12.6500121597731));
#4892=CARTESIAN_POINT('',(-274.61727482511,78.9157688486623,12.498284597248));
#4893=CARTESIAN_POINT('',(-274.373384715426,78.7664679874692,12.2039008078863));
#4894=CARTESIAN_POINT('',(-274.251880469304,78.6897215641372,12.057646177925));
#4895=CARTESIAN_POINT('',(-274.007895328937,78.531117765769,11.7680843050214));
#4896=CARTESIAN_POINT('',(-273.885891765334,78.4495818660495,11.6247253264364));
#4897=CARTESIAN_POINT('',(-273.641165882454,78.2818942582774,11.3402433295697));
#4898=CARTESIAN_POINT('',(-273.519178706542,78.1962563631147,11.1999128169628));
#4899=CARTESIAN_POINT('',(-273.151686133595,77.9326052054201,10.7814576572672));
#4900=CARTESIAN_POINT('',(-272.906595573083,77.7492386231526,10.5081012803325));
#4901=CARTESIAN_POINT('',(-272.415413992376,77.3693716559227,9.97075122252952));
#4902=CARTESIAN_POINT('',(-272.169631161452,77.173139631157,9.70714424138858));
#4903=CARTESIAN_POINT('',(-271.674343183973,76.771051719283,9.19025364362971));
#4904=CARTESIAN_POINT('',(-271.425030263346,76.565268582371,8.9369664925486));
#4905=CARTESIAN_POINT('',(-270.920089804534,76.1468816588106,8.443238193162));
#4906=CARTESIAN_POINT('',(-270.663742152861,75.9342538534369,8.20248918330268));
#4907=CARTESIAN_POINT('',(-270.138439945682,75.5065655948292,7.73902373931594));
#4908=CARTESIAN_POINT('',(-269.869075366001,75.2910563528156,7.51578099639593));
#4909=CARTESIAN_POINT('',(-269.309945473295,74.8613156183946,7.09552431676187));
#4910=CARTESIAN_POINT('',(-269.01993929559,74.6467880539062,6.89868526568563));
#4911=CARTESIAN_POINT('',(-268.410717535044,74.2281360872056,6.54074253570381));
#4912=CARTESIAN_POINT('',(-268.091861201719,74.0242704174812,6.38011158370373));
#4913=CARTESIAN_POINT('',(-267.42130995242,73.6388495356991,6.10370824434858));
#4914=CARTESIAN_POINT('',(-267.070127017448,73.4583802978563,5.98792754382046));
#4915=CARTESIAN_POINT('',(-266.338097217252,73.1371968846137,5.80030014547549));
#4916=CARTESIAN_POINT('',(-265.957563376986,72.9969928215643,5.7284021137429));
#4917=CARTESIAN_POINT('',(-265.176472118651,72.7676534706626,5.6221824073212));
#4918=CARTESIAN_POINT('',(-264.775866653302,72.6788101620006,5.5867365334986));
#4919=CARTESIAN_POINT('',(-263.965063105345,72.5572415838569,5.54144160274065));
#4920=CARTESIAN_POINT('',(-263.555086186997,72.5242702503511,5.5318186974006));
#4921=CARTESIAN_POINT('',(-262.734185916561,72.5129919308395,5.52868772026932));
#4922=CARTESIAN_POINT('',(-262.323206612199,72.5343630300621,5.53415499213242));
#4923=CARTESIAN_POINT('',(-261.5087874008,72.6328493736711,5.56897265377833));
#4924=CARTESIAN_POINT('',(-261.105571337608,72.7099994684255,5.59845845311106));
#4925=CARTESIAN_POINT('',(-260.316417127555,72.9178723586451,5.69004086558014));
#4926=CARTESIAN_POINT('',(-259.931020328277,73.0479909025147,5.75335306762986));
#4927=CARTESIAN_POINT('',(-259.187210473978,73.3518936033515,5.92301685617796));
#4928=CARTESIAN_POINT('',(-258.829237795467,73.5253636606948,6.02945787521328));
#4929=CARTESIAN_POINT('',(-258.145681882716,73.8999668111288,6.28715952845041));
#4930=CARTESIAN_POINT('',(-257.819834815255,74.1006188025646,6.43898709425383));
#4931=CARTESIAN_POINT('',(-257.19850215184,74.5141898458398,6.78149902346835));
#4932=CARTESIAN_POINT('',(-256.903381401136,74.7271407132369,6.97138400324999));
#4933=CARTESIAN_POINT('',(-256.33494027081,75.1563586955382,7.3803288817465));
#4934=CARTESIAN_POINT('',(-256.062221100201,75.371825354669,7.59878945416297));
#4935=CARTESIAN_POINT('',(-255.530567317564,75.8009981752563,8.05503827343363));
#4936=CARTESIAN_POINT('',(-255.272508610624,76.0141290947309,8.29219640298259));
#4937=CARTESIAN_POINT('',(-254.891034173162,76.3300305528627,8.65854399476639));
#4938=CARTESIAN_POINT('',(-254.765325707442,76.4342946715125,8.78200168695262));
#4939=CARTESIAN_POINT('',(-254.514146864003,76.6417776961302,9.03298209311217));
#4940=CARTESIAN_POINT('',(-254.389766598865,76.7440978719411,9.15940421240266));
#4941=CARTESIAN_POINT('',(-254.141097589833,76.9472831242299,9.41588799060818));
#4942=CARTESIAN_POINT('',(-254.017685459113,77.0474139874753,9.54504857048984));
#4943=CARTESIAN_POINT('',(-253.770927552141,77.2455691308162,9.80656014052421));
#4944=CARTESIAN_POINT('',(-253.647855976422,77.3433627134768,9.93862254968186));
#4945=CARTESIAN_POINT('',(-253.402102279146,77.5358954558793,10.2052237415603));
#4946=CARTESIAN_POINT('',(-253.279369209148,77.6306050507699,10.33970809808));
#4947=CARTESIAN_POINT('',(-253.033800673596,77.8167926834848,10.6114439308023));
#4948=CARTESIAN_POINT('',(-252.911447530647,77.9079239695855,10.7481834762302));
#4949=CARTESIAN_POINT('',(-252.666334456952,78.0868651128124,11.0249190476776));
#4950=CARTESIAN_POINT('',(-252.544012621447,78.1743520838498,11.1644263435324));
#4951=CARTESIAN_POINT('',(-252.299333267913,78.345381718254,11.4464053130044));
#4952=CARTESIAN_POINT('',(-252.177267084555,78.4287240214537,11.5885392790197));
#4953=CARTESIAN_POINT('',(-251.993871082972,78.5506938380058,11.8043733115819));
#4954=CARTESIAN_POINT('',(-251.93314597683,78.5905416901943,11.8762181417046));
#4955=CARTESIAN_POINT('',(-251.811077767823,78.669522947062,12.0214133556317));
#4956=CARTESIAN_POINT('',(-251.749990570488,78.7084812377697,12.094462965073));
#4957=CARTESIAN_POINT('',(-251.628508612784,78.7847965098966,12.2405312085161));
#4958=CARTESIAN_POINT('',(-251.567620100489,78.8224665767494,12.3141090158488));
#4959=CARTESIAN_POINT('',(-251.445855716339,78.8965781081079,12.4621868716392));
#4960=CARTESIAN_POINT('',(-251.38520240885,78.9328997042512,12.5360508792685));
#4961=CARTESIAN_POINT('',(-251.203161678068,79.0399700367903,12.7610633101881));
#4962=CARTESIAN_POINT('',(-251.077749420442,79.1114436323022,12.9059120538227));
#4963=CARTESIAN_POINT('',(-250.818566565002,79.2569879004755,13.1901603642057));
#4964=CARTESIAN_POINT('',(-250.686408034777,79.3300961845811,13.3282358445572));
#4965=CARTESIAN_POINT('',(-250.416860477709,79.4783759435823,13.6002493690103));
#4966=CARTESIAN_POINT('',(-250.279738230126,79.5533707608606,13.7338449763365));
#4967=CARTESIAN_POINT('',(-250.003244286344,79.7047682374223,13.9961746829386));
#4968=CARTESIAN_POINT('',(-249.863150134619,79.7815475006987,14.1255656738306));
#4969=CARTESIAN_POINT('',(-249.581415440686,79.9371897263789,14.3802501356532));
#4970=CARTESIAN_POINT('',(-249.439636899562,80.0160993656943,14.5056694600004));
#4971=CARTESIAN_POINT('',(-249.154533918502,80.1775038744891,14.7534070293887));
#4972=CARTESIAN_POINT('',(-249.011653868846,80.259772713493,14.8753331952424));
#4973=CARTESIAN_POINT('',(-248.582195423703,80.5144293178762,15.2360692902696));
#4974=CARTESIAN_POINT('',(-248.295704237995,80.6935019685629,15.4697274488831));
#4975=CARTESIAN_POINT('',(-247.873596505459,80.9903717986761,15.8055888612317));
#4976=CARTESIAN_POINT('',(-247.734106582009,81.0943434360109,15.9150222923657));
#4977=CARTESIAN_POINT('',(-247.460856891773,81.3158959526381,16.1262583007803));
#4978=CARTESIAN_POINT('',(-247.326580893874,81.4340947237249,16.2285680327088));
#4979=CARTESIAN_POINT('',(-247.070125617867,81.6898111557089,16.4205927021947));
#4980=CARTESIAN_POINT('',(-246.946987554651,81.8280985380811,16.511166808913));
#4981=CARTESIAN_POINT('',(-246.778839380816,82.0564922171529,16.6308585902255));
#4982=CARTESIAN_POINT('',(-246.725708451085,82.1361916987682,16.6685307959096));
#4983=CARTESIAN_POINT('',(-246.627711348332,82.3015049054187,16.7398220235942));
#4984=CARTESIAN_POINT('',(-246.582492931132,82.3879583077171,16.7732943848641));
#4985=CARTESIAN_POINT('',(-246.542280640334,82.4771848975004,16.8037674158482));
#4986=CARTESIAN_POINT('',(-246.542274099511,82.4771994112464,16.8037723725041));
#4987=CARTESIAN_POINT('',(-246.542267558818,82.477213925093,16.8037773290561));
#4988=CARTESIAN_POINT('',(-246.542267558818,82.477213925093,16.8037773290561));
#4989=CARTESIAN_POINT('',(-246.46186538581,82.6556257809504,16.864705932165));
#4990=CARTESIAN_POINT('',(-246.40111856006,82.849226032205,16.9099387381262));
#4991=CARTESIAN_POINT('',(-246.328212638941,83.2499345732533,16.9593832285092));
#4992=CARTESIAN_POINT('',(-246.315777851116,83.4574859020233,16.9637107971843));
#4993=CARTESIAN_POINT('',(-246.329644939304,83.8663780193935,16.9374244007958));
#4994=CARTESIAN_POINT('',(-246.355272999505,84.0690895349692,16.9074378371447));
#4995=CARTESIAN_POINT('',(-246.42985287303,84.4644871408004,16.8277633355475));
#4996=CARTESIAN_POINT('',(-246.47862979798,84.6583247720774,16.7781837900183));
#4997=CARTESIAN_POINT('',(-246.646367777573,85.2276784582135,16.6123629492738));
#4998=CARTESIAN_POINT('',(-246.7846129062,85.591937939979,16.4832176663807));
#4999=CARTESIAN_POINT('',(-247.081550219086,86.3087514098014,16.2127281828998));
#5000=CARTESIAN_POINT('',(-247.240754799433,86.6592028856998,16.0708472409787));
#5001=CARTESIAN_POINT('',(-247.567756766738,87.3546171386747,15.7818337282335));
#5002=CARTESIAN_POINT('',(-247.73553546807,87.6988655629288,15.6340560725493));
#5003=CARTESIAN_POINT('',(-248.072578150489,88.3851668152451,15.3338648409479));
#5004=CARTESIAN_POINT('',(-248.241553606785,88.7262246696803,15.181107181593));
#5005=CARTESIAN_POINT('',(-248.575060924028,89.410433023114,14.8718808350219));
#5006=CARTESIAN_POINT('',(-248.739175087944,89.7522661547834,14.7162354615992));
#5007=CARTESIAN_POINT('',(-249.058135275829,90.4424899038596,14.4057066302164));
#5008=CARTESIAN_POINT('',(-249.212466511824,90.7898359495366,14.2513337544247));
#5009=CARTESIAN_POINT('',(-249.506598702141,91.494582655125,13.9480154805371));
#5010=CARTESIAN_POINT('',(-249.645675768208,91.850527800504,13.7995974125603));
#5011=CARTESIAN_POINT('',(-249.905342481632,92.5753429600085,13.5127192263302));
#5012=CARTESIAN_POINT('',(-250.024637724618,92.9429066075969,13.373485898459));
#5013=CARTESIAN_POINT('',(-250.15768875189,93.4105411589739,13.210482268421));
#5014=CARTESIAN_POINT('',(-250.183568668923,93.5045781083344,13.1784676617928));
#5015=CARTESIAN_POINT('',(-250.233667029607,93.6934628018992,13.1157888810642));
#5016=CARTESIAN_POINT('',(-250.257935784839,93.7884450394542,13.0850980991543));
#5017=CARTESIAN_POINT('',(-250.328206089608,94.0748137144253,12.9953656656054));
#5018=CARTESIAN_POINT('',(-250.371569095571,94.2670652138151,12.9388147900489));
#5019=CARTESIAN_POINT('',(-250.450989850294,94.6558319006632,12.8335877709703));
#5020=CARTESIAN_POINT('',(-250.486940502298,94.8517779240041,12.7850518398712));
#5021=CARTESIAN_POINT('',(-250.550766312336,95.2486387611533,12.697706076557));
#5022=CARTESIAN_POINT('',(-250.57833611174,95.4474581138153,12.6593167850844));
#5023=CARTESIAN_POINT('',(-250.613020832609,95.7501042140636,12.6104717411915));
#5024=CARTESIAN_POINT('',(-250.623354576947,95.8507751282969,12.5958091032297));
#5025=CARTESIAN_POINT('',(-250.641701479635,96.0541604489893,12.5696288645639));
#5026=CARTESIAN_POINT('',(-250.649568364019,96.1552260062211,12.5583202608125));
#5027=CARTESIAN_POINT('',(-250.669475120816,96.4615428204418,12.5295563714856));
#5028=CARTESIAN_POINT('',(-250.677522033801,96.6660919277143,12.5177033172131));
#5029=CARTESIAN_POINT('',(-250.682325099442,97.0771180250962,12.5105810822259));
#5030=CARTESIAN_POINT('',(-250.678901801274,97.2820575288519,12.5157119024753));
#5031=CARTESIAN_POINT('',(-250.661211327853,97.6915513242593,12.5415283902885));
#5032=CARTESIAN_POINT('',(-250.646989218057,97.8952794674456,12.562129085373));
#5033=CARTESIAN_POINT('',(-250.60877027168,98.3005282126256,12.6165475916586));
#5034=CARTESIAN_POINT('',(-250.584823809362,98.5015764335089,12.6502925545092));
#5035=CARTESIAN_POINT('',(-250.542329421159,98.8010008042835,12.7091672233499));
#5036=CARTESIAN_POINT('',(-250.527136497906,98.9000085884628,12.7300757692343));
#5037=CARTESIAN_POINT('',(-250.494519662032,99.0982217290387,12.7745974047072));
#5038=CARTESIAN_POINT('',(-250.477257524385,99.1964406595916,12.7979905996784));
#5039=CARTESIAN_POINT('',(-250.385930887188,99.686067202568,12.9206866235288));
#5040=CARTESIAN_POINT('',(-250.297356094527,100.070710108298,13.0365211044915));
#5041=CARTESIAN_POINT('',(-250.09480084595,100.825091906313,13.2890030589422));
#5042=CARTESIAN_POINT('',(-249.980767564958,101.195136559369,13.4257370257777));
#5043=CARTESIAN_POINT('',(-249.729770428139,101.924248223375,13.7082219004076));
#5044=CARTESIAN_POINT('',(-249.594117925514,102.283001902624,13.8550558239567));
#5045=CARTESIAN_POINT('',(-249.306756044619,102.990878214796,14.1554514345989));
#5046=CARTESIAN_POINT('',(-249.155059112616,103.340041231661,14.3090537729225));
#5047=CARTESIAN_POINT('',(-248.840507080962,104.032498399467,14.6187395232432));
#5048=CARTESIAN_POINT('',(-248.677669897318,104.375821986503,14.7748012758927));
#5049=CARTESIAN_POINT('',(-248.34652726798,105.060113013191,15.0847488547677));
#5050=CARTESIAN_POINT('',(-248.178171679185,105.401062210161,15.2385782820326));
#5051=CARTESIAN_POINT('',(-247.840859477104,106.086039974515,15.5408081193623));
#5052=CARTESIAN_POINT('',(-247.672366067331,106.429297881021,15.6894876577372));
#5053=CARTESIAN_POINT('',(-247.341790209356,107.122644026071,15.9814579387288));
#5054=CARTESIAN_POINT('',(-247.17998359695,107.471225732427,16.1245242821874));
#5055=CARTESIAN_POINT('',(-246.874743944556,108.181544618656,16.4003424488157));
#5056=CARTESIAN_POINT('',(-246.730168386649,108.543110970121,16.5332962795895));
#5057=CARTESIAN_POINT('',(-246.546466715222,109.10327377479,16.7106613447296));
#5058=CARTESIAN_POINT('',(-246.491030787297,109.293470138267,16.7656311071939));
#5059=CARTESIAN_POINT('',(-246.398845410881,109.681843464001,16.8601219971898));
#5060=CARTESIAN_POINT('',(-246.361889863176,109.881279817917,16.8998209072465));
#5061=CARTESIAN_POINT('',(-246.319277808644,110.285418347073,16.9519122184672));
#5062=CARTESIAN_POINT('',(-246.313920147082,110.492523242337,16.9634728566271));
#5063=CARTESIAN_POINT('',(-246.348271642263,110.900989536878,16.947056082759));
#5064=CARTESIAN_POINT('',(-246.388748677128,111.102622832186,16.9186386895055));
#5065=CARTESIAN_POINT('',(-246.478490025634,111.371320154203,16.8520057521311));
#5066=CARTESIAN_POINT('',(-246.508698044908,111.448177992984,16.8290858892583));
#5067=CARTESIAN_POINT('',(-246.542267558818,111.522786074907,16.8037773290562));
#5068=CARTESIAN_POINT('',(-246.542267558818,111.522786074907,16.8037773290562));
#5069=CARTESIAN_POINT('',(-246.589143733366,111.626967753932,16.7684369112993));
#5070=CARTESIAN_POINT('',(-246.642574445136,111.726762651941,16.7284388038623));
#5071=CARTESIAN_POINT('',(-246.80236745584,111.985942143435,16.6138951052367));
#5072=CARTESIAN_POINT('',(-246.917820249129,112.135012637346,16.5325336408361));
#5073=CARTESIAN_POINT('',(-247.16404549705,112.409673943585,16.3507124567098));
#5074=CARTESIAN_POINT('',(-247.293941546828,112.534830038039,16.2532181551397));
#5075=CARTESIAN_POINT('',(-247.561988879383,112.769600561994,16.0484952216294));
#5076=CARTESIAN_POINT('',(-247.699588488342,112.87860944671,15.9419083085226));
#5077=CARTESIAN_POINT('',(-248.117674070601,113.18867115754,15.6130523262044));
#5078=CARTESIAN_POINT('',(-248.403246490295,113.373635123756,15.3825199304449));
#5079=CARTESIAN_POINT('',(-248.97553683837,113.721991401767,14.9076477958683));
#5080=CARTESIAN_POINT('',(-249.261874903046,113.88465187887,14.6632239261078));
#5081=CARTESIAN_POINT('',(-249.687270808589,114.121613644695,14.2853178512282));
#5082=CARTESIAN_POINT('',(-249.827684174468,114.198915843077,14.1580770229279));
#5083=CARTESIAN_POINT('',(-250.107287502564,114.352332721812,13.8984342490096));
#5084=CARTESIAN_POINT('',(-250.245235018266,114.427726463065,13.7671913638079));
#5085=CARTESIAN_POINT('',(-250.518125082485,114.57729954717,13.4993691266835));
#5086=CARTESIAN_POINT('',(-250.652943194331,114.651396688869,13.3628935973166));
#5087=CARTESIAN_POINT('',(-250.850422499292,114.761076639535,13.1544217916628));
#5088=CARTESIAN_POINT('',(-250.916049678163,114.797728159805,13.083648755447));
#5089=CARTESIAN_POINT('',(-251.044490791171,114.870034720943,12.9415310609993));
#5090=CARTESIAN_POINT('',(-251.108167116673,114.906195427329,12.8693056198524));
#5091=CARTESIAN_POINT('',(-251.295158863984,115.013519818401,12.6500167978233));
#5092=CARTESIAN_POINT('',(-251.414892445581,115.084236928254,12.498287015351));
#5093=CARTESIAN_POINT('',(-251.658772407721,115.233530726411,12.203911328612));
#5094=CARTESIAN_POINT('',(-251.780310277115,115.310300530719,12.057631497769));
#5095=CARTESIAN_POINT('',(-252.146117627906,115.548087757728,11.6234181467884));
#5096=CARTESIAN_POINT('',(-252.390880270561,115.716138185123,11.3389406270011));
#5097=CARTESIAN_POINT('',(-252.880368817908,116.067321920401,10.781595489426));
#5098=CARTESIAN_POINT('',(-253.125607272912,116.250792038941,10.5080645462022));
#5099=CARTESIAN_POINT('',(-253.616743428907,116.630627196174,9.97076942325521));
#5100=CARTESIAN_POINT('',(-253.86254009496,116.826868902708,9.70714663047483));
#5101=CARTESIAN_POINT('',(-254.357824467061,117.228954282082,9.19026145468709));
#5102=CARTESIAN_POINT('',(-254.607138937511,117.434738499805,8.93697304843892));
#5103=CARTESIAN_POINT('',(-255.112079636155,117.853125582719,8.44324563998359));
#5104=CARTESIAN_POINT('',(-255.36842771979,118.06575368618,8.20249671510878));
#5105=CARTESIAN_POINT('',(-255.893730543553,118.493442367568,7.7390317633049));
#5106=CARTESIAN_POINT('',(-256.163095468158,118.708951846512,7.5157892387856));
#5107=CARTESIAN_POINT('',(-256.7222260513,119.138693054818,7.09553304245449));
#5108=CARTESIAN_POINT('',(-257.012232590013,119.353220867144,6.89869423872589));
#5109=CARTESIAN_POINT('',(-257.621455106406,119.771873352698,6.5407520312585));
#5110=CARTESIAN_POINT('',(-257.940311835598,119.975739294173,6.38012135242553));
#5111=CARTESIAN_POINT('',(-258.610863917166,120.361160747273,6.10371858780516));
#5112=CARTESIAN_POINT('',(-258.96204728804,120.541630284346,5.98793818825046));
#5113=CARTESIAN_POINT('',(-259.69407799684,120.86281432131,5.80031141729988));
#5114=CARTESIAN_POINT('',(-260.074612309431,121.003018708593,5.7284137117056));
#5115=CARTESIAN_POINT('',(-260.85570453727,121.23235872502,5.62219467472269));
#5116=CARTESIAN_POINT('',(-261.256310499854,121.321202375015,5.58674914424265));
#5117=CARTESIAN_POINT('',(-262.067115054197,121.442771644002,5.54145490838974));
#5118=CARTESIAN_POINT('',(-262.477092481414,121.475743326825,5.53183235442371));
#5119=CARTESIAN_POINT('',(-263.297993770761,121.487022345783,5.52870208085022));
#5120=CARTESIAN_POINT('',(-263.70897358524,121.465651596731,5.53416970494564));
#5121=CARTESIAN_POINT('',(-264.523393807505,121.367165947048,5.56898806459114));
#5122=CARTESIAN_POINT('',(-264.92661037119,121.290016195843,5.59847420950977));
#5123=CARTESIAN_POINT('',(-265.715765560704,121.082143978046,5.69005729830442));
#5124=CARTESIAN_POINT('',(-266.101162838486,120.95202576247,5.75336983073879));
#5125=CARTESIAN_POINT('',(-266.844973615531,120.648123695675,5.92303425650824));
#5126=CARTESIAN_POINT('',(-267.20294673894,120.47465394286,6.0294755829455));
#5127=CARTESIAN_POINT('',(-267.88650349747,120.100051376929,6.28717781966628));
#5128=CARTESIAN_POINT('',(-268.212350977061,119.899399657095,6.4390056717593));
#5129=CARTESIAN_POINT('',(-268.833684389515,119.485829161362,6.78151811138876));
#5130=CARTESIAN_POINT('',(-269.128805576075,119.272878488185,6.97140341428415));
#5131=CARTESIAN_POINT('',(-269.697247175811,118.843661184668,7.38034854140423));
#5132=CARTESIAN_POINT('',(-269.969967441887,118.628194134584,7.59881011234377));
#5133=CARTESIAN_POINT('',(-270.501619308985,118.199023887739,8.05505678519519));
#5134=CARTESIAN_POINT('',(-270.759686593086,117.985886389009,8.29222347821166));
#5135=CARTESIAN_POINT('',(-271.141140434179,117.670002605956,8.65855010904615));
#5136=CARTESIAN_POINT('',(-271.266914543341,117.565684668596,8.78207407405014));
#5137=CARTESIAN_POINT('',(-271.517864506272,117.358390587112,9.03282313149781));
#5138=CARTESIAN_POINT('',(-271.642499960937,117.255860532838,9.1595030083749));
#5139=CARTESIAN_POINT('',(-271.89107046308,117.052756737039,9.41588727807012));
#5140=CARTESIAN_POINT('',(-272.014513359855,116.952601187507,9.54507850614825));
#5141=CARTESIAN_POINT('',(-272.261256683685,116.754457092292,9.80657656600796));
#5142=CARTESIAN_POINT('',(-272.384349912266,116.656650473364,9.93865656403227));
#5143=CARTESIAN_POINT('',(-272.752883463566,116.3679086319,10.3384818428381));
#5144=CARTESIAN_POINT('',(-272.998490304351,116.181340326483,10.6101822068943));
#5145=CARTESIAN_POINT('',(-273.365804970209,115.913197629112,11.0248820989172));
#5146=CARTESIAN_POINT('',(-273.48819661205,115.825658099464,11.1644686359119));
#5147=CARTESIAN_POINT('',(-273.73285448656,115.654645142221,11.4464230670826));
#5148=CARTESIAN_POINT('',(-273.854927406447,115.571297965473,11.588564619424));
#5149=CARTESIAN_POINT('',(-274.038321628721,115.449329819717,11.804396528265));
#5150=CARTESIAN_POINT('',(-274.099047249513,115.409481695956,11.876241911877));
#5151=CARTESIAN_POINT('',(-274.221115316393,115.33050073428,12.021436888515));
#5152=CARTESIAN_POINT('',(-274.282203178012,115.291542149791,12.0944872455448));
#5153=CARTESIAN_POINT('',(-274.403683394426,115.215228074503,12.2405533527166));
#5154=CARTESIAN_POINT('',(-274.464578016098,115.177554578705,12.3141383583589));
#5155=CARTESIAN_POINT('',(-274.586322032197,115.103454986541,12.462192016147));
#5156=CARTESIAN_POINT('',(-274.647041198325,115.067095498843,12.5361339878998));
#5157=CARTESIAN_POINT('',(-274.828746426577,114.960218966253,12.7607489464602));
#5158=CARTESIAN_POINT('',(-274.954564393672,114.88851155822,12.9060781253211));
#5159=CARTESIAN_POINT('',(-275.213593639334,114.743056297018,13.1901443452605));
#5160=CARTESIAN_POINT('',(-275.345797575902,114.66992203021,13.3282735227299));
#5161=CARTESIAN_POINT('',(-275.61533135617,114.521650640169,13.6002705650511));
#5162=CARTESIAN_POINT('',(-275.752457921458,114.446653547486,13.7338712020991));
#5163=CARTESIAN_POINT('',(-276.0289509148,114.295257052661,13.9961996135281));
#5164=CARTESIAN_POINT('',(-276.169045620633,114.218477689445,14.1255911748171));
#5165=CARTESIAN_POINT('',(-276.450780545655,114.062835772221,14.3802757376123));
#5166=CARTESIAN_POINT('',(-276.592559297612,113.983926233615,14.5056952248197));
#5167=CARTESIAN_POINT('',(-276.877662621658,113.82252197398,14.7534330254426));
#5168=CARTESIAN_POINT('',(-277.020542851879,113.740253254986,14.875359318275));
#5169=CARTESIAN_POINT('',(-277.450001828444,113.485597016811,15.2360957758311));
#5170=CARTESIAN_POINT('',(-277.736493372477,113.306524610792,15.4697541950641));
#5171=CARTESIAN_POINT('',(-278.158601623824,113.009655137897,15.8056159334003));
#5172=CARTESIAN_POINT('',(-278.298091736852,112.905683626351,15.9150495952164));
#5173=CARTESIAN_POINT('',(-278.571341705364,112.684131320782,16.1262854463555));
#5174=CARTESIAN_POINT('',(-278.705618066899,112.565932733106,16.2285965526118));
#5175=CARTESIAN_POINT('',(-278.962072990548,112.310216285064,16.420617156195));
#5176=CARTESIAN_POINT('',(-279.085213357045,112.17192975954,16.5112051091902));
#5177=CARTESIAN_POINT('',(-279.253356252057,111.943534305019,16.6308619710938));
#5178=CARTESIAN_POINT('',(-279.359619746638,111.78419554978,16.7063608790124));
#5179=CARTESIAN_POINT('',(-279.449687835679,111.612191653691,16.7735715750664));
#5180=CARTESIAN_POINT('',(-279.489891331038,111.522786074907,16.8037773290563));
#5181=CARTESIAN_POINT('',(-247.287115878879,109.697065002591,17.9176606178035));
#5182=CARTESIAN_POINT('',(-247.363670734737,109.734877356581,17.9405983438648));
#5183=CARTESIAN_POINT('',(-247.694936653769,109.850412209367,18.0072059598646));
#5184=CARTESIAN_POINT('',(-248.636430664039,109.975720862669,17.9995230526656));
#5185=CARTESIAN_POINT('',(-250.045355298368,110.012693557213,17.8562441774091));
#5186=CARTESIAN_POINT('',(-252.552710187831,109.946427818018,17.4994273463436));
#5187=CARTESIAN_POINT('',(-256.876284903351,109.651075546223,16.7707274874421));
#5188=CARTESIAN_POINT('',(-263.016079444928,109.388856144025,16.2204360440734));
#5189=CARTESIAN_POINT('',(-269.155873986505,109.651075546223,16.7707274874421));
#5190=CARTESIAN_POINT('',(-273.479448702025,109.946427818018,17.4994273463435));
#5191=CARTESIAN_POINT('',(-275.986803591488,110.012693557213,17.8562441774091));
#5192=CARTESIAN_POINT('',(-277.395728225817,109.975720862669,17.9995230526656));
#5193=CARTESIAN_POINT('',(-278.337222236086,109.850412209367,18.0072059598645));
#5194=CARTESIAN_POINT('',(-278.668488155118,109.734877356581,17.9405983438647));
#5195=CARTESIAN_POINT('',(-278.745043010976,109.697065002591,17.9176606178034));
#5196=CARTESIAN_POINT('',(-278.745043010976,84.3029349974097,17.9176606178034));
#5197=CARTESIAN_POINT('',(-278.734636008848,84.4304742641791,17.8963773352046));
#5198=CARTESIAN_POINT('',(-278.64619693256,84.9234632124266,17.7992495312301));
#5199=CARTESIAN_POINT('',(-278.25106679797,86.0021123013594,17.4778367686266));
#5200=CARTESIAN_POINT('',(-277.597663338974,87.3550461426071,16.9989659199174));
#5201=CARTESIAN_POINT('',(-276.456346688154,89.4881192838386,16.2020160045544));
#5202=CARTESIAN_POINT('',(-274.662464040053,92.7031039029696,15.0052658865502));
#5203=CARTESIAN_POINT('',(-273.43923971736,97.0000000000002,14.2069907262276));
#5204=CARTESIAN_POINT('',(-274.662464040053,101.296896097031,15.0052658865502));
#5205=CARTESIAN_POINT('',(-276.456346688154,104.511880716162,16.2020160045544));
#5206=CARTESIAN_POINT('',(-277.597663338974,106.644953857393,16.9989659199174));
#5207=CARTESIAN_POINT('',(-278.25106679797,107.997887698641,17.4778367686266));
#5208=CARTESIAN_POINT('',(-278.64619693256,109.076536787574,17.7992495312301));
#5209=CARTESIAN_POINT('',(-278.734636008848,109.569525735821,17.8963773352046));
#5210=CARTESIAN_POINT('',(-278.745043010976,109.697065002591,17.9176606178034));
#5211=CARTESIAN_POINT('',(-247.287115878879,84.3029349974097,17.9176606178035));
#5212=CARTESIAN_POINT('',(-247.363670734737,84.2651226434195,17.9405983438648));
#5213=CARTESIAN_POINT('',(-247.694936653769,84.1495877906339,18.0072059598646));
#5214=CARTESIAN_POINT('',(-248.636430664039,84.0242791373319,17.9995230526656));
#5215=CARTESIAN_POINT('',(-250.045355298368,83.9873064427881,17.8562441774091));
#5216=CARTESIAN_POINT('',(-252.552710187831,84.053572181982,17.4994273463436));
#5217=CARTESIAN_POINT('',(-256.876284903351,84.348924453777,16.7707274874421));
#5218=CARTESIAN_POINT('',(-263.016079444928,84.6111438559749,16.2204360440734));
#5219=CARTESIAN_POINT('',(-269.155873986505,84.348924453777,16.7707274874421));
#5220=CARTESIAN_POINT('',(-273.479448702025,84.0535721819821,17.4994273463435));
#5221=CARTESIAN_POINT('',(-275.986803591488,83.9873064427879,17.8562441774091));
#5222=CARTESIAN_POINT('',(-277.395728225817,84.0242791373319,17.9995230526656));
#5223=CARTESIAN_POINT('',(-278.337222236086,84.1495877906339,18.0072059598645));
#5224=CARTESIAN_POINT('',(-278.668488155118,84.2651226434195,17.9405983438647));
#5225=CARTESIAN_POINT('',(-278.745043010976,84.3029349974097,17.9176606178034));
#5226=CARTESIAN_POINT('',(-278.745043010976,84.3029349974097,17.9176606178034));
#5227=CARTESIAN_POINT('',(-278.841426379354,84.2074023447685,17.9151068495433));
#5228=CARTESIAN_POINT('',(-279.152877298731,83.8756391411658,17.8873791733131));
#5229=CARTESIAN_POINT('',(-279.510401383269,83.3177557863927,17.6698848089468));
#5230=CARTESIAN_POINT('',(-279.611233238986,82.8476891583033,17.2908112277964));
#5231=CARTESIAN_POINT('',(-279.541345836908,82.5793498991176,16.9546447915969));
#5232=CARTESIAN_POINT('',(-279.489891331037,82.4772139250931,16.8037773290561));
#5233=CARTESIAN_POINT('',(-247.287115878879,84.3029349974097,17.9176606178035));
#5234=CARTESIAN_POINT('',(-247.297522881008,84.4304742641791,17.8963773352046));
#5235=CARTESIAN_POINT('',(-247.385961957295,84.9234632124266,17.7992495312302));
#5236=CARTESIAN_POINT('',(-247.781092091885,86.0021123013593,17.4778367686266));
#5237=CARTESIAN_POINT('',(-248.434495550882,87.3550461426072,16.9989659199174));
#5238=CARTESIAN_POINT('',(-249.575812201701,89.4881192838386,16.2020160045544));
#5239=CARTESIAN_POINT('',(-251.369694849803,92.7031039029696,15.0052658865502));
#5240=CARTESIAN_POINT('',(-252.592919172495,97.0000000000003,14.2069907262276));
#5241=CARTESIAN_POINT('',(-251.369694849803,101.296896097031,15.0052658865503));
#5242=CARTESIAN_POINT('',(-249.575812201701,104.511880716162,16.2020160045544));
#5243=CARTESIAN_POINT('',(-248.434495550882,106.644953857393,16.9989659199174));
#5244=CARTESIAN_POINT('',(-247.781092091885,107.997887698641,17.4778367686266));
#5245=CARTESIAN_POINT('',(-247.385961957295,109.076536787574,17.7992495312302));
#5246=CARTESIAN_POINT('',(-247.297522881008,109.569525735821,17.8963773352046));
#5247=CARTESIAN_POINT('',(-247.287115878879,109.697065002591,17.9176606178035));
#5248=CARTESIAN_POINT('',(-279.489891331038,111.522786074907,16.8037773290563));
#5249=CARTESIAN_POINT('',(-279.541345836908,111.420650100883,16.954644791597));
#5250=CARTESIAN_POINT('',(-279.611233238986,111.152310841697,17.2908112277964));
#5251=CARTESIAN_POINT('',(-279.510401383269,110.682244213608,17.6698848089468));
#5252=CARTESIAN_POINT('',(-279.152877298731,110.124360858835,17.8873791733131));
#5253=CARTESIAN_POINT('',(-278.841426379354,109.792597655232,17.9151068495433));
#5254=CARTESIAN_POINT('',(-278.745043010976,109.697065002591,17.9176606178034));
#5255=CARTESIAN_POINT('',(-246.542267558818,111.522786074907,16.8037773290562));
#5256=CARTESIAN_POINT('',(-246.490813052947,111.420650100883,16.954644791597));
#5257=CARTESIAN_POINT('',(-246.420925650869,111.152310841697,17.2908112277965));
#5258=CARTESIAN_POINT('',(-246.521757506587,110.682244213608,17.6698848089468));
#5259=CARTESIAN_POINT('',(-246.879281591125,110.124360858835,17.8873791733132));
#5260=CARTESIAN_POINT('',(-247.190732510502,109.792597655232,17.9151068495433));
#5261=CARTESIAN_POINT('',(-247.287115878879,109.697065002591,17.9176606178035));
#5262=CARTESIAN_POINT('',(-246.542267558818,82.477213925093,16.8037773290561));
#5263=CARTESIAN_POINT('',(-246.490813052947,82.5793498991175,16.9546447915969));
#5264=CARTESIAN_POINT('',(-246.420925650869,82.8476891583032,17.2908112277964));
#5265=CARTESIAN_POINT('',(-246.521757506587,83.3177557863926,17.6698848089468));
#5266=CARTESIAN_POINT('',(-246.879281591125,83.8756391411658,17.8873791733132));
#5267=CARTESIAN_POINT('',(-247.190732510502,84.2074023447685,17.9151068495434));
#5268=CARTESIAN_POINT('',(-247.287115878879,84.3029349974097,17.9176606178035));
#5269=CARTESIAN_POINT('',(-262.016080265547,82.9999999732277,18.9973878378319));
#5270=CARTESIAN_POINT('',(-262.016080265547,83.9999999732276,18.9973878378319));
#5271=CARTESIAN_POINT('',(-263.016080265547,83.9999999732277,18.9973878378319));
#5272=CARTESIAN_POINT('',(-264.016080265547,83.9999999732276,18.9973878378319));
#5273=CARTESIAN_POINT('',(-264.016080265547,82.9999999732277,18.9973878378319));
#5274=CARTESIAN_POINT('',(-264.016080265547,81.9999999732276,18.9973878378319));
#5275=CARTESIAN_POINT('',(-263.016080265547,81.9999999732277,18.9973878378319));
#5276=CARTESIAN_POINT('',(-262.016080265547,81.9999999732276,18.9973878378319));
#5277=CARTESIAN_POINT('',(-262.016080265547,82.9999999732277,18.9973878378319));
#5278=CARTESIAN_POINT('',(-262.016080265547,82.9999999732277,16.2953580435082));
#5279=CARTESIAN_POINT('',(-262.016080265547,82.860851558061,16.2662725778641));
#5280=CARTESIAN_POINT('',(-262.04507599441,82.7243731358861,16.2315012245541));
#5281=CARTESIAN_POINT('',(-262.100125350547,82.5987187829285,16.1945934054599));
#5282=CARTESIAN_POINT('',(-262.155096250765,82.4732435115887,16.1577381871056));
#5283=CARTESIAN_POINT('',(-262.235426535648,82.3600468085932,16.1192880067289));
#5284=CARTESIAN_POINT('',(-262.336432115508,82.266461704186,16.0850122540653));
#5285=CARTESIAN_POINT('',(-262.426334845601,82.1831637676363,16.0545041995126));
#5286=CARTESIAN_POINT('',(-262.531697047823,82.1162579586711,16.0277273381623));
#5287=CARTESIAN_POINT('',(-262.647925222898,82.0702355597379,16.0088486632613));
#5288=CARTESIAN_POINT('',(-262.764487450295,82.0240808874617,15.9899157290106));
#5289=CARTESIAN_POINT('',(-262.889201118036,82.0000000773467,15.9794721921511));
#5290=CARTESIAN_POINT('',(-263.016080265547,81.9999999732277,15.979472150933));
#5291=CARTESIAN_POINT('',(-263.142958729841,81.9999999732276,15.9794721541266));
#5292=CARTESIAN_POINT('',(-263.267672549846,82.0240807329132,15.9899156765408));
#5293=CARTESIAN_POINT('',(-263.384234924188,82.0702354076841,16.0088486190179));
#5294=CARTESIAN_POINT('',(-263.500463244731,82.1162578086871,16.0277273019505));
#5295=CARTESIAN_POINT('',(-263.605825575887,82.1831636689604,16.0545041918188));
#5296=CARTESIAN_POINT('',(-263.695728402952,82.2664616924809,16.0850122825664));
#5297=CARTESIAN_POINT('',(-263.796733986185,82.3600467967809,16.1192880400687));
#5298=CARTESIAN_POINT('',(-263.877064274189,82.4732435008278,16.1577382246882));
#5299=CARTESIAN_POINT('',(-263.932035176722,82.5987187741995,16.1945934462224));
#5300=CARTESIAN_POINT('',(-263.987084535203,82.7243731292491,16.231501268518));
#5301=CARTESIAN_POINT('',(-264.016080265547,82.860851554473,16.2662726239067));
#5302=CARTESIAN_POINT('',(-264.016080265547,82.9999999732277,16.2953580901249));
#5303=CARTESIAN_POINT('',(-264.016080265547,83.1148834856525,16.3193715898797));
#5304=CARTESIAN_POINT('',(-263.996302002261,83.2295945995578,16.3391374036217));
#5305=CARTESIAN_POINT('',(-263.956832161952,83.3390956373257,16.3544656937852));
#5306=CARTESIAN_POINT('',(-263.887430542729,83.5316363030134,16.3814181250324));
#5307=CARTESIAN_POINT('',(-263.760349448376,83.6990232650352,16.3933906241917));
#5308=CARTESIAN_POINT('',(-263.591622248753,83.8177722065337,16.3988917779593));
#5309=CARTESIAN_POINT('',(-263.507894017395,83.8766995097165,16.401621639395));
#5310=CARTESIAN_POINT('',(-263.4155862551,83.9224338510642,16.4027835441038));
#5311=CARTESIAN_POINT('',(-263.317946740539,83.9533501876168,16.4034134621801));
#5312=CARTESIAN_POINT('',(-263.220309947033,83.984265662581,16.4040433627017));
#5313=CARTESIAN_POINT('',(-263.118496235325,83.9999999732277,16.4041531656133));
#5314=CARTESIAN_POINT('',(-263.016079444928,83.9999999732273,16.4041531631654));
#5315=CARTESIAN_POINT('',(-262.913663545415,83.9999998891829,16.4041531597784));
#5316=CARTESIAN_POINT('',(-262.81184991565,83.9842655165739,16.404043351146));
#5317=CARTESIAN_POINT('',(-262.71421320806,83.953350003177,16.4034134442143));
#5318=CARTESIAN_POINT('',(-262.616573779401,83.9224336281857,16.4027835197275));
#5319=CARTESIAN_POINT('',(-262.524266104443,83.8766992719041,16.4016216080151));
#5320=CARTESIAN_POINT('',(-262.440537954327,83.8177719756806,16.3988917404695));
#5321=CARTESIAN_POINT('',(-262.27181092012,83.6990230494008,16.3933905744446));
#5322=CARTESIAN_POINT('',(-262.14472995018,83.5316361853998,16.381418067595));
#5323=CARTESIAN_POINT('',(-262.075328375703,83.339095655529,16.3544656527613));
#5324=CARTESIAN_POINT('',(-262.035858531082,83.2295946124407,16.3391373603752));
#5325=CARTESIAN_POINT('',(-262.016080265547,83.114883492182,16.3193715447732));
#5326=CARTESIAN_POINT('',(-262.016080265547,82.9999999732277,16.2953580435082));
#5327=CARTESIAN_POINT('',(-262.016080265547,82.9999999732277,16.2953580435082));
#5328=CARTESIAN_POINT('',(-262.016080265547,82.9999999732277,18.9973878378319));
#5329=CARTESIAN_POINT('',(-261.016080265547,97.,18.9973878378319));
#5330=CARTESIAN_POINT('',(-261.016080265547,99.,18.9973878378319));
#5331=CARTESIAN_POINT('',(-263.016080265547,99.,18.9973878378319));
#5332=CARTESIAN_POINT('',(-265.016080265547,99.,18.9973878378319));
#5333=CARTESIAN_POINT('',(-265.016080265547,97.,18.9973878378319));
#5334=CARTESIAN_POINT('',(-265.016080265547,95.,18.9973878378319));
#5335=CARTESIAN_POINT('',(-263.016080265547,95.,18.9973878378319));
#5336=CARTESIAN_POINT('',(-261.016080265547,95.,18.9973878378319));
#5337=CARTESIAN_POINT('',(-261.016080265547,97.,18.9973878378319));
#5338=CARTESIAN_POINT('',(-261.016080265547,97.,13.7227475988995));
#5339=CARTESIAN_POINT('',(-261.016080265547,96.7372155050693,13.7227475988995));
#5340=CARTESIAN_POINT('',(-261.067856876563,96.4771138339154,13.7277861276457));
#5341=CARTESIAN_POINT('',(-261.268904636232,95.991864906312,13.7437488983553));
#5342=CARTESIAN_POINT('',(-261.416194661515,95.7714723114913,13.7543976248476));
#5343=CARTESIAN_POINT('',(-261.787445949715,95.4001933618682,13.7748838725194));
#5344=CARTESIAN_POINT('',(-262.007846127888,95.2528728436842,13.7844389830923));
#5345=CARTESIAN_POINT('',(-262.493180266006,95.0517749058749,13.7976691494312));
#5346=CARTESIAN_POINT('',(-262.753303822535,95.0000000000285,13.801189803528));
#5347=CARTESIAN_POINT('',(-263.016080265547,95.0000000000001,13.8011898116697));
#5348=CARTESIAN_POINT('',(-263.278856498416,95.,13.8011898200793));
#5349=CARTESIAN_POINT('',(-263.538979854333,95.0517748231449,13.7976691876009));
#5350=CARTESIAN_POINT('',(-264.024313929879,95.2528725601063,13.7844390614026));
#5351=CARTESIAN_POINT('',(-264.244714205021,95.4001930614621,13.7748839626524));
#5352=CARTESIAN_POINT('',(-264.615965667045,95.7714720329687,13.7543977302086));
#5353=CARTESIAN_POINT('',(-264.763255765508,95.9918646642065,13.7437490071807));
#5354=CARTESIAN_POINT('',(-264.964303627444,96.477113698428,13.7277862396229));
#5355=CARTESIAN_POINT('',(-265.016080265547,96.7372154363262,13.7227477107654));
#5356=CARTESIAN_POINT('',(-265.016080265547,97.0000000000001,13.7227477107654));
#5357=CARTESIAN_POINT('',(-265.016080265547,97.2627845636737,13.7227477107654));
#5358=CARTESIAN_POINT('',(-264.964303627444,97.5228863015724,13.7277862396229));
#5359=CARTESIAN_POINT('',(-264.763255765509,98.0081353357933,13.7437490071807));
#5360=CARTESIAN_POINT('',(-264.615965667045,98.2285279670316,13.7543977302086));
#5361=CARTESIAN_POINT('',(-264.244714205021,98.5998069385381,13.7748839626524));
#5362=CARTESIAN_POINT('',(-264.024313929879,98.7471274398937,13.7844390614026));
#5363=CARTESIAN_POINT('',(-263.538979601711,98.9482252815284,13.7976691944872));
#5364=CARTESIAN_POINT('',(-263.278855956859,99.000000107791,13.8011898274089));
#5365=CARTESIAN_POINT('',(-263.016079444928,98.9999999999999,13.8011898116696));
#5366=CARTESIAN_POINT('',(-262.753303280979,98.9999998921803,13.8011897961982));
#5367=CARTESIAN_POINT('',(-262.493180013385,98.9482249894517,13.7976691425447));
#5368=CARTESIAN_POINT('',(-262.007846127888,98.7471271563158,13.7844389830923));
#5369=CARTESIAN_POINT('',(-261.787445949715,98.599806638132,13.7748838725193));
#5370=CARTESIAN_POINT('',(-261.416194661515,98.2285276885088,13.7543976248476));
#5371=CARTESIAN_POINT('',(-261.268904636232,98.0081350936882,13.7437488983553));
#5372=CARTESIAN_POINT('',(-261.067856876563,97.522886166085,13.7277861276457));
#5373=CARTESIAN_POINT('',(-261.016080265547,97.2627844949307,13.7227475988995));
#5374=CARTESIAN_POINT('',(-261.016080265547,97.,13.7227475988995));
#5375=CARTESIAN_POINT('',(-261.016080265547,97.,13.7227475988995));
#5376=CARTESIAN_POINT('',(-261.016080265547,97.,18.9973878378319));
#5377=CARTESIAN_POINT('',(-262.016080265547,111.,18.9973878378319));
#5378=CARTESIAN_POINT('',(-262.016080265547,112.,18.9973878378319));
#5379=CARTESIAN_POINT('',(-263.016080265547,112.,18.9973878378319));
#5380=CARTESIAN_POINT('',(-264.016080265547,112.,18.9973878378319));
#5381=CARTESIAN_POINT('',(-264.016080265547,111.,18.9973878378319));
#5382=CARTESIAN_POINT('',(-264.016080265547,110.,18.9973878378319));
#5383=CARTESIAN_POINT('',(-263.016080265547,110.,18.9973878378319));
#5384=CARTESIAN_POINT('',(-262.016080265547,110.,18.9973878378319));
#5385=CARTESIAN_POINT('',(-262.016080265547,111.,18.9973878378319));
#5386=CARTESIAN_POINT('',(-262.016080265547,111.,16.2953580491044));
#5387=CARTESIAN_POINT('',(-262.016080265547,110.885116490512,16.3193715478412));
#5388=CARTESIAN_POINT('',(-262.035858527826,110.770405379629,16.3391373616568));
#5389=CARTESIAN_POINT('',(-262.075328366014,110.660904344579,16.3544656530025));
#5390=CARTESIAN_POINT('',(-262.144729936624,110.468363808189,16.3814180688979));
#5391=CARTESIAN_POINT('',(-262.271810906085,110.300976937317,16.3933905760092));
#5392=CARTESIAN_POINT('',(-262.440537942617,110.182228005788,16.3988917419491));
#5393=CARTESIAN_POINT('',(-262.524266093853,110.123300706983,16.4016216094514));
#5394=CARTESIAN_POINT('',(-262.616573770511,110.077566348626,16.4027835210511));
#5395=CARTESIAN_POINT('',(-262.714213201237,110.046649972211,16.4034134454477));
#5396=CARTESIAN_POINT('',(-262.811849910893,110.015734457391,16.4040433522893));
#5397=CARTESIAN_POINT('',(-262.913663543016,110.000000084045,16.4041531608574));
#5398=CARTESIAN_POINT('',(-263.016080265547,110.,16.4041531642443));
#5399=CARTESIAN_POINT('',(-263.118496237725,110.,16.4041531666923));
#5400=CARTESIAN_POINT('',(-263.22030995179,110.015734311384,16.404043363845));
#5401=CARTESIAN_POINT('',(-263.317946747362,110.046649787771,16.4034134634136));
#5402=CARTESIAN_POINT('',(-263.41558626399,110.077566125747,16.4027835454273));
#5403=CARTESIAN_POINT('',(-263.507894027984,110.123300469171,16.4016216408312));
#5404=CARTESIAN_POINT('',(-263.591622260463,110.182227774935,16.3988917794389));
#5405=CARTESIAN_POINT('',(-263.760349462412,110.300976721683,16.3933906257563));
#5406=CARTESIAN_POINT('',(-263.887430556284,110.468363690575,16.3814181263353));
#5407=CARTESIAN_POINT('',(-263.956832171641,110.660904362782,16.3544656940264));
#5408=CARTESIAN_POINT('',(-263.996302005517,110.770405392513,16.3391374049031));
#5409=CARTESIAN_POINT('',(-264.016080265547,110.88511649704,16.319371592948));
#5410=CARTESIAN_POINT('',(-264.016080265547,111.,16.295358095721));
#5411=CARTESIAN_POINT('',(-264.016080265547,111.139148425378,16.2662726287839));
#5412=CARTESIAN_POINT('',(-263.987084532447,111.275626856923,16.2315012721271));
#5413=CARTESIAN_POINT('',(-263.932035168911,111.401281216858,16.1945934485395));
#5414=CARTESIAN_POINT('',(-263.877064261335,111.526756495095,16.1577382257188));
#5415=CARTESIAN_POINT('',(-263.796733966111,111.639953202383,16.1192880398712));
#5416=CARTESIAN_POINT('',(-263.695728374279,111.733538307313,16.0850122820646));
#5417=CARTESIAN_POINT('',(-263.605825548553,111.816836323061,16.0545041940982));
#5418=CARTESIAN_POINT('',(-263.50046322094,111.883742176656,16.0277273070557));
#5419=CARTESIAN_POINT('',(-263.384234905552,111.929764572923,16.0088486262264));
#5420=CARTESIAN_POINT('',(-263.267672536502,111.975919242896,15.9899156858782));
#5421=CARTESIAN_POINT('',(-263.142958722887,112.,15.9794721647253));
#5422=CARTESIAN_POINT('',(-263.016079444928,112.,15.9794721615316));
#5423=CARTESIAN_POINT('',(-262.889201124853,111.999999895881,15.9794722027497));
#5424=CARTESIAN_POINT('',(-262.764487463766,111.975919088397,15.9899157383275));
#5425=CARTESIAN_POINT('',(-262.647925241534,111.929764420869,16.0088486704697));
#5426=CARTESIAN_POINT('',(-262.531697071614,111.883742026672,16.0277273432676));
#5427=CARTESIAN_POINT('',(-262.426334872934,111.816836224385,16.0545042017922));
#5428=CARTESIAN_POINT('',(-262.336432144181,111.733538295608,16.0850122535635));
#5429=CARTESIAN_POINT('',(-262.235426555722,111.639953190571,16.1192880065315));
#5430=CARTESIAN_POINT('',(-262.155096263619,111.526756484334,16.1577381881363));
#5431=CARTESIAN_POINT('',(-262.100125358358,111.401281208129,16.194593407777));
#5432=CARTESIAN_POINT('',(-262.045075997166,111.275626850286,16.2315012281632));
#5433=CARTESIAN_POINT('',(-262.016080265547,111.13914842179,16.2662725827413));
#5434=CARTESIAN_POINT('',(-262.016080265547,111.,16.2953580491044));
#5435=CARTESIAN_POINT('',(-262.016080265547,111.,16.2953580491044));
#5436=CARTESIAN_POINT('',(-262.016080265547,111.,18.9973878378319));
#5437=CARTESIAN_POINT('',(0.,0.,0.));
ENDSEC;
END-ISO-10303-21;
