ISO-10303-21;
HEADER;
/* Generated by software containing ST-Developer
 * from STEP Tools, Inc. (www.steptools.com) 
 */
/* OPTION: using custom schema-name function */

FILE_DESCRIPTION(
/* description */ (''),
/* implementation_level */ '2;1');

FILE_NAME(
/* name */ 'Support_original',
/* time_stamp */ '2026-04-16T17:56:24+03:00',
/* author */ (''),
/* organization */ (''),
/* preprocessor_version */ 'ST-DEVELOPER v16.5',
/* originating_system */ 'Rhino 7.23',
/* authorisation */ '');

FILE_SCHEMA (('CONFIG_CONTROL_DESIGN'));
ENDSEC;

DATA;
#10=SHAPE_REPRESENTATION_RELATIONSHIP('','',#232,#12);
#11=MANIFOLD_SOLID_BREP('brep_1',#13);
#12=ADVANCED_BREP_SHAPE_REPRESENTATION('brep_rep_0',(#11,#234),#231);
#13=CLOSED_SHELL('',(#14,#15,#16,#17,#18,#19,#20,#21,#22,#23));
#14=ADVANCED_FACE('',(#24),#136,.T.);
#15=ADVANCED_FACE('',(#25),#137,.T.);
#16=ADVANCED_FACE('',(#26),#138,.T.);
#17=ADVANCED_FACE('',(#27),#139,.T.);
#18=ADVANCED_FACE('',(#28),#140,.T.);
#19=ADVANCED_FACE('',(#29),#141,.T.);
#20=ADVANCED_FACE('',(#30),#142,.T.);
#21=ADVANCED_FACE('',(#31),#143,.T.);
#22=ADVANCED_FACE('',(#32),#144,.T.);
#23=ADVANCED_FACE('',(#33),#145,.T.);
#24=FACE_OUTER_BOUND('',#34,.T.);
#25=FACE_OUTER_BOUND('',#35,.T.);
#26=FACE_OUTER_BOUND('',#36,.T.);
#27=FACE_OUTER_BOUND('',#37,.T.);
#28=FACE_OUTER_BOUND('',#38,.T.);
#29=FACE_OUTER_BOUND('',#39,.T.);
#30=FACE_OUTER_BOUND('',#40,.T.);
#31=FACE_OUTER_BOUND('',#41,.T.);
#32=FACE_OUTER_BOUND('',#42,.T.);
#33=FACE_OUTER_BOUND('',#43,.T.);
#34=EDGE_LOOP('',(#44,#45,#46,#47));
#35=EDGE_LOOP('',(#48,#49,#50,#51));
#36=EDGE_LOOP('',(#52,#53,#54,#55));
#37=EDGE_LOOP('',(#56,#57,#58,#59));
#38=EDGE_LOOP('',(#60,#61,#62,#63));
#39=EDGE_LOOP('',(#64,#65,#66,#67));
#40=EDGE_LOOP('',(#68,#69,#70,#71));
#41=EDGE_LOOP('',(#72,#73,#74,#75));
#42=EDGE_LOOP('',(#76,#77,#78,#79));
#43=EDGE_LOOP('',(#80,#81,#82,#83));
#44=ORIENTED_EDGE('',*,*,#89,.F.);
#45=ORIENTED_EDGE('',*,*,#84,.F.);
#46=ORIENTED_EDGE('',*,*,#87,.T.);
#47=ORIENTED_EDGE('',*,*,#86,.T.);
#48=ORIENTED_EDGE('',*,*,#85,.F.);
#49=ORIENTED_EDGE('',*,*,#84,.T.);
#50=ORIENTED_EDGE('',*,*,#92,.F.);
#51=ORIENTED_EDGE('',*,*,#91,.F.);
#52=ORIENTED_EDGE('',*,*,#88,.F.);
#53=ORIENTED_EDGE('',*,*,#87,.F.);
#54=ORIENTED_EDGE('',*,*,#85,.T.);
#55=ORIENTED_EDGE('',*,*,#93,.F.);
#56=ORIENTED_EDGE('',*,*,#90,.F.);
#57=ORIENTED_EDGE('',*,*,#86,.F.);
#58=ORIENTED_EDGE('',*,*,#88,.T.);
#59=ORIENTED_EDGE('',*,*,#94,.F.);
#60=ORIENTED_EDGE('',*,*,#92,.T.);
#61=ORIENTED_EDGE('',*,*,#89,.T.);
#62=ORIENTED_EDGE('',*,*,#90,.T.);
#63=ORIENTED_EDGE('',*,*,#103,.F.);
#64=ORIENTED_EDGE('',*,*,#91,.T.);
#65=ORIENTED_EDGE('',*,*,#98,.F.);
#66=ORIENTED_EDGE('',*,*,#96,.T.);
#67=ORIENTED_EDGE('',*,*,#100,.F.);
#68=ORIENTED_EDGE('',*,*,#93,.T.);
#69=ORIENTED_EDGE('',*,*,#100,.T.);
#70=ORIENTED_EDGE('',*,*,#95,.F.);
#71=ORIENTED_EDGE('',*,*,#101,.F.);
#72=ORIENTED_EDGE('',*,*,#96,.F.);
#73=ORIENTED_EDGE('',*,*,#97,.F.);
#74=ORIENTED_EDGE('',*,*,#99,.T.);
#75=ORIENTED_EDGE('',*,*,#95,.T.);
#76=ORIENTED_EDGE('',*,*,#94,.T.);
#77=ORIENTED_EDGE('',*,*,#101,.T.);
#78=ORIENTED_EDGE('',*,*,#99,.F.);
#79=ORIENTED_EDGE('',*,*,#102,.F.);
#80=ORIENTED_EDGE('',*,*,#103,.T.);
#81=ORIENTED_EDGE('',*,*,#102,.T.);
#82=ORIENTED_EDGE('',*,*,#97,.T.);
#83=ORIENTED_EDGE('',*,*,#98,.T.);
#84=EDGE_CURVE('',#124,#125,#104,.T.);
#85=EDGE_CURVE('',#124,#128,#105,.T.);
#86=EDGE_CURVE('',#126,#127,#106,.T.);
#87=EDGE_CURVE('',#124,#126,#107,.T.);
#88=EDGE_CURVE('',#126,#130,#108,.T.);
#89=EDGE_CURVE('',#125,#127,#109,.T.);
#90=EDGE_CURVE('',#127,#131,#110,.T.);
#91=EDGE_CURVE('',#128,#129,#111,.T.);
#92=EDGE_CURVE('',#129,#125,#112,.T.);
#93=EDGE_CURVE('',#130,#128,#113,.T.);
#94=EDGE_CURVE('',#131,#130,#114,.T.);
#95=EDGE_CURVE('',#134,#133,#115,.T.);
#96=EDGE_CURVE('',#132,#133,#116,.T.);
#97=EDGE_CURVE('',#135,#132,#117,.T.);
#98=EDGE_CURVE('',#132,#129,#118,.T.);
#99=EDGE_CURVE('',#135,#134,#119,.T.);
#100=EDGE_CURVE('',#128,#133,#120,.T.);
#101=EDGE_CURVE('',#130,#134,#121,.T.);
#102=EDGE_CURVE('',#131,#135,#122,.T.);
#103=EDGE_CURVE('',#129,#131,#123,.T.);
#104=B_SPLINE_CURVE_WITH_KNOTS('',3,(#3222,#3223,#3224,#3225,#3226,#3227,
#3228,#3229,#3230,#3231,#3232,#3233,#3234,#3235,#3236),.UNSPECIFIED.,.F.,
 .F.,(4,1,1,1,1,1,1,1,1,1,1,1,4),(0.,0.0625,0.125,0.1875,0.25,0.375,0.5,
0.625,0.75,0.8125,0.875,0.9375,1.),.UNSPECIFIED.);
#105=B_SPLINE_CURVE_WITH_KNOTS('',3,(#3237,#3238,#3239,#3240,#3241,#3242,
#3243,#3244,#3245,#3246,#3247,#3248,#3249,#3250,#3251,#3252,#3253,#3254),
 .UNSPECIFIED.,.F.,.F.,(4,1,1,1,1,1,3,1,3,1,1,4),(-1.,-0.96875,-0.9375,
-0.90625,-0.875,-0.8125,-0.75,-0.5,-0.25,-0.1875,-0.125,-0.114643815044702),
 .UNSPECIFIED.);
#106=B_SPLINE_CURVE_WITH_KNOTS('',3,(#3255,#3256,#3257,#3258,#3259,#3260,
#3261,#3262,#3263,#3264,#3265,#3266,#3267,#3268,#3269),.UNSPECIFIED.,.F.,
 .F.,(4,1,1,1,1,1,1,1,1,1,1,1,4),(0.,0.0625,0.125,0.1875,0.25,0.375,0.5,
0.625,0.75,0.8125,0.875,0.9375,1.),.UNSPECIFIED.);
#107=B_SPLINE_CURVE_WITH_KNOTS('',3,(#3270,#3271,#3272,#3273,#3274,#3275,
#3276,#3277,#3278,#3279,#3280,#3281,#3282,#3283,#3284),.UNSPECIFIED.,.F.,
 .F.,(4,1,1,1,1,1,1,1,1,1,1,1,4),(-1.,-0.9375,-0.875,-0.8125,-0.75,-0.625,
-0.5,-0.375,-0.25,-0.1875,-0.125,-0.0625,0.),.UNSPECIFIED.);
#108=B_SPLINE_CURVE_WITH_KNOTS('',3,(#3285,#3286,#3287,#3288,#3289,#3290,
#3291,#3292,#3293,#3294,#3295,#3296,#3297,#3298,#3299,#3300,#3301,#3302),
 .UNSPECIFIED.,.F.,.F.,(4,1,1,1,1,1,3,1,3,1,1,4),(-1.,-0.96875,-0.9375,
-0.90625,-0.875,-0.8125,-0.75,-0.5,-0.25,-0.1875,-0.125,-0.114643815044707),
 .UNSPECIFIED.);
#109=B_SPLINE_CURVE_WITH_KNOTS('',3,(#3303,#3304,#3305,#3306,#3307,#3308,
#3309,#3310,#3311,#3312,#3313,#3314,#3315,#3316,#3317),.UNSPECIFIED.,.F.,
 .F.,(4,1,1,1,1,1,1,1,1,1,1,1,4),(-1.,-0.9375,-0.875,-0.8125,-0.75,-0.625,
-0.5,-0.375,-0.25,-0.1875,-0.125,-0.0625,0.),.UNSPECIFIED.);
#110=B_SPLINE_CURVE_WITH_KNOTS('',3,(#3318,#3319,#3320,#3321,#3322,#3323,
#3324,#3325,#3326,#3327,#3328,#3329,#3330,#3331,#3332,#3333,#3334,#3335),
 .UNSPECIFIED.,.F.,.F.,(4,1,1,1,1,1,3,1,3,1,1,4),(-1.,-0.96875,-0.9375,
-0.90625,-0.875,-0.8125,-0.75,-0.5,-0.25,-0.1875,-0.125,-0.114643815044712),
 .UNSPECIFIED.);
#111=B_SPLINE_CURVE_WITH_KNOTS('',3,(#3336,#3337,#3338,#3339,#3340,#3341,
#3342,#3343,#3344,#3345,#3346,#3347,#3348,#3349,#3350,#3351,#3352,#3353,
#3354,#3355,#3356,#3357,#3358,#3359,#3360,#3361,#3362,#3363,#3364,#3365,
#3366,#3367,#3368,#3369,#3370,#3371,#3372,#3373,#3374,#3375,#3376,#3377,
#3378,#3379,#3380,#3381,#3382,#3383,#3384,#3385,#3386,#3387,#3388,#3389),
 .UNSPECIFIED.,.F.,.F.,(4,2,2,2,2,2,2,2,2,2,2,2,2,2,2,2,2,2,2,2,2,2,2,2,
2,2,4),(125.73443702656,126.445572164624,127.106624556497,127.808189260893,
128.60881400151,129.647468023291,130.690308652235,132.53210131499,133.681841206776,
134.866238645872,136.065033265119,137.261544867557,139.619466790266,141.961982055824,
144.304498601919,146.662421872258,147.858922289473,149.057705773534,150.242092658969,
151.391823211677,153.233537111816,154.276298370423,155.314930556614,156.115629408177,
156.817253775656,157.478350274276,158.189529114399),.UNSPECIFIED.);
#112=B_SPLINE_CURVE_WITH_KNOTS('',3,(#3390,#3391,#3392,#3393,#3394,#3395,
#3396,#3397,#3398,#3399,#3400,#3401,#3402,#3403,#3404,#3405,#3406,#3407),
 .UNSPECIFIED.,.F.,.F.,(4,1,1,3,1,3,1,1,1,1,1,4),(-0.885356184955288,-0.875,
-0.8125,-0.75,-0.5,-0.25,-0.1875,-0.125,-0.09375,-0.0625,-0.03125,0.),
 .UNSPECIFIED.);
#113=B_SPLINE_CURVE_WITH_KNOTS('',3,(#3408,#3409,#3410,#3411,#3412,#3413,
#3414,#3415,#3416,#3417,#3418,#3419,#3420,#3421,#3422,#3423,#3424,#3425,
#3426,#3427,#3428,#3429,#3430,#3431,#3432,#3433,#3434,#3435,#3436,#3437,
#3438,#3439,#3440,#3441,#3442,#3443,#3444,#3445,#3446,#3447,#3448,#3449,
#3450,#3451,#3452,#3453,#3454,#3455,#3456,#3457,#3458,#3459,#3460,#3461,
#3462,#3463,#3464,#3465,#3466,#3467,#3468,#3469,#3470,#3471,#3472,#3473,
#3474,#3475,#3476,#3477,#3478,#3479,#3480,#3481,#3482,#3483,#3484,#3485,
#3486,#3487,#3488,#3489,#3490,#3491,#3492,#3493,#3494,#3495,#3496,#3497,
#3498,#3499,#3500,#3501,#3502,#3503,#3504,#3505,#3506,#3507,#3508,#3509,
#3510,#3511,#3512,#3513,#3514,#3515,#3516,#3517,#3518,#3519,#3520,#3521,
#3522,#3523,#3524,#3525,#3526,#3527,#3528,#3529,#3530,#3531,#3532,#3533),
 .UNSPECIFIED.,.F.,.F.,(4,2,2,2,2,2,2,2,2,2,2,2,2,2,2,2,2,2,2,2,2,2,2,2,
2,2,2,2,2,2,2,2,2,2,2,2,2,2,2,2,2,2,2,2,2,2,2,2,2,2,2,2,2,2,2,2,2,2,2,2,
2,2,4),(237.284293671599,237.810889841052,238.211523096398,239.12266373045,
240.238021503564,241.489094792251,242.538146935528,243.617750869133,244.662638276379,
244.921769258781,245.184994819875,245.717268609817,248.294173341402,250.747852171294,
253.278958579253,254.606689882696,255.266265801618,255.916257431804,257.184787641953,
257.792301673746,258.089888548925,258.237361449158,258.308533882334,258.327009419306,
258.345399975657,258.382216391263,258.455694814283,258.602070901247,258.892755766077,
259.468052278072,260.608035221572,261.747728659574,262.322876094099,262.613483749787,
262.759820409934,262.833278870596,262.870085238742,262.888472153273,262.906948792544,
262.975728508888,263.123158740224,263.420656427969,264.027985070582,265.296111833443,
265.946179304448,266.605847479184,267.933795121873,270.465343291479,271.72863992088,
272.977734191483,274.23992871784,275.523984962032,276.063467715383,276.335076858871,
276.471486792164,276.601918408212,277.649370713821,279.734188878189,280.979788641035,
282.090767499628,282.998728071773,283.398788499525,283.923966140958),
 .UNSPECIFIED.);
#114=B_SPLINE_CURVE_WITH_KNOTS('',3,(#3534,#3535,#3536,#3537,#3538,#3539,
#3540,#3541,#3542,#3543,#3544,#3545,#3546,#3547,#3548,#3549,#3550,#3551,
#3552,#3553,#3554,#3555,#3556,#3557,#3558,#3559,#3560,#3561,#3562,#3563,
#3564,#3565,#3566,#3567,#3568,#3569,#3570,#3571,#3572,#3573,#3574,#3575,
#3576,#3577,#3578,#3579,#3580,#3581,#3582,#3583,#3584,#3585,#3586,#3587),
 .UNSPECIFIED.,.F.,.F.,(4,2,2,2,2,2,2,2,2,2,2,2,2,2,2,2,2,2,2,2,2,2,2,2,
2,2,4),(204.829201583759,205.540336693449,206.201389085816,206.902953790736,
207.703578531957,208.742232554518,209.785073184245,211.62686584838,212.776605741062,
213.96100318108,215.159797801246,216.356309404627,218.714231329225,221.056746596661,
223.39926314776,225.757186420167,226.953686838348,228.152470323375,229.336857209766,
230.4865877634,232.328301665026,233.371062924473,234.409695111499,235.210393963704,
235.91201833175,236.573114830905,237.284293671599),.UNSPECIFIED.);
#115=B_SPLINE_CURVE_WITH_KNOTS('',3,(#3588,#3589,#3590,#3591,#3592,#3593,
#3594,#3595,#3596,#3597,#3598,#3599,#3600,#3601,#3602),.UNSPECIFIED.,.F.,
 .F.,(4,1,1,1,1,1,1,1,1,1,1,1,4),(-1.,-0.9375,-0.875,-0.8125,-0.75,-0.625,
-0.5,-0.375,-0.25,-0.1875,-0.125,-0.0625,0.),.UNSPECIFIED.);
#116=B_SPLINE_CURVE_WITH_KNOTS('',3,(#3603,#3604,#3605,#3606,#3607,#3608,
#3609,#3610,#3611,#3612,#3613,#3614,#3615,#3616,#3617),.UNSPECIFIED.,.F.,
 .F.,(4,1,1,1,1,1,1,1,1,1,1,1,4),(0.,0.0625,0.125,0.1875,0.25,0.375,0.5,
0.625,0.75,0.8125,0.875,0.9375,1.),.UNSPECIFIED.);
#117=B_SPLINE_CURVE_WITH_KNOTS('',3,(#3618,#3619,#3620,#3621,#3622,#3623,
#3624,#3625,#3626,#3627,#3628,#3629,#3630,#3631,#3632),.UNSPECIFIED.,.F.,
 .F.,(4,1,1,1,1,1,1,1,1,1,1,1,4),(-1.,-0.9375,-0.875,-0.8125,-0.75,-0.625,
-0.5,-0.375,-0.25,-0.1875,-0.125,-0.0625,0.),.UNSPECIFIED.);
#118=B_SPLINE_CURVE_WITH_KNOTS('',3,(#3633,#3634,#3635,#3636,#3637,#3638,
#3639),.UNSPECIFIED.,.F.,.F.,(4,1,1,1,4),(-1.,-0.96875,-0.9375,-0.90625,
-0.885356184955288),.UNSPECIFIED.);
#119=B_SPLINE_CURVE_WITH_KNOTS('',3,(#3640,#3641,#3642,#3643,#3644,#3645,
#3646,#3647,#3648,#3649,#3650,#3651,#3652,#3653,#3654),.UNSPECIFIED.,.F.,
 .F.,(4,1,1,1,1,1,1,1,1,1,1,1,4),(0.,0.0625,0.125,0.1875,0.25,0.375,0.5,
0.625,0.75,0.8125,0.875,0.9375,1.),.UNSPECIFIED.);
#120=B_SPLINE_CURVE_WITH_KNOTS('',3,(#3655,#3656,#3657,#3658,#3659,#3660,
#3661),.UNSPECIFIED.,.F.,.F.,(4,1,1,1,4),(-0.114643815044702,-0.09375,-0.0625,
-0.03125,0.),.UNSPECIFIED.);
#121=B_SPLINE_CURVE_WITH_KNOTS('',3,(#3662,#3663,#3664,#3665,#3666,#3667,
#3668),.UNSPECIFIED.,.F.,.F.,(4,1,1,1,4),(-0.114643815044707,-0.09375,-0.0625,
-0.03125,0.),.UNSPECIFIED.);
#122=B_SPLINE_CURVE_WITH_KNOTS('',3,(#3669,#3670,#3671,#3672,#3673,#3674,
#3675),.UNSPECIFIED.,.F.,.F.,(4,1,1,1,4),(-0.114643815044712,-0.09375,-0.0625,
-0.03125,0.),.UNSPECIFIED.);
#123=B_SPLINE_CURVE_WITH_KNOTS('',3,(#3676,#3677,#3678,#3679,#3680,#3681,
#3682,#3683,#3684,#3685,#3686,#3687,#3688,#3689,#3690,#3691,#3692,#3693,
#3694,#3695,#3696,#3697,#3698,#3699,#3700,#3701,#3702,#3703,#3704,#3705,
#3706,#3707,#3708,#3709,#3710,#3711,#3712,#3713,#3714,#3715,#3716,#3717,
#3718,#3719,#3720,#3721,#3722,#3723,#3724,#3725,#3726,#3727,#3728,#3729,
#3730,#3731,#3732,#3733,#3734,#3735,#3736,#3737,#3738,#3739,#3740,#3741,
#3742,#3743,#3744,#3745,#3746,#3747,#3748,#3749,#3750,#3751,#3752,#3753,
#3754,#3755,#3756,#3757,#3758,#3759,#3760,#3761,#3762,#3763,#3764,#3765,
#3766,#3767,#3768,#3769,#3770,#3771,#3772,#3773,#3774,#3775,#3776,#3777,
#3778,#3779,#3780,#3781,#3782,#3783,#3784,#3785,#3786,#3787,#3788,#3789,
#3790,#3791,#3792,#3793,#3794,#3795,#3796,#3797),.UNSPECIFIED.,.F.,.F.,
(4,2,2,2,2,2,2,2,2,2,2,2,2,2,2,2,2,2,2,2,2,2,2,2,2,2,2,2,2,2,2,2,2,2,2,
2,2,2,2,2,2,2,2,2,2,2,2,2,2,2,2,2,2,2,2,2,2,2,2,2,4),(158.189529114399,
158.716067930134,159.116657578919,160.027698797078,161.14293501571,162.39387220503,
163.442810059859,164.522296418957,165.567070133284,165.826172820481,166.089369703137,
166.621585507744,169.198209355526,171.651620795008,174.182451005471,175.510037544417,
176.169541607846,176.819462479487,178.087856152727,178.695304767168,178.99285959216,
179.140316604012,179.21149067342,179.229964197097,179.248352766487,179.285165213936,
179.358635716957,179.5049960253,179.795649551822,180.370884028551,181.510744024416,
182.650311770397,183.225395756468,183.515971341943,183.662291849722,183.735742201152,
183.772544505896,183.790929399043,183.809404035556,183.878163172433,184.025577109436,
184.323041898541,184.930303360095,186.19828974822,186.84828605944,187.507882109601,
188.835684781775,191.366957261239,193.820800090165,196.397886241659,196.930048658484,
197.193218021336,197.452269616187,198.496990468259,199.576382439653,200.625212844329,
201.876097597005,202.991203378777,203.902146593431,204.302710579554,204.829201583759),
 .UNSPECIFIED.);
#124=VERTEX_POINT('',#3210);
#125=VERTEX_POINT('',#3211);
#126=VERTEX_POINT('',#3212);
#127=VERTEX_POINT('',#3213);
#128=VERTEX_POINT('',#3214);
#129=VERTEX_POINT('',#3215);
#130=VERTEX_POINT('',#3216);
#131=VERTEX_POINT('',#3217);
#132=VERTEX_POINT('',#3218);
#133=VERTEX_POINT('',#3219);
#134=VERTEX_POINT('',#3220);
#135=VERTEX_POINT('',#3221);
#136=B_SPLINE_SURFACE_WITH_KNOTS('',3,3,((#240,#241,#242,#243,#244,#245,
#246,#247,#248,#249,#250,#251,#252,#253,#254),(#255,#256,#257,#258,#259,
#260,#261,#262,#263,#264,#265,#266,#267,#268,#269),(#270,#271,#272,#273,
#274,#275,#276,#277,#278,#279,#280,#281,#282,#283,#284),(#285,#286,#287,
#288,#289,#290,#291,#292,#293,#294,#295,#296,#297,#298,#299),(#300,#301,
#302,#303,#304,#305,#306,#307,#308,#309,#310,#311,#312,#313,#314),(#315,
#316,#317,#318,#319,#320,#321,#322,#323,#324,#325,#326,#327,#328,#329),
(#330,#331,#332,#333,#334,#335,#336,#337,#338,#339,#340,#341,#342,#343,
#344),(#345,#346,#347,#348,#349,#350,#351,#352,#353,#354,#355,#356,#357,
#358,#359),(#360,#361,#362,#363,#364,#365,#366,#367,#368,#369,#370,#371,
#372,#373,#374),(#375,#376,#377,#378,#379,#380,#381,#382,#383,#384,#385,
#386,#387,#388,#389),(#390,#391,#392,#393,#394,#395,#396,#397,#398,#399,
#400,#401,#402,#403,#404),(#405,#406,#407,#408,#409,#410,#411,#412,#413,
#414,#415,#416,#417,#418,#419),(#420,#421,#422,#423,#424,#425,#426,#427,
#428,#429,#430,#431,#432,#433,#434),(#435,#436,#437,#438,#439,#440,#441,
#442,#443,#444,#445,#446,#447,#448,#449),(#450,#451,#452,#453,#454,#455,
#456,#457,#458,#459,#460,#461,#462,#463,#464)),.UNSPECIFIED.,.F.,.F.,.F.,
(4,1,1,1,1,1,1,1,1,1,1,1,4),(4,1,1,1,1,1,1,1,1,1,1,1,4),(0.,0.125,0.25,
0.375,0.5,0.75,1.,1.25,1.5,1.625,1.75,1.875,2.),(0.,0.125,0.25,0.375,0.5,
0.75,1.,1.25,1.5,1.625,1.75,1.875,2.),.UNSPECIFIED.);
#137=B_SPLINE_SURFACE_WITH_KNOTS('',3,3,((#465,#466,#467,#468,#469,#470,
#471,#472,#473,#474,#475,#476,#477,#478,#479,#480,#481,#482,#483,#484,#485),
(#486,#487,#488,#489,#490,#491,#492,#493,#494,#495,#496,#497,#498,#499,
#500,#501,#502,#503,#504,#505,#506),(#507,#508,#509,#510,#511,#512,#513,
#514,#515,#516,#517,#518,#519,#520,#521,#522,#523,#524,#525,#526,#527),
(#528,#529,#530,#531,#532,#533,#534,#535,#536,#537,#538,#539,#540,#541,
#542,#543,#544,#545,#546,#547,#548),(#549,#550,#551,#552,#553,#554,#555,
#556,#557,#558,#559,#560,#561,#562,#563,#564,#565,#566,#567,#568,#569),
(#570,#571,#572,#573,#574,#575,#576,#577,#578,#579,#580,#581,#582,#583,
#584,#585,#586,#587,#588,#589,#590),(#591,#592,#593,#594,#595,#596,#597,
#598,#599,#600,#601,#602,#603,#604,#605,#606,#607,#608,#609,#610,#611),
(#612,#613,#614,#615,#616,#617,#618,#619,#620,#621,#622,#623,#624,#625,
#626,#627,#628,#629,#630,#631,#632),(#633,#634,#635,#636,#637,#638,#639,
#640,#641,#642,#643,#644,#645,#646,#647,#648,#649,#650,#651,#652,#653),
(#654,#655,#656,#657,#658,#659,#660,#661,#662,#663,#664,#665,#666,#667,
#668,#669,#670,#671,#672,#673,#674),(#675,#676,#677,#678,#679,#680,#681,
#682,#683,#684,#685,#686,#687,#688,#689,#690,#691,#692,#693,#694,#695),
(#696,#697,#698,#699,#700,#701,#702,#703,#704,#705,#706,#707,#708,#709,
#710,#711,#712,#713,#714,#715,#716),(#717,#718,#719,#720,#721,#722,#723,
#724,#725,#726,#727,#728,#729,#730,#731,#732,#733,#734,#735,#736,#737),
(#738,#739,#740,#741,#742,#743,#744,#745,#746,#747,#748,#749,#750,#751,
#752,#753,#754,#755,#756,#757,#758),(#759,#760,#761,#762,#763,#764,#765,
#766,#767,#768,#769,#770,#771,#772,#773,#774,#775,#776,#777,#778,#779)),
 .UNSPECIFIED.,.F.,.F.,.F.,(4,1,1,1,1,1,1,1,1,1,1,1,4),(4,1,1,1,1,1,3,1,
3,1,1,1,1,1,4),(0.,0.25,0.5,0.75,1.,1.5,2.,2.5,3.,3.25,3.5,3.75,4.),(0.,
0.125,0.25,0.375,0.5,0.75,1.,2.,3.,3.25,3.5,3.625,3.75,3.875,4.),
 .UNSPECIFIED.);
#138=B_SPLINE_SURFACE_WITH_KNOTS('',3,3,((#780,#781,#782,#783,#784,#785,
#786,#787,#788,#789,#790,#791,#792,#793,#794),(#795,#796,#797,#798,#799,
#800,#801,#802,#803,#804,#805,#806,#807,#808,#809),(#810,#811,#812,#813,
#814,#815,#816,#817,#818,#819,#820,#821,#822,#823,#824),(#825,#826,#827,
#828,#829,#830,#831,#832,#833,#834,#835,#836,#837,#838,#839),(#840,#841,
#842,#843,#844,#845,#846,#847,#848,#849,#850,#851,#852,#853,#854),(#855,
#856,#857,#858,#859,#860,#861,#862,#863,#864,#865,#866,#867,#868,#869),
(#870,#871,#872,#873,#874,#875,#876,#877,#878,#879,#880,#881,#882,#883,
#884),(#885,#886,#887,#888,#889,#890,#891,#892,#893,#894,#895,#896,#897,
#898,#899),(#900,#901,#902,#903,#904,#905,#906,#907,#908,#909,#910,#911,
#912,#913,#914),(#915,#916,#917,#918,#919,#920,#921,#922,#923,#924,#925,
#926,#927,#928,#929),(#930,#931,#932,#933,#934,#935,#936,#937,#938,#939,
#940,#941,#942,#943,#944),(#945,#946,#947,#948,#949,#950,#951,#952,#953,
#954,#955,#956,#957,#958,#959),(#960,#961,#962,#963,#964,#965,#966,#967,
#968,#969,#970,#971,#972,#973,#974),(#975,#976,#977,#978,#979,#980,#981,
#982,#983,#984,#985,#986,#987,#988,#989),(#990,#991,#992,#993,#994,#995,
#996,#997,#998,#999,#1000,#1001,#1002,#1003,#1004),(#1005,#1006,#1007,#1008,
#1009,#1010,#1011,#1012,#1013,#1014,#1015,#1016,#1017,#1018,#1019),(#1020,
#1021,#1022,#1023,#1024,#1025,#1026,#1027,#1028,#1029,#1030,#1031,#1032,
#1033,#1034),(#1035,#1036,#1037,#1038,#1039,#1040,#1041,#1042,#1043,#1044,
#1045,#1046,#1047,#1048,#1049),(#1050,#1051,#1052,#1053,#1054,#1055,#1056,
#1057,#1058,#1059,#1060,#1061,#1062,#1063,#1064),(#1065,#1066,#1067,#1068,
#1069,#1070,#1071,#1072,#1073,#1074,#1075,#1076,#1077,#1078,#1079),(#1080,
#1081,#1082,#1083,#1084,#1085,#1086,#1087,#1088,#1089,#1090,#1091,#1092,
#1093,#1094)),.UNSPECIFIED.,.F.,.F.,.F.,(4,1,1,1,1,1,3,1,3,1,1,1,1,1,4),
(4,1,1,1,1,1,1,1,1,1,1,1,4),(0.,0.125,0.25,0.375,0.5,0.75,1.,2.,3.,3.25,
3.5,3.625,3.75,3.875,4.),(0.,0.25,0.5,0.75,1.,1.5,2.,2.5,3.,3.25,3.5,3.75,
4.),.UNSPECIFIED.);
#139=B_SPLINE_SURFACE_WITH_KNOTS('',3,3,((#1095,#1096,#1097,#1098,#1099,
#1100,#1101,#1102,#1103,#1104,#1105,#1106,#1107,#1108,#1109,#1110,#1111,
#1112,#1113,#1114,#1115),(#1116,#1117,#1118,#1119,#1120,#1121,#1122,#1123,
#1124,#1125,#1126,#1127,#1128,#1129,#1130,#1131,#1132,#1133,#1134,#1135,
#1136),(#1137,#1138,#1139,#1140,#1141,#1142,#1143,#1144,#1145,#1146,#1147,
#1148,#1149,#1150,#1151,#1152,#1153,#1154,#1155,#1156,#1157),(#1158,#1159,
#1160,#1161,#1162,#1163,#1164,#1165,#1166,#1167,#1168,#1169,#1170,#1171,
#1172,#1173,#1174,#1175,#1176,#1177,#1178),(#1179,#1180,#1181,#1182,#1183,
#1184,#1185,#1186,#1187,#1188,#1189,#1190,#1191,#1192,#1193,#1194,#1195,
#1196,#1197,#1198,#1199),(#1200,#1201,#1202,#1203,#1204,#1205,#1206,#1207,
#1208,#1209,#1210,#1211,#1212,#1213,#1214,#1215,#1216,#1217,#1218,#1219,
#1220),(#1221,#1222,#1223,#1224,#1225,#1226,#1227,#1228,#1229,#1230,#1231,
#1232,#1233,#1234,#1235,#1236,#1237,#1238,#1239,#1240,#1241),(#1242,#1243,
#1244,#1245,#1246,#1247,#1248,#1249,#1250,#1251,#1252,#1253,#1254,#1255,
#1256,#1257,#1258,#1259,#1260,#1261,#1262),(#1263,#1264,#1265,#1266,#1267,
#1268,#1269,#1270,#1271,#1272,#1273,#1274,#1275,#1276,#1277,#1278,#1279,
#1280,#1281,#1282,#1283),(#1284,#1285,#1286,#1287,#1288,#1289,#1290,#1291,
#1292,#1293,#1294,#1295,#1296,#1297,#1298,#1299,#1300,#1301,#1302,#1303,
#1304),(#1305,#1306,#1307,#1308,#1309,#1310,#1311,#1312,#1313,#1314,#1315,
#1316,#1317,#1318,#1319,#1320,#1321,#1322,#1323,#1324,#1325),(#1326,#1327,
#1328,#1329,#1330,#1331,#1332,#1333,#1334,#1335,#1336,#1337,#1338,#1339,
#1340,#1341,#1342,#1343,#1344,#1345,#1346),(#1347,#1348,#1349,#1350,#1351,
#1352,#1353,#1354,#1355,#1356,#1357,#1358,#1359,#1360,#1361,#1362,#1363,
#1364,#1365,#1366,#1367),(#1368,#1369,#1370,#1371,#1372,#1373,#1374,#1375,
#1376,#1377,#1378,#1379,#1380,#1381,#1382,#1383,#1384,#1385,#1386,#1387,
#1388),(#1389,#1390,#1391,#1392,#1393,#1394,#1395,#1396,#1397,#1398,#1399,
#1400,#1401,#1402,#1403,#1404,#1405,#1406,#1407,#1408,#1409)),
 .UNSPECIFIED.,.F.,.F.,.F.,(4,1,1,1,1,1,1,1,1,1,1,1,4),(4,1,1,1,1,1,3,1,
3,1,1,1,1,1,4),(0.,0.25,0.5,0.75,1.,1.5,2.,2.5,3.,3.25,3.5,3.75,4.),(0.,
0.125,0.25,0.375,0.5,0.75,1.,2.,3.,3.25,3.5,3.625,3.75,3.875,4.),
 .UNSPECIFIED.);
#140=B_SPLINE_SURFACE_WITH_KNOTS('',3,3,((#1410,#1411,#1412,#1413,#1414,
#1415,#1416,#1417,#1418,#1419,#1420,#1421,#1422,#1423,#1424,#1425,#1426,
#1427,#1428,#1429,#1430),(#1431,#1432,#1433,#1434,#1435,#1436,#1437,#1438,
#1439,#1440,#1441,#1442,#1443,#1444,#1445,#1446,#1447,#1448,#1449,#1450,
#1451),(#1452,#1453,#1454,#1455,#1456,#1457,#1458,#1459,#1460,#1461,#1462,
#1463,#1464,#1465,#1466,#1467,#1468,#1469,#1470,#1471,#1472),(#1473,#1474,
#1475,#1476,#1477,#1478,#1479,#1480,#1481,#1482,#1483,#1484,#1485,#1486,
#1487,#1488,#1489,#1490,#1491,#1492,#1493),(#1494,#1495,#1496,#1497,#1498,
#1499,#1500,#1501,#1502,#1503,#1504,#1505,#1506,#1507,#1508,#1509,#1510,
#1511,#1512,#1513,#1514),(#1515,#1516,#1517,#1518,#1519,#1520,#1521,#1522,
#1523,#1524,#1525,#1526,#1527,#1528,#1529,#1530,#1531,#1532,#1533,#1534,
#1535),(#1536,#1537,#1538,#1539,#1540,#1541,#1542,#1543,#1544,#1545,#1546,
#1547,#1548,#1549,#1550,#1551,#1552,#1553,#1554,#1555,#1556),(#1557,#1558,
#1559,#1560,#1561,#1562,#1563,#1564,#1565,#1566,#1567,#1568,#1569,#1570,
#1571,#1572,#1573,#1574,#1575,#1576,#1577),(#1578,#1579,#1580,#1581,#1582,
#1583,#1584,#1585,#1586,#1587,#1588,#1589,#1590,#1591,#1592,#1593,#1594,
#1595,#1596,#1597,#1598),(#1599,#1600,#1601,#1602,#1603,#1604,#1605,#1606,
#1607,#1608,#1609,#1610,#1611,#1612,#1613,#1614,#1615,#1616,#1617,#1618,
#1619),(#1620,#1621,#1622,#1623,#1624,#1625,#1626,#1627,#1628,#1629,#1630,
#1631,#1632,#1633,#1634,#1635,#1636,#1637,#1638,#1639,#1640),(#1641,#1642,
#1643,#1644,#1645,#1646,#1647,#1648,#1649,#1650,#1651,#1652,#1653,#1654,
#1655,#1656,#1657,#1658,#1659,#1660,#1661),(#1662,#1663,#1664,#1665,#1666,
#1667,#1668,#1669,#1670,#1671,#1672,#1673,#1674,#1675,#1676,#1677,#1678,
#1679,#1680,#1681,#1682),(#1683,#1684,#1685,#1686,#1687,#1688,#1689,#1690,
#1691,#1692,#1693,#1694,#1695,#1696,#1697,#1698,#1699,#1700,#1701,#1702,
#1703),(#1704,#1705,#1706,#1707,#1708,#1709,#1710,#1711,#1712,#1713,#1714,
#1715,#1716,#1717,#1718,#1719,#1720,#1721,#1722,#1723,#1724)),
 .UNSPECIFIED.,.F.,.F.,.F.,(4,1,1,1,1,1,1,1,1,1,1,1,4),(4,1,1,1,1,1,3,1,
3,1,1,1,1,1,4),(0.,0.25,0.5,0.75,1.,1.5,2.,2.5,3.,3.25,3.5,3.75,4.),(0.,
0.125,0.25,0.375,0.5,0.75,1.,2.,3.,3.25,3.5,3.625,3.75,3.875,4.),
 .UNSPECIFIED.);
#141=B_SPLINE_SURFACE_WITH_KNOTS('',3,3,((#1725,#1726,#1727,#1728,#1729,
#1730,#1731,#1732,#1733,#1734,#1735,#1736,#1737,#1738,#1739,#1740,#1741,
#1742,#1743,#1744,#1745),(#1746,#1747,#1748,#1749,#1750,#1751,#1752,#1753,
#1754,#1755,#1756,#1757,#1758,#1759,#1760,#1761,#1762,#1763,#1764,#1765,
#1766),(#1767,#1768,#1769,#1770,#1771,#1772,#1773,#1774,#1775,#1776,#1777,
#1778,#1779,#1780,#1781,#1782,#1783,#1784,#1785,#1786,#1787),(#1788,#1789,
#1790,#1791,#1792,#1793,#1794,#1795,#1796,#1797,#1798,#1799,#1800,#1801,
#1802,#1803,#1804,#1805,#1806,#1807,#1808),(#1809,#1810,#1811,#1812,#1813,
#1814,#1815,#1816,#1817,#1818,#1819,#1820,#1821,#1822,#1823,#1824,#1825,
#1826,#1827,#1828,#1829),(#1830,#1831,#1832,#1833,#1834,#1835,#1836,#1837,
#1838,#1839,#1840,#1841,#1842,#1843,#1844,#1845,#1846,#1847,#1848,#1849,
#1850),(#1851,#1852,#1853,#1854,#1855,#1856,#1857,#1858,#1859,#1860,#1861,
#1862,#1863,#1864,#1865,#1866,#1867,#1868,#1869,#1870,#1871),(#1872,#1873,
#1874,#1875,#1876,#1877,#1878,#1879,#1880,#1881,#1882,#1883,#1884,#1885,
#1886,#1887,#1888,#1889,#1890,#1891,#1892),(#1893,#1894,#1895,#1896,#1897,
#1898,#1899,#1900,#1901,#1902,#1903,#1904,#1905,#1906,#1907,#1908,#1909,
#1910,#1911,#1912,#1913),(#1914,#1915,#1916,#1917,#1918,#1919,#1920,#1921,
#1922,#1923,#1924,#1925,#1926,#1927,#1928,#1929,#1930,#1931,#1932,#1933,
#1934),(#1935,#1936,#1937,#1938,#1939,#1940,#1941,#1942,#1943,#1944,#1945,
#1946,#1947,#1948,#1949,#1950,#1951,#1952,#1953,#1954,#1955),(#1956,#1957,
#1958,#1959,#1960,#1961,#1962,#1963,#1964,#1965,#1966,#1967,#1968,#1969,
#1970,#1971,#1972,#1973,#1974,#1975,#1976),(#1977,#1978,#1979,#1980,#1981,
#1982,#1983,#1984,#1985,#1986,#1987,#1988,#1989,#1990,#1991,#1992,#1993,
#1994,#1995,#1996,#1997),(#1998,#1999,#2000,#2001,#2002,#2003,#2004,#2005,
#2006,#2007,#2008,#2009,#2010,#2011,#2012,#2013,#2014,#2015,#2016,#2017,
#2018),(#2019,#2020,#2021,#2022,#2023,#2024,#2025,#2026,#2027,#2028,#2029,
#2030,#2031,#2032,#2033,#2034,#2035,#2036,#2037,#2038,#2039)),
 .UNSPECIFIED.,.F.,.F.,.F.,(4,1,1,1,1,1,1,1,1,1,1,1,4),(4,1,1,1,1,1,3,1,
3,1,1,1,1,1,4),(0.,0.25,0.5,0.75,1.,1.5,2.,2.5,3.,3.25,3.5,3.75,4.),(0.,
0.125,0.25,0.375,0.5,0.75,1.,2.,3.,3.25,3.5,3.625,3.75,3.875,4.),
 .UNSPECIFIED.);
#142=B_SPLINE_SURFACE_WITH_KNOTS('',3,3,((#2040,#2041,#2042,#2043,#2044,
#2045,#2046,#2047,#2048,#2049,#2050,#2051,#2052,#2053,#2054),(#2055,#2056,
#2057,#2058,#2059,#2060,#2061,#2062,#2063,#2064,#2065,#2066,#2067,#2068,
#2069),(#2070,#2071,#2072,#2073,#2074,#2075,#2076,#2077,#2078,#2079,#2080,
#2081,#2082,#2083,#2084),(#2085,#2086,#2087,#2088,#2089,#2090,#2091,#2092,
#2093,#2094,#2095,#2096,#2097,#2098,#2099),(#2100,#2101,#2102,#2103,#2104,
#2105,#2106,#2107,#2108,#2109,#2110,#2111,#2112,#2113,#2114),(#2115,#2116,
#2117,#2118,#2119,#2120,#2121,#2122,#2123,#2124,#2125,#2126,#2127,#2128,
#2129),(#2130,#2131,#2132,#2133,#2134,#2135,#2136,#2137,#2138,#2139,#2140,
#2141,#2142,#2143,#2144),(#2145,#2146,#2147,#2148,#2149,#2150,#2151,#2152,
#2153,#2154,#2155,#2156,#2157,#2158,#2159),(#2160,#2161,#2162,#2163,#2164,
#2165,#2166,#2167,#2168,#2169,#2170,#2171,#2172,#2173,#2174),(#2175,#2176,
#2177,#2178,#2179,#2180,#2181,#2182,#2183,#2184,#2185,#2186,#2187,#2188,
#2189),(#2190,#2191,#2192,#2193,#2194,#2195,#2196,#2197,#2198,#2199,#2200,
#2201,#2202,#2203,#2204),(#2205,#2206,#2207,#2208,#2209,#2210,#2211,#2212,
#2213,#2214,#2215,#2216,#2217,#2218,#2219),(#2220,#2221,#2222,#2223,#2224,
#2225,#2226,#2227,#2228,#2229,#2230,#2231,#2232,#2233,#2234),(#2235,#2236,
#2237,#2238,#2239,#2240,#2241,#2242,#2243,#2244,#2245,#2246,#2247,#2248,
#2249),(#2250,#2251,#2252,#2253,#2254,#2255,#2256,#2257,#2258,#2259,#2260,
#2261,#2262,#2263,#2264),(#2265,#2266,#2267,#2268,#2269,#2270,#2271,#2272,
#2273,#2274,#2275,#2276,#2277,#2278,#2279),(#2280,#2281,#2282,#2283,#2284,
#2285,#2286,#2287,#2288,#2289,#2290,#2291,#2292,#2293,#2294),(#2295,#2296,
#2297,#2298,#2299,#2300,#2301,#2302,#2303,#2304,#2305,#2306,#2307,#2308,
#2309),(#2310,#2311,#2312,#2313,#2314,#2315,#2316,#2317,#2318,#2319,#2320,
#2321,#2322,#2323,#2324),(#2325,#2326,#2327,#2328,#2329,#2330,#2331,#2332,
#2333,#2334,#2335,#2336,#2337,#2338,#2339),(#2340,#2341,#2342,#2343,#2344,
#2345,#2346,#2347,#2348,#2349,#2350,#2351,#2352,#2353,#2354)),
 .UNSPECIFIED.,.F.,.F.,.F.,(4,1,1,1,1,1,3,1,3,1,1,1,1,1,4),(4,1,1,1,1,1,
1,1,1,1,1,1,4),(0.,0.125,0.25,0.375,0.5,0.75,1.,2.,3.,3.25,3.5,3.625,3.75,
3.875,4.),(0.,0.25,0.5,0.75,1.,1.5,2.,2.5,3.,3.25,3.5,3.75,4.),
 .UNSPECIFIED.);
#143=B_SPLINE_SURFACE_WITH_KNOTS('',3,3,((#2355,#2356,#2357,#2358,#2359,
#2360,#2361,#2362,#2363,#2364,#2365,#2366,#2367,#2368,#2369),(#2370,#2371,
#2372,#2373,#2374,#2375,#2376,#2377,#2378,#2379,#2380,#2381,#2382,#2383,
#2384),(#2385,#2386,#2387,#2388,#2389,#2390,#2391,#2392,#2393,#2394,#2395,
#2396,#2397,#2398,#2399),(#2400,#2401,#2402,#2403,#2404,#2405,#2406,#2407,
#2408,#2409,#2410,#2411,#2412,#2413,#2414),(#2415,#2416,#2417,#2418,#2419,
#2420,#2421,#2422,#2423,#2424,#2425,#2426,#2427,#2428,#2429),(#2430,#2431,
#2432,#2433,#2434,#2435,#2436,#2437,#2438,#2439,#2440,#2441,#2442,#2443,
#2444),(#2445,#2446,#2447,#2448,#2449,#2450,#2451,#2452,#2453,#2454,#2455,
#2456,#2457,#2458,#2459),(#2460,#2461,#2462,#2463,#2464,#2465,#2466,#2467,
#2468,#2469,#2470,#2471,#2472,#2473,#2474),(#2475,#2476,#2477,#2478,#2479,
#2480,#2481,#2482,#2483,#2484,#2485,#2486,#2487,#2488,#2489),(#2490,#2491,
#2492,#2493,#2494,#2495,#2496,#2497,#2498,#2499,#2500,#2501,#2502,#2503,
#2504),(#2505,#2506,#2507,#2508,#2509,#2510,#2511,#2512,#2513,#2514,#2515,
#2516,#2517,#2518,#2519),(#2520,#2521,#2522,#2523,#2524,#2525,#2526,#2527,
#2528,#2529,#2530,#2531,#2532,#2533,#2534),(#2535,#2536,#2537,#2538,#2539,
#2540,#2541,#2542,#2543,#2544,#2545,#2546,#2547,#2548,#2549),(#2550,#2551,
#2552,#2553,#2554,#2555,#2556,#2557,#2558,#2559,#2560,#2561,#2562,#2563,
#2564),(#2565,#2566,#2567,#2568,#2569,#2570,#2571,#2572,#2573,#2574,#2575,
#2576,#2577,#2578,#2579)),.UNSPECIFIED.,.F.,.F.,.F.,(4,1,1,1,1,1,1,1,1,
1,1,1,4),(4,1,1,1,1,1,1,1,1,1,1,1,4),(0.,0.125,0.25,0.375,0.5,0.75,1.,1.25,
1.5,1.625,1.75,1.875,2.),(0.,0.125,0.25,0.375,0.5,0.75,1.,1.25,1.5,1.625,
1.75,1.875,2.),.UNSPECIFIED.);
#144=B_SPLINE_SURFACE_WITH_KNOTS('',3,3,((#2580,#2581,#2582,#2583,#2584,
#2585,#2586,#2587,#2588,#2589,#2590,#2591,#2592,#2593,#2594,#2595,#2596,
#2597,#2598,#2599,#2600),(#2601,#2602,#2603,#2604,#2605,#2606,#2607,#2608,
#2609,#2610,#2611,#2612,#2613,#2614,#2615,#2616,#2617,#2618,#2619,#2620,
#2621),(#2622,#2623,#2624,#2625,#2626,#2627,#2628,#2629,#2630,#2631,#2632,
#2633,#2634,#2635,#2636,#2637,#2638,#2639,#2640,#2641,#2642),(#2643,#2644,
#2645,#2646,#2647,#2648,#2649,#2650,#2651,#2652,#2653,#2654,#2655,#2656,
#2657,#2658,#2659,#2660,#2661,#2662,#2663),(#2664,#2665,#2666,#2667,#2668,
#2669,#2670,#2671,#2672,#2673,#2674,#2675,#2676,#2677,#2678,#2679,#2680,
#2681,#2682,#2683,#2684),(#2685,#2686,#2687,#2688,#2689,#2690,#2691,#2692,
#2693,#2694,#2695,#2696,#2697,#2698,#2699,#2700,#2701,#2702,#2703,#2704,
#2705),(#2706,#2707,#2708,#2709,#2710,#2711,#2712,#2713,#2714,#2715,#2716,
#2717,#2718,#2719,#2720,#2721,#2722,#2723,#2724,#2725,#2726),(#2727,#2728,
#2729,#2730,#2731,#2732,#2733,#2734,#2735,#2736,#2737,#2738,#2739,#2740,
#2741,#2742,#2743,#2744,#2745,#2746,#2747),(#2748,#2749,#2750,#2751,#2752,
#2753,#2754,#2755,#2756,#2757,#2758,#2759,#2760,#2761,#2762,#2763,#2764,
#2765,#2766,#2767,#2768),(#2769,#2770,#2771,#2772,#2773,#2774,#2775,#2776,
#2777,#2778,#2779,#2780,#2781,#2782,#2783,#2784,#2785,#2786,#2787,#2788,
#2789),(#2790,#2791,#2792,#2793,#2794,#2795,#2796,#2797,#2798,#2799,#2800,
#2801,#2802,#2803,#2804,#2805,#2806,#2807,#2808,#2809,#2810),(#2811,#2812,
#2813,#2814,#2815,#2816,#2817,#2818,#2819,#2820,#2821,#2822,#2823,#2824,
#2825,#2826,#2827,#2828,#2829,#2830,#2831),(#2832,#2833,#2834,#2835,#2836,
#2837,#2838,#2839,#2840,#2841,#2842,#2843,#2844,#2845,#2846,#2847,#2848,
#2849,#2850,#2851,#2852),(#2853,#2854,#2855,#2856,#2857,#2858,#2859,#2860,
#2861,#2862,#2863,#2864,#2865,#2866,#2867,#2868,#2869,#2870,#2871,#2872,
#2873),(#2874,#2875,#2876,#2877,#2878,#2879,#2880,#2881,#2882,#2883,#2884,
#2885,#2886,#2887,#2888,#2889,#2890,#2891,#2892,#2893,#2894)),
 .UNSPECIFIED.,.F.,.F.,.F.,(4,1,1,1,1,1,1,1,1,1,1,1,4),(4,1,1,1,1,1,3,1,
3,1,1,1,1,1,4),(0.,0.25,0.5,0.75,1.,1.5,2.,2.5,3.,3.25,3.5,3.75,4.),(0.,
0.125,0.25,0.375,0.5,0.75,1.,2.,3.,3.25,3.5,3.625,3.75,3.875,4.),
 .UNSPECIFIED.);
#145=B_SPLINE_SURFACE_WITH_KNOTS('',3,3,((#2895,#2896,#2897,#2898,#2899,
#2900,#2901,#2902,#2903,#2904,#2905,#2906,#2907,#2908,#2909,#2910,#2911,
#2912,#2913,#2914,#2915),(#2916,#2917,#2918,#2919,#2920,#2921,#2922,#2923,
#2924,#2925,#2926,#2927,#2928,#2929,#2930,#2931,#2932,#2933,#2934,#2935,
#2936),(#2937,#2938,#2939,#2940,#2941,#2942,#2943,#2944,#2945,#2946,#2947,
#2948,#2949,#2950,#2951,#2952,#2953,#2954,#2955,#2956,#2957),(#2958,#2959,
#2960,#2961,#2962,#2963,#2964,#2965,#2966,#2967,#2968,#2969,#2970,#2971,
#2972,#2973,#2974,#2975,#2976,#2977,#2978),(#2979,#2980,#2981,#2982,#2983,
#2984,#2985,#2986,#2987,#2988,#2989,#2990,#2991,#2992,#2993,#2994,#2995,
#2996,#2997,#2998,#2999),(#3000,#3001,#3002,#3003,#3004,#3005,#3006,#3007,
#3008,#3009,#3010,#3011,#3012,#3013,#3014,#3015,#3016,#3017,#3018,#3019,
#3020),(#3021,#3022,#3023,#3024,#3025,#3026,#3027,#3028,#3029,#3030,#3031,
#3032,#3033,#3034,#3035,#3036,#3037,#3038,#3039,#3040,#3041),(#3042,#3043,
#3044,#3045,#3046,#3047,#3048,#3049,#3050,#3051,#3052,#3053,#3054,#3055,
#3056,#3057,#3058,#3059,#3060,#3061,#3062),(#3063,#3064,#3065,#3066,#3067,
#3068,#3069,#3070,#3071,#3072,#3073,#3074,#3075,#3076,#3077,#3078,#3079,
#3080,#3081,#3082,#3083),(#3084,#3085,#3086,#3087,#3088,#3089,#3090,#3091,
#3092,#3093,#3094,#3095,#3096,#3097,#3098,#3099,#3100,#3101,#3102,#3103,
#3104),(#3105,#3106,#3107,#3108,#3109,#3110,#3111,#3112,#3113,#3114,#3115,
#3116,#3117,#3118,#3119,#3120,#3121,#3122,#3123,#3124,#3125),(#3126,#3127,
#3128,#3129,#3130,#3131,#3132,#3133,#3134,#3135,#3136,#3137,#3138,#3139,
#3140,#3141,#3142,#3143,#3144,#3145,#3146),(#3147,#3148,#3149,#3150,#3151,
#3152,#3153,#3154,#3155,#3156,#3157,#3158,#3159,#3160,#3161,#3162,#3163,
#3164,#3165,#3166,#3167),(#3168,#3169,#3170,#3171,#3172,#3173,#3174,#3175,
#3176,#3177,#3178,#3179,#3180,#3181,#3182,#3183,#3184,#3185,#3186,#3187,
#3188),(#3189,#3190,#3191,#3192,#3193,#3194,#3195,#3196,#3197,#3198,#3199,
#3200,#3201,#3202,#3203,#3204,#3205,#3206,#3207,#3208,#3209)),
 .UNSPECIFIED.,.F.,.F.,.F.,(4,1,1,1,1,1,1,1,1,1,1,1,4),(4,1,1,1,1,1,3,1,
3,1,1,1,1,1,4),(0.,0.25,0.5,0.75,1.,1.5,2.,2.5,3.,3.25,3.5,3.75,4.),(0.,
0.125,0.25,0.375,0.5,0.75,1.,2.,3.,3.25,3.5,3.625,3.75,3.875,4.),
 .UNSPECIFIED.);
#146=SHAPE_DEFINITION_REPRESENTATION(#147,#232);
#147=PRODUCT_DEFINITION_SHAPE('Document','',#149);
#148=PRODUCT_DEFINITION_CONTEXT('3D Mechanical Parts',#221,'design');
#149=PRODUCT_DEFINITION('A','First version',#191,#148);
#150=DATE_TIME_ROLE('classification_date');
#151=DATE_TIME_ROLE('creation_date');
#152=APPLIED_DATE_AND_TIME_ASSIGNMENT(#176,#150,(#155));
#153=APPLIED_DATE_AND_TIME_ASSIGNMENT(#178,#151,(#149));
#154=SECURITY_CLASSIFICATION_LEVEL('unclassified');
#155=SECURITY_CLASSIFICATION('A','Security for version',#154);
#156=APPLIED_SECURITY_CLASSIFICATION_ASSIGNMENT(#155,(#191));
#157=APPROVAL_ROLE('Version approval');
#158=APPROVAL_ROLE('Version Security approval');
#159=APPROVAL_ROLE('Definition approval');
#160=APPROVAL_PERSON_ORGANIZATION(#209,#185,#157);
#161=APPROVAL_PERSON_ORGANIZATION(#210,#186,#158);
#162=APPROVAL_PERSON_ORGANIZATION(#213,#187,#159);
#163=COORDINATED_UNIVERSAL_TIME_OFFSET(5,0,.BEHIND.);
#164=LOCAL_TIME(0,0,0.,#163);
#165=LOCAL_TIME(0,0,0.,#163);
#166=LOCAL_TIME(0,0,0.,#163);
#167=LOCAL_TIME(0,0,0.,#163);
#168=LOCAL_TIME(0,0,0.,#163);
#169=CALENDAR_DATE(1999,1,1);
#170=CALENDAR_DATE(1999,1,1);
#171=CALENDAR_DATE(1999,1,1);
#172=CALENDAR_DATE(1999,1,1);
#173=CALENDAR_DATE(1999,1,1);
#174=DATE_AND_TIME(#169,#164);
#175=DATE_AND_TIME(#170,#165);
#176=DATE_AND_TIME(#171,#166);
#177=DATE_AND_TIME(#172,#167);
#178=DATE_AND_TIME(#173,#168);
#179=APPROVAL_DATE_TIME(#174,#185);
#180=APPROVAL_DATE_TIME(#175,#186);
#181=APPROVAL_DATE_TIME(#177,#187);
#182=APPROVAL_STATUS('not_yet_approved');
#183=APPROVAL_STATUS('not_yet_approved');
#184=APPROVAL_STATUS('approved');
#185=APPROVAL(#182,'Version approval');
#186=APPROVAL(#183,'Version Security approval');
#187=APPROVAL(#184,'Definition approval');
#188=APPLIED_APPROVAL_ASSIGNMENT(#185,(#191));
#189=APPLIED_APPROVAL_ASSIGNMENT(#186,(#155));
#190=APPLIED_APPROVAL_ASSIGNMENT(#187,(#149));
#191=PRODUCT_DEFINITION_FORMATION_WITH_SPECIFIED_SOURCE('A',
'First version',#223,.MADE.);
#192=PERSON_AND_ORGANIZATION_ROLE('design_owner');
#193=PERSON_AND_ORGANIZATION_ROLE('creator');
#194=PERSON_AND_ORGANIZATION_ROLE('design_supplier');
#195=PERSON_AND_ORGANIZATION_ROLE('classification_officer');
#196=PERSON_AND_ORGANIZATION_ROLE('creator');
#197=ORGANIZATION('STI','lab','lab');
#198=ORGANIZATION('STI','unknown','unknown');
#199=ORGANIZATION('STI','unknown','unknown');
#200=ORGANIZATION('STI','unknown','unknown');
#201=ORGANIZATION('STI','unknown','unknown');
#202=ORGANIZATION('STI','unknown','unknown');
#203=ORGANIZATION('STI','unknown','unknown');
#204=PERSON('1','Box','vc60',$,$,$);
#205=PERSON('2','last','first',$,$,$);
#206=PERSON('3','President','Mr.',$,$,$);
#207=PERSON_AND_ORGANIZATION(#204,#197);
#208=PERSON_AND_ORGANIZATION(#205,#198);
#209=PERSON_AND_ORGANIZATION(#206,#199);
#210=PERSON_AND_ORGANIZATION(#206,#200);
#211=PERSON_AND_ORGANIZATION(#206,#201);
#212=PERSON_AND_ORGANIZATION(#205,#202);
#213=PERSON_AND_ORGANIZATION(#206,#203);
#214=APPLIED_PERSON_AND_ORGANIZATION_ASSIGNMENT(#207,#192,(#223));
#215=APPLIED_PERSON_AND_ORGANIZATION_ASSIGNMENT(#208,#193,(#191));
#216=APPLIED_PERSON_AND_ORGANIZATION_ASSIGNMENT(#208,#194,(#191));
#217=APPLIED_PERSON_AND_ORGANIZATION_ASSIGNMENT(#211,#195,(#155));
#218=APPLIED_PERSON_AND_ORGANIZATION_ASSIGNMENT(#212,#196,(#149));
#219=PRODUCT_RELATED_PRODUCT_CATEGORY('detail','detail',(#223));
#220=APPLICATION_PROTOCOL_DEFINITION('International Standard',
'config_control_design',1994,#221);
#221=APPLICATION_CONTEXT(
'configuration controlled 3d designs of mechanical parts and assemblie
s');
#222=PRODUCT_CONTEXT('3D Mechanical Parts',#221,'mechanical');
#223=PRODUCT('Document','Document','',(#222));
#224=(
LENGTH_UNIT()
NAMED_UNIT(*)
SI_UNIT(.MILLI.,.METRE.)
);
#225=(
NAMED_UNIT(*)
PLANE_ANGLE_UNIT()
SI_UNIT($,.RADIAN.)
);
#226=DIMENSIONAL_EXPONENTS(0.,0.,0.,0.,0.,0.,0.);
#227=PLANE_ANGLE_MEASURE_WITH_UNIT(PLANE_ANGLE_MEASURE(0.01745329252),#225);
#228=(
CONVERSION_BASED_UNIT('DEGREES',#227)
NAMED_UNIT(#226)
PLANE_ANGLE_UNIT()
);
#229=(
NAMED_UNIT(*)
SI_UNIT($,.STERADIAN.)
SOLID_ANGLE_UNIT()
);
#230=UNCERTAINTY_MEASURE_WITH_UNIT(LENGTH_MEASURE(0.001),#224,
'DISTANCE_ACCURACY_VALUE',
'Maximum model space distance between geometric entities at asserted c
onnectivities');
#231=(
GEOMETRIC_REPRESENTATION_CONTEXT(3)
GLOBAL_UNCERTAINTY_ASSIGNED_CONTEXT((#230))
GLOBAL_UNIT_ASSIGNED_CONTEXT((#229,#228,#224))
REPRESENTATION_CONTEXT('ID1','3D')
);
#232=SHAPE_REPRESENTATION('Document',(#233,#234),#231);
#233=AXIS2_PLACEMENT_3D('',#239,#235,#236);
#234=AXIS2_PLACEMENT_3D('',#3798,#237,#238);
#235=DIRECTION('',(0.,0.,1.));
#236=DIRECTION('',(1.,0.,0.));
#237=DIRECTION('',(0.,0.,1.));
#238=DIRECTION('',(1.,0.,0.));
#239=CARTESIAN_POINT('',(0.,0.,0.));
#240=CARTESIAN_POINT('',(-279.333504920535,-384.243972194331,-31.5826092024184));
#241=CARTESIAN_POINT('',(-279.376719542072,-384.059746997459,-31.6187633061749));
#242=CARTESIAN_POINT('',(-279.534053510399,-383.364429842655,-31.7646956731624));
#243=CARTESIAN_POINT('',(-279.808571843831,-381.919446695335,-32.114446554433));
#244=CARTESIAN_POINT('',(-280.077823345879,-380.191309654749,-32.5564032983962));
#245=CARTESIAN_POINT('',(-280.404501920167,-377.575508357214,-33.2156064618229));
#246=CARTESIAN_POINT('',(-280.70480435983,-373.845071805631,-34.0713239024084));
#247=CARTESIAN_POINT('',(-280.841767512349,-369.,-34.5974397612805));
#248=CARTESIAN_POINT('',(-280.70480435983,-364.154928194368,-34.0713239024084));
#249=CARTESIAN_POINT('',(-280.404501920167,-360.424491642785,-33.2156064618229));
#250=CARTESIAN_POINT('',(-280.077823345879,-357.80869034525,-32.5564032983962));
#251=CARTESIAN_POINT('',(-279.808571843831,-356.080553304664,-32.114446554433));
#252=CARTESIAN_POINT('',(-279.534053510399,-354.635570157344,-31.7646956731623));
#253=CARTESIAN_POINT('',(-279.376719542072,-353.940253002541,-31.6187633061749));
#254=CARTESIAN_POINT('',(-279.333504920535,-353.756027805668,-31.5826092024184));
#255=CARTESIAN_POINT('',(-279.253086704499,-384.329723165703,-31.5298663918545));
#256=CARTESIAN_POINT('',(-279.259761195017,-384.04351393347,-31.5500253867718));
#257=CARTESIAN_POINT('',(-279.380389248758,-383.344074695212,-31.6747044389218));
#258=CARTESIAN_POINT('',(-279.625912251456,-381.897995501492,-32.00823205963));
#259=CARTESIAN_POINT('',(-279.874677026644,-380.170954507307,-32.439168504837));
#260=CARTESIAN_POINT('',(-280.182071278929,-377.558702312402,-33.0884976918942));
#261=CARTESIAN_POINT('',(-280.46711423319,-373.835050809967,-33.9369393398974));
#262=CARTESIAN_POINT('',(-280.59846006131,-369.,-34.4607163943719));
#263=CARTESIAN_POINT('',(-280.46711423319,-364.164949190033,-33.9369393398974));
#264=CARTESIAN_POINT('',(-280.182071278929,-360.441297687597,-33.0884976918942));
#265=CARTESIAN_POINT('',(-279.874677026644,-357.829045492693,-32.439168504837));
#266=CARTESIAN_POINT('',(-279.625912251456,-356.102004498508,-32.00823205963));
#267=CARTESIAN_POINT('',(-279.380389248758,-354.655925304787,-31.6747044389218));
#268=CARTESIAN_POINT('',(-279.259761195017,-353.95648606653,-31.5500253867718));
#269=CARTESIAN_POINT('',(-279.253086704499,-353.670276834296,-31.5298663918545));
#270=CARTESIAN_POINT('',(-278.954016094112,-384.63020209705,-31.3467156939303));
#271=CARTESIAN_POINT('',(-278.962439574922,-384.255731039776,-31.3715750013316));
#272=CARTESIAN_POINT('',(-279.032752077112,-383.424273642828,-31.4849602565384));
#273=CARTESIAN_POINT('',(-279.226584453982,-381.925935884197,-31.8013745178416));
#274=CARTESIAN_POINT('',(-279.436747456314,-380.172840646353,-32.2194616149181));
#275=CARTESIAN_POINT('',(-279.706018390096,-377.547510625814,-32.8553344990273));
#276=CARTESIAN_POINT('',(-279.9607314837,-373.823230410363,-33.6900813447574));
#277=CARTESIAN_POINT('',(-280.080809110412,-369.,-34.206891748433));
#278=CARTESIAN_POINT('',(-279.9607314837,-364.176769589637,-33.6900813447574));
#279=CARTESIAN_POINT('',(-279.706018390096,-360.452489374186,-32.8553344990273));
#280=CARTESIAN_POINT('',(-279.436747456314,-357.827159353646,-32.2194616149181));
#281=CARTESIAN_POINT('',(-279.226584453982,-356.074064115803,-31.8013745178416));
#282=CARTESIAN_POINT('',(-279.032752077112,-354.575726357172,-31.4849602565384));
#283=CARTESIAN_POINT('',(-278.962439574922,-353.744268960223,-31.3715750013316));
#284=CARTESIAN_POINT('',(-278.954016094112,-353.36979790295,-31.3467156939303));
#285=CARTESIAN_POINT('',(-278.339403829395,-385.132265447985,-31.0704387272808));
#286=CARTESIAN_POINT('',(-278.348280882249,-384.691217069454,-31.0959026593397));
#287=CARTESIAN_POINT('',(-278.398232826452,-383.737411051979,-31.2096203119712));
#288=CARTESIAN_POINT('',(-278.533857767088,-382.100183704916,-31.5243229656491));
#289=CARTESIAN_POINT('',(-278.6942832409,-380.265047497392,-31.9389086032468));
#290=CARTESIAN_POINT('',(-278.909220118903,-377.579953693143,-32.56647860184));
#291=CARTESIAN_POINT('',(-279.119775806909,-373.824937860679,-33.3816929470173));
#292=CARTESIAN_POINT('',(-279.222863055914,-369.,-33.883122292898));
#293=CARTESIAN_POINT('',(-279.119775806909,-364.175062139321,-33.3816929470173));
#294=CARTESIAN_POINT('',(-278.909220118903,-360.420046306857,-32.56647860184));
#295=CARTESIAN_POINT('',(-278.6942832409,-357.734952502608,-31.9389086032468));
#296=CARTESIAN_POINT('',(-278.533857767088,-355.899816295083,-31.524322965649));
#297=CARTESIAN_POINT('',(-278.398232826452,-354.262588948021,-31.2096203119712));
#298=CARTESIAN_POINT('',(-278.348280882249,-353.308782930546,-31.0959026593397));
#299=CARTESIAN_POINT('',(-278.339403829395,-352.867734552014,-31.0704387272809));
#300=CARTESIAN_POINT('',(-277.613062232337,-385.598642523909,-30.8468296778446));
#301=CARTESIAN_POINT('',(-277.621485713147,-385.112937752135,-30.8703347794724));
#302=CARTESIAN_POINT('',(-277.6585125345,-384.073498709081,-30.982118167127));
#303=CARTESIAN_POINT('',(-277.755686936997,-382.326577707785,-31.2970265909833));
#304=CARTESIAN_POINT('',(-277.875590101232,-380.40822033157,-31.7120821463914));
#305=CARTESIAN_POINT('',(-278.040558790886,-377.643596745792,-32.3362374479081));
#306=CARTESIAN_POINT('',(-278.209064513642,-373.840856635269,-33.131368349571));
#307=CARTESIAN_POINT('',(-278.29508589157,-369.,-33.6144216004757));
#308=CARTESIAN_POINT('',(-278.209064513642,-364.159143364731,-33.131368349571));
#309=CARTESIAN_POINT('',(-278.040558790886,-360.356403254207,-32.3362374479081));
#310=CARTESIAN_POINT('',(-277.875590101232,-357.591779668429,-31.7120821463914));
#311=CARTESIAN_POINT('',(-277.755686936997,-355.673422292215,-31.2970265909833));
#312=CARTESIAN_POINT('',(-277.6585125345,-353.926501290918,-30.982118167127));
#313=CARTESIAN_POINT('',(-277.621485713147,-352.887062247864,-30.8703347794724));
#314=CARTESIAN_POINT('',(-277.613062232337,-352.40135747609,-30.8468296778446));
#315=CARTESIAN_POINT('',(-276.524390591148,-386.132562585027,-30.6374403648555));
#316=CARTESIAN_POINT('',(-276.531345362483,-385.60751486138,-30.6564068241973));
#317=CARTESIAN_POINT('',(-276.556696323798,-384.489677686901,-30.7625016230276));
#318=CARTESIAN_POINT('',(-276.618820343705,-382.632038224484,-31.0744623729576));
#319=CARTESIAN_POINT('',(-276.694815263549,-380.615856542224,-31.487574585817));
#320=CARTESIAN_POINT('',(-276.801000785928,-377.746013313895,-32.1043700351953));
#321=CARTESIAN_POINT('',(-276.917276548756,-373.874061133153,-32.8699075604662));
#322=CARTESIAN_POINT('',(-276.980459550396,-369.,-33.3270473610481));
#323=CARTESIAN_POINT('',(-276.917276548756,-364.125938866847,-32.8699075604662));
#324=CARTESIAN_POINT('',(-276.801000785928,-360.253986686105,-32.1043700351953));
#325=CARTESIAN_POINT('',(-276.694815263549,-357.384143457775,-31.487574585817));
#326=CARTESIAN_POINT('',(-276.618820343705,-355.367961775515,-31.0744623729576));
#327=CARTESIAN_POINT('',(-276.556696323798,-353.510322313098,-30.7625016230276));
#328=CARTESIAN_POINT('',(-276.531345362483,-352.39248513862,-30.6564068241973));
#329=CARTESIAN_POINT('',(-276.524390591148,-351.867437414973,-30.6374403648555));
#330=CARTESIAN_POINT('',(-274.99206370135,-386.559493198521,-30.5768692540579));
#331=CARTESIAN_POINT('',(-274.996210645748,-386.006210361687,-30.5893452918466));
#332=CARTESIAN_POINT('',(-275.009219333279,-384.832758670605,-30.6823351274438));
#333=CARTESIAN_POINT('',(-275.038951885687,-382.897005338269,-30.9737352123411));
#334=CARTESIAN_POINT('',(-275.074979084119,-380.810758466752,-31.3648526801824));
#335=CARTESIAN_POINT('',(-275.12617504328,-377.861880927861,-31.949701883153));
#336=CARTESIAN_POINT('',(-275.186282231857,-373.924961438943,-32.6690671014393));
#337=CARTESIAN_POINT('',(-275.220791440853,-369.,-33.0960077182403));
#338=CARTESIAN_POINT('',(-275.186282231857,-364.075038561056,-32.6690671014393));
#339=CARTESIAN_POINT('',(-275.12617504328,-360.138119072139,-31.949701883153));
#340=CARTESIAN_POINT('',(-275.074979084119,-357.189241533247,-31.3648526801824));
#341=CARTESIAN_POINT('',(-275.038951885687,-355.10299466173,-30.9737352123411));
#342=CARTESIAN_POINT('',(-275.009219333279,-353.167241329395,-30.6823351274438));
#343=CARTESIAN_POINT('',(-274.996210645748,-351.993789638313,-30.5893452918466));
#344=CARTESIAN_POINT('',(-274.99206370135,-351.440506801479,-30.5768692540579));
#345=CARTESIAN_POINT('',(-273.016081562942,-386.719463781456,-30.6209927997548));
#346=CARTESIAN_POINT('',(-273.016081562942,-386.157617307371,-30.6292477371334));
#347=CARTESIAN_POINT('',(-273.016081562942,-384.967750165398,-30.7119769039096));
#348=CARTESIAN_POINT('',(-273.016081562942,-383.009242193704,-30.9842901607374));
#349=CARTESIAN_POINT('',(-273.016081562942,-380.901842285953,-31.354384554835));
#350=CARTESIAN_POINT('',(-273.016081562942,-377.926540257776,-31.9109674374671));
#351=CARTESIAN_POINT('',(-273.016081562942,-373.959259495792,-32.5989570369647));
#352=CARTESIAN_POINT('',(-273.016081562942,-369.,-33.0086551951463));
#353=CARTESIAN_POINT('',(-273.016081562942,-364.040740504208,-32.5989570369647));
#354=CARTESIAN_POINT('',(-273.016081562942,-360.073459742224,-31.9109674374671));
#355=CARTESIAN_POINT('',(-273.016081562942,-357.098157714047,-31.354384554835));
#356=CARTESIAN_POINT('',(-273.016081562942,-354.990757806295,-30.9842901607374));
#357=CARTESIAN_POINT('',(-273.016081562942,-353.032249834601,-30.7119769039097));
#358=CARTESIAN_POINT('',(-273.016081562942,-351.842382692628,-30.6292477371334));
#359=CARTESIAN_POINT('',(-273.016081562942,-351.280536218544,-30.6209927997548));
#360=CARTESIAN_POINT('',(-271.040099424535,-386.559493198521,-30.5768692540579));
#361=CARTESIAN_POINT('',(-271.035952480136,-386.006210361687,-30.5893452918466));
#362=CARTESIAN_POINT('',(-271.022943792606,-384.832758670605,-30.6823351274438));
#363=CARTESIAN_POINT('',(-270.993211240198,-382.897005338269,-30.9737352123411));
#364=CARTESIAN_POINT('',(-270.957184041765,-380.810758466752,-31.3648526801824));
#365=CARTESIAN_POINT('',(-270.905988082605,-377.861880927861,-31.949701883153));
#366=CARTESIAN_POINT('',(-270.845880894028,-373.924961438943,-32.6690671014393));
#367=CARTESIAN_POINT('',(-270.811371685031,-369.,-33.0960077182403));
#368=CARTESIAN_POINT('',(-270.845880894028,-364.075038561056,-32.6690671014393));
#369=CARTESIAN_POINT('',(-270.905988082605,-360.138119072139,-31.949701883153));
#370=CARTESIAN_POINT('',(-270.957184041765,-357.189241533247,-31.3648526801824));
#371=CARTESIAN_POINT('',(-270.993211240198,-355.10299466173,-30.9737352123411));
#372=CARTESIAN_POINT('',(-271.022943792606,-353.167241329395,-30.6823351274438));
#373=CARTESIAN_POINT('',(-271.035952480136,-351.993789638313,-30.5893452918466));
#374=CARTESIAN_POINT('',(-271.040099424535,-351.440506801479,-30.5768692540579));
#375=CARTESIAN_POINT('',(-269.507772534737,-386.132562585027,-30.6374403648555));
#376=CARTESIAN_POINT('',(-269.500817763401,-385.60751486138,-30.6564068241973));
#377=CARTESIAN_POINT('',(-269.475466802087,-384.489677686901,-30.7625016230276));
#378=CARTESIAN_POINT('',(-269.41334278218,-382.632038224484,-31.0744623729576));
#379=CARTESIAN_POINT('',(-269.337347862335,-380.615856542224,-31.487574585817));
#380=CARTESIAN_POINT('',(-269.231162339957,-377.746013313895,-32.1043700351953));
#381=CARTESIAN_POINT('',(-269.114886577128,-373.874061133153,-32.8699075604662));
#382=CARTESIAN_POINT('',(-269.051703575489,-369.,-33.327047361048));
#383=CARTESIAN_POINT('',(-269.114886577128,-364.125938866847,-32.8699075604662));
#384=CARTESIAN_POINT('',(-269.231162339957,-360.253986686105,-32.1043700351953));
#385=CARTESIAN_POINT('',(-269.337347862335,-357.384143457775,-31.487574585817));
#386=CARTESIAN_POINT('',(-269.41334278218,-355.367961775515,-31.0744623729576));
#387=CARTESIAN_POINT('',(-269.475466802087,-353.510322313098,-30.7625016230276));
#388=CARTESIAN_POINT('',(-269.500817763402,-352.39248513862,-30.6564068241973));
#389=CARTESIAN_POINT('',(-269.507772534737,-351.867437414973,-30.6374403648555));
#390=CARTESIAN_POINT('',(-268.419100893548,-385.598642523909,-30.8468296778446));
#391=CARTESIAN_POINT('',(-268.410677412738,-385.112937752135,-30.8703347794724));
#392=CARTESIAN_POINT('',(-268.373650591385,-384.073498709081,-30.982118167127));
#393=CARTESIAN_POINT('',(-268.276476188888,-382.326577707785,-31.2970265909833));
#394=CARTESIAN_POINT('',(-268.156573024653,-380.40822033157,-31.7120821463914));
#395=CARTESIAN_POINT('',(-267.991604334999,-377.643596745792,-32.3362374479081));
#396=CARTESIAN_POINT('',(-267.823098612243,-373.840856635269,-33.131368349571));
#397=CARTESIAN_POINT('',(-267.737077234314,-369.,-33.6144216004757));
#398=CARTESIAN_POINT('',(-267.823098612243,-364.159143364731,-33.131368349571));
#399=CARTESIAN_POINT('',(-267.991604334999,-360.356403254207,-32.3362374479081));
#400=CARTESIAN_POINT('',(-268.156573024653,-357.591779668429,-31.7120821463914));
#401=CARTESIAN_POINT('',(-268.276476188888,-355.673422292215,-31.2970265909833));
#402=CARTESIAN_POINT('',(-268.373650591385,-353.926501290918,-30.982118167127));
#403=CARTESIAN_POINT('',(-268.410677412738,-352.887062247864,-30.8703347794724));
#404=CARTESIAN_POINT('',(-268.419100893548,-352.40135747609,-30.8468296778446));
#405=CARTESIAN_POINT('',(-267.692759296489,-385.132265447985,-31.0704387272809));
#406=CARTESIAN_POINT('',(-267.683882243636,-384.691217069454,-31.0959026593397));
#407=CARTESIAN_POINT('',(-267.633930299433,-383.737411051979,-31.2096203119712));
#408=CARTESIAN_POINT('',(-267.498305358797,-382.100183704916,-31.524322965649));
#409=CARTESIAN_POINT('',(-267.337879884984,-380.265047497392,-31.9389086032468));
#410=CARTESIAN_POINT('',(-267.122943006982,-377.579953693143,-32.56647860184));
#411=CARTESIAN_POINT('',(-266.912387318976,-373.824937860679,-33.3816929470173));
#412=CARTESIAN_POINT('',(-266.809300069971,-369.,-33.883122292898));
#413=CARTESIAN_POINT('',(-266.912387318976,-364.175062139321,-33.3816929470173));
#414=CARTESIAN_POINT('',(-267.122943006982,-360.420046306856,-32.56647860184));
#415=CARTESIAN_POINT('',(-267.337879884984,-357.734952502608,-31.9389086032468));
#416=CARTESIAN_POINT('',(-267.498305358797,-355.899816295083,-31.5243229656491));
#417=CARTESIAN_POINT('',(-267.633930299433,-354.262588948021,-31.2096203119712));
#418=CARTESIAN_POINT('',(-267.683882243636,-353.308782930546,-31.0959026593397));
#419=CARTESIAN_POINT('',(-267.692759296489,-352.867734552014,-31.0704387272808));
#420=CARTESIAN_POINT('',(-267.078147031772,-384.63020209705,-31.3467156939303));
#421=CARTESIAN_POINT('',(-267.069723550963,-384.255731039776,-31.3715750013316));
#422=CARTESIAN_POINT('',(-266.999411048773,-383.424273642828,-31.4849602565384));
#423=CARTESIAN_POINT('',(-266.805578671902,-381.925935884197,-31.8013745178416));
#424=CARTESIAN_POINT('',(-266.595415669571,-380.172840646353,-32.2194616149181));
#425=CARTESIAN_POINT('',(-266.326144735788,-377.547510625814,-32.8553344990273));
#426=CARTESIAN_POINT('',(-266.071431642185,-373.823230410363,-33.6900813447574));
#427=CARTESIAN_POINT('',(-265.951354015472,-369.,-34.206891748433));
#428=CARTESIAN_POINT('',(-266.071431642185,-364.176769589637,-33.6900813447574));
#429=CARTESIAN_POINT('',(-266.326144735788,-360.452489374186,-32.8553344990273));
#430=CARTESIAN_POINT('',(-266.595415669571,-357.827159353646,-32.2194616149181));
#431=CARTESIAN_POINT('',(-266.805578671902,-356.074064115803,-31.8013745178416));
#432=CARTESIAN_POINT('',(-266.999411048773,-354.575726357172,-31.4849602565384));
#433=CARTESIAN_POINT('',(-267.069723550963,-353.744268960223,-31.3715750013316));
#434=CARTESIAN_POINT('',(-267.078147031772,-353.36979790295,-31.3467156939303));
#435=CARTESIAN_POINT('',(-266.779076421386,-384.329723165703,-31.5298663918545));
#436=CARTESIAN_POINT('',(-266.772401930868,-384.04351393347,-31.5500253867718));
#437=CARTESIAN_POINT('',(-266.651773877127,-383.344074695212,-31.6747044389218));
#438=CARTESIAN_POINT('',(-266.406250874428,-381.897995501492,-32.00823205963));
#439=CARTESIAN_POINT('',(-266.157486099241,-380.170954507307,-32.439168504837));
#440=CARTESIAN_POINT('',(-265.850091846956,-377.558702312402,-33.0884976918942));
#441=CARTESIAN_POINT('',(-265.565048892694,-373.835050809967,-33.9369393398974));
#442=CARTESIAN_POINT('',(-265.433703064575,-369.,-34.4607163943719));
#443=CARTESIAN_POINT('',(-265.565048892694,-364.164949190033,-33.9369393398974));
#444=CARTESIAN_POINT('',(-265.850091846956,-360.441297687597,-33.0884976918942));
#445=CARTESIAN_POINT('',(-266.157486099241,-357.829045492693,-32.439168504837));
#446=CARTESIAN_POINT('',(-266.406250874428,-356.102004498508,-32.00823205963));
#447=CARTESIAN_POINT('',(-266.651773877127,-354.655925304787,-31.6747044389218));
#448=CARTESIAN_POINT('',(-266.772401930868,-353.95648606653,-31.5500253867718));
#449=CARTESIAN_POINT('',(-266.779076421386,-353.670276834296,-31.5298663918545));
#450=CARTESIAN_POINT('',(-266.69865820535,-384.243972194331,-31.5826092024184));
#451=CARTESIAN_POINT('',(-266.655443583813,-384.059746997459,-31.6187633061749));
#452=CARTESIAN_POINT('',(-266.498109615486,-383.364429842655,-31.7646956731623));
#453=CARTESIAN_POINT('',(-266.223591282053,-381.919446695335,-32.114446554433));
#454=CARTESIAN_POINT('',(-265.954339780005,-380.191309654749,-32.5564032983962));
#455=CARTESIAN_POINT('',(-265.627661205717,-377.575508357214,-33.2156064618229));
#456=CARTESIAN_POINT('',(-265.327358766055,-373.845071805631,-34.0713239024084));
#457=CARTESIAN_POINT('',(-265.190395613536,-369.,-34.5974397612805));
#458=CARTESIAN_POINT('',(-265.327358766055,-364.154928194368,-34.0713239024084));
#459=CARTESIAN_POINT('',(-265.627661205717,-360.424491642785,-33.2156064618229));
#460=CARTESIAN_POINT('',(-265.954339780005,-357.80869034525,-32.5564032983962));
#461=CARTESIAN_POINT('',(-266.223591282053,-356.080553304664,-32.114446554433));
#462=CARTESIAN_POINT('',(-266.498109615486,-354.635570157344,-31.7646956731624));
#463=CARTESIAN_POINT('',(-266.655443583813,-353.940253002541,-31.6187633061749));
#464=CARTESIAN_POINT('',(-266.69865820535,-353.756027805668,-31.5826092024184));
#465=CARTESIAN_POINT('',(-266.69865820535,-353.756027805668,-31.5826092024184));
#466=CARTESIAN_POINT('',(-266.662118074331,-353.654043770307,-31.5986043112576));
#467=CARTESIAN_POINT('',(-266.529989250551,-353.292761498782,-31.669031147961));
#468=CARTESIAN_POINT('',(-266.292233057837,-352.672168558506,-31.8922896457456));
#469=CARTESIAN_POINT('',(-266.039443360924,-352.076927741464,-32.2379901104513));
#470=CARTESIAN_POINT('',(-265.685300932132,-351.371815671084,-32.8574392473214));
#471=CARTESIAN_POINT('',(-265.216121033239,-350.759079096318,-33.9200776908411));
#472=CARTESIAN_POINT('',(-264.759228608955,-350.585625403267,-34.8981407256994));
#473=CARTESIAN_POINT('',(-264.497075307668,-350.585625403267,-35.374261177168));
#474=CARTESIAN_POINT('',(-263.972768705095,-350.585625403267,-36.3265020801052));
#475=CARTESIAN_POINT('',(-262.654498786792,-351.279440175471,-38.1276953582953));
#476=CARTESIAN_POINT('',(-260.711383264646,-352.44567775323,-40.3142266121843));
#477=CARTESIAN_POINT('',(-259.56223105823,-352.918100558785,-41.6518054908205));
#478=CARTESIAN_POINT('',(-258.987654955021,-353.154311961562,-42.3205949301385));
#479=CARTESIAN_POINT('',(-257.749705525934,-353.571386775455,-43.7803304346205));
#480=CARTESIAN_POINT('',(-256.639232376987,-354.158226048849,-45.3932825157771));
#481=CARTESIAN_POINT('',(-256.408406056732,-354.789314362292,-46.2463484825985));
#482=CARTESIAN_POINT('',(-256.521759624601,-355.317755786392,-46.6724969711141));
#483=CARTESIAN_POINT('',(-256.879283709139,-355.875639141165,-46.8899913354804));
#484=CARTESIAN_POINT('',(-257.190734628516,-356.207402344768,-46.9177190117106));
#485=CARTESIAN_POINT('',(-257.287117996894,-356.302934997409,-46.9202727799707));
#486=CARTESIAN_POINT('',(-266.655443583813,-353.940253002541,-31.6187633061749));
#487=CARTESIAN_POINT('',(-266.538485236758,-353.924019938552,-31.6875012255779));
#488=CARTESIAN_POINT('',(-266.367901508101,-353.646877408612,-31.7838816896027));
#489=CARTESIAN_POINT('',(-266.100631616602,-353.091609165137,-32.0235478259982));
#490=CARTESIAN_POINT('',(-265.827614376854,-352.541651053566,-32.3770490192014));
#491=CARTESIAN_POINT('',(-265.455137967483,-351.878178413233,-32.9984715172811));
#492=CARTESIAN_POINT('',(-264.972210490002,-351.297330439656,-34.0534903996453));
#493=CARTESIAN_POINT('',(-264.512264340184,-351.13125600405,-35.0168506789997));
#494=CARTESIAN_POINT('',(-264.250111038898,-351.13125600405,-35.4840058694714));
#495=CARTESIAN_POINT('',(-263.725804436324,-351.13125600405,-36.4183162504146));
#496=CARTESIAN_POINT('',(-262.419749420153,-351.795553746475,-38.1707374186561));
#497=CARTESIAN_POINT('',(-260.504375906807,-352.901826352135,-40.3076884370651));
#498=CARTESIAN_POINT('',(-259.370750807057,-353.343801215369,-41.6265286681758));
#499=CARTESIAN_POINT('',(-258.803938257183,-353.564788646986,-42.2859487837312));
#500=CARTESIAN_POINT('',(-257.582343985896,-353.951182790422,-43.7299713757949));
#501=CARTESIAN_POINT('',(-256.49461089204,-354.495454839973,-45.331799425676));
#502=CARTESIAN_POINT('',(-256.283489868565,-355.087778803618,-46.1816480959129));
#503=CARTESIAN_POINT('',(-256.413630605469,-355.581074602139,-46.609336178324));
#504=CARTESIAN_POINT('',(-256.791201625591,-356.09402289023,-46.8334343050363));
#505=CARTESIAN_POINT('',(-257.124586774787,-356.372753965528,-46.8734980030504));
#506=CARTESIAN_POINT('',(-257.297524999022,-356.430474264179,-46.8989894973719));
#507=CARTESIAN_POINT('',(-266.498109615486,-354.635570157344,-31.7646956731623));
#508=CARTESIAN_POINT('',(-266.344445353845,-354.615215009902,-31.8546869074028));
#509=CARTESIAN_POINT('',(-266.077425478928,-354.453595472515,-32.0249076619814));
#510=CARTESIAN_POINT('',(-265.745635723093,-354.016683109107,-32.3114938270119));
#511=CARTESIAN_POINT('',(-265.43040013525,-353.553532358544,-32.6898752000749));
#512=CARTESIAN_POINT('',(-265.022000915018,-352.973885888953,-33.322055664289));
#513=CARTESIAN_POINT('',(-264.514797333089,-352.4570032617,-34.3615630999634));
#514=CARTESIAN_POINT('',(-264.05473752926,-352.305630333395,-35.2898069983723));
#515=CARTESIAN_POINT('',(-263.796680373306,-352.305630333395,-35.7357727610698));
#516=CARTESIAN_POINT('',(-263.280566061398,-352.305630333395,-36.6277042864648));
#517=CARTESIAN_POINT('',(-262.024119405265,-352.911122046615,-38.2663178451985));
#518=CARTESIAN_POINT('',(-260.20499434285,-353.901729110461,-40.2776774035392));
#519=CARTESIAN_POINT('',(-259.12620162466,-354.286844461088,-41.5423549285411));
#520=CARTESIAN_POINT('',(-258.586805265565,-354.479402136401,-42.174693691042));
#521=CARTESIAN_POINT('',(-257.423397453884,-354.809423396378,-43.5688700889597));
#522=CARTESIAN_POINT('',(-256.396286016777,-355.271621199079,-45.1360045826445));
#523=CARTESIAN_POINT('',(-256.214097500323,-355.783626050487,-45.9847606637639));
#524=CARTESIAN_POINT('',(-256.363656088519,-356.206206692307,-46.4266451730388));
#525=CARTESIAN_POINT('',(-256.765864311172,-356.634818036028,-46.6816403360988));
#526=CARTESIAN_POINT('',(-257.164003033221,-356.851078406672,-46.7686760964068));
#527=CARTESIAN_POINT('',(-257.38596407531,-356.923463212426,-46.8018616933974));
#528=CARTESIAN_POINT('',(-266.223591282053,-356.080553304664,-32.114446554433));
#529=CARTESIAN_POINT('',(-266.040931689678,-356.059102110821,-32.220661049236));
#530=CARTESIAN_POINT('',(-265.709621117652,-355.945356952742,-32.4386614866597));
#531=CARTESIAN_POINT('',(-265.287389216074,-355.64444237677,-32.8042862101011));
#532=CARTESIAN_POINT('',(-264.912599389247,-355.295462434266,-33.2304447247012));
#533=CARTESIAN_POINT('',(-264.454602508607,-354.837847190431,-33.8897202949149));
#534=CARTESIAN_POINT('',(-263.919962052664,-354.414834100108,-34.9039710950866));
#535=CARTESIAN_POINT('',(-263.473504097959,-354.285363787837,-35.7680693480459));
#536=CARTESIAN_POINT('',(-263.230807487002,-354.285363787837,-36.1757589242953));
#537=CARTESIAN_POINT('',(-262.745414265089,-354.285363787837,-36.9911380767941));
#538=CARTESIAN_POINT('',(-261.618886752427,-354.803245036921,-38.4270199799498));
#539=CARTESIAN_POINT('',(-260.033253528085,-355.631547844307,-40.1951707697706));
#540=CARTESIAN_POINT('',(-259.088754594491,-355.941969402609,-41.3428188089346));
#541=CARTESIAN_POINT('',(-258.616505127694,-356.09718018176,-41.9166428285166));
#542=CARTESIAN_POINT('',(-257.596165033388,-356.355736817366,-43.1960771898075));
#543=CARTESIAN_POINT('',(-256.696875864576,-356.706589421444,-44.6802452846477));
#544=CARTESIAN_POINT('',(-256.542569409481,-357.098257060233,-45.5317504492019));
#545=CARTESIAN_POINT('',(-256.695459422715,-357.419966128377,-46.0071584824415));
#546=CARTESIAN_POINT('',(-257.103026705084,-357.74209909686,-46.3240394909885));
#547=CARTESIAN_POINT('',(-257.531211443648,-357.925829852218,-46.4418471269246));
#548=CARTESIAN_POINT('',(-257.7810942099,-358.002112301359,-46.4804489307939));
#549=CARTESIAN_POINT('',(-265.954339780005,-357.80869034525,-32.5564032983962));
#550=CARTESIAN_POINT('',(-265.75119346077,-357.788335197807,-32.6736380919554));
#551=CARTESIAN_POINT('',(-265.37653775416,-357.705028468989,-32.9228703762733));
#552=CARTESIAN_POINT('',(-264.893016408667,-357.493920155726,-33.3425364348027));
#553=CARTESIAN_POINT('',(-264.471508696438,-357.238304704183,-33.8095496658393));
#554=CARTESIAN_POINT('',(-263.970251816274,-356.893662693433,-34.4974029245035));
#555=CARTESIAN_POINT('',(-263.41647189344,-356.559797743094,-35.4832351313734));
#556=CARTESIAN_POINT('',(-262.993179056978,-356.452101779785,-36.2773782006334));
#557=CARTESIAN_POINT('',(-262.771987209017,-356.452101779785,-36.6435842182015));
#558=CARTESIAN_POINT('',(-262.329603513096,-356.452101779785,-37.3759962533376));
#559=CARTESIAN_POINT('',(-261.368472683416,-356.882885633023,-38.5938961871144));
#560=CARTESIAN_POINT('',(-260.072276320497,-357.558479089314,-40.0884880189055));
#561=CARTESIAN_POINT('',(-259.294827091336,-357.803288692367,-41.0975919520558));
#562=CARTESIAN_POINT('',(-258.906102476756,-357.925693493894,-41.602143918631));
#563=CARTESIAN_POINT('',(-258.063977723745,-358.124009534401,-42.7421518604088));
#564=CARTESIAN_POINT('',(-257.320865749863,-358.377868680653,-44.1188379082403));
#565=CARTESIAN_POINT('',(-257.194842217392,-358.657853256217,-44.9658420782955));
#566=CARTESIAN_POINT('',(-257.34194241221,-358.890364790058,-45.4658796856205));
#567=CARTESIAN_POINT('',(-257.738045272052,-359.129473898957,-45.8226585866179));
#568=CARTESIAN_POINT('',(-258.173038835867,-359.282661336853,-45.9596432589902));
#569=CARTESIAN_POINT('',(-258.434497668896,-359.355046142607,-46.0015780820847));
#570=CARTESIAN_POINT('',(-265.627661205717,-360.424491642785,-33.2156064618229));
#571=CARTESIAN_POINT('',(-265.405230564479,-360.407685597974,-33.3427152317516));
#572=CARTESIAN_POINT('',(-264.991560888357,-360.351653105315,-33.6179871185992));
#573=CARTESIAN_POINT('',(-264.452792220445,-360.221329179947,-34.0830709377364));
#574=CARTESIAN_POINT('',(-263.983920426006,-360.065716090919,-34.5893436936338));
#575=CARTESIAN_POINT('',(-263.436168567656,-359.852494450968,-35.3046432143701));
#576=CARTESIAN_POINT('',(-262.867026064418,-359.627674605497,-36.2468046966638));
#577=CARTESIAN_POINT('',(-262.48175899641,-359.5488685885,-36.9474768510343));
#578=CARTESIAN_POINT('',(-262.29333631111,-359.5488685885,-37.258474524121));
#579=CARTESIAN_POINT('',(-261.91649094051,-359.5488685885,-37.8804698702943));
#580=CARTESIAN_POINT('',(-261.196486988945,-359.864092656488,-38.8097533298526));
#581=CARTESIAN_POINT('',(-260.31656762129,-360.346734650615,-39.9317614834673));
#582=CARTESIAN_POINT('',(-259.7798068346,-360.514152576753,-40.746481523697));
#583=CARTESIAN_POINT('',(-259.511426441254,-360.597861539822,-41.1538415438119));
#584=CARTESIAN_POINT('',(-258.926265103133,-360.728327930499,-42.0954195657528));
#585=CARTESIAN_POINT('',(-258.417816149288,-360.875445546241,-43.3046559085346));
#586=CARTESIAN_POINT('',(-258.351261075927,-361.029408494904,-44.1204745886202));
#587=CARTESIAN_POINT('',(-258.501947398473,-361.163058745207,-44.6299193637869));
#588=CARTESIAN_POINT('',(-258.883736931295,-361.314930645088,-45.0103108662288));
#589=CARTESIAN_POINT('',(-259.312665815165,-361.428355418575,-45.1601136608218));
#590=CARTESIAN_POINT('',(-259.575814319716,-361.488119283838,-45.2046281667217));
#591=CARTESIAN_POINT('',(-265.327358766055,-364.154928194368,-34.0713239024084));
#592=CARTESIAN_POINT('',(-265.089668639415,-364.144907198704,-34.2057084649193));
#593=CARTESIAN_POINT('',(-264.645290882348,-364.116643615652,-34.4963887198233));
#594=CARTESIAN_POINT('',(-264.063851067346,-364.056689128038,-34.9808477248659));
#595=CARTESIAN_POINT('',(-263.55965740491,-363.986281189525,-35.4964505856359));
#596=CARTESIAN_POINT('',(-262.979886501034,-363.887940219824,-36.2023865183535));
#597=CARTESIAN_POINT('',(-262.408884912425,-363.774408691133,-37.0761922387729));
#598=CARTESIAN_POINT('',(-262.074012922671,-363.731501328572,-37.6738095828162));
#599=CARTESIAN_POINT('',(-261.926551690698,-363.731501328572,-37.9242017574859));
#600=CARTESIAN_POINT('',(-261.63162922675,-363.731501328572,-38.4249861068251));
#601=CARTESIAN_POINT('',(-261.201582402081,-363.903130778814,-39.0392228266871));
#602=CARTESIAN_POINT('',(-260.816001145256,-364.160574954176,-39.7419828533439));
#603=CARTESIAN_POINT('',(-260.565544249153,-364.246389679297,-40.3312905094779));
#604=CARTESIAN_POINT('',(-260.440315801101,-364.289297041858,-40.6259443375449));
#605=CARTESIAN_POINT('',(-260.161025771153,-364.353658085698,-41.3342158150816));
#606=CARTESIAN_POINT('',(-259.974118626259,-364.416155986023,-42.3049029880696));
#607=CARTESIAN_POINT('',(-260.06248908216,-364.476790742832,-43.0054243856363));
#608=CARTESIAN_POINT('',(-260.282858244067,-364.532937148521,-43.4609920042834));
#609=CARTESIAN_POINT('',(-260.692461960029,-364.605106012103,-43.8149269342867));
#610=CARTESIAN_POINT('',(-261.115116296088,-364.66746830629,-43.9619222557824));
#611=CARTESIAN_POINT('',(-261.369696967818,-364.703103902969,-44.0078780487175));
#612=CARTESIAN_POINT('',(-265.190395613536,-369.,-34.5974397612805));
#613=CARTESIAN_POINT('',(-264.947088162497,-369.,-34.734163128189));
#614=CARTESIAN_POINT('',(-264.491509309239,-369.,-35.0272319498843));
#615=CARTESIAN_POINT('',(-263.895022008359,-369.,-35.5083572605284));
#616=CARTESIAN_POINT('',(-263.379188519029,-369.,-36.0136604637407));
#617=CARTESIAN_POINT('',(-262.790646058721,-369.,-36.6965096774036));
#618=CARTESIAN_POINT('',(-262.225466674944,-369.,-37.5237949982368));
#619=CARTESIAN_POINT('',(-261.921976879218,-369.,-38.0650929893978));
#620=CARTESIAN_POINT('',(-261.799092519239,-369.,-38.282483837891));
#621=CARTESIAN_POINT('',(-261.553323799283,-369.,-38.7172655348775));
#622=CARTESIAN_POINT('',(-261.292670662451,-369.,-39.1607637521525));
#623=CARTESIAN_POINT('',(-261.193289018825,-369.,-39.6305674909396));
#624=CARTESIAN_POINT('',(-261.108791792074,-369.,-40.0916547094381));
#625=CARTESIAN_POINT('',(-261.066543178699,-369.,-40.3221983186874));
#626=CARTESIAN_POINT('',(-260.96464274948,-369.,-40.8963782117385));
#627=CARTESIAN_POINT('',(-260.981945903518,-369.,-41.7122410674575));
#628=CARTESIAN_POINT('',(-261.195507659125,-369.,-42.3130579274901));
#629=CARTESIAN_POINT('',(-261.483766596529,-369.,-42.7100448056967));
#630=CARTESIAN_POINT('',(-261.928341159141,-369.,-43.0257168625392));
#631=CARTESIAN_POINT('',(-262.347753287361,-369.,-43.1634956498271));
#632=CARTESIAN_POINT('',(-262.59292129051,-369.,-43.2096028883949));
#633=CARTESIAN_POINT('',(-265.327358766055,-373.845071805631,-34.0713239024084));
#634=CARTESIAN_POINT('',(-265.089668639415,-373.855092801295,-34.2057084649193));
#635=CARTESIAN_POINT('',(-264.645290882348,-373.883356384348,-34.4963887198233));
#636=CARTESIAN_POINT('',(-264.063851067346,-373.943310871962,-34.9808477248659));
#637=CARTESIAN_POINT('',(-263.55965740491,-374.013718810475,-35.4964505856359));
#638=CARTESIAN_POINT('',(-262.979886501034,-374.112059780176,-36.2023865183535));
#639=CARTESIAN_POINT('',(-262.408884912425,-374.225591308867,-37.0761922387729));
#640=CARTESIAN_POINT('',(-262.074012922671,-374.268498671427,-37.6738095828162));
#641=CARTESIAN_POINT('',(-261.926551690698,-374.268498671427,-37.9242017574858));
#642=CARTESIAN_POINT('',(-261.63162922675,-374.268498671427,-38.4249861068251));
#643=CARTESIAN_POINT('',(-261.201582402081,-374.096869221186,-39.0392228266871));
#644=CARTESIAN_POINT('',(-260.816001145256,-373.839425045823,-39.7419828533439));
#645=CARTESIAN_POINT('',(-260.565544249153,-373.753610320702,-40.3312905094779));
#646=CARTESIAN_POINT('',(-260.440315801101,-373.710702958142,-40.6259443375449));
#647=CARTESIAN_POINT('',(-260.161025771153,-373.646341914301,-41.3342158150816));
#648=CARTESIAN_POINT('',(-259.974118626259,-373.583844013976,-42.3049029880696));
#649=CARTESIAN_POINT('',(-260.06248908216,-373.523209257168,-43.0054243856363));
#650=CARTESIAN_POINT('',(-260.282858244067,-373.467062851478,-43.4609920042834));
#651=CARTESIAN_POINT('',(-260.692461960029,-373.394893987897,-43.8149269342867));
#652=CARTESIAN_POINT('',(-261.115116296088,-373.332531693709,-43.9619222557824));
#653=CARTESIAN_POINT('',(-261.369696967818,-373.29689609703,-44.0078780487175));
#654=CARTESIAN_POINT('',(-265.627661205717,-377.575508357214,-33.2156064618229));
#655=CARTESIAN_POINT('',(-265.405230564479,-377.592314402026,-33.3427152317516));
#656=CARTESIAN_POINT('',(-264.991560888358,-377.648346894684,-33.6179871185992));
#657=CARTESIAN_POINT('',(-264.452792220445,-377.778670820053,-34.0830709377364));
#658=CARTESIAN_POINT('',(-263.983920426006,-377.93428390908,-34.5893436936338));
#659=CARTESIAN_POINT('',(-263.436168567656,-378.147505549031,-35.3046432143701));
#660=CARTESIAN_POINT('',(-262.867026064418,-378.372325394502,-36.2468046966639));
#661=CARTESIAN_POINT('',(-262.48175899641,-378.451131411499,-36.9474768510343));
#662=CARTESIAN_POINT('',(-262.29333631111,-378.451131411499,-37.2584745241209));
#663=CARTESIAN_POINT('',(-261.91649094051,-378.451131411499,-37.8804698702943));
#664=CARTESIAN_POINT('',(-261.196486988945,-378.135907343511,-38.8097533298526));
#665=CARTESIAN_POINT('',(-260.31656762129,-377.653265349385,-39.9317614834673));
#666=CARTESIAN_POINT('',(-259.7798068346,-377.485847423246,-40.746481523697));
#667=CARTESIAN_POINT('',(-259.511426441254,-377.402138460177,-41.1538415438119));
#668=CARTESIAN_POINT('',(-258.926265103133,-377.271672069501,-42.0954195657528));
#669=CARTESIAN_POINT('',(-258.417816149288,-377.124554453759,-43.3046559085346));
#670=CARTESIAN_POINT('',(-258.351261075927,-376.970591505096,-44.1204745886202));
#671=CARTESIAN_POINT('',(-258.501947398473,-376.836941254792,-44.6299193637869));
#672=CARTESIAN_POINT('',(-258.883736931295,-376.685069354911,-45.0103108662288));
#673=CARTESIAN_POINT('',(-259.312665815165,-376.571644581425,-45.1601136608218));
#674=CARTESIAN_POINT('',(-259.575814319716,-376.511880716161,-45.2046281667217));
#675=CARTESIAN_POINT('',(-265.954339780005,-380.191309654749,-32.5564032983962));
#676=CARTESIAN_POINT('',(-265.75119346077,-380.211664802192,-32.6736380919554));
#677=CARTESIAN_POINT('',(-265.37653775416,-380.29497153101,-32.9228703762733));
#678=CARTESIAN_POINT('',(-264.893016408667,-380.506079844274,-33.3425364348027));
#679=CARTESIAN_POINT('',(-264.471508696438,-380.761695295816,-33.8095496658393));
#680=CARTESIAN_POINT('',(-263.970251816274,-381.106337306566,-34.4974029245035));
#681=CARTESIAN_POINT('',(-263.41647189344,-381.440202256905,-35.4832351313734));
#682=CARTESIAN_POINT('',(-262.993179056978,-381.547898220215,-36.2773782006334));
#683=CARTESIAN_POINT('',(-262.771987209017,-381.547898220215,-36.6435842182015));
#684=CARTESIAN_POINT('',(-262.329603513096,-381.547898220215,-37.3759962533376));
#685=CARTESIAN_POINT('',(-261.368472683416,-381.117114366977,-38.5938961871144));
#686=CARTESIAN_POINT('',(-260.072276320497,-380.441520910686,-40.0884880189055));
#687=CARTESIAN_POINT('',(-259.294827091336,-380.196711307632,-41.0975919520558));
#688=CARTESIAN_POINT('',(-258.906102476756,-380.074306506106,-41.602143918631));
#689=CARTESIAN_POINT('',(-258.063977723745,-379.875990465599,-42.7421518604088));
#690=CARTESIAN_POINT('',(-257.320865749863,-379.622131319346,-44.1188379082403));
#691=CARTESIAN_POINT('',(-257.194842217392,-379.342146743783,-44.9658420782955));
#692=CARTESIAN_POINT('',(-257.34194241221,-379.109635209941,-45.4658796856205));
#693=CARTESIAN_POINT('',(-257.738045272052,-378.870526101043,-45.8226585866179));
#694=CARTESIAN_POINT('',(-258.173038835867,-378.717338663147,-45.9596432589902));
#695=CARTESIAN_POINT('',(-258.434497668896,-378.644953857393,-46.0015780820847));
#696=CARTESIAN_POINT('',(-266.223591282053,-381.919446695335,-32.114446554433));
#697=CARTESIAN_POINT('',(-266.040931689678,-381.940897889179,-32.220661049236));
#698=CARTESIAN_POINT('',(-265.709621117652,-382.054643047258,-32.4386614866597));
#699=CARTESIAN_POINT('',(-265.287389216074,-382.35555762323,-32.8042862101011));
#700=CARTESIAN_POINT('',(-264.912599389247,-382.704537565734,-33.2304447247012));
#701=CARTESIAN_POINT('',(-264.454602508607,-383.162152809568,-33.8897202949149));
#702=CARTESIAN_POINT('',(-263.919962052664,-383.585165899892,-34.9039710950866));
#703=CARTESIAN_POINT('',(-263.473504097959,-383.714636212163,-35.7680693480459));
#704=CARTESIAN_POINT('',(-263.230807487002,-383.714636212163,-36.1757589242953));
#705=CARTESIAN_POINT('',(-262.745414265089,-383.714636212163,-36.9911380767941));
#706=CARTESIAN_POINT('',(-261.618886752427,-383.196754963079,-38.4270199799498));
#707=CARTESIAN_POINT('',(-260.033253528085,-382.368452155693,-40.1951707697706));
#708=CARTESIAN_POINT('',(-259.088754594491,-382.058030597391,-41.3428188089346));
#709=CARTESIAN_POINT('',(-258.616505127694,-381.90281981824,-41.9166428285166));
#710=CARTESIAN_POINT('',(-257.596165033388,-381.644263182633,-43.1960771898075));
#711=CARTESIAN_POINT('',(-256.696875864576,-381.293410578555,-44.6802452846478));
#712=CARTESIAN_POINT('',(-256.542569409481,-380.901742939766,-45.5317504492019));
#713=CARTESIAN_POINT('',(-256.695459422715,-380.580033871622,-46.0071584824415));
#714=CARTESIAN_POINT('',(-257.103026705084,-380.257900903139,-46.3240394909885));
#715=CARTESIAN_POINT('',(-257.531211443648,-380.074170147781,-46.4418471269246));
#716=CARTESIAN_POINT('',(-257.7810942099,-379.997887698641,-46.4804489307939));
#717=CARTESIAN_POINT('',(-266.498109615486,-383.364429842655,-31.7646956731624));
#718=CARTESIAN_POINT('',(-266.344445353845,-383.384784990098,-31.8546869074028));
#719=CARTESIAN_POINT('',(-266.077425478928,-383.546404527484,-32.0249076619814));
#720=CARTESIAN_POINT('',(-265.745635723093,-383.983316890893,-32.3114938270119));
#721=CARTESIAN_POINT('',(-265.43040013525,-384.446467641456,-32.6898752000749));
#722=CARTESIAN_POINT('',(-265.022000915018,-385.026114111047,-33.322055664289));
#723=CARTESIAN_POINT('',(-264.514797333089,-385.5429967383,-34.3615630999634));
#724=CARTESIAN_POINT('',(-264.05473752926,-385.694369666605,-35.2898069983723));
#725=CARTESIAN_POINT('',(-263.796680373306,-385.694369666605,-35.7357727610698));
#726=CARTESIAN_POINT('',(-263.280566061398,-385.694369666605,-36.6277042864648));
#727=CARTESIAN_POINT('',(-262.024119405265,-385.088877953384,-38.2663178451985));
#728=CARTESIAN_POINT('',(-260.20499434285,-384.098270889538,-40.2776774035392));
#729=CARTESIAN_POINT('',(-259.12620162466,-383.713155538912,-41.5423549285411));
#730=CARTESIAN_POINT('',(-258.586805265565,-383.520597863599,-42.174693691042));
#731=CARTESIAN_POINT('',(-257.423397453883,-383.190576603621,-43.5688700889597));
#732=CARTESIAN_POINT('',(-256.396286016777,-382.72837880092,-45.1360045826445));
#733=CARTESIAN_POINT('',(-256.214097500323,-382.216373949512,-45.9847606637639));
#734=CARTESIAN_POINT('',(-256.363656088519,-381.793793307693,-46.4266451730388));
#735=CARTESIAN_POINT('',(-256.765864311172,-381.365181963972,-46.6816403360988));
#736=CARTESIAN_POINT('',(-257.164003033221,-381.148921593327,-46.7686760964069));
#737=CARTESIAN_POINT('',(-257.38596407531,-381.076536787573,-46.8018616933974));
#738=CARTESIAN_POINT('',(-266.655443583813,-384.059746997459,-31.6187633061749));
#739=CARTESIAN_POINT('',(-266.538485236758,-384.075980061448,-31.6875012255779));
#740=CARTESIAN_POINT('',(-266.367901508101,-384.353122591387,-31.7838816896027));
#741=CARTESIAN_POINT('',(-266.100631616602,-384.908390834862,-32.0235478259982));
#742=CARTESIAN_POINT('',(-265.827614376853,-385.458348946433,-32.3770490192014));
#743=CARTESIAN_POINT('',(-265.455137967483,-386.121821586767,-32.9984715172811));
#744=CARTESIAN_POINT('',(-264.972210490002,-386.702669560344,-34.0534903996453));
#745=CARTESIAN_POINT('',(-264.512264340184,-386.86874399595,-35.0168506789998));
#746=CARTESIAN_POINT('',(-264.250111038898,-386.86874399595,-35.4840058694714));
#747=CARTESIAN_POINT('',(-263.725804436324,-386.86874399595,-36.4183162504146));
#748=CARTESIAN_POINT('',(-262.419749420153,-386.204446253524,-38.1707374186561));
#749=CARTESIAN_POINT('',(-260.504375906807,-385.098173647865,-40.3076884370651));
#750=CARTESIAN_POINT('',(-259.370750807057,-384.656198784631,-41.6265286681758));
#751=CARTESIAN_POINT('',(-258.803938257183,-384.435211353014,-42.2859487837311));
#752=CARTESIAN_POINT('',(-257.582343985896,-384.048817209577,-43.7299713757949));
#753=CARTESIAN_POINT('',(-256.494610892039,-383.504545160026,-45.331799425676));
#754=CARTESIAN_POINT('',(-256.283489868565,-382.912221196381,-46.1816480959129));
#755=CARTESIAN_POINT('',(-256.41363060547,-382.418925397861,-46.609336178324));
#756=CARTESIAN_POINT('',(-256.791201625591,-381.90597710977,-46.8334343050363));
#757=CARTESIAN_POINT('',(-257.124586774787,-381.627246034472,-46.8734980030504));
#758=CARTESIAN_POINT('',(-257.297524999022,-381.569525735821,-46.8989894973719));
#759=CARTESIAN_POINT('',(-266.69865820535,-384.243972194331,-31.5826092024184));
#760=CARTESIAN_POINT('',(-266.662118074331,-384.345956229693,-31.5986043112576));
#761=CARTESIAN_POINT('',(-266.529989250551,-384.707238501218,-31.669031147961));
#762=CARTESIAN_POINT('',(-266.292233057837,-385.327831441493,-31.8922896457456));
#763=CARTESIAN_POINT('',(-266.039443360924,-385.923072258536,-32.2379901104513));
#764=CARTESIAN_POINT('',(-265.685300932132,-386.628184328915,-32.8574392473214));
#765=CARTESIAN_POINT('',(-265.216121033239,-387.240920903681,-33.9200776908411));
#766=CARTESIAN_POINT('',(-264.759228608955,-387.414374596732,-34.8981407256994));
#767=CARTESIAN_POINT('',(-264.497075307668,-387.414374596732,-35.374261177168));
#768=CARTESIAN_POINT('',(-263.972768705095,-387.414374596732,-36.3265020801052));
#769=CARTESIAN_POINT('',(-262.654498786792,-386.720559824529,-38.1276953582953));
#770=CARTESIAN_POINT('',(-260.711383264646,-385.55432224677,-40.3142266121843));
#771=CARTESIAN_POINT('',(-259.56223105823,-385.081899441215,-41.6518054908205));
#772=CARTESIAN_POINT('',(-258.987654955021,-384.845688038438,-42.3205949301385));
#773=CARTESIAN_POINT('',(-257.749705525934,-384.428613224545,-43.7803304346205));
#774=CARTESIAN_POINT('',(-256.639232376987,-383.841773951151,-45.3932825157771));
#775=CARTESIAN_POINT('',(-256.408406056732,-383.210685637708,-46.2463484825986));
#776=CARTESIAN_POINT('',(-256.521759624601,-382.682244213607,-46.6724969711141));
#777=CARTESIAN_POINT('',(-256.879283709139,-382.124360858834,-46.8899913354804));
#778=CARTESIAN_POINT('',(-257.190734628516,-381.792597655231,-46.9177190117106));
#779=CARTESIAN_POINT('',(-257.287117996894,-381.69706500259,-46.9202727799707));
#780=CARTESIAN_POINT('',(-288.745045128991,-356.302934997409,-46.9202727799707));
#781=CARTESIAN_POINT('',(-288.668490273133,-356.265122643419,-46.943210506032));
#782=CARTESIAN_POINT('',(-288.337224354101,-356.149587790633,-47.0098181220318));
#783=CARTESIAN_POINT('',(-287.395730343831,-356.024279137331,-47.0021352148329));
#784=CARTESIAN_POINT('',(-285.986805709502,-355.987306442787,-46.8588563395764));
#785=CARTESIAN_POINT('',(-283.479450820039,-356.053572181982,-46.5020395085108));
#786=CARTESIAN_POINT('',(-279.155876104519,-356.348924453777,-45.7733396496094));
#787=CARTESIAN_POINT('',(-273.016081562942,-356.611143855975,-45.2230482062407));
#788=CARTESIAN_POINT('',(-266.876287021366,-356.348924453777,-45.7733396496094));
#789=CARTESIAN_POINT('',(-262.552712305846,-356.053572181982,-46.5020395085108));
#790=CARTESIAN_POINT('',(-260.045357416383,-355.987306442787,-46.8588563395764));
#791=CARTESIAN_POINT('',(-258.636432782053,-356.024279137331,-47.0021352148329));
#792=CARTESIAN_POINT('',(-257.694938771784,-356.149587790633,-47.0098181220318));
#793=CARTESIAN_POINT('',(-257.363672852752,-356.265122643419,-46.943210506032));
#794=CARTESIAN_POINT('',(-257.287117996894,-356.302934997409,-46.9202727799707));
#795=CARTESIAN_POINT('',(-288.841428497368,-356.207402344768,-46.9177190117106));
#796=CARTESIAN_POINT('',(-288.775280643639,-356.042050724009,-46.9619400203708));
#797=CARTESIAN_POINT('',(-288.471103312642,-355.858819235815,-47.0331895554854));
#798=CARTESIAN_POINT('',(-287.536818169371,-355.684834689894,-47.027133390805));
#799=CARTESIAN_POINT('',(-286.120684668043,-355.617084465507,-46.8833786513731));
#800=CARTESIAN_POINT('',(-283.589986780681,-355.658461334994,-46.5242783373285));
#801=CARTESIAN_POINT('',(-279.221785745647,-355.938511000531,-45.7917969011438));
#802=CARTESIAN_POINT('',(-273.016081562942,-356.197872231325,-45.2388656219814));
#803=CARTESIAN_POINT('',(-266.810377380238,-355.938511000531,-45.7917969011438));
#804=CARTESIAN_POINT('',(-262.442176345204,-355.658461334994,-46.5242783373285));
#805=CARTESIAN_POINT('',(-259.911478457842,-355.617084465507,-46.8833786513731));
#806=CARTESIAN_POINT('',(-258.495344956514,-355.684834689895,-47.027133390805));
#807=CARTESIAN_POINT('',(-257.561059813243,-355.858819235815,-47.0331895554854));
#808=CARTESIAN_POINT('',(-257.256882482245,-356.042050724008,-46.9619400203708));
#809=CARTESIAN_POINT('',(-257.190734628516,-356.207402344768,-46.9177190117106));
#810=CARTESIAN_POINT('',(-289.152879416746,-355.875639141165,-46.8899913354804));
#811=CARTESIAN_POINT('',(-289.064797333198,-355.657255392101,-46.9465483659246));
#812=CARTESIAN_POINT('',(-288.737806313426,-355.32451554164,-47.0209825187636));
#813=CARTESIAN_POINT('',(-287.775145101341,-355.05303028284,-47.0052266755089));
#814=CARTESIAN_POINT('',(-286.320615082428,-354.924711114815,-46.8506964113754));
#815=CARTESIAN_POINT('',(-283.733181758802,-354.916887844227,-46.4798295234462));
#816=CARTESIAN_POINT('',(-279.298337252307,-355.161452104483,-45.7450824566643));
#817=CARTESIAN_POINT('',(-273.016081562942,-355.409928000033,-45.1957688338472));
#818=CARTESIAN_POINT('',(-266.733825873577,-355.161452104483,-45.7450824566644));
#819=CARTESIAN_POINT('',(-262.298981367082,-354.916887844227,-46.4798295234462));
#820=CARTESIAN_POINT('',(-259.711548043456,-354.924711114815,-46.8506964113754));
#821=CARTESIAN_POINT('',(-258.257018024543,-355.05303028284,-47.0052266755089));
#822=CARTESIAN_POINT('',(-257.294356812458,-355.32451554164,-47.0209825187636));
#823=CARTESIAN_POINT('',(-256.967365792687,-355.657255392101,-46.9465483659246));
#824=CARTESIAN_POINT('',(-256.879283709139,-355.875639141165,-46.8899913354804));
#825=CARTESIAN_POINT('',(-289.510403501283,-355.317755786392,-46.6724969711141));
#826=CARTESIAN_POINT('',(-289.402274482151,-355.054436970646,-46.7356577639041));
#827=CARTESIAN_POINT('',(-289.019732922574,-354.626293797828,-46.8056099297792));
#828=CARTESIAN_POINT('',(-287.956540872536,-354.225849144528,-46.7578956266442));
#829=CARTESIAN_POINT('',(-286.4134399651,-354.013461327058,-46.5740044787293));
#830=CARTESIAN_POINT('',(-283.737227402152,-353.930650341548,-46.1780420538366));
#831=CARTESIAN_POINT('',(-279.2714412681,-354.108392411775,-45.458127780898));
#832=CARTESIAN_POINT('',(-273.016081562942,-354.327539974759,-44.9361947204056));
#833=CARTESIAN_POINT('',(-266.760721857785,-354.108392411775,-45.458127780898));
#834=CARTESIAN_POINT('',(-262.294935723732,-353.930650341547,-46.1780420538366));
#835=CARTESIAN_POINT('',(-259.618723160785,-354.013461327058,-46.5740044787293));
#836=CARTESIAN_POINT('',(-258.075622253348,-354.225849144528,-46.7578956266442));
#837=CARTESIAN_POINT('',(-257.012430203311,-354.626293797828,-46.8056099297792));
#838=CARTESIAN_POINT('',(-256.629888643733,-355.054436970646,-46.7356577639042));
#839=CARTESIAN_POINT('',(-256.521759624601,-355.317755786392,-46.6724969711141));
#840=CARTESIAN_POINT('',(-289.623757069152,-354.789314362292,-46.2463484825986));
#841=CARTESIAN_POINT('',(-289.498840880984,-354.490849920965,-46.3110488692842));
#842=CARTESIAN_POINT('',(-289.068568496554,-353.992839402527,-46.372962983878));
#843=CARTESIAN_POINT('',(-287.917293547534,-353.498465487294,-46.2973318276601));
#844=CARTESIAN_POINT('',(-286.295605878047,-353.21262020426,-46.087155991558));
#845=CARTESIAN_POINT('',(-283.553410227319,-353.050713696183,-45.6728055012085));
#846=CARTESIAN_POINT('',(-279.126902122284,-353.149085990466,-44.9882939296823));
#847=CARTESIAN_POINT('',(-273.016081562942,-353.328411538788,-44.5109576033309));
#848=CARTESIAN_POINT('',(-266.9052610036,-353.149085990466,-44.9882939296823));
#849=CARTESIAN_POINT('',(-262.478752898565,-353.050713696183,-45.6728055012085));
#850=CARTESIAN_POINT('',(-259.736557247838,-353.21262020426,-46.087155991558));
#851=CARTESIAN_POINT('',(-258.114869578351,-353.498465487294,-46.2973318276601));
#852=CARTESIAN_POINT('',(-256.96359462933,-353.992839402527,-46.372962983878));
#853=CARTESIAN_POINT('',(-256.5333222449,-354.490849920965,-46.3110488692842));
#854=CARTESIAN_POINT('',(-256.408406056732,-354.789314362292,-46.2463484825985));
#855=CARTESIAN_POINT('',(-289.392930748898,-354.158226048849,-45.3932825157771));
#856=CARTESIAN_POINT('',(-289.24830926395,-353.820997257724,-45.4547656058781));
#857=CARTESIAN_POINT('',(-288.768148199422,-353.248248452331,-45.5049031232508));
#858=CARTESIAN_POINT('',(-287.536009487176,-352.650283358524,-45.406950306711));
#859=CARTESIAN_POINT('',(-285.852830827922,-352.269508162713,-45.1811652934616));
#860=CARTESIAN_POINT('',(-283.088348910832,-351.992770143911,-44.770111541369));
#861=CARTESIAN_POINT('',(-278.809432489172,-351.969981283967,-44.1633483389264));
#862=CARTESIAN_POINT('',(-273.016081562942,-352.085561433424,-43.76211201253));
#863=CARTESIAN_POINT('',(-267.222730636713,-351.969981283967,-44.1633483389264));
#864=CARTESIAN_POINT('',(-262.943814215053,-351.992770143911,-44.770111541369));
#865=CARTESIAN_POINT('',(-260.179332297963,-352.269508162713,-45.1811652934617));
#866=CARTESIAN_POINT('',(-258.496153638708,-352.650283358524,-45.406950306711));
#867=CARTESIAN_POINT('',(-257.264014926463,-353.248248452331,-45.5049031232508));
#868=CARTESIAN_POINT('',(-256.783853861935,-353.820997257724,-45.4547656058781));
#869=CARTESIAN_POINT('',(-256.639232376987,-354.158226048849,-45.3932825157771));
#870=CARTESIAN_POINT('',(-288.282457599951,-353.571386775455,-43.7803304346205));
#871=CARTESIAN_POINT('',(-288.115096059913,-353.191590760487,-43.830689493446));
#872=CARTESIAN_POINT('',(-287.604596431773,-352.530647306572,-43.871024441913));
#873=CARTESIAN_POINT('',(-286.377433550894,-351.79679729815,-43.7909435721843));
#874=CARTESIAN_POINT('',(-284.754773436872,-351.282131906564,-43.6108456251495));
#875=CARTESIAN_POINT('',(-282.151785248016,-350.836983466085,-43.2914472128596));
#876=CARTESIAN_POINT('',(-278.238887956706,-350.636606679517,-42.8449875798481));
#877=CARTESIAN_POINT('',(-273.016081562942,-350.658804113189,-42.5582271529816));
#878=CARTESIAN_POINT('',(-267.793275169178,-350.636606679517,-42.8449875798481));
#879=CARTESIAN_POINT('',(-263.880377877869,-350.836983466085,-43.2914472128596));
#880=CARTESIAN_POINT('',(-261.277389689012,-351.282131906565,-43.6108456251496));
#881=CARTESIAN_POINT('',(-259.65472957499,-351.79679729815,-43.7909435721843));
#882=CARTESIAN_POINT('',(-258.427566694112,-352.530647306572,-43.871024441913));
#883=CARTESIAN_POINT('',(-257.917067065972,-353.191590760487,-43.830689493446));
#884=CARTESIAN_POINT('',(-257.749705525934,-353.571386775455,-43.7803304346205));
#885=CARTESIAN_POINT('',(-287.044508170863,-353.154311961562,-42.3205949301385));
#886=CARTESIAN_POINT('',(-286.860791473025,-352.743835276138,-42.3552410765459));
#887=CARTESIAN_POINT('',(-286.343057673288,-352.016542023856,-42.3825705694862));
#888=CARTESIAN_POINT('',(-285.171918413028,-351.174819601467,-42.3259004329536));
#889=CARTESIAN_POINT('',(-283.662603243634,-350.550551735445,-42.199789944158));
#890=CARTESIAN_POINT('',(-281.274432007627,-349.96578345635,-41.9766875209867));
#891=CARTESIAN_POINT('',(-277.725591447397,-349.619645000065,-41.6653287297657));
#892=CARTESIAN_POINT('',(-273.016081562942,-349.565890683328,-41.4655211501303));
#893=CARTESIAN_POINT('',(-268.306571678488,-349.619645000065,-41.6653287297656));
#894=CARTESIAN_POINT('',(-264.757731118257,-349.96578345635,-41.9766875209867));
#895=CARTESIAN_POINT('',(-262.369559882251,-350.550551735445,-42.199789944158));
#896=CARTESIAN_POINT('',(-260.860244712857,-351.174819601467,-42.3259004329536));
#897=CARTESIAN_POINT('',(-259.689105452597,-352.016542023856,-42.3825705694862));
#898=CARTESIAN_POINT('',(-259.17137165286,-352.743835276138,-42.3552410765459));
#899=CARTESIAN_POINT('',(-258.987654955021,-353.154311961562,-42.3205949301385));
#900=CARTESIAN_POINT('',(-286.469932067655,-352.918100558785,-41.6518054908205));
#901=CARTESIAN_POINT('',(-286.278451816483,-352.4923999022,-41.6770823134651));
#902=CARTESIAN_POINT('',(-285.757079994192,-351.732640521581,-41.6940158644089));
#903=CARTESIAN_POINT('',(-284.611692545896,-350.839105235445,-41.6414012764243));
#904=CARTESIAN_POINT('',(-283.15487962772,-350.162851721242,-41.5336171426757));
#905=CARTESIAN_POINT('',(-280.866434103619,-349.512460047742,-41.346806061507));
#906=CARTESIAN_POINT('',(-277.486834748693,-349.098564821414,-41.0895951888168));
#907=CARTESIAN_POINT('',(-273.016081562942,-349.009865431836,-40.9257898567109));
#908=CARTESIAN_POINT('',(-268.545328377191,-349.098564821414,-41.0895951888168));
#909=CARTESIAN_POINT('',(-265.165729022265,-349.512460047742,-41.346806061507));
#910=CARTESIAN_POINT('',(-262.877283498164,-350.162851721242,-41.5336171426757));
#911=CARTESIAN_POINT('',(-261.420470579988,-350.839105235445,-41.6414012764243));
#912=CARTESIAN_POINT('',(-260.275083131692,-351.732640521581,-41.6940158644089));
#913=CARTESIAN_POINT('',(-259.753711309402,-352.4923999022,-41.6770823134651));
#914=CARTESIAN_POINT('',(-259.56223105823,-352.918100558785,-41.6518054908205));
#915=CARTESIAN_POINT('',(-285.320779861239,-352.44567775323,-40.3142266121843));
#916=CARTESIAN_POINT('',(-285.1137725034,-351.989529154324,-40.3207647873035));
#917=CARTESIAN_POINT('',(-284.585124636001,-351.16483751703,-40.3169064542542));
#918=CARTESIAN_POINT('',(-283.491240811633,-350.167676503399,-40.2724029633658));
#919=CARTESIAN_POINT('',(-282.139432395893,-349.387451692836,-40.2012715397111));
#920=CARTESIAN_POINT('',(-280.050438295604,-348.605813230525,-40.0870431425476));
#921=CARTESIAN_POINT('',(-277.009321351287,-348.05640446411,-39.938128106919));
#922=CARTESIAN_POINT('',(-273.016081562942,-347.897814928851,-39.8463272698721));
#923=CARTESIAN_POINT('',(-269.022841774598,-348.05640446411,-39.938128106919));
#924=CARTESIAN_POINT('',(-265.981724830281,-348.605813230525,-40.0870431425476));
#925=CARTESIAN_POINT('',(-263.892730729991,-349.387451692836,-40.2012715397111));
#926=CARTESIAN_POINT('',(-262.540922314251,-350.167676503399,-40.2724029633658));
#927=CARTESIAN_POINT('',(-261.447038489884,-351.164837517031,-40.3169064542542));
#928=CARTESIAN_POINT('',(-260.918390622485,-351.989529154324,-40.3207647873035));
#929=CARTESIAN_POINT('',(-260.711383264646,-352.44567775323,-40.3142266121843));
#930=CARTESIAN_POINT('',(-283.377664339093,-351.279440175471,-38.1276953582953));
#931=CARTESIAN_POINT('',(-283.142914972455,-350.763326604467,-38.0846532979345));
#932=CARTESIAN_POINT('',(-282.59954752079,-349.81444062059,-38.0080654830335));
#933=CARTESIAN_POINT('',(-281.590590957525,-348.627014897854,-37.9185856419374));
#934=CARTESIAN_POINT('',(-280.415429777886,-347.661372206878,-37.85142064589));
#935=CARTESIAN_POINT('',(-278.663876409065,-346.650732366168,-37.7875043962828));
#936=CARTESIAN_POINT('',(-276.197427004084,-345.871289038098,-37.747961015862));
#937=CARTESIAN_POINT('',(-273.016081562942,-345.597165630382,-37.7403757602449));
#938=CARTESIAN_POINT('',(-269.834736121801,-345.871289038098,-37.747961015862));
#939=CARTESIAN_POINT('',(-267.36828671682,-346.650732366168,-37.7875043962828));
#940=CARTESIAN_POINT('',(-265.616733347998,-347.661372206878,-37.85142064589));
#941=CARTESIAN_POINT('',(-264.44157216836,-348.627014897854,-37.9185856419374));
#942=CARTESIAN_POINT('',(-263.432615605095,-349.81444062059,-38.0080654830335));
#943=CARTESIAN_POINT('',(-262.88924815343,-350.763326604467,-38.0846532979345));
#944=CARTESIAN_POINT('',(-262.654498786792,-351.279440175471,-38.1276953582953));
#945=CARTESIAN_POINT('',(-282.05939442079,-350.585625403267,-36.3265020801052));
#946=CARTESIAN_POINT('',(-281.812430152019,-350.039994802485,-36.2346879097958));
#947=CARTESIAN_POINT('',(-281.269811451863,-349.031846728701,-36.0768192646085));
#948=CARTESIAN_POINT('',(-280.328071724764,-347.757782024354,-35.9065831900146));
#949=CARTESIAN_POINT('',(-279.276779131782,-346.710692749325,-35.7922018155008));
#950=CARTESIAN_POINT('',(-277.753330267936,-345.602298319027,-35.6998833254465));
#951=CARTESIAN_POINT('',(-275.666431078323,-344.728333969388,-35.6705609975437));
#952=CARTESIAN_POINT('',(-273.016081562942,-344.408566834898,-35.687397914668));
#953=CARTESIAN_POINT('',(-270.365732047562,-344.728333969388,-35.6705609975437));
#954=CARTESIAN_POINT('',(-268.278832857948,-345.602298319027,-35.6998833254465));
#955=CARTESIAN_POINT('',(-266.755383994102,-346.710692749325,-35.7922018155008));
#956=CARTESIAN_POINT('',(-265.70409140112,-347.757782024354,-35.9065831900146));
#957=CARTESIAN_POINT('',(-264.762351674022,-349.031846728701,-36.0768192646085));
#958=CARTESIAN_POINT('',(-264.219732973866,-350.039994802485,-36.2346879097958));
#959=CARTESIAN_POINT('',(-263.972768705095,-350.585625403267,-36.3265020801052));
#960=CARTESIAN_POINT('',(-281.535087818216,-350.585625403267,-35.374261177168));
#961=CARTESIAN_POINT('',(-281.288123549446,-350.039994802485,-35.2645164848646));
#962=CARTESIAN_POINT('',(-280.753697139954,-349.031846728701,-35.0773046072495));
#963=CARTESIAN_POINT('',(-279.84575061185,-347.757782024354,-34.8793997464617));
#964=CARTESIAN_POINT('',(-278.846683871859,-346.710692749325,-34.7504882759682));
#965=CARTESIAN_POINT('',(-277.41335020533,-345.602298319027,-34.6520380819157));
#966=CARTESIAN_POINT('',(-275.469816102358,-344.728333969388,-34.6318609883845));
#967=CARTESIAN_POINT('',(-273.016081562942,-344.408566834898,-34.6609089918795));
#968=CARTESIAN_POINT('',(-270.562347023527,-344.728333969388,-34.6318609883845));
#969=CARTESIAN_POINT('',(-268.618812920555,-345.602298319027,-34.6520380819157));
#970=CARTESIAN_POINT('',(-267.185479254026,-346.710692749325,-34.7504882759682));
#971=CARTESIAN_POINT('',(-266.186412514035,-347.757782024354,-34.8793997464617));
#972=CARTESIAN_POINT('',(-265.27846598593,-349.031846728701,-35.0773046072495));
#973=CARTESIAN_POINT('',(-264.744039576439,-350.039994802485,-35.2645164848646));
#974=CARTESIAN_POINT('',(-264.497075307668,-350.585625403267,-35.374261177168));
#975=CARTESIAN_POINT('',(-281.27293451693,-350.585625403267,-34.8981407256994));
#976=CARTESIAN_POINT('',(-281.025970248159,-350.039994802485,-34.779430772399));
#977=CARTESIAN_POINT('',(-280.495639984,-349.031846728701,-34.5775472785701));
#978=CARTESIAN_POINT('',(-279.604590055393,-347.757782024354,-34.3658080246852));
#979=CARTESIAN_POINT('',(-278.631636241897,-346.710692749325,-34.2296315062019));
#980=CARTESIAN_POINT('',(-277.243360174027,-345.602298319027,-34.1281154601503));
#981=CARTESIAN_POINT('',(-275.371508614375,-344.728333969388,-34.1125109838049));
#982=CARTESIAN_POINT('',(-273.016081562942,-344.408566834898,-34.1476645304853));
#983=CARTESIAN_POINT('',(-270.660654511509,-344.728333969388,-34.1125109838049));
#984=CARTESIAN_POINT('',(-268.788802951858,-345.602298319027,-34.1281154601503));
#985=CARTESIAN_POINT('',(-267.400526883987,-346.710692749325,-34.2296315062019));
#986=CARTESIAN_POINT('',(-266.427573070492,-347.757782024354,-34.3658080246852));
#987=CARTESIAN_POINT('',(-265.536523141884,-349.031846728701,-34.5775472785701));
#988=CARTESIAN_POINT('',(-265.006192877726,-350.039994802485,-34.779430772399));
#989=CARTESIAN_POINT('',(-264.759228608955,-350.585625403267,-34.8981407256994));
#990=CARTESIAN_POINT('',(-280.816042092645,-350.759079096318,-33.9200776908411));
#991=CARTESIAN_POINT('',(-280.572131549408,-350.22082775298,-33.7866649820368));
#992=CARTESIAN_POINT('',(-280.05390253337,-349.227495201673,-33.5610868471379));
#993=CARTESIAN_POINT('',(-279.196738194212,-347.975090242729,-33.3280334723365));
#994=CARTESIAN_POINT('',(-278.271156013538,-346.948362613713,-33.1818659045003));
#995=CARTESIAN_POINT('',(-276.9610266154,-345.864406830813,-33.0782528625631));
#996=CARTESIAN_POINT('',(-275.209335131868,-345.014072736565,-33.0738109746457));
#997=CARTESIAN_POINT('',(-273.016081562942,-344.705716533769,-33.1211756076968));
#998=CARTESIAN_POINT('',(-270.822827994017,-345.014072736565,-33.0738109746457));
#999=CARTESIAN_POINT('',(-269.071136510485,-345.864406830813,-33.0782528625631));
#1000=CARTESIAN_POINT('',(-267.761007112347,-346.948362613713,-33.1818659045003));
#1001=CARTESIAN_POINT('',(-266.835424931673,-347.975090242729,-33.3280334723365));
#1002=CARTESIAN_POINT('',(-265.978260592515,-349.227495201673,-33.5610868471379));
#1003=CARTESIAN_POINT('',(-265.460031576477,-350.22082775298,-33.7866649820368));
#1004=CARTESIAN_POINT('',(-265.216121033239,-350.759079096318,-33.9200776908411));
#1005=CARTESIAN_POINT('',(-280.346862193753,-351.371815671084,-32.8574392473214));
#1006=CARTESIAN_POINT('',(-280.116699229104,-350.865452928936,-32.7164069773617));
#1007=CARTESIAN_POINT('',(-279.629184422975,-349.935709436064,-32.4758620445307));
#1008=CARTESIAN_POINT('',(-278.825497953316,-348.774473657311,-32.2229676042559));
#1009=CARTESIAN_POINT('',(-277.958549593223,-347.831050825397,-32.0613602606589));
#1010=CARTESIAN_POINT('',(-276.730472419227,-346.842815627006,-31.9454187817083));
#1011=CARTESIAN_POINT('',(-275.0829830758,-346.07422142753,-31.9455303632458));
#1012=CARTESIAN_POINT('',(-273.016081562942,-345.799744827249,-32.0036126842586));
#1013=CARTESIAN_POINT('',(-270.949180050085,-346.07422142753,-31.9455303632458));
#1014=CARTESIAN_POINT('',(-269.301690706658,-346.842815627006,-31.9454187817083));
#1015=CARTESIAN_POINT('',(-268.073613532662,-347.831050825397,-32.0613602606589));
#1016=CARTESIAN_POINT('',(-267.206665172569,-348.774473657311,-32.2229676042559));
#1017=CARTESIAN_POINT('',(-266.40297870291,-349.935709436064,-32.4758620445308));
#1018=CARTESIAN_POINT('',(-265.91546389678,-350.865452928936,-32.7164069773617));
#1019=CARTESIAN_POINT('',(-265.685300932132,-351.371815671084,-32.8574392473214));
#1020=CARTESIAN_POINT('',(-279.992719764961,-352.076927741464,-32.2379901104513));
#1021=CARTESIAN_POINT('',(-279.780890780891,-351.612204429361,-32.0989312017012));
#1022=CARTESIAN_POINT('',(-279.330789086214,-350.765192485928,-31.8555217475745));
#1023=CARTESIAN_POINT('',(-278.583091385697,-349.72131583135,-31.5853843598114));
#1024=CARTESIAN_POINT('',(-277.769634547784,-348.883417655598,-31.4010754687822));
#1025=CARTESIAN_POINT('',(-276.606394608852,-348.013307684038,-31.2575705474639));
#1026=CARTESIAN_POINT('',(-275.021876947238,-347.337302507927,-31.2470191541848));
#1027=CARTESIAN_POINT('',(-273.016081562942,-347.096352317597,-31.3082202215648));
#1028=CARTESIAN_POINT('',(-271.010286178647,-347.337302507927,-31.2470191541848));
#1029=CARTESIAN_POINT('',(-269.425768517033,-348.013307684038,-31.2575705474639));
#1030=CARTESIAN_POINT('',(-268.262528578101,-348.883417655599,-31.4010754687822));
#1031=CARTESIAN_POINT('',(-267.449071740188,-349.72131583135,-31.5853843598114));
#1032=CARTESIAN_POINT('',(-266.701374039671,-350.765192485928,-31.8555217475745));
#1033=CARTESIAN_POINT('',(-266.251272344994,-351.612204429361,-32.0989312017012));
#1034=CARTESIAN_POINT('',(-266.039443360924,-352.076927741464,-32.2379901104513));
#1035=CARTESIAN_POINT('',(-279.739930068047,-352.672168558506,-31.8922896457456));
#1036=CARTESIAN_POINT('',(-279.548328626813,-352.252727951876,-31.761031465493));
#1037=CARTESIAN_POINT('',(-279.136918755383,-351.500039469322,-31.5239447454962));
#1038=CARTESIAN_POINT('',(-278.439481906885,-350.588544288282,-31.2449624143489));
#1039=CARTESIAN_POINT('',(-277.666021942561,-349.853546000699,-31.0429866593724));
#1040=CARTESIAN_POINT('',(-276.544554395015,-349.087394904729,-30.8747129183053));
#1041=CARTESIAN_POINT('',(-274.994574268476,-348.490388629145,-30.8507065474259));
#1042=CARTESIAN_POINT('',(-273.016081562942,-348.276457901547,-30.91083704708));
#1043=CARTESIAN_POINT('',(-271.037588857409,-348.490388629145,-30.8507065474259));
#1044=CARTESIAN_POINT('',(-269.48760873087,-349.087394904729,-30.8747129183053));
#1045=CARTESIAN_POINT('',(-268.366141183324,-349.8535460007,-31.0429866593724));
#1046=CARTESIAN_POINT('',(-267.592681219,-350.588544288282,-31.2449624143489));
#1047=CARTESIAN_POINT('',(-266.895244370502,-351.500039469322,-31.5239447454962));
#1048=CARTESIAN_POINT('',(-266.483834499072,-352.252727951876,-31.761031465493));
#1049=CARTESIAN_POINT('',(-266.292233057837,-352.672168558506,-31.8922896457456));
#1050=CARTESIAN_POINT('',(-279.502173875333,-353.292761498782,-31.669031147961));
#1051=CARTESIAN_POINT('',(-279.340086132882,-352.938645588951,-31.5541806063192));
#1052=CARTESIAN_POINT('',(-278.982211192252,-352.328900013531,-31.3358044121308));
#1053=CARTESIAN_POINT('',(-278.34497050933,-351.616298676832,-31.0568367196181));
#1054=CARTESIAN_POINT('',(-277.60797164964,-351.012272660272,-30.8410875573602));
#1055=CARTESIAN_POINT('',(-276.514967695786,-350.360035971217,-30.6487028669764));
#1056=CARTESIAN_POINT('',(-274.984337666886,-349.847544308391,-30.6074789007112));
#1057=CARTESIAN_POINT('',(-273.016081562942,-349.661170990093,-30.6624472796378));
#1058=CARTESIAN_POINT('',(-271.047825458998,-349.847544308391,-30.6074789007112));
#1059=CARTESIAN_POINT('',(-269.517195430099,-350.360035971217,-30.6487028669764));
#1060=CARTESIAN_POINT('',(-268.424191476245,-351.012272660272,-30.8410875573602));
#1061=CARTESIAN_POINT('',(-267.687192616554,-351.616298676832,-31.0568367196181));
#1062=CARTESIAN_POINT('',(-267.049951933632,-352.328900013531,-31.3358044121308));
#1063=CARTESIAN_POINT('',(-266.692076993002,-352.938645588951,-31.5541806063192));
#1064=CARTESIAN_POINT('',(-266.529989250551,-353.292761498782,-31.669031147961));
#1065=CARTESIAN_POINT('',(-279.370045051554,-353.654043770307,-31.5986043112576));
#1066=CARTESIAN_POINT('',(-279.24641221398,-353.384067602062,-31.5097073969372));
#1067=CARTESIAN_POINT('',(-278.945592613302,-352.995326845676,-31.3218563865291));
#1068=CARTESIAN_POINT('',(-278.330526776542,-352.426686173483,-31.044974795222));
#1069=CARTESIAN_POINT('',(-277.604638751527,-351.915652704316,-30.8233245762168));
#1070=CARTESIAN_POINT('',(-276.517435819812,-351.342389691326,-30.6184739055136));
#1071=CARTESIAN_POINT('',(-274.987916756951,-350.887223964645,-30.5643932162691));
#1072=CARTESIAN_POINT('',(-273.016081562942,-350.718689744459,-30.6127378623761));
#1073=CARTESIAN_POINT('',(-271.044246368934,-350.887223964645,-30.5643932162691));
#1074=CARTESIAN_POINT('',(-269.514727306072,-351.342389691326,-30.6184739055136));
#1075=CARTESIAN_POINT('',(-268.427524374358,-351.915652704316,-30.8233245762168));
#1076=CARTESIAN_POINT('',(-267.701636349343,-352.426686173483,-31.044974795222));
#1077=CARTESIAN_POINT('',(-267.086570512582,-352.995326845676,-31.3218563865291));
#1078=CARTESIAN_POINT('',(-266.785750911904,-353.384067602062,-31.5097073969372));
#1079=CARTESIAN_POINT('',(-266.662118074331,-353.654043770307,-31.5986043112576));
#1080=CARTESIAN_POINT('',(-279.333504920535,-353.756027805668,-31.5826092024184));
#1081=CARTESIAN_POINT('',(-279.253086704499,-353.670276834296,-31.5298663918545));
#1082=CARTESIAN_POINT('',(-278.954016094112,-353.36979790295,-31.3467156939303));
#1083=CARTESIAN_POINT('',(-278.339403829395,-352.867734552014,-31.0704387272808));
#1084=CARTESIAN_POINT('',(-277.613062232337,-352.40135747609,-30.8468296778446));
#1085=CARTESIAN_POINT('',(-276.524390591148,-351.867437414973,-30.6374403648555));
#1086=CARTESIAN_POINT('',(-274.99206370135,-351.440506801479,-30.5768692540579));
#1087=CARTESIAN_POINT('',(-273.016081562942,-351.280536218544,-30.6209927997548));
#1088=CARTESIAN_POINT('',(-271.040099424535,-351.440506801479,-30.5768692540579));
#1089=CARTESIAN_POINT('',(-269.507772534737,-351.867437414973,-30.6374403648555));
#1090=CARTESIAN_POINT('',(-268.419100893548,-352.40135747609,-30.8468296778446));
#1091=CARTESIAN_POINT('',(-267.692759296489,-352.867734552014,-31.0704387272808));
#1092=CARTESIAN_POINT('',(-267.078147031772,-353.369797902949,-31.3467156939303));
#1093=CARTESIAN_POINT('',(-266.779076421386,-353.670276834296,-31.5298663918545));
#1094=CARTESIAN_POINT('',(-266.69865820535,-353.756027805668,-31.5826092024184));
#1095=CARTESIAN_POINT('',(-288.745045128991,-356.302934997409,-46.9202727799707));
#1096=CARTESIAN_POINT('',(-288.841428497368,-356.207402344768,-46.9177190117106));
#1097=CARTESIAN_POINT('',(-289.152879416746,-355.875639141165,-46.8899913354804));
#1098=CARTESIAN_POINT('',(-289.510403501283,-355.317755786392,-46.6724969711141));
#1099=CARTESIAN_POINT('',(-289.623757069152,-354.789314362292,-46.2463484825986));
#1100=CARTESIAN_POINT('',(-289.392930748898,-354.158226048849,-45.3932825157771));
#1101=CARTESIAN_POINT('',(-288.282457599951,-353.571386775455,-43.7803304346205));
#1102=CARTESIAN_POINT('',(-287.044508170863,-353.154311961562,-42.3205949301385));
#1103=CARTESIAN_POINT('',(-286.469932067655,-352.918100558785,-41.6518054908205));
#1104=CARTESIAN_POINT('',(-285.320779861239,-352.44567775323,-40.3142266121843));
#1105=CARTESIAN_POINT('',(-283.377664339093,-351.279440175471,-38.1276953582953));
#1106=CARTESIAN_POINT('',(-282.05939442079,-350.585625403267,-36.3265020801052));
#1107=CARTESIAN_POINT('',(-281.535087818216,-350.585625403267,-35.374261177168));
#1108=CARTESIAN_POINT('',(-281.27293451693,-350.585625403267,-34.8981407256994));
#1109=CARTESIAN_POINT('',(-280.816042092645,-350.759079096318,-33.9200776908411));
#1110=CARTESIAN_POINT('',(-280.346862193753,-351.371815671084,-32.8574392473214));
#1111=CARTESIAN_POINT('',(-279.992719764961,-352.076927741464,-32.2379901104513));
#1112=CARTESIAN_POINT('',(-279.739930068047,-352.672168558506,-31.8922896457456));
#1113=CARTESIAN_POINT('',(-279.502173875333,-353.292761498782,-31.669031147961));
#1114=CARTESIAN_POINT('',(-279.370045051554,-353.654043770307,-31.5986043112576));
#1115=CARTESIAN_POINT('',(-279.333504920535,-353.756027805668,-31.5826092024184));
#1116=CARTESIAN_POINT('',(-288.734638126862,-356.430474264179,-46.8989894973719));
#1117=CARTESIAN_POINT('',(-288.907576351098,-356.372753965528,-46.8734980030504));
#1118=CARTESIAN_POINT('',(-289.240961500293,-356.09402289023,-46.8334343050363));
#1119=CARTESIAN_POINT('',(-289.618532520415,-355.581074602139,-46.609336178324));
#1120=CARTESIAN_POINT('',(-289.74867325732,-355.087778803618,-46.1816480959129));
#1121=CARTESIAN_POINT('',(-289.537552233845,-354.495454839973,-45.331799425676));
#1122=CARTESIAN_POINT('',(-288.449819139989,-353.951182790422,-43.7299713757949));
#1123=CARTESIAN_POINT('',(-287.228224868702,-353.564788646986,-42.2859487837311));
#1124=CARTESIAN_POINT('',(-286.661412318827,-353.343801215369,-41.6265286681758));
#1125=CARTESIAN_POINT('',(-285.527787219078,-352.901826352135,-40.3076884370651));
#1126=CARTESIAN_POINT('',(-283.612413705731,-351.795553746475,-38.1707374186561));
#1127=CARTESIAN_POINT('',(-282.30635868956,-351.13125600405,-36.4183162504146));
#1128=CARTESIAN_POINT('',(-281.782052086987,-351.13125600405,-35.4840058694714));
#1129=CARTESIAN_POINT('',(-281.5198987857,-351.13125600405,-35.0168506789998));
#1130=CARTESIAN_POINT('',(-281.059952635883,-351.297330439656,-34.0534903996453));
#1131=CARTESIAN_POINT('',(-280.577025158402,-351.878178413233,-32.9984715172811));
#1132=CARTESIAN_POINT('',(-280.204548749031,-352.541651053566,-32.3770490192014));
#1133=CARTESIAN_POINT('',(-279.931531509282,-353.091609165137,-32.0235478259982));
#1134=CARTESIAN_POINT('',(-279.664261617784,-353.646877408612,-31.7838816896027));
#1135=CARTESIAN_POINT('',(-279.493677889127,-353.924019938552,-31.687501225578));
#1136=CARTESIAN_POINT('',(-279.376719542072,-353.940253002541,-31.6187633061749));
#1137=CARTESIAN_POINT('',(-288.646199050575,-356.923463212426,-46.8018616933974));
#1138=CARTESIAN_POINT('',(-288.868160092664,-356.851078406672,-46.7686760964069));
#1139=CARTESIAN_POINT('',(-289.266298814713,-356.634818036028,-46.6816403360988));
#1140=CARTESIAN_POINT('',(-289.668507037365,-356.206206692307,-46.4266451730388));
#1141=CARTESIAN_POINT('',(-289.818065625561,-355.783626050488,-45.9847606637639));
#1142=CARTESIAN_POINT('',(-289.635877109108,-355.271621199079,-45.1360045826445));
#1143=CARTESIAN_POINT('',(-288.608765672001,-354.809423396378,-43.5688700889597));
#1144=CARTESIAN_POINT('',(-287.44535786032,-354.479402136401,-42.174693691042));
#1145=CARTESIAN_POINT('',(-286.905961501225,-354.286844461088,-41.5423549285411));
#1146=CARTESIAN_POINT('',(-285.827168783035,-353.901729110461,-40.2776774035392));
#1147=CARTESIAN_POINT('',(-284.00804372062,-352.911122046615,-38.2663178451985));
#1148=CARTESIAN_POINT('',(-282.751597064487,-352.305630333395,-36.6277042864648));
#1149=CARTESIAN_POINT('',(-282.235482752579,-352.305630333395,-35.7357727610698));
#1150=CARTESIAN_POINT('',(-281.977425596625,-352.305630333395,-35.2898069983723));
#1151=CARTESIAN_POINT('',(-281.517365792796,-352.4570032617,-34.3615630999634));
#1152=CARTESIAN_POINT('',(-281.010162210867,-352.973885888953,-33.322055664289));
#1153=CARTESIAN_POINT('',(-280.601762990635,-353.553532358544,-32.6898752000749));
#1154=CARTESIAN_POINT('',(-280.286527402792,-354.016683109107,-32.3114938270119));
#1155=CARTESIAN_POINT('',(-279.954737646957,-354.453595472515,-32.0249076619814));
#1156=CARTESIAN_POINT('',(-279.687717772039,-354.615215009901,-31.8546869074028));
#1157=CARTESIAN_POINT('',(-279.534053510399,-354.635570157344,-31.7646956731624));
#1158=CARTESIAN_POINT('',(-288.251068915985,-358.002112301359,-46.4804489307939));
#1159=CARTESIAN_POINT('',(-288.500951682236,-357.925829852218,-46.4418471269246));
#1160=CARTESIAN_POINT('',(-288.9291364208,-357.74209909686,-46.3240394909885));
#1161=CARTESIAN_POINT('',(-289.33670370317,-357.419966128377,-46.0071584824415));
#1162=CARTESIAN_POINT('',(-289.489593716404,-357.098257060233,-45.5317504492019));
#1163=CARTESIAN_POINT('',(-289.335287261308,-356.706589421444,-44.6802452846478));
#1164=CARTESIAN_POINT('',(-288.435998092497,-356.355736817366,-43.1960771898075));
#1165=CARTESIAN_POINT('',(-287.415657998191,-356.09718018176,-41.9166428285166));
#1166=CARTESIAN_POINT('',(-286.943408531394,-355.941969402609,-41.3428188089346));
#1167=CARTESIAN_POINT('',(-285.9989095978,-355.631547844307,-40.1951707697706));
#1168=CARTESIAN_POINT('',(-284.413276373458,-354.803245036921,-38.4270199799498));
#1169=CARTESIAN_POINT('',(-283.286748860796,-354.285363787837,-36.9911380767941));
#1170=CARTESIAN_POINT('',(-282.801355638882,-354.285363787837,-36.1757589242953));
#1171=CARTESIAN_POINT('',(-282.558659027926,-354.285363787837,-35.7680693480459));
#1172=CARTESIAN_POINT('',(-282.11220107322,-354.414834100108,-34.9039710950866));
#1173=CARTESIAN_POINT('',(-281.577560617278,-354.837847190431,-33.8897202949149));
#1174=CARTESIAN_POINT('',(-281.119563736638,-355.295462434266,-33.2304447247012));
#1175=CARTESIAN_POINT('',(-280.744773909811,-355.64444237677,-32.8042862101011));
#1176=CARTESIAN_POINT('',(-280.322542008233,-355.945356952742,-32.4386614866597));
#1177=CARTESIAN_POINT('',(-279.991231436206,-356.059102110821,-32.220661049236));
#1178=CARTESIAN_POINT('',(-279.808571843831,-356.080553304664,-32.114446554433));
#1179=CARTESIAN_POINT('',(-287.597665456989,-359.355046142607,-46.0015780820847));
#1180=CARTESIAN_POINT('',(-287.859124290018,-359.282661336853,-45.9596432589902));
#1181=CARTESIAN_POINT('',(-288.294117853832,-359.129473898957,-45.8226585866179));
#1182=CARTESIAN_POINT('',(-288.690220713675,-358.890364790058,-45.4658796856205));
#1183=CARTESIAN_POINT('',(-288.837320908493,-358.657853256217,-44.9658420782955));
#1184=CARTESIAN_POINT('',(-288.711297376022,-358.377868680653,-44.1188379082403));
#1185=CARTESIAN_POINT('',(-287.96818540214,-358.124009534401,-42.7421518604088));
#1186=CARTESIAN_POINT('',(-287.126060649129,-357.925693493894,-41.602143918631));
#1187=CARTESIAN_POINT('',(-286.737336034549,-357.803288692367,-41.0975919520558));
#1188=CARTESIAN_POINT('',(-285.959886805388,-357.558479089314,-40.0884880189055));
#1189=CARTESIAN_POINT('',(-284.663690442469,-356.882885633023,-38.5938961871144));
#1190=CARTESIAN_POINT('',(-283.702559612788,-356.452101779785,-37.3759962533376));
#1191=CARTESIAN_POINT('',(-283.260175916867,-356.452101779785,-36.6435842182015));
#1192=CARTESIAN_POINT('',(-283.038984068907,-356.452101779785,-36.2773782006334));
#1193=CARTESIAN_POINT('',(-282.615691232445,-356.559797743094,-35.4832351313734));
#1194=CARTESIAN_POINT('',(-282.061911309611,-356.893662693433,-34.4974029245035));
#1195=CARTESIAN_POINT('',(-281.560654429447,-357.238304704183,-33.8095496658393));
#1196=CARTESIAN_POINT('',(-281.139146717218,-357.493920155725,-33.3425364348027));
#1197=CARTESIAN_POINT('',(-280.655625371725,-357.70502846899,-32.9228703762733));
#1198=CARTESIAN_POINT('',(-280.280969665115,-357.788335197807,-32.6736380919554));
#1199=CARTESIAN_POINT('',(-280.077823345879,-357.80869034525,-32.5564032983962));
#1200=CARTESIAN_POINT('',(-286.456348806169,-361.488119283838,-45.2046281667217));
#1201=CARTESIAN_POINT('',(-286.71949731072,-361.428355418575,-45.1601136608218));
#1202=CARTESIAN_POINT('',(-287.14842619459,-361.314930645088,-45.0103108662288));
#1203=CARTESIAN_POINT('',(-287.530215727411,-361.163058745207,-44.6299193637869));
#1204=CARTESIAN_POINT('',(-287.680902049957,-361.029408494904,-44.1204745886202));
#1205=CARTESIAN_POINT('',(-287.614346976597,-360.875445546241,-43.3046559085346));
#1206=CARTESIAN_POINT('',(-287.105898022752,-360.728327930499,-42.0954195657528));
#1207=CARTESIAN_POINT('',(-286.52073668463,-360.597861539822,-41.1538415438119));
#1208=CARTESIAN_POINT('',(-286.252356291285,-360.514152576753,-40.746481523697));
#1209=CARTESIAN_POINT('',(-285.715595504595,-360.346734650615,-39.9317614834673));
#1210=CARTESIAN_POINT('',(-284.835676136939,-359.864092656488,-38.8097533298526));
#1211=CARTESIAN_POINT('',(-284.115672185374,-359.5488685885,-37.8804698702943));
#1212=CARTESIAN_POINT('',(-283.738826814775,-359.5488685885,-37.2584745241209));
#1213=CARTESIAN_POINT('',(-283.550404129475,-359.5488685885,-36.9474768510343));
#1214=CARTESIAN_POINT('',(-283.165137061467,-359.627674605497,-36.2468046966639));
#1215=CARTESIAN_POINT('',(-282.595994558229,-359.852494450968,-35.3046432143701));
#1216=CARTESIAN_POINT('',(-282.048242699879,-360.065716090919,-34.5893436936338));
#1217=CARTESIAN_POINT('',(-281.57937090544,-360.221329179947,-34.0830709377364));
#1218=CARTESIAN_POINT('',(-281.040602237527,-360.351653105315,-33.6179871185992));
#1219=CARTESIAN_POINT('',(-280.626932561406,-360.407685597974,-33.3427152317516));
#1220=CARTESIAN_POINT('',(-280.404501920167,-360.424491642785,-33.2156064618229));
#1221=CARTESIAN_POINT('',(-284.662466158067,-364.703103902969,-44.0078780487175));
#1222=CARTESIAN_POINT('',(-284.917046829797,-364.66746830629,-43.9619222557824));
#1223=CARTESIAN_POINT('',(-285.339701165856,-364.605106012103,-43.8149269342867));
#1224=CARTESIAN_POINT('',(-285.749304881818,-364.532937148521,-43.4609920042834));
#1225=CARTESIAN_POINT('',(-285.969674043725,-364.476790742832,-43.0054243856363));
#1226=CARTESIAN_POINT('',(-286.058044499626,-364.416155986023,-42.3049029880696));
#1227=CARTESIAN_POINT('',(-285.871137354731,-364.353658085698,-41.3342158150816));
#1228=CARTESIAN_POINT('',(-285.591847324783,-364.289297041858,-40.6259443375449));
#1229=CARTESIAN_POINT('',(-285.466618876732,-364.246389679297,-40.3312905094779));
#1230=CARTESIAN_POINT('',(-285.216161980629,-364.160574954176,-39.7419828533439));
#1231=CARTESIAN_POINT('',(-284.830580723804,-363.903130778814,-39.0392228266871));
#1232=CARTESIAN_POINT('',(-284.400533899135,-363.731501328572,-38.4249861068251));
#1233=CARTESIAN_POINT('',(-284.105611435187,-363.731501328572,-37.9242017574859));
#1234=CARTESIAN_POINT('',(-283.958150203213,-363.731501328572,-37.6738095828162));
#1235=CARTESIAN_POINT('',(-283.623278213459,-363.774408691133,-37.0761922387729));
#1236=CARTESIAN_POINT('',(-283.052276624851,-363.887940219824,-36.2023865183535));
#1237=CARTESIAN_POINT('',(-282.472505720975,-363.986281189525,-35.4964505856359));
#1238=CARTESIAN_POINT('',(-281.968312058538,-364.056689128038,-34.9808477248659));
#1239=CARTESIAN_POINT('',(-281.386872243537,-364.116643615652,-34.4963887198233));
#1240=CARTESIAN_POINT('',(-280.942494486469,-364.144907198704,-34.2057084649193));
#1241=CARTESIAN_POINT('',(-280.70480435983,-364.154928194368,-34.0713239024084));
#1242=CARTESIAN_POINT('',(-283.439241835375,-369.,-43.2096028883948));
#1243=CARTESIAN_POINT('',(-283.684409838523,-369.,-43.163495649827));
#1244=CARTESIAN_POINT('',(-284.103821966744,-369.,-43.0257168625392));
#1245=CARTESIAN_POINT('',(-284.548396529356,-369.,-42.7100448056967));
#1246=CARTESIAN_POINT('',(-284.83665546676,-369.,-42.31305792749));
#1247=CARTESIAN_POINT('',(-285.050217222367,-369.,-41.7122410674575));
#1248=CARTESIAN_POINT('',(-285.067520376405,-369.,-40.8963782117385));
#1249=CARTESIAN_POINT('',(-284.965619947186,-369.,-40.3221983186874));
#1250=CARTESIAN_POINT('',(-284.923371333811,-369.,-40.0916547094381));
#1251=CARTESIAN_POINT('',(-284.83887410706,-369.,-39.6305674909396));
#1252=CARTESIAN_POINT('',(-284.739492463434,-369.,-39.1607637521525));
#1253=CARTESIAN_POINT('',(-284.478839326601,-369.,-38.7172655348775));
#1254=CARTESIAN_POINT('',(-284.233070606645,-369.,-38.282483837891));
#1255=CARTESIAN_POINT('',(-284.110186246667,-369.,-38.0650929893978));
#1256=CARTESIAN_POINT('',(-283.806696450941,-369.,-37.5237949982368));
#1257=CARTESIAN_POINT('',(-283.241517067164,-369.,-36.6965096774036));
#1258=CARTESIAN_POINT('',(-282.652974606855,-369.,-36.0136604637407));
#1259=CARTESIAN_POINT('',(-282.137141117526,-369.,-35.5083572605284));
#1260=CARTESIAN_POINT('',(-281.540653816645,-369.,-35.0272319498843));
#1261=CARTESIAN_POINT('',(-281.085074963388,-369.,-34.734163128189));
#1262=CARTESIAN_POINT('',(-280.841767512349,-369.,-34.5974397612805));
#1263=CARTESIAN_POINT('',(-284.662466158067,-373.29689609703,-44.0078780487175));
#1264=CARTESIAN_POINT('',(-284.917046829797,-373.332531693709,-43.9619222557824));
#1265=CARTESIAN_POINT('',(-285.339701165856,-373.394893987897,-43.8149269342867));
#1266=CARTESIAN_POINT('',(-285.749304881818,-373.467062851478,-43.4609920042834));
#1267=CARTESIAN_POINT('',(-285.969674043725,-373.523209257168,-43.0054243856363));
#1268=CARTESIAN_POINT('',(-286.058044499626,-373.583844013977,-42.3049029880696));
#1269=CARTESIAN_POINT('',(-285.871137354731,-373.646341914301,-41.3342158150816));
#1270=CARTESIAN_POINT('',(-285.591847324783,-373.710702958142,-40.6259443375449));
#1271=CARTESIAN_POINT('',(-285.466618876732,-373.753610320702,-40.3312905094779));
#1272=CARTESIAN_POINT('',(-285.216161980629,-373.839425045823,-39.7419828533439));
#1273=CARTESIAN_POINT('',(-284.830580723804,-374.096869221186,-39.0392228266871));
#1274=CARTESIAN_POINT('',(-284.400533899135,-374.268498671427,-38.4249861068251));
#1275=CARTESIAN_POINT('',(-284.105611435187,-374.268498671427,-37.9242017574858));
#1276=CARTESIAN_POINT('',(-283.958150203213,-374.268498671428,-37.6738095828162));
#1277=CARTESIAN_POINT('',(-283.623278213459,-374.225591308867,-37.0761922387729));
#1278=CARTESIAN_POINT('',(-283.052276624851,-374.112059780176,-36.2023865183535));
#1279=CARTESIAN_POINT('',(-282.472505720975,-374.013718810475,-35.4964505856359));
#1280=CARTESIAN_POINT('',(-281.968312058538,-373.943310871962,-34.9808477248659));
#1281=CARTESIAN_POINT('',(-281.386872243537,-373.883356384348,-34.4963887198233));
#1282=CARTESIAN_POINT('',(-280.942494486469,-373.855092801295,-34.2057084649193));
#1283=CARTESIAN_POINT('',(-280.70480435983,-373.845071805631,-34.0713239024084));
#1284=CARTESIAN_POINT('',(-286.456348806169,-376.511880716161,-45.2046281667217));
#1285=CARTESIAN_POINT('',(-286.71949731072,-376.571644581425,-45.1601136608218));
#1286=CARTESIAN_POINT('',(-287.14842619459,-376.685069354911,-45.0103108662288));
#1287=CARTESIAN_POINT('',(-287.530215727411,-376.836941254792,-44.6299193637869));
#1288=CARTESIAN_POINT('',(-287.680902049957,-376.970591505096,-44.1204745886202));
#1289=CARTESIAN_POINT('',(-287.614346976597,-377.124554453759,-43.3046559085346));
#1290=CARTESIAN_POINT('',(-287.105898022752,-377.271672069501,-42.0954195657528));
#1291=CARTESIAN_POINT('',(-286.52073668463,-377.402138460177,-41.1538415438119));
#1292=CARTESIAN_POINT('',(-286.252356291285,-377.485847423246,-40.746481523697));
#1293=CARTESIAN_POINT('',(-285.715595504595,-377.653265349385,-39.9317614834673));
#1294=CARTESIAN_POINT('',(-284.835676136939,-378.135907343511,-38.8097533298526));
#1295=CARTESIAN_POINT('',(-284.115672185375,-378.451131411499,-37.8804698702943));
#1296=CARTESIAN_POINT('',(-283.738826814775,-378.451131411499,-37.2584745241209));
#1297=CARTESIAN_POINT('',(-283.550404129475,-378.451131411499,-36.9474768510343));
#1298=CARTESIAN_POINT('',(-283.165137061467,-378.372325394502,-36.2468046966638));
#1299=CARTESIAN_POINT('',(-282.595994558229,-378.147505549031,-35.3046432143701));
#1300=CARTESIAN_POINT('',(-282.048242699879,-377.93428390908,-34.5893436936338));
#1301=CARTESIAN_POINT('',(-281.57937090544,-377.778670820053,-34.0830709377364));
#1302=CARTESIAN_POINT('',(-281.040602237527,-377.648346894684,-33.6179871185992));
#1303=CARTESIAN_POINT('',(-280.626932561406,-377.592314402026,-33.3427152317516));
#1304=CARTESIAN_POINT('',(-280.404501920167,-377.575508357214,-33.2156064618229));
#1305=CARTESIAN_POINT('',(-287.597665456989,-378.644953857393,-46.0015780820847));
#1306=CARTESIAN_POINT('',(-287.859124290018,-378.717338663147,-45.9596432589902));
#1307=CARTESIAN_POINT('',(-288.294117853832,-378.870526101043,-45.8226585866179));
#1308=CARTESIAN_POINT('',(-288.690220713675,-379.109635209941,-45.4658796856205));
#1309=CARTESIAN_POINT('',(-288.837320908493,-379.342146743783,-44.9658420782955));
#1310=CARTESIAN_POINT('',(-288.711297376022,-379.622131319346,-44.1188379082403));
#1311=CARTESIAN_POINT('',(-287.96818540214,-379.875990465598,-42.7421518604088));
#1312=CARTESIAN_POINT('',(-287.126060649129,-380.074306506106,-41.602143918631));
#1313=CARTESIAN_POINT('',(-286.737336034549,-380.196711307632,-41.0975919520558));
#1314=CARTESIAN_POINT('',(-285.959886805388,-380.441520910686,-40.0884880189055));
#1315=CARTESIAN_POINT('',(-284.663690442469,-381.117114366977,-38.5938961871144));
#1316=CARTESIAN_POINT('',(-283.702559612788,-381.547898220215,-37.3759962533376));
#1317=CARTESIAN_POINT('',(-283.260175916867,-381.547898220215,-36.6435842182015));
#1318=CARTESIAN_POINT('',(-283.038984068907,-381.547898220215,-36.2773782006334));
#1319=CARTESIAN_POINT('',(-282.615691232445,-381.440202256905,-35.4832351313734));
#1320=CARTESIAN_POINT('',(-282.061911309611,-381.106337306566,-34.4974029245035));
#1321=CARTESIAN_POINT('',(-281.560654429447,-380.761695295816,-33.8095496658393));
#1322=CARTESIAN_POINT('',(-281.139146717218,-380.506079844274,-33.3425364348027));
#1323=CARTESIAN_POINT('',(-280.655625371725,-380.29497153101,-32.9228703762733));
#1324=CARTESIAN_POINT('',(-280.280969665114,-380.211664802192,-32.6736380919554));
#1325=CARTESIAN_POINT('',(-280.077823345879,-380.191309654749,-32.5564032983962));
#1326=CARTESIAN_POINT('',(-288.251068915985,-379.997887698641,-46.4804489307939));
#1327=CARTESIAN_POINT('',(-288.500951682236,-380.074170147781,-46.4418471269246));
#1328=CARTESIAN_POINT('',(-288.9291364208,-380.257900903139,-46.3240394909885));
#1329=CARTESIAN_POINT('',(-289.33670370317,-380.580033871623,-46.0071584824415));
#1330=CARTESIAN_POINT('',(-289.489593716404,-380.901742939766,-45.5317504492019));
#1331=CARTESIAN_POINT('',(-289.335287261308,-381.293410578555,-44.6802452846477));
#1332=CARTESIAN_POINT('',(-288.435998092497,-381.644263182633,-43.1960771898075));
#1333=CARTESIAN_POINT('',(-287.415657998191,-381.90281981824,-41.9166428285166));
#1334=CARTESIAN_POINT('',(-286.943408531394,-382.058030597391,-41.3428188089346));
#1335=CARTESIAN_POINT('',(-285.9989095978,-382.368452155693,-40.1951707697706));
#1336=CARTESIAN_POINT('',(-284.413276373458,-383.196754963079,-38.4270199799498));
#1337=CARTESIAN_POINT('',(-283.286748860796,-383.714636212163,-36.9911380767941));
#1338=CARTESIAN_POINT('',(-282.801355638882,-383.714636212163,-36.1757589242953));
#1339=CARTESIAN_POINT('',(-282.558659027926,-383.714636212163,-35.7680693480459));
#1340=CARTESIAN_POINT('',(-282.11220107322,-383.585165899892,-34.9039710950866));
#1341=CARTESIAN_POINT('',(-281.577560617278,-383.162152809568,-33.8897202949149));
#1342=CARTESIAN_POINT('',(-281.119563736638,-382.704537565734,-33.2304447247012));
#1343=CARTESIAN_POINT('',(-280.744773909811,-382.35555762323,-32.8042862101011));
#1344=CARTESIAN_POINT('',(-280.322542008233,-382.054643047258,-32.4386614866597));
#1345=CARTESIAN_POINT('',(-279.991231436206,-381.940897889179,-32.220661049236));
#1346=CARTESIAN_POINT('',(-279.808571843831,-381.919446695335,-32.114446554433));
#1347=CARTESIAN_POINT('',(-288.646199050575,-381.076536787574,-46.8018616933974));
#1348=CARTESIAN_POINT('',(-288.868160092664,-381.148921593327,-46.7686760964068));
#1349=CARTESIAN_POINT('',(-289.266298814713,-381.365181963972,-46.6816403360988));
#1350=CARTESIAN_POINT('',(-289.668507037365,-381.793793307693,-46.4266451730388));
#1351=CARTESIAN_POINT('',(-289.818065625561,-382.216373949512,-45.9847606637639));
#1352=CARTESIAN_POINT('',(-289.635877109108,-382.72837880092,-45.1360045826445));
#1353=CARTESIAN_POINT('',(-288.608765672001,-383.190576603621,-43.5688700889597));
#1354=CARTESIAN_POINT('',(-287.44535786032,-383.520597863599,-42.174693691042));
#1355=CARTESIAN_POINT('',(-286.905961501225,-383.713155538912,-41.5423549285411));
#1356=CARTESIAN_POINT('',(-285.827168783035,-384.098270889538,-40.2776774035392));
#1357=CARTESIAN_POINT('',(-284.00804372062,-385.088877953384,-38.2663178451985));
#1358=CARTESIAN_POINT('',(-282.751597064487,-385.694369666605,-36.6277042864648));
#1359=CARTESIAN_POINT('',(-282.235482752579,-385.694369666605,-35.7357727610698));
#1360=CARTESIAN_POINT('',(-281.977425596625,-385.694369666605,-35.2898069983723));
#1361=CARTESIAN_POINT('',(-281.517365792796,-385.5429967383,-34.3615630999634));
#1362=CARTESIAN_POINT('',(-281.010162210867,-385.026114111046,-33.322055664289));
#1363=CARTESIAN_POINT('',(-280.601762990635,-384.446467641456,-32.6898752000749));
#1364=CARTESIAN_POINT('',(-280.286527402792,-383.983316890893,-32.3114938270119));
#1365=CARTESIAN_POINT('',(-279.954737646957,-383.546404527484,-32.0249076619814));
#1366=CARTESIAN_POINT('',(-279.687717772039,-383.384784990098,-31.8546869074028));
#1367=CARTESIAN_POINT('',(-279.534053510399,-383.364429842655,-31.7646956731623));
#1368=CARTESIAN_POINT('',(-288.734638126862,-381.569525735821,-46.8989894973719));
#1369=CARTESIAN_POINT('',(-288.907576351098,-381.627246034472,-46.8734980030504));
#1370=CARTESIAN_POINT('',(-289.240961500293,-381.90597710977,-46.8334343050363));
#1371=CARTESIAN_POINT('',(-289.618532520415,-382.418925397861,-46.609336178324));
#1372=CARTESIAN_POINT('',(-289.74867325732,-382.912221196381,-46.1816480959129));
#1373=CARTESIAN_POINT('',(-289.537552233845,-383.504545160026,-45.331799425676));
#1374=CARTESIAN_POINT('',(-288.449819139989,-384.048817209577,-43.7299713757949));
#1375=CARTESIAN_POINT('',(-287.228224868702,-384.435211353014,-42.2859487837312));
#1376=CARTESIAN_POINT('',(-286.661412318827,-384.656198784631,-41.6265286681758));
#1377=CARTESIAN_POINT('',(-285.527787219078,-385.098173647865,-40.3076884370651));
#1378=CARTESIAN_POINT('',(-283.612413705731,-386.204446253524,-38.1707374186561));
#1379=CARTESIAN_POINT('',(-282.30635868956,-386.86874399595,-36.4183162504146));
#1380=CARTESIAN_POINT('',(-281.782052086987,-386.86874399595,-35.4840058694714));
#1381=CARTESIAN_POINT('',(-281.5198987857,-386.86874399595,-35.0168506789997));
#1382=CARTESIAN_POINT('',(-281.059952635883,-386.702669560344,-34.0534903996453));
#1383=CARTESIAN_POINT('',(-280.577025158401,-386.121821586767,-32.9984715172811));
#1384=CARTESIAN_POINT('',(-280.204548749031,-385.458348946433,-32.3770490192014));
#1385=CARTESIAN_POINT('',(-279.931531509282,-384.908390834862,-32.0235478259982));
#1386=CARTESIAN_POINT('',(-279.664261617784,-384.353122591387,-31.7838816896027));
#1387=CARTESIAN_POINT('',(-279.493677889127,-384.075980061448,-31.6875012255779));
#1388=CARTESIAN_POINT('',(-279.376719542072,-384.059746997459,-31.6187633061749));
#1389=CARTESIAN_POINT('',(-288.745045128991,-381.69706500259,-46.9202727799707));
#1390=CARTESIAN_POINT('',(-288.841428497368,-381.792597655231,-46.9177190117106));
#1391=CARTESIAN_POINT('',(-289.152879416746,-382.124360858834,-46.8899913354804));
#1392=CARTESIAN_POINT('',(-289.510403501283,-382.682244213607,-46.6724969711141));
#1393=CARTESIAN_POINT('',(-289.623757069152,-383.210685637708,-46.2463484825985));
#1394=CARTESIAN_POINT('',(-289.392930748898,-383.841773951151,-45.3932825157771));
#1395=CARTESIAN_POINT('',(-288.282457599951,-384.428613224545,-43.7803304346205));
#1396=CARTESIAN_POINT('',(-287.044508170863,-384.845688038438,-42.3205949301385));
#1397=CARTESIAN_POINT('',(-286.469932067655,-385.081899441215,-41.6518054908205));
#1398=CARTESIAN_POINT('',(-285.320779861239,-385.55432224677,-40.3142266121843));
#1399=CARTESIAN_POINT('',(-283.377664339093,-386.720559824529,-38.1276953582953));
#1400=CARTESIAN_POINT('',(-282.05939442079,-387.414374596732,-36.3265020801052));
#1401=CARTESIAN_POINT('',(-281.535087818216,-387.414374596732,-35.374261177168));
#1402=CARTESIAN_POINT('',(-281.27293451693,-387.414374596732,-34.8981407256994));
#1403=CARTESIAN_POINT('',(-280.816042092645,-387.240920903682,-33.9200776908411));
#1404=CARTESIAN_POINT('',(-280.346862193753,-386.628184328915,-32.8574392473214));
#1405=CARTESIAN_POINT('',(-279.992719764961,-385.923072258536,-32.2379901104513));
#1406=CARTESIAN_POINT('',(-279.739930068047,-385.327831441493,-31.8922896457456));
#1407=CARTESIAN_POINT('',(-279.502173875333,-384.707238501218,-31.669031147961));
#1408=CARTESIAN_POINT('',(-279.370045051554,-384.345956229692,-31.5986043112576));
#1409=CARTESIAN_POINT('',(-279.333504920535,-384.243972194331,-31.5826092024184));
#1410=CARTESIAN_POINT('',(-288.745045128991,-381.69706500259,-46.9202727799707));
#1411=CARTESIAN_POINT('',(-288.841428497368,-381.792597655231,-46.9177190117106));
#1412=CARTESIAN_POINT('',(-289.152879416746,-382.124360858834,-46.8899913354804));
#1413=CARTESIAN_POINT('',(-289.510403501283,-382.682244213607,-46.6724969711141));
#1414=CARTESIAN_POINT('',(-289.623757069152,-383.210685637708,-46.2463484825985));
#1415=CARTESIAN_POINT('',(-289.392930748898,-383.841773951151,-45.3932825157771));
#1416=CARTESIAN_POINT('',(-288.282457599951,-384.428613224545,-43.7803304346205));
#1417=CARTESIAN_POINT('',(-287.044508170863,-384.845688038438,-42.3205949301385));
#1418=CARTESIAN_POINT('',(-286.469932067655,-385.081899441215,-41.6518054908205));
#1419=CARTESIAN_POINT('',(-285.320779861239,-385.55432224677,-40.3142266121843));
#1420=CARTESIAN_POINT('',(-283.377664339093,-386.720559824529,-38.1276953582953));
#1421=CARTESIAN_POINT('',(-282.05939442079,-387.414374596732,-36.3265020801052));
#1422=CARTESIAN_POINT('',(-281.535087818216,-387.414374596732,-35.374261177168));
#1423=CARTESIAN_POINT('',(-281.27293451693,-387.414374596732,-34.8981407256994));
#1424=CARTESIAN_POINT('',(-280.816042092645,-387.240920903681,-33.9200776908411));
#1425=CARTESIAN_POINT('',(-280.346862193753,-386.628184328915,-32.8574392473214));
#1426=CARTESIAN_POINT('',(-279.992719764961,-385.923072258536,-32.2379901104513));
#1427=CARTESIAN_POINT('',(-279.739930068047,-385.327831441493,-31.8922896457456));
#1428=CARTESIAN_POINT('',(-279.502173875333,-384.707238501218,-31.669031147961));
#1429=CARTESIAN_POINT('',(-279.370045051554,-384.345956229692,-31.5986043112576));
#1430=CARTESIAN_POINT('',(-279.333504920535,-384.243972194331,-31.5826092024184));
#1431=CARTESIAN_POINT('',(-288.668490273133,-381.73487735658,-46.943210506032));
#1432=CARTESIAN_POINT('',(-288.775280643639,-381.957949275991,-46.9619400203708));
#1433=CARTESIAN_POINT('',(-289.064797333198,-382.342744607899,-46.9465483659246));
#1434=CARTESIAN_POINT('',(-289.402274482151,-382.945563029354,-46.7356577639042));
#1435=CARTESIAN_POINT('',(-289.498840880984,-383.509150079034,-46.3110488692842));
#1436=CARTESIAN_POINT('',(-289.24830926395,-384.179002742276,-45.4547656058781));
#1437=CARTESIAN_POINT('',(-288.115096059913,-384.808409239513,-43.830689493446));
#1438=CARTESIAN_POINT('',(-286.860791473025,-385.256164723862,-42.3552410765459));
#1439=CARTESIAN_POINT('',(-286.278451816483,-385.507600097799,-41.6770823134651));
#1440=CARTESIAN_POINT('',(-285.1137725034,-386.010470845675,-40.3207647873035));
#1441=CARTESIAN_POINT('',(-283.142914972455,-387.236673395533,-38.0846532979345));
#1442=CARTESIAN_POINT('',(-281.812430152019,-387.960005197515,-36.2346879097958));
#1443=CARTESIAN_POINT('',(-281.288123549446,-387.960005197515,-35.2645164848646));
#1444=CARTESIAN_POINT('',(-281.025970248159,-387.960005197515,-34.779430772399));
#1445=CARTESIAN_POINT('',(-280.572131549408,-387.779172247019,-33.7866649820368));
#1446=CARTESIAN_POINT('',(-280.116699229104,-387.134547071063,-32.7164069773617));
#1447=CARTESIAN_POINT('',(-279.780890780891,-386.387795570638,-32.0989312017012));
#1448=CARTESIAN_POINT('',(-279.548328626813,-385.747272048124,-31.761031465493));
#1449=CARTESIAN_POINT('',(-279.340086132882,-385.061354411049,-31.5541806063192));
#1450=CARTESIAN_POINT('',(-279.246412213981,-384.615932397937,-31.5097073969372));
#1451=CARTESIAN_POINT('',(-279.253086704499,-384.329723165703,-31.5298663918545));
#1452=CARTESIAN_POINT('',(-288.337224354101,-381.850412209366,-47.0098181220318));
#1453=CARTESIAN_POINT('',(-288.471103312642,-382.141180764184,-47.0331895554854));
#1454=CARTESIAN_POINT('',(-288.737806313426,-382.675484458359,-47.0209825187636));
#1455=CARTESIAN_POINT('',(-289.019732922574,-383.373706202172,-46.8056099297792));
#1456=CARTESIAN_POINT('',(-289.068568496554,-384.007160597472,-46.372962983878));
#1457=CARTESIAN_POINT('',(-288.768148199422,-384.751751547669,-45.5049031232508));
#1458=CARTESIAN_POINT('',(-287.604596431773,-385.469352693427,-43.871024441913));
#1459=CARTESIAN_POINT('',(-286.343057673288,-385.983457976143,-42.3825705694862));
#1460=CARTESIAN_POINT('',(-285.757079994192,-386.267359478418,-41.6940158644089));
#1461=CARTESIAN_POINT('',(-284.585124636001,-386.835162482969,-40.3169064542542));
#1462=CARTESIAN_POINT('',(-282.59954752079,-388.185559379409,-38.0080654830335));
#1463=CARTESIAN_POINT('',(-281.269811451863,-388.968153271299,-36.0768192646085));
#1464=CARTESIAN_POINT('',(-280.753697139954,-388.968153271299,-35.0773046072495));
#1465=CARTESIAN_POINT('',(-280.495639984,-388.968153271299,-34.5775472785701));
#1466=CARTESIAN_POINT('',(-280.05390253337,-388.772504798326,-33.5610868471379));
#1467=CARTESIAN_POINT('',(-279.629184422975,-388.064290563936,-32.4758620445308));
#1468=CARTESIAN_POINT('',(-279.330789086214,-387.234807514071,-31.8555217475745));
#1469=CARTESIAN_POINT('',(-279.136918755383,-386.499960530678,-31.5239447454962));
#1470=CARTESIAN_POINT('',(-278.982211192252,-385.671099986469,-31.3358044121308));
#1471=CARTESIAN_POINT('',(-278.945592613302,-385.004673154323,-31.3218563865291));
#1472=CARTESIAN_POINT('',(-278.954016094112,-384.63020209705,-31.3467156939303));
#1473=CARTESIAN_POINT('',(-287.395730343831,-381.975720862668,-47.0021352148329));
#1474=CARTESIAN_POINT('',(-287.536818169371,-382.315165310105,-47.027133390805));
#1475=CARTESIAN_POINT('',(-287.775145101341,-382.946969717159,-47.0052266755089));
#1476=CARTESIAN_POINT('',(-287.956540872536,-383.774150855471,-46.7578956266442));
#1477=CARTESIAN_POINT('',(-287.917293547534,-384.501534512705,-46.2973318276601));
#1478=CARTESIAN_POINT('',(-287.536009487176,-385.349716641476,-45.406950306711));
#1479=CARTESIAN_POINT('',(-286.377433550894,-386.20320270185,-43.7909435721843));
#1480=CARTESIAN_POINT('',(-285.171918413028,-386.825180398532,-42.3259004329536));
#1481=CARTESIAN_POINT('',(-284.611692545896,-387.160894764555,-41.6414012764243));
#1482=CARTESIAN_POINT('',(-283.491240811633,-387.832323496601,-40.2724029633658));
#1483=CARTESIAN_POINT('',(-281.590590957525,-389.372985102146,-37.9185856419374));
#1484=CARTESIAN_POINT('',(-280.328071724764,-390.242217975645,-35.9065831900146));
#1485=CARTESIAN_POINT('',(-279.84575061185,-390.242217975645,-34.8793997464617));
#1486=CARTESIAN_POINT('',(-279.604590055393,-390.242217975645,-34.3658080246852));
#1487=CARTESIAN_POINT('',(-279.196738194212,-390.024909757271,-33.3280334723365));
#1488=CARTESIAN_POINT('',(-278.825497953316,-389.225526342689,-32.2229676042559));
#1489=CARTESIAN_POINT('',(-278.583091385697,-388.278684168649,-31.5853843598114));
#1490=CARTESIAN_POINT('',(-278.439481906885,-387.411455711718,-31.2449624143489));
#1491=CARTESIAN_POINT('',(-278.34497050933,-386.383701323168,-31.0568367196181));
#1492=CARTESIAN_POINT('',(-278.330526776542,-385.573313826517,-31.044974795222));
#1493=CARTESIAN_POINT('',(-278.339403829395,-385.132265447985,-31.0704387272808));
#1494=CARTESIAN_POINT('',(-285.986805709502,-382.012693557212,-46.8588563395764));
#1495=CARTESIAN_POINT('',(-286.120684668043,-382.382915534492,-46.8833786513731));
#1496=CARTESIAN_POINT('',(-286.320615082428,-383.075288885185,-46.8506964113754));
#1497=CARTESIAN_POINT('',(-286.4134399651,-383.986538672942,-46.5740044787293));
#1498=CARTESIAN_POINT('',(-286.295605878047,-384.787379795739,-46.087155991558));
#1499=CARTESIAN_POINT('',(-285.852830827922,-385.730491837287,-45.1811652934617));
#1500=CARTESIAN_POINT('',(-284.754773436872,-386.717868093435,-43.6108456251496));
#1501=CARTESIAN_POINT('',(-283.662603243634,-387.449448264554,-42.199789944158));
#1502=CARTESIAN_POINT('',(-283.15487962772,-387.837148278757,-41.5336171426757));
#1503=CARTESIAN_POINT('',(-282.139432395893,-388.612548307163,-40.2012715397111));
#1504=CARTESIAN_POINT('',(-280.415429777886,-390.338627793122,-37.85142064589));
#1505=CARTESIAN_POINT('',(-279.276779131782,-391.289307250674,-35.7922018155008));
#1506=CARTESIAN_POINT('',(-278.846683871859,-391.289307250674,-34.7504882759682));
#1507=CARTESIAN_POINT('',(-278.631636241897,-391.289307250674,-34.2296315062019));
#1508=CARTESIAN_POINT('',(-278.271156013538,-391.051637386286,-33.1818659045003));
#1509=CARTESIAN_POINT('',(-277.958549593223,-390.168949174603,-32.0613602606589));
#1510=CARTESIAN_POINT('',(-277.769634547784,-389.116582344401,-31.4010754687822));
#1511=CARTESIAN_POINT('',(-277.666021942561,-388.1464539993,-31.0429866593724));
#1512=CARTESIAN_POINT('',(-277.60797164964,-386.987727339727,-30.8410875573602));
#1513=CARTESIAN_POINT('',(-277.604638751527,-386.084347295684,-30.8233245762168));
#1514=CARTESIAN_POINT('',(-277.613062232337,-385.598642523909,-30.8468296778446));
#1515=CARTESIAN_POINT('',(-283.479450820039,-381.946427818018,-46.5020395085108));
#1516=CARTESIAN_POINT('',(-283.589986780681,-382.341538665006,-46.5242783373285));
#1517=CARTESIAN_POINT('',(-283.733181758803,-383.083112155772,-46.4798295234462));
#1518=CARTESIAN_POINT('',(-283.737227402152,-384.069349658452,-46.1780420538366));
#1519=CARTESIAN_POINT('',(-283.553410227319,-384.949286303817,-45.6728055012085));
#1520=CARTESIAN_POINT('',(-283.088348910832,-386.007229856089,-44.770111541369));
#1521=CARTESIAN_POINT('',(-282.151785248016,-387.163016533915,-43.2914472128596));
#1522=CARTESIAN_POINT('',(-281.274432007627,-388.03421654365,-41.9766875209867));
#1523=CARTESIAN_POINT('',(-280.866434103619,-388.487539952258,-41.346806061507));
#1524=CARTESIAN_POINT('',(-280.050438295604,-389.394186769474,-40.0870431425476));
#1525=CARTESIAN_POINT('',(-278.663876409065,-391.349267633831,-37.7875043962828));
#1526=CARTESIAN_POINT('',(-277.753330267936,-392.397701680972,-35.6998833254465));
#1527=CARTESIAN_POINT('',(-277.41335020533,-392.397701680972,-34.6520380819157));
#1528=CARTESIAN_POINT('',(-277.243360174027,-392.397701680972,-34.1281154601503));
#1529=CARTESIAN_POINT('',(-276.9610266154,-392.135593169187,-33.0782528625631));
#1530=CARTESIAN_POINT('',(-276.730472419227,-391.157184372993,-31.9454187817083));
#1531=CARTESIAN_POINT('',(-276.606394608852,-389.986692315962,-31.2575705474639));
#1532=CARTESIAN_POINT('',(-276.544554395015,-388.91260509527,-30.8747129183053));
#1533=CARTESIAN_POINT('',(-276.514967695786,-387.639964028783,-30.6487028669764));
#1534=CARTESIAN_POINT('',(-276.517435819812,-386.657610308674,-30.6184739055136));
#1535=CARTESIAN_POINT('',(-276.524390591148,-386.132562585027,-30.6374403648555));
#1536=CARTESIAN_POINT('',(-279.155876104519,-381.651075546223,-45.7733396496094));
#1537=CARTESIAN_POINT('',(-279.221785745647,-382.061488999468,-45.7917969011438));
#1538=CARTESIAN_POINT('',(-279.298337252307,-382.838547895516,-45.7450824566644));
#1539=CARTESIAN_POINT('',(-279.2714412681,-383.891607588224,-45.458127780898));
#1540=CARTESIAN_POINT('',(-279.126902122284,-384.850914009533,-44.9882939296823));
#1541=CARTESIAN_POINT('',(-278.809432489172,-386.030018716033,-44.1633483389264));
#1542=CARTESIAN_POINT('',(-278.238887956706,-387.363393320483,-42.8449875798481));
#1543=CARTESIAN_POINT('',(-277.725591447397,-388.380354999934,-41.6653287297656));
#1544=CARTESIAN_POINT('',(-277.486834748693,-388.901435178586,-41.0895951888168));
#1545=CARTESIAN_POINT('',(-277.009321351287,-389.943595535889,-39.938128106919));
#1546=CARTESIAN_POINT('',(-276.197427004084,-392.128710961902,-37.747961015862));
#1547=CARTESIAN_POINT('',(-275.666431078323,-393.271666030611,-35.6705609975437));
#1548=CARTESIAN_POINT('',(-275.469816102358,-393.271666030611,-34.6318609883845));
#1549=CARTESIAN_POINT('',(-275.371508614375,-393.271666030611,-34.1125109838049));
#1550=CARTESIAN_POINT('',(-275.209335131868,-392.985927263434,-33.0738109746457));
#1551=CARTESIAN_POINT('',(-275.0829830758,-391.925778572469,-31.9455303632458));
#1552=CARTESIAN_POINT('',(-275.021876947238,-390.662697492072,-31.2470191541848));
#1553=CARTESIAN_POINT('',(-274.994574268476,-389.509611370854,-30.8507065474259));
#1554=CARTESIAN_POINT('',(-274.984337666886,-388.152455691609,-30.6074789007112));
#1555=CARTESIAN_POINT('',(-274.987916756951,-387.112776035355,-30.5643932162691));
#1556=CARTESIAN_POINT('',(-274.99206370135,-386.559493198521,-30.5768692540579));
#1557=CARTESIAN_POINT('',(-273.016081562942,-381.388856144025,-45.2230482062407));
#1558=CARTESIAN_POINT('',(-273.016081562942,-381.802127768674,-45.2388656219814));
#1559=CARTESIAN_POINT('',(-273.016081562942,-382.590071999966,-45.1957688338472));
#1560=CARTESIAN_POINT('',(-273.016081562942,-383.672460025241,-44.9361947204055));
#1561=CARTESIAN_POINT('',(-273.016081562942,-384.671588461211,-44.5109576033309));
#1562=CARTESIAN_POINT('',(-273.016081562942,-385.914438566576,-43.76211201253));
#1563=CARTESIAN_POINT('',(-273.016081562942,-387.34119588681,-42.5582271529816));
#1564=CARTESIAN_POINT('',(-273.016081562942,-388.434109316671,-41.4655211501303));
#1565=CARTESIAN_POINT('',(-273.016081562942,-388.990134568164,-40.9257898567109));
#1566=CARTESIAN_POINT('',(-273.016081562942,-390.102185071149,-39.8463272698721));
#1567=CARTESIAN_POINT('',(-273.016081562942,-392.402834369618,-37.7403757602449));
#1568=CARTESIAN_POINT('',(-273.016081562942,-393.591433165102,-35.687397914668));
#1569=CARTESIAN_POINT('',(-273.016081562942,-393.591433165102,-34.6609089918795));
#1570=CARTESIAN_POINT('',(-273.016081562942,-393.591433165102,-34.1476645304853));
#1571=CARTESIAN_POINT('',(-273.016081562942,-393.294283466231,-33.1211756076968));
#1572=CARTESIAN_POINT('',(-273.016081562942,-392.20025517275,-32.0036126842586));
#1573=CARTESIAN_POINT('',(-273.016081562942,-390.903647682402,-31.3082202215648));
#1574=CARTESIAN_POINT('',(-273.016081562942,-389.723542098453,-30.91083704708));
#1575=CARTESIAN_POINT('',(-273.016081562942,-388.338829009907,-30.6624472796378));
#1576=CARTESIAN_POINT('',(-273.016081562942,-387.281310255541,-30.6127378623761));
#1577=CARTESIAN_POINT('',(-273.016081562942,-386.719463781456,-30.6209927997548));
#1578=CARTESIAN_POINT('',(-266.876287021366,-381.651075546223,-45.7733396496094));
#1579=CARTESIAN_POINT('',(-266.810377380238,-382.061488999468,-45.7917969011438));
#1580=CARTESIAN_POINT('',(-266.733825873578,-382.838547895516,-45.7450824566643));
#1581=CARTESIAN_POINT('',(-266.760721857785,-383.891607588224,-45.458127780898));
#1582=CARTESIAN_POINT('',(-266.9052610036,-384.850914009533,-44.9882939296823));
#1583=CARTESIAN_POINT('',(-267.222730636713,-386.030018716033,-44.1633483389264));
#1584=CARTESIAN_POINT('',(-267.793275169178,-387.363393320483,-42.8449875798481));
#1585=CARTESIAN_POINT('',(-268.306571678488,-388.380354999934,-41.6653287297657));
#1586=CARTESIAN_POINT('',(-268.545328377191,-388.901435178586,-41.0895951888168));
#1587=CARTESIAN_POINT('',(-269.022841774598,-389.943595535889,-39.938128106919));
#1588=CARTESIAN_POINT('',(-269.834736121801,-392.128710961902,-37.747961015862));
#1589=CARTESIAN_POINT('',(-270.365732047562,-393.271666030611,-35.6705609975437));
#1590=CARTESIAN_POINT('',(-270.562347023527,-393.271666030611,-34.6318609883845));
#1591=CARTESIAN_POINT('',(-270.660654511509,-393.271666030611,-34.1125109838049));
#1592=CARTESIAN_POINT('',(-270.822827994017,-392.985927263434,-33.0738109746457));
#1593=CARTESIAN_POINT('',(-270.949180050085,-391.925778572469,-31.9455303632458));
#1594=CARTESIAN_POINT('',(-271.010286178647,-390.662697492072,-31.2470191541848));
#1595=CARTESIAN_POINT('',(-271.037588857409,-389.509611370854,-30.8507065474259));
#1596=CARTESIAN_POINT('',(-271.047825458998,-388.152455691609,-30.6074789007112));
#1597=CARTESIAN_POINT('',(-271.044246368934,-387.112776035355,-30.5643932162691));
#1598=CARTESIAN_POINT('',(-271.040099424535,-386.559493198521,-30.5768692540579));
#1599=CARTESIAN_POINT('',(-262.552712305846,-381.946427818018,-46.5020395085108));
#1600=CARTESIAN_POINT('',(-262.442176345204,-382.341538665006,-46.5242783373285));
#1601=CARTESIAN_POINT('',(-262.298981367082,-383.083112155772,-46.4798295234462));
#1602=CARTESIAN_POINT('',(-262.294935723732,-384.069349658452,-46.1780420538366));
#1603=CARTESIAN_POINT('',(-262.478752898565,-384.949286303817,-45.6728055012085));
#1604=CARTESIAN_POINT('',(-262.943814215053,-386.007229856089,-44.770111541369));
#1605=CARTESIAN_POINT('',(-263.880377877868,-387.163016533915,-43.2914472128596));
#1606=CARTESIAN_POINT('',(-264.757731118258,-388.03421654365,-41.9766875209867));
#1607=CARTESIAN_POINT('',(-265.165729022265,-388.487539952258,-41.346806061507));
#1608=CARTESIAN_POINT('',(-265.981724830281,-389.394186769474,-40.0870431425476));
#1609=CARTESIAN_POINT('',(-267.36828671682,-391.349267633831,-37.7875043962828));
#1610=CARTESIAN_POINT('',(-268.278832857948,-392.397701680972,-35.6998833254465));
#1611=CARTESIAN_POINT('',(-268.618812920555,-392.397701680972,-34.6520380819157));
#1612=CARTESIAN_POINT('',(-268.788802951858,-392.397701680972,-34.1281154601503));
#1613=CARTESIAN_POINT('',(-269.071136510485,-392.135593169187,-33.0782528625631));
#1614=CARTESIAN_POINT('',(-269.301690706658,-391.157184372993,-31.9454187817083));
#1615=CARTESIAN_POINT('',(-269.425768517033,-389.986692315962,-31.2575705474639));
#1616=CARTESIAN_POINT('',(-269.48760873087,-388.91260509527,-30.8747129183053));
#1617=CARTESIAN_POINT('',(-269.517195430099,-387.639964028783,-30.6487028669764));
#1618=CARTESIAN_POINT('',(-269.514727306072,-386.657610308674,-30.6184739055136));
#1619=CARTESIAN_POINT('',(-269.507772534737,-386.132562585027,-30.6374403648555));
#1620=CARTESIAN_POINT('',(-260.045357416383,-382.012693557212,-46.8588563395764));
#1621=CARTESIAN_POINT('',(-259.911478457842,-382.382915534492,-46.8833786513731));
#1622=CARTESIAN_POINT('',(-259.711548043456,-383.075288885185,-46.8506964113754));
#1623=CARTESIAN_POINT('',(-259.618723160785,-383.986538672942,-46.5740044787293));
#1624=CARTESIAN_POINT('',(-259.736557247838,-384.787379795739,-46.087155991558));
#1625=CARTESIAN_POINT('',(-260.179332297963,-385.730491837287,-45.1811652934616));
#1626=CARTESIAN_POINT('',(-261.277389689012,-386.717868093435,-43.6108456251495));
#1627=CARTESIAN_POINT('',(-262.369559882251,-387.449448264554,-42.199789944158));
#1628=CARTESIAN_POINT('',(-262.877283498164,-387.837148278757,-41.5336171426757));
#1629=CARTESIAN_POINT('',(-263.892730729991,-388.612548307163,-40.2012715397111));
#1630=CARTESIAN_POINT('',(-265.616733347998,-390.338627793122,-37.85142064589));
#1631=CARTESIAN_POINT('',(-266.755383994102,-391.289307250674,-35.7922018155008));
#1632=CARTESIAN_POINT('',(-267.185479254026,-391.289307250674,-34.7504882759682));
#1633=CARTESIAN_POINT('',(-267.400526883987,-391.289307250674,-34.2296315062019));
#1634=CARTESIAN_POINT('',(-267.761007112347,-391.051637386286,-33.1818659045003));
#1635=CARTESIAN_POINT('',(-268.073613532662,-390.168949174603,-32.0613602606589));
#1636=CARTESIAN_POINT('',(-268.2625285781,-389.116582344401,-31.4010754687822));
#1637=CARTESIAN_POINT('',(-268.366141183324,-388.1464539993,-31.0429866593724));
#1638=CARTESIAN_POINT('',(-268.424191476245,-386.987727339727,-30.8410875573602));
#1639=CARTESIAN_POINT('',(-268.427524374358,-386.084347295684,-30.8233245762168));
#1640=CARTESIAN_POINT('',(-268.419100893548,-385.598642523909,-30.8468296778446));
#1641=CARTESIAN_POINT('',(-258.636432782053,-381.975720862668,-47.0021352148329));
#1642=CARTESIAN_POINT('',(-258.495344956514,-382.315165310105,-47.027133390805));
#1643=CARTESIAN_POINT('',(-258.257018024543,-382.946969717159,-47.0052266755089));
#1644=CARTESIAN_POINT('',(-258.075622253348,-383.774150855471,-46.7578956266442));
#1645=CARTESIAN_POINT('',(-258.114869578351,-384.501534512706,-46.2973318276601));
#1646=CARTESIAN_POINT('',(-258.496153638708,-385.349716641476,-45.406950306711));
#1647=CARTESIAN_POINT('',(-259.65472957499,-386.20320270185,-43.7909435721843));
#1648=CARTESIAN_POINT('',(-260.860244712857,-386.825180398532,-42.3259004329536));
#1649=CARTESIAN_POINT('',(-261.420470579988,-387.160894764555,-41.6414012764243));
#1650=CARTESIAN_POINT('',(-262.540922314251,-387.832323496601,-40.2724029633658));
#1651=CARTESIAN_POINT('',(-264.44157216836,-389.372985102146,-37.9185856419374));
#1652=CARTESIAN_POINT('',(-265.70409140112,-390.242217975645,-35.9065831900146));
#1653=CARTESIAN_POINT('',(-266.186412514035,-390.242217975645,-34.8793997464617));
#1654=CARTESIAN_POINT('',(-266.427573070492,-390.242217975645,-34.3658080246852));
#1655=CARTESIAN_POINT('',(-266.835424931673,-390.024909757271,-33.3280334723365));
#1656=CARTESIAN_POINT('',(-267.206665172569,-389.225526342688,-32.2229676042559));
#1657=CARTESIAN_POINT('',(-267.449071740188,-388.278684168649,-31.5853843598114));
#1658=CARTESIAN_POINT('',(-267.592681219,-387.411455711718,-31.2449624143489));
#1659=CARTESIAN_POINT('',(-267.687192616554,-386.383701323168,-31.0568367196181));
#1660=CARTESIAN_POINT('',(-267.701636349343,-385.573313826517,-31.044974795222));
#1661=CARTESIAN_POINT('',(-267.692759296489,-385.132265447985,-31.0704387272808));
#1662=CARTESIAN_POINT('',(-257.694938771784,-381.850412209366,-47.0098181220318));
#1663=CARTESIAN_POINT('',(-257.561059813243,-382.141180764184,-47.0331895554854));
#1664=CARTESIAN_POINT('',(-257.294356812458,-382.675484458359,-47.0209825187636));
#1665=CARTESIAN_POINT('',(-257.012430203311,-383.373706202172,-46.8056099297792));
#1666=CARTESIAN_POINT('',(-256.96359462933,-384.007160597472,-46.372962983878));
#1667=CARTESIAN_POINT('',(-257.264014926463,-384.751751547669,-45.5049031232508));
#1668=CARTESIAN_POINT('',(-258.427566694112,-385.469352693427,-43.871024441913));
#1669=CARTESIAN_POINT('',(-259.689105452597,-385.983457976143,-42.3825705694862));
#1670=CARTESIAN_POINT('',(-260.275083131692,-386.267359478418,-41.6940158644089));
#1671=CARTESIAN_POINT('',(-261.447038489884,-386.835162482969,-40.3169064542542));
#1672=CARTESIAN_POINT('',(-263.432615605095,-388.185559379409,-38.0080654830335));
#1673=CARTESIAN_POINT('',(-264.762351674022,-388.968153271299,-36.0768192646085));
#1674=CARTESIAN_POINT('',(-265.27846598593,-388.968153271299,-35.0773046072495));
#1675=CARTESIAN_POINT('',(-265.536523141884,-388.968153271299,-34.5775472785701));
#1676=CARTESIAN_POINT('',(-265.978260592515,-388.772504798326,-33.5610868471379));
#1677=CARTESIAN_POINT('',(-266.40297870291,-388.064290563936,-32.4758620445307));
#1678=CARTESIAN_POINT('',(-266.70137403967,-387.234807514071,-31.8555217475745));
#1679=CARTESIAN_POINT('',(-266.895244370502,-386.499960530678,-31.5239447454962));
#1680=CARTESIAN_POINT('',(-267.049951933632,-385.671099986469,-31.3358044121308));
#1681=CARTESIAN_POINT('',(-267.086570512582,-385.004673154323,-31.3218563865291));
#1682=CARTESIAN_POINT('',(-267.078147031772,-384.63020209705,-31.3467156939303));
#1683=CARTESIAN_POINT('',(-257.363672852752,-381.73487735658,-46.943210506032));
#1684=CARTESIAN_POINT('',(-257.256882482246,-381.957949275991,-46.9619400203708));
#1685=CARTESIAN_POINT('',(-256.967365792687,-382.342744607899,-46.9465483659246));
#1686=CARTESIAN_POINT('',(-256.629888643733,-382.945563029354,-46.7356577639041));
#1687=CARTESIAN_POINT('',(-256.5333222449,-383.509150079034,-46.3110488692842));
#1688=CARTESIAN_POINT('',(-256.783853861935,-384.179002742276,-45.4547656058781));
#1689=CARTESIAN_POINT('',(-257.917067065972,-384.808409239513,-43.830689493446));
#1690=CARTESIAN_POINT('',(-259.17137165286,-385.256164723862,-42.3552410765459));
#1691=CARTESIAN_POINT('',(-259.753711309402,-385.507600097799,-41.6770823134651));
#1692=CARTESIAN_POINT('',(-260.918390622485,-386.010470845675,-40.3207647873035));
#1693=CARTESIAN_POINT('',(-262.88924815343,-387.236673395533,-38.0846532979345));
#1694=CARTESIAN_POINT('',(-264.219732973866,-387.960005197515,-36.2346879097958));
#1695=CARTESIAN_POINT('',(-264.744039576439,-387.960005197515,-35.2645164848646));
#1696=CARTESIAN_POINT('',(-265.006192877726,-387.960005197515,-34.779430772399));
#1697=CARTESIAN_POINT('',(-265.460031576477,-387.779172247019,-33.7866649820368));
#1698=CARTESIAN_POINT('',(-265.91546389678,-387.134547071063,-32.7164069773617));
#1699=CARTESIAN_POINT('',(-266.251272344994,-386.387795570638,-32.0989312017012));
#1700=CARTESIAN_POINT('',(-266.483834499072,-385.747272048124,-31.761031465493));
#1701=CARTESIAN_POINT('',(-266.692076993002,-385.061354411049,-31.5541806063192));
#1702=CARTESIAN_POINT('',(-266.785750911904,-384.615932397937,-31.5097073969372));
#1703=CARTESIAN_POINT('',(-266.779076421386,-384.329723165703,-31.5298663918545));
#1704=CARTESIAN_POINT('',(-257.287117996894,-381.69706500259,-46.9202727799707));
#1705=CARTESIAN_POINT('',(-257.190734628516,-381.792597655231,-46.9177190117106));
#1706=CARTESIAN_POINT('',(-256.879283709139,-382.124360858834,-46.8899913354804));
#1707=CARTESIAN_POINT('',(-256.521759624601,-382.682244213607,-46.6724969711141));
#1708=CARTESIAN_POINT('',(-256.408406056732,-383.210685637708,-46.2463484825986));
#1709=CARTESIAN_POINT('',(-256.639232376987,-383.841773951151,-45.3932825157771));
#1710=CARTESIAN_POINT('',(-257.749705525934,-384.428613224545,-43.7803304346205));
#1711=CARTESIAN_POINT('',(-258.987654955021,-384.845688038438,-42.3205949301385));
#1712=CARTESIAN_POINT('',(-259.56223105823,-385.081899441215,-41.6518054908205));
#1713=CARTESIAN_POINT('',(-260.711383264646,-385.55432224677,-40.3142266121843));
#1714=CARTESIAN_POINT('',(-262.654498786792,-386.720559824529,-38.1276953582953));
#1715=CARTESIAN_POINT('',(-263.972768705095,-387.414374596732,-36.3265020801052));
#1716=CARTESIAN_POINT('',(-264.497075307668,-387.414374596732,-35.374261177168));
#1717=CARTESIAN_POINT('',(-264.759228608955,-387.414374596732,-34.8981407256994));
#1718=CARTESIAN_POINT('',(-265.216121033239,-387.240920903682,-33.9200776908411));
#1719=CARTESIAN_POINT('',(-265.685300932132,-386.628184328915,-32.8574392473214));
#1720=CARTESIAN_POINT('',(-266.039443360924,-385.923072258536,-32.2379901104513));
#1721=CARTESIAN_POINT('',(-266.292233057837,-385.327831441493,-31.8922896457456));
#1722=CARTESIAN_POINT('',(-266.529989250551,-384.707238501218,-31.669031147961));
#1723=CARTESIAN_POINT('',(-266.662118074331,-384.345956229692,-31.5986043112576));
#1724=CARTESIAN_POINT('',(-266.69865820535,-384.243972194331,-31.5826092024184));
#1725=CARTESIAN_POINT('',(-266.69865820535,-353.756027805668,-31.5826092024184));
#1726=CARTESIAN_POINT('',(-266.662118074331,-353.654043770307,-31.5986043112576));
#1727=CARTESIAN_POINT('',(-266.529989250551,-353.292761498782,-31.6690311479609));
#1728=CARTESIAN_POINT('',(-266.292233057837,-352.672168558506,-31.8922896457456));
#1729=CARTESIAN_POINT('',(-266.039443360924,-352.076927741464,-32.2379901104513));
#1730=CARTESIAN_POINT('',(-265.685300932132,-351.371815671084,-32.8574392473214));
#1731=CARTESIAN_POINT('',(-265.216121033239,-350.759079096318,-33.920077690841));
#1732=CARTESIAN_POINT('',(-264.759228608955,-350.585625403267,-34.8981407256994));
#1733=CARTESIAN_POINT('',(-264.497075307668,-350.585625403267,-35.374261177168));
#1734=CARTESIAN_POINT('',(-263.972768705095,-350.585625403267,-36.3265020801052));
#1735=CARTESIAN_POINT('',(-262.654498786792,-351.279440175471,-38.1276953582953));
#1736=CARTESIAN_POINT('',(-260.711383264646,-352.44567775323,-40.3142266121843));
#1737=CARTESIAN_POINT('',(-259.56223105823,-352.918100558785,-41.6518054908204));
#1738=CARTESIAN_POINT('',(-258.987654955021,-353.154311961562,-42.3205949301385));
#1739=CARTESIAN_POINT('',(-257.749705525934,-353.571386775455,-43.7803304346205));
#1740=CARTESIAN_POINT('',(-256.639232376987,-354.158226048849,-45.393282515777));
#1741=CARTESIAN_POINT('',(-256.408406056732,-354.789314362292,-46.2463484825985));
#1742=CARTESIAN_POINT('',(-256.521759624601,-355.317755786392,-46.6724969711141));
#1743=CARTESIAN_POINT('',(-256.879283709139,-355.875639141165,-46.8899913354804));
#1744=CARTESIAN_POINT('',(-257.190734628516,-356.207402344768,-46.9177190117106));
#1745=CARTESIAN_POINT('',(-257.287117996894,-356.302934997409,-46.9202727799707));
#1746=CARTESIAN_POINT('',(-266.655443583813,-353.940253002541,-31.6187633061748));
#1747=CARTESIAN_POINT('',(-266.538485236758,-353.924019938552,-31.6875012255779));
#1748=CARTESIAN_POINT('',(-266.367901508101,-353.646877408612,-31.7838816896027));
#1749=CARTESIAN_POINT('',(-266.100631616602,-353.091609165137,-32.0235478259982));
#1750=CARTESIAN_POINT('',(-265.827614376854,-352.541651053566,-32.3770490192013));
#1751=CARTESIAN_POINT('',(-265.455137967483,-351.878178413233,-32.9984715172811));
#1752=CARTESIAN_POINT('',(-264.972210490002,-351.297330439656,-34.0534903996453));
#1753=CARTESIAN_POINT('',(-264.512264340184,-351.13125600405,-35.0168506789997));
#1754=CARTESIAN_POINT('',(-264.250111038898,-351.13125600405,-35.4840058694713));
#1755=CARTESIAN_POINT('',(-263.725804436324,-351.13125600405,-36.4183162504146));
#1756=CARTESIAN_POINT('',(-262.419749420153,-351.795553746475,-38.1707374186561));
#1757=CARTESIAN_POINT('',(-260.504375906807,-352.901826352135,-40.3076884370651));
#1758=CARTESIAN_POINT('',(-259.370750807057,-353.343801215369,-41.6265286681758));
#1759=CARTESIAN_POINT('',(-258.803938257183,-353.564788646986,-42.2859487837311));
#1760=CARTESIAN_POINT('',(-257.582343985896,-353.951182790422,-43.7299713757949));
#1761=CARTESIAN_POINT('',(-256.49461089204,-354.495454839973,-45.331799425676));
#1762=CARTESIAN_POINT('',(-256.283489868565,-355.087778803618,-46.1816480959129));
#1763=CARTESIAN_POINT('',(-256.413630605469,-355.581074602139,-46.609336178324));
#1764=CARTESIAN_POINT('',(-256.791201625591,-356.09402289023,-46.8334343050363));
#1765=CARTESIAN_POINT('',(-257.124586774787,-356.372753965528,-46.8734980030504));
#1766=CARTESIAN_POINT('',(-257.297524999022,-356.430474264179,-46.8989894973718));
#1767=CARTESIAN_POINT('',(-266.498109615486,-354.635570157344,-31.7646956731623));
#1768=CARTESIAN_POINT('',(-266.344445353845,-354.615215009902,-31.8546869074028));
#1769=CARTESIAN_POINT('',(-266.077425478928,-354.453595472515,-32.0249076619814));
#1770=CARTESIAN_POINT('',(-265.745635723093,-354.016683109107,-32.3114938270118));
#1771=CARTESIAN_POINT('',(-265.43040013525,-353.553532358544,-32.6898752000749));
#1772=CARTESIAN_POINT('',(-265.022000915018,-352.973885888953,-33.322055664289));
#1773=CARTESIAN_POINT('',(-264.514797333089,-352.4570032617,-34.3615630999633));
#1774=CARTESIAN_POINT('',(-264.05473752926,-352.305630333395,-35.2898069983723));
#1775=CARTESIAN_POINT('',(-263.796680373306,-352.305630333395,-35.7357727610698));
#1776=CARTESIAN_POINT('',(-263.280566061398,-352.305630333395,-36.6277042864647));
#1777=CARTESIAN_POINT('',(-262.024119405265,-352.911122046615,-38.2663178451985));
#1778=CARTESIAN_POINT('',(-260.20499434285,-353.901729110461,-40.2776774035392));
#1779=CARTESIAN_POINT('',(-259.12620162466,-354.286844461088,-41.5423549285411));
#1780=CARTESIAN_POINT('',(-258.586805265565,-354.479402136401,-42.174693691042));
#1781=CARTESIAN_POINT('',(-257.423397453884,-354.809423396378,-43.5688700889597));
#1782=CARTESIAN_POINT('',(-256.396286016777,-355.271621199079,-45.1360045826445));
#1783=CARTESIAN_POINT('',(-256.214097500323,-355.783626050487,-45.9847606637639));
#1784=CARTESIAN_POINT('',(-256.363656088519,-356.206206692307,-46.4266451730388));
#1785=CARTESIAN_POINT('',(-256.765864311172,-356.634818036028,-46.6816403360988));
#1786=CARTESIAN_POINT('',(-257.164003033221,-356.851078406672,-46.7686760964068));
#1787=CARTESIAN_POINT('',(-257.38596407531,-356.923463212426,-46.8018616933974));
#1788=CARTESIAN_POINT('',(-266.223591282053,-356.080553304664,-32.1144465544329));
#1789=CARTESIAN_POINT('',(-266.040931689678,-356.059102110821,-32.220661049236));
#1790=CARTESIAN_POINT('',(-265.709621117652,-355.945356952742,-32.4386614866597));
#1791=CARTESIAN_POINT('',(-265.287389216074,-355.64444237677,-32.8042862101011));
#1792=CARTESIAN_POINT('',(-264.912599389247,-355.295462434266,-33.2304447247011));
#1793=CARTESIAN_POINT('',(-264.454602508607,-354.837847190431,-33.8897202949149));
#1794=CARTESIAN_POINT('',(-263.919962052664,-354.414834100108,-34.9039710950866));
#1795=CARTESIAN_POINT('',(-263.473504097959,-354.285363787837,-35.7680693480459));
#1796=CARTESIAN_POINT('',(-263.230807487002,-354.285363787837,-36.1757589242953));
#1797=CARTESIAN_POINT('',(-262.745414265089,-354.285363787837,-36.9911380767941));
#1798=CARTESIAN_POINT('',(-261.618886752427,-354.803245036921,-38.4270199799497));
#1799=CARTESIAN_POINT('',(-260.033253528085,-355.631547844307,-40.1951707697706));
#1800=CARTESIAN_POINT('',(-259.088754594491,-355.941969402609,-41.3428188089346));
#1801=CARTESIAN_POINT('',(-258.616505127694,-356.09718018176,-41.9166428285166));
#1802=CARTESIAN_POINT('',(-257.596165033388,-356.355736817366,-43.1960771898075));
#1803=CARTESIAN_POINT('',(-256.696875864576,-356.706589421444,-44.6802452846477));
#1804=CARTESIAN_POINT('',(-256.542569409481,-357.098257060233,-45.5317504492018));
#1805=CARTESIAN_POINT('',(-256.695459422715,-357.419966128377,-46.0071584824415));
#1806=CARTESIAN_POINT('',(-257.103026705084,-357.74209909686,-46.3240394909884));
#1807=CARTESIAN_POINT('',(-257.531211443648,-357.925829852218,-46.4418471269246));
#1808=CARTESIAN_POINT('',(-257.7810942099,-358.002112301359,-46.4804489307939));
#1809=CARTESIAN_POINT('',(-265.954339780005,-357.80869034525,-32.5564032983962));
#1810=CARTESIAN_POINT('',(-265.75119346077,-357.788335197807,-32.6736380919554));
#1811=CARTESIAN_POINT('',(-265.37653775416,-357.705028468989,-32.9228703762732));
#1812=CARTESIAN_POINT('',(-264.893016408667,-357.493920155726,-33.3425364348027));
#1813=CARTESIAN_POINT('',(-264.471508696438,-357.238304704183,-33.8095496658393));
#1814=CARTESIAN_POINT('',(-263.970251816274,-356.893662693433,-34.4974029245034));
#1815=CARTESIAN_POINT('',(-263.41647189344,-356.559797743094,-35.4832351313734));
#1816=CARTESIAN_POINT('',(-262.993179056978,-356.452101779785,-36.2773782006334));
#1817=CARTESIAN_POINT('',(-262.771987209017,-356.452101779785,-36.6435842182015));
#1818=CARTESIAN_POINT('',(-262.329603513096,-356.452101779785,-37.3759962533376));
#1819=CARTESIAN_POINT('',(-261.368472683416,-356.882885633023,-38.5938961871144));
#1820=CARTESIAN_POINT('',(-260.072276320497,-357.558479089314,-40.0884880189054));
#1821=CARTESIAN_POINT('',(-259.294827091336,-357.803288692367,-41.0975919520558));
#1822=CARTESIAN_POINT('',(-258.906102476756,-357.925693493894,-41.602143918631));
#1823=CARTESIAN_POINT('',(-258.063977723745,-358.124009534401,-42.7421518604088));
#1824=CARTESIAN_POINT('',(-257.320865749863,-358.377868680653,-44.1188379082403));
#1825=CARTESIAN_POINT('',(-257.194842217392,-358.657853256217,-44.9658420782955));
#1826=CARTESIAN_POINT('',(-257.34194241221,-358.890364790058,-45.4658796856205));
#1827=CARTESIAN_POINT('',(-257.738045272052,-359.129473898957,-45.8226585866179));
#1828=CARTESIAN_POINT('',(-258.173038835867,-359.282661336853,-45.9596432589901));
#1829=CARTESIAN_POINT('',(-258.434497668896,-359.355046142607,-46.0015780820846));
#1830=CARTESIAN_POINT('',(-265.627661205717,-360.424491642785,-33.2156064618229));
#1831=CARTESIAN_POINT('',(-265.405230564479,-360.407685597974,-33.3427152317515));
#1832=CARTESIAN_POINT('',(-264.991560888357,-360.351653105315,-33.6179871185992));
#1833=CARTESIAN_POINT('',(-264.452792220445,-360.221329179947,-34.0830709377364));
#1834=CARTESIAN_POINT('',(-263.983920426006,-360.065716090919,-34.5893436936338));
#1835=CARTESIAN_POINT('',(-263.436168567656,-359.852494450968,-35.3046432143701));
#1836=CARTESIAN_POINT('',(-262.867026064418,-359.627674605497,-36.2468046966638));
#1837=CARTESIAN_POINT('',(-262.48175899641,-359.5488685885,-36.9474768510342));
#1838=CARTESIAN_POINT('',(-262.29333631111,-359.5488685885,-37.2584745241209));
#1839=CARTESIAN_POINT('',(-261.91649094051,-359.5488685885,-37.8804698702942));
#1840=CARTESIAN_POINT('',(-261.196486988945,-359.864092656488,-38.8097533298526));
#1841=CARTESIAN_POINT('',(-260.31656762129,-360.346734650615,-39.9317614834673));
#1842=CARTESIAN_POINT('',(-259.7798068346,-360.514152576753,-40.746481523697));
#1843=CARTESIAN_POINT('',(-259.511426441254,-360.597861539822,-41.1538415438119));
#1844=CARTESIAN_POINT('',(-258.926265103133,-360.728327930499,-42.0954195657527));
#1845=CARTESIAN_POINT('',(-258.417816149288,-360.875445546241,-43.3046559085346));
#1846=CARTESIAN_POINT('',(-258.351261075927,-361.029408494904,-44.1204745886201));
#1847=CARTESIAN_POINT('',(-258.501947398473,-361.163058745207,-44.6299193637869));
#1848=CARTESIAN_POINT('',(-258.883736931295,-361.314930645088,-45.0103108662288));
#1849=CARTESIAN_POINT('',(-259.312665815165,-361.428355418575,-45.1601136608218));
#1850=CARTESIAN_POINT('',(-259.575814319716,-361.488119283838,-45.2046281667217));
#1851=CARTESIAN_POINT('',(-265.327358766055,-364.154928194368,-34.0713239024083));
#1852=CARTESIAN_POINT('',(-265.089668639415,-364.144907198704,-34.2057084649193));
#1853=CARTESIAN_POINT('',(-264.645290882348,-364.116643615652,-34.4963887198232));
#1854=CARTESIAN_POINT('',(-264.063851067346,-364.056689128038,-34.9808477248658));
#1855=CARTESIAN_POINT('',(-263.55965740491,-363.986281189525,-35.4964505856359));
#1856=CARTESIAN_POINT('',(-262.979886501034,-363.887940219824,-36.2023865183535));
#1857=CARTESIAN_POINT('',(-262.408884912425,-363.774408691133,-37.0761922387729));
#1858=CARTESIAN_POINT('',(-262.074012922671,-363.731501328572,-37.6738095828162));
#1859=CARTESIAN_POINT('',(-261.926551690698,-363.731501328572,-37.9242017574858));
#1860=CARTESIAN_POINT('',(-261.63162922675,-363.731501328572,-38.424986106825));
#1861=CARTESIAN_POINT('',(-261.201582402081,-363.903130778814,-39.0392228266871));
#1862=CARTESIAN_POINT('',(-260.816001145256,-364.160574954176,-39.7419828533439));
#1863=CARTESIAN_POINT('',(-260.565544249153,-364.246389679297,-40.3312905094779));
#1864=CARTESIAN_POINT('',(-260.440315801101,-364.289297041858,-40.6259443375449));
#1865=CARTESIAN_POINT('',(-260.161025771153,-364.353658085698,-41.3342158150816));
#1866=CARTESIAN_POINT('',(-259.974118626259,-364.416155986023,-42.3049029880696));
#1867=CARTESIAN_POINT('',(-260.06248908216,-364.476790742832,-43.0054243856362));
#1868=CARTESIAN_POINT('',(-260.282858244067,-364.532937148521,-43.4609920042834));
#1869=CARTESIAN_POINT('',(-260.692461960029,-364.605106012103,-43.8149269342867));
#1870=CARTESIAN_POINT('',(-261.115116296088,-364.66746830629,-43.9619222557823));
#1871=CARTESIAN_POINT('',(-261.369696967818,-364.703103902969,-44.0078780487175));
#1872=CARTESIAN_POINT('',(-265.190395613536,-369.,-34.5974397612804));
#1873=CARTESIAN_POINT('',(-264.947088162497,-369.,-34.734163128189));
#1874=CARTESIAN_POINT('',(-264.491509309239,-369.,-35.0272319498843));
#1875=CARTESIAN_POINT('',(-263.895022008359,-369.,-35.5083572605284));
#1876=CARTESIAN_POINT('',(-263.379188519029,-369.,-36.0136604637407));
#1877=CARTESIAN_POINT('',(-262.790646058721,-369.,-36.6965096774036));
#1878=CARTESIAN_POINT('',(-262.225466674944,-369.,-37.5237949982367));
#1879=CARTESIAN_POINT('',(-261.921976879218,-369.,-38.0650929893977));
#1880=CARTESIAN_POINT('',(-261.799092519239,-369.,-38.282483837891));
#1881=CARTESIAN_POINT('',(-261.553323799283,-369.,-38.7172655348775));
#1882=CARTESIAN_POINT('',(-261.292670662451,-369.,-39.1607637521525));
#1883=CARTESIAN_POINT('',(-261.193289018825,-369.,-39.6305674909395));
#1884=CARTESIAN_POINT('',(-261.108791792074,-369.,-40.0916547094381));
#1885=CARTESIAN_POINT('',(-261.066543178699,-369.,-40.3221983186874));
#1886=CARTESIAN_POINT('',(-260.96464274948,-369.,-40.8963782117385));
#1887=CARTESIAN_POINT('',(-260.981945903518,-369.,-41.7122410674575));
#1888=CARTESIAN_POINT('',(-261.195507659125,-369.,-42.31305792749));
#1889=CARTESIAN_POINT('',(-261.483766596529,-369.,-42.7100448056967));
#1890=CARTESIAN_POINT('',(-261.928341159141,-369.,-43.0257168625392));
#1891=CARTESIAN_POINT('',(-262.347753287361,-369.,-43.163495649827));
#1892=CARTESIAN_POINT('',(-262.59292129051,-369.,-43.2096028883948));
#1893=CARTESIAN_POINT('',(-265.327358766055,-373.845071805631,-34.0713239024083));
#1894=CARTESIAN_POINT('',(-265.089668639415,-373.855092801295,-34.2057084649193));
#1895=CARTESIAN_POINT('',(-264.645290882348,-373.883356384348,-34.4963887198232));
#1896=CARTESIAN_POINT('',(-264.063851067346,-373.943310871962,-34.9808477248658));
#1897=CARTESIAN_POINT('',(-263.55965740491,-374.013718810475,-35.4964505856359));
#1898=CARTESIAN_POINT('',(-262.979886501034,-374.112059780176,-36.2023865183535));
#1899=CARTESIAN_POINT('',(-262.408884912425,-374.225591308867,-37.0761922387729));
#1900=CARTESIAN_POINT('',(-262.074012922671,-374.268498671427,-37.6738095828162));
#1901=CARTESIAN_POINT('',(-261.926551690698,-374.268498671427,-37.9242017574858));
#1902=CARTESIAN_POINT('',(-261.63162922675,-374.268498671427,-38.424986106825));
#1903=CARTESIAN_POINT('',(-261.201582402081,-374.096869221186,-39.0392228266871));
#1904=CARTESIAN_POINT('',(-260.816001145256,-373.839425045823,-39.7419828533439));
#1905=CARTESIAN_POINT('',(-260.565544249153,-373.753610320702,-40.3312905094779));
#1906=CARTESIAN_POINT('',(-260.440315801101,-373.710702958142,-40.6259443375448));
#1907=CARTESIAN_POINT('',(-260.161025771153,-373.646341914301,-41.3342158150816));
#1908=CARTESIAN_POINT('',(-259.974118626259,-373.583844013976,-42.3049029880696));
#1909=CARTESIAN_POINT('',(-260.06248908216,-373.523209257168,-43.0054243856362));
#1910=CARTESIAN_POINT('',(-260.282858244067,-373.467062851478,-43.4609920042834));
#1911=CARTESIAN_POINT('',(-260.692461960029,-373.394893987897,-43.8149269342867));
#1912=CARTESIAN_POINT('',(-261.115116296088,-373.332531693709,-43.9619222557823));
#1913=CARTESIAN_POINT('',(-261.369696967818,-373.29689609703,-44.0078780487175));
#1914=CARTESIAN_POINT('',(-265.627661205717,-377.575508357214,-33.2156064618229));
#1915=CARTESIAN_POINT('',(-265.405230564479,-377.592314402026,-33.3427152317515));
#1916=CARTESIAN_POINT('',(-264.991560888358,-377.648346894684,-33.6179871185992));
#1917=CARTESIAN_POINT('',(-264.452792220445,-377.778670820053,-34.0830709377364));
#1918=CARTESIAN_POINT('',(-263.983920426006,-377.93428390908,-34.5893436936338));
#1919=CARTESIAN_POINT('',(-263.436168567656,-378.147505549031,-35.30464321437));
#1920=CARTESIAN_POINT('',(-262.867026064418,-378.372325394502,-36.2468046966638));
#1921=CARTESIAN_POINT('',(-262.48175899641,-378.451131411499,-36.9474768510342));
#1922=CARTESIAN_POINT('',(-262.29333631111,-378.451131411499,-37.2584745241209));
#1923=CARTESIAN_POINT('',(-261.91649094051,-378.451131411499,-37.8804698702942));
#1924=CARTESIAN_POINT('',(-261.196486988945,-378.135907343511,-38.8097533298526));
#1925=CARTESIAN_POINT('',(-260.31656762129,-377.653265349385,-39.9317614834673));
#1926=CARTESIAN_POINT('',(-259.7798068346,-377.485847423246,-40.746481523697));
#1927=CARTESIAN_POINT('',(-259.511426441254,-377.402138460177,-41.1538415438119));
#1928=CARTESIAN_POINT('',(-258.926265103133,-377.271672069501,-42.0954195657527));
#1929=CARTESIAN_POINT('',(-258.417816149288,-377.124554453759,-43.3046559085346));
#1930=CARTESIAN_POINT('',(-258.351261075927,-376.970591505096,-44.1204745886201));
#1931=CARTESIAN_POINT('',(-258.501947398473,-376.836941254792,-44.6299193637869));
#1932=CARTESIAN_POINT('',(-258.883736931295,-376.685069354911,-45.0103108662287));
#1933=CARTESIAN_POINT('',(-259.312665815165,-376.571644581425,-45.1601136608218));
#1934=CARTESIAN_POINT('',(-259.575814319716,-376.511880716161,-45.2046281667216));
#1935=CARTESIAN_POINT('',(-265.954339780005,-380.191309654749,-32.5564032983962));
#1936=CARTESIAN_POINT('',(-265.75119346077,-380.211664802192,-32.6736380919554));
#1937=CARTESIAN_POINT('',(-265.37653775416,-380.29497153101,-32.9228703762732));
#1938=CARTESIAN_POINT('',(-264.893016408667,-380.506079844274,-33.3425364348027));
#1939=CARTESIAN_POINT('',(-264.471508696438,-380.761695295816,-33.8095496658393));
#1940=CARTESIAN_POINT('',(-263.970251816274,-381.106337306566,-34.4974029245034));
#1941=CARTESIAN_POINT('',(-263.41647189344,-381.440202256905,-35.4832351313734));
#1942=CARTESIAN_POINT('',(-262.993179056978,-381.547898220215,-36.2773782006334));
#1943=CARTESIAN_POINT('',(-262.771987209017,-381.547898220215,-36.6435842182015));
#1944=CARTESIAN_POINT('',(-262.329603513096,-381.547898220215,-37.3759962533376));
#1945=CARTESIAN_POINT('',(-261.368472683416,-381.117114366977,-38.5938961871144));
#1946=CARTESIAN_POINT('',(-260.072276320497,-380.441520910686,-40.0884880189054));
#1947=CARTESIAN_POINT('',(-259.294827091336,-380.196711307632,-41.0975919520558));
#1948=CARTESIAN_POINT('',(-258.906102476756,-380.074306506106,-41.602143918631));
#1949=CARTESIAN_POINT('',(-258.063977723745,-379.875990465599,-42.7421518604088));
#1950=CARTESIAN_POINT('',(-257.320865749863,-379.622131319346,-44.1188379082403));
#1951=CARTESIAN_POINT('',(-257.194842217392,-379.342146743783,-44.9658420782954));
#1952=CARTESIAN_POINT('',(-257.34194241221,-379.109635209941,-45.4658796856205));
#1953=CARTESIAN_POINT('',(-257.738045272052,-378.870526101043,-45.8226585866179));
#1954=CARTESIAN_POINT('',(-258.173038835867,-378.717338663147,-45.9596432589902));
#1955=CARTESIAN_POINT('',(-258.434497668896,-378.644953857393,-46.0015780820846));
#1956=CARTESIAN_POINT('',(-266.223591282053,-381.919446695335,-32.1144465544329));
#1957=CARTESIAN_POINT('',(-266.040931689678,-381.940897889179,-32.220661049236));
#1958=CARTESIAN_POINT('',(-265.709621117652,-382.054643047258,-32.4386614866597));
#1959=CARTESIAN_POINT('',(-265.287389216074,-382.35555762323,-32.8042862101011));
#1960=CARTESIAN_POINT('',(-264.912599389247,-382.704537565734,-33.2304447247011));
#1961=CARTESIAN_POINT('',(-264.454602508607,-383.162152809568,-33.8897202949149));
#1962=CARTESIAN_POINT('',(-263.919962052664,-383.585165899892,-34.9039710950866));
#1963=CARTESIAN_POINT('',(-263.473504097959,-383.714636212163,-35.7680693480459));
#1964=CARTESIAN_POINT('',(-263.230807487002,-383.714636212163,-36.1757589242953));
#1965=CARTESIAN_POINT('',(-262.745414265089,-383.714636212163,-36.9911380767941));
#1966=CARTESIAN_POINT('',(-261.618886752427,-383.196754963079,-38.4270199799497));
#1967=CARTESIAN_POINT('',(-260.033253528085,-382.368452155693,-40.1951707697706));
#1968=CARTESIAN_POINT('',(-259.088754594491,-382.058030597391,-41.3428188089346));
#1969=CARTESIAN_POINT('',(-258.616505127694,-381.90281981824,-41.9166428285166));
#1970=CARTESIAN_POINT('',(-257.596165033388,-381.644263182633,-43.1960771898074));
#1971=CARTESIAN_POINT('',(-256.696875864576,-381.293410578555,-44.6802452846477));
#1972=CARTESIAN_POINT('',(-256.542569409481,-380.901742939766,-45.5317504492018));
#1973=CARTESIAN_POINT('',(-256.695459422715,-380.580033871622,-46.0071584824415));
#1974=CARTESIAN_POINT('',(-257.103026705084,-380.257900903139,-46.3240394909884));
#1975=CARTESIAN_POINT('',(-257.531211443648,-380.074170147781,-46.4418471269245));
#1976=CARTESIAN_POINT('',(-257.7810942099,-379.997887698641,-46.4804489307939));
#1977=CARTESIAN_POINT('',(-266.498109615486,-383.364429842655,-31.7646956731623));
#1978=CARTESIAN_POINT('',(-266.344445353845,-383.384784990098,-31.8546869074028));
#1979=CARTESIAN_POINT('',(-266.077425478928,-383.546404527484,-32.0249076619814));
#1980=CARTESIAN_POINT('',(-265.745635723093,-383.983316890893,-32.3114938270118));
#1981=CARTESIAN_POINT('',(-265.43040013525,-384.446467641456,-32.6898752000749));
#1982=CARTESIAN_POINT('',(-265.022000915018,-385.026114111047,-33.322055664289));
#1983=CARTESIAN_POINT('',(-264.514797333089,-385.5429967383,-34.3615630999633));
#1984=CARTESIAN_POINT('',(-264.05473752926,-385.694369666605,-35.2898069983723));
#1985=CARTESIAN_POINT('',(-263.796680373306,-385.694369666605,-35.7357727610698));
#1986=CARTESIAN_POINT('',(-263.280566061398,-385.694369666605,-36.6277042864647));
#1987=CARTESIAN_POINT('',(-262.024119405265,-385.088877953384,-38.2663178451985));
#1988=CARTESIAN_POINT('',(-260.20499434285,-384.098270889538,-40.2776774035392));
#1989=CARTESIAN_POINT('',(-259.12620162466,-383.713155538912,-41.5423549285411));
#1990=CARTESIAN_POINT('',(-258.586805265565,-383.520597863599,-42.174693691042));
#1991=CARTESIAN_POINT('',(-257.423397453883,-383.190576603621,-43.5688700889597));
#1992=CARTESIAN_POINT('',(-256.396286016777,-382.72837880092,-45.1360045826445));
#1993=CARTESIAN_POINT('',(-256.214097500323,-382.216373949512,-45.9847606637639));
#1994=CARTESIAN_POINT('',(-256.363656088519,-381.793793307693,-46.4266451730388));
#1995=CARTESIAN_POINT('',(-256.765864311172,-381.365181963972,-46.6816403360987));
#1996=CARTESIAN_POINT('',(-257.164003033221,-381.148921593327,-46.7686760964068));
#1997=CARTESIAN_POINT('',(-257.38596407531,-381.076536787573,-46.8018616933974));
#1998=CARTESIAN_POINT('',(-266.655443583813,-384.059746997459,-31.6187633061749));
#1999=CARTESIAN_POINT('',(-266.538485236758,-384.075980061448,-31.6875012255779));
#2000=CARTESIAN_POINT('',(-266.367901508101,-384.353122591387,-31.7838816896027));
#2001=CARTESIAN_POINT('',(-266.100631616602,-384.908390834862,-32.0235478259982));
#2002=CARTESIAN_POINT('',(-265.827614376853,-385.458348946433,-32.3770490192013));
#2003=CARTESIAN_POINT('',(-265.455137967483,-386.121821586767,-32.9984715172811));
#2004=CARTESIAN_POINT('',(-264.972210490002,-386.702669560344,-34.0534903996453));
#2005=CARTESIAN_POINT('',(-264.512264340184,-386.86874399595,-35.0168506789997));
#2006=CARTESIAN_POINT('',(-264.250111038898,-386.86874399595,-35.4840058694713));
#2007=CARTESIAN_POINT('',(-263.725804436324,-386.86874399595,-36.4183162504146));
#2008=CARTESIAN_POINT('',(-262.419749420153,-386.204446253524,-38.1707374186561));
#2009=CARTESIAN_POINT('',(-260.504375906807,-385.098173647865,-40.3076884370651));
#2010=CARTESIAN_POINT('',(-259.370750807057,-384.656198784631,-41.6265286681758));
#2011=CARTESIAN_POINT('',(-258.803938257183,-384.435211353014,-42.2859487837311));
#2012=CARTESIAN_POINT('',(-257.582343985896,-384.048817209577,-43.7299713757949));
#2013=CARTESIAN_POINT('',(-256.494610892039,-383.504545160026,-45.331799425676));
#2014=CARTESIAN_POINT('',(-256.283489868565,-382.912221196381,-46.1816480959128));
#2015=CARTESIAN_POINT('',(-256.41363060547,-382.418925397861,-46.609336178324));
#2016=CARTESIAN_POINT('',(-256.791201625591,-381.90597710977,-46.8334343050363));
#2017=CARTESIAN_POINT('',(-257.124586774787,-381.627246034472,-46.8734980030504));
#2018=CARTESIAN_POINT('',(-257.297524999022,-381.569525735821,-46.8989894973718));
#2019=CARTESIAN_POINT('',(-266.69865820535,-384.243972194331,-31.5826092024184));
#2020=CARTESIAN_POINT('',(-266.662118074331,-384.345956229693,-31.5986043112575));
#2021=CARTESIAN_POINT('',(-266.529989250551,-384.707238501218,-31.6690311479609));
#2022=CARTESIAN_POINT('',(-266.292233057837,-385.327831441493,-31.8922896457456));
#2023=CARTESIAN_POINT('',(-266.039443360924,-385.923072258536,-32.2379901104513));
#2024=CARTESIAN_POINT('',(-265.685300932132,-386.628184328915,-32.8574392473214));
#2025=CARTESIAN_POINT('',(-265.216121033239,-387.240920903681,-33.920077690841));
#2026=CARTESIAN_POINT('',(-264.759228608955,-387.414374596732,-34.8981407256993));
#2027=CARTESIAN_POINT('',(-264.497075307668,-387.414374596732,-35.374261177168));
#2028=CARTESIAN_POINT('',(-263.972768705095,-387.414374596732,-36.3265020801052));
#2029=CARTESIAN_POINT('',(-262.654498786792,-386.720559824529,-38.1276953582953));
#2030=CARTESIAN_POINT('',(-260.711383264646,-385.55432224677,-40.3142266121843));
#2031=CARTESIAN_POINT('',(-259.56223105823,-385.081899441215,-41.6518054908204));
#2032=CARTESIAN_POINT('',(-258.987654955021,-384.845688038438,-42.3205949301385));
#2033=CARTESIAN_POINT('',(-257.749705525934,-384.428613224545,-43.7803304346205));
#2034=CARTESIAN_POINT('',(-256.639232376987,-383.841773951151,-45.393282515777));
#2035=CARTESIAN_POINT('',(-256.408406056732,-383.210685637708,-46.2463484825985));
#2036=CARTESIAN_POINT('',(-256.521759624601,-382.682244213607,-46.6724969711141));
#2037=CARTESIAN_POINT('',(-256.879283709139,-382.124360858834,-46.8899913354804));
#2038=CARTESIAN_POINT('',(-257.190734628516,-381.792597655231,-46.9177190117106));
#2039=CARTESIAN_POINT('',(-257.287117996894,-381.69706500259,-46.9202727799707));
#2040=CARTESIAN_POINT('',(-288.745045128991,-356.302934997409,-46.9202727799707));
#2041=CARTESIAN_POINT('',(-288.668490273133,-356.265122643419,-46.943210506032));
#2042=CARTESIAN_POINT('',(-288.337224354101,-356.149587790633,-47.0098181220318));
#2043=CARTESIAN_POINT('',(-287.395730343831,-356.024279137331,-47.0021352148328));
#2044=CARTESIAN_POINT('',(-285.986805709502,-355.987306442787,-46.8588563395764));
#2045=CARTESIAN_POINT('',(-283.479450820039,-356.053572181982,-46.5020395085108));
#2046=CARTESIAN_POINT('',(-279.155876104519,-356.348924453777,-45.7733396496093));
#2047=CARTESIAN_POINT('',(-273.016081562942,-356.611143855975,-45.2230482062406));
#2048=CARTESIAN_POINT('',(-266.876287021366,-356.348924453777,-45.7733396496093));
#2049=CARTESIAN_POINT('',(-262.552712305846,-356.053572181982,-46.5020395085108));
#2050=CARTESIAN_POINT('',(-260.045357416383,-355.987306442787,-46.8588563395763));
#2051=CARTESIAN_POINT('',(-258.636432782053,-356.024279137331,-47.0021352148328));
#2052=CARTESIAN_POINT('',(-257.694938771784,-356.149587790633,-47.0098181220318));
#2053=CARTESIAN_POINT('',(-257.363672852752,-356.265122643419,-46.943210506032));
#2054=CARTESIAN_POINT('',(-257.287117996894,-356.302934997409,-46.9202727799707));
#2055=CARTESIAN_POINT('',(-288.841428497368,-356.207402344768,-46.9177190117106));
#2056=CARTESIAN_POINT('',(-288.775280643639,-356.042050724009,-46.9619400203707));
#2057=CARTESIAN_POINT('',(-288.471103312642,-355.858819235815,-47.0331895554854));
#2058=CARTESIAN_POINT('',(-287.536818169371,-355.684834689894,-47.027133390805));
#2059=CARTESIAN_POINT('',(-286.120684668043,-355.617084465507,-46.8833786513731));
#2060=CARTESIAN_POINT('',(-283.589986780681,-355.658461334994,-46.5242783373285));
#2061=CARTESIAN_POINT('',(-279.221785745647,-355.938511000531,-45.7917969011438));
#2062=CARTESIAN_POINT('',(-273.016081562942,-356.197872231325,-45.2388656219814));
#2063=CARTESIAN_POINT('',(-266.810377380238,-355.938511000531,-45.7917969011438));
#2064=CARTESIAN_POINT('',(-262.442176345204,-355.658461334994,-46.5242783373285));
#2065=CARTESIAN_POINT('',(-259.911478457842,-355.617084465507,-46.8833786513731));
#2066=CARTESIAN_POINT('',(-258.495344956514,-355.684834689895,-47.027133390805));
#2067=CARTESIAN_POINT('',(-257.561059813243,-355.858819235815,-47.0331895554853));
#2068=CARTESIAN_POINT('',(-257.256882482245,-356.042050724008,-46.9619400203708));
#2069=CARTESIAN_POINT('',(-257.190734628516,-356.207402344768,-46.9177190117105));
#2070=CARTESIAN_POINT('',(-289.152879416746,-355.875639141165,-46.8899913354804));
#2071=CARTESIAN_POINT('',(-289.064797333198,-355.657255392101,-46.9465483659246));
#2072=CARTESIAN_POINT('',(-288.737806313426,-355.32451554164,-47.0209825187636));
#2073=CARTESIAN_POINT('',(-287.775145101341,-355.05303028284,-47.0052266755088));
#2074=CARTESIAN_POINT('',(-286.320615082428,-354.924711114815,-46.8506964113753));
#2075=CARTESIAN_POINT('',(-283.733181758802,-354.916887844227,-46.4798295234461));
#2076=CARTESIAN_POINT('',(-279.298337252307,-355.161452104483,-45.7450824566643));
#2077=CARTESIAN_POINT('',(-273.016081562942,-355.409928000033,-45.1957688338471));
#2078=CARTESIAN_POINT('',(-266.733825873577,-355.161452104483,-45.7450824566643));
#2079=CARTESIAN_POINT('',(-262.298981367082,-354.916887844227,-46.4798295234461));
#2080=CARTESIAN_POINT('',(-259.711548043456,-354.924711114815,-46.8506964113754));
#2081=CARTESIAN_POINT('',(-258.257018024543,-355.05303028284,-47.0052266755088));
#2082=CARTESIAN_POINT('',(-257.294356812458,-355.32451554164,-47.0209825187635));
#2083=CARTESIAN_POINT('',(-256.967365792687,-355.657255392101,-46.9465483659246));
#2084=CARTESIAN_POINT('',(-256.879283709139,-355.875639141165,-46.8899913354804));
#2085=CARTESIAN_POINT('',(-289.510403501283,-355.317755786392,-46.6724969711141));
#2086=CARTESIAN_POINT('',(-289.402274482151,-355.054436970646,-46.7356577639041));
#2087=CARTESIAN_POINT('',(-289.019732922574,-354.626293797828,-46.8056099297792));
#2088=CARTESIAN_POINT('',(-287.956540872536,-354.225849144528,-46.7578956266442));
#2089=CARTESIAN_POINT('',(-286.4134399651,-354.013461327058,-46.5740044787293));
#2090=CARTESIAN_POINT('',(-283.737227402152,-353.930650341548,-46.1780420538366));
#2091=CARTESIAN_POINT('',(-279.2714412681,-354.108392411775,-45.4581277808979));
#2092=CARTESIAN_POINT('',(-273.016081562942,-354.327539974759,-44.9361947204055));
#2093=CARTESIAN_POINT('',(-266.760721857785,-354.108392411775,-45.4581277808979));
#2094=CARTESIAN_POINT('',(-262.294935723732,-353.930650341547,-46.1780420538366));
#2095=CARTESIAN_POINT('',(-259.618723160785,-354.013461327058,-46.5740044787292));
#2096=CARTESIAN_POINT('',(-258.075622253348,-354.225849144528,-46.7578956266442));
#2097=CARTESIAN_POINT('',(-257.012430203311,-354.626293797828,-46.8056099297792));
#2098=CARTESIAN_POINT('',(-256.629888643733,-355.054436970646,-46.7356577639041));
#2099=CARTESIAN_POINT('',(-256.521759624601,-355.317755786392,-46.6724969711141));
#2100=CARTESIAN_POINT('',(-289.623757069152,-354.789314362292,-46.2463484825985));
#2101=CARTESIAN_POINT('',(-289.498840880984,-354.490849920965,-46.3110488692842));
#2102=CARTESIAN_POINT('',(-289.068568496554,-353.992839402527,-46.372962983878));
#2103=CARTESIAN_POINT('',(-287.917293547534,-353.498465487294,-46.2973318276601));
#2104=CARTESIAN_POINT('',(-286.295605878047,-353.21262020426,-46.0871559915579));
#2105=CARTESIAN_POINT('',(-283.553410227319,-353.050713696183,-45.6728055012084));
#2106=CARTESIAN_POINT('',(-279.126902122284,-353.149085990466,-44.9882939296822));
#2107=CARTESIAN_POINT('',(-273.016081562942,-353.328411538788,-44.5109576033308));
#2108=CARTESIAN_POINT('',(-266.9052610036,-353.149085990466,-44.9882939296823));
#2109=CARTESIAN_POINT('',(-262.478752898565,-353.050713696183,-45.6728055012084));
#2110=CARTESIAN_POINT('',(-259.736557247838,-353.21262020426,-46.0871559915579));
#2111=CARTESIAN_POINT('',(-258.114869578351,-353.498465487294,-46.2973318276601));
#2112=CARTESIAN_POINT('',(-256.96359462933,-353.992839402527,-46.372962983878));
#2113=CARTESIAN_POINT('',(-256.5333222449,-354.490849920965,-46.3110488692842));
#2114=CARTESIAN_POINT('',(-256.408406056732,-354.789314362292,-46.2463484825985));
#2115=CARTESIAN_POINT('',(-289.392930748898,-354.158226048849,-45.393282515777));
#2116=CARTESIAN_POINT('',(-289.24830926395,-353.820997257724,-45.4547656058781));
#2117=CARTESIAN_POINT('',(-288.768148199422,-353.248248452331,-45.5049031232508));
#2118=CARTESIAN_POINT('',(-287.536009487176,-352.650283358524,-45.4069503067109));
#2119=CARTESIAN_POINT('',(-285.852830827922,-352.269508162713,-45.1811652934616));
#2120=CARTESIAN_POINT('',(-283.088348910832,-351.992770143911,-44.770111541369));
#2121=CARTESIAN_POINT('',(-278.809432489172,-351.969981283967,-44.1633483389263));
#2122=CARTESIAN_POINT('',(-273.016081562942,-352.085561433424,-43.76211201253));
#2123=CARTESIAN_POINT('',(-267.222730636713,-351.969981283967,-44.1633483389263));
#2124=CARTESIAN_POINT('',(-262.943814215053,-351.992770143911,-44.7701115413689));
#2125=CARTESIAN_POINT('',(-260.179332297963,-352.269508162713,-45.1811652934616));
#2126=CARTESIAN_POINT('',(-258.496153638708,-352.650283358524,-45.4069503067109));
#2127=CARTESIAN_POINT('',(-257.264014926463,-353.248248452331,-45.5049031232508));
#2128=CARTESIAN_POINT('',(-256.783853861935,-353.820997257724,-45.4547656058781));
#2129=CARTESIAN_POINT('',(-256.639232376987,-354.158226048849,-45.393282515777));
#2130=CARTESIAN_POINT('',(-288.282457599951,-353.571386775455,-43.7803304346205));
#2131=CARTESIAN_POINT('',(-288.115096059913,-353.191590760487,-43.830689493446));
#2132=CARTESIAN_POINT('',(-287.604596431773,-352.530647306572,-43.871024441913));
#2133=CARTESIAN_POINT('',(-286.377433550894,-351.79679729815,-43.7909435721842));
#2134=CARTESIAN_POINT('',(-284.754773436872,-351.282131906564,-43.6108456251495));
#2135=CARTESIAN_POINT('',(-282.151785248016,-350.836983466085,-43.2914472128595));
#2136=CARTESIAN_POINT('',(-278.238887956706,-350.636606679517,-42.8449875798481));
#2137=CARTESIAN_POINT('',(-273.016081562942,-350.658804113189,-42.5582271529816));
#2138=CARTESIAN_POINT('',(-267.793275169178,-350.636606679517,-42.8449875798481));
#2139=CARTESIAN_POINT('',(-263.880377877869,-350.836983466085,-43.2914472128595));
#2140=CARTESIAN_POINT('',(-261.277389689012,-351.282131906565,-43.6108456251495));
#2141=CARTESIAN_POINT('',(-259.65472957499,-351.79679729815,-43.7909435721842));
#2142=CARTESIAN_POINT('',(-258.427566694112,-352.530647306572,-43.871024441913));
#2143=CARTESIAN_POINT('',(-257.917067065972,-353.191590760487,-43.830689493446));
#2144=CARTESIAN_POINT('',(-257.749705525934,-353.571386775455,-43.7803304346205));
#2145=CARTESIAN_POINT('',(-287.044508170863,-353.154311961562,-42.3205949301385));
#2146=CARTESIAN_POINT('',(-286.860791473025,-352.743835276138,-42.3552410765459));
#2147=CARTESIAN_POINT('',(-286.343057673288,-352.016542023856,-42.3825705694862));
#2148=CARTESIAN_POINT('',(-285.171918413028,-351.174819601467,-42.3259004329536));
#2149=CARTESIAN_POINT('',(-283.662603243634,-350.550551735445,-42.199789944158));
#2150=CARTESIAN_POINT('',(-281.274432007627,-349.96578345635,-41.9766875209866));
#2151=CARTESIAN_POINT('',(-277.725591447397,-349.619645000065,-41.6653287297656));
#2152=CARTESIAN_POINT('',(-273.016081562942,-349.565890683328,-41.4655211501302));
#2153=CARTESIAN_POINT('',(-268.306571678488,-349.619645000065,-41.6653287297656));
#2154=CARTESIAN_POINT('',(-264.757731118257,-349.96578345635,-41.9766875209866));
#2155=CARTESIAN_POINT('',(-262.369559882251,-350.550551735445,-42.1997899441579));
#2156=CARTESIAN_POINT('',(-260.860244712857,-351.174819601467,-42.3259004329535));
#2157=CARTESIAN_POINT('',(-259.689105452597,-352.016542023856,-42.3825705694862));
#2158=CARTESIAN_POINT('',(-259.17137165286,-352.743835276138,-42.3552410765459));
#2159=CARTESIAN_POINT('',(-258.987654955021,-353.154311961562,-42.3205949301385));
#2160=CARTESIAN_POINT('',(-286.469932067655,-352.918100558785,-41.6518054908204));
#2161=CARTESIAN_POINT('',(-286.278451816483,-352.4923999022,-41.677082313465));
#2162=CARTESIAN_POINT('',(-285.757079994192,-351.732640521581,-41.6940158644088));
#2163=CARTESIAN_POINT('',(-284.611692545896,-350.839105235445,-41.6414012764243));
#2164=CARTESIAN_POINT('',(-283.15487962772,-350.162851721242,-41.5336171426757));
#2165=CARTESIAN_POINT('',(-280.866434103619,-349.512460047742,-41.3468060615069));
#2166=CARTESIAN_POINT('',(-277.486834748693,-349.098564821414,-41.0895951888167));
#2167=CARTESIAN_POINT('',(-273.016081562942,-349.009865431836,-40.9257898567108));
#2168=CARTESIAN_POINT('',(-268.545328377191,-349.098564821414,-41.0895951888167));
#2169=CARTESIAN_POINT('',(-265.165729022265,-349.512460047742,-41.346806061507));
#2170=CARTESIAN_POINT('',(-262.877283498164,-350.162851721242,-41.5336171426757));
#2171=CARTESIAN_POINT('',(-261.420470579988,-350.839105235445,-41.6414012764243));
#2172=CARTESIAN_POINT('',(-260.275083131692,-351.732640521581,-41.6940158644088));
#2173=CARTESIAN_POINT('',(-259.753711309402,-352.4923999022,-41.677082313465));
#2174=CARTESIAN_POINT('',(-259.56223105823,-352.918100558785,-41.6518054908204));
#2175=CARTESIAN_POINT('',(-285.320779861239,-352.44567775323,-40.3142266121843));
#2176=CARTESIAN_POINT('',(-285.1137725034,-351.989529154324,-40.3207647873034));
#2177=CARTESIAN_POINT('',(-284.585124636001,-351.16483751703,-40.3169064542542));
#2178=CARTESIAN_POINT('',(-283.491240811633,-350.167676503399,-40.2724029633657));
#2179=CARTESIAN_POINT('',(-282.139432395893,-349.387451692836,-40.2012715397111));
#2180=CARTESIAN_POINT('',(-280.050438295604,-348.605813230525,-40.0870431425476));
#2181=CARTESIAN_POINT('',(-277.009321351287,-348.05640446411,-39.938128106919));
#2182=CARTESIAN_POINT('',(-273.016081562942,-347.897814928851,-39.8463272698721));
#2183=CARTESIAN_POINT('',(-269.022841774598,-348.05640446411,-39.938128106919));
#2184=CARTESIAN_POINT('',(-265.981724830281,-348.605813230525,-40.0870431425476));
#2185=CARTESIAN_POINT('',(-263.892730729991,-349.387451692836,-40.2012715397111));
#2186=CARTESIAN_POINT('',(-262.540922314251,-350.167676503399,-40.2724029633657));
#2187=CARTESIAN_POINT('',(-261.447038489884,-351.164837517031,-40.3169064542542));
#2188=CARTESIAN_POINT('',(-260.918390622485,-351.989529154324,-40.3207647873034));
#2189=CARTESIAN_POINT('',(-260.711383264646,-352.44567775323,-40.3142266121843));
#2190=CARTESIAN_POINT('',(-283.377664339093,-351.279440175471,-38.1276953582953));
#2191=CARTESIAN_POINT('',(-283.142914972455,-350.763326604467,-38.0846532979344));
#2192=CARTESIAN_POINT('',(-282.59954752079,-349.81444062059,-38.0080654830334));
#2193=CARTESIAN_POINT('',(-281.590590957525,-348.627014897854,-37.9185856419373));
#2194=CARTESIAN_POINT('',(-280.415429777886,-347.661372206878,-37.8514206458899));
#2195=CARTESIAN_POINT('',(-278.663876409065,-346.650732366168,-37.7875043962827));
#2196=CARTESIAN_POINT('',(-276.197427004084,-345.871289038098,-37.747961015862));
#2197=CARTESIAN_POINT('',(-273.016081562942,-345.597165630382,-37.7403757602449));
#2198=CARTESIAN_POINT('',(-269.834736121801,-345.871289038098,-37.747961015862));
#2199=CARTESIAN_POINT('',(-267.36828671682,-346.650732366168,-37.7875043962827));
#2200=CARTESIAN_POINT('',(-265.616733347998,-347.661372206878,-37.8514206458899));
#2201=CARTESIAN_POINT('',(-264.44157216836,-348.627014897854,-37.9185856419374));
#2202=CARTESIAN_POINT('',(-263.432615605095,-349.81444062059,-38.0080654830334));
#2203=CARTESIAN_POINT('',(-262.88924815343,-350.763326604467,-38.0846532979344));
#2204=CARTESIAN_POINT('',(-262.654498786792,-351.279440175471,-38.1276953582953));
#2205=CARTESIAN_POINT('',(-282.05939442079,-350.585625403267,-36.3265020801052));
#2206=CARTESIAN_POINT('',(-281.812430152019,-350.039994802485,-36.2346879097958));
#2207=CARTESIAN_POINT('',(-281.269811451863,-349.031846728701,-36.0768192646084));
#2208=CARTESIAN_POINT('',(-280.328071724764,-347.757782024354,-35.9065831900145));
#2209=CARTESIAN_POINT('',(-279.276779131782,-346.710692749325,-35.7922018155008));
#2210=CARTESIAN_POINT('',(-277.753330267936,-345.602298319027,-35.6998833254465));
#2211=CARTESIAN_POINT('',(-275.666431078323,-344.728333969388,-35.6705609975436));
#2212=CARTESIAN_POINT('',(-273.016081562942,-344.408566834898,-35.687397914668));
#2213=CARTESIAN_POINT('',(-270.365732047562,-344.728333969388,-35.6705609975436));
#2214=CARTESIAN_POINT('',(-268.278832857948,-345.602298319027,-35.6998833254465));
#2215=CARTESIAN_POINT('',(-266.755383994102,-346.710692749325,-35.7922018155008));
#2216=CARTESIAN_POINT('',(-265.70409140112,-347.757782024354,-35.9065831900145));
#2217=CARTESIAN_POINT('',(-264.762351674022,-349.031846728701,-36.0768192646084));
#2218=CARTESIAN_POINT('',(-264.219732973866,-350.039994802485,-36.2346879097958));
#2219=CARTESIAN_POINT('',(-263.972768705095,-350.585625403267,-36.3265020801052));
#2220=CARTESIAN_POINT('',(-281.535087818216,-350.585625403267,-35.374261177168));
#2221=CARTESIAN_POINT('',(-281.288123549446,-350.039994802485,-35.2645164848646));
#2222=CARTESIAN_POINT('',(-280.753697139954,-349.031846728701,-35.0773046072495));
#2223=CARTESIAN_POINT('',(-279.84575061185,-347.757782024354,-34.8793997464616));
#2224=CARTESIAN_POINT('',(-278.846683871859,-346.710692749325,-34.7504882759682));
#2225=CARTESIAN_POINT('',(-277.41335020533,-345.602298319027,-34.6520380819157));
#2226=CARTESIAN_POINT('',(-275.469816102358,-344.728333969388,-34.6318609883844));
#2227=CARTESIAN_POINT('',(-273.016081562942,-344.408566834898,-34.6609089918795));
#2228=CARTESIAN_POINT('',(-270.562347023527,-344.728333969388,-34.6318609883844));
#2229=CARTESIAN_POINT('',(-268.618812920555,-345.602298319027,-34.6520380819156));
#2230=CARTESIAN_POINT('',(-267.185479254026,-346.710692749325,-34.7504882759682));
#2231=CARTESIAN_POINT('',(-266.186412514035,-347.757782024354,-34.8793997464616));
#2232=CARTESIAN_POINT('',(-265.27846598593,-349.031846728701,-35.0773046072495));
#2233=CARTESIAN_POINT('',(-264.744039576439,-350.039994802485,-35.2645164848646));
#2234=CARTESIAN_POINT('',(-264.497075307668,-350.585625403267,-35.374261177168));
#2235=CARTESIAN_POINT('',(-281.27293451693,-350.585625403267,-34.8981407256993));
#2236=CARTESIAN_POINT('',(-281.025970248159,-350.039994802485,-34.779430772399));
#2237=CARTESIAN_POINT('',(-280.495639984,-349.031846728701,-34.57754727857));
#2238=CARTESIAN_POINT('',(-279.604590055393,-347.757782024354,-34.3658080246852));
#2239=CARTESIAN_POINT('',(-278.631636241897,-346.710692749325,-34.2296315062019));
#2240=CARTESIAN_POINT('',(-277.243360174027,-345.602298319027,-34.1281154601503));
#2241=CARTESIAN_POINT('',(-275.371508614375,-344.728333969388,-34.1125109838049));
#2242=CARTESIAN_POINT('',(-273.016081562942,-344.408566834898,-34.1476645304853));
#2243=CARTESIAN_POINT('',(-270.660654511509,-344.728333969388,-34.1125109838049));
#2244=CARTESIAN_POINT('',(-268.788802951858,-345.602298319027,-34.1281154601502));
#2245=CARTESIAN_POINT('',(-267.400526883987,-346.710692749325,-34.2296315062019));
#2246=CARTESIAN_POINT('',(-266.427573070492,-347.757782024354,-34.3658080246852));
#2247=CARTESIAN_POINT('',(-265.536523141884,-349.031846728701,-34.57754727857));
#2248=CARTESIAN_POINT('',(-265.006192877726,-350.039994802485,-34.779430772399));
#2249=CARTESIAN_POINT('',(-264.759228608955,-350.585625403267,-34.8981407256993));
#2250=CARTESIAN_POINT('',(-280.816042092645,-350.759079096318,-33.920077690841));
#2251=CARTESIAN_POINT('',(-280.572131549408,-350.22082775298,-33.7866649820368));
#2252=CARTESIAN_POINT('',(-280.05390253337,-349.227495201673,-33.5610868471379));
#2253=CARTESIAN_POINT('',(-279.196738194212,-347.975090242729,-33.3280334723365));
#2254=CARTESIAN_POINT('',(-278.271156013538,-346.948362613713,-33.1818659045003));
#2255=CARTESIAN_POINT('',(-276.9610266154,-345.864406830813,-33.0782528625631));
#2256=CARTESIAN_POINT('',(-275.209335131868,-345.014072736565,-33.0738109746457));
#2257=CARTESIAN_POINT('',(-273.016081562942,-344.705716533769,-33.1211756076968));
#2258=CARTESIAN_POINT('',(-270.822827994017,-345.014072736565,-33.0738109746457));
#2259=CARTESIAN_POINT('',(-269.071136510485,-345.864406830813,-33.0782528625631));
#2260=CARTESIAN_POINT('',(-267.761007112347,-346.948362613713,-33.1818659045003));
#2261=CARTESIAN_POINT('',(-266.835424931673,-347.975090242729,-33.3280334723365));
#2262=CARTESIAN_POINT('',(-265.978260592515,-349.227495201673,-33.5610868471379));
#2263=CARTESIAN_POINT('',(-265.460031576477,-350.22082775298,-33.7866649820368));
#2264=CARTESIAN_POINT('',(-265.216121033239,-350.759079096318,-33.920077690841));
#2265=CARTESIAN_POINT('',(-280.346862193753,-351.371815671084,-32.8574392473214));
#2266=CARTESIAN_POINT('',(-280.116699229104,-350.865452928936,-32.7164069773617));
#2267=CARTESIAN_POINT('',(-279.629184422975,-349.935709436064,-32.4758620445307));
#2268=CARTESIAN_POINT('',(-278.825497953316,-348.774473657311,-32.2229676042559));
#2269=CARTESIAN_POINT('',(-277.958549593223,-347.831050825397,-32.0613602606589));
#2270=CARTESIAN_POINT('',(-276.730472419227,-346.842815627006,-31.9454187817083));
#2271=CARTESIAN_POINT('',(-275.0829830758,-346.07422142753,-31.9455303632458));
#2272=CARTESIAN_POINT('',(-273.016081562942,-345.799744827249,-32.0036126842585));
#2273=CARTESIAN_POINT('',(-270.949180050085,-346.07422142753,-31.9455303632458));
#2274=CARTESIAN_POINT('',(-269.301690706658,-346.842815627006,-31.9454187817083));
#2275=CARTESIAN_POINT('',(-268.073613532662,-347.831050825397,-32.0613602606589));
#2276=CARTESIAN_POINT('',(-267.206665172569,-348.774473657311,-32.2229676042559));
#2277=CARTESIAN_POINT('',(-266.40297870291,-349.935709436064,-32.4758620445307));
#2278=CARTESIAN_POINT('',(-265.91546389678,-350.865452928936,-32.7164069773617));
#2279=CARTESIAN_POINT('',(-265.685300932132,-351.371815671084,-32.8574392473214));
#2280=CARTESIAN_POINT('',(-279.992719764961,-352.076927741464,-32.2379901104513));
#2281=CARTESIAN_POINT('',(-279.780890780891,-351.612204429361,-32.0989312017012));
#2282=CARTESIAN_POINT('',(-279.330789086214,-350.765192485928,-31.8555217475745));
#2283=CARTESIAN_POINT('',(-278.583091385697,-349.72131583135,-31.5853843598114));
#2284=CARTESIAN_POINT('',(-277.769634547784,-348.883417655598,-31.4010754687821));
#2285=CARTESIAN_POINT('',(-276.606394608852,-348.013307684038,-31.2575705474639));
#2286=CARTESIAN_POINT('',(-275.021876947238,-347.337302507927,-31.2470191541848));
#2287=CARTESIAN_POINT('',(-273.016081562942,-347.096352317597,-31.3082202215648));
#2288=CARTESIAN_POINT('',(-271.010286178647,-347.337302507927,-31.2470191541848));
#2289=CARTESIAN_POINT('',(-269.425768517033,-348.013307684038,-31.2575705474639));
#2290=CARTESIAN_POINT('',(-268.262528578101,-348.883417655599,-31.4010754687821));
#2291=CARTESIAN_POINT('',(-267.449071740188,-349.72131583135,-31.5853843598114));
#2292=CARTESIAN_POINT('',(-266.701374039671,-350.765192485928,-31.8555217475745));
#2293=CARTESIAN_POINT('',(-266.251272344994,-351.612204429361,-32.0989312017012));
#2294=CARTESIAN_POINT('',(-266.039443360924,-352.076927741464,-32.2379901104513));
#2295=CARTESIAN_POINT('',(-279.739930068047,-352.672168558506,-31.8922896457456));
#2296=CARTESIAN_POINT('',(-279.548328626813,-352.252727951876,-31.761031465493));
#2297=CARTESIAN_POINT('',(-279.136918755383,-351.500039469322,-31.5239447454961));
#2298=CARTESIAN_POINT('',(-278.439481906885,-350.588544288282,-31.2449624143489));
#2299=CARTESIAN_POINT('',(-277.666021942561,-349.853546000699,-31.0429866593723));
#2300=CARTESIAN_POINT('',(-276.544554395015,-349.087394904729,-30.8747129183053));
#2301=CARTESIAN_POINT('',(-274.994574268476,-348.490388629145,-30.8507065474259));
#2302=CARTESIAN_POINT('',(-273.016081562942,-348.276457901547,-30.91083704708));
#2303=CARTESIAN_POINT('',(-271.037588857409,-348.490388629145,-30.8507065474259));
#2304=CARTESIAN_POINT('',(-269.48760873087,-349.087394904729,-30.8747129183053));
#2305=CARTESIAN_POINT('',(-268.366141183324,-349.8535460007,-31.0429866593724));
#2306=CARTESIAN_POINT('',(-267.592681219,-350.588544288282,-31.2449624143489));
#2307=CARTESIAN_POINT('',(-266.895244370502,-351.500039469322,-31.5239447454962));
#2308=CARTESIAN_POINT('',(-266.483834499072,-352.252727951876,-31.761031465493));
#2309=CARTESIAN_POINT('',(-266.292233057837,-352.672168558506,-31.8922896457456));
#2310=CARTESIAN_POINT('',(-279.502173875333,-353.292761498782,-31.6690311479609));
#2311=CARTESIAN_POINT('',(-279.340086132882,-352.938645588951,-31.5541806063192));
#2312=CARTESIAN_POINT('',(-278.982211192252,-352.328900013531,-31.3358044121307));
#2313=CARTESIAN_POINT('',(-278.34497050933,-351.616298676832,-31.0568367196181));
#2314=CARTESIAN_POINT('',(-277.60797164964,-351.012272660272,-30.8410875573601));
#2315=CARTESIAN_POINT('',(-276.514967695786,-350.360035971217,-30.6487028669764));
#2316=CARTESIAN_POINT('',(-274.984337666886,-349.847544308391,-30.6074789007112));
#2317=CARTESIAN_POINT('',(-273.016081562942,-349.661170990093,-30.6624472796378));
#2318=CARTESIAN_POINT('',(-271.047825458998,-349.847544308391,-30.6074789007112));
#2319=CARTESIAN_POINT('',(-269.517195430099,-350.360035971217,-30.6487028669764));
#2320=CARTESIAN_POINT('',(-268.424191476245,-351.012272660272,-30.8410875573601));
#2321=CARTESIAN_POINT('',(-267.687192616554,-351.616298676832,-31.0568367196181));
#2322=CARTESIAN_POINT('',(-267.049951933632,-352.328900013531,-31.3358044121307));
#2323=CARTESIAN_POINT('',(-266.692076993002,-352.938645588951,-31.5541806063192));
#2324=CARTESIAN_POINT('',(-266.529989250551,-353.292761498782,-31.6690311479609));
#2325=CARTESIAN_POINT('',(-279.370045051554,-353.654043770307,-31.5986043112576));
#2326=CARTESIAN_POINT('',(-279.24641221398,-353.384067602062,-31.5097073969372));
#2327=CARTESIAN_POINT('',(-278.945592613302,-352.995326845676,-31.321856386529));
#2328=CARTESIAN_POINT('',(-278.330526776542,-352.426686173483,-31.044974795222));
#2329=CARTESIAN_POINT('',(-277.604638751527,-351.915652704316,-30.8233245762168));
#2330=CARTESIAN_POINT('',(-276.517435819812,-351.342389691326,-30.6184739055136));
#2331=CARTESIAN_POINT('',(-274.987916756951,-350.887223964645,-30.5643932162691));
#2332=CARTESIAN_POINT('',(-273.016081562942,-350.718689744459,-30.6127378623761));
#2333=CARTESIAN_POINT('',(-271.044246368934,-350.887223964645,-30.5643932162691));
#2334=CARTESIAN_POINT('',(-269.514727306072,-351.342389691326,-30.6184739055136));
#2335=CARTESIAN_POINT('',(-268.427524374358,-351.915652704316,-30.8233245762168));
#2336=CARTESIAN_POINT('',(-267.701636349343,-352.426686173483,-31.044974795222));
#2337=CARTESIAN_POINT('',(-267.086570512582,-352.995326845676,-31.321856386529));
#2338=CARTESIAN_POINT('',(-266.785750911904,-353.384067602062,-31.5097073969372));
#2339=CARTESIAN_POINT('',(-266.662118074331,-353.654043770307,-31.5986043112575));
#2340=CARTESIAN_POINT('',(-279.333504920535,-353.756027805668,-31.5826092024184));
#2341=CARTESIAN_POINT('',(-279.253086704499,-353.670276834296,-31.5298663918545));
#2342=CARTESIAN_POINT('',(-278.954016094112,-353.36979790295,-31.3467156939303));
#2343=CARTESIAN_POINT('',(-278.339403829395,-352.867734552014,-31.0704387272808));
#2344=CARTESIAN_POINT('',(-277.613062232337,-352.40135747609,-30.8468296778446));
#2345=CARTESIAN_POINT('',(-276.524390591148,-351.867437414973,-30.6374403648555));
#2346=CARTESIAN_POINT('',(-274.99206370135,-351.440506801479,-30.5768692540578));
#2347=CARTESIAN_POINT('',(-273.016081562942,-351.280536218544,-30.6209927997547));
#2348=CARTESIAN_POINT('',(-271.040099424535,-351.440506801479,-30.5768692540578));
#2349=CARTESIAN_POINT('',(-269.507772534737,-351.867437414973,-30.6374403648555));
#2350=CARTESIAN_POINT('',(-268.419100893548,-352.40135747609,-30.8468296778446));
#2351=CARTESIAN_POINT('',(-267.692759296489,-352.867734552014,-31.0704387272808));
#2352=CARTESIAN_POINT('',(-267.078147031772,-353.369797902949,-31.3467156939303));
#2353=CARTESIAN_POINT('',(-266.779076421386,-353.670276834296,-31.5298663918545));
#2354=CARTESIAN_POINT('',(-266.69865820535,-353.756027805668,-31.5826092024184));
#2355=CARTESIAN_POINT('',(-257.287117996894,-356.302934997409,-46.9202727799707));
#2356=CARTESIAN_POINT('',(-257.363672852752,-356.265122643419,-46.943210506032));
#2357=CARTESIAN_POINT('',(-257.694938771784,-356.149587790633,-47.0098181220318));
#2358=CARTESIAN_POINT('',(-258.636432782053,-356.024279137331,-47.0021352148328));
#2359=CARTESIAN_POINT('',(-260.045357416383,-355.987306442787,-46.8588563395764));
#2360=CARTESIAN_POINT('',(-262.552712305846,-356.053572181982,-46.5020395085108));
#2361=CARTESIAN_POINT('',(-266.876287021366,-356.348924453777,-45.7733396496093));
#2362=CARTESIAN_POINT('',(-273.016081562942,-356.611143855975,-45.2230482062406));
#2363=CARTESIAN_POINT('',(-279.155876104519,-356.348924453777,-45.7733396496093));
#2364=CARTESIAN_POINT('',(-283.479450820039,-356.053572181982,-46.5020395085108));
#2365=CARTESIAN_POINT('',(-285.986805709502,-355.987306442787,-46.8588563395763));
#2366=CARTESIAN_POINT('',(-287.395730343831,-356.024279137331,-47.0021352148328));
#2367=CARTESIAN_POINT('',(-288.337224354101,-356.149587790633,-47.0098181220318));
#2368=CARTESIAN_POINT('',(-288.668490273133,-356.265122643419,-46.943210506032));
#2369=CARTESIAN_POINT('',(-288.745045128991,-356.302934997409,-46.9202727799707));
#2370=CARTESIAN_POINT('',(-257.297524999022,-356.430474264179,-46.8989894973718));
#2371=CARTESIAN_POINT('',(-257.470463223258,-356.48819456283,-46.9244809916933));
#2372=CARTESIAN_POINT('',(-257.828817730325,-356.440356345452,-46.9864466885782));
#2373=CARTESIAN_POINT('',(-258.777520607593,-356.363723584768,-46.9771370388607));
#2374=CARTESIAN_POINT('',(-260.179236374924,-356.357528420068,-46.8343340277796));
#2375=CARTESIAN_POINT('',(-262.663248266487,-356.448683028969,-46.4798006796931));
#2376=CARTESIAN_POINT('',(-266.942196662493,-356.759337907022,-45.7548823980749));
#2377=CARTESIAN_POINT('',(-273.016081562942,-357.024415480624,-45.2072307904999));
#2378=CARTESIAN_POINT('',(-279.089966463391,-356.759337907022,-45.7548823980749));
#2379=CARTESIAN_POINT('',(-283.368914859397,-356.448683028969,-46.4798006796931));
#2380=CARTESIAN_POINT('',(-285.852926750961,-356.357528420068,-46.8343340277796));
#2381=CARTESIAN_POINT('',(-287.254642518292,-356.363723584768,-46.9771370388607));
#2382=CARTESIAN_POINT('',(-288.20334539556,-356.440356345452,-46.9864466885782));
#2383=CARTESIAN_POINT('',(-288.561699902627,-356.48819456283,-46.9244809916932));
#2384=CARTESIAN_POINT('',(-288.734638126862,-356.430474264179,-46.8989894973718));
#2385=CARTESIAN_POINT('',(-257.38596407531,-356.923463212426,-46.8018616933974));
#2386=CARTESIAN_POINT('',(-257.607925117399,-356.99584801818,-46.835047290388));
#2387=CARTESIAN_POINT('',(-258.097630563704,-357.06912687055,-46.8807539180423));
#2388=CARTESIAN_POINT('',(-259.10354497778,-357.089696967462,-46.855237619676));
#2389=CARTESIAN_POINT('',(-260.514821794702,-357.146042978497,-46.7035625405949));
#2390=CARTESIAN_POINT('',(-262.962197130931,-357.287552926153,-46.3463965505399));
#2391=CARTESIAN_POINT('',(-267.129283720345,-357.623932823955,-45.6343389474576));
#2392=CARTESIAN_POINT('',(-273.016081562942,-357.889557747929,-45.1008643394027));
#2393=CARTESIAN_POINT('',(-278.90287940554,-357.623932823955,-45.6343389474576));
#2394=CARTESIAN_POINT('',(-283.069965994953,-357.287552926153,-46.3463965505399));
#2395=CARTESIAN_POINT('',(-285.517341331182,-357.146042978497,-46.7035625405949));
#2396=CARTESIAN_POINT('',(-286.928618148105,-357.089696967462,-46.855237619676));
#2397=CARTESIAN_POINT('',(-287.93453256218,-357.06912687055,-46.8807539180423));
#2398=CARTESIAN_POINT('',(-288.424238008486,-356.99584801818,-46.835047290388));
#2399=CARTESIAN_POINT('',(-288.646199050575,-356.923463212426,-46.8018616933974));
#2400=CARTESIAN_POINT('',(-257.7810942099,-358.002112301359,-46.4804489307939));
#2401=CARTESIAN_POINT('',(-258.030976976151,-358.078394750499,-46.5190507346632));
#2402=CARTESIAN_POINT('',(-258.602323302593,-358.199793791703,-46.5556503142042));
#2403=CARTESIAN_POINT('',(-259.728995494003,-358.335375142566,-46.4924605131877));
#2404=CARTESIAN_POINT('',(-261.18023070709,-358.471419642776,-46.3149044561078));
#2405=CARTESIAN_POINT('',(-263.582804154739,-358.679032469178,-45.9446525603099));
#2406=CARTESIAN_POINT('',(-267.528087773356,-359.035716226767,-45.2670890068791));
#2407=CARTESIAN_POINT('',(-273.016081562942,-359.288593571156,-44.7746514013472));
#2408=CARTESIAN_POINT('',(-278.504075352529,-359.035716226767,-45.2670890068791));
#2409=CARTESIAN_POINT('',(-282.449358971146,-358.679032469178,-45.9446525603099));
#2410=CARTESIAN_POINT('',(-284.851932418795,-358.471419642777,-46.3149044561078));
#2411=CARTESIAN_POINT('',(-286.303167631882,-358.335375142566,-46.4924605131877));
#2412=CARTESIAN_POINT('',(-287.429839823291,-358.199793791703,-46.5556503142042));
#2413=CARTESIAN_POINT('',(-288.001186149733,-358.078394750499,-46.5190507346632));
#2414=CARTESIAN_POINT('',(-288.251068915985,-358.002112301359,-46.4804489307939));
#2415=CARTESIAN_POINT('',(-258.434497668896,-359.355046142607,-46.0015780820846));
#2416=CARTESIAN_POINT('',(-258.695956501925,-359.42743094836,-46.0435129051791));
#2417=CARTESIAN_POINT('',(-259.306798270228,-359.563782733479,-46.0742675251846));
#2418=CARTESIAN_POINT('',(-260.495727774788,-359.753236056338,-45.9855366529986));
#2419=CARTESIAN_POINT('',(-261.966218676826,-359.937794148726,-45.7864252549745));
#2420=CARTESIAN_POINT('',(-264.314147803344,-360.190916797078,-45.4064123916329));
#2421=CARTESIAN_POINT('',(-267.997435432049,-360.545977653076,-44.7778563796407));
#2422=CARTESIAN_POINT('',(-273.016081562942,-360.774477184898,-44.3393067993194));
#2423=CARTESIAN_POINT('',(-278.034727693835,-360.545977653076,-44.7778563796408));
#2424=CARTESIAN_POINT('',(-281.718015322541,-360.190916797078,-45.4064123916329));
#2425=CARTESIAN_POINT('',(-284.065944449059,-359.937794148726,-45.7864252549745));
#2426=CARTESIAN_POINT('',(-285.536435351097,-359.753236056339,-45.9855366529986));
#2427=CARTESIAN_POINT('',(-286.725364855656,-359.563782733479,-46.0742675251846));
#2428=CARTESIAN_POINT('',(-287.336206623959,-359.42743094836,-46.0435129051791));
#2429=CARTESIAN_POINT('',(-287.597665456989,-359.355046142607,-46.0015780820846));
#2430=CARTESIAN_POINT('',(-259.575814319716,-361.488119283838,-45.2046281667216));
#2431=CARTESIAN_POINT('',(-259.838962824266,-361.547883149101,-45.2491426726216));
#2432=CARTESIAN_POINT('',(-260.462627958598,-361.673513836668,-45.277397901628));
#2433=CARTESIAN_POINT('',(-261.667672350065,-361.873639269022,-45.175058964386));
#2434=CARTESIAN_POINT('',(-263.119705745778,-362.078814632263,-44.9655978140202));
#2435=CARTESIAN_POINT('',(-265.354992031425,-362.350275730943,-44.5936194195383));
#2436=CARTESIAN_POINT('',(-268.653783970479,-362.669079580927,-44.0488387317667));
#2437=CARTESIAN_POINT('',(-273.016081562942,-362.852152881571,-43.6900472412359));
#2438=CARTESIAN_POINT('',(-277.378379155405,-362.669079580927,-44.0488387317666));
#2439=CARTESIAN_POINT('',(-280.67717109446,-362.350275730943,-44.5936194195383));
#2440=CARTESIAN_POINT('',(-282.912457380107,-362.078814632262,-44.9655978140202));
#2441=CARTESIAN_POINT('',(-284.364490775819,-361.873639269022,-45.175058964386));
#2442=CARTESIAN_POINT('',(-285.569535167286,-361.673513836668,-45.277397901628));
#2443=CARTESIAN_POINT('',(-286.193200301619,-361.547883149102,-45.2491426726215));
#2444=CARTESIAN_POINT('',(-286.456348806169,-361.488119283838,-45.2046281667216));
#2445=CARTESIAN_POINT('',(-261.369696967818,-364.703103902969,-44.0078780487175));
#2446=CARTESIAN_POINT('',(-261.624277639547,-364.738739499648,-44.0538338416527));
#2447=CARTESIAN_POINT('',(-262.219945990407,-364.818919592175,-44.0906616918978));
#2448=CARTESIAN_POINT('',(-263.340529411122,-364.955893916909,-44.0176567065209));
#2449=CARTESIAN_POINT('',(-264.655753598487,-365.09954991602,-43.8534094065307));
#2450=CARTESIAN_POINT('',(-266.625653366808,-365.286636798584,-43.5620958485679));
#2451=CARTESIAN_POINT('',(-269.41242935496,-365.487087029902,-43.1548703452376));
#2452=CARTESIAN_POINT('',(-273.016081562942,-365.593993819938,-42.8933016208887));
#2453=CARTESIAN_POINT('',(-276.619733770925,-365.487087029902,-43.1548703452376));
#2454=CARTESIAN_POINT('',(-279.406509759077,-365.286636798584,-43.5620958485679));
#2455=CARTESIAN_POINT('',(-281.376409527397,-365.099549916021,-43.8534094065307));
#2456=CARTESIAN_POINT('',(-282.691633714763,-364.955893916909,-44.0176567065209));
#2457=CARTESIAN_POINT('',(-283.812217135478,-364.818919592175,-44.0906616918978));
#2458=CARTESIAN_POINT('',(-284.407885486337,-364.738739499648,-44.0538338416527));
#2459=CARTESIAN_POINT('',(-284.662466158067,-364.703103902969,-44.0078780487175));
#2460=CARTESIAN_POINT('',(-262.59292129051,-369.,-43.2096028883948));
#2461=CARTESIAN_POINT('',(-262.838089293658,-369.,-43.2557101269626));
#2462=CARTESIAN_POINT('',(-263.399349178031,-369.,-43.3023602939457));
#2463=CARTESIAN_POINT('',(-264.42741418454,-369.,-43.265493292962));
#2464=CARTESIAN_POINT('',(-265.61505791672,-369.,-43.1516347195183));
#2465=CARTESIAN_POINT('',(-267.375892588151,-369.,-42.9369687636448));
#2466=CARTESIAN_POINT('',(-269.842900470225,-369.,-42.6254107826455));
#2467=CARTESIAN_POINT('',(-273.016081562942,-369.,-42.4211857795831));
#2468=CARTESIAN_POINT('',(-276.18926265566,-369.,-42.6254107826455));
#2469=CARTESIAN_POINT('',(-278.656270537734,-369.,-42.9369687636448));
#2470=CARTESIAN_POINT('',(-280.417105209164,-369.,-43.1516347195183));
#2471=CARTESIAN_POINT('',(-281.604748941345,-369.,-43.265493292962));
#2472=CARTESIAN_POINT('',(-282.632813947854,-369.,-43.3023602939458));
#2473=CARTESIAN_POINT('',(-283.194073832227,-369.,-43.2557101269625));
#2474=CARTESIAN_POINT('',(-283.439241835375,-369.,-43.2096028883948));
#2475=CARTESIAN_POINT('',(-261.369696967818,-373.29689609703,-44.0078780487175));
#2476=CARTESIAN_POINT('',(-261.624277639547,-373.261260500352,-44.0538338416527));
#2477=CARTESIAN_POINT('',(-262.219945990407,-373.181080407824,-44.0906616918978));
#2478=CARTESIAN_POINT('',(-263.340529411122,-373.04410608309,-44.0176567065209));
#2479=CARTESIAN_POINT('',(-264.655753598487,-372.900450083979,-43.8534094065307));
#2480=CARTESIAN_POINT('',(-266.625653366808,-372.713363201416,-43.5620958485679));
#2481=CARTESIAN_POINT('',(-269.41242935496,-372.512912970098,-43.1548703452376));
#2482=CARTESIAN_POINT('',(-273.016081562942,-372.406006180061,-42.8933016208887));
#2483=CARTESIAN_POINT('',(-276.619733770925,-372.512912970098,-43.1548703452376));
#2484=CARTESIAN_POINT('',(-279.406509759077,-372.713363201416,-43.5620958485679));
#2485=CARTESIAN_POINT('',(-281.376409527397,-372.900450083979,-43.8534094065307));
#2486=CARTESIAN_POINT('',(-282.691633714763,-373.044106083091,-44.0176567065209));
#2487=CARTESIAN_POINT('',(-283.812217135478,-373.181080407824,-44.0906616918978));
#2488=CARTESIAN_POINT('',(-284.407885486337,-373.261260500352,-44.0538338416527));
#2489=CARTESIAN_POINT('',(-284.662466158067,-373.29689609703,-44.0078780487175));
#2490=CARTESIAN_POINT('',(-259.575814319716,-376.511880716161,-45.2046281667216));
#2491=CARTESIAN_POINT('',(-259.838962824266,-376.452116850898,-45.2491426726215));
#2492=CARTESIAN_POINT('',(-260.462627958598,-376.326486163331,-45.277397901628));
#2493=CARTESIAN_POINT('',(-261.667672350065,-376.126360730978,-45.175058964386));
#2494=CARTESIAN_POINT('',(-263.119705745778,-375.921185367737,-44.9655978140202));
#2495=CARTESIAN_POINT('',(-265.354992031425,-375.649724269056,-44.5936194195383));
#2496=CARTESIAN_POINT('',(-268.653783970479,-375.330920419072,-44.0488387317666));
#2497=CARTESIAN_POINT('',(-273.016081562942,-375.147847118429,-43.690047241236));
#2498=CARTESIAN_POINT('',(-277.378379155405,-375.330920419072,-44.0488387317667));
#2499=CARTESIAN_POINT('',(-280.67717109446,-375.649724269056,-44.5936194195383));
#2500=CARTESIAN_POINT('',(-282.912457380107,-375.921185367737,-44.9655978140202));
#2501=CARTESIAN_POINT('',(-284.364490775819,-376.126360730977,-45.175058964386));
#2502=CARTESIAN_POINT('',(-285.569535167287,-376.326486163331,-45.277397901628));
#2503=CARTESIAN_POINT('',(-286.193200301618,-376.452116850898,-45.2491426726216));
#2504=CARTESIAN_POINT('',(-286.456348806169,-376.511880716161,-45.2046281667216));
#2505=CARTESIAN_POINT('',(-258.434497668896,-378.644953857393,-46.0015780820846));
#2506=CARTESIAN_POINT('',(-258.695956501925,-378.572569051639,-46.0435129051791));
#2507=CARTESIAN_POINT('',(-259.306798270228,-378.43621726652,-46.0742675251846));
#2508=CARTESIAN_POINT('',(-260.495727774788,-378.246763943661,-45.9855366529986));
#2509=CARTESIAN_POINT('',(-261.966218676826,-378.062205851273,-45.7864252549745));
#2510=CARTESIAN_POINT('',(-264.314147803344,-377.809083202921,-45.4064123916329));
#2511=CARTESIAN_POINT('',(-267.997435432049,-377.454022346924,-44.7778563796408));
#2512=CARTESIAN_POINT('',(-273.016081562942,-377.225522815102,-44.3393067993193));
#2513=CARTESIAN_POINT('',(-278.034727693835,-377.454022346924,-44.7778563796407));
#2514=CARTESIAN_POINT('',(-281.718015322541,-377.809083202921,-45.4064123916329));
#2515=CARTESIAN_POINT('',(-284.065944449059,-378.062205851273,-45.7864252549745));
#2516=CARTESIAN_POINT('',(-285.536435351097,-378.246763943661,-45.9855366529986));
#2517=CARTESIAN_POINT('',(-286.725364855656,-378.43621726652,-46.0742675251846));
#2518=CARTESIAN_POINT('',(-287.336206623959,-378.572569051639,-46.0435129051791));
#2519=CARTESIAN_POINT('',(-287.597665456989,-378.644953857393,-46.0015780820846));
#2520=CARTESIAN_POINT('',(-257.7810942099,-379.997887698641,-46.4804489307939));
#2521=CARTESIAN_POINT('',(-258.030976976151,-379.9216052495,-46.5190507346632));
#2522=CARTESIAN_POINT('',(-258.602323302593,-379.800206208296,-46.5556503142042));
#2523=CARTESIAN_POINT('',(-259.728995494003,-379.664624857433,-46.4924605131877));
#2524=CARTESIAN_POINT('',(-261.18023070709,-379.528580357223,-46.3149044561078));
#2525=CARTESIAN_POINT('',(-263.582804154739,-379.320967530821,-45.9446525603099));
#2526=CARTESIAN_POINT('',(-267.528087773356,-378.964283773232,-45.2670890068791));
#2527=CARTESIAN_POINT('',(-273.016081562942,-378.711406428844,-44.7746514013472));
#2528=CARTESIAN_POINT('',(-278.504075352529,-378.964283773232,-45.2670890068791));
#2529=CARTESIAN_POINT('',(-282.449358971146,-379.320967530821,-45.9446525603099));
#2530=CARTESIAN_POINT('',(-284.851932418795,-379.528580357223,-46.3149044561078));
#2531=CARTESIAN_POINT('',(-286.303167631882,-379.664624857433,-46.4924605131877));
#2532=CARTESIAN_POINT('',(-287.429839823291,-379.800206208296,-46.5556503142042));
#2533=CARTESIAN_POINT('',(-288.001186149733,-379.9216052495,-46.5190507346632));
#2534=CARTESIAN_POINT('',(-288.251068915985,-379.997887698641,-46.4804489307939));
#2535=CARTESIAN_POINT('',(-257.38596407531,-381.076536787573,-46.8018616933974));
#2536=CARTESIAN_POINT('',(-257.607925117399,-381.00415198182,-46.835047290388));
#2537=CARTESIAN_POINT('',(-258.097630563704,-380.930873129449,-46.8807539180423));
#2538=CARTESIAN_POINT('',(-259.10354497778,-380.910303032538,-46.855237619676));
#2539=CARTESIAN_POINT('',(-260.514821794702,-380.853957021503,-46.7035625405949));
#2540=CARTESIAN_POINT('',(-262.962197130931,-380.712447073847,-46.3463965505399));
#2541=CARTESIAN_POINT('',(-267.129283720345,-380.376067176044,-45.6343389474576));
#2542=CARTESIAN_POINT('',(-273.016081562942,-380.11044225207,-45.1008643394027));
#2543=CARTESIAN_POINT('',(-278.90287940554,-380.376067176044,-45.6343389474576));
#2544=CARTESIAN_POINT('',(-283.069965994953,-380.712447073847,-46.3463965505399));
#2545=CARTESIAN_POINT('',(-285.517341331182,-380.853957021503,-46.7035625405949));
#2546=CARTESIAN_POINT('',(-286.928618148105,-380.910303032538,-46.855237619676));
#2547=CARTESIAN_POINT('',(-287.93453256218,-380.930873129449,-46.8807539180423));
#2548=CARTESIAN_POINT('',(-288.424238008486,-381.00415198182,-46.835047290388));
#2549=CARTESIAN_POINT('',(-288.646199050575,-381.076536787573,-46.8018616933974));
#2550=CARTESIAN_POINT('',(-257.297524999022,-381.569525735821,-46.8989894973718));
#2551=CARTESIAN_POINT('',(-257.470463223258,-381.51180543717,-46.9244809916933));
#2552=CARTESIAN_POINT('',(-257.828817730325,-381.559643654548,-46.9864466885782));
#2553=CARTESIAN_POINT('',(-258.777520607593,-381.636276415231,-46.9771370388607));
#2554=CARTESIAN_POINT('',(-260.179236374924,-381.642471579932,-46.8343340277796));
#2555=CARTESIAN_POINT('',(-262.663248266487,-381.55131697103,-46.4798006796931));
#2556=CARTESIAN_POINT('',(-266.942196662493,-381.240662092978,-45.7548823980749));
#2557=CARTESIAN_POINT('',(-273.016081562942,-380.975584519376,-45.2072307904999));
#2558=CARTESIAN_POINT('',(-279.089966463391,-381.240662092978,-45.7548823980749));
#2559=CARTESIAN_POINT('',(-283.368914859397,-381.55131697103,-46.4798006796931));
#2560=CARTESIAN_POINT('',(-285.852926750961,-381.642471579932,-46.8343340277796));
#2561=CARTESIAN_POINT('',(-287.254642518292,-381.636276415231,-46.9771370388607));
#2562=CARTESIAN_POINT('',(-288.20334539556,-381.559643654548,-46.9864466885782));
#2563=CARTESIAN_POINT('',(-288.561699902627,-381.51180543717,-46.9244809916933));
#2564=CARTESIAN_POINT('',(-288.734638126862,-381.569525735821,-46.8989894973718));
#2565=CARTESIAN_POINT('',(-257.287117996894,-381.69706500259,-46.9202727799707));
#2566=CARTESIAN_POINT('',(-257.363672852752,-381.73487735658,-46.943210506032));
#2567=CARTESIAN_POINT('',(-257.694938771784,-381.850412209366,-47.0098181220318));
#2568=CARTESIAN_POINT('',(-258.636432782053,-381.975720862668,-47.0021352148328));
#2569=CARTESIAN_POINT('',(-260.045357416383,-382.012693557212,-46.8588563395763));
#2570=CARTESIAN_POINT('',(-262.552712305846,-381.946427818018,-46.5020395085108));
#2571=CARTESIAN_POINT('',(-266.876287021366,-381.651075546223,-45.7733396496093));
#2572=CARTESIAN_POINT('',(-273.016081562942,-381.388856144025,-45.2230482062407));
#2573=CARTESIAN_POINT('',(-279.155876104519,-381.651075546223,-45.7733396496093));
#2574=CARTESIAN_POINT('',(-283.479450820039,-381.946427818018,-46.5020395085108));
#2575=CARTESIAN_POINT('',(-285.986805709502,-382.012693557212,-46.8588563395764));
#2576=CARTESIAN_POINT('',(-287.395730343831,-381.975720862668,-47.0021352148328));
#2577=CARTESIAN_POINT('',(-288.337224354101,-381.850412209366,-47.0098181220318));
#2578=CARTESIAN_POINT('',(-288.668490273133,-381.73487735658,-46.943210506032));
#2579=CARTESIAN_POINT('',(-288.745045128991,-381.69706500259,-46.9202727799707));
#2580=CARTESIAN_POINT('',(-288.745045128991,-356.302934997409,-46.9202727799707));
#2581=CARTESIAN_POINT('',(-288.841428497368,-356.207402344768,-46.9177190117106));
#2582=CARTESIAN_POINT('',(-289.152879416746,-355.875639141165,-46.8899913354804));
#2583=CARTESIAN_POINT('',(-289.510403501283,-355.317755786392,-46.6724969711141));
#2584=CARTESIAN_POINT('',(-289.623757069152,-354.789314362292,-46.2463484825985));
#2585=CARTESIAN_POINT('',(-289.392930748898,-354.158226048849,-45.393282515777));
#2586=CARTESIAN_POINT('',(-288.282457599951,-353.571386775455,-43.7803304346205));
#2587=CARTESIAN_POINT('',(-287.044508170863,-353.154311961562,-42.3205949301385));
#2588=CARTESIAN_POINT('',(-286.469932067655,-352.918100558785,-41.6518054908204));
#2589=CARTESIAN_POINT('',(-285.320779861239,-352.44567775323,-40.3142266121843));
#2590=CARTESIAN_POINT('',(-283.377664339093,-351.279440175471,-38.1276953582953));
#2591=CARTESIAN_POINT('',(-282.05939442079,-350.585625403267,-36.3265020801052));
#2592=CARTESIAN_POINT('',(-281.535087818216,-350.585625403267,-35.374261177168));
#2593=CARTESIAN_POINT('',(-281.27293451693,-350.585625403267,-34.8981407256993));
#2594=CARTESIAN_POINT('',(-280.816042092645,-350.759079096318,-33.920077690841));
#2595=CARTESIAN_POINT('',(-280.346862193753,-351.371815671084,-32.8574392473214));
#2596=CARTESIAN_POINT('',(-279.992719764961,-352.076927741464,-32.2379901104513));
#2597=CARTESIAN_POINT('',(-279.739930068047,-352.672168558506,-31.8922896457456));
#2598=CARTESIAN_POINT('',(-279.502173875333,-353.292761498782,-31.6690311479609));
#2599=CARTESIAN_POINT('',(-279.370045051554,-353.654043770307,-31.5986043112576));
#2600=CARTESIAN_POINT('',(-279.333504920535,-353.756027805668,-31.5826092024184));
#2601=CARTESIAN_POINT('',(-288.734638126862,-356.430474264179,-46.8989894973718));
#2602=CARTESIAN_POINT('',(-288.907576351098,-356.372753965528,-46.8734980030504));
#2603=CARTESIAN_POINT('',(-289.240961500293,-356.09402289023,-46.8334343050363));
#2604=CARTESIAN_POINT('',(-289.618532520415,-355.581074602139,-46.609336178324));
#2605=CARTESIAN_POINT('',(-289.74867325732,-355.087778803618,-46.1816480959128));
#2606=CARTESIAN_POINT('',(-289.537552233845,-354.495454839973,-45.331799425676));
#2607=CARTESIAN_POINT('',(-288.449819139989,-353.951182790422,-43.7299713757949));
#2608=CARTESIAN_POINT('',(-287.228224868702,-353.564788646986,-42.2859487837311));
#2609=CARTESIAN_POINT('',(-286.661412318827,-353.343801215369,-41.6265286681758));
#2610=CARTESIAN_POINT('',(-285.527787219078,-352.901826352135,-40.3076884370651));
#2611=CARTESIAN_POINT('',(-283.612413705731,-351.795553746475,-38.1707374186561));
#2612=CARTESIAN_POINT('',(-282.30635868956,-351.13125600405,-36.4183162504146));
#2613=CARTESIAN_POINT('',(-281.782052086987,-351.13125600405,-35.4840058694713));
#2614=CARTESIAN_POINT('',(-281.5198987857,-351.13125600405,-35.0168506789997));
#2615=CARTESIAN_POINT('',(-281.059952635883,-351.297330439656,-34.0534903996453));
#2616=CARTESIAN_POINT('',(-280.577025158402,-351.878178413233,-32.9984715172811));
#2617=CARTESIAN_POINT('',(-280.204548749031,-352.541651053566,-32.3770490192013));
#2618=CARTESIAN_POINT('',(-279.931531509282,-353.091609165137,-32.0235478259982));
#2619=CARTESIAN_POINT('',(-279.664261617784,-353.646877408612,-31.7838816896027));
#2620=CARTESIAN_POINT('',(-279.493677889127,-353.924019938552,-31.6875012255779));
#2621=CARTESIAN_POINT('',(-279.376719542072,-353.940253002541,-31.6187633061749));
#2622=CARTESIAN_POINT('',(-288.646199050575,-356.923463212426,-46.8018616933974));
#2623=CARTESIAN_POINT('',(-288.868160092664,-356.851078406672,-46.7686760964068));
#2624=CARTESIAN_POINT('',(-289.266298814713,-356.634818036028,-46.6816403360987));
#2625=CARTESIAN_POINT('',(-289.668507037365,-356.206206692307,-46.4266451730388));
#2626=CARTESIAN_POINT('',(-289.818065625561,-355.783626050488,-45.9847606637639));
#2627=CARTESIAN_POINT('',(-289.635877109108,-355.271621199079,-45.1360045826445));
#2628=CARTESIAN_POINT('',(-288.608765672001,-354.809423396378,-43.5688700889597));
#2629=CARTESIAN_POINT('',(-287.44535786032,-354.479402136401,-42.174693691042));
#2630=CARTESIAN_POINT('',(-286.905961501225,-354.286844461088,-41.542354928541));
#2631=CARTESIAN_POINT('',(-285.827168783035,-353.901729110461,-40.2776774035392));
#2632=CARTESIAN_POINT('',(-284.00804372062,-352.911122046615,-38.2663178451985));
#2633=CARTESIAN_POINT('',(-282.751597064487,-352.305630333395,-36.6277042864647));
#2634=CARTESIAN_POINT('',(-282.235482752579,-352.305630333395,-35.7357727610698));
#2635=CARTESIAN_POINT('',(-281.977425596625,-352.305630333395,-35.2898069983723));
#2636=CARTESIAN_POINT('',(-281.517365792796,-352.4570032617,-34.3615630999633));
#2637=CARTESIAN_POINT('',(-281.010162210867,-352.973885888953,-33.322055664289));
#2638=CARTESIAN_POINT('',(-280.601762990635,-353.553532358544,-32.6898752000749));
#2639=CARTESIAN_POINT('',(-280.286527402792,-354.016683109107,-32.3114938270118));
#2640=CARTESIAN_POINT('',(-279.954737646957,-354.453595472515,-32.0249076619814));
#2641=CARTESIAN_POINT('',(-279.687717772039,-354.615215009901,-31.8546869074028));
#2642=CARTESIAN_POINT('',(-279.534053510399,-354.635570157344,-31.7646956731623));
#2643=CARTESIAN_POINT('',(-288.251068915985,-358.002112301359,-46.4804489307939));
#2644=CARTESIAN_POINT('',(-288.500951682236,-357.925829852218,-46.4418471269245));
#2645=CARTESIAN_POINT('',(-288.9291364208,-357.74209909686,-46.3240394909884));
#2646=CARTESIAN_POINT('',(-289.33670370317,-357.419966128377,-46.0071584824415));
#2647=CARTESIAN_POINT('',(-289.489593716404,-357.098257060233,-45.5317504492018));
#2648=CARTESIAN_POINT('',(-289.335287261308,-356.706589421444,-44.6802452846477));
#2649=CARTESIAN_POINT('',(-288.435998092497,-356.355736817366,-43.1960771898074));
#2650=CARTESIAN_POINT('',(-287.415657998191,-356.09718018176,-41.9166428285166));
#2651=CARTESIAN_POINT('',(-286.943408531394,-355.941969402609,-41.3428188089346));
#2652=CARTESIAN_POINT('',(-285.9989095978,-355.631547844307,-40.1951707697706));
#2653=CARTESIAN_POINT('',(-284.413276373458,-354.803245036921,-38.4270199799497));
#2654=CARTESIAN_POINT('',(-283.286748860796,-354.285363787837,-36.9911380767941));
#2655=CARTESIAN_POINT('',(-282.801355638882,-354.285363787837,-36.1757589242953));
#2656=CARTESIAN_POINT('',(-282.558659027926,-354.285363787837,-35.7680693480459));
#2657=CARTESIAN_POINT('',(-282.11220107322,-354.414834100108,-34.9039710950866));
#2658=CARTESIAN_POINT('',(-281.577560617278,-354.837847190431,-33.8897202949149));
#2659=CARTESIAN_POINT('',(-281.119563736638,-355.295462434266,-33.2304447247011));
#2660=CARTESIAN_POINT('',(-280.744773909811,-355.64444237677,-32.8042862101011));
#2661=CARTESIAN_POINT('',(-280.322542008233,-355.945356952742,-32.4386614866597));
#2662=CARTESIAN_POINT('',(-279.991231436206,-356.059102110821,-32.220661049236));
#2663=CARTESIAN_POINT('',(-279.808571843831,-356.080553304664,-32.1144465544329));
#2664=CARTESIAN_POINT('',(-287.597665456989,-359.355046142607,-46.0015780820846));
#2665=CARTESIAN_POINT('',(-287.859124290018,-359.282661336853,-45.9596432589902));
#2666=CARTESIAN_POINT('',(-288.294117853832,-359.129473898957,-45.8226585866179));
#2667=CARTESIAN_POINT('',(-288.690220713675,-358.890364790058,-45.4658796856205));
#2668=CARTESIAN_POINT('',(-288.837320908493,-358.657853256217,-44.9658420782954));
#2669=CARTESIAN_POINT('',(-288.711297376022,-358.377868680653,-44.1188379082403));
#2670=CARTESIAN_POINT('',(-287.96818540214,-358.124009534401,-42.7421518604088));
#2671=CARTESIAN_POINT('',(-287.126060649129,-357.925693493894,-41.602143918631));
#2672=CARTESIAN_POINT('',(-286.737336034549,-357.803288692367,-41.0975919520558));
#2673=CARTESIAN_POINT('',(-285.959886805388,-357.558479089314,-40.0884880189054));
#2674=CARTESIAN_POINT('',(-284.663690442469,-356.882885633023,-38.5938961871144));
#2675=CARTESIAN_POINT('',(-283.702559612788,-356.452101779785,-37.3759962533376));
#2676=CARTESIAN_POINT('',(-283.260175916867,-356.452101779785,-36.6435842182015));
#2677=CARTESIAN_POINT('',(-283.038984068907,-356.452101779785,-36.2773782006334));
#2678=CARTESIAN_POINT('',(-282.615691232445,-356.559797743094,-35.4832351313734));
#2679=CARTESIAN_POINT('',(-282.061911309611,-356.893662693433,-34.4974029245034));
#2680=CARTESIAN_POINT('',(-281.560654429447,-357.238304704183,-33.8095496658393));
#2681=CARTESIAN_POINT('',(-281.139146717218,-357.493920155725,-33.3425364348027));
#2682=CARTESIAN_POINT('',(-280.655625371725,-357.70502846899,-32.9228703762732));
#2683=CARTESIAN_POINT('',(-280.280969665115,-357.788335197807,-32.6736380919554));
#2684=CARTESIAN_POINT('',(-280.077823345879,-357.80869034525,-32.5564032983962));
#2685=CARTESIAN_POINT('',(-286.456348806169,-361.488119283838,-45.2046281667216));
#2686=CARTESIAN_POINT('',(-286.71949731072,-361.428355418575,-45.1601136608218));
#2687=CARTESIAN_POINT('',(-287.14842619459,-361.314930645088,-45.0103108662287));
#2688=CARTESIAN_POINT('',(-287.530215727411,-361.163058745207,-44.6299193637869));
#2689=CARTESIAN_POINT('',(-287.680902049957,-361.029408494904,-44.1204745886201));
#2690=CARTESIAN_POINT('',(-287.614346976597,-360.875445546241,-43.3046559085346));
#2691=CARTESIAN_POINT('',(-287.105898022752,-360.728327930499,-42.0954195657527));
#2692=CARTESIAN_POINT('',(-286.52073668463,-360.597861539822,-41.1538415438119));
#2693=CARTESIAN_POINT('',(-286.252356291285,-360.514152576753,-40.746481523697));
#2694=CARTESIAN_POINT('',(-285.715595504595,-360.346734650615,-39.9317614834673));
#2695=CARTESIAN_POINT('',(-284.835676136939,-359.864092656488,-38.8097533298526));
#2696=CARTESIAN_POINT('',(-284.115672185374,-359.5488685885,-37.8804698702942));
#2697=CARTESIAN_POINT('',(-283.738826814775,-359.5488685885,-37.2584745241209));
#2698=CARTESIAN_POINT('',(-283.550404129475,-359.5488685885,-36.9474768510342));
#2699=CARTESIAN_POINT('',(-283.165137061467,-359.627674605497,-36.2468046966638));
#2700=CARTESIAN_POINT('',(-282.595994558229,-359.852494450968,-35.30464321437));
#2701=CARTESIAN_POINT('',(-282.048242699879,-360.065716090919,-34.5893436936338));
#2702=CARTESIAN_POINT('',(-281.57937090544,-360.221329179947,-34.0830709377364));
#2703=CARTESIAN_POINT('',(-281.040602237527,-360.351653105315,-33.6179871185992));
#2704=CARTESIAN_POINT('',(-280.626932561406,-360.407685597974,-33.3427152317515));
#2705=CARTESIAN_POINT('',(-280.404501920167,-360.424491642785,-33.2156064618229));
#2706=CARTESIAN_POINT('',(-284.662466158067,-364.703103902969,-44.0078780487175));
#2707=CARTESIAN_POINT('',(-284.917046829797,-364.66746830629,-43.9619222557823));
#2708=CARTESIAN_POINT('',(-285.339701165856,-364.605106012103,-43.8149269342867));
#2709=CARTESIAN_POINT('',(-285.749304881818,-364.532937148521,-43.4609920042834));
#2710=CARTESIAN_POINT('',(-285.969674043725,-364.476790742832,-43.0054243856362));
#2711=CARTESIAN_POINT('',(-286.058044499626,-364.416155986023,-42.3049029880696));
#2712=CARTESIAN_POINT('',(-285.871137354731,-364.353658085698,-41.3342158150816));
#2713=CARTESIAN_POINT('',(-285.591847324783,-364.289297041858,-40.6259443375448));
#2714=CARTESIAN_POINT('',(-285.466618876732,-364.246389679297,-40.3312905094779));
#2715=CARTESIAN_POINT('',(-285.216161980629,-364.160574954176,-39.7419828533439));
#2716=CARTESIAN_POINT('',(-284.830580723804,-363.903130778814,-39.0392228266871));
#2717=CARTESIAN_POINT('',(-284.400533899135,-363.731501328572,-38.424986106825));
#2718=CARTESIAN_POINT('',(-284.105611435187,-363.731501328572,-37.9242017574858));
#2719=CARTESIAN_POINT('',(-283.958150203213,-363.731501328572,-37.6738095828162));
#2720=CARTESIAN_POINT('',(-283.623278213459,-363.774408691133,-37.0761922387729));
#2721=CARTESIAN_POINT('',(-283.052276624851,-363.887940219824,-36.2023865183535));
#2722=CARTESIAN_POINT('',(-282.472505720975,-363.986281189525,-35.4964505856359));
#2723=CARTESIAN_POINT('',(-281.968312058538,-364.056689128038,-34.9808477248658));
#2724=CARTESIAN_POINT('',(-281.386872243537,-364.116643615652,-34.4963887198232));
#2725=CARTESIAN_POINT('',(-280.942494486469,-364.144907198704,-34.2057084649193));
#2726=CARTESIAN_POINT('',(-280.70480435983,-364.154928194368,-34.0713239024083));
#2727=CARTESIAN_POINT('',(-283.439241835375,-369.,-43.2096028883948));
#2728=CARTESIAN_POINT('',(-283.684409838523,-369.,-43.163495649827));
#2729=CARTESIAN_POINT('',(-284.103821966744,-369.,-43.0257168625391));
#2730=CARTESIAN_POINT('',(-284.548396529356,-369.,-42.7100448056967));
#2731=CARTESIAN_POINT('',(-284.83665546676,-369.,-42.31305792749));
#2732=CARTESIAN_POINT('',(-285.050217222367,-369.,-41.7122410674575));
#2733=CARTESIAN_POINT('',(-285.067520376405,-369.,-40.8963782117385));
#2734=CARTESIAN_POINT('',(-284.965619947186,-369.,-40.3221983186874));
#2735=CARTESIAN_POINT('',(-284.923371333811,-369.,-40.0916547094381));
#2736=CARTESIAN_POINT('',(-284.83887410706,-369.,-39.6305674909395));
#2737=CARTESIAN_POINT('',(-284.739492463434,-369.,-39.1607637521525));
#2738=CARTESIAN_POINT('',(-284.478839326601,-369.,-38.7172655348775));
#2739=CARTESIAN_POINT('',(-284.233070606645,-369.,-38.282483837891));
#2740=CARTESIAN_POINT('',(-284.110186246667,-369.,-38.0650929893977));
#2741=CARTESIAN_POINT('',(-283.806696450941,-369.,-37.5237949982367));
#2742=CARTESIAN_POINT('',(-283.241517067164,-369.,-36.6965096774036));
#2743=CARTESIAN_POINT('',(-282.652974606855,-369.,-36.0136604637407));
#2744=CARTESIAN_POINT('',(-282.137141117526,-369.,-35.5083572605284));
#2745=CARTESIAN_POINT('',(-281.540653816645,-369.,-35.0272319498842));
#2746=CARTESIAN_POINT('',(-281.085074963388,-369.,-34.734163128189));
#2747=CARTESIAN_POINT('',(-280.841767512349,-369.,-34.5974397612805));
#2748=CARTESIAN_POINT('',(-284.662466158067,-373.29689609703,-44.0078780487175));
#2749=CARTESIAN_POINT('',(-284.917046829797,-373.332531693709,-43.9619222557823));
#2750=CARTESIAN_POINT('',(-285.339701165856,-373.394893987897,-43.8149269342867));
#2751=CARTESIAN_POINT('',(-285.749304881818,-373.467062851478,-43.4609920042834));
#2752=CARTESIAN_POINT('',(-285.969674043725,-373.523209257168,-43.0054243856362));
#2753=CARTESIAN_POINT('',(-286.058044499626,-373.583844013977,-42.3049029880696));
#2754=CARTESIAN_POINT('',(-285.871137354731,-373.646341914301,-41.3342158150816));
#2755=CARTESIAN_POINT('',(-285.591847324783,-373.710702958142,-40.6259443375449));
#2756=CARTESIAN_POINT('',(-285.466618876732,-373.753610320702,-40.3312905094779));
#2757=CARTESIAN_POINT('',(-285.216161980629,-373.839425045823,-39.7419828533439));
#2758=CARTESIAN_POINT('',(-284.830580723804,-374.096869221186,-39.0392228266871));
#2759=CARTESIAN_POINT('',(-284.400533899135,-374.268498671427,-38.424986106825));
#2760=CARTESIAN_POINT('',(-284.105611435187,-374.268498671427,-37.9242017574858));
#2761=CARTESIAN_POINT('',(-283.958150203213,-374.268498671428,-37.6738095828162));
#2762=CARTESIAN_POINT('',(-283.623278213459,-374.225591308867,-37.0761922387729));
#2763=CARTESIAN_POINT('',(-283.052276624851,-374.112059780176,-36.2023865183535));
#2764=CARTESIAN_POINT('',(-282.472505720975,-374.013718810475,-35.4964505856359));
#2765=CARTESIAN_POINT('',(-281.968312058538,-373.943310871962,-34.9808477248658));
#2766=CARTESIAN_POINT('',(-281.386872243537,-373.883356384348,-34.4963887198232));
#2767=CARTESIAN_POINT('',(-280.942494486469,-373.855092801295,-34.2057084649193));
#2768=CARTESIAN_POINT('',(-280.70480435983,-373.845071805631,-34.0713239024083));
#2769=CARTESIAN_POINT('',(-286.456348806169,-376.511880716161,-45.2046281667217));
#2770=CARTESIAN_POINT('',(-286.71949731072,-376.571644581425,-45.1601136608218));
#2771=CARTESIAN_POINT('',(-287.14842619459,-376.685069354911,-45.0103108662288));
#2772=CARTESIAN_POINT('',(-287.530215727411,-376.836941254792,-44.6299193637869));
#2773=CARTESIAN_POINT('',(-287.680902049957,-376.970591505096,-44.1204745886201));
#2774=CARTESIAN_POINT('',(-287.614346976597,-377.124554453759,-43.3046559085346));
#2775=CARTESIAN_POINT('',(-287.105898022752,-377.271672069501,-42.0954195657527));
#2776=CARTESIAN_POINT('',(-286.52073668463,-377.402138460177,-41.1538415438119));
#2777=CARTESIAN_POINT('',(-286.252356291285,-377.485847423246,-40.746481523697));
#2778=CARTESIAN_POINT('',(-285.715595504595,-377.653265349385,-39.9317614834673));
#2779=CARTESIAN_POINT('',(-284.835676136939,-378.135907343511,-38.8097533298526));
#2780=CARTESIAN_POINT('',(-284.115672185375,-378.451131411499,-37.8804698702942));
#2781=CARTESIAN_POINT('',(-283.738826814775,-378.451131411499,-37.2584745241209));
#2782=CARTESIAN_POINT('',(-283.550404129475,-378.451131411499,-36.9474768510342));
#2783=CARTESIAN_POINT('',(-283.165137061467,-378.372325394502,-36.2468046966638));
#2784=CARTESIAN_POINT('',(-282.595994558229,-378.147505549031,-35.3046432143701));
#2785=CARTESIAN_POINT('',(-282.048242699879,-377.93428390908,-34.5893436936338));
#2786=CARTESIAN_POINT('',(-281.57937090544,-377.778670820053,-34.0830709377364));
#2787=CARTESIAN_POINT('',(-281.040602237527,-377.648346894684,-33.6179871185992));
#2788=CARTESIAN_POINT('',(-280.626932561406,-377.592314402026,-33.3427152317515));
#2789=CARTESIAN_POINT('',(-280.404501920167,-377.575508357214,-33.2156064618229));
#2790=CARTESIAN_POINT('',(-287.597665456989,-378.644953857393,-46.0015780820846));
#2791=CARTESIAN_POINT('',(-287.859124290018,-378.717338663147,-45.9596432589901));
#2792=CARTESIAN_POINT('',(-288.294117853832,-378.870526101043,-45.8226585866179));
#2793=CARTESIAN_POINT('',(-288.690220713675,-379.109635209941,-45.4658796856205));
#2794=CARTESIAN_POINT('',(-288.837320908493,-379.342146743783,-44.9658420782955));
#2795=CARTESIAN_POINT('',(-288.711297376022,-379.622131319346,-44.1188379082403));
#2796=CARTESIAN_POINT('',(-287.96818540214,-379.875990465598,-42.7421518604088));
#2797=CARTESIAN_POINT('',(-287.126060649129,-380.074306506106,-41.602143918631));
#2798=CARTESIAN_POINT('',(-286.737336034549,-380.196711307632,-41.0975919520558));
#2799=CARTESIAN_POINT('',(-285.959886805388,-380.441520910686,-40.0884880189054));
#2800=CARTESIAN_POINT('',(-284.663690442469,-381.117114366977,-38.5938961871144));
#2801=CARTESIAN_POINT('',(-283.702559612788,-381.547898220215,-37.3759962533376));
#2802=CARTESIAN_POINT('',(-283.260175916867,-381.547898220215,-36.6435842182015));
#2803=CARTESIAN_POINT('',(-283.038984068907,-381.547898220215,-36.2773782006334));
#2804=CARTESIAN_POINT('',(-282.615691232445,-381.440202256905,-35.4832351313734));
#2805=CARTESIAN_POINT('',(-282.061911309611,-381.106337306566,-34.4974029245034));
#2806=CARTESIAN_POINT('',(-281.560654429447,-380.761695295816,-33.8095496658393));
#2807=CARTESIAN_POINT('',(-281.139146717218,-380.506079844274,-33.3425364348027));
#2808=CARTESIAN_POINT('',(-280.655625371725,-380.29497153101,-32.9228703762732));
#2809=CARTESIAN_POINT('',(-280.280969665114,-380.211664802192,-32.6736380919554));
#2810=CARTESIAN_POINT('',(-280.077823345879,-380.191309654749,-32.5564032983962));
#2811=CARTESIAN_POINT('',(-288.251068915985,-379.997887698641,-46.4804489307939));
#2812=CARTESIAN_POINT('',(-288.500951682236,-380.074170147781,-46.4418471269246));
#2813=CARTESIAN_POINT('',(-288.9291364208,-380.257900903139,-46.3240394909884));
#2814=CARTESIAN_POINT('',(-289.33670370317,-380.580033871623,-46.0071584824415));
#2815=CARTESIAN_POINT('',(-289.489593716404,-380.901742939766,-45.5317504492018));
#2816=CARTESIAN_POINT('',(-289.335287261308,-381.293410578555,-44.6802452846477));
#2817=CARTESIAN_POINT('',(-288.435998092497,-381.644263182633,-43.1960771898075));
#2818=CARTESIAN_POINT('',(-287.415657998191,-381.90281981824,-41.9166428285166));
#2819=CARTESIAN_POINT('',(-286.943408531394,-382.058030597391,-41.3428188089346));
#2820=CARTESIAN_POINT('',(-285.9989095978,-382.368452155693,-40.1951707697706));
#2821=CARTESIAN_POINT('',(-284.413276373458,-383.196754963079,-38.4270199799497));
#2822=CARTESIAN_POINT('',(-283.286748860796,-383.714636212163,-36.9911380767941));
#2823=CARTESIAN_POINT('',(-282.801355638882,-383.714636212163,-36.1757589242953));
#2824=CARTESIAN_POINT('',(-282.558659027926,-383.714636212163,-35.7680693480459));
#2825=CARTESIAN_POINT('',(-282.11220107322,-383.585165899892,-34.9039710950866));
#2826=CARTESIAN_POINT('',(-281.577560617278,-383.162152809568,-33.8897202949149));
#2827=CARTESIAN_POINT('',(-281.119563736638,-382.704537565734,-33.2304447247011));
#2828=CARTESIAN_POINT('',(-280.744773909811,-382.35555762323,-32.8042862101011));
#2829=CARTESIAN_POINT('',(-280.322542008233,-382.054643047258,-32.4386614866597));
#2830=CARTESIAN_POINT('',(-279.991231436206,-381.940897889179,-32.220661049236));
#2831=CARTESIAN_POINT('',(-279.808571843831,-381.919446695335,-32.1144465544329));
#2832=CARTESIAN_POINT('',(-288.646199050575,-381.076536787574,-46.8018616933974));
#2833=CARTESIAN_POINT('',(-288.868160092664,-381.148921593327,-46.7686760964068));
#2834=CARTESIAN_POINT('',(-289.266298814713,-381.365181963972,-46.6816403360988));
#2835=CARTESIAN_POINT('',(-289.668507037365,-381.793793307693,-46.4266451730388));
#2836=CARTESIAN_POINT('',(-289.818065625561,-382.216373949512,-45.9847606637639));
#2837=CARTESIAN_POINT('',(-289.635877109108,-382.72837880092,-45.1360045826445));
#2838=CARTESIAN_POINT('',(-288.608765672001,-383.190576603621,-43.5688700889597));
#2839=CARTESIAN_POINT('',(-287.44535786032,-383.520597863599,-42.174693691042));
#2840=CARTESIAN_POINT('',(-286.905961501225,-383.713155538912,-41.5423549285411));
#2841=CARTESIAN_POINT('',(-285.827168783035,-384.098270889538,-40.2776774035392));
#2842=CARTESIAN_POINT('',(-284.00804372062,-385.088877953384,-38.2663178451985));
#2843=CARTESIAN_POINT('',(-282.751597064487,-385.694369666605,-36.6277042864647));
#2844=CARTESIAN_POINT('',(-282.235482752579,-385.694369666605,-35.7357727610698));
#2845=CARTESIAN_POINT('',(-281.977425596625,-385.694369666605,-35.2898069983723));
#2846=CARTESIAN_POINT('',(-281.517365792796,-385.5429967383,-34.3615630999633));
#2847=CARTESIAN_POINT('',(-281.010162210867,-385.026114111046,-33.322055664289));
#2848=CARTESIAN_POINT('',(-280.601762990635,-384.446467641456,-32.6898752000749));
#2849=CARTESIAN_POINT('',(-280.286527402792,-383.983316890893,-32.3114938270118));
#2850=CARTESIAN_POINT('',(-279.954737646957,-383.546404527484,-32.0249076619814));
#2851=CARTESIAN_POINT('',(-279.687717772039,-383.384784990098,-31.8546869074028));
#2852=CARTESIAN_POINT('',(-279.534053510399,-383.364429842655,-31.7646956731623));
#2853=CARTESIAN_POINT('',(-288.734638126862,-381.569525735821,-46.8989894973718));
#2854=CARTESIAN_POINT('',(-288.907576351098,-381.627246034472,-46.8734980030504));
#2855=CARTESIAN_POINT('',(-289.240961500293,-381.90597710977,-46.8334343050363));
#2856=CARTESIAN_POINT('',(-289.618532520415,-382.418925397861,-46.609336178324));
#2857=CARTESIAN_POINT('',(-289.74867325732,-382.912221196381,-46.1816480959129));
#2858=CARTESIAN_POINT('',(-289.537552233845,-383.504545160026,-45.331799425676));
#2859=CARTESIAN_POINT('',(-288.449819139989,-384.048817209577,-43.7299713757949));
#2860=CARTESIAN_POINT('',(-287.228224868702,-384.435211353014,-42.2859487837311));
#2861=CARTESIAN_POINT('',(-286.661412318827,-384.656198784631,-41.6265286681758));
#2862=CARTESIAN_POINT('',(-285.527787219078,-385.098173647865,-40.3076884370651));
#2863=CARTESIAN_POINT('',(-283.612413705731,-386.204446253524,-38.1707374186561));
#2864=CARTESIAN_POINT('',(-282.30635868956,-386.86874399595,-36.4183162504146));
#2865=CARTESIAN_POINT('',(-281.782052086987,-386.86874399595,-35.4840058694713));
#2866=CARTESIAN_POINT('',(-281.5198987857,-386.86874399595,-35.0168506789997));
#2867=CARTESIAN_POINT('',(-281.059952635883,-386.702669560344,-34.0534903996453));
#2868=CARTESIAN_POINT('',(-280.577025158401,-386.121821586767,-32.9984715172811));
#2869=CARTESIAN_POINT('',(-280.204548749031,-385.458348946433,-32.3770490192013));
#2870=CARTESIAN_POINT('',(-279.931531509282,-384.908390834862,-32.0235478259982));
#2871=CARTESIAN_POINT('',(-279.664261617784,-384.353122591387,-31.7838816896027));
#2872=CARTESIAN_POINT('',(-279.493677889127,-384.075980061448,-31.6875012255779));
#2873=CARTESIAN_POINT('',(-279.376719542072,-384.059746997459,-31.6187633061749));
#2874=CARTESIAN_POINT('',(-288.745045128991,-381.69706500259,-46.9202727799707));
#2875=CARTESIAN_POINT('',(-288.841428497368,-381.792597655231,-46.9177190117106));
#2876=CARTESIAN_POINT('',(-289.152879416746,-382.124360858834,-46.8899913354804));
#2877=CARTESIAN_POINT('',(-289.510403501283,-382.682244213607,-46.6724969711141));
#2878=CARTESIAN_POINT('',(-289.623757069152,-383.210685637708,-46.2463484825985));
#2879=CARTESIAN_POINT('',(-289.392930748898,-383.841773951151,-45.393282515777));
#2880=CARTESIAN_POINT('',(-288.282457599951,-384.428613224545,-43.7803304346205));
#2881=CARTESIAN_POINT('',(-287.044508170863,-384.845688038438,-42.3205949301385));
#2882=CARTESIAN_POINT('',(-286.469932067655,-385.081899441215,-41.6518054908204));
#2883=CARTESIAN_POINT('',(-285.320779861239,-385.55432224677,-40.3142266121843));
#2884=CARTESIAN_POINT('',(-283.377664339093,-386.720559824529,-38.1276953582953));
#2885=CARTESIAN_POINT('',(-282.05939442079,-387.414374596732,-36.3265020801052));
#2886=CARTESIAN_POINT('',(-281.535087818216,-387.414374596732,-35.374261177168));
#2887=CARTESIAN_POINT('',(-281.27293451693,-387.414374596732,-34.8981407256994));
#2888=CARTESIAN_POINT('',(-280.816042092645,-387.240920903682,-33.920077690841));
#2889=CARTESIAN_POINT('',(-280.346862193753,-386.628184328915,-32.8574392473214));
#2890=CARTESIAN_POINT('',(-279.992719764961,-385.923072258536,-32.2379901104513));
#2891=CARTESIAN_POINT('',(-279.739930068047,-385.327831441493,-31.8922896457456));
#2892=CARTESIAN_POINT('',(-279.502173875333,-384.707238501218,-31.6690311479609));
#2893=CARTESIAN_POINT('',(-279.370045051554,-384.345956229692,-31.5986043112576));
#2894=CARTESIAN_POINT('',(-279.333504920535,-384.243972194331,-31.5826092024184));
#2895=CARTESIAN_POINT('',(-288.745045128991,-381.69706500259,-46.9202727799707));
#2896=CARTESIAN_POINT('',(-288.841428497368,-381.792597655231,-46.9177190117106));
#2897=CARTESIAN_POINT('',(-289.152879416746,-382.124360858834,-46.8899913354804));
#2898=CARTESIAN_POINT('',(-289.510403501283,-382.682244213607,-46.6724969711141));
#2899=CARTESIAN_POINT('',(-289.623757069152,-383.210685637708,-46.2463484825985));
#2900=CARTESIAN_POINT('',(-289.392930748898,-383.841773951151,-45.393282515777));
#2901=CARTESIAN_POINT('',(-288.282457599951,-384.428613224545,-43.7803304346205));
#2902=CARTESIAN_POINT('',(-287.044508170863,-384.845688038438,-42.3205949301385));
#2903=CARTESIAN_POINT('',(-286.469932067655,-385.081899441215,-41.6518054908204));
#2904=CARTESIAN_POINT('',(-285.320779861239,-385.55432224677,-40.3142266121843));
#2905=CARTESIAN_POINT('',(-283.377664339093,-386.720559824529,-38.1276953582953));
#2906=CARTESIAN_POINT('',(-282.05939442079,-387.414374596732,-36.3265020801052));
#2907=CARTESIAN_POINT('',(-281.535087818216,-387.414374596732,-35.374261177168));
#2908=CARTESIAN_POINT('',(-281.27293451693,-387.414374596732,-34.8981407256993));
#2909=CARTESIAN_POINT('',(-280.816042092645,-387.240920903681,-33.920077690841));
#2910=CARTESIAN_POINT('',(-280.346862193753,-386.628184328915,-32.8574392473214));
#2911=CARTESIAN_POINT('',(-279.992719764961,-385.923072258536,-32.2379901104513));
#2912=CARTESIAN_POINT('',(-279.739930068047,-385.327831441493,-31.8922896457456));
#2913=CARTESIAN_POINT('',(-279.502173875333,-384.707238501218,-31.6690311479609));
#2914=CARTESIAN_POINT('',(-279.370045051554,-384.345956229692,-31.5986043112575));
#2915=CARTESIAN_POINT('',(-279.333504920535,-384.243972194331,-31.5826092024184));
#2916=CARTESIAN_POINT('',(-288.668490273133,-381.73487735658,-46.943210506032));
#2917=CARTESIAN_POINT('',(-288.775280643639,-381.957949275991,-46.9619400203708));
#2918=CARTESIAN_POINT('',(-289.064797333198,-382.342744607899,-46.9465483659246));
#2919=CARTESIAN_POINT('',(-289.402274482151,-382.945563029354,-46.7356577639041));
#2920=CARTESIAN_POINT('',(-289.498840880984,-383.509150079034,-46.3110488692842));
#2921=CARTESIAN_POINT('',(-289.24830926395,-384.179002742276,-45.4547656058781));
#2922=CARTESIAN_POINT('',(-288.115096059913,-384.808409239513,-43.830689493446));
#2923=CARTESIAN_POINT('',(-286.860791473025,-385.256164723862,-42.3552410765459));
#2924=CARTESIAN_POINT('',(-286.278451816483,-385.507600097799,-41.677082313465));
#2925=CARTESIAN_POINT('',(-285.1137725034,-386.010470845675,-40.3207647873034));
#2926=CARTESIAN_POINT('',(-283.142914972455,-387.236673395533,-38.0846532979344));
#2927=CARTESIAN_POINT('',(-281.812430152019,-387.960005197515,-36.2346879097958));
#2928=CARTESIAN_POINT('',(-281.288123549446,-387.960005197515,-35.2645164848646));
#2929=CARTESIAN_POINT('',(-281.025970248159,-387.960005197515,-34.779430772399));
#2930=CARTESIAN_POINT('',(-280.572131549408,-387.779172247019,-33.7866649820368));
#2931=CARTESIAN_POINT('',(-280.116699229104,-387.134547071063,-32.7164069773617));
#2932=CARTESIAN_POINT('',(-279.780890780891,-386.387795570638,-32.0989312017012));
#2933=CARTESIAN_POINT('',(-279.548328626813,-385.747272048124,-31.761031465493));
#2934=CARTESIAN_POINT('',(-279.340086132882,-385.061354411049,-31.5541806063192));
#2935=CARTESIAN_POINT('',(-279.246412213981,-384.615932397937,-31.5097073969372));
#2936=CARTESIAN_POINT('',(-279.253086704499,-384.329723165703,-31.5298663918545));
#2937=CARTESIAN_POINT('',(-288.337224354101,-381.850412209366,-47.0098181220318));
#2938=CARTESIAN_POINT('',(-288.471103312642,-382.141180764184,-47.0331895554853));
#2939=CARTESIAN_POINT('',(-288.737806313426,-382.675484458359,-47.0209825187635));
#2940=CARTESIAN_POINT('',(-289.019732922574,-383.373706202172,-46.8056099297792));
#2941=CARTESIAN_POINT('',(-289.068568496554,-384.007160597472,-46.372962983878));
#2942=CARTESIAN_POINT('',(-288.768148199422,-384.751751547669,-45.5049031232508));
#2943=CARTESIAN_POINT('',(-287.604596431773,-385.469352693427,-43.871024441913));
#2944=CARTESIAN_POINT('',(-286.343057673288,-385.983457976143,-42.3825705694862));
#2945=CARTESIAN_POINT('',(-285.757079994192,-386.267359478418,-41.6940158644088));
#2946=CARTESIAN_POINT('',(-284.585124636001,-386.835162482969,-40.3169064542542));
#2947=CARTESIAN_POINT('',(-282.59954752079,-388.185559379409,-38.0080654830334));
#2948=CARTESIAN_POINT('',(-281.269811451863,-388.968153271299,-36.0768192646084));
#2949=CARTESIAN_POINT('',(-280.753697139954,-388.968153271299,-35.0773046072495));
#2950=CARTESIAN_POINT('',(-280.495639984,-388.968153271299,-34.57754727857));
#2951=CARTESIAN_POINT('',(-280.05390253337,-388.772504798326,-33.5610868471379));
#2952=CARTESIAN_POINT('',(-279.629184422975,-388.064290563936,-32.4758620445307));
#2953=CARTESIAN_POINT('',(-279.330789086214,-387.234807514071,-31.8555217475745));
#2954=CARTESIAN_POINT('',(-279.136918755383,-386.499960530678,-31.5239447454962));
#2955=CARTESIAN_POINT('',(-278.982211192252,-385.671099986469,-31.3358044121307));
#2956=CARTESIAN_POINT('',(-278.945592613302,-385.004673154323,-31.321856386529));
#2957=CARTESIAN_POINT('',(-278.954016094112,-384.63020209705,-31.3467156939303));
#2958=CARTESIAN_POINT('',(-287.395730343831,-381.975720862668,-47.0021352148328));
#2959=CARTESIAN_POINT('',(-287.536818169371,-382.315165310105,-47.027133390805));
#2960=CARTESIAN_POINT('',(-287.775145101341,-382.946969717159,-47.0052266755088));
#2961=CARTESIAN_POINT('',(-287.956540872536,-383.774150855471,-46.7578956266442));
#2962=CARTESIAN_POINT('',(-287.917293547534,-384.501534512705,-46.2973318276601));
#2963=CARTESIAN_POINT('',(-287.536009487176,-385.349716641476,-45.4069503067109));
#2964=CARTESIAN_POINT('',(-286.377433550894,-386.20320270185,-43.7909435721842));
#2965=CARTESIAN_POINT('',(-285.171918413028,-386.825180398532,-42.3259004329535));
#2966=CARTESIAN_POINT('',(-284.611692545896,-387.160894764555,-41.6414012764243));
#2967=CARTESIAN_POINT('',(-283.491240811633,-387.832323496601,-40.2724029633657));
#2968=CARTESIAN_POINT('',(-281.590590957525,-389.372985102146,-37.9185856419373));
#2969=CARTESIAN_POINT('',(-280.328071724764,-390.242217975645,-35.9065831900145));
#2970=CARTESIAN_POINT('',(-279.84575061185,-390.242217975645,-34.8793997464616));
#2971=CARTESIAN_POINT('',(-279.604590055393,-390.242217975645,-34.3658080246852));
#2972=CARTESIAN_POINT('',(-279.196738194212,-390.024909757271,-33.3280334723365));
#2973=CARTESIAN_POINT('',(-278.825497953316,-389.225526342689,-32.2229676042559));
#2974=CARTESIAN_POINT('',(-278.583091385697,-388.278684168649,-31.5853843598114));
#2975=CARTESIAN_POINT('',(-278.439481906885,-387.411455711718,-31.2449624143489));
#2976=CARTESIAN_POINT('',(-278.34497050933,-386.383701323168,-31.0568367196181));
#2977=CARTESIAN_POINT('',(-278.330526776542,-385.573313826517,-31.044974795222));
#2978=CARTESIAN_POINT('',(-278.339403829395,-385.132265447985,-31.0704387272808));
#2979=CARTESIAN_POINT('',(-285.986805709502,-382.012693557212,-46.8588563395763));
#2980=CARTESIAN_POINT('',(-286.120684668043,-382.382915534492,-46.8833786513731));
#2981=CARTESIAN_POINT('',(-286.320615082428,-383.075288885185,-46.8506964113754));
#2982=CARTESIAN_POINT('',(-286.4134399651,-383.986538672942,-46.5740044787292));
#2983=CARTESIAN_POINT('',(-286.295605878047,-384.787379795739,-46.0871559915579));
#2984=CARTESIAN_POINT('',(-285.852830827922,-385.730491837287,-45.1811652934616));
#2985=CARTESIAN_POINT('',(-284.754773436872,-386.717868093435,-43.6108456251495));
#2986=CARTESIAN_POINT('',(-283.662603243634,-387.449448264554,-42.1997899441579));
#2987=CARTESIAN_POINT('',(-283.15487962772,-387.837148278757,-41.5336171426757));
#2988=CARTESIAN_POINT('',(-282.139432395893,-388.612548307163,-40.2012715397111));
#2989=CARTESIAN_POINT('',(-280.415429777886,-390.338627793122,-37.8514206458899));
#2990=CARTESIAN_POINT('',(-279.276779131782,-391.289307250674,-35.7922018155008));
#2991=CARTESIAN_POINT('',(-278.846683871859,-391.289307250674,-34.7504882759682));
#2992=CARTESIAN_POINT('',(-278.631636241897,-391.289307250674,-34.2296315062019));
#2993=CARTESIAN_POINT('',(-278.271156013538,-391.051637386286,-33.1818659045003));
#2994=CARTESIAN_POINT('',(-277.958549593223,-390.168949174603,-32.0613602606589));
#2995=CARTESIAN_POINT('',(-277.769634547784,-389.116582344401,-31.4010754687821));
#2996=CARTESIAN_POINT('',(-277.666021942561,-388.1464539993,-31.0429866593724));
#2997=CARTESIAN_POINT('',(-277.60797164964,-386.987727339727,-30.8410875573601));
#2998=CARTESIAN_POINT('',(-277.604638751527,-386.084347295684,-30.8233245762168));
#2999=CARTESIAN_POINT('',(-277.613062232337,-385.598642523909,-30.8468296778446));
#3000=CARTESIAN_POINT('',(-283.479450820039,-381.946427818018,-46.5020395085108));
#3001=CARTESIAN_POINT('',(-283.589986780681,-382.341538665006,-46.5242783373285));
#3002=CARTESIAN_POINT('',(-283.733181758803,-383.083112155772,-46.4798295234461));
#3003=CARTESIAN_POINT('',(-283.737227402152,-384.069349658452,-46.1780420538366));
#3004=CARTESIAN_POINT('',(-283.553410227319,-384.949286303817,-45.6728055012084));
#3005=CARTESIAN_POINT('',(-283.088348910832,-386.007229856089,-44.7701115413689));
#3006=CARTESIAN_POINT('',(-282.151785248016,-387.163016533915,-43.2914472128595));
#3007=CARTESIAN_POINT('',(-281.274432007627,-388.03421654365,-41.9766875209866));
#3008=CARTESIAN_POINT('',(-280.866434103619,-388.487539952258,-41.346806061507));
#3009=CARTESIAN_POINT('',(-280.050438295604,-389.394186769474,-40.0870431425476));
#3010=CARTESIAN_POINT('',(-278.663876409065,-391.349267633831,-37.7875043962827));
#3011=CARTESIAN_POINT('',(-277.753330267936,-392.397701680972,-35.6998833254465));
#3012=CARTESIAN_POINT('',(-277.41335020533,-392.397701680972,-34.6520380819157));
#3013=CARTESIAN_POINT('',(-277.243360174027,-392.397701680972,-34.1281154601502));
#3014=CARTESIAN_POINT('',(-276.9610266154,-392.135593169187,-33.0782528625631));
#3015=CARTESIAN_POINT('',(-276.730472419227,-391.157184372993,-31.9454187817083));
#3016=CARTESIAN_POINT('',(-276.606394608852,-389.986692315962,-31.2575705474639));
#3017=CARTESIAN_POINT('',(-276.544554395015,-388.91260509527,-30.8747129183053));
#3018=CARTESIAN_POINT('',(-276.514967695786,-387.639964028783,-30.6487028669764));
#3019=CARTESIAN_POINT('',(-276.517435819812,-386.657610308674,-30.6184739055136));
#3020=CARTESIAN_POINT('',(-276.524390591148,-386.132562585027,-30.6374403648555));
#3021=CARTESIAN_POINT('',(-279.155876104519,-381.651075546223,-45.7733396496093));
#3022=CARTESIAN_POINT('',(-279.221785745647,-382.061488999468,-45.7917969011438));
#3023=CARTESIAN_POINT('',(-279.298337252307,-382.838547895516,-45.7450824566643));
#3024=CARTESIAN_POINT('',(-279.2714412681,-383.891607588224,-45.4581277808979));
#3025=CARTESIAN_POINT('',(-279.126902122284,-384.850914009533,-44.9882939296823));
#3026=CARTESIAN_POINT('',(-278.809432489172,-386.030018716033,-44.1633483389263));
#3027=CARTESIAN_POINT('',(-278.238887956706,-387.363393320483,-42.8449875798481));
#3028=CARTESIAN_POINT('',(-277.725591447397,-388.380354999934,-41.6653287297656));
#3029=CARTESIAN_POINT('',(-277.486834748693,-388.901435178586,-41.0895951888167));
#3030=CARTESIAN_POINT('',(-277.009321351287,-389.943595535889,-39.938128106919));
#3031=CARTESIAN_POINT('',(-276.197427004084,-392.128710961902,-37.747961015862));
#3032=CARTESIAN_POINT('',(-275.666431078323,-393.271666030611,-35.6705609975436));
#3033=CARTESIAN_POINT('',(-275.469816102358,-393.271666030611,-34.6318609883844));
#3034=CARTESIAN_POINT('',(-275.371508614375,-393.271666030611,-34.1125109838049));
#3035=CARTESIAN_POINT('',(-275.209335131868,-392.985927263434,-33.0738109746457));
#3036=CARTESIAN_POINT('',(-275.0829830758,-391.925778572469,-31.9455303632458));
#3037=CARTESIAN_POINT('',(-275.021876947238,-390.662697492072,-31.2470191541848));
#3038=CARTESIAN_POINT('',(-274.994574268476,-389.509611370854,-30.8507065474259));
#3039=CARTESIAN_POINT('',(-274.984337666886,-388.152455691609,-30.6074789007112));
#3040=CARTESIAN_POINT('',(-274.987916756951,-387.112776035355,-30.5643932162691));
#3041=CARTESIAN_POINT('',(-274.99206370135,-386.559493198521,-30.5768692540578));
#3042=CARTESIAN_POINT('',(-273.016081562942,-381.388856144025,-45.2230482062406));
#3043=CARTESIAN_POINT('',(-273.016081562942,-381.802127768674,-45.2388656219814));
#3044=CARTESIAN_POINT('',(-273.016081562942,-382.590071999966,-45.1957688338471));
#3045=CARTESIAN_POINT('',(-273.016081562942,-383.672460025241,-44.9361947204055));
#3046=CARTESIAN_POINT('',(-273.016081562942,-384.671588461211,-44.5109576033309));
#3047=CARTESIAN_POINT('',(-273.016081562942,-385.914438566576,-43.76211201253));
#3048=CARTESIAN_POINT('',(-273.016081562942,-387.34119588681,-42.5582271529816));
#3049=CARTESIAN_POINT('',(-273.016081562942,-388.434109316671,-41.4655211501303));
#3050=CARTESIAN_POINT('',(-273.016081562942,-388.990134568164,-40.9257898567109));
#3051=CARTESIAN_POINT('',(-273.016081562942,-390.102185071149,-39.8463272698721));
#3052=CARTESIAN_POINT('',(-273.016081562942,-392.402834369618,-37.7403757602449));
#3053=CARTESIAN_POINT('',(-273.016081562942,-393.591433165102,-35.687397914668));
#3054=CARTESIAN_POINT('',(-273.016081562942,-393.591433165102,-34.6609089918795));
#3055=CARTESIAN_POINT('',(-273.016081562942,-393.591433165102,-34.1476645304852));
#3056=CARTESIAN_POINT('',(-273.016081562942,-393.294283466231,-33.1211756076968));
#3057=CARTESIAN_POINT('',(-273.016081562942,-392.20025517275,-32.0036126842586));
#3058=CARTESIAN_POINT('',(-273.016081562942,-390.903647682402,-31.3082202215648));
#3059=CARTESIAN_POINT('',(-273.016081562942,-389.723542098453,-30.91083704708));
#3060=CARTESIAN_POINT('',(-273.016081562942,-388.338829009907,-30.6624472796378));
#3061=CARTESIAN_POINT('',(-273.016081562942,-387.281310255541,-30.6127378623761));
#3062=CARTESIAN_POINT('',(-273.016081562942,-386.719463781456,-30.6209927997547));
#3063=CARTESIAN_POINT('',(-266.876287021366,-381.651075546223,-45.7733396496093));
#3064=CARTESIAN_POINT('',(-266.810377380238,-382.061488999468,-45.7917969011438));
#3065=CARTESIAN_POINT('',(-266.733825873578,-382.838547895516,-45.7450824566643));
#3066=CARTESIAN_POINT('',(-266.760721857785,-383.891607588224,-45.4581277808979));
#3067=CARTESIAN_POINT('',(-266.9052610036,-384.850914009533,-44.9882939296822));
#3068=CARTESIAN_POINT('',(-267.222730636713,-386.030018716033,-44.1633483389263));
#3069=CARTESIAN_POINT('',(-267.793275169178,-387.363393320483,-42.8449875798481));
#3070=CARTESIAN_POINT('',(-268.306571678488,-388.380354999934,-41.6653287297656));
#3071=CARTESIAN_POINT('',(-268.545328377191,-388.901435178586,-41.0895951888167));
#3072=CARTESIAN_POINT('',(-269.022841774598,-389.943595535889,-39.938128106919));
#3073=CARTESIAN_POINT('',(-269.834736121801,-392.128710961902,-37.747961015862));
#3074=CARTESIAN_POINT('',(-270.365732047562,-393.271666030611,-35.6705609975436));
#3075=CARTESIAN_POINT('',(-270.562347023527,-393.271666030611,-34.6318609883844));
#3076=CARTESIAN_POINT('',(-270.660654511509,-393.271666030611,-34.1125109838049));
#3077=CARTESIAN_POINT('',(-270.822827994017,-392.985927263434,-33.0738109746457));
#3078=CARTESIAN_POINT('',(-270.949180050085,-391.925778572469,-31.9455303632458));
#3079=CARTESIAN_POINT('',(-271.010286178647,-390.662697492072,-31.2470191541848));
#3080=CARTESIAN_POINT('',(-271.037588857409,-389.509611370854,-30.8507065474259));
#3081=CARTESIAN_POINT('',(-271.047825458998,-388.152455691609,-30.6074789007112));
#3082=CARTESIAN_POINT('',(-271.044246368934,-387.112776035355,-30.5643932162691));
#3083=CARTESIAN_POINT('',(-271.040099424535,-386.559493198521,-30.5768692540578));
#3084=CARTESIAN_POINT('',(-262.552712305846,-381.946427818018,-46.5020395085108));
#3085=CARTESIAN_POINT('',(-262.442176345204,-382.341538665006,-46.5242783373285));
#3086=CARTESIAN_POINT('',(-262.298981367082,-383.083112155772,-46.4798295234461));
#3087=CARTESIAN_POINT('',(-262.294935723732,-384.069349658452,-46.1780420538366));
#3088=CARTESIAN_POINT('',(-262.478752898565,-384.949286303817,-45.6728055012084));
#3089=CARTESIAN_POINT('',(-262.943814215053,-386.007229856089,-44.770111541369));
#3090=CARTESIAN_POINT('',(-263.880377877868,-387.163016533915,-43.2914472128595));
#3091=CARTESIAN_POINT('',(-264.757731118258,-388.03421654365,-41.9766875209866));
#3092=CARTESIAN_POINT('',(-265.165729022265,-388.487539952258,-41.3468060615069));
#3093=CARTESIAN_POINT('',(-265.981724830281,-389.394186769474,-40.0870431425476));
#3094=CARTESIAN_POINT('',(-267.36828671682,-391.349267633831,-37.7875043962827));
#3095=CARTESIAN_POINT('',(-268.278832857948,-392.397701680972,-35.6998833254465));
#3096=CARTESIAN_POINT('',(-268.618812920555,-392.397701680972,-34.6520380819157));
#3097=CARTESIAN_POINT('',(-268.788802951858,-392.397701680972,-34.1281154601503));
#3098=CARTESIAN_POINT('',(-269.071136510485,-392.135593169187,-33.0782528625631));
#3099=CARTESIAN_POINT('',(-269.301690706658,-391.157184372993,-31.9454187817083));
#3100=CARTESIAN_POINT('',(-269.425768517033,-389.986692315962,-31.2575705474639));
#3101=CARTESIAN_POINT('',(-269.48760873087,-388.91260509527,-30.8747129183053));
#3102=CARTESIAN_POINT('',(-269.517195430099,-387.639964028783,-30.6487028669764));
#3103=CARTESIAN_POINT('',(-269.514727306072,-386.657610308674,-30.6184739055136));
#3104=CARTESIAN_POINT('',(-269.507772534737,-386.132562585027,-30.6374403648555));
#3105=CARTESIAN_POINT('',(-260.045357416383,-382.012693557212,-46.8588563395764));
#3106=CARTESIAN_POINT('',(-259.911478457842,-382.382915534492,-46.8833786513731));
#3107=CARTESIAN_POINT('',(-259.711548043456,-383.075288885185,-46.8506964113753));
#3108=CARTESIAN_POINT('',(-259.618723160785,-383.986538672942,-46.5740044787293));
#3109=CARTESIAN_POINT('',(-259.736557247838,-384.787379795739,-46.0871559915579));
#3110=CARTESIAN_POINT('',(-260.179332297963,-385.730491837287,-45.1811652934616));
#3111=CARTESIAN_POINT('',(-261.277389689012,-386.717868093435,-43.6108456251495));
#3112=CARTESIAN_POINT('',(-262.369559882251,-387.449448264554,-42.199789944158));
#3113=CARTESIAN_POINT('',(-262.877283498164,-387.837148278757,-41.5336171426757));
#3114=CARTESIAN_POINT('',(-263.892730729991,-388.612548307163,-40.2012715397111));
#3115=CARTESIAN_POINT('',(-265.616733347998,-390.338627793122,-37.8514206458899));
#3116=CARTESIAN_POINT('',(-266.755383994102,-391.289307250674,-35.7922018155008));
#3117=CARTESIAN_POINT('',(-267.185479254026,-391.289307250674,-34.7504882759682));
#3118=CARTESIAN_POINT('',(-267.400526883987,-391.289307250674,-34.2296315062019));
#3119=CARTESIAN_POINT('',(-267.761007112347,-391.051637386286,-33.1818659045003));
#3120=CARTESIAN_POINT('',(-268.073613532662,-390.168949174603,-32.0613602606589));
#3121=CARTESIAN_POINT('',(-268.2625285781,-389.116582344401,-31.4010754687821));
#3122=CARTESIAN_POINT('',(-268.366141183324,-388.1464539993,-31.0429866593723));
#3123=CARTESIAN_POINT('',(-268.424191476245,-386.987727339727,-30.8410875573601));
#3124=CARTESIAN_POINT('',(-268.427524374358,-386.084347295684,-30.8233245762168));
#3125=CARTESIAN_POINT('',(-268.419100893548,-385.598642523909,-30.8468296778446));
#3126=CARTESIAN_POINT('',(-258.636432782053,-381.975720862668,-47.0021352148328));
#3127=CARTESIAN_POINT('',(-258.495344956514,-382.315165310105,-47.027133390805));
#3128=CARTESIAN_POINT('',(-258.257018024543,-382.946969717159,-47.0052266755088));
#3129=CARTESIAN_POINT('',(-258.075622253348,-383.774150855471,-46.7578956266442));
#3130=CARTESIAN_POINT('',(-258.114869578351,-384.501534512706,-46.2973318276601));
#3131=CARTESIAN_POINT('',(-258.496153638708,-385.349716641476,-45.4069503067109));
#3132=CARTESIAN_POINT('',(-259.65472957499,-386.20320270185,-43.7909435721842));
#3133=CARTESIAN_POINT('',(-260.860244712857,-386.825180398532,-42.3259004329536));
#3134=CARTESIAN_POINT('',(-261.420470579988,-387.160894764555,-41.6414012764243));
#3135=CARTESIAN_POINT('',(-262.540922314251,-387.832323496601,-40.2724029633657));
#3136=CARTESIAN_POINT('',(-264.44157216836,-389.372985102146,-37.9185856419374));
#3137=CARTESIAN_POINT('',(-265.70409140112,-390.242217975645,-35.9065831900145));
#3138=CARTESIAN_POINT('',(-266.186412514035,-390.242217975645,-34.8793997464616));
#3139=CARTESIAN_POINT('',(-266.427573070492,-390.242217975645,-34.3658080246852));
#3140=CARTESIAN_POINT('',(-266.835424931673,-390.024909757271,-33.3280334723365));
#3141=CARTESIAN_POINT('',(-267.206665172569,-389.225526342688,-32.2229676042559));
#3142=CARTESIAN_POINT('',(-267.449071740188,-388.278684168649,-31.5853843598114));
#3143=CARTESIAN_POINT('',(-267.592681219,-387.411455711718,-31.2449624143489));
#3144=CARTESIAN_POINT('',(-267.687192616554,-386.383701323168,-31.0568367196181));
#3145=CARTESIAN_POINT('',(-267.701636349343,-385.573313826517,-31.044974795222));
#3146=CARTESIAN_POINT('',(-267.692759296489,-385.132265447985,-31.0704387272808));
#3147=CARTESIAN_POINT('',(-257.694938771784,-381.850412209366,-47.0098181220318));
#3148=CARTESIAN_POINT('',(-257.561059813243,-382.141180764184,-47.0331895554854));
#3149=CARTESIAN_POINT('',(-257.294356812458,-382.675484458359,-47.0209825187636));
#3150=CARTESIAN_POINT('',(-257.012430203311,-383.373706202172,-46.8056099297792));
#3151=CARTESIAN_POINT('',(-256.96359462933,-384.007160597472,-46.372962983878));
#3152=CARTESIAN_POINT('',(-257.264014926463,-384.751751547669,-45.5049031232508));
#3153=CARTESIAN_POINT('',(-258.427566694112,-385.469352693427,-43.871024441913));
#3154=CARTESIAN_POINT('',(-259.689105452597,-385.983457976143,-42.3825705694862));
#3155=CARTESIAN_POINT('',(-260.275083131692,-386.267359478418,-41.6940158644088));
#3156=CARTESIAN_POINT('',(-261.447038489884,-386.835162482969,-40.3169064542542));
#3157=CARTESIAN_POINT('',(-263.432615605095,-388.185559379409,-38.0080654830334));
#3158=CARTESIAN_POINT('',(-264.762351674022,-388.968153271299,-36.0768192646084));
#3159=CARTESIAN_POINT('',(-265.27846598593,-388.968153271299,-35.0773046072495));
#3160=CARTESIAN_POINT('',(-265.536523141884,-388.968153271299,-34.57754727857));
#3161=CARTESIAN_POINT('',(-265.978260592515,-388.772504798326,-33.5610868471379));
#3162=CARTESIAN_POINT('',(-266.40297870291,-388.064290563936,-32.4758620445307));
#3163=CARTESIAN_POINT('',(-266.70137403967,-387.234807514071,-31.8555217475745));
#3164=CARTESIAN_POINT('',(-266.895244370502,-386.499960530678,-31.5239447454961));
#3165=CARTESIAN_POINT('',(-267.049951933632,-385.671099986469,-31.3358044121307));
#3166=CARTESIAN_POINT('',(-267.086570512582,-385.004673154323,-31.321856386529));
#3167=CARTESIAN_POINT('',(-267.078147031772,-384.63020209705,-31.3467156939303));
#3168=CARTESIAN_POINT('',(-257.363672852752,-381.73487735658,-46.943210506032));
#3169=CARTESIAN_POINT('',(-257.256882482246,-381.957949275991,-46.9619400203708));
#3170=CARTESIAN_POINT('',(-256.967365792687,-382.342744607899,-46.9465483659246));
#3171=CARTESIAN_POINT('',(-256.629888643733,-382.945563029354,-46.7356577639041));
#3172=CARTESIAN_POINT('',(-256.5333222449,-383.509150079034,-46.3110488692842));
#3173=CARTESIAN_POINT('',(-256.783853861935,-384.179002742276,-45.4547656058781));
#3174=CARTESIAN_POINT('',(-257.917067065972,-384.808409239513,-43.830689493446));
#3175=CARTESIAN_POINT('',(-259.17137165286,-385.256164723862,-42.3552410765459));
#3176=CARTESIAN_POINT('',(-259.753711309402,-385.507600097799,-41.677082313465));
#3177=CARTESIAN_POINT('',(-260.918390622485,-386.010470845675,-40.3207647873034));
#3178=CARTESIAN_POINT('',(-262.88924815343,-387.236673395533,-38.0846532979344));
#3179=CARTESIAN_POINT('',(-264.219732973866,-387.960005197515,-36.2346879097958));
#3180=CARTESIAN_POINT('',(-264.744039576439,-387.960005197515,-35.2645164848646));
#3181=CARTESIAN_POINT('',(-265.006192877726,-387.960005197515,-34.779430772399));
#3182=CARTESIAN_POINT('',(-265.460031576477,-387.779172247019,-33.7866649820368));
#3183=CARTESIAN_POINT('',(-265.91546389678,-387.134547071063,-32.7164069773617));
#3184=CARTESIAN_POINT('',(-266.251272344994,-386.387795570638,-32.0989312017012));
#3185=CARTESIAN_POINT('',(-266.483834499072,-385.747272048124,-31.761031465493));
#3186=CARTESIAN_POINT('',(-266.692076993002,-385.061354411049,-31.5541806063192));
#3187=CARTESIAN_POINT('',(-266.785750911904,-384.615932397937,-31.5097073969372));
#3188=CARTESIAN_POINT('',(-266.779076421386,-384.329723165703,-31.5298663918545));
#3189=CARTESIAN_POINT('',(-257.287117996894,-381.69706500259,-46.9202727799707));
#3190=CARTESIAN_POINT('',(-257.190734628516,-381.792597655231,-46.9177190117106));
#3191=CARTESIAN_POINT('',(-256.879283709139,-382.124360858834,-46.8899913354804));
#3192=CARTESIAN_POINT('',(-256.521759624601,-382.682244213607,-46.6724969711141));
#3193=CARTESIAN_POINT('',(-256.408406056732,-383.210685637708,-46.2463484825985));
#3194=CARTESIAN_POINT('',(-256.639232376987,-383.841773951151,-45.393282515777));
#3195=CARTESIAN_POINT('',(-257.749705525934,-384.428613224545,-43.7803304346205));
#3196=CARTESIAN_POINT('',(-258.987654955021,-384.845688038438,-42.3205949301385));
#3197=CARTESIAN_POINT('',(-259.56223105823,-385.081899441215,-41.6518054908204));
#3198=CARTESIAN_POINT('',(-260.711383264646,-385.55432224677,-40.3142266121843));
#3199=CARTESIAN_POINT('',(-262.654498786792,-386.720559824529,-38.1276953582953));
#3200=CARTESIAN_POINT('',(-263.972768705095,-387.414374596732,-36.3265020801052));
#3201=CARTESIAN_POINT('',(-264.497075307668,-387.414374596732,-35.374261177168));
#3202=CARTESIAN_POINT('',(-264.759228608955,-387.414374596732,-34.8981407256993));
#3203=CARTESIAN_POINT('',(-265.216121033239,-387.240920903682,-33.920077690841));
#3204=CARTESIAN_POINT('',(-265.685300932132,-386.628184328915,-32.8574392473214));
#3205=CARTESIAN_POINT('',(-266.039443360924,-385.923072258536,-32.2379901104513));
#3206=CARTESIAN_POINT('',(-266.292233057837,-385.327831441493,-31.8922896457456));
#3207=CARTESIAN_POINT('',(-266.529989250551,-384.707238501218,-31.6690311479609));
#3208=CARTESIAN_POINT('',(-266.662118074331,-384.345956229692,-31.5986043112575));
#3209=CARTESIAN_POINT('',(-266.69865820535,-384.243972194331,-31.5826092024184));
#3210=CARTESIAN_POINT('',(-266.69865820535,-353.756027805668,-31.5826092024184));
#3211=CARTESIAN_POINT('',(-266.69865820535,-384.243972194331,-31.5826092024184));
#3212=CARTESIAN_POINT('',(-279.333504920535,-353.756027805668,-31.5826092024184));
#3213=CARTESIAN_POINT('',(-279.333504920535,-384.243972194331,-31.5826092024184));
#3214=CARTESIAN_POINT('',(-256.542269676833,-354.477213925093,-45.8063894912236));
#3215=CARTESIAN_POINT('',(-256.542269676833,-383.522786074907,-45.8063894912234));
#3216=CARTESIAN_POINT('',(-289.489893449052,-354.477213925093,-45.8063894912235));
#3217=CARTESIAN_POINT('',(-289.489893449052,-383.522786074907,-45.8063894912233));
#3218=CARTESIAN_POINT('',(-257.287117996894,-381.69706500259,-46.9202727799707));
#3219=CARTESIAN_POINT('',(-257.287117996894,-356.302934997409,-46.9202727799707));
#3220=CARTESIAN_POINT('',(-288.745045128991,-356.302934997409,-46.9202727799707));
#3221=CARTESIAN_POINT('',(-288.745045128991,-381.69706500259,-46.9202727799707));
#3222=CARTESIAN_POINT('',(-266.69865820535,-353.756027805668,-31.5826092024184));
#3223=CARTESIAN_POINT('',(-266.655443583813,-353.940253002541,-31.6187633061749));
#3224=CARTESIAN_POINT('',(-266.498109615486,-354.635570157344,-31.7646956731623));
#3225=CARTESIAN_POINT('',(-266.223591282053,-356.080553304664,-32.114446554433));
#3226=CARTESIAN_POINT('',(-265.954339780005,-357.80869034525,-32.5564032983962));
#3227=CARTESIAN_POINT('',(-265.627661205717,-360.424491642785,-33.2156064618229));
#3228=CARTESIAN_POINT('',(-265.327358766055,-364.154928194368,-34.0713239024084));
#3229=CARTESIAN_POINT('',(-265.190395613536,-369.,-34.5974397612805));
#3230=CARTESIAN_POINT('',(-265.327358766055,-373.845071805631,-34.0713239024084));
#3231=CARTESIAN_POINT('',(-265.627661205717,-377.575508357214,-33.2156064618229));
#3232=CARTESIAN_POINT('',(-265.954339780005,-380.191309654749,-32.5564032983962));
#3233=CARTESIAN_POINT('',(-266.223591282053,-381.919446695335,-32.114446554433));
#3234=CARTESIAN_POINT('',(-266.498109615486,-383.364429842655,-31.7646956731624));
#3235=CARTESIAN_POINT('',(-266.655443583813,-384.059746997459,-31.6187633061749));
#3236=CARTESIAN_POINT('',(-266.69865820535,-384.243972194331,-31.5826092024184));
#3237=CARTESIAN_POINT('',(-266.69865820535,-353.756027805668,-31.5826092024184));
#3238=CARTESIAN_POINT('',(-266.662118074331,-353.654043770307,-31.5986043112576));
#3239=CARTESIAN_POINT('',(-266.529989250551,-353.292761498782,-31.669031147961));
#3240=CARTESIAN_POINT('',(-266.292233057837,-352.672168558506,-31.8922896457456));
#3241=CARTESIAN_POINT('',(-266.039443360924,-352.076927741464,-32.2379901104513));
#3242=CARTESIAN_POINT('',(-265.685300932132,-351.371815671084,-32.8574392473214));
#3243=CARTESIAN_POINT('',(-265.216121033239,-350.759079096318,-33.9200776908411));
#3244=CARTESIAN_POINT('',(-264.759228608955,-350.585625403267,-34.8981407256994));
#3245=CARTESIAN_POINT('',(-264.497075307668,-350.585625403267,-35.374261177168));
#3246=CARTESIAN_POINT('',(-263.972768705095,-350.585625403267,-36.3265020801052));
#3247=CARTESIAN_POINT('',(-262.654498786792,-351.279440175471,-38.1276953582953));
#3248=CARTESIAN_POINT('',(-260.711383264646,-352.445677753229,-40.3142266121843));
#3249=CARTESIAN_POINT('',(-259.56223105823,-352.918100558784,-41.6518054908205));
#3250=CARTESIAN_POINT('',(-258.987654955021,-353.154311961562,-42.3205949301385));
#3251=CARTESIAN_POINT('',(-257.749705525934,-353.571386775454,-43.7803304346205));
#3252=CARTESIAN_POINT('',(-256.787725308739,-354.079753656917,-45.1775978920353));
#3253=CARTESIAN_POINT('',(-256.567773510309,-354.426589420409,-45.7316108381884));
#3254=CARTESIAN_POINT('',(-256.542269676833,-354.477213925093,-45.8063894912236));
#3255=CARTESIAN_POINT('',(-279.333504920535,-353.756027805668,-31.5826092024184));
#3256=CARTESIAN_POINT('',(-279.376719542072,-353.940253002541,-31.6187633061749));
#3257=CARTESIAN_POINT('',(-279.534053510399,-354.635570157344,-31.7646956731623));
#3258=CARTESIAN_POINT('',(-279.808571843831,-356.080553304664,-32.114446554433));
#3259=CARTESIAN_POINT('',(-280.077823345879,-357.80869034525,-32.5564032983962));
#3260=CARTESIAN_POINT('',(-280.404501920167,-360.424491642785,-33.2156064618229));
#3261=CARTESIAN_POINT('',(-280.70480435983,-364.154928194368,-34.0713239024084));
#3262=CARTESIAN_POINT('',(-280.841767512349,-369.,-34.5974397612805));
#3263=CARTESIAN_POINT('',(-280.70480435983,-373.845071805631,-34.0713239024084));
#3264=CARTESIAN_POINT('',(-280.404501920167,-377.575508357214,-33.2156064618229));
#3265=CARTESIAN_POINT('',(-280.077823345879,-380.191309654749,-32.5564032983962));
#3266=CARTESIAN_POINT('',(-279.808571843831,-381.919446695335,-32.114446554433));
#3267=CARTESIAN_POINT('',(-279.534053510399,-383.364429842655,-31.7646956731624));
#3268=CARTESIAN_POINT('',(-279.376719542072,-384.059746997459,-31.6187633061749));
#3269=CARTESIAN_POINT('',(-279.333504920535,-384.243972194331,-31.5826092024184));
#3270=CARTESIAN_POINT('',(-266.69865820535,-353.756027805668,-31.5826092024184));
#3271=CARTESIAN_POINT('',(-266.779076421386,-353.670276834296,-31.5298663918545));
#3272=CARTESIAN_POINT('',(-267.078147031772,-353.369797902949,-31.3467156939303));
#3273=CARTESIAN_POINT('',(-267.692759296489,-352.867734552014,-31.0704387272808));
#3274=CARTESIAN_POINT('',(-268.419100893548,-352.40135747609,-30.8468296778446));
#3275=CARTESIAN_POINT('',(-269.507772534737,-351.867437414973,-30.6374403648555));
#3276=CARTESIAN_POINT('',(-271.040099424535,-351.440506801479,-30.5768692540579));
#3277=CARTESIAN_POINT('',(-273.016081562942,-351.280536218544,-30.6209927997548));
#3278=CARTESIAN_POINT('',(-274.99206370135,-351.440506801479,-30.5768692540579));
#3279=CARTESIAN_POINT('',(-276.524390591148,-351.867437414973,-30.6374403648555));
#3280=CARTESIAN_POINT('',(-277.613062232337,-352.40135747609,-30.8468296778446));
#3281=CARTESIAN_POINT('',(-278.339403829395,-352.867734552014,-31.0704387272808));
#3282=CARTESIAN_POINT('',(-278.954016094112,-353.36979790295,-31.3467156939303));
#3283=CARTESIAN_POINT('',(-279.253086704499,-353.670276834296,-31.5298663918545));
#3284=CARTESIAN_POINT('',(-279.333504920535,-353.756027805668,-31.5826092024184));
#3285=CARTESIAN_POINT('',(-279.333504920535,-353.756027805668,-31.5826092024184));
#3286=CARTESIAN_POINT('',(-279.370045051554,-353.654043770307,-31.5986043112576));
#3287=CARTESIAN_POINT('',(-279.502173875333,-353.292761498782,-31.669031147961));
#3288=CARTESIAN_POINT('',(-279.739930068047,-352.672168558506,-31.8922896457456));
#3289=CARTESIAN_POINT('',(-279.992719764961,-352.076927741464,-32.2379901104513));
#3290=CARTESIAN_POINT('',(-280.346862193753,-351.371815671084,-32.8574392473214));
#3291=CARTESIAN_POINT('',(-280.816042092645,-350.759079096318,-33.9200776908411));
#3292=CARTESIAN_POINT('',(-281.27293451693,-350.585625403267,-34.8981407256994));
#3293=CARTESIAN_POINT('',(-281.535087818216,-350.585625403267,-35.374261177168));
#3294=CARTESIAN_POINT('',(-282.05939442079,-350.585625403267,-36.3265020801052));
#3295=CARTESIAN_POINT('',(-283.377664339093,-351.279440175471,-38.1276953582953));
#3296=CARTESIAN_POINT('',(-285.320779861239,-352.44567775323,-40.3142266121843));
#3297=CARTESIAN_POINT('',(-286.469932067655,-352.918100558785,-41.6518054908204));
#3298=CARTESIAN_POINT('',(-287.044508170863,-353.154311961562,-42.3205949301385));
#3299=CARTESIAN_POINT('',(-288.282457599951,-353.571386775455,-43.7803304346205));
#3300=CARTESIAN_POINT('',(-289.244437817146,-354.079753656918,-45.1775978920352));
#3301=CARTESIAN_POINT('',(-289.464389615576,-354.426589420409,-45.7316108381884));
#3302=CARTESIAN_POINT('',(-289.489893449052,-354.477213925093,-45.8063894912235));
#3303=CARTESIAN_POINT('',(-266.69865820535,-384.243972194331,-31.5826092024184));
#3304=CARTESIAN_POINT('',(-266.779076421386,-384.329723165703,-31.5298663918545));
#3305=CARTESIAN_POINT('',(-267.078147031772,-384.63020209705,-31.3467156939303));
#3306=CARTESIAN_POINT('',(-267.692759296489,-385.132265447985,-31.0704387272809));
#3307=CARTESIAN_POINT('',(-268.419100893548,-385.598642523909,-30.8468296778446));
#3308=CARTESIAN_POINT('',(-269.507772534737,-386.132562585027,-30.6374403648555));
#3309=CARTESIAN_POINT('',(-271.040099424535,-386.559493198521,-30.5768692540579));
#3310=CARTESIAN_POINT('',(-273.016081562942,-386.719463781456,-30.6209927997548));
#3311=CARTESIAN_POINT('',(-274.99206370135,-386.559493198521,-30.5768692540579));
#3312=CARTESIAN_POINT('',(-276.524390591148,-386.132562585027,-30.6374403648555));
#3313=CARTESIAN_POINT('',(-277.613062232337,-385.598642523909,-30.8468296778446));
#3314=CARTESIAN_POINT('',(-278.339403829395,-385.132265447985,-31.0704387272808));
#3315=CARTESIAN_POINT('',(-278.954016094112,-384.63020209705,-31.3467156939303));
#3316=CARTESIAN_POINT('',(-279.253086704499,-384.329723165703,-31.5298663918545));
#3317=CARTESIAN_POINT('',(-279.333504920535,-384.243972194331,-31.5826092024184));
#3318=CARTESIAN_POINT('',(-279.333504920535,-384.243972194331,-31.5826092024184));
#3319=CARTESIAN_POINT('',(-279.370045051554,-384.345956229692,-31.5986043112576));
#3320=CARTESIAN_POINT('',(-279.502173875333,-384.707238501218,-31.669031147961));
#3321=CARTESIAN_POINT('',(-279.739930068047,-385.327831441493,-31.8922896457456));
#3322=CARTESIAN_POINT('',(-279.992719764961,-385.923072258536,-32.2379901104513));
#3323=CARTESIAN_POINT('',(-280.346862193753,-386.628184328915,-32.8574392473214));
#3324=CARTESIAN_POINT('',(-280.816042092645,-387.240920903682,-33.9200776908411));
#3325=CARTESIAN_POINT('',(-281.27293451693,-387.414374596732,-34.8981407256994));
#3326=CARTESIAN_POINT('',(-281.535087818216,-387.414374596732,-35.374261177168));
#3327=CARTESIAN_POINT('',(-282.05939442079,-387.414374596732,-36.3265020801052));
#3328=CARTESIAN_POINT('',(-283.377664339093,-386.720559824529,-38.1276953582953));
#3329=CARTESIAN_POINT('',(-285.320779861239,-385.55432224677,-40.3142266121843));
#3330=CARTESIAN_POINT('',(-286.469932067655,-385.081899441215,-41.6518054908205));
#3331=CARTESIAN_POINT('',(-287.044508170863,-384.845688038438,-42.3205949301385));
#3332=CARTESIAN_POINT('',(-288.282457599951,-384.428613224545,-43.7803304346205));
#3333=CARTESIAN_POINT('',(-289.244437817146,-383.920246343082,-45.1775978920352));
#3334=CARTESIAN_POINT('',(-289.464389615576,-383.57341057959,-45.7316108381883));
#3335=CARTESIAN_POINT('',(-289.489893449052,-383.522786074907,-45.8063894912234));
#3336=CARTESIAN_POINT('',(-256.542269676833,-354.477213925093,-45.8063894912236));
#3337=CARTESIAN_POINT('',(-256.449195378905,-354.684180230723,-45.8769108944577));
#3338=CARTESIAN_POINT('',(-256.384905422141,-354.903095397154,-45.9249032030742));
#3339=CARTESIAN_POINT('',(-256.318416896385,-355.35563625872,-45.9673130581157));
#3340=CARTESIAN_POINT('',(-256.313956567258,-355.567776681953,-45.9642082642121));
#3341=CARTESIAN_POINT('',(-256.345403560525,-356.01903801891,-45.9207026313747));
#3342=CARTESIAN_POINT('',(-256.382744984115,-356.241183653931,-45.8796762303792));
#3343=CARTESIAN_POINT('',(-256.490970253112,-356.715541598454,-45.767886105679));
#3344=CARTESIAN_POINT('',(-256.564093350249,-356.958526626702,-45.6958706675965));
#3345=CARTESIAN_POINT('',(-256.752729875571,-357.510177615716,-45.5156584658662));
#3346=CARTESIAN_POINT('',(-256.87297232626,-357.812028580461,-45.4047058509952));
#3347=CARTESIAN_POINT('',(-257.127915064369,-358.410308537632,-45.1740330069673));
#3348=CARTESIAN_POINT('',(-257.262355070902,-358.705157161758,-45.0544458635578));
#3349=CARTESIAN_POINT('',(-257.643030574831,-359.515113742427,-44.7180134701458));
#3350=CARTESIAN_POINT('',(-257.895297543979,-360.024590525893,-44.4963725571744));
#3351=CARTESIAN_POINT('',(-258.302030001804,-360.850308552506,-44.1281128886914));
#3352=CARTESIAN_POINT('',(-258.457642527999,-361.16704735736,-43.9845152437568));
#3353=CARTESIAN_POINT('',(-258.767339537154,-361.81267295286,-43.691901686817));
#3354=CARTESIAN_POINT('',(-258.921203300511,-362.141488630276,-43.5429425250464));
#3355=CARTESIAN_POINT('',(-259.220127916307,-362.809504652094,-43.2458646898663));
#3356=CARTESIAN_POINT('',(-259.364878073526,-363.148323302177,-43.0979961958224));
#3357=CARTESIAN_POINT('',(-259.639102499775,-363.835130514832,-42.8091301186919));
#3358=CARTESIAN_POINT('',(-259.768223879134,-364.182121818736,-42.6685983032472));
#3359=CARTESIAN_POINT('',(-260.122964517158,-365.231055403951,-42.2657293877773));
#3360=CARTESIAN_POINT('',(-260.319448834772,-365.946151016287,-42.0161596151599));
#3361=CARTESIAN_POINT('',(-260.598200691043,-367.437755350879,-41.6410590327075));
#3362=CARTESIAN_POINT('',(-260.680657680729,-368.215216361983,-41.5156879159982));
#3363=CARTESIAN_POINT('',(-260.680657680729,-369.78478406702,-41.5156879159981));
#3364=CARTESIAN_POINT('',(-260.59820060151,-370.562245491748,-41.6410591694389));
#3365=CARTESIAN_POINT('',(-260.319448466816,-372.053850586721,-42.0161600939385));
#3366=CARTESIAN_POINT('',(-260.122963957367,-372.768946548377,-42.2657300832433));
#3367=CARTESIAN_POINT('',(-259.768224176787,-373.817877150384,-42.6685979349037));
#3368=CARTESIAN_POINT('',(-259.639104056769,-374.164865246295,-42.8091284123469));
#3369=CARTESIAN_POINT('',(-259.364882408297,-374.85166618115,-43.09799169595));
#3370=CARTESIAN_POINT('',(-259.220133760343,-375.190481782984,-43.2458587494676));
#3371=CARTESIAN_POINT('',(-258.921212226218,-375.858491922153,-43.5429337853545));
#3372=CARTESIAN_POINT('',(-258.767350027786,-376.18730476862,-43.6918915915609));
#3373=CARTESIAN_POINT('',(-258.457655984096,-376.832924987407,-43.9845027078541));
#3374=CARTESIAN_POINT('',(-258.30204485457,-377.14966124895,-44.1280992558621));
#3375=CARTESIAN_POINT('',(-257.895324492391,-377.975354838421,-44.4963484541092));
#3376=CARTESIAN_POINT('',(-257.643068321161,-378.484809677559,-44.7179803344098));
#3377=CARTESIAN_POINT('',(-257.262411682157,-379.294720274901,-45.0543957052361));
#3378=CARTESIAN_POINT('',(-257.127980626719,-379.589545674172,-45.1739744410089));
#3379=CARTESIAN_POINT('',(-256.873044974343,-380.187792902674,-45.4046393672168));
#3380=CARTESIAN_POINT('',(-256.75280125994,-380.489635555476,-45.5155917803316));
#3381=CARTESIAN_POINT('',(-256.564148369331,-381.041295582032,-45.6958169416979));
#3382=CARTESIAN_POINT('',(-256.491012988271,-381.284300298793,-45.7678432073238));
#3383=CARTESIAN_POINT('',(-256.382766739867,-381.758695410174,-45.8796526681592));
#3384=CARTESIAN_POINT('',(-256.34541637027,-381.980857974686,-45.9206876410781));
#3385=CARTESIAN_POINT('',(-256.313956301002,-382.43215196517,-45.9642060598526));
#3386=CARTESIAN_POINT('',(-256.318412009817,-382.644306038945,-45.9673153963789));
#3387=CARTESIAN_POINT('',(-256.384897630827,-383.096877862511,-45.9249090102578));
#3388=CARTESIAN_POINT('',(-256.44918959226,-383.315806901701,-45.876915278937));
#3389=CARTESIAN_POINT('',(-256.542269676833,-383.522786074907,-45.8063894912234));
#3390=CARTESIAN_POINT('',(-256.542269676833,-383.522786074907,-45.8063894912234));
#3391=CARTESIAN_POINT('',(-256.567773510309,-383.57341057959,-45.7316108381883));
#3392=CARTESIAN_POINT('',(-256.787725308739,-383.920246343082,-45.1775978920352));
#3393=CARTESIAN_POINT('',(-257.749705525934,-384.428613224545,-43.7803304346205));
#3394=CARTESIAN_POINT('',(-258.987654955021,-384.845688038438,-42.3205949301385));
#3395=CARTESIAN_POINT('',(-259.56223105823,-385.081899441215,-41.6518054908205));
#3396=CARTESIAN_POINT('',(-260.711383264646,-385.55432224677,-40.3142266121843));
#3397=CARTESIAN_POINT('',(-262.654498786792,-386.720559824529,-38.1276953582953));
#3398=CARTESIAN_POINT('',(-263.972768705095,-387.414374596732,-36.3265020801052));
#3399=CARTESIAN_POINT('',(-264.497075307668,-387.414374596732,-35.374261177168));
#3400=CARTESIAN_POINT('',(-264.759228608955,-387.414374596732,-34.8981407256994));
#3401=CARTESIAN_POINT('',(-265.216121033239,-387.240920903681,-33.9200776908411));
#3402=CARTESIAN_POINT('',(-265.685300932132,-386.628184328915,-32.8574392473214));
#3403=CARTESIAN_POINT('',(-266.039443360924,-385.923072258536,-32.2379901104513));
#3404=CARTESIAN_POINT('',(-266.292233057837,-385.327831441493,-31.8922896457456));
#3405=CARTESIAN_POINT('',(-266.529989250551,-384.707238501218,-31.669031147961));
#3406=CARTESIAN_POINT('',(-266.662118074331,-384.345956229693,-31.5986043112576));
#3407=CARTESIAN_POINT('',(-266.69865820535,-384.243972194331,-31.5826092024184));
#3408=CARTESIAN_POINT('',(-289.489893449052,-354.477213925093,-45.8063894912235));
#3409=CARTESIAN_POINT('',(-289.421256442479,-354.324588033775,-45.7543839631118));
#3410=CARTESIAN_POINT('',(-289.340349811767,-354.184838540064,-45.6952295883744));
#3411=CARTESIAN_POINT('',(-289.177847937804,-353.94991785649,-45.5798850225425));
#3412=CARTESIAN_POINT('',(-289.103010903087,-353.855264029674,-45.5261552983083));
#3413=CARTESIAN_POINT('',(-288.845089172411,-353.559605049105,-45.337036079778));
#3414=CARTESIAN_POINT('',(-288.646200912248,-353.377509389917,-45.1867371956026));
#3415=CARTESIAN_POINT('',(-288.200253442248,-353.013997682164,-44.8421356540717));
#3416=CARTESIAN_POINT('',(-287.94819352005,-352.837794655873,-44.6423491380463));
#3417=CARTESIAN_POINT('',(-287.405957330942,-352.485686097215,-44.2022361723908));
#3418=CARTESIAN_POINT('',(-287.117376863216,-352.314757960495,-43.962031430258));
#3419=CARTESIAN_POINT('',(-286.589062834897,-352.013158815613,-43.5066150549463));
#3420=CARTESIAN_POINT('',(-286.349568925336,-351.881032731711,-43.2942146579515));
#3421=CARTESIAN_POINT('',(-285.870090104429,-351.618406264489,-42.8518280003986));
#3422=CARTESIAN_POINT('',(-285.630820210113,-351.488408146077,-42.62212570402));
#3423=CARTESIAN_POINT('',(-285.173367964525,-351.235773441927,-42.153370293625));
#3424=CARTESIAN_POINT('',(-284.955941467037,-351.113740898372,-41.9160237190937));
#3425=CARTESIAN_POINT('',(-284.699353461879,-350.963787172816,-41.6036836080201));
#3426=CARTESIAN_POINT('',(-284.648871752633,-350.933929157045,-41.541235181828));
#3427=CARTESIAN_POINT('',(-284.546560502222,-350.872514985235,-41.4163840782304));
#3428=CARTESIAN_POINT('',(-284.494970332188,-350.841115257622,-41.3537296935518));
#3429=CARTESIAN_POINT('',(-284.338948604923,-350.744873710357,-41.165127265485));
#3430=CARTESIAN_POINT('',(-284.23445943492,-350.678687686509,-41.0400072626037));
#3431=CARTESIAN_POINT('',(-283.623380754027,-350.281941214596,-40.3148143252663));
#3432=CARTESIAN_POINT('',(-283.118532047476,-349.914939974275,-39.7408202066119));
#3433=CARTESIAN_POINT('',(-282.123812230748,-349.14202404318,-38.6559340331753));
#3434=CARTESIAN_POINT('',(-281.619251564832,-348.725911683257,-38.1266312667534));
#3435=CARTESIAN_POINT('',(-280.603272362302,-347.885082492912,-37.1394421159927));
#3436=CARTESIAN_POINT('',(-280.04850546745,-347.424165659301,-36.6420514298328));
#3437=CARTESIAN_POINT('',(-279.168732480614,-346.756105076322,-35.9998752238975));
#3438=CARTESIAN_POINT('',(-278.855571043475,-346.529107384024,-35.7962476983255));
#3439=CARTESIAN_POINT('',(-278.357427291457,-346.197264209164,-35.521719818481));
#3440=CARTESIAN_POINT('',(-278.188400742798,-346.089263474444,-35.4362316585159));
#3441=CARTESIAN_POINT('',(-277.84277424314,-345.879742642451,-35.2781655668851));
#3442=CARTESIAN_POINT('',(-277.667453389376,-345.778841798199,-35.2059367067881));
#3443=CARTESIAN_POINT('',(-277.135181531806,-345.491406212858,-35.0101096377912));
#3444=CARTESIAN_POINT('',(-276.772198093572,-345.318906081043,-34.9057920873134));
#3445=CARTESIAN_POINT('',(-276.205880273235,-345.093532272786,-34.7820811316233));
#3446=CARTESIAN_POINT('',(-276.020022067755,-345.026051297328,-34.7472516850402));
#3447=CARTESIAN_POINT('',(-275.738049246525,-344.933921781194,-34.7021031868503));
#3448=CARTESIAN_POINT('',(-275.644785946767,-344.905073581947,-34.6883867078995));
#3449=CARTESIAN_POINT('',(-275.504317661994,-344.864097998203,-34.6694298257193));
#3450=CARTESIAN_POINT('',(-275.457642582274,-344.850886090835,-34.6634093733516));
#3451=CARTESIAN_POINT('',(-275.388230080042,-344.831840684587,-34.6548509315874));
#3452=CARTESIAN_POINT('',(-275.293373648166,-344.806651849922,-34.6432106394065));
#3453=CARTESIAN_POINT('',(-275.264680939352,-344.799241670183,-34.6406858083471));
#3454=CARTESIAN_POINT('',(-275.258832598217,-344.797762746282,-34.6396179078542));
#3455=CARTESIAN_POINT('',(-275.247050858931,-344.794754296079,-34.6384002430995));
#3456=CARTESIAN_POINT('',(-275.241167457396,-344.793255964907,-34.6378482879939));
#3457=CARTESIAN_POINT('',(-275.223524204201,-344.788794968694,-34.6359112601916));
#3458=CARTESIAN_POINT('',(-275.211750954934,-344.785843540402,-34.6346335557133));
#3459=CARTESIAN_POINT('',(-275.17645808909,-344.77707207177,-34.6308475439552));
#3460=CARTESIAN_POINT('',(-275.152917967004,-344.771322642213,-34.6283810052689));
#3461=CARTESIAN_POINT('',(-275.082395356119,-344.754401192987,-34.6211645252083));
#3462=CARTESIAN_POINT('',(-275.035340239208,-344.743511895944,-34.6165784143583));
#3463=CARTESIAN_POINT('',(-274.894499470881,-344.712120368566,-34.603513164475));
#3464=CARTESIAN_POINT('',(-274.800495508162,-344.692750288958,-34.5956620564749));
#3465=CARTESIAN_POINT('',(-274.519189491357,-344.63950922049,-34.574584531441));
#3466=CARTESIAN_POINT('',(-274.331542689876,-344.610166629142,-34.5636823332862));
#3467=CARTESIAN_POINT('',(-273.767792988878,-344.540314841375,-34.5388317721773));
#3468=CARTESIAN_POINT('',(-273.393880457405,-344.517745143246,-34.5326241931401));
#3469=CARTESIAN_POINT('',(-272.638378612772,-344.517745143246,-34.5326241931401));
#3470=CARTESIAN_POINT('',(-272.264559036866,-344.540303485988,-34.5388286624385));
#3471=CARTESIAN_POINT('',(-271.700951041749,-344.610119590811,-34.5636651300369));
#3472=CARTESIAN_POINT('',(-271.513351270276,-344.639447114602,-34.5745610282587));
#3473=CARTESIAN_POINT('',(-271.232115740917,-344.692660758535,-34.5956260666352));
#3474=CARTESIAN_POINT('',(-271.138135502397,-344.712020793598,-34.603472472319));
#3475=CARTESIAN_POINT('',(-270.997330177503,-344.743396033133,-34.6165298165873));
#3476=CARTESIAN_POINT('',(-270.950286955333,-344.754279659871,-34.6211131335408));
#3477=CARTESIAN_POINT('',(-270.87978214031,-344.771192295552,-34.6283251999996));
#3478=CARTESIAN_POINT('',(-270.856247978171,-344.7769387237,-34.6307902244465));
#3479=CARTESIAN_POINT('',(-270.82096403872,-344.785705612928,-34.6345739075812));
#3480=CARTESIAN_POINT('',(-270.809193772596,-344.78865549849,-34.635850824673));
#3481=CARTESIAN_POINT('',(-270.791554543614,-344.79311427503,-34.637786706407));
#3482=CARTESIAN_POINT('',(-270.785672964198,-344.794611303661,-34.6383479024777));
#3483=CARTESIAN_POINT('',(-270.773890899249,-344.797619490674,-34.6395548768509));
#3484=CARTESIAN_POINT('',(-270.768045904372,-344.799096000998,-34.6406477775857));
#3485=CARTESIAN_POINT('',(-270.740111421041,-344.806310736984,-34.6430537175227));
#3486=CARTESIAN_POINT('',(-270.643771496725,-344.831886639592,-34.6548719173045));
#3487=CARTESIAN_POINT('',(-270.575129251363,-344.850715650547,-34.6633320787936));
#3488=CARTESIAN_POINT('',(-270.528465624656,-344.863920767401,-34.6693486674803));
#3489=CARTESIAN_POINT('',(-270.388032555937,-344.904875064065,-34.6882931966419));
#3490=CARTESIAN_POINT('',(-270.294792578535,-344.933708254125,-34.702000686514));
#3491=CARTESIAN_POINT('',(-270.012890329248,-345.025789788672,-34.7471191879634));
#3492=CARTESIAN_POINT('',(-269.827076992985,-345.093236051529,-34.7819252806384));
#3493=CARTESIAN_POINT('',(-269.260896611939,-345.318494105825,-34.9055519030031));
#3494=CARTESIAN_POINT('',(-268.897991942513,-345.490909414727,-35.009798348487));
#3495=CARTESIAN_POINT('',(-268.365749545196,-345.77825537835,-35.2055233175819));
#3496=CARTESIAN_POINT('',(-268.190388192765,-345.879157060711,-35.2777382402126));
#3497=CARTESIAN_POINT('',(-267.844677907629,-346.088688087241,-35.4357829982254));
#3498=CARTESIAN_POINT('',(-267.675609520239,-346.19669776174,-35.5212643259429));
#3499=CARTESIAN_POINT('',(-267.177336591204,-346.528580203822,-35.795785261317));
#3500=CARTESIAN_POINT('',(-266.864098299041,-346.755612703085,-35.9994210656602));
#3501=CARTESIAN_POINT('',(-265.984110663104,-347.42379385095,-36.6416575986776));
#3502=CARTESIAN_POINT('',(-265.429229143671,-347.884802393998,-37.1391264864626));
#3503=CARTESIAN_POINT('',(-264.655759187876,-348.524929866312,-37.8906587091518));
#3504=CARTESIAN_POINT('',(-264.402293715554,-348.734592112046,-38.1472768669865));
#3505=CARTESIAN_POINT('',(-263.901137435784,-349.142256495518,-38.6688194621008));
#3506=CARTESIAN_POINT('',(-263.653895309431,-349.339982927982,-38.9332826279906));
#3507=CARTESIAN_POINT('',(-263.15740935969,-349.725245358514,-39.4753608160566));
#3508=CARTESIAN_POINT('',(-262.908716855304,-349.912229200833,-39.7526175146588));
#3509=CARTESIAN_POINT('',(-262.406889496723,-350.273538383411,-40.3233907545911));
#3510=CARTESIAN_POINT('',(-262.154536508673,-350.447020855564,-40.6163951909533));
#3511=CARTESIAN_POINT('',(-261.796278694046,-350.679617397381,-41.0416040092813));
#3512=CARTESIAN_POINT('',(-261.690423371588,-350.746644686719,-41.168401735999));
#3513=CARTESIAN_POINT('',(-261.53141805064,-350.844654663012,-41.360696085293));
#3514=CARTESIAN_POINT('',(-261.478211026938,-350.877000427658,-41.4253518449464));
#3515=CARTESIAN_POINT('',(-261.398333690159,-350.924869618233,-41.5228936696876));
#3516=CARTESIAN_POINT('',(-261.371593712808,-350.940784033762,-41.5555180837984));
#3517=CARTESIAN_POINT('',(-261.319349415436,-350.971642571526,-41.6195236894794));
#3518=CARTESIAN_POINT('',(-261.294007474153,-350.986481077788,-41.6510838894947));
#3519=CARTESIAN_POINT('',(-261.061994276039,-351.1217843891,-41.9329170583963));
#3520=CARTESIAN_POINT('',(-260.84336291503,-351.244386028283,-42.1698791392491));
#3521=CARTESIAN_POINT('',(-260.168147152415,-351.617011084993,-42.8595002254008));
#3522=CARTESIAN_POINT('',(-259.667952743319,-351.884471735439,-43.3131632165722));
#3523=CARTESIAN_POINT('',(-258.903495925494,-352.321404950747,-43.9715259549463));
#3524=CARTESIAN_POINT('',(-258.616416295873,-352.491719428915,-44.2102990067871));
#3525=CARTESIAN_POINT('',(-258.076977607742,-352.84263262001,-44.647916621169));
#3526=CARTESIAN_POINT('',(-257.82619618813,-353.018288238561,-44.8466103937198));
#3527=CARTESIAN_POINT('',(-257.382474962242,-353.380657860058,-45.1893821560538));
#3528=CARTESIAN_POINT('',(-257.184589073184,-353.562176904984,-45.3388848013215));
#3529=CARTESIAN_POINT('',(-256.927768204181,-353.856974222932,-45.5271581807201));
#3530=CARTESIAN_POINT('',(-256.853144908919,-353.951486987299,-45.580706554266));
#3531=CARTESIAN_POINT('',(-256.691246767459,-354.185820575591,-45.6956438670856));
#3532=CARTESIAN_POINT('',(-256.610663443268,-354.325128919002,-45.7545682635713));
#3533=CARTESIAN_POINT('',(-256.542269676833,-354.477213925093,-45.8063894912236));
#3534=CARTESIAN_POINT('',(-289.489893449052,-383.522786074907,-45.8063894912234));
#3535=CARTESIAN_POINT('',(-289.582967743196,-383.31581977769,-45.8769108915908));
#3536=CARTESIAN_POINT('',(-289.647257705145,-383.096904593311,-45.9249032039678));
#3537=CARTESIAN_POINT('',(-289.7137462295,-382.64436374128,-45.9673130581159));
#3538=CARTESIAN_POINT('',(-289.718206558626,-382.432223318048,-45.9642082642123));
#3539=CARTESIAN_POINT('',(-289.68675956536,-381.980961981091,-45.9207026313748));
#3540=CARTESIAN_POINT('',(-289.649418141771,-381.758816346071,-45.8796762303791));
#3541=CARTESIAN_POINT('',(-289.541192872774,-381.284458401548,-45.7678861056787));
#3542=CARTESIAN_POINT('',(-289.468069775637,-381.041473373299,-45.6958706675961));
#3543=CARTESIAN_POINT('',(-289.279433250314,-380.489822384284,-45.5156584658662));
#3544=CARTESIAN_POINT('',(-289.159190799625,-380.187971419539,-45.4047058509951));
#3545=CARTESIAN_POINT('',(-288.904248061516,-379.589691462367,-45.1740330069672));
#3546=CARTESIAN_POINT('',(-288.769808054983,-379.294842838242,-45.0544458635578));
#3547=CARTESIAN_POINT('',(-288.389132551054,-378.484886257573,-44.7180134701463));
#3548=CARTESIAN_POINT('',(-288.136865581906,-377.975409474107,-44.4963725571747));
#3549=CARTESIAN_POINT('',(-287.730133124077,-377.149691447487,-44.1281128886887));
#3550=CARTESIAN_POINT('',(-287.574520597877,-376.832952642623,-43.9845152437503));
#3551=CARTESIAN_POINT('',(-287.264823588714,-376.187327047104,-43.6919016868021));
#3552=CARTESIAN_POINT('',(-287.110959825353,-375.858511369678,-43.5429425250274));
#3553=CARTESIAN_POINT('',(-286.812035209552,-375.190495347845,-43.2458646898409));
#3554=CARTESIAN_POINT('',(-286.667285052278,-374.851676697553,-43.0979961963034));
#3555=CARTESIAN_POINT('',(-286.393060626137,-374.164869485314,-42.8091301180766));
#3556=CARTESIAN_POINT('',(-286.263939246731,-373.817878181208,-42.6685983032251));
#3557=CARTESIAN_POINT('',(-285.909198608714,-372.768944596008,-42.2657293877623));
#3558=CARTESIAN_POINT('',(-285.712714291105,-372.05384898368,-42.0161596151497));
#3559=CARTESIAN_POINT('',(-285.43396243484,-370.562244649103,-41.6410590327045));
#3560=CARTESIAN_POINT('',(-285.351505445156,-369.784783638009,-41.5156879159982));
#3561=CARTESIAN_POINT('',(-285.351505445156,-368.215215931941,-41.5156879159981));
#3562=CARTESIAN_POINT('',(-285.433962524189,-367.43775450924,-41.6410591691761));
#3563=CARTESIAN_POINT('',(-285.712714659077,-365.946149413235,-42.0161600939634));
#3564=CARTESIAN_POINT('',(-285.909199168502,-365.23105345167,-42.2657300832254));
#3565=CARTESIAN_POINT('',(-286.263938949099,-364.182122849613,-42.6685979349047));
#3566=CARTESIAN_POINT('',(-286.393059069116,-363.835134753702,-42.8091284123479));
#3567=CARTESIAN_POINT('',(-286.667280717589,-363.148333818846,-43.0979916959508));
#3568=CARTESIAN_POINT('',(-286.812029365543,-362.809518217012,-43.2458587494683));
#3569=CARTESIAN_POINT('',(-287.110950899668,-362.141508077843,-43.542933785355));
#3570=CARTESIAN_POINT('',(-287.2648130981,-361.812695231375,-43.691891591558));
#3571=CARTESIAN_POINT('',(-287.574507141791,-361.167075012589,-43.9845027078506));
#3572=CARTESIAN_POINT('',(-287.730118271316,-360.850338751047,-44.1280992558617));
#3573=CARTESIAN_POINT('',(-288.136838633495,-360.024645161577,-44.4963484541103));
#3574=CARTESIAN_POINT('',(-288.389094804725,-359.515190322439,-44.7179803344118));
#3575=CARTESIAN_POINT('',(-288.769751443729,-358.705279725096,-45.0543957052375));
#3576=CARTESIAN_POINT('',(-288.904182499167,-358.410454325825,-45.1739744410101));
#3577=CARTESIAN_POINT('',(-289.159118151542,-357.812207097324,-45.4046393672176));
#3578=CARTESIAN_POINT('',(-289.279361865946,-357.510364444522,-45.5155917803319));
#3579=CARTESIAN_POINT('',(-289.468014756554,-356.958704417968,-45.6958169416976));
#3580=CARTESIAN_POINT('',(-289.541150137614,-356.715699701208,-45.7678432073235));
#3581=CARTESIAN_POINT('',(-289.649396386017,-356.241304589828,-45.8796526681589));
#3582=CARTESIAN_POINT('',(-289.686746755615,-356.019142025315,-45.9206876410778));
#3583=CARTESIAN_POINT('',(-289.718206824883,-355.567848034831,-45.9642060598524));
#3584=CARTESIAN_POINT('',(-289.713751116068,-355.355693961055,-45.9673153963788));
#3585=CARTESIAN_POINT('',(-289.647265495057,-354.90312213749,-45.9249090102578));
#3586=CARTESIAN_POINT('',(-289.582973533624,-354.684193098297,-45.8769152789367));
#3587=CARTESIAN_POINT('',(-289.489893449052,-354.477213925093,-45.8063894912235));
#3588=CARTESIAN_POINT('',(-288.745045128991,-356.302934997409,-46.9202727799707));
#3589=CARTESIAN_POINT('',(-288.668490273133,-356.265122643419,-46.943210506032));
#3590=CARTESIAN_POINT('',(-288.337224354101,-356.149587790633,-47.0098181220318));
#3591=CARTESIAN_POINT('',(-287.395730343831,-356.024279137331,-47.0021352148328));
#3592=CARTESIAN_POINT('',(-285.986805709502,-355.987306442787,-46.8588563395764));
#3593=CARTESIAN_POINT('',(-283.479450820039,-356.053572181982,-46.5020395085108));
#3594=CARTESIAN_POINT('',(-279.155876104519,-356.348924453777,-45.7733396496093));
#3595=CARTESIAN_POINT('',(-273.016081562942,-356.611143855975,-45.2230482062406));
#3596=CARTESIAN_POINT('',(-266.876287021366,-356.348924453777,-45.7733396496093));
#3597=CARTESIAN_POINT('',(-262.552712305846,-356.053572181982,-46.5020395085108));
#3598=CARTESIAN_POINT('',(-260.045357416383,-355.987306442787,-46.8588563395763));
#3599=CARTESIAN_POINT('',(-258.636432782053,-356.024279137331,-47.0021352148328));
#3600=CARTESIAN_POINT('',(-257.694938771784,-356.149587790633,-47.0098181220318));
#3601=CARTESIAN_POINT('',(-257.363672852752,-356.265122643419,-46.943210506032));
#3602=CARTESIAN_POINT('',(-257.287117996894,-356.302934997409,-46.9202727799707));
#3603=CARTESIAN_POINT('',(-257.287117996894,-381.69706500259,-46.9202727799707));
#3604=CARTESIAN_POINT('',(-257.297524999022,-381.569525735821,-46.8989894973718));
#3605=CARTESIAN_POINT('',(-257.38596407531,-381.076536787573,-46.8018616933974));
#3606=CARTESIAN_POINT('',(-257.7810942099,-379.997887698641,-46.4804489307939));
#3607=CARTESIAN_POINT('',(-258.434497668896,-378.644953857393,-46.0015780820846));
#3608=CARTESIAN_POINT('',(-259.575814319716,-376.511880716161,-45.2046281667216));
#3609=CARTESIAN_POINT('',(-261.369696967818,-373.29689609703,-44.0078780487175));
#3610=CARTESIAN_POINT('',(-262.59292129051,-369.,-43.2096028883948));
#3611=CARTESIAN_POINT('',(-261.369696967818,-364.703103902969,-44.0078780487175));
#3612=CARTESIAN_POINT('',(-259.575814319716,-361.488119283838,-45.2046281667217));
#3613=CARTESIAN_POINT('',(-258.434497668896,-359.355046142607,-46.0015780820846));
#3614=CARTESIAN_POINT('',(-257.7810942099,-358.002112301359,-46.4804489307939));
#3615=CARTESIAN_POINT('',(-257.38596407531,-356.923463212426,-46.8018616933974));
#3616=CARTESIAN_POINT('',(-257.297524999022,-356.430474264179,-46.8989894973718));
#3617=CARTESIAN_POINT('',(-257.287117996894,-356.302934997409,-46.9202727799707));
#3618=CARTESIAN_POINT('',(-288.745045128991,-381.69706500259,-46.9202727799707));
#3619=CARTESIAN_POINT('',(-288.668490273133,-381.73487735658,-46.943210506032));
#3620=CARTESIAN_POINT('',(-288.337224354101,-381.850412209366,-47.0098181220318));
#3621=CARTESIAN_POINT('',(-287.395730343831,-381.975720862668,-47.0021352148328));
#3622=CARTESIAN_POINT('',(-285.986805709502,-382.012693557212,-46.8588563395764));
#3623=CARTESIAN_POINT('',(-283.479450820039,-381.946427818018,-46.5020395085108));
#3624=CARTESIAN_POINT('',(-279.155876104519,-381.651075546223,-45.7733396496093));
#3625=CARTESIAN_POINT('',(-273.016081562942,-381.388856144025,-45.2230482062407));
#3626=CARTESIAN_POINT('',(-266.876287021366,-381.651075546223,-45.7733396496093));
#3627=CARTESIAN_POINT('',(-262.552712305846,-381.946427818018,-46.5020395085108));
#3628=CARTESIAN_POINT('',(-260.045357416383,-382.012693557212,-46.8588563395763));
#3629=CARTESIAN_POINT('',(-258.636432782053,-381.975720862668,-47.0021352148328));
#3630=CARTESIAN_POINT('',(-257.694938771784,-381.850412209366,-47.0098181220318));
#3631=CARTESIAN_POINT('',(-257.363672852752,-381.73487735658,-46.943210506032));
#3632=CARTESIAN_POINT('',(-257.287117996894,-381.69706500259,-46.9202727799707));
#3633=CARTESIAN_POINT('',(-257.287117996894,-381.69706500259,-46.9202727799707));
#3634=CARTESIAN_POINT('',(-257.190734628516,-381.792597655231,-46.9177190117106));
#3635=CARTESIAN_POINT('',(-256.879283709139,-382.124360858834,-46.8899913354804));
#3636=CARTESIAN_POINT('',(-256.521759624601,-382.682244213607,-46.6724969711141));
#3637=CARTESIAN_POINT('',(-256.420927768884,-383.152310841697,-46.2934233899637));
#3638=CARTESIAN_POINT('',(-256.490815170962,-383.420650100882,-45.9572569537642));
#3639=CARTESIAN_POINT('',(-256.542269676833,-383.522786074907,-45.8063894912234));
#3640=CARTESIAN_POINT('',(-288.745045128991,-381.69706500259,-46.9202727799707));
#3641=CARTESIAN_POINT('',(-288.734638126862,-381.569525735821,-46.8989894973718));
#3642=CARTESIAN_POINT('',(-288.646199050575,-381.076536787573,-46.8018616933974));
#3643=CARTESIAN_POINT('',(-288.251068915985,-379.997887698641,-46.4804489307939));
#3644=CARTESIAN_POINT('',(-287.597665456989,-378.644953857393,-46.0015780820846));
#3645=CARTESIAN_POINT('',(-286.456348806169,-376.511880716161,-45.2046281667216));
#3646=CARTESIAN_POINT('',(-284.662466158067,-373.29689609703,-44.0078780487175));
#3647=CARTESIAN_POINT('',(-283.439241835375,-369.,-43.2096028883948));
#3648=CARTESIAN_POINT('',(-284.662466158067,-364.703103902969,-44.0078780487175));
#3649=CARTESIAN_POINT('',(-286.456348806169,-361.488119283838,-45.2046281667216));
#3650=CARTESIAN_POINT('',(-287.597665456989,-359.355046142607,-46.0015780820846));
#3651=CARTESIAN_POINT('',(-288.251068915985,-358.002112301359,-46.4804489307939));
#3652=CARTESIAN_POINT('',(-288.646199050575,-356.923463212426,-46.8018616933974));
#3653=CARTESIAN_POINT('',(-288.734638126862,-356.430474264179,-46.8989894973718));
#3654=CARTESIAN_POINT('',(-288.745045128991,-356.302934997409,-46.9202727799707));
#3655=CARTESIAN_POINT('',(-256.542269676833,-354.477213925093,-45.8063894912236));
#3656=CARTESIAN_POINT('',(-256.490815170962,-354.579349899117,-45.9572569537643));
#3657=CARTESIAN_POINT('',(-256.420927768884,-354.847689158303,-46.2934233899637));
#3658=CARTESIAN_POINT('',(-256.521759624601,-355.317755786392,-46.6724969711141));
#3659=CARTESIAN_POINT('',(-256.879283709139,-355.875639141165,-46.8899913354804));
#3660=CARTESIAN_POINT('',(-257.190734628516,-356.207402344768,-46.9177190117106));
#3661=CARTESIAN_POINT('',(-257.287117996894,-356.302934997409,-46.9202727799707));
#3662=CARTESIAN_POINT('',(-289.489893449052,-354.477213925093,-45.8063894912234));
#3663=CARTESIAN_POINT('',(-289.541347954923,-354.579349899117,-45.9572569537642));
#3664=CARTESIAN_POINT('',(-289.611235357001,-354.847689158303,-46.2934233899637));
#3665=CARTESIAN_POINT('',(-289.510403501283,-355.317755786392,-46.672496971114));
#3666=CARTESIAN_POINT('',(-289.152879416746,-355.875639141165,-46.8899913354804));
#3667=CARTESIAN_POINT('',(-288.841428497368,-356.207402344768,-46.9177190117106));
#3668=CARTESIAN_POINT('',(-288.745045128991,-356.302934997409,-46.9202727799707));
#3669=CARTESIAN_POINT('',(-289.489893449052,-383.522786074907,-45.8063894912233));
#3670=CARTESIAN_POINT('',(-289.541347954923,-383.420650100883,-45.9572569537642));
#3671=CARTESIAN_POINT('',(-289.611235357001,-383.152310841697,-46.2934233899637));
#3672=CARTESIAN_POINT('',(-289.510403501283,-382.682244213607,-46.6724969711141));
#3673=CARTESIAN_POINT('',(-289.152879416746,-382.124360858834,-46.8899913354804));
#3674=CARTESIAN_POINT('',(-288.841428497368,-381.792597655231,-46.9177190117106));
#3675=CARTESIAN_POINT('',(-288.745045128991,-381.69706500259,-46.9202727799707));
#3676=CARTESIAN_POINT('',(-256.542269676833,-383.522786074907,-45.8063894912234));
#3677=CARTESIAN_POINT('',(-256.610906669911,-383.675411936216,-45.7543839733367));
#3678=CARTESIAN_POINT('',(-256.691813282679,-383.815161405463,-45.695229611362));
#3679=CARTESIAN_POINT('',(-256.854315123126,-384.050082056473,-45.579885068136));
#3680=CARTESIAN_POINT('',(-256.92915214598,-384.144735875468,-45.52615535399));
#3681=CARTESIAN_POINT('',(-257.187073788095,-384.440394776788,-45.3370362025578));
#3682=CARTESIAN_POINT('',(-257.385962050744,-384.62249046048,-45.1867373187331));
#3683=CARTESIAN_POINT('',(-257.831909366447,-384.986002079871,-44.8421359025353));
#3684=CARTESIAN_POINT('',(-258.083969217676,-385.162205075803,-44.6423494471861));
#3685=CARTESIAN_POINT('',(-258.626205314973,-385.514313609356,-44.202236568598));
#3686=CARTESIAN_POINT('',(-258.914785763117,-385.68524174631,-43.9620318505916));
#3687=CARTESIAN_POINT('',(-259.443099722118,-385.986840866356,-43.5066155539491));
#3688=CARTESIAN_POINT('',(-259.682593581366,-386.118966927173,-43.2942152125189));
#3689=CARTESIAN_POINT('',(-260.162072317604,-386.381593352013,-42.851828667002));
#3690=CARTESIAN_POINT('',(-260.401342177549,-386.511591450853,-42.6221264254661));
#3691=CARTESIAN_POINT('',(-260.858794391933,-386.76422612867,-42.1533711159533));
#3692=CARTESIAN_POINT('',(-261.076220895695,-386.886258668457,-41.9160245880688));
#3693=CARTESIAN_POINT('',(-261.33280889409,-387.036212374053,-41.6036845601052));
#3694=CARTESIAN_POINT('',(-261.383290576224,-387.066070369039,-41.5412361576002));
#3695=CARTESIAN_POINT('',(-261.48560178992,-387.12748450971,-41.4163850924491));
#3696=CARTESIAN_POINT('',(-261.537191947679,-387.158884225207,-41.3537307194639));
#3697=CARTESIAN_POINT('',(-261.693213639055,-387.25512573615,-41.1651283250269));
#3698=CARTESIAN_POINT('',(-261.797702785516,-387.321311735412,-41.0400083437691));
#3699=CARTESIAN_POINT('',(-262.408781297992,-387.718058040799,-40.3148155675628));
#3700=CARTESIAN_POINT('',(-262.913629863057,-388.08505912534,-39.7408215761089));
#3701=CARTESIAN_POINT('',(-263.908349403083,-388.857974755602,-38.6559356185993));
#3702=CARTESIAN_POINT('',(-264.412909860573,-389.274086909838,-38.1266330202295));
#3703=CARTESIAN_POINT('',(-265.428888651403,-390.114915758603,-37.1394440639434));
#3704=CARTESIAN_POINT('',(-265.98365529984,-390.57583242172,-36.642053442076));
#3705=CARTESIAN_POINT('',(-266.863427729432,-391.243892776645,-35.9998771998167));
#3706=CARTESIAN_POINT('',(-267.176588977502,-391.470890422932,-35.7962496176964));
#3707=CARTESIAN_POINT('',(-267.67473241448,-391.802733574542,-35.5217215997679));
#3708=CARTESIAN_POINT('',(-267.843758865178,-391.910734315857,-35.4362333807027));
#3709=CARTESIAN_POINT('',(-268.189385174232,-392.120255185425,-35.2781671512208));
#3710=CARTESIAN_POINT('',(-268.364705939437,-392.221156061574,-35.205938214894));
#3711=CARTESIAN_POINT('',(-268.896977963512,-392.508592001722,-35.0101107566372));
#3712=CARTESIAN_POINT('',(-269.259961684904,-392.681092438428,-34.9057929505491));
#3713=CARTESIAN_POINT('',(-269.826279999285,-392.906466662738,-34.782081691683));
#3714=CARTESIAN_POINT('',(-270.012138366034,-392.973947762955,-34.7472521611446));
#3715=CARTESIAN_POINT('',(-270.294111440896,-393.066077451528,-34.7021035551304));
#3716=CARTESIAN_POINT('',(-270.387374824456,-393.094925704711,-34.6883870438626));
#3717=CARTESIAN_POINT('',(-270.527843235768,-393.135901364951,-34.6694301173075));
#3718=CARTESIAN_POINT('',(-270.574518356639,-393.149113296721,-34.6634096510709));
#3719=CARTESIAN_POINT('',(-270.643933874597,-393.168159548781,-34.6548508254704));
#3720=CARTESIAN_POINT('',(-270.738784478477,-393.193346860157,-34.6432112340173));
#3721=CARTESIAN_POINT('',(-270.767480161153,-393.200757806435,-34.6406859464269));
#3722=CARTESIAN_POINT('',(-270.773328514289,-393.202236739023,-34.6396181361798));
#3723=CARTESIAN_POINT('',(-270.785110252378,-393.205245190081,-34.6384004311698));
#3724=CARTESIAN_POINT('',(-270.790993660501,-393.206743525946,-34.6378485092909));
#3725=CARTESIAN_POINT('',(-270.808636928207,-393.211204530147,-34.6359114773645));
#3726=CARTESIAN_POINT('',(-270.820410188192,-393.214155963983,-34.6346337700567));
#3727=CARTESIAN_POINT('',(-270.855703086107,-393.22292744907,-34.6308477499305));
#3728=CARTESIAN_POINT('',(-270.879243229606,-393.228676889412,-34.6283812058028));
#3729=CARTESIAN_POINT('',(-270.949765904428,-393.245598370308,-34.6211647098818));
#3730=CARTESIAN_POINT('',(-270.996821064075,-393.256487687726,-34.6165785889929));
#3731=CARTESIAN_POINT('',(-271.137661959744,-393.287879273632,-34.603513310702));
#3732=CARTESIAN_POINT('',(-271.2316660077,-393.307249389333,-34.5956621858031));
#3733=CARTESIAN_POINT('',(-271.512972277752,-393.360490556346,-34.5745846158971));
#3734=CARTESIAN_POINT('',(-271.700619248203,-393.389833201835,-34.563682395099));
#3735=CARTESIAN_POINT('',(-272.264369458324,-393.459685117823,-34.5388317833705));
#3736=CARTESIAN_POINT('',(-272.638282323768,-393.482254856753,-34.5326241931378));
#3737=CARTESIAN_POINT('',(-273.393783937779,-393.482254856753,-34.5326241931378));
#3738=CARTESIAN_POINT('',(-273.767602956269,-393.459696582096,-34.5388286437918));
#3739=CARTESIAN_POINT('',(-274.331210101637,-393.389880691219,-34.5636650268929));
#3740=CARTESIAN_POINT('',(-274.518809591092,-393.36055325777,-34.5745608873427));
#3741=CARTESIAN_POINT('',(-274.800044697769,-393.307339778267,-34.5956258508528));
#3742=CARTESIAN_POINT('',(-274.894024794025,-393.287979803429,-34.6034722283417));
#3743=CARTESIAN_POINT('',(-275.03482990638,-393.256604661551,-34.6165295252162));
#3744=CARTESIAN_POINT('',(-275.081873057222,-393.245721068811,-34.6211128254218));
#3745=CARTESIAN_POINT('',(-275.152377765533,-393.228808485973,-34.62832486542));
#3746=CARTESIAN_POINT('',(-275.175911891932,-393.223062075822,-34.6307898807892));
#3747=CARTESIAN_POINT('',(-275.211195777856,-393.21429521405,-34.634573549963));
#3748=CARTESIAN_POINT('',(-275.222966026092,-393.211345337737,-34.6358504623341));
#3749=CARTESIAN_POINT('',(-275.240605231027,-393.206886574485,-34.6377863372062));
#3750=CARTESIAN_POINT('',(-275.246486799586,-393.205389553641,-34.6383475885981));
#3751=CARTESIAN_POINT('',(-275.25826886644,-393.202381368359,-34.6395545019558));
#3752=CARTESIAN_POINT('',(-275.264113841216,-393.200904872484,-34.640647551919));
#3753=CARTESIAN_POINT('',(-275.292044176532,-393.193691205738,-34.6430528255402));
#3754=CARTESIAN_POINT('',(-275.388392201377,-393.168113193808,-34.654871994141));
#3755=CARTESIAN_POINT('',(-275.457030224354,-393.149285371374,-34.6633316153826));
#3756=CARTESIAN_POINT('',(-275.503693782383,-393.136080295234,-34.6693481809059));
#3757=CARTESIAN_POINT('',(-275.64412663993,-393.095126126201,-34.6882926360096));
#3758=CARTESIAN_POINT('',(-275.737366477478,-393.066293026132,-34.7020000719899));
#3759=CARTESIAN_POINT('',(-276.01926830357,-392.974211779272,-34.7471183936032));
#3760=CARTESIAN_POINT('',(-276.20508137076,-392.906765724547,-34.7819243462663));
#3761=CARTESIAN_POINT('',(-276.77126092761,-392.681508364298,-34.9055504630352));
#3762=CARTESIAN_POINT('',(-277.134165124655,-392.509093564001,-35.0097964822259));
#3763=CARTESIAN_POINT('',(-277.666407096763,-392.221748271983,-35.2055207477695));
#3764=CARTESIAN_POINT('',(-277.841768458207,-392.120846727981,-35.2777354794765));
#3765=CARTESIAN_POINT('',(-278.187478792361,-391.911315945096,-35.4357798582968));
#3766=CARTESIAN_POINT('',(-278.356547215673,-391.803306375991,-35.5212610031437));
#3767=CARTESIAN_POINT('',(-278.854820307369,-391.471424182333,-35.7957814323946));
#3768=CARTESIAN_POINT('',(-279.168058703052,-391.2443917989,-35.9994169320852));
#3769=CARTESIAN_POINT('',(-280.048046747986,-390.576210770196,-36.6416527878915));
#3770=CARTESIAN_POINT('',(-280.602928275719,-390.115202329991,-37.1391212551072));
#3771=CARTESIAN_POINT('',(-281.619111512763,-389.274204170991,-38.1264821265304));
#3772=CARTESIAN_POINT('',(-282.123780597752,-388.857998656914,-38.6558976529271));
#3773=CARTESIAN_POINT('',(-283.118692546092,-388.084937289262,-39.7409972281606));
#3774=CARTESIAN_POINT('',(-283.623638490311,-387.717873298609,-40.3151078965707));
#3775=CARTESIAN_POINT('',(-284.234806245714,-387.321090900141,-41.0404213818048));
#3776=CARTESIAN_POINT('',(-284.339286398363,-387.254914293399,-41.1655331017718));
#3777=CARTESIAN_POINT('',(-284.495294378521,-387.158686658711,-41.3541226478255));
#3778=CARTESIAN_POINT('',(-284.54687984677,-387.127291571282,-41.416772553353));
#3779=CARTESIAN_POINT('',(-284.649177037578,-387.065889324564,-41.5416089345473));
#3780=CARTESIAN_POINT('',(-284.699648374087,-387.03603926173,-41.6040482822404));
#3781=CARTESIAN_POINT('',(-284.956233789943,-386.886093179216,-41.9163565598837));
#3782=CARTESIAN_POINT('',(-285.173662685596,-386.764062081532,-42.1536852675906));
#3783=CARTESIAN_POINT('',(-285.631102973399,-386.51143746537,-42.622402035802));
#3784=CARTESIAN_POINT('',(-285.870359701491,-386.381446843929,-42.8520833258938));
#3785=CARTESIAN_POINT('',(-286.349806089529,-386.118836611069,-43.2944270706159));
#3786=CARTESIAN_POINT('',(-286.589280727544,-385.986719369354,-43.5068061849877));
#3787=CARTESIAN_POINT('',(-287.117568204079,-385.685129736898,-43.9621924277938));
#3788=CARTESIAN_POINT('',(-287.406141170899,-385.514201510803,-44.2023879285253));
#3789=CARTESIAN_POINT('',(-287.948342193855,-385.162102568077,-44.642467545221));
#3790=CARTESIAN_POINT('',(-288.200374933421,-384.98591116989,-44.8422308210319));
#3791=CARTESIAN_POINT('',(-288.646275065734,-384.622423720207,-45.1867934461106));
#3792=CARTESIAN_POINT('',(-288.845142006652,-384.440340309548,-45.3370753920257));
#3793=CARTESIAN_POINT('',(-289.103040325173,-384.144699638016,-45.526176620291));
#3794=CARTESIAN_POINT('',(-289.177872816043,-384.050048807298,-45.5799024852988));
#3795=CARTESIAN_POINT('',(-289.340361853444,-383.815140595533,-45.6952383932036));
#3796=CARTESIAN_POINT('',(-289.421261611465,-383.675400472117,-45.7543878795975));
#3797=CARTESIAN_POINT('',(-289.489893449052,-383.522786074907,-45.8063894912233));
#3798=CARTESIAN_POINT('',(0.,0.,0.));
ENDSEC;
END-ISO-10303-21;
