ISO-10303-21;
HEADER;
/* Generated by software containing ST-Developer
 * from STEP Tools, Inc. (www.steptools.com) 
 */
/* OPTION: using custom schema-name function */

FILE_DESCRIPTION(
/* description */ (''),
/* implementation_level */ '2;1');

FILE_NAME(
/* name */ 'Jigsaw_HoseHolder',
/* time_stamp */ '2026-04-22T18:34:55+03:00',
/* author */ (''),
/* organization */ (''),
/* preprocessor_version */ 'ST-DEVELOPER v16.5',
/* originating_system */ 'Rhino 7.23',
/* authorisation */ '');

FILE_SCHEMA (('CONFIG_CONTROL_DESIGN'));
ENDSEC;

DATA;
#10=SHAPE_REPRESENTATION_RELATIONSHIP('','',#1444,#76);
#11=B_SPLINE_CURVE_WITH_KNOTS('',1,(#2262,#2263),.UNSPECIFIED.,.F.,.F.,
(2,2),(-18.0000000000001,-15.8648591824727),.UNSPECIFIED.);
#12=B_SPLINE_CURVE_WITH_KNOTS('',1,(#2264,#2265),.UNSPECIFIED.,.F.,.F.,
(2,2),(0.,2.1375759518072),.UNSPECIFIED.);
#13=B_SPLINE_CURVE_WITH_KNOTS('',1,(#2266,#2267),.UNSPECIFIED.,.F.,.F.,
(2,2),(22.7617233800247,27.3557502462704),.UNSPECIFIED.);
#14=B_SPLINE_CURVE_WITH_KNOTS('',1,(#2268,#2269),.UNSPECIFIED.,.F.,.F.,
(2,2),(22.76172219812,27.3557490640812),.UNSPECIFIED.);
#15=B_SPLINE_CURVE_WITH_KNOTS('',1,(#2286,#2287),.UNSPECIFIED.,.F.,.F.,
(2,2),(0.,18.),.UNSPECIFIED.);
#16=B_SPLINE_CURVE_WITH_KNOTS('',1,(#2296,#2297),.UNSPECIFIED.,.F.,.F.,
(2,2),(0.,18.),.UNSPECIFIED.);
#17=B_SPLINE_CURVE_WITH_KNOTS('',3,(#2331,#2332,#2333,#2334,#2335,#2336,
#2337,#2338,#2339,#2340,#2341,#2342,#2343,#2344,#2345,#2346,#2347,#2348),
 .UNSPECIFIED.,.F.,.F.,(4,3,2,2,3,2,2,4),(0.,3.16040695849365,4.55332995562615,
5.94629023425858,8.74283322559369,10.1298874020212,11.5167606653975,14.2942084284346),
 .UNSPECIFIED.);
#18=B_SPLINE_CURVE_WITH_KNOTS('',3,(#2349,#2350,#2351,#2352,#2353,#2354),
 .UNSPECIFIED.,.F.,.F.,(4,2,4),(0.,2.6011226655074,5.20731794336055),
 .UNSPECIFIED.);
#19=B_SPLINE_CURVE_WITH_KNOTS('',3,(#2355,#2356,#2357,#2358,#2359,#2360,
#2361,#2362,#2363,#2364,#2365,#2366,#2367,#2368,#2369,#2370,#2371,#2372,
#2373,#2374,#2375,#2376,#2377),.UNSPECIFIED.,.F.,.F.,(4,3,2,2,3,2,2,3,2,
4),(0.,3.16157739772205,4.55450676574756,5.9474734754774,8.74403072167431,
10.1310882027997,11.5179647153007,14.2954182066057,16.8971259773557,19.5039117447853),
 .UNSPECIFIED.);
#20=B_SPLINE_CURVE_WITH_KNOTS('',1,(#2390,#2391),.UNSPECIFIED.,.F.,.F.,
(2,2),(-2.13735622642517,0.),.UNSPECIFIED.);
#21=B_SPLINE_CURVE_WITH_KNOTS('',1,(#2392,#2393),.UNSPECIFIED.,.F.,.F.,
(2,2),(15.8646394570906,18.0000000000001),.UNSPECIFIED.);
#22=B_SPLINE_CURVE_WITH_KNOTS('',1,(#2396,#2397),.UNSPECIFIED.,.F.,.F.,
(2,2),(0.,2.94771587641689),.UNSPECIFIED.);
#23=B_SPLINE_CURVE_WITH_KNOTS('',1,(#2414,#2415),.UNSPECIFIED.,.F.,.F.,
(2,2),(24.7967304412002,27.4291198638068),.UNSPECIFIED.);
#24=B_SPLINE_CURVE_WITH_KNOTS('',1,(#2416,#2417),.UNSPECIFIED.,.F.,.F.,
(2,2),(24.7967304412001,27.4291198638068),.UNSPECIFIED.);
#25=B_SPLINE_CURVE_WITH_KNOTS('',1,(#2428,#2429),.UNSPECIFIED.,.F.,.F.,
(2,2),(0.,6.66616666758489),.UNSPECIFIED.);
#26=B_SPLINE_CURVE_WITH_KNOTS('',1,(#2442,#2443),.UNSPECIFIED.,.F.,.F.,
(2,2),(6.25333576400573,12.1003615280329),.UNSPECIFIED.);
#27=B_SPLINE_CURVE_WITH_KNOTS('',1,(#2444,#2445),.UNSPECIFIED.,.F.,.F.,
(2,2),(6.25333576400574,12.100361528033),.UNSPECIFIED.);
#28=B_SPLINE_CURVE_WITH_KNOTS('',1,(#2448,#2449),.UNSPECIFIED.,.F.,.F.,
(2,2),(-3.7170266864454E-14,7.0593790625542),.UNSPECIFIED.);
#29=B_SPLINE_CURVE_WITH_KNOTS('',1,(#2456,#2457),.UNSPECIFIED.,.F.,.F.,
(2,2),(2.25066854293794,3.74987989229758),.UNSPECIFIED.);
#30=B_SPLINE_CURVE_WITH_KNOTS('',1,(#2458,#2459),.UNSPECIFIED.,.F.,.F.,
(2,2),(2.25066854293777,3.74987989229762),.UNSPECIFIED.);
#31=B_SPLINE_CURVE_WITH_KNOTS('',1,(#2460,#2461),.UNSPECIFIED.,.F.,.F.,
(2,2),(8.57197700666399,12.2327979373271),.UNSPECIFIED.);
#32=B_SPLINE_CURVE_WITH_KNOTS('',1,(#2462,#2463),.UNSPECIFIED.,.F.,.F.,
(2,2),(8.57197700666394,12.2327979373269),.UNSPECIFIED.);
#33=B_SPLINE_CURVE_WITH_KNOTS('',1,(#2464,#2465),.UNSPECIFIED.,.F.,.F.,
(2,2),(32.2509083705338,33.751148327513),.UNSPECIFIED.);
#34=B_SPLINE_CURVE_WITH_KNOTS('',1,(#2466,#2467),.UNSPECIFIED.,.F.,.F.,
(2,2),(32.2509083705338,33.7511483275129),.UNSPECIFIED.);
#35=B_SPLINE_CURVE_WITH_KNOTS('',1,(#2468,#2469),.UNSPECIFIED.,.F.,.F.,
(2,2),(2.57142859260239,7.00044366881676),.UNSPECIFIED.);
#36=B_SPLINE_CURVE_WITH_KNOTS('',1,(#2470,#2471),.UNSPECIFIED.,.F.,.F.,
(2,2),(2.57142859257273,7.00044366881676),.UNSPECIFIED.);
#37=B_SPLINE_CURVE_WITH_KNOTS('',1,(#2472,#2473),.UNSPECIFIED.,.F.,.F.,
(2,2),(0.,17.9999999999999),.UNSPECIFIED.);
#38=B_SPLINE_CURVE_WITH_KNOTS('',1,(#2474,#2475),.UNSPECIFIED.,.F.,.F.,
(2,2),(0.,18.),.UNSPECIFIED.);
#39=B_SPLINE_CURVE_WITH_KNOTS('',1,(#2476,#2477),.UNSPECIFIED.,.F.,.F.,
(2,2),(0.,17.9999999999999),.UNSPECIFIED.);
#40=B_SPLINE_CURVE_WITH_KNOTS('',1,(#2478,#2479),.UNSPECIFIED.,.F.,.F.,
(2,2),(0.,18.),.UNSPECIFIED.);
#41=B_SPLINE_CURVE_WITH_KNOTS('',1,(#2480,#2481),.UNSPECIFIED.,.F.,.F.,
(2,2),(6.03961325396081E-14,17.9999999999999),.UNSPECIFIED.);
#42=B_SPLINE_CURVE_WITH_KNOTS('',1,(#2482,#2483),.UNSPECIFIED.,.F.,.F.,
(2,2),(0.,17.9999999999999),.UNSPECIFIED.);
#43=B_SPLINE_CURVE_WITH_KNOTS('',3,(#2511,#2512,#2513,#2514,#2515,#2516,
#2517),.UNSPECIFIED.,.F.,.F.,(4,3,4),(0.781571629918591,2.64996969568388,
4.51841193477007),.UNSPECIFIED.);
#44=B_SPLINE_CURVE_WITH_KNOTS('',3,(#2534,#2535,#2536,#2537,#2538,#2539,
#2540,#2541,#2542,#2543,#2544,#2545,#2546),.UNSPECIFIED.,.F.,.F.,(4,2,3,
2,2,4),(0.,2.6497716023565,5.27257067019968,7.06743935977233,7.96615873948575,
8.86299520917983),.UNSPECIFIED.);
#45=B_SPLINE_CURVE_WITH_KNOTS('',3,(#2547,#2548,#2549,#2550),
 .UNSPECIFIED.,.F.,.F.,(4,4),(0.,1.08041369683899),.UNSPECIFIED.);
#46=B_SPLINE_CURVE_WITH_KNOTS('',3,(#2551,#2552,#2553,#2554),
 .UNSPECIFIED.,.F.,.F.,(4,4),(0.226675395616713,3.93096585653888),
 .UNSPECIFIED.);
#47=B_SPLINE_CURVE_WITH_KNOTS('',1,(#2566,#2567,#2568),.UNSPECIFIED.,.F.,
 .F.,(2,1,2),(0.,3.06846300599975,6.8067394696624),.UNSPECIFIED.);
#48=B_SPLINE_CURVE_WITH_KNOTS('',1,(#2569,#2570,#2571),.UNSPECIFIED.,.F.,
 .F.,(2,1,2),(0.,4.71112885068526,17.9999999999999),.UNSPECIFIED.);
#49=B_SPLINE_CURVE_WITH_KNOTS('',3,(#2572,#2573,#2574,#2575,#2576,#2577,
#2578,#2579,#2580,#2581,#2582,#2583,#2584,#2585,#2586,#2587,#2588,#2589,
#2590,#2591,#2592,#2593,#2594,#2595,#2596,#2597,#2598,#2599,#2600),
 .UNSPECIFIED.,.F.,.F.,(4,2,3,2,2,2,3,2,2,2,3,2,4),(0.,2.50911669559896,
4.99235355110842,6.24746195021668,7.50148293273637,8.7647784230174,10.0377051835607,
11.3106319441028,12.5739274343863,13.8279484169047,15.0830568160129,17.5662936715235,
20.0754103671212),.UNSPECIFIED.);
#50=B_SPLINE_CURVE_WITH_KNOTS('',1,(#2601,#2602),.UNSPECIFIED.,.F.,.F.,
(2,2),(15.0522841235833,18.),.UNSPECIFIED.);
#51=B_SPLINE_CURVE_WITH_KNOTS('',1,(#2603,#2604),.UNSPECIFIED.,.F.,.F.,
(2,2),(2.94771587641689,6.50000000000013),.UNSPECIFIED.);
#52=B_SPLINE_CURVE_WITH_KNOTS('',1,(#2610,#2611,#2612,#2613),
 .UNSPECIFIED.,.F.,.F.,(2,1,1,2),(0.,4.71175292346063,13.2882470765394,
17.9999999999999),.UNSPECIFIED.);
#53=B_SPLINE_CURVE_WITH_KNOTS('',3,(#2638,#2639,#2640,#2641,#2642,#2643,
#2644,#2645,#2646,#2647,#2648,#2649,#2650,#2651,#2652,#2653,#2654,#2655,
#2656),.UNSPECIFIED.,.F.,.F.,(4,2,2,2,3,2,2,2,4),(1.73793275771561E-9,0.757032679926628,
1.51352711047,2.2701929960079,3.02736556412212,3.78453813223484,4.54120401777374,
5.29769844831702,6.05473112650635),.UNSPECIFIED.);
#54=B_SPLINE_CURVE_WITH_KNOTS('',3,(#2657,#2658,#2659,#2660,#2661,#2662,
#2663,#2664,#2665,#2666,#2667),.UNSPECIFIED.,.F.,.F.,(4,2,3,2,4),(0.,1.12021369470049,
2.24103136376704,3.36184903283446,4.48206272753412),.UNSPECIFIED.);
#55=B_SPLINE_CURVE_WITH_KNOTS('',3,(#2668,#2669,#2670,#2671),
 .UNSPECIFIED.,.F.,.F.,(4,4),(9.22585165384317,9.35755825285148),
 .UNSPECIFIED.);
#56=B_SPLINE_CURVE_WITH_KNOTS('',3,(#2672,#2673,#2674,#2675),
 .UNSPECIFIED.,.F.,.F.,(4,4),(0.,0.108238601220172),.UNSPECIFIED.);
#57=B_SPLINE_CURVE_WITH_KNOTS('',3,(#2681,#2682,#2683,#2684,#2685,#2686,
#2687,#2688,#2689,#2690,#2691,#2692,#2693,#2694,#2695,#2696,#2697,#2698),
 .UNSPECIFIED.,.F.,.F.,(4,3,2,2,3,2,2,4),(0.129731570718937,1.26188623563891,
3.26685867538522,4.25962022163822,5.25238176695093,6.24514331226402,7.2379048585178,
9.24287729826288),.UNSPECIFIED.);
#58=B_SPLINE_CURVE_WITH_KNOTS('',3,(#2699,#2700,#2701,#2702),
 .UNSPECIFIED.,.F.,.F.,(4,4),(0.,1.15574408305092),.UNSPECIFIED.);
#59=B_SPLINE_CURVE_WITH_KNOTS('',1,(#2713,#2714),.UNSPECIFIED.,.F.,.F.,
(2,2),(11.3338333324152,18.),.UNSPECIFIED.);
#60=B_SPLINE_CURVE_WITH_KNOTS('',1,(#2715,#2716),.UNSPECIFIED.,.F.,.F.,
(2,2),(10.9406209374456,17.9999999999999),.UNSPECIFIED.);
#61=B_SPLINE_CURVE_WITH_KNOTS('',3,(#2717,#2718,#2719,#2720),
 .UNSPECIFIED.,.F.,.F.,(4,4),(8.42736275262716,12.1307803315282),
 .UNSPECIFIED.);
#62=B_SPLINE_CURVE_WITH_KNOTS('',1,(#2721,#2722,#2723),.UNSPECIFIED.,.F.,
 .F.,(2,1,2),(11.193260531215,14.9327851046475,18.),.UNSPECIFIED.);
#63=B_SPLINE_CURVE_WITH_KNOTS('',1,(#2724,#2725),.UNSPECIFIED.,.F.,.F.,
(2,2),(11.5000000000001,15.0522841235833),.UNSPECIFIED.);
#64=B_SPLINE_CURVE_WITH_KNOTS('',1,(#2730,#2731),.UNSPECIFIED.,.F.,.F.,
(2,2),(5.8604123490586,44.2570599783953),.UNSPECIFIED.);
#65=B_SPLINE_CURVE_WITH_KNOTS('',1,(#2732,#2733),.UNSPECIFIED.,.F.,.F.,
(2,2),(20.5576545457735,23.9376908376217),.UNSPECIFIED.);
#66=B_SPLINE_CURVE_WITH_KNOTS('',1,(#2734,#2735),.UNSPECIFIED.,.F.,.F.,
(2,2),(20.5576545457735,23.9376908376221),.UNSPECIFIED.);
#67=B_SPLINE_CURVE_WITH_KNOTS('',1,(#2736,#2737),.UNSPECIFIED.,.F.,.F.,
(2,2),(0.,18.),.UNSPECIFIED.);
#68=B_SPLINE_CURVE_WITH_KNOTS('',1,(#2738,#2739),.UNSPECIFIED.,.F.,.F.,
(2,2),(0.,18.),.UNSPECIFIED.);
#69=B_SPLINE_CURVE_WITH_KNOTS('',1,(#2746,#2747),.UNSPECIFIED.,.F.,.F.,
(2,2),(5.86041246571032,44.2570600950469),.UNSPECIFIED.);
#70=B_SPLINE_CURVE_WITH_KNOTS('',1,(#2748,#2749),.UNSPECIFIED.,.F.,.F.,
(2,2),(20.5576548020277,23.9376870684873),.UNSPECIFIED.);
#71=B_SPLINE_CURVE_WITH_KNOTS('',1,(#2750,#2751),.UNSPECIFIED.,.F.,.F.,
(2,2),(20.5576548020278,23.9376870684876),.UNSPECIFIED.);
#72=B_SPLINE_CURVE_WITH_KNOTS('',1,(#2752,#2753),.UNSPECIFIED.,.F.,.F.,
(2,2),(0.,18.),.UNSPECIFIED.);
#73=B_SPLINE_CURVE_WITH_KNOTS('',1,(#2754,#2755),.UNSPECIFIED.,.F.,.F.,
(2,2),(0.,18.),.UNSPECIFIED.);
#74=MANIFOLD_SOLID_BREP('brep_1',#77);
#75=MANIFOLD_SOLID_BREP('brep_2',#78);
#76=ADVANCED_BREP_SHAPE_REPRESENTATION('brep_rep_0',(#74,#75,#1515),#1443);
#77=CLOSED_SHELL('',(#118,#119,#120,#121,#122,#123,#124,#125,#126,#127,
#128,#129,#130,#131,#132,#133,#134,#135,#136,#137,#138,#139,#140,#141,#142,
#143,#144,#145,#146,#147));
#78=CLOSED_SHELL('',(#148,#149,#150,#151,#152,#153,#154,#155,#156,#157,
#158,#159,#160,#161,#162,#163,#164,#165,#166,#167,#168,#169,#170,#171,#172,
#173,#174,#175,#176,#177,#178,#179,#180,#181,#182,#183,#184,#185,#186,#187,
#188,#189));
#79=FACE_BOUND('',#269,.T.);
#80=FACE_BOUND('',#270,.T.);
#81=FACE_BOUND('',#271,.T.);
#82=FACE_BOUND('',#272,.T.);
#83=FACE_BOUND('',#273,.T.);
#84=FACE_BOUND('',#274,.T.);
#85=FACE_BOUND('',#275,.T.);
#86=FACE_BOUND('',#276,.T.);
#87=FACE_BOUND('',#277,.T.);
#88=FACE_BOUND('',#278,.T.);
#89=FACE_BOUND('',#279,.T.);
#90=FACE_BOUND('',#280,.T.);
#91=FACE_BOUND('',#281,.T.);
#92=FACE_BOUND('',#282,.T.);
#93=FACE_BOUND('',#283,.T.);
#94=FACE_BOUND('',#284,.T.);
#95=FACE_BOUND('',#285,.T.);
#96=FACE_BOUND('',#286,.T.);
#97=FACE_BOUND('',#288,.T.);
#98=FACE_BOUND('',#289,.T.);
#99=FACE_BOUND('',#290,.T.);
#100=FACE_BOUND('',#291,.T.);
#101=FACE_BOUND('',#292,.T.);
#102=FACE_BOUND('',#293,.T.);
#103=FACE_BOUND('',#294,.T.);
#104=FACE_BOUND('',#295,.T.);
#105=FACE_BOUND('',#296,.T.);
#106=FACE_BOUND('',#297,.T.);
#107=FACE_BOUND('',#298,.T.);
#108=FACE_BOUND('',#299,.T.);
#109=FACE_BOUND('',#300,.T.);
#110=FACE_BOUND('',#301,.T.);
#111=FACE_BOUND('',#302,.T.);
#112=FACE_BOUND('',#303,.T.);
#113=FACE_BOUND('',#304,.T.);
#114=FACE_BOUND('',#305,.T.);
#115=FACE_BOUND('',#310,.T.);
#116=FACE_BOUND('',#330,.T.);
#117=FACE_BOUND('',#341,.T.);
#118=ADVANCED_FACE('',(#190),#1311,.T.);
#119=ADVANCED_FACE('',(#191),#1289,.T.);
#120=ADVANCED_FACE('',(#192),#1312,.T.);
#121=ADVANCED_FACE('',(#193),#1290,.T.);
#122=ADVANCED_FACE('',(#194),#1313,.T.);
#123=ADVANCED_FACE('',(#195),#1291,.T.);
#124=ADVANCED_FACE('',(#196,#79,#80,#81,#82,#83,#84,#85,#86,#87,#88,#89,
#90,#91,#92,#93,#94,#95,#96),#1292,.T.);
#125=ADVANCED_FACE('',(#197,#97,#98,#99,#100,#101,#102,#103,#104,#105,#106,
#107,#108,#109,#110,#111,#112,#113,#114),#1293,.T.);
#126=ADVANCED_FACE('',(#198),#1294,.T.);
#127=ADVANCED_FACE('',(#199),#1314,.T.);
#128=ADVANCED_FACE('',(#200),#1315,.F.);
#129=ADVANCED_FACE('',(#201,#115),#1295,.T.);
#130=ADVANCED_FACE('',(#202),#1316,.F.);
#131=ADVANCED_FACE('',(#203),#1317,.F.);
#132=ADVANCED_FACE('',(#204),#1318,.F.);
#133=ADVANCED_FACE('',(#205),#1319,.F.);
#134=ADVANCED_FACE('',(#206),#1320,.F.);
#135=ADVANCED_FACE('',(#207),#1321,.F.);
#136=ADVANCED_FACE('',(#208),#1322,.F.);
#137=ADVANCED_FACE('',(#209),#1323,.F.);
#138=ADVANCED_FACE('',(#210),#1324,.F.);
#139=ADVANCED_FACE('',(#211),#1325,.F.);
#140=ADVANCED_FACE('',(#212),#1326,.F.);
#141=ADVANCED_FACE('',(#213),#1327,.F.);
#142=ADVANCED_FACE('',(#214),#1328,.F.);
#143=ADVANCED_FACE('',(#215),#1329,.F.);
#144=ADVANCED_FACE('',(#216),#1330,.F.);
#145=ADVANCED_FACE('',(#217),#1331,.F.);
#146=ADVANCED_FACE('',(#218),#1332,.F.);
#147=ADVANCED_FACE('',(#219),#1333,.F.);
#148=ADVANCED_FACE('',(#220,#116),#1298,.T.);
#149=ADVANCED_FACE('',(#221),#1299,.T.);
#150=ADVANCED_FACE('',(#222),#1334,.F.);
#151=ADVANCED_FACE('',(#223),#1342,.F.);
#152=ADVANCED_FACE('',(#224),#1336,.T.);
#153=ADVANCED_FACE('',(#225),#1337,.F.);
#154=ADVANCED_FACE('',(#226),#1338,.T.);
#155=ADVANCED_FACE('',(#227),#1339,.F.);
#156=ADVANCED_FACE('',(#228),#1299,.T.);
#157=ADVANCED_FACE('',(#229),#1341,.F.);
#158=ADVANCED_FACE('',(#230,#117),#1300,.T.);
#159=ADVANCED_FACE('',(#231),#1340,.F.);
#160=ADVANCED_FACE('',(#232),#1335,.F.);
#161=ADVANCED_FACE('',(#233),#1304,.T.);
#162=ADVANCED_FACE('',(#234),#1305,.T.);
#163=ADVANCED_FACE('',(#235),#1306,.T.);
#164=ADVANCED_FACE('',(#236),#1307,.T.);
#165=ADVANCED_FACE('',(#237),#1308,.T.);
#166=ADVANCED_FACE('',(#238),#1343,.F.);
#167=ADVANCED_FACE('',(#239),#1345,.T.);
#168=ADVANCED_FACE('',(#240),#1346,.T.);
#169=ADVANCED_FACE('',(#241),#1301,.T.);
#170=ADVANCED_FACE('',(#242),#1347,.T.);
#171=ADVANCED_FACE('',(#243),#1348,.T.);
#172=ADVANCED_FACE('',(#244),#1349,.T.);
#173=ADVANCED_FACE('',(#245),#1350,.T.);
#174=ADVANCED_FACE('',(#246),#1338,.T.);
#175=ADVANCED_FACE('',(#247),#1356,.F.);
#176=ADVANCED_FACE('',(#248),#1303,.T.);
#177=ADVANCED_FACE('',(#249),#1351,.F.);
#178=ADVANCED_FACE('',(#250),#1351,.F.);
#179=ADVANCED_FACE('',(#251),#1309,.T.);
#180=ADVANCED_FACE('',(#252),#1302,.T.);
#181=ADVANCED_FACE('',(#253),#1352,.F.);
#182=ADVANCED_FACE('',(#254),#1310,.T.);
#183=ADVANCED_FACE('',(#255),#1344,.F.);
#184=ADVANCED_FACE('',(#256),#1357,.F.);
#185=ADVANCED_FACE('',(#257),#1353,.F.);
#186=ADVANCED_FACE('',(#258),#1296,.T.);
#187=ADVANCED_FACE('',(#259),#1354,.T.);
#188=ADVANCED_FACE('',(#260),#1297,.T.);
#189=ADVANCED_FACE('',(#261),#1355,.T.);
#190=FACE_OUTER_BOUND('',#262,.T.);
#191=FACE_OUTER_BOUND('',#263,.T.);
#192=FACE_OUTER_BOUND('',#264,.T.);
#193=FACE_OUTER_BOUND('',#265,.T.);
#194=FACE_OUTER_BOUND('',#266,.T.);
#195=FACE_OUTER_BOUND('',#267,.T.);
#196=FACE_OUTER_BOUND('',#268,.T.);
#197=FACE_OUTER_BOUND('',#287,.T.);
#198=FACE_OUTER_BOUND('',#306,.T.);
#199=FACE_OUTER_BOUND('',#307,.T.);
#200=FACE_OUTER_BOUND('',#308,.T.);
#201=FACE_OUTER_BOUND('',#309,.T.);
#202=FACE_OUTER_BOUND('',#311,.T.);
#203=FACE_OUTER_BOUND('',#312,.T.);
#204=FACE_OUTER_BOUND('',#313,.T.);
#205=FACE_OUTER_BOUND('',#314,.T.);
#206=FACE_OUTER_BOUND('',#315,.T.);
#207=FACE_OUTER_BOUND('',#316,.T.);
#208=FACE_OUTER_BOUND('',#317,.T.);
#209=FACE_OUTER_BOUND('',#318,.T.);
#210=FACE_OUTER_BOUND('',#319,.T.);
#211=FACE_OUTER_BOUND('',#320,.T.);
#212=FACE_OUTER_BOUND('',#321,.T.);
#213=FACE_OUTER_BOUND('',#322,.T.);
#214=FACE_OUTER_BOUND('',#323,.T.);
#215=FACE_OUTER_BOUND('',#324,.T.);
#216=FACE_OUTER_BOUND('',#325,.T.);
#217=FACE_OUTER_BOUND('',#326,.T.);
#218=FACE_OUTER_BOUND('',#327,.T.);
#219=FACE_OUTER_BOUND('',#328,.T.);
#220=FACE_OUTER_BOUND('',#329,.T.);
#221=FACE_OUTER_BOUND('',#331,.T.);
#222=FACE_OUTER_BOUND('',#332,.T.);
#223=FACE_OUTER_BOUND('',#333,.T.);
#224=FACE_OUTER_BOUND('',#334,.T.);
#225=FACE_OUTER_BOUND('',#335,.T.);
#226=FACE_OUTER_BOUND('',#336,.T.);
#227=FACE_OUTER_BOUND('',#337,.T.);
#228=FACE_OUTER_BOUND('',#338,.T.);
#229=FACE_OUTER_BOUND('',#339,.T.);
#230=FACE_OUTER_BOUND('',#340,.T.);
#231=FACE_OUTER_BOUND('',#342,.T.);
#232=FACE_OUTER_BOUND('',#343,.T.);
#233=FACE_OUTER_BOUND('',#344,.T.);
#234=FACE_OUTER_BOUND('',#345,.T.);
#235=FACE_OUTER_BOUND('',#346,.T.);
#236=FACE_OUTER_BOUND('',#347,.T.);
#237=FACE_OUTER_BOUND('',#348,.T.);
#238=FACE_OUTER_BOUND('',#349,.T.);
#239=FACE_OUTER_BOUND('',#350,.T.);
#240=FACE_OUTER_BOUND('',#351,.T.);
#241=FACE_OUTER_BOUND('',#352,.T.);
#242=FACE_OUTER_BOUND('',#353,.T.);
#243=FACE_OUTER_BOUND('',#354,.T.);
#244=FACE_OUTER_BOUND('',#355,.T.);
#245=FACE_OUTER_BOUND('',#356,.T.);
#246=FACE_OUTER_BOUND('',#357,.T.);
#247=FACE_OUTER_BOUND('',#358,.T.);
#248=FACE_OUTER_BOUND('',#359,.T.);
#249=FACE_OUTER_BOUND('',#360,.T.);
#250=FACE_OUTER_BOUND('',#361,.T.);
#251=FACE_OUTER_BOUND('',#362,.T.);
#252=FACE_OUTER_BOUND('',#363,.T.);
#253=FACE_OUTER_BOUND('',#364,.T.);
#254=FACE_OUTER_BOUND('',#365,.T.);
#255=FACE_OUTER_BOUND('',#366,.T.);
#256=FACE_OUTER_BOUND('',#367,.T.);
#257=FACE_OUTER_BOUND('',#368,.T.);
#258=FACE_OUTER_BOUND('',#369,.T.);
#259=FACE_OUTER_BOUND('',#370,.T.);
#260=FACE_OUTER_BOUND('',#371,.T.);
#261=FACE_OUTER_BOUND('',#372,.T.);
#262=EDGE_LOOP('',(#373,#374,#375,#376));
#263=EDGE_LOOP('',(#377,#378,#379,#380));
#264=EDGE_LOOP('',(#381,#382,#383,#384));
#265=EDGE_LOOP('',(#385,#386,#387,#388));
#266=EDGE_LOOP('',(#389,#390,#391,#392));
#267=EDGE_LOOP('',(#393,#394,#395,#396));
#268=EDGE_LOOP('',(#397,#398,#399,#400,#401,#402,#403,#404));
#269=EDGE_LOOP('',(#405));
#270=EDGE_LOOP('',(#406));
#271=EDGE_LOOP('',(#407));
#272=EDGE_LOOP('',(#408));
#273=EDGE_LOOP('',(#409));
#274=EDGE_LOOP('',(#410));
#275=EDGE_LOOP('',(#411));
#276=EDGE_LOOP('',(#412));
#277=EDGE_LOOP('',(#413));
#278=EDGE_LOOP('',(#414));
#279=EDGE_LOOP('',(#415));
#280=EDGE_LOOP('',(#416));
#281=EDGE_LOOP('',(#417));
#282=EDGE_LOOP('',(#418));
#283=EDGE_LOOP('',(#419));
#284=EDGE_LOOP('',(#420));
#285=EDGE_LOOP('',(#421));
#286=EDGE_LOOP('',(#422));
#287=EDGE_LOOP('',(#423,#424,#425,#426,#427,#428,#429,#430));
#288=EDGE_LOOP('',(#431));
#289=EDGE_LOOP('',(#432));
#290=EDGE_LOOP('',(#433));
#291=EDGE_LOOP('',(#434));
#292=EDGE_LOOP('',(#435));
#293=EDGE_LOOP('',(#436));
#294=EDGE_LOOP('',(#437));
#295=EDGE_LOOP('',(#438));
#296=EDGE_LOOP('',(#439));
#297=EDGE_LOOP('',(#440));
#298=EDGE_LOOP('',(#441));
#299=EDGE_LOOP('',(#442));
#300=EDGE_LOOP('',(#443));
#301=EDGE_LOOP('',(#444));
#302=EDGE_LOOP('',(#445));
#303=EDGE_LOOP('',(#446));
#304=EDGE_LOOP('',(#447));
#305=EDGE_LOOP('',(#448));
#306=EDGE_LOOP('',(#449,#450,#451,#452));
#307=EDGE_LOOP('',(#453,#454,#455,#456));
#308=EDGE_LOOP('',(#457,#458,#459,#460));
#309=EDGE_LOOP('',(#461));
#310=EDGE_LOOP('',(#462));
#311=EDGE_LOOP('',(#463,#464,#465,#466));
#312=EDGE_LOOP('',(#467,#468,#469,#470));
#313=EDGE_LOOP('',(#471,#472,#473,#474));
#314=EDGE_LOOP('',(#475,#476,#477,#478));
#315=EDGE_LOOP('',(#479,#480,#481,#482));
#316=EDGE_LOOP('',(#483,#484,#485,#486));
#317=EDGE_LOOP('',(#487,#488,#489,#490));
#318=EDGE_LOOP('',(#491,#492,#493,#494));
#319=EDGE_LOOP('',(#495,#496,#497,#498));
#320=EDGE_LOOP('',(#499,#500,#501,#502));
#321=EDGE_LOOP('',(#503,#504,#505,#506));
#322=EDGE_LOOP('',(#507,#508,#509,#510));
#323=EDGE_LOOP('',(#511,#512,#513,#514));
#324=EDGE_LOOP('',(#515,#516,#517,#518));
#325=EDGE_LOOP('',(#519,#520,#521,#522));
#326=EDGE_LOOP('',(#523,#524,#525,#526));
#327=EDGE_LOOP('',(#527,#528,#529,#530));
#328=EDGE_LOOP('',(#531,#532,#533,#534));
#329=EDGE_LOOP('',(#535,#536,#537,#538));
#330=EDGE_LOOP('',(#539));
#331=EDGE_LOOP('',(#540,#541,#542,#543));
#332=EDGE_LOOP('',(#544,#545,#546,#547,#548,#549,#550));
#333=EDGE_LOOP('',(#551,#552,#553,#554));
#334=EDGE_LOOP('',(#555,#556,#557,#558));
#335=EDGE_LOOP('',(#559,#560,#561,#562));
#336=EDGE_LOOP('',(#563,#564,#565,#566));
#337=EDGE_LOOP('',(#567,#568,#569,#570));
#338=EDGE_LOOP('',(#571,#572,#573,#574));
#339=EDGE_LOOP('',(#575,#576,#577,#578,#579,#580,#581,#582));
#340=EDGE_LOOP('',(#583));
#341=EDGE_LOOP('',(#584));
#342=EDGE_LOOP('',(#585,#586,#587,#588));
#343=EDGE_LOOP('',(#589,#590,#591,#592,#593,#594));
#344=EDGE_LOOP('',(#595,#596,#597,#598));
#345=EDGE_LOOP('',(#599,#600,#601,#602,#603,#604,#605));
#346=EDGE_LOOP('',(#606,#607,#608,#609,#610,#611,#612));
#347=EDGE_LOOP('',(#613,#614,#615,#616,#617,#618,#619,#620,#621,#622,#623,
#624,#625,#626,#627,#628,#629,#630,#631,#632,#633,#634,#635,#636,#637,#638,
#639,#640));
#348=EDGE_LOOP('',(#641,#642,#643,#644,#645,#646,#647,#648,#649,#650,#651,
#652,#653,#654,#655,#656,#657,#658,#659,#660,#661,#662,#663,#664,#665,#666,
#667,#668));
#349=EDGE_LOOP('',(#669,#670,#671,#672,#673,#674));
#350=EDGE_LOOP('',(#675,#676,#677,#678,#679,#680));
#351=EDGE_LOOP('',(#681,#682,#683,#684,#685,#686));
#352=EDGE_LOOP('',(#687,#688,#689,#690));
#353=EDGE_LOOP('',(#691,#692,#693,#694));
#354=EDGE_LOOP('',(#695,#696,#697,#698));
#355=EDGE_LOOP('',(#699,#700,#701,#702));
#356=EDGE_LOOP('',(#703,#704,#705,#706));
#357=EDGE_LOOP('',(#707,#708,#709,#710,#711,#712));
#358=EDGE_LOOP('',(#713,#714,#715,#716,#717,#718,#719));
#359=EDGE_LOOP('',(#720,#721,#722,#723,#724,#725));
#360=EDGE_LOOP('',(#726,#727,#728));
#361=EDGE_LOOP('',(#729,#730,#731,#732,#733));
#362=EDGE_LOOP('',(#734,#735,#736,#737,#738,#739));
#363=EDGE_LOOP('',(#740,#741,#742,#743,#744,#745,#746,#747));
#364=EDGE_LOOP('',(#748,#749));
#365=EDGE_LOOP('',(#750,#751,#752,#753));
#366=EDGE_LOOP('',(#754,#755,#756,#757,#758,#759));
#367=EDGE_LOOP('',(#760,#761,#762,#763,#764,#765,#766,#767,#768,#769));
#368=EDGE_LOOP('',(#770,#771,#772,#773,#774,#775,#776));
#369=EDGE_LOOP('',(#777,#778,#779,#780));
#370=EDGE_LOOP('',(#781,#782,#783,#784));
#371=EDGE_LOOP('',(#785,#786,#787,#788));
#372=EDGE_LOOP('',(#789,#790,#791,#792));
#373=ORIENTED_EDGE('',*,*,#793,.T.);
#374=ORIENTED_EDGE('',*,*,#794,.T.);
#375=ORIENTED_EDGE('',*,*,#795,.F.);
#376=ORIENTED_EDGE('',*,*,#796,.F.);
#377=ORIENTED_EDGE('',*,*,#814,.T.);
#378=ORIENTED_EDGE('',*,*,#811,.T.);
#379=ORIENTED_EDGE('',*,*,#799,.T.);
#380=ORIENTED_EDGE('',*,*,#812,.F.);
#381=ORIENTED_EDGE('',*,*,#800,.T.);
#382=ORIENTED_EDGE('',*,*,#801,.T.);
#383=ORIENTED_EDGE('',*,*,#802,.F.);
#384=ORIENTED_EDGE('',*,*,#799,.F.);
#385=ORIENTED_EDGE('',*,*,#803,.T.);
#386=ORIENTED_EDGE('',*,*,#804,.T.);
#387=ORIENTED_EDGE('',*,*,#805,.F.);
#388=ORIENTED_EDGE('',*,*,#801,.F.);
#389=ORIENTED_EDGE('',*,*,#806,.T.);
#390=ORIENTED_EDGE('',*,*,#807,.T.);
#391=ORIENTED_EDGE('',*,*,#808,.F.);
#392=ORIENTED_EDGE('',*,*,#804,.F.);
#393=ORIENTED_EDGE('',*,*,#809,.T.);
#394=ORIENTED_EDGE('',*,*,#796,.T.);
#395=ORIENTED_EDGE('',*,*,#810,.F.);
#396=ORIENTED_EDGE('',*,*,#807,.F.);
#397=ORIENTED_EDGE('',*,*,#815,.F.);
#398=ORIENTED_EDGE('',*,*,#797,.F.);
#399=ORIENTED_EDGE('',*,*,#793,.F.);
#400=ORIENTED_EDGE('',*,*,#809,.F.);
#401=ORIENTED_EDGE('',*,*,#806,.F.);
#402=ORIENTED_EDGE('',*,*,#803,.F.);
#403=ORIENTED_EDGE('',*,*,#800,.F.);
#404=ORIENTED_EDGE('',*,*,#811,.F.);
#405=ORIENTED_EDGE('',*,*,#819,.F.);
#406=ORIENTED_EDGE('',*,*,#823,.F.);
#407=ORIENTED_EDGE('',*,*,#826,.F.);
#408=ORIENTED_EDGE('',*,*,#829,.F.);
#409=ORIENTED_EDGE('',*,*,#832,.F.);
#410=ORIENTED_EDGE('',*,*,#835,.F.);
#411=ORIENTED_EDGE('',*,*,#838,.F.);
#412=ORIENTED_EDGE('',*,*,#841,.F.);
#413=ORIENTED_EDGE('',*,*,#844,.F.);
#414=ORIENTED_EDGE('',*,*,#847,.F.);
#415=ORIENTED_EDGE('',*,*,#850,.F.);
#416=ORIENTED_EDGE('',*,*,#853,.F.);
#417=ORIENTED_EDGE('',*,*,#856,.F.);
#418=ORIENTED_EDGE('',*,*,#859,.F.);
#419=ORIENTED_EDGE('',*,*,#862,.F.);
#420=ORIENTED_EDGE('',*,*,#865,.F.);
#421=ORIENTED_EDGE('',*,*,#868,.F.);
#422=ORIENTED_EDGE('',*,*,#871,.F.);
#423=ORIENTED_EDGE('',*,*,#812,.T.);
#424=ORIENTED_EDGE('',*,*,#802,.T.);
#425=ORIENTED_EDGE('',*,*,#805,.T.);
#426=ORIENTED_EDGE('',*,*,#808,.T.);
#427=ORIENTED_EDGE('',*,*,#810,.T.);
#428=ORIENTED_EDGE('',*,*,#795,.T.);
#429=ORIENTED_EDGE('',*,*,#798,.T.);
#430=ORIENTED_EDGE('',*,*,#816,.T.);
#431=ORIENTED_EDGE('',*,*,#817,.T.);
#432=ORIENTED_EDGE('',*,*,#824,.T.);
#433=ORIENTED_EDGE('',*,*,#827,.T.);
#434=ORIENTED_EDGE('',*,*,#830,.T.);
#435=ORIENTED_EDGE('',*,*,#833,.T.);
#436=ORIENTED_EDGE('',*,*,#836,.T.);
#437=ORIENTED_EDGE('',*,*,#839,.T.);
#438=ORIENTED_EDGE('',*,*,#842,.T.);
#439=ORIENTED_EDGE('',*,*,#845,.T.);
#440=ORIENTED_EDGE('',*,*,#848,.T.);
#441=ORIENTED_EDGE('',*,*,#851,.T.);
#442=ORIENTED_EDGE('',*,*,#854,.T.);
#443=ORIENTED_EDGE('',*,*,#857,.T.);
#444=ORIENTED_EDGE('',*,*,#860,.T.);
#445=ORIENTED_EDGE('',*,*,#863,.T.);
#446=ORIENTED_EDGE('',*,*,#866,.T.);
#447=ORIENTED_EDGE('',*,*,#869,.T.);
#448=ORIENTED_EDGE('',*,*,#872,.T.);
#449=ORIENTED_EDGE('',*,*,#798,.F.);
#450=ORIENTED_EDGE('',*,*,#794,.F.);
#451=ORIENTED_EDGE('',*,*,#797,.T.);
#452=ORIENTED_EDGE('',*,*,#813,.F.);
#453=ORIENTED_EDGE('',*,*,#813,.T.);
#454=ORIENTED_EDGE('',*,*,#815,.T.);
#455=ORIENTED_EDGE('',*,*,#814,.F.);
#456=ORIENTED_EDGE('',*,*,#816,.F.);
#457=ORIENTED_EDGE('',*,*,#821,.T.);
#458=ORIENTED_EDGE('',*,*,#817,.F.);
#459=ORIENTED_EDGE('',*,*,#821,.F.);
#460=ORIENTED_EDGE('',*,*,#820,.F.);
#461=ORIENTED_EDGE('',*,*,#818,.F.);
#462=ORIENTED_EDGE('',*,*,#820,.T.);
#463=ORIENTED_EDGE('',*,*,#819,.T.);
#464=ORIENTED_EDGE('',*,*,#822,.T.);
#465=ORIENTED_EDGE('',*,*,#818,.T.);
#466=ORIENTED_EDGE('',*,*,#822,.F.);
#467=ORIENTED_EDGE('',*,*,#823,.T.);
#468=ORIENTED_EDGE('',*,*,#825,.T.);
#469=ORIENTED_EDGE('',*,*,#824,.F.);
#470=ORIENTED_EDGE('',*,*,#825,.F.);
#471=ORIENTED_EDGE('',*,*,#826,.T.);
#472=ORIENTED_EDGE('',*,*,#828,.T.);
#473=ORIENTED_EDGE('',*,*,#827,.F.);
#474=ORIENTED_EDGE('',*,*,#828,.F.);
#475=ORIENTED_EDGE('',*,*,#829,.T.);
#476=ORIENTED_EDGE('',*,*,#831,.T.);
#477=ORIENTED_EDGE('',*,*,#830,.F.);
#478=ORIENTED_EDGE('',*,*,#831,.F.);
#479=ORIENTED_EDGE('',*,*,#832,.T.);
#480=ORIENTED_EDGE('',*,*,#834,.T.);
#481=ORIENTED_EDGE('',*,*,#833,.F.);
#482=ORIENTED_EDGE('',*,*,#834,.F.);
#483=ORIENTED_EDGE('',*,*,#835,.T.);
#484=ORIENTED_EDGE('',*,*,#837,.T.);
#485=ORIENTED_EDGE('',*,*,#836,.F.);
#486=ORIENTED_EDGE('',*,*,#837,.F.);
#487=ORIENTED_EDGE('',*,*,#838,.T.);
#488=ORIENTED_EDGE('',*,*,#840,.T.);
#489=ORIENTED_EDGE('',*,*,#839,.F.);
#490=ORIENTED_EDGE('',*,*,#840,.F.);
#491=ORIENTED_EDGE('',*,*,#841,.T.);
#492=ORIENTED_EDGE('',*,*,#843,.T.);
#493=ORIENTED_EDGE('',*,*,#842,.F.);
#494=ORIENTED_EDGE('',*,*,#843,.F.);
#495=ORIENTED_EDGE('',*,*,#844,.T.);
#496=ORIENTED_EDGE('',*,*,#846,.T.);
#497=ORIENTED_EDGE('',*,*,#845,.F.);
#498=ORIENTED_EDGE('',*,*,#846,.F.);
#499=ORIENTED_EDGE('',*,*,#847,.T.);
#500=ORIENTED_EDGE('',*,*,#849,.T.);
#501=ORIENTED_EDGE('',*,*,#848,.F.);
#502=ORIENTED_EDGE('',*,*,#849,.F.);
#503=ORIENTED_EDGE('',*,*,#850,.T.);
#504=ORIENTED_EDGE('',*,*,#852,.T.);
#505=ORIENTED_EDGE('',*,*,#851,.F.);
#506=ORIENTED_EDGE('',*,*,#852,.F.);
#507=ORIENTED_EDGE('',*,*,#853,.T.);
#508=ORIENTED_EDGE('',*,*,#855,.T.);
#509=ORIENTED_EDGE('',*,*,#854,.F.);
#510=ORIENTED_EDGE('',*,*,#855,.F.);
#511=ORIENTED_EDGE('',*,*,#856,.T.);
#512=ORIENTED_EDGE('',*,*,#858,.T.);
#513=ORIENTED_EDGE('',*,*,#857,.F.);
#514=ORIENTED_EDGE('',*,*,#858,.F.);
#515=ORIENTED_EDGE('',*,*,#859,.T.);
#516=ORIENTED_EDGE('',*,*,#861,.T.);
#517=ORIENTED_EDGE('',*,*,#860,.F.);
#518=ORIENTED_EDGE('',*,*,#861,.F.);
#519=ORIENTED_EDGE('',*,*,#862,.T.);
#520=ORIENTED_EDGE('',*,*,#864,.T.);
#521=ORIENTED_EDGE('',*,*,#863,.F.);
#522=ORIENTED_EDGE('',*,*,#864,.F.);
#523=ORIENTED_EDGE('',*,*,#865,.T.);
#524=ORIENTED_EDGE('',*,*,#867,.T.);
#525=ORIENTED_EDGE('',*,*,#866,.F.);
#526=ORIENTED_EDGE('',*,*,#867,.F.);
#527=ORIENTED_EDGE('',*,*,#868,.T.);
#528=ORIENTED_EDGE('',*,*,#870,.T.);
#529=ORIENTED_EDGE('',*,*,#869,.F.);
#530=ORIENTED_EDGE('',*,*,#870,.F.);
#531=ORIENTED_EDGE('',*,*,#871,.T.);
#532=ORIENTED_EDGE('',*,*,#873,.T.);
#533=ORIENTED_EDGE('',*,*,#872,.F.);
#534=ORIENTED_EDGE('',*,*,#873,.F.);
#535=ORIENTED_EDGE('',*,*,#1000,.T.);
#536=ORIENTED_EDGE('',*,*,#989,.F.);
#537=ORIENTED_EDGE('',*,*,#993,.T.);
#538=ORIENTED_EDGE('',*,*,#996,.F.);
#539=ORIENTED_EDGE('',*,*,#896,.T.);
#540=ORIENTED_EDGE('',*,*,#900,.T.);
#541=ORIENTED_EDGE('',*,*,#906,.T.);
#542=ORIENTED_EDGE('',*,*,#883,.T.);
#543=ORIENTED_EDGE('',*,*,#881,.T.);
#544=ORIENTED_EDGE('',*,*,#901,.T.);
#545=ORIENTED_EDGE('',*,*,#902,.T.);
#546=ORIENTED_EDGE('',*,*,#881,.F.);
#547=ORIENTED_EDGE('',*,*,#879,.F.);
#548=ORIENTED_EDGE('',*,*,#878,.F.);
#549=ORIENTED_EDGE('',*,*,#877,.T.);
#550=ORIENTED_EDGE('',*,*,#907,.F.);
#551=ORIENTED_EDGE('',*,*,#927,.T.);
#552=ORIENTED_EDGE('',*,*,#923,.T.);
#553=ORIENTED_EDGE('',*,*,#878,.T.);
#554=ORIENTED_EDGE('',*,*,#924,.F.);
#555=ORIENTED_EDGE('',*,*,#886,.T.);
#556=ORIENTED_EDGE('',*,*,#875,.T.);
#557=ORIENTED_EDGE('',*,*,#887,.F.);
#558=ORIENTED_EDGE('',*,*,#889,.F.);
#559=ORIENTED_EDGE('',*,*,#890,.F.);
#560=ORIENTED_EDGE('',*,*,#889,.T.);
#561=ORIENTED_EDGE('',*,*,#891,.F.);
#562=ORIENTED_EDGE('',*,*,#888,.F.);
#563=ORIENTED_EDGE('',*,*,#908,.T.);
#564=ORIENTED_EDGE('',*,*,#876,.F.);
#565=ORIENTED_EDGE('',*,*,#875,.F.);
#566=ORIENTED_EDGE('',*,*,#874,.T.);
#567=ORIENTED_EDGE('',*,*,#895,.F.);
#568=ORIENTED_EDGE('',*,*,#893,.T.);
#569=ORIENTED_EDGE('',*,*,#894,.F.);
#570=ORIENTED_EDGE('',*,*,#892,.F.);
#571=ORIENTED_EDGE('',*,*,#905,.T.);
#572=ORIENTED_EDGE('',*,*,#907,.T.);
#573=ORIENTED_EDGE('',*,*,#882,.T.);
#574=ORIENTED_EDGE('',*,*,#880,.T.);
#575=ORIENTED_EDGE('',*,*,#903,.F.);
#576=ORIENTED_EDGE('',*,*,#900,.F.);
#577=ORIENTED_EDGE('',*,*,#902,.F.);
#578=ORIENTED_EDGE('',*,*,#899,.F.);
#579=ORIENTED_EDGE('',*,*,#898,.F.);
#580=ORIENTED_EDGE('',*,*,#899,.T.);
#581=ORIENTED_EDGE('',*,*,#901,.F.);
#582=ORIENTED_EDGE('',*,*,#905,.F.);
#583=ORIENTED_EDGE('',*,*,#898,.T.);
#584=ORIENTED_EDGE('',*,*,#904,.F.);
#585=ORIENTED_EDGE('',*,*,#904,.T.);
#586=ORIENTED_EDGE('',*,*,#897,.F.);
#587=ORIENTED_EDGE('',*,*,#896,.F.);
#588=ORIENTED_EDGE('',*,*,#897,.T.);
#589=ORIENTED_EDGE('',*,*,#919,.T.);
#590=ORIENTED_EDGE('',*,*,#885,.F.);
#591=ORIENTED_EDGE('',*,*,#906,.F.);
#592=ORIENTED_EDGE('',*,*,#903,.T.);
#593=ORIENTED_EDGE('',*,*,#880,.F.);
#594=ORIENTED_EDGE('',*,*,#884,.T.);
#595=ORIENTED_EDGE('',*,*,#941,.T.);
#596=ORIENTED_EDGE('',*,*,#935,.T.);
#597=ORIENTED_EDGE('',*,*,#942,.T.);
#598=ORIENTED_EDGE('',*,*,#936,.F.);
#599=ORIENTED_EDGE('',*,*,#970,.F.);
#600=ORIENTED_EDGE('',*,*,#928,.F.);
#601=ORIENTED_EDGE('',*,*,#925,.T.);
#602=ORIENTED_EDGE('',*,*,#943,.F.);
#603=ORIENTED_EDGE('',*,*,#926,.F.);
#604=ORIENTED_EDGE('',*,*,#983,.F.);
#605=ORIENTED_EDGE('',*,*,#969,.F.);
#606=ORIENTED_EDGE('',*,*,#971,.F.);
#607=ORIENTED_EDGE('',*,*,#920,.F.);
#608=ORIENTED_EDGE('',*,*,#937,.F.);
#609=ORIENTED_EDGE('',*,*,#944,.F.);
#610=ORIENTED_EDGE('',*,*,#938,.T.);
#611=ORIENTED_EDGE('',*,*,#982,.F.);
#612=ORIENTED_EDGE('',*,*,#972,.F.);
#613=ORIENTED_EDGE('',*,*,#997,.T.);
#614=ORIENTED_EDGE('',*,*,#894,.T.);
#615=ORIENTED_EDGE('',*,*,#912,.F.);
#616=ORIENTED_EDGE('',*,*,#917,.T.);
#617=ORIENTED_EDGE('',*,*,#915,.T.);
#618=ORIENTED_EDGE('',*,*,#952,.T.);
#619=ORIENTED_EDGE('',*,*,#936,.T.);
#620=ORIENTED_EDGE('',*,*,#950,.T.);
#621=ORIENTED_EDGE('',*,*,#937,.T.);
#622=ORIENTED_EDGE('',*,*,#921,.T.);
#623=ORIENTED_EDGE('',*,*,#884,.F.);
#624=ORIENTED_EDGE('',*,*,#882,.F.);
#625=ORIENTED_EDGE('',*,*,#877,.F.);
#626=ORIENTED_EDGE('',*,*,#923,.F.);
#627=ORIENTED_EDGE('',*,*,#930,.T.);
#628=ORIENTED_EDGE('',*,*,#926,.T.);
#629=ORIENTED_EDGE('',*,*,#948,.T.);
#630=ORIENTED_EDGE('',*,*,#932,.T.);
#631=ORIENTED_EDGE('',*,*,#946,.T.);
#632=ORIENTED_EDGE('',*,*,#934,.T.);
#633=ORIENTED_EDGE('',*,*,#910,.T.);
#634=ORIENTED_EDGE('',*,*,#874,.F.);
#635=ORIENTED_EDGE('',*,*,#886,.F.);
#636=ORIENTED_EDGE('',*,*,#890,.T.);
#637=ORIENTED_EDGE('',*,*,#991,.F.);
#638=ORIENTED_EDGE('',*,*,#995,.T.);
#639=ORIENTED_EDGE('',*,*,#989,.T.);
#640=ORIENTED_EDGE('',*,*,#1001,.T.);
#641=ORIENTED_EDGE('',*,*,#1002,.F.);
#642=ORIENTED_EDGE('',*,*,#996,.T.);
#643=ORIENTED_EDGE('',*,*,#994,.F.);
#644=ORIENTED_EDGE('',*,*,#990,.T.);
#645=ORIENTED_EDGE('',*,*,#891,.T.);
#646=ORIENTED_EDGE('',*,*,#887,.T.);
#647=ORIENTED_EDGE('',*,*,#876,.T.);
#648=ORIENTED_EDGE('',*,*,#911,.F.);
#649=ORIENTED_EDGE('',*,*,#933,.F.);
#650=ORIENTED_EDGE('',*,*,#945,.F.);
#651=ORIENTED_EDGE('',*,*,#931,.F.);
#652=ORIENTED_EDGE('',*,*,#947,.F.);
#653=ORIENTED_EDGE('',*,*,#925,.F.);
#654=ORIENTED_EDGE('',*,*,#929,.F.);
#655=ORIENTED_EDGE('',*,*,#924,.T.);
#656=ORIENTED_EDGE('',*,*,#879,.T.);
#657=ORIENTED_EDGE('',*,*,#883,.F.);
#658=ORIENTED_EDGE('',*,*,#885,.T.);
#659=ORIENTED_EDGE('',*,*,#922,.F.);
#660=ORIENTED_EDGE('',*,*,#938,.F.);
#661=ORIENTED_EDGE('',*,*,#949,.F.);
#662=ORIENTED_EDGE('',*,*,#935,.F.);
#663=ORIENTED_EDGE('',*,*,#951,.F.);
#664=ORIENTED_EDGE('',*,*,#914,.F.);
#665=ORIENTED_EDGE('',*,*,#918,.F.);
#666=ORIENTED_EDGE('',*,*,#913,.T.);
#667=ORIENTED_EDGE('',*,*,#895,.T.);
#668=ORIENTED_EDGE('',*,*,#998,.F.);
#669=ORIENTED_EDGE('',*,*,#965,.T.);
#670=ORIENTED_EDGE('',*,*,#911,.T.);
#671=ORIENTED_EDGE('',*,*,#908,.F.);
#672=ORIENTED_EDGE('',*,*,#910,.F.);
#673=ORIENTED_EDGE('',*,*,#909,.T.);
#674=ORIENTED_EDGE('',*,*,#964,.F.);
#675=ORIENTED_EDGE('',*,*,#982,.T.);
#676=ORIENTED_EDGE('',*,*,#922,.T.);
#677=ORIENTED_EDGE('',*,*,#919,.F.);
#678=ORIENTED_EDGE('',*,*,#921,.F.);
#679=ORIENTED_EDGE('',*,*,#920,.T.);
#680=ORIENTED_EDGE('',*,*,#973,.F.);
#681=ORIENTED_EDGE('',*,*,#983,.T.);
#682=ORIENTED_EDGE('',*,*,#930,.F.);
#683=ORIENTED_EDGE('',*,*,#927,.F.);
#684=ORIENTED_EDGE('',*,*,#929,.T.);
#685=ORIENTED_EDGE('',*,*,#928,.T.);
#686=ORIENTED_EDGE('',*,*,#974,.F.);
#687=ORIENTED_EDGE('',*,*,#932,.F.);
#688=ORIENTED_EDGE('',*,*,#940,.T.);
#689=ORIENTED_EDGE('',*,*,#931,.T.);
#690=ORIENTED_EDGE('',*,*,#939,.F.);
#691=ORIENTED_EDGE('',*,*,#939,.T.);
#692=ORIENTED_EDGE('',*,*,#945,.T.);
#693=ORIENTED_EDGE('',*,*,#968,.F.);
#694=ORIENTED_EDGE('',*,*,#946,.F.);
#695=ORIENTED_EDGE('',*,*,#948,.F.);
#696=ORIENTED_EDGE('',*,*,#943,.T.);
#697=ORIENTED_EDGE('',*,*,#947,.T.);
#698=ORIENTED_EDGE('',*,*,#940,.F.);
#699=ORIENTED_EDGE('',*,*,#949,.T.);
#700=ORIENTED_EDGE('',*,*,#944,.T.);
#701=ORIENTED_EDGE('',*,*,#950,.F.);
#702=ORIENTED_EDGE('',*,*,#942,.F.);
#703=ORIENTED_EDGE('',*,*,#963,.T.);
#704=ORIENTED_EDGE('',*,*,#951,.T.);
#705=ORIENTED_EDGE('',*,*,#941,.F.);
#706=ORIENTED_EDGE('',*,*,#952,.F.);
#707=ORIENTED_EDGE('',*,*,#959,.T.);
#708=ORIENTED_EDGE('',*,*,#912,.T.);
#709=ORIENTED_EDGE('',*,*,#893,.F.);
#710=ORIENTED_EDGE('',*,*,#913,.F.);
#711=ORIENTED_EDGE('',*,*,#916,.T.);
#712=ORIENTED_EDGE('',*,*,#954,.F.);
#713=ORIENTED_EDGE('',*,*,#984,.T.);
#714=ORIENTED_EDGE('',*,*,#957,.T.);
#715=ORIENTED_EDGE('',*,*,#956,.T.);
#716=ORIENTED_EDGE('',*,*,#916,.F.);
#717=ORIENTED_EDGE('',*,*,#918,.T.);
#718=ORIENTED_EDGE('',*,*,#962,.T.);
#719=ORIENTED_EDGE('',*,*,#975,.F.);
#720=ORIENTED_EDGE('',*,*,#977,.T.);
#721=ORIENTED_EDGE('',*,*,#962,.F.);
#722=ORIENTED_EDGE('',*,*,#914,.T.);
#723=ORIENTED_EDGE('',*,*,#963,.F.);
#724=ORIENTED_EDGE('',*,*,#915,.F.);
#725=ORIENTED_EDGE('',*,*,#985,.F.);
#726=ORIENTED_EDGE('',*,*,#953,.F.);
#727=ORIENTED_EDGE('',*,*,#960,.F.);
#728=ORIENTED_EDGE('',*,*,#957,.F.);
#729=ORIENTED_EDGE('',*,*,#954,.T.);
#730=ORIENTED_EDGE('',*,*,#956,.F.);
#731=ORIENTED_EDGE('',*,*,#960,.T.);
#732=ORIENTED_EDGE('',*,*,#961,.F.);
#733=ORIENTED_EDGE('',*,*,#955,.F.);
#734=ORIENTED_EDGE('',*,*,#978,.T.);
#735=ORIENTED_EDGE('',*,*,#979,.T.);
#736=ORIENTED_EDGE('',*,*,#958,.F.);
#737=ORIENTED_EDGE('',*,*,#961,.T.);
#738=ORIENTED_EDGE('',*,*,#953,.T.);
#739=ORIENTED_EDGE('',*,*,#984,.F.);
#740=ORIENTED_EDGE('',*,*,#980,.T.);
#741=ORIENTED_EDGE('',*,*,#966,.F.);
#742=ORIENTED_EDGE('',*,*,#909,.F.);
#743=ORIENTED_EDGE('',*,*,#934,.F.);
#744=ORIENTED_EDGE('',*,*,#968,.T.);
#745=ORIENTED_EDGE('',*,*,#933,.T.);
#746=ORIENTED_EDGE('',*,*,#965,.F.);
#747=ORIENTED_EDGE('',*,*,#986,.F.);
#748=ORIENTED_EDGE('',*,*,#964,.T.);
#749=ORIENTED_EDGE('',*,*,#967,.T.);
#750=ORIENTED_EDGE('',*,*,#986,.T.);
#751=ORIENTED_EDGE('',*,*,#967,.F.);
#752=ORIENTED_EDGE('',*,*,#966,.T.);
#753=ORIENTED_EDGE('',*,*,#981,.F.);
#754=ORIENTED_EDGE('',*,*,#985,.T.);
#755=ORIENTED_EDGE('',*,*,#917,.F.);
#756=ORIENTED_EDGE('',*,*,#959,.F.);
#757=ORIENTED_EDGE('',*,*,#955,.T.);
#758=ORIENTED_EDGE('',*,*,#958,.T.);
#759=ORIENTED_EDGE('',*,*,#976,.F.);
#760=ORIENTED_EDGE('',*,*,#987,.F.);
#761=ORIENTED_EDGE('',*,*,#972,.T.);
#762=ORIENTED_EDGE('',*,*,#973,.T.);
#763=ORIENTED_EDGE('',*,*,#971,.T.);
#764=ORIENTED_EDGE('',*,*,#987,.T.);
#765=ORIENTED_EDGE('',*,*,#978,.F.);
#766=ORIENTED_EDGE('',*,*,#975,.T.);
#767=ORIENTED_EDGE('',*,*,#977,.F.);
#768=ORIENTED_EDGE('',*,*,#976,.T.);
#769=ORIENTED_EDGE('',*,*,#979,.F.);
#770=ORIENTED_EDGE('',*,*,#969,.T.);
#771=ORIENTED_EDGE('',*,*,#974,.T.);
#772=ORIENTED_EDGE('',*,*,#970,.T.);
#773=ORIENTED_EDGE('',*,*,#988,.F.);
#774=ORIENTED_EDGE('',*,*,#980,.F.);
#775=ORIENTED_EDGE('',*,*,#981,.T.);
#776=ORIENTED_EDGE('',*,*,#988,.T.);
#777=ORIENTED_EDGE('',*,*,#991,.T.);
#778=ORIENTED_EDGE('',*,*,#888,.T.);
#779=ORIENTED_EDGE('',*,*,#990,.F.);
#780=ORIENTED_EDGE('',*,*,#992,.F.);
#781=ORIENTED_EDGE('',*,*,#992,.T.);
#782=ORIENTED_EDGE('',*,*,#994,.T.);
#783=ORIENTED_EDGE('',*,*,#993,.F.);
#784=ORIENTED_EDGE('',*,*,#995,.F.);
#785=ORIENTED_EDGE('',*,*,#998,.T.);
#786=ORIENTED_EDGE('',*,*,#892,.T.);
#787=ORIENTED_EDGE('',*,*,#997,.F.);
#788=ORIENTED_EDGE('',*,*,#999,.F.);
#789=ORIENTED_EDGE('',*,*,#999,.T.);
#790=ORIENTED_EDGE('',*,*,#1001,.F.);
#791=ORIENTED_EDGE('',*,*,#1000,.F.);
#792=ORIENTED_EDGE('',*,*,#1002,.T.);
#793=EDGE_CURVE('',#1150,#1151,#1003,.T.);
#794=EDGE_CURVE('',#1151,#1152,#1004,.T.);
#795=EDGE_CURVE('',#1153,#1152,#1005,.T.);
#796=EDGE_CURVE('',#1150,#1153,#1006,.T.);
#797=EDGE_CURVE('',#1151,#1162,#1007,.T.);
#798=EDGE_CURVE('',#1152,#1163,#1008,.T.);
#799=EDGE_CURVE('',#1154,#1155,#1009,.T.);
#800=EDGE_CURVE('',#1154,#1156,#1010,.T.);
#801=EDGE_CURVE('',#1156,#1157,#1011,.T.);
#802=EDGE_CURVE('',#1155,#1157,#1012,.T.);
#803=EDGE_CURVE('',#1156,#1158,#1013,.T.);
#804=EDGE_CURVE('',#1158,#1159,#1014,.T.);
#805=EDGE_CURVE('',#1157,#1159,#1015,.T.);
#806=EDGE_CURVE('',#1158,#1160,#1016,.T.);
#807=EDGE_CURVE('',#1160,#1161,#1017,.T.);
#808=EDGE_CURVE('',#1159,#1161,#1018,.T.);
#809=EDGE_CURVE('',#1160,#1150,#1019,.T.);
#810=EDGE_CURVE('',#1161,#1153,#1020,.T.);
#811=EDGE_CURVE('',#1164,#1154,#1021,.T.);
#812=EDGE_CURVE('',#1165,#1155,#1022,.T.);
#813=EDGE_CURVE('',#1163,#1162,#1023,.T.);
#814=EDGE_CURVE('',#1165,#1164,#1024,.T.);
#815=EDGE_CURVE('',#1162,#1164,#1025,.T.);
#816=EDGE_CURVE('',#1163,#1165,#1026,.T.);
#817=EDGE_CURVE('',#1166,#1166,#1027,.T.);
#818=EDGE_CURVE('',#1167,#1167,#1028,.T.);
#819=EDGE_CURVE('',#1168,#1168,#1029,.T.);
#820=EDGE_CURVE('',#1169,#1169,#1030,.T.);
#821=EDGE_CURVE('',#1169,#1166,#1031,.T.);
#822=EDGE_CURVE('',#1168,#1167,#1032,.T.);
#823=EDGE_CURVE('',#1170,#1170,#1033,.T.);
#824=EDGE_CURVE('',#1171,#1171,#1034,.T.);
#825=EDGE_CURVE('',#1170,#1171,#1035,.T.);
#826=EDGE_CURVE('',#1172,#1172,#1036,.T.);
#827=EDGE_CURVE('',#1173,#1173,#1037,.T.);
#828=EDGE_CURVE('',#1172,#1173,#1038,.T.);
#829=EDGE_CURVE('',#1174,#1174,#1039,.T.);
#830=EDGE_CURVE('',#1175,#1175,#1040,.T.);
#831=EDGE_CURVE('',#1174,#1175,#1041,.T.);
#832=EDGE_CURVE('',#1176,#1176,#1042,.T.);
#833=EDGE_CURVE('',#1177,#1177,#1043,.T.);
#834=EDGE_CURVE('',#1176,#1177,#1044,.T.);
#835=EDGE_CURVE('',#1178,#1178,#1045,.T.);
#836=EDGE_CURVE('',#1179,#1179,#1046,.T.);
#837=EDGE_CURVE('',#1178,#1179,#1047,.T.);
#838=EDGE_CURVE('',#1180,#1180,#1048,.T.);
#839=EDGE_CURVE('',#1181,#1181,#1049,.T.);
#840=EDGE_CURVE('',#1180,#1181,#1050,.T.);
#841=EDGE_CURVE('',#1182,#1182,#1051,.T.);
#842=EDGE_CURVE('',#1183,#1183,#1052,.T.);
#843=EDGE_CURVE('',#1182,#1183,#1053,.T.);
#844=EDGE_CURVE('',#1184,#1184,#1054,.T.);
#845=EDGE_CURVE('',#1185,#1185,#1055,.T.);
#846=EDGE_CURVE('',#1184,#1185,#1056,.T.);
#847=EDGE_CURVE('',#1186,#1186,#1057,.T.);
#848=EDGE_CURVE('',#1187,#1187,#1058,.T.);
#849=EDGE_CURVE('',#1186,#1187,#1059,.T.);
#850=EDGE_CURVE('',#1188,#1188,#1060,.T.);
#851=EDGE_CURVE('',#1189,#1189,#1061,.T.);
#852=EDGE_CURVE('',#1188,#1189,#1062,.T.);
#853=EDGE_CURVE('',#1190,#1190,#1063,.T.);
#854=EDGE_CURVE('',#1191,#1191,#1064,.T.);
#855=EDGE_CURVE('',#1190,#1191,#1065,.T.);
#856=EDGE_CURVE('',#1192,#1192,#1066,.T.);
#857=EDGE_CURVE('',#1193,#1193,#1067,.T.);
#858=EDGE_CURVE('',#1192,#1193,#1068,.T.);
#859=EDGE_CURVE('',#1194,#1194,#1069,.T.);
#860=EDGE_CURVE('',#1195,#1195,#1070,.T.);
#861=EDGE_CURVE('',#1194,#1195,#1071,.T.);
#862=EDGE_CURVE('',#1196,#1196,#1072,.T.);
#863=EDGE_CURVE('',#1197,#1197,#1073,.T.);
#864=EDGE_CURVE('',#1196,#1197,#1074,.T.);
#865=EDGE_CURVE('',#1198,#1198,#1075,.T.);
#866=EDGE_CURVE('',#1199,#1199,#1076,.T.);
#867=EDGE_CURVE('',#1198,#1199,#1077,.T.);
#868=EDGE_CURVE('',#1200,#1200,#1078,.T.);
#869=EDGE_CURVE('',#1201,#1201,#1079,.T.);
#870=EDGE_CURVE('',#1200,#1201,#1080,.T.);
#871=EDGE_CURVE('',#1202,#1202,#1081,.T.);
#872=EDGE_CURVE('',#1203,#1203,#1082,.T.);
#873=EDGE_CURVE('',#1202,#1203,#1083,.T.);
#874=EDGE_CURVE('',#1204,#1228,#1084,.T.);
#875=EDGE_CURVE('',#1204,#1205,#1085,.T.);
#876=EDGE_CURVE('',#1205,#1229,#1086,.T.);
#877=EDGE_CURVE('',#1206,#1208,#1087,.T.);
#878=EDGE_CURVE('',#1206,#1207,#1088,.T.);
#879=EDGE_CURVE('',#1207,#1210,#1089,.T.);
#880=EDGE_CURVE('',#1209,#1226,#11,.T.);
#881=EDGE_CURVE('',#1210,#1222,#12,.T.);
#882=EDGE_CURVE('',#1208,#1209,#13,.T.);
#883=EDGE_CURVE('',#1211,#1210,#14,.T.);
#884=EDGE_CURVE('',#1209,#1236,#1090,.T.);
#885=EDGE_CURVE('',#1211,#1237,#1091,.T.);
#886=EDGE_CURVE('',#1214,#1204,#1092,.T.);
#887=EDGE_CURVE('',#1215,#1205,#1093,.T.);
#888=EDGE_CURVE('',#1213,#1212,#15,.T.);
#889=EDGE_CURVE('',#1214,#1215,#1094,.T.);
#890=EDGE_CURVE('',#1214,#1213,#1095,.T.);
#891=EDGE_CURVE('',#1212,#1215,#1096,.T.);
#892=EDGE_CURVE('',#1217,#1216,#16,.T.);
#893=EDGE_CURVE('',#1219,#1218,#1097,.T.);
#894=EDGE_CURVE('',#1216,#1218,#1098,.T.);
#895=EDGE_CURVE('',#1219,#1217,#1099,.T.);
#896=EDGE_CURVE('',#1220,#1220,#1100,.T.);
#897=EDGE_CURVE('',#1220,#1227,#1101,.T.);
#898=EDGE_CURVE('',#1221,#1221,#1102,.T.);
#899=EDGE_CURVE('',#1221,#1225,#1103,.T.);
#900=EDGE_CURVE('',#1222,#1223,#1104,.T.);
#901=EDGE_CURVE('',#1224,#1225,#17,.T.);
#902=EDGE_CURVE('',#1225,#1222,#18,.T.);
#903=EDGE_CURVE('',#1223,#1226,#19,.T.);
#904=EDGE_CURVE('',#1227,#1227,#1105,.T.);
#905=EDGE_CURVE('',#1226,#1224,#1106,.T.);
#906=EDGE_CURVE('',#1223,#1211,#20,.T.);
#907=EDGE_CURVE('',#1224,#1208,#21,.T.);
#908=EDGE_CURVE('',#1228,#1229,#1107,.T.);
#909=EDGE_CURVE('',#1231,#1267,#22,.T.);
#910=EDGE_CURVE('',#1231,#1228,#1108,.T.);
#911=EDGE_CURVE('',#1230,#1229,#1109,.T.);
#912=EDGE_CURVE('',#1232,#1218,#1110,.T.);
#913=EDGE_CURVE('',#1233,#1219,#1111,.T.);
#914=EDGE_CURVE('',#1234,#1256,#23,.T.);
#915=EDGE_CURVE('',#1235,#1257,#24,.T.);
#916=EDGE_CURVE('',#1233,#1262,#1112,.T.);
#917=EDGE_CURVE('',#1232,#1235,#1113,.T.);
#918=EDGE_CURVE('',#1233,#1234,#1114,.T.);
#919=EDGE_CURVE('',#1236,#1237,#1115,.T.);
#920=EDGE_CURVE('',#1238,#1271,#25,.T.);
#921=EDGE_CURVE('',#1238,#1236,#1116,.T.);
#922=EDGE_CURVE('',#1239,#1237,#1117,.T.);
#923=EDGE_CURVE('',#1240,#1206,#1118,.T.);
#924=EDGE_CURVE('',#1241,#1207,#1119,.T.);
#925=EDGE_CURVE('',#1242,#1258,#26,.T.);
#926=EDGE_CURVE('',#1243,#1259,#27,.T.);
#927=EDGE_CURVE('',#1241,#1240,#1120,.T.);
#928=EDGE_CURVE('',#1242,#1270,#28,.T.);
#929=EDGE_CURVE('',#1241,#1242,#1121,.T.);
#930=EDGE_CURVE('',#1240,#1243,#1122,.T.);
#931=EDGE_CURVE('',#1245,#1244,#29,.T.);
#932=EDGE_CURVE('',#1247,#1246,#30,.T.);
#933=EDGE_CURVE('',#1248,#1230,#31,.T.);
#934=EDGE_CURVE('',#1249,#1231,#32,.T.);
#935=EDGE_CURVE('',#1251,#1250,#33,.T.);
#936=EDGE_CURVE('',#1253,#1252,#34,.T.);
#937=EDGE_CURVE('',#1254,#1238,#35,.T.);
#938=EDGE_CURVE('',#1255,#1239,#36,.T.);
#939=EDGE_CURVE('',#1246,#1244,#37,.T.);
#940=EDGE_CURVE('',#1247,#1245,#38,.T.);
#941=EDGE_CURVE('',#1253,#1251,#39,.T.);
#942=EDGE_CURVE('',#1250,#1252,#40,.T.);
#943=EDGE_CURVE('',#1259,#1258,#41,.T.);
#944=EDGE_CURVE('',#1255,#1254,#42,.T.);
#945=EDGE_CURVE('',#1244,#1248,#1123,.T.);
#946=EDGE_CURVE('',#1246,#1249,#1124,.T.);
#947=EDGE_CURVE('',#1258,#1245,#1125,.T.);
#948=EDGE_CURVE('',#1259,#1247,#1126,.T.);
#949=EDGE_CURVE('',#1250,#1255,#1127,.T.);
#950=EDGE_CURVE('',#1252,#1254,#1128,.T.);
#951=EDGE_CURVE('',#1256,#1251,#1129,.T.);
#952=EDGE_CURVE('',#1257,#1253,#1130,.T.);
#953=EDGE_CURVE('',#1260,#1265,#1131,.T.);
#954=EDGE_CURVE('',#1261,#1262,#43,.T.);
#955=EDGE_CURVE('',#1261,#1263,#1132,.T.);
#956=EDGE_CURVE('',#1264,#1262,#44,.T.);
#957=EDGE_CURVE('',#1265,#1264,#45,.T.);
#958=EDGE_CURVE('',#1263,#1277,#46,.T.);
#959=EDGE_CURVE('',#1261,#1232,#1133,.T.);
#960=EDGE_CURVE('',#1264,#1260,#1134,.T.);
#961=EDGE_CURVE('',#1263,#1260,#1135,.T.);
#962=EDGE_CURVE('',#1234,#1275,#47,.T.);
#963=EDGE_CURVE('',#1257,#1256,#48,.T.);
#964=EDGE_CURVE('',#1266,#1267,#49,.T.);
#965=EDGE_CURVE('',#1266,#1230,#50,.T.);
#966=EDGE_CURVE('',#1267,#1280,#51,.T.);
#967=EDGE_CURVE('',#1267,#1266,#1136,.T.);
#968=EDGE_CURVE('',#1249,#1248,#52,.T.);
#969=EDGE_CURVE('',#1268,#1269,#1137,.T.);
#970=EDGE_CURVE('',#1270,#1268,#1138,.T.);
#971=EDGE_CURVE('',#1271,#1272,#1139,.T.);
#972=EDGE_CURVE('',#1272,#1273,#1140,.T.);
#973=EDGE_CURVE('',#1273,#1271,#53,.T.);
#974=EDGE_CURVE('',#1269,#1270,#54,.T.);
#975=EDGE_CURVE('',#1274,#1275,#55,.T.);
#976=EDGE_CURVE('',#1276,#1277,#56,.T.);
#977=EDGE_CURVE('',#1276,#1275,#1141,.T.);
#978=EDGE_CURVE('',#1274,#1278,#57,.T.);
#979=EDGE_CURVE('',#1278,#1277,#58,.T.);
#980=EDGE_CURVE('',#1279,#1280,#1142,.T.);
#981=EDGE_CURVE('',#1279,#1280,#1143,.T.);
#982=EDGE_CURVE('',#1273,#1239,#59,.T.);
#983=EDGE_CURVE('',#1269,#1243,#60,.T.);
#984=EDGE_CURVE('',#1274,#1265,#61,.T.);
#985=EDGE_CURVE('',#1276,#1235,#62,.T.);
#986=EDGE_CURVE('',#1279,#1266,#63,.T.);
#987=EDGE_CURVE('',#1272,#1278,#1144,.T.);
#988=EDGE_CURVE('',#1280,#1268,#1145,.T.);
#989=EDGE_CURVE('',#1281,#1288,#64,.T.);
#990=EDGE_CURVE('',#1283,#1212,#65,.T.);
#991=EDGE_CURVE('',#1284,#1213,#66,.T.);
#992=EDGE_CURVE('',#1284,#1283,#67,.T.);
#993=EDGE_CURVE('',#1281,#1282,#68,.T.);
#994=EDGE_CURVE('',#1283,#1282,#1146,.T.);
#995=EDGE_CURVE('',#1284,#1281,#1147,.T.);
#996=EDGE_CURVE('',#1285,#1282,#69,.T.);
#997=EDGE_CURVE('',#1286,#1216,#70,.T.);
#998=EDGE_CURVE('',#1287,#1217,#71,.T.);
#999=EDGE_CURVE('',#1287,#1286,#72,.T.);
#1000=EDGE_CURVE('',#1285,#1288,#73,.T.);
#1001=EDGE_CURVE('',#1288,#1286,#1148,.T.);
#1002=EDGE_CURVE('',#1285,#1287,#1149,.T.);
#1003=(
BOUNDED_CURVE()
B_SPLINE_CURVE(2,(#1674,#1675,#1676),.UNSPECIFIED.,.F.,.F.)
B_SPLINE_CURVE_WITH_KNOTS((3,3),(-1042.05327550954,-1029.48690489518),
 .UNSPECIFIED.)
CURVE()
GEOMETRIC_REPRESENTATION_ITEM()
RATIONAL_B_SPLINE_CURVE((1.,0.707106781186548,1.))
REPRESENTATION_ITEM('')
);
#1004=(
BOUNDED_CURVE()
B_SPLINE_CURVE(1,(#1677,#1678),.UNSPECIFIED.,.F.,.F.)
B_SPLINE_CURVE_WITH_KNOTS((2,2),(0.,18.),.UNSPECIFIED.)
CURVE()
GEOMETRIC_REPRESENTATION_ITEM()
RATIONAL_B_SPLINE_CURVE((1.,1.))
REPRESENTATION_ITEM('')
);
#1005=(
BOUNDED_CURVE()
B_SPLINE_CURVE(2,(#1679,#1680,#1681),.UNSPECIFIED.,.F.,.F.)
B_SPLINE_CURVE_WITH_KNOTS((3,3),(-1042.05327550954,-1029.48690489518),
 .UNSPECIFIED.)
CURVE()
GEOMETRIC_REPRESENTATION_ITEM()
RATIONAL_B_SPLINE_CURVE((1.,0.707106781186548,1.))
REPRESENTATION_ITEM('')
);
#1006=(
BOUNDED_CURVE()
B_SPLINE_CURVE(1,(#1682,#1683),.UNSPECIFIED.,.F.,.F.)
B_SPLINE_CURVE_WITH_KNOTS((2,2),(0.,18.),.UNSPECIFIED.)
CURVE()
GEOMETRIC_REPRESENTATION_ITEM()
RATIONAL_B_SPLINE_CURVE((1.,1.))
REPRESENTATION_ITEM('')
);
#1007=(
BOUNDED_CURVE()
B_SPLINE_CURVE(2,(#1684,#1685,#1686),.UNSPECIFIED.,.F.,.F.)
B_SPLINE_CURVE_WITH_KNOTS((3,3),(-1029.48690489518,-1025.95547560688),
 .UNSPECIFIED.)
CURVE()
GEOMETRIC_REPRESENTATION_ITEM()
RATIONAL_B_SPLINE_CURVE((1.,1.,1.))
REPRESENTATION_ITEM('')
);
#1008=(
BOUNDED_CURVE()
B_SPLINE_CURVE(2,(#1687,#1688,#1689),.UNSPECIFIED.,.F.,.F.)
B_SPLINE_CURVE_WITH_KNOTS((3,3),(-1029.48690489518,-1025.95547560688),
 .UNSPECIFIED.)
CURVE()
GEOMETRIC_REPRESENTATION_ITEM()
RATIONAL_B_SPLINE_CURVE((1.,1.,1.))
REPRESENTATION_ITEM('')
);
#1009=(
BOUNDED_CURVE()
B_SPLINE_CURVE(1,(#1690,#1691),.UNSPECIFIED.,.F.,.F.)
B_SPLINE_CURVE_WITH_KNOTS((2,2),(0.,18.),.UNSPECIFIED.)
CURVE()
GEOMETRIC_REPRESENTATION_ITEM()
RATIONAL_B_SPLINE_CURVE((1.,1.))
REPRESENTATION_ITEM('')
);
#1010=(
BOUNDED_CURVE()
B_SPLINE_CURVE(2,(#1692,#1693,#1694,#1695,#1696),.UNSPECIFIED.,.F.,.F.)
B_SPLINE_CURVE_WITH_KNOTS((3,2,3),(-837.112657935937,-827.309483251376,
-817.506308566816),.UNSPECIFIED.)
CURVE()
GEOMETRIC_REPRESENTATION_ITEM()
RATIONAL_B_SPLINE_CURVE((1.,0.81809919986396,1.,0.81809919986396,1.))
REPRESENTATION_ITEM('')
);
#1011=(
BOUNDED_CURVE()
B_SPLINE_CURVE(1,(#1697,#1698),.UNSPECIFIED.,.F.,.F.)
B_SPLINE_CURVE_WITH_KNOTS((2,2),(0.,18.),.UNSPECIFIED.)
CURVE()
GEOMETRIC_REPRESENTATION_ITEM()
RATIONAL_B_SPLINE_CURVE((1.,1.))
REPRESENTATION_ITEM('')
);
#1012=(
BOUNDED_CURVE()
B_SPLINE_CURVE(2,(#1699,#1700,#1701,#1702,#1703),.UNSPECIFIED.,.F.,.F.)
B_SPLINE_CURVE_WITH_KNOTS((3,2,3),(-837.112657935937,-827.309483251376,
-817.506308566816),.UNSPECIFIED.)
CURVE()
GEOMETRIC_REPRESENTATION_ITEM()
RATIONAL_B_SPLINE_CURVE((1.,0.81809919986396,1.,0.81809919986396,1.))
REPRESENTATION_ITEM('')
);
#1013=(
BOUNDED_CURVE()
B_SPLINE_CURVE(2,(#1704,#1705,#1706),.UNSPECIFIED.,.F.,.F.)
B_SPLINE_CURVE_WITH_KNOTS((3,3),(-817.506308566816,-678.825713081737),
 .UNSPECIFIED.)
CURVE()
GEOMETRIC_REPRESENTATION_ITEM()
RATIONAL_B_SPLINE_CURVE((1.,1.,1.))
REPRESENTATION_ITEM('')
);
#1014=(
BOUNDED_CURVE()
B_SPLINE_CURVE(1,(#1707,#1708),.UNSPECIFIED.,.F.,.F.)
B_SPLINE_CURVE_WITH_KNOTS((2,2),(0.,18.),.UNSPECIFIED.)
CURVE()
GEOMETRIC_REPRESENTATION_ITEM()
RATIONAL_B_SPLINE_CURVE((1.,1.))
REPRESENTATION_ITEM('')
);
#1015=(
BOUNDED_CURVE()
B_SPLINE_CURVE(2,(#1709,#1710,#1711),.UNSPECIFIED.,.F.,.F.)
B_SPLINE_CURVE_WITH_KNOTS((3,3),(-817.506308566816,-678.825713081737),
 .UNSPECIFIED.)
CURVE()
GEOMETRIC_REPRESENTATION_ITEM()
RATIONAL_B_SPLINE_CURVE((1.,1.,1.))
REPRESENTATION_ITEM('')
);
#1016=(
BOUNDED_CURVE()
B_SPLINE_CURVE(2,(#1712,#1713,#1714),.UNSPECIFIED.,.F.,.F.)
B_SPLINE_CURVE_WITH_KNOTS((3,3),(-678.825713081737,-666.259342467377),
 .UNSPECIFIED.)
CURVE()
GEOMETRIC_REPRESENTATION_ITEM()
RATIONAL_B_SPLINE_CURVE((1.,0.707106781186505,1.))
REPRESENTATION_ITEM('')
);
#1017=(
BOUNDED_CURVE()
B_SPLINE_CURVE(1,(#1715,#1716),.UNSPECIFIED.,.F.,.F.)
B_SPLINE_CURVE_WITH_KNOTS((2,2),(0.,18.),.UNSPECIFIED.)
CURVE()
GEOMETRIC_REPRESENTATION_ITEM()
RATIONAL_B_SPLINE_CURVE((1.,1.))
REPRESENTATION_ITEM('')
);
#1018=(
BOUNDED_CURVE()
B_SPLINE_CURVE(2,(#1717,#1718,#1719),.UNSPECIFIED.,.F.,.F.)
B_SPLINE_CURVE_WITH_KNOTS((3,3),(-678.825713081737,-666.259342467377),
 .UNSPECIFIED.)
CURVE()
GEOMETRIC_REPRESENTATION_ITEM()
RATIONAL_B_SPLINE_CURVE((1.,0.707106781186505,1.))
REPRESENTATION_ITEM('')
);
#1019=(
BOUNDED_CURVE()
B_SPLINE_CURVE(2,(#1720,#1721,#1722),.UNSPECIFIED.,.F.,.F.)
B_SPLINE_CURVE_WITH_KNOTS((3,3),(-666.259342467377,-551.345079598748),
 .UNSPECIFIED.)
CURVE()
GEOMETRIC_REPRESENTATION_ITEM()
RATIONAL_B_SPLINE_CURVE((1.,1.,1.))
REPRESENTATION_ITEM('')
);
#1020=(
BOUNDED_CURVE()
B_SPLINE_CURVE(2,(#1723,#1724,#1725),.UNSPECIFIED.,.F.,.F.)
B_SPLINE_CURVE_WITH_KNOTS((3,3),(-666.259342467377,-551.345079598748),
 .UNSPECIFIED.)
CURVE()
GEOMETRIC_REPRESENTATION_ITEM()
RATIONAL_B_SPLINE_CURVE((1.,1.,1.))
REPRESENTATION_ITEM('')
);
#1021=(
BOUNDED_CURVE()
B_SPLINE_CURVE(2,(#1726,#1727,#1728),.UNSPECIFIED.,.F.,.F.)
B_SPLINE_CURVE_WITH_KNOTS((3,3),(-1021.32618415016,-837.112657935937),
 .UNSPECIFIED.)
CURVE()
GEOMETRIC_REPRESENTATION_ITEM()
RATIONAL_B_SPLINE_CURVE((1.,1.,1.))
REPRESENTATION_ITEM('')
);
#1022=(
BOUNDED_CURVE()
B_SPLINE_CURVE(2,(#1729,#1730,#1731),.UNSPECIFIED.,.F.,.F.)
B_SPLINE_CURVE_WITH_KNOTS((3,3),(-1021.32618415016,-837.112657935937),
 .UNSPECIFIED.)
CURVE()
GEOMETRIC_REPRESENTATION_ITEM()
RATIONAL_B_SPLINE_CURVE((1.,1.,1.))
REPRESENTATION_ITEM('')
);
#1023=(
BOUNDED_CURVE()
B_SPLINE_CURVE(1,(#1732,#1733),.UNSPECIFIED.,.F.,.F.)
B_SPLINE_CURVE_WITH_KNOTS((2,2),(0.,18.),.UNSPECIFIED.)
CURVE()
GEOMETRIC_REPRESENTATION_ITEM()
RATIONAL_B_SPLINE_CURVE((1.,1.))
REPRESENTATION_ITEM('')
);
#1024=(
BOUNDED_CURVE()
B_SPLINE_CURVE(1,(#1734,#1735),.UNSPECIFIED.,.F.,.F.)
B_SPLINE_CURVE_WITH_KNOTS((2,2),(0.,18.),.UNSPECIFIED.)
CURVE()
GEOMETRIC_REPRESENTATION_ITEM()
RATIONAL_B_SPLINE_CURVE((1.,1.))
REPRESENTATION_ITEM('')
);
#1025=(
BOUNDED_CURVE()
B_SPLINE_CURVE(2,(#1736,#1737,#1738),.UNSPECIFIED.,.F.,.F.)
B_SPLINE_CURVE_WITH_KNOTS((3,3),(0.,2.07239694735186),.UNSPECIFIED.)
CURVE()
GEOMETRIC_REPRESENTATION_ITEM()
RATIONAL_B_SPLINE_CURVE((1.,0.940940270910763,1.))
REPRESENTATION_ITEM('')
);
#1026=(
BOUNDED_CURVE()
B_SPLINE_CURVE(2,(#1739,#1740,#1741),.UNSPECIFIED.,.F.,.F.)
B_SPLINE_CURVE_WITH_KNOTS((3,3),(0.,2.07239694735186),.UNSPECIFIED.)
CURVE()
GEOMETRIC_REPRESENTATION_ITEM()
RATIONAL_B_SPLINE_CURVE((1.,0.940940270910777,1.))
REPRESENTATION_ITEM('')
);
#1027=(
BOUNDED_CURVE()
B_SPLINE_CURVE(2,(#1742,#1743,#1744,#1745,#1746,#1747,#1748,#1749,#1750),
 .UNSPECIFIED.,.T.,.F.)
B_SPLINE_CURVE_WITH_KNOTS((3,2,2,2,3),(-16.6504410640259,-12.4878307980194,
-8.32522053201295,-4.16261026600648,0.),.UNSPECIFIED.)
CURVE()
GEOMETRIC_REPRESENTATION_ITEM()
RATIONAL_B_SPLINE_CURVE((1.,0.707106781186548,1.,0.707106781186548,1.,0.707106781186548,
1.,0.707106781186548,1.))
REPRESENTATION_ITEM('')
);
#1028=(
BOUNDED_CURVE()
B_SPLINE_CURVE(2,(#1751,#1752,#1753,#1754,#1755,#1756,#1757,#1758,#1759),
 .UNSPECIFIED.,.T.,.F.)
B_SPLINE_CURVE_WITH_KNOTS((3,2,2,2,3),(0.,12.2683115022653,24.5366230045307,
36.804934506796,49.0732460090613),.UNSPECIFIED.)
CURVE()
GEOMETRIC_REPRESENTATION_ITEM()
RATIONAL_B_SPLINE_CURVE((1.,0.707106781186548,1.,0.707106781186548,1.,0.707106781186548,
1.,0.707106781186548,1.))
REPRESENTATION_ITEM('')
);
#1029=(
BOUNDED_CURVE()
B_SPLINE_CURVE(2,(#1760,#1761,#1762,#1763,#1764,#1765,#1766,#1767,#1768),
 .UNSPECIFIED.,.T.,.F.)
B_SPLINE_CURVE_WITH_KNOTS((3,2,2,2,3),(-49.0732460090613,-36.804934506796,
-24.5366230045307,-12.2683115022653,0.),.UNSPECIFIED.)
CURVE()
GEOMETRIC_REPRESENTATION_ITEM()
RATIONAL_B_SPLINE_CURVE((1.,0.707106781186548,1.,0.707106781186548,1.,0.707106781186548,
1.,0.707106781186548,1.))
REPRESENTATION_ITEM('')
);
#1030=(
BOUNDED_CURVE()
B_SPLINE_CURVE(2,(#1769,#1770,#1771,#1772,#1773,#1774,#1775,#1776,#1777),
 .UNSPECIFIED.,.T.,.F.)
B_SPLINE_CURVE_WITH_KNOTS((3,2,2,2,3),(0.,4.16261026600648,8.32522053201295,
12.4878307980194,16.6504410640259),.UNSPECIFIED.)
CURVE()
GEOMETRIC_REPRESENTATION_ITEM()
RATIONAL_B_SPLINE_CURVE((1.,0.707106781186548,1.,0.707106781186548,1.,0.707106781186548,
1.,0.707106781186548,1.))
REPRESENTATION_ITEM('')
);
#1031=(
BOUNDED_CURVE()
B_SPLINE_CURVE(1,(#1778,#1779),.UNSPECIFIED.,.F.,.F.)
B_SPLINE_CURVE_WITH_KNOTS((2,2),(44.673827134265,55.),.UNSPECIFIED.)
CURVE()
GEOMETRIC_REPRESENTATION_ITEM()
RATIONAL_B_SPLINE_CURVE((1.,1.))
REPRESENTATION_ITEM('')
);
#1032=(
BOUNDED_CURVE()
B_SPLINE_CURVE(1,(#1780,#1781),.UNSPECIFIED.,.F.,.F.)
B_SPLINE_CURVE_WITH_KNOTS((2,2),(1.43251094760758,8.),.UNSPECIFIED.)
CURVE()
GEOMETRIC_REPRESENTATION_ITEM()
RATIONAL_B_SPLINE_CURVE((1.,1.))
REPRESENTATION_ITEM('')
);
#1033=(
BOUNDED_CURVE()
B_SPLINE_CURVE(2,(#1782,#1783,#1784,#1785,#1786,#1787,#1788,#1789,#1790),
 .UNSPECIFIED.,.T.,.F.)
B_SPLINE_CURVE_WITH_KNOTS((3,2,2,2,3),(-16.0221225333079,-12.016591899981,
-8.01106126665397,-4.00553063332699,0.),.UNSPECIFIED.)
CURVE()
GEOMETRIC_REPRESENTATION_ITEM()
RATIONAL_B_SPLINE_CURVE((1.,0.707106781186548,1.,0.707106781186548,1.,0.707106781186548,
1.,0.707106781186548,1.))
REPRESENTATION_ITEM('')
);
#1034=(
BOUNDED_CURVE()
B_SPLINE_CURVE(2,(#1791,#1792,#1793,#1794,#1795,#1796,#1797,#1798,#1799),
 .UNSPECIFIED.,.T.,.F.)
B_SPLINE_CURVE_WITH_KNOTS((3,2,2,2,3),(-16.0221225333079,-12.016591899981,
-8.01106126665397,-4.00553063332699,0.),.UNSPECIFIED.)
CURVE()
GEOMETRIC_REPRESENTATION_ITEM()
RATIONAL_B_SPLINE_CURVE((1.,0.707106781186548,1.,0.707106781186548,1.,0.707106781186548,
1.,0.707106781186548,1.))
REPRESENTATION_ITEM('')
);
#1035=(
BOUNDED_CURVE()
B_SPLINE_CURVE(1,(#1800,#1801),.UNSPECIFIED.,.F.,.F.)
B_SPLINE_CURVE_WITH_KNOTS((2,2),(0.87508761419212,2.69644108774173),
 .UNSPECIFIED.)
CURVE()
GEOMETRIC_REPRESENTATION_ITEM()
RATIONAL_B_SPLINE_CURVE((1.,1.))
REPRESENTATION_ITEM('')
);
#1036=(
BOUNDED_CURVE()
B_SPLINE_CURVE(2,(#1802,#1803,#1804,#1805,#1806,#1807,#1808,#1809,#1810),
 .UNSPECIFIED.,.T.,.F.)
B_SPLINE_CURVE_WITH_KNOTS((3,2,2,2,3),(-16.0221225333079,-12.016591899981,
-8.01106126665397,-4.00553063332699,0.),.UNSPECIFIED.)
CURVE()
GEOMETRIC_REPRESENTATION_ITEM()
RATIONAL_B_SPLINE_CURVE((1.,0.707106781186548,1.,0.707106781186548,1.,0.707106781186548,
1.,0.707106781186548,1.))
REPRESENTATION_ITEM('')
);
#1037=(
BOUNDED_CURVE()
B_SPLINE_CURVE(2,(#1811,#1812,#1813,#1814,#1815,#1816,#1817,#1818,#1819),
 .UNSPECIFIED.,.T.,.F.)
B_SPLINE_CURVE_WITH_KNOTS((3,2,2,2,3),(-16.0221225333079,-12.016591899981,
-8.01106126665397,-4.00553063332699,0.),.UNSPECIFIED.)
CURVE()
GEOMETRIC_REPRESENTATION_ITEM()
RATIONAL_B_SPLINE_CURVE((1.,0.707106781186548,1.,0.707106781186548,1.,0.707106781186548,
1.,0.707106781186548,1.))
REPRESENTATION_ITEM('')
);
#1038=(
BOUNDED_CURVE()
B_SPLINE_CURVE(1,(#1820,#1821),.UNSPECIFIED.,.F.,.F.)
B_SPLINE_CURVE_WITH_KNOTS((2,2),(0.87508761419212,2.69644108774173),
 .UNSPECIFIED.)
CURVE()
GEOMETRIC_REPRESENTATION_ITEM()
RATIONAL_B_SPLINE_CURVE((1.,1.))
REPRESENTATION_ITEM('')
);
#1039=(
BOUNDED_CURVE()
B_SPLINE_CURVE(2,(#1822,#1823,#1824,#1825,#1826,#1827,#1828,#1829,#1830),
 .UNSPECIFIED.,.T.,.F.)
B_SPLINE_CURVE_WITH_KNOTS((3,2,2,2,3),(-16.0221225333079,-12.016591899981,
-8.01106126665397,-4.00553063332699,0.),.UNSPECIFIED.)
CURVE()
GEOMETRIC_REPRESENTATION_ITEM()
RATIONAL_B_SPLINE_CURVE((1.,0.707106781186548,1.,0.707106781186548,1.,0.707106781186548,
1.,0.707106781186548,1.))
REPRESENTATION_ITEM('')
);
#1040=(
BOUNDED_CURVE()
B_SPLINE_CURVE(2,(#1831,#1832,#1833,#1834,#1835,#1836,#1837,#1838,#1839),
 .UNSPECIFIED.,.T.,.F.)
B_SPLINE_CURVE_WITH_KNOTS((3,2,2,2,3),(-16.0221225333079,-12.016591899981,
-8.01106126665397,-4.00553063332699,0.),.UNSPECIFIED.)
CURVE()
GEOMETRIC_REPRESENTATION_ITEM()
RATIONAL_B_SPLINE_CURVE((1.,0.707106781186548,1.,0.707106781186548,1.,0.707106781186548,
1.,0.707106781186548,1.))
REPRESENTATION_ITEM('')
);
#1041=(
BOUNDED_CURVE()
B_SPLINE_CURVE(1,(#1840,#1841),.UNSPECIFIED.,.F.,.F.)
B_SPLINE_CURVE_WITH_KNOTS((2,2),(0.87508761419212,2.69644108774173),
 .UNSPECIFIED.)
CURVE()
GEOMETRIC_REPRESENTATION_ITEM()
RATIONAL_B_SPLINE_CURVE((1.,1.))
REPRESENTATION_ITEM('')
);
#1042=(
BOUNDED_CURVE()
B_SPLINE_CURVE(2,(#1842,#1843,#1844,#1845,#1846,#1847,#1848,#1849,#1850),
 .UNSPECIFIED.,.T.,.F.)
B_SPLINE_CURVE_WITH_KNOTS((3,2,2,2,3),(-16.0221225333079,-12.016591899981,
-8.01106126665397,-4.00553063332699,0.),.UNSPECIFIED.)
CURVE()
GEOMETRIC_REPRESENTATION_ITEM()
RATIONAL_B_SPLINE_CURVE((1.,0.707106781186548,1.,0.707106781186548,1.,0.707106781186548,
1.,0.707106781186548,1.))
REPRESENTATION_ITEM('')
);
#1043=(
BOUNDED_CURVE()
B_SPLINE_CURVE(2,(#1851,#1852,#1853,#1854,#1855,#1856,#1857,#1858,#1859),
 .UNSPECIFIED.,.T.,.F.)
B_SPLINE_CURVE_WITH_KNOTS((3,2,2,2,3),(-16.0221225333079,-12.016591899981,
-8.01106126665397,-4.00553063332699,0.),.UNSPECIFIED.)
CURVE()
GEOMETRIC_REPRESENTATION_ITEM()
RATIONAL_B_SPLINE_CURVE((1.,0.707106781186548,1.,0.707106781186548,1.,0.707106781186548,
1.,0.707106781186548,1.))
REPRESENTATION_ITEM('')
);
#1044=(
BOUNDED_CURVE()
B_SPLINE_CURVE(1,(#1860,#1861),.UNSPECIFIED.,.F.,.F.)
B_SPLINE_CURVE_WITH_KNOTS((2,2),(0.87508761419212,2.69644108774173),
 .UNSPECIFIED.)
CURVE()
GEOMETRIC_REPRESENTATION_ITEM()
RATIONAL_B_SPLINE_CURVE((1.,1.))
REPRESENTATION_ITEM('')
);
#1045=(
BOUNDED_CURVE()
B_SPLINE_CURVE(2,(#1862,#1863,#1864,#1865,#1866,#1867,#1868,#1869,#1870),
 .UNSPECIFIED.,.T.,.F.)
B_SPLINE_CURVE_WITH_KNOTS((3,2,2,2,3),(-16.0221225333079,-12.016591899981,
-8.01106126665397,-4.00553063332699,0.),.UNSPECIFIED.)
CURVE()
GEOMETRIC_REPRESENTATION_ITEM()
RATIONAL_B_SPLINE_CURVE((1.,0.707106781186548,1.,0.707106781186548,1.,0.707106781186548,
1.,0.707106781186548,1.))
REPRESENTATION_ITEM('')
);
#1046=(
BOUNDED_CURVE()
B_SPLINE_CURVE(2,(#1871,#1872,#1873,#1874,#1875,#1876,#1877,#1878,#1879),
 .UNSPECIFIED.,.T.,.F.)
B_SPLINE_CURVE_WITH_KNOTS((3,2,2,2,3),(-16.0221225333079,-12.016591899981,
-8.01106126665397,-4.00553063332699,0.),.UNSPECIFIED.)
CURVE()
GEOMETRIC_REPRESENTATION_ITEM()
RATIONAL_B_SPLINE_CURVE((1.,0.707106781186548,1.,0.707106781186548,1.,0.707106781186548,
1.,0.707106781186548,1.))
REPRESENTATION_ITEM('')
);
#1047=(
BOUNDED_CURVE()
B_SPLINE_CURVE(1,(#1880,#1881),.UNSPECIFIED.,.F.,.F.)
B_SPLINE_CURVE_WITH_KNOTS((2,2),(0.87508761419212,2.69644108774173),
 .UNSPECIFIED.)
CURVE()
GEOMETRIC_REPRESENTATION_ITEM()
RATIONAL_B_SPLINE_CURVE((1.,1.))
REPRESENTATION_ITEM('')
);
#1048=(
BOUNDED_CURVE()
B_SPLINE_CURVE(2,(#1882,#1883,#1884,#1885,#1886,#1887,#1888,#1889,#1890),
 .UNSPECIFIED.,.T.,.F.)
B_SPLINE_CURVE_WITH_KNOTS((3,2,2,2,3),(-16.0221225333079,-12.016591899981,
-8.01106126665397,-4.00553063332699,0.),.UNSPECIFIED.)
CURVE()
GEOMETRIC_REPRESENTATION_ITEM()
RATIONAL_B_SPLINE_CURVE((1.,0.707106781186548,1.,0.707106781186548,1.,0.707106781186548,
1.,0.707106781186548,1.))
REPRESENTATION_ITEM('')
);
#1049=(
BOUNDED_CURVE()
B_SPLINE_CURVE(2,(#1891,#1892,#1893,#1894,#1895,#1896,#1897,#1898,#1899),
 .UNSPECIFIED.,.T.,.F.)
B_SPLINE_CURVE_WITH_KNOTS((3,2,2,2,3),(-16.0221225333079,-12.016591899981,
-8.01106126665397,-4.00553063332699,0.),.UNSPECIFIED.)
CURVE()
GEOMETRIC_REPRESENTATION_ITEM()
RATIONAL_B_SPLINE_CURVE((1.,0.707106781186548,1.,0.707106781186548,1.,0.707106781186548,
1.,0.707106781186548,1.))
REPRESENTATION_ITEM('')
);
#1050=(
BOUNDED_CURVE()
B_SPLINE_CURVE(1,(#1900,#1901),.UNSPECIFIED.,.F.,.F.)
B_SPLINE_CURVE_WITH_KNOTS((2,2),(0.87508761419212,2.69644108774173),
 .UNSPECIFIED.)
CURVE()
GEOMETRIC_REPRESENTATION_ITEM()
RATIONAL_B_SPLINE_CURVE((1.,1.))
REPRESENTATION_ITEM('')
);
#1051=(
BOUNDED_CURVE()
B_SPLINE_CURVE(2,(#1902,#1903,#1904,#1905,#1906,#1907,#1908,#1909,#1910),
 .UNSPECIFIED.,.T.,.F.)
B_SPLINE_CURVE_WITH_KNOTS((3,2,2,2,3),(-16.0221225333079,-12.016591899981,
-8.01106126665397,-4.00553063332699,0.),.UNSPECIFIED.)
CURVE()
GEOMETRIC_REPRESENTATION_ITEM()
RATIONAL_B_SPLINE_CURVE((1.,0.707106781186548,1.,0.707106781186548,1.,0.707106781186548,
1.,0.707106781186548,1.))
REPRESENTATION_ITEM('')
);
#1052=(
BOUNDED_CURVE()
B_SPLINE_CURVE(2,(#1911,#1912,#1913,#1914,#1915,#1916,#1917,#1918,#1919),
 .UNSPECIFIED.,.T.,.F.)
B_SPLINE_CURVE_WITH_KNOTS((3,2,2,2,3),(-16.0221225333079,-12.016591899981,
-8.01106126665397,-4.00553063332699,0.),.UNSPECIFIED.)
CURVE()
GEOMETRIC_REPRESENTATION_ITEM()
RATIONAL_B_SPLINE_CURVE((1.,0.707106781186548,1.,0.707106781186548,1.,0.707106781186548,
1.,0.707106781186548,1.))
REPRESENTATION_ITEM('')
);
#1053=(
BOUNDED_CURVE()
B_SPLINE_CURVE(1,(#1920,#1921),.UNSPECIFIED.,.F.,.F.)
B_SPLINE_CURVE_WITH_KNOTS((2,2),(0.87508761419212,2.69644108774173),
 .UNSPECIFIED.)
CURVE()
GEOMETRIC_REPRESENTATION_ITEM()
RATIONAL_B_SPLINE_CURVE((1.,1.))
REPRESENTATION_ITEM('')
);
#1054=(
BOUNDED_CURVE()
B_SPLINE_CURVE(2,(#1922,#1923,#1924,#1925,#1926,#1927,#1928,#1929,#1930),
 .UNSPECIFIED.,.T.,.F.)
B_SPLINE_CURVE_WITH_KNOTS((3,2,2,2,3),(-16.0221225333079,-12.016591899981,
-8.01106126665397,-4.00553063332699,0.),.UNSPECIFIED.)
CURVE()
GEOMETRIC_REPRESENTATION_ITEM()
RATIONAL_B_SPLINE_CURVE((1.,0.707106781186548,1.,0.707106781186548,1.,0.707106781186548,
1.,0.707106781186548,1.))
REPRESENTATION_ITEM('')
);
#1055=(
BOUNDED_CURVE()
B_SPLINE_CURVE(2,(#1931,#1932,#1933,#1934,#1935,#1936,#1937,#1938,#1939),
 .UNSPECIFIED.,.T.,.F.)
B_SPLINE_CURVE_WITH_KNOTS((3,2,2,2,3),(-16.0221225333079,-12.016591899981,
-8.01106126665397,-4.00553063332699,0.),.UNSPECIFIED.)
CURVE()
GEOMETRIC_REPRESENTATION_ITEM()
RATIONAL_B_SPLINE_CURVE((1.,0.707106781186548,1.,0.707106781186548,1.,0.707106781186548,
1.,0.707106781186548,1.))
REPRESENTATION_ITEM('')
);
#1056=(
BOUNDED_CURVE()
B_SPLINE_CURVE(1,(#1940,#1941),.UNSPECIFIED.,.F.,.F.)
B_SPLINE_CURVE_WITH_KNOTS((2,2),(0.87508761419212,2.69644108774173),
 .UNSPECIFIED.)
CURVE()
GEOMETRIC_REPRESENTATION_ITEM()
RATIONAL_B_SPLINE_CURVE((1.,1.))
REPRESENTATION_ITEM('')
);
#1057=(
BOUNDED_CURVE()
B_SPLINE_CURVE(2,(#1942,#1943,#1944,#1945,#1946,#1947,#1948,#1949,#1950),
 .UNSPECIFIED.,.T.,.F.)
B_SPLINE_CURVE_WITH_KNOTS((3,2,2,2,3),(-16.0221225333079,-12.016591899981,
-8.01106126665397,-4.00553063332699,0.),.UNSPECIFIED.)
CURVE()
GEOMETRIC_REPRESENTATION_ITEM()
RATIONAL_B_SPLINE_CURVE((1.,0.707106781186548,1.,0.707106781186548,1.,0.707106781186548,
1.,0.707106781186548,1.))
REPRESENTATION_ITEM('')
);
#1058=(
BOUNDED_CURVE()
B_SPLINE_CURVE(2,(#1951,#1952,#1953,#1954,#1955,#1956,#1957,#1958,#1959),
 .UNSPECIFIED.,.T.,.F.)
B_SPLINE_CURVE_WITH_KNOTS((3,2,2,2,3),(-16.0221225333079,-12.016591899981,
-8.01106126665397,-4.00553063332699,0.),.UNSPECIFIED.)
CURVE()
GEOMETRIC_REPRESENTATION_ITEM()
RATIONAL_B_SPLINE_CURVE((1.,0.707106781186548,1.,0.707106781186548,1.,0.707106781186548,
1.,0.707106781186548,1.))
REPRESENTATION_ITEM('')
);
#1059=(
BOUNDED_CURVE()
B_SPLINE_CURVE(1,(#1960,#1961),.UNSPECIFIED.,.F.,.F.)
B_SPLINE_CURVE_WITH_KNOTS((2,2),(0.87508761419212,2.69644108774173),
 .UNSPECIFIED.)
CURVE()
GEOMETRIC_REPRESENTATION_ITEM()
RATIONAL_B_SPLINE_CURVE((1.,1.))
REPRESENTATION_ITEM('')
);
#1060=(
BOUNDED_CURVE()
B_SPLINE_CURVE(2,(#1962,#1963,#1964,#1965,#1966,#1967,#1968,#1969,#1970),
 .UNSPECIFIED.,.T.,.F.)
B_SPLINE_CURVE_WITH_KNOTS((3,2,2,2,3),(-16.0221225333079,-12.016591899981,
-8.01106126665397,-4.00553063332699,0.),.UNSPECIFIED.)
CURVE()
GEOMETRIC_REPRESENTATION_ITEM()
RATIONAL_B_SPLINE_CURVE((1.,0.707106781186548,1.,0.707106781186548,1.,0.707106781186548,
1.,0.707106781186548,1.))
REPRESENTATION_ITEM('')
);
#1061=(
BOUNDED_CURVE()
B_SPLINE_CURVE(2,(#1971,#1972,#1973,#1974,#1975,#1976,#1977,#1978,#1979),
 .UNSPECIFIED.,.T.,.F.)
B_SPLINE_CURVE_WITH_KNOTS((3,2,2,2,3),(-16.0221225333079,-12.016591899981,
-8.01106126665397,-4.00553063332699,0.),.UNSPECIFIED.)
CURVE()
GEOMETRIC_REPRESENTATION_ITEM()
RATIONAL_B_SPLINE_CURVE((1.,0.707106781186548,1.,0.707106781186548,1.,0.707106781186548,
1.,0.707106781186548,1.))
REPRESENTATION_ITEM('')
);
#1062=(
BOUNDED_CURVE()
B_SPLINE_CURVE(1,(#1980,#1981),.UNSPECIFIED.,.F.,.F.)
B_SPLINE_CURVE_WITH_KNOTS((2,2),(0.87508761419212,2.69644108774173),
 .UNSPECIFIED.)
CURVE()
GEOMETRIC_REPRESENTATION_ITEM()
RATIONAL_B_SPLINE_CURVE((1.,1.))
REPRESENTATION_ITEM('')
);
#1063=(
BOUNDED_CURVE()
B_SPLINE_CURVE(2,(#1982,#1983,#1984,#1985,#1986,#1987,#1988,#1989,#1990),
 .UNSPECIFIED.,.T.,.F.)
B_SPLINE_CURVE_WITH_KNOTS((3,2,2,2,3),(-16.0221225333079,-12.016591899981,
-8.01106126665397,-4.00553063332699,0.),.UNSPECIFIED.)
CURVE()
GEOMETRIC_REPRESENTATION_ITEM()
RATIONAL_B_SPLINE_CURVE((1.,0.707106781186548,1.,0.707106781186548,1.,0.707106781186548,
1.,0.707106781186548,1.))
REPRESENTATION_ITEM('')
);
#1064=(
BOUNDED_CURVE()
B_SPLINE_CURVE(2,(#1991,#1992,#1993,#1994,#1995,#1996,#1997,#1998,#1999),
 .UNSPECIFIED.,.T.,.F.)
B_SPLINE_CURVE_WITH_KNOTS((3,2,2,2,3),(-16.0221225333079,-12.016591899981,
-8.01106126665397,-4.00553063332699,0.),.UNSPECIFIED.)
CURVE()
GEOMETRIC_REPRESENTATION_ITEM()
RATIONAL_B_SPLINE_CURVE((1.,0.707106781186548,1.,0.707106781186548,1.,0.707106781186548,
1.,0.707106781186548,1.))
REPRESENTATION_ITEM('')
);
#1065=(
BOUNDED_CURVE()
B_SPLINE_CURVE(1,(#2000,#2001),.UNSPECIFIED.,.F.,.F.)
B_SPLINE_CURVE_WITH_KNOTS((2,2),(0.87508761419212,2.69644108774173),
 .UNSPECIFIED.)
CURVE()
GEOMETRIC_REPRESENTATION_ITEM()
RATIONAL_B_SPLINE_CURVE((1.,1.))
REPRESENTATION_ITEM('')
);
#1066=(
BOUNDED_CURVE()
B_SPLINE_CURVE(2,(#2002,#2003,#2004,#2005,#2006,#2007,#2008,#2009,#2010),
 .UNSPECIFIED.,.T.,.F.)
B_SPLINE_CURVE_WITH_KNOTS((3,2,2,2,3),(-16.0221225333079,-12.016591899981,
-8.01106126665397,-4.00553063332699,0.),.UNSPECIFIED.)
CURVE()
GEOMETRIC_REPRESENTATION_ITEM()
RATIONAL_B_SPLINE_CURVE((1.,0.707106781186548,1.,0.707106781186548,1.,0.707106781186548,
1.,0.707106781186548,1.))
REPRESENTATION_ITEM('')
);
#1067=(
BOUNDED_CURVE()
B_SPLINE_CURVE(2,(#2011,#2012,#2013,#2014,#2015,#2016,#2017,#2018,#2019),
 .UNSPECIFIED.,.T.,.F.)
B_SPLINE_CURVE_WITH_KNOTS((3,2,2,2,3),(-16.0221225333079,-12.016591899981,
-8.01106126665397,-4.00553063332699,0.),.UNSPECIFIED.)
CURVE()
GEOMETRIC_REPRESENTATION_ITEM()
RATIONAL_B_SPLINE_CURVE((1.,0.707106781186548,1.,0.707106781186548,1.,0.707106781186548,
1.,0.707106781186548,1.))
REPRESENTATION_ITEM('')
);
#1068=(
BOUNDED_CURVE()
B_SPLINE_CURVE(1,(#2020,#2021),.UNSPECIFIED.,.F.,.F.)
B_SPLINE_CURVE_WITH_KNOTS((2,2),(0.87508761419212,2.69644108774173),
 .UNSPECIFIED.)
CURVE()
GEOMETRIC_REPRESENTATION_ITEM()
RATIONAL_B_SPLINE_CURVE((1.,1.))
REPRESENTATION_ITEM('')
);
#1069=(
BOUNDED_CURVE()
B_SPLINE_CURVE(2,(#2022,#2023,#2024,#2025,#2026,#2027,#2028,#2029,#2030),
 .UNSPECIFIED.,.T.,.F.)
B_SPLINE_CURVE_WITH_KNOTS((3,2,2,2,3),(-16.0221225333079,-12.016591899981,
-8.01106126665397,-4.00553063332699,0.),.UNSPECIFIED.)
CURVE()
GEOMETRIC_REPRESENTATION_ITEM()
RATIONAL_B_SPLINE_CURVE((1.,0.707106781186548,1.,0.707106781186548,1.,0.707106781186548,
1.,0.707106781186548,1.))
REPRESENTATION_ITEM('')
);
#1070=(
BOUNDED_CURVE()
B_SPLINE_CURVE(2,(#2031,#2032,#2033,#2034,#2035,#2036,#2037,#2038,#2039),
 .UNSPECIFIED.,.T.,.F.)
B_SPLINE_CURVE_WITH_KNOTS((3,2,2,2,3),(-16.0221225333079,-12.016591899981,
-8.01106126665397,-4.00553063332699,0.),.UNSPECIFIED.)
CURVE()
GEOMETRIC_REPRESENTATION_ITEM()
RATIONAL_B_SPLINE_CURVE((1.,0.707106781186548,1.,0.707106781186548,1.,0.707106781186548,
1.,0.707106781186548,1.))
REPRESENTATION_ITEM('')
);
#1071=(
BOUNDED_CURVE()
B_SPLINE_CURVE(1,(#2040,#2041),.UNSPECIFIED.,.F.,.F.)
B_SPLINE_CURVE_WITH_KNOTS((2,2),(0.87508761419212,2.69644108774173),
 .UNSPECIFIED.)
CURVE()
GEOMETRIC_REPRESENTATION_ITEM()
RATIONAL_B_SPLINE_CURVE((1.,1.))
REPRESENTATION_ITEM('')
);
#1072=(
BOUNDED_CURVE()
B_SPLINE_CURVE(2,(#2042,#2043,#2044,#2045,#2046,#2047,#2048,#2049,#2050),
 .UNSPECIFIED.,.T.,.F.)
B_SPLINE_CURVE_WITH_KNOTS((3,2,2,2,3),(-16.0221225333079,-12.016591899981,
-8.01106126665397,-4.00553063332699,0.),.UNSPECIFIED.)
CURVE()
GEOMETRIC_REPRESENTATION_ITEM()
RATIONAL_B_SPLINE_CURVE((1.,0.707106781186548,1.,0.707106781186548,1.,0.707106781186548,
1.,0.707106781186548,1.))
REPRESENTATION_ITEM('')
);
#1073=(
BOUNDED_CURVE()
B_SPLINE_CURVE(2,(#2051,#2052,#2053,#2054,#2055,#2056,#2057,#2058,#2059),
 .UNSPECIFIED.,.T.,.F.)
B_SPLINE_CURVE_WITH_KNOTS((3,2,2,2,3),(-16.0221225333079,-12.016591899981,
-8.01106126665397,-4.00553063332699,0.),.UNSPECIFIED.)
CURVE()
GEOMETRIC_REPRESENTATION_ITEM()
RATIONAL_B_SPLINE_CURVE((1.,0.707106781186548,1.,0.707106781186548,1.,0.707106781186548,
1.,0.707106781186548,1.))
REPRESENTATION_ITEM('')
);
#1074=(
BOUNDED_CURVE()
B_SPLINE_CURVE(1,(#2060,#2061),.UNSPECIFIED.,.F.,.F.)
B_SPLINE_CURVE_WITH_KNOTS((2,2),(0.87508761419212,2.69644108774173),
 .UNSPECIFIED.)
CURVE()
GEOMETRIC_REPRESENTATION_ITEM()
RATIONAL_B_SPLINE_CURVE((1.,1.))
REPRESENTATION_ITEM('')
);
#1075=(
BOUNDED_CURVE()
B_SPLINE_CURVE(2,(#2062,#2063,#2064,#2065,#2066,#2067,#2068,#2069,#2070),
 .UNSPECIFIED.,.T.,.F.)
B_SPLINE_CURVE_WITH_KNOTS((3,2,2,2,3),(-16.0221225333079,-12.016591899981,
-8.01106126665397,-4.00553063332699,0.),.UNSPECIFIED.)
CURVE()
GEOMETRIC_REPRESENTATION_ITEM()
RATIONAL_B_SPLINE_CURVE((1.,0.707106781186548,1.,0.707106781186548,1.,0.707106781186548,
1.,0.707106781186548,1.))
REPRESENTATION_ITEM('')
);
#1076=(
BOUNDED_CURVE()
B_SPLINE_CURVE(2,(#2071,#2072,#2073,#2074,#2075,#2076,#2077,#2078,#2079),
 .UNSPECIFIED.,.T.,.F.)
B_SPLINE_CURVE_WITH_KNOTS((3,2,2,2,3),(-16.0221225333079,-12.016591899981,
-8.01106126665397,-4.00553063332699,0.),.UNSPECIFIED.)
CURVE()
GEOMETRIC_REPRESENTATION_ITEM()
RATIONAL_B_SPLINE_CURVE((1.,0.707106781186548,1.,0.707106781186548,1.,0.707106781186548,
1.,0.707106781186548,1.))
REPRESENTATION_ITEM('')
);
#1077=(
BOUNDED_CURVE()
B_SPLINE_CURVE(1,(#2080,#2081),.UNSPECIFIED.,.F.,.F.)
B_SPLINE_CURVE_WITH_KNOTS((2,2),(0.87508761419212,2.69644108774173),
 .UNSPECIFIED.)
CURVE()
GEOMETRIC_REPRESENTATION_ITEM()
RATIONAL_B_SPLINE_CURVE((1.,1.))
REPRESENTATION_ITEM('')
);
#1078=(
BOUNDED_CURVE()
B_SPLINE_CURVE(2,(#2082,#2083,#2084,#2085,#2086,#2087,#2088,#2089,#2090),
 .UNSPECIFIED.,.T.,.F.)
B_SPLINE_CURVE_WITH_KNOTS((3,2,2,2,3),(-16.0221225333079,-12.016591899981,
-8.01106126665397,-4.00553063332699,0.),.UNSPECIFIED.)
CURVE()
GEOMETRIC_REPRESENTATION_ITEM()
RATIONAL_B_SPLINE_CURVE((1.,0.707106781186548,1.,0.707106781186548,1.,0.707106781186548,
1.,0.707106781186548,1.))
REPRESENTATION_ITEM('')
);
#1079=(
BOUNDED_CURVE()
B_SPLINE_CURVE(2,(#2091,#2092,#2093,#2094,#2095,#2096,#2097,#2098,#2099),
 .UNSPECIFIED.,.T.,.F.)
B_SPLINE_CURVE_WITH_KNOTS((3,2,2,2,3),(-16.0221225333079,-12.016591899981,
-8.01106126665397,-4.00553063332699,0.),.UNSPECIFIED.)
CURVE()
GEOMETRIC_REPRESENTATION_ITEM()
RATIONAL_B_SPLINE_CURVE((1.,0.707106781186548,1.,0.707106781186548,1.,0.707106781186548,
1.,0.707106781186548,1.))
REPRESENTATION_ITEM('')
);
#1080=(
BOUNDED_CURVE()
B_SPLINE_CURVE(1,(#2100,#2101),.UNSPECIFIED.,.F.,.F.)
B_SPLINE_CURVE_WITH_KNOTS((2,2),(0.87508761419212,2.69644108774173),
 .UNSPECIFIED.)
CURVE()
GEOMETRIC_REPRESENTATION_ITEM()
RATIONAL_B_SPLINE_CURVE((1.,1.))
REPRESENTATION_ITEM('')
);
#1081=(
BOUNDED_CURVE()
B_SPLINE_CURVE(2,(#2102,#2103,#2104,#2105,#2106,#2107,#2108,#2109,#2110),
 .UNSPECIFIED.,.T.,.F.)
B_SPLINE_CURVE_WITH_KNOTS((3,2,2,2,3),(-16.0221225333079,-12.016591899981,
-8.01106126665397,-4.00553063332699,0.),.UNSPECIFIED.)
CURVE()
GEOMETRIC_REPRESENTATION_ITEM()
RATIONAL_B_SPLINE_CURVE((1.,0.707106781186548,1.,0.707106781186548,1.,0.707106781186548,
1.,0.707106781186548,1.))
REPRESENTATION_ITEM('')
);
#1082=(
BOUNDED_CURVE()
B_SPLINE_CURVE(2,(#2111,#2112,#2113,#2114,#2115,#2116,#2117,#2118,#2119),
 .UNSPECIFIED.,.T.,.F.)
B_SPLINE_CURVE_WITH_KNOTS((3,2,2,2,3),(-16.0221225333079,-12.016591899981,
-8.01106126665397,-4.00553063332699,0.),.UNSPECIFIED.)
CURVE()
GEOMETRIC_REPRESENTATION_ITEM()
RATIONAL_B_SPLINE_CURVE((1.,0.707106781186548,1.,0.707106781186548,1.,0.707106781186548,
1.,0.707106781186548,1.))
REPRESENTATION_ITEM('')
);
#1083=(
BOUNDED_CURVE()
B_SPLINE_CURVE(1,(#2120,#2121),.UNSPECIFIED.,.F.,.F.)
B_SPLINE_CURVE_WITH_KNOTS((2,2),(0.87508761419212,2.69644108774173),
 .UNSPECIFIED.)
CURVE()
GEOMETRIC_REPRESENTATION_ITEM()
RATIONAL_B_SPLINE_CURVE((1.,1.))
REPRESENTATION_ITEM('')
);
#1084=(
BOUNDED_CURVE()
B_SPLINE_CURVE(2,(#2246,#2247,#2248),.UNSPECIFIED.,.F.,.F.)
B_SPLINE_CURVE_WITH_KNOTS((3,3),(0.,23.0326311676078),.UNSPECIFIED.)
CURVE()
GEOMETRIC_REPRESENTATION_ITEM()
RATIONAL_B_SPLINE_CURVE((1.,0.894663020250243,1.))
REPRESENTATION_ITEM('')
);
#1085=(
BOUNDED_CURVE()
B_SPLINE_CURVE(1,(#2249,#2250),.UNSPECIFIED.,.F.,.F.)
B_SPLINE_CURVE_WITH_KNOTS((2,2),(0.,18.),.UNSPECIFIED.)
CURVE()
GEOMETRIC_REPRESENTATION_ITEM()
RATIONAL_B_SPLINE_CURVE((1.,1.))
REPRESENTATION_ITEM('')
);
#1086=(
BOUNDED_CURVE()
B_SPLINE_CURVE(2,(#2251,#2252,#2253),.UNSPECIFIED.,.F.,.F.)
B_SPLINE_CURVE_WITH_KNOTS((3,3),(0.,23.0326311676076),.UNSPECIFIED.)
CURVE()
GEOMETRIC_REPRESENTATION_ITEM()
RATIONAL_B_SPLINE_CURVE((1.,0.894663020250245,1.))
REPRESENTATION_ITEM('')
);
#1087=(
BOUNDED_CURVE()
B_SPLINE_CURVE(2,(#2254,#2255,#2256),.UNSPECIFIED.,.F.,.F.)
B_SPLINE_CURVE_WITH_KNOTS((3,3),(157.448683246891,188.864609782789),
 .UNSPECIFIED.)
CURVE()
GEOMETRIC_REPRESENTATION_ITEM()
RATIONAL_B_SPLINE_CURVE((1.,0.707106781186548,1.))
REPRESENTATION_ITEM('')
);
#1088=(
BOUNDED_CURVE()
B_SPLINE_CURVE(1,(#2257,#2258),.UNSPECIFIED.,.F.,.F.)
B_SPLINE_CURVE_WITH_KNOTS((2,2),(0.,18.),.UNSPECIFIED.)
CURVE()
GEOMETRIC_REPRESENTATION_ITEM()
RATIONAL_B_SPLINE_CURVE((1.,1.))
REPRESENTATION_ITEM('')
);
#1089=(
BOUNDED_CURVE()
B_SPLINE_CURVE(2,(#2259,#2260,#2261),.UNSPECIFIED.,.F.,.F.)
B_SPLINE_CURVE_WITH_KNOTS((3,3),(157.448683246891,188.864609782789),
 .UNSPECIFIED.)
CURVE()
GEOMETRIC_REPRESENTATION_ITEM()
RATIONAL_B_SPLINE_CURVE((1.,0.707106781186548,1.))
REPRESENTATION_ITEM('')
);
#1090=(
BOUNDED_CURVE()
B_SPLINE_CURVE(2,(#2270,#2271,#2272,#2273,#2274),.UNSPECIFIED.,.F.,.F.)
B_SPLINE_CURVE_WITH_KNOTS((3,2,3),(191.841210440803,220.280536318687,246.984595913104),
 .UNSPECIFIED.)
CURVE()
GEOMETRIC_REPRESENTATION_ITEM()
RATIONAL_B_SPLINE_CURVE((1.,0.754044888320423,1.,0.780755307624206,1.))
REPRESENTATION_ITEM('')
);
#1091=(
BOUNDED_CURVE()
B_SPLINE_CURVE(2,(#2275,#2276,#2277,#2278,#2279),.UNSPECIFIED.,.F.,.F.)
B_SPLINE_CURVE_WITH_KNOTS((3,2,3),(191.841210440803,220.280536318687,246.984595913104),
 .UNSPECIFIED.)
CURVE()
GEOMETRIC_REPRESENTATION_ITEM()
RATIONAL_B_SPLINE_CURVE((1.,0.754044888320425,1.,0.780755307624205,1.))
REPRESENTATION_ITEM('')
);
#1092=(
BOUNDED_CURVE()
B_SPLINE_CURVE(2,(#2280,#2281,#2282),.UNSPECIFIED.,.F.,.F.)
B_SPLINE_CURVE_WITH_KNOTS((3,3),(137.289499033496,157.448683246891),
 .UNSPECIFIED.)
CURVE()
GEOMETRIC_REPRESENTATION_ITEM()
RATIONAL_B_SPLINE_CURVE((1.,0.919982323478224,1.))
REPRESENTATION_ITEM('')
);
#1093=(
BOUNDED_CURVE()
B_SPLINE_CURVE(2,(#2283,#2284,#2285),.UNSPECIFIED.,.F.,.F.)
B_SPLINE_CURVE_WITH_KNOTS((3,3),(137.289499033496,157.448683246891),
 .UNSPECIFIED.)
CURVE()
GEOMETRIC_REPRESENTATION_ITEM()
RATIONAL_B_SPLINE_CURVE((1.,0.919982323478224,1.))
REPRESENTATION_ITEM('')
);
#1094=(
BOUNDED_CURVE()
B_SPLINE_CURVE(1,(#2288,#2289),.UNSPECIFIED.,.F.,.F.)
B_SPLINE_CURVE_WITH_KNOTS((2,2),(0.,18.),.UNSPECIFIED.)
CURVE()
GEOMETRIC_REPRESENTATION_ITEM()
RATIONAL_B_SPLINE_CURVE((1.,1.))
REPRESENTATION_ITEM('')
);
#1095=(
BOUNDED_CURVE()
B_SPLINE_CURVE(2,(#2290,#2291,#2292),.UNSPECIFIED.,.F.,.F.)
B_SPLINE_CURVE_WITH_KNOTS((3,3),(-8.95831104503506,0.),.UNSPECIFIED.)
CURVE()
GEOMETRIC_REPRESENTATION_ITEM()
RATIONAL_B_SPLINE_CURVE((1.,0.847311178140848,1.))
REPRESENTATION_ITEM('')
);
#1096=(
BOUNDED_CURVE()
B_SPLINE_CURVE(2,(#2293,#2294,#2295),.UNSPECIFIED.,.F.,.F.)
B_SPLINE_CURVE_WITH_KNOTS((3,3),(0.,8.95831104503506),.UNSPECIFIED.)
CURVE()
GEOMETRIC_REPRESENTATION_ITEM()
RATIONAL_B_SPLINE_CURVE((1.,0.847311178140839,1.))
REPRESENTATION_ITEM('')
);
#1097=(
BOUNDED_CURVE()
B_SPLINE_CURVE(1,(#2298,#2299),.UNSPECIFIED.,.F.,.F.)
B_SPLINE_CURVE_WITH_KNOTS((2,2),(0.,18.),.UNSPECIFIED.)
CURVE()
GEOMETRIC_REPRESENTATION_ITEM()
RATIONAL_B_SPLINE_CURVE((1.,1.))
REPRESENTATION_ITEM('')
);
#1098=(
BOUNDED_CURVE()
B_SPLINE_CURVE(2,(#2300,#2301,#2302),.UNSPECIFIED.,.F.,.F.)
B_SPLINE_CURVE_WITH_KNOTS((3,3),(0.,8.95831139485063),.UNSPECIFIED.)
CURVE()
GEOMETRIC_REPRESENTATION_ITEM()
RATIONAL_B_SPLINE_CURVE((1.,0.847311166529247,1.))
REPRESENTATION_ITEM('')
);
#1099=(
BOUNDED_CURVE()
B_SPLINE_CURVE(2,(#2303,#2304,#2305),.UNSPECIFIED.,.F.,.F.)
B_SPLINE_CURVE_WITH_KNOTS((3,3),(-8.95831139485063,0.),.UNSPECIFIED.)
CURVE()
GEOMETRIC_REPRESENTATION_ITEM()
RATIONAL_B_SPLINE_CURVE((1.,0.847311166529246,1.))
REPRESENTATION_ITEM('')
);
#1100=(
BOUNDED_CURVE()
B_SPLINE_CURVE(2,(#2306,#2307,#2308,#2309,#2310,#2311,#2312,#2313,#2314),
 .UNSPECIFIED.,.T.,.F.)
B_SPLINE_CURVE_WITH_KNOTS((3,2,2,2,3),(0.,4.16261026600648,8.32522053201295,
12.4878307980194,16.6504410640259),.UNSPECIFIED.)
CURVE()
GEOMETRIC_REPRESENTATION_ITEM()
RATIONAL_B_SPLINE_CURVE((1.,0.707106781186548,1.,0.707106781186548,1.,0.707106781186548,
1.,0.707106781186548,1.))
REPRESENTATION_ITEM('')
);
#1101=(
BOUNDED_CURVE()
B_SPLINE_CURVE(1,(#2315,#2316),.UNSPECIFIED.,.F.,.F.)
B_SPLINE_CURVE_WITH_KNOTS((2,2),(52.2058823529412,64.0654524863198),
 .UNSPECIFIED.)
CURVE()
GEOMETRIC_REPRESENTATION_ITEM()
RATIONAL_B_SPLINE_CURVE((1.,1.))
REPRESENTATION_ITEM('')
);
#1102=(
BOUNDED_CURVE()
B_SPLINE_CURVE(2,(#2317,#2318,#2319,#2320,#2321,#2322,#2323,#2324,#2325),
 .UNSPECIFIED.,.T.,.F.)
B_SPLINE_CURVE_WITH_KNOTS((3,2,2,2,3),(0.,12.2683115022666,24.5366230045333,
36.8049345067999,49.0732460090666),.UNSPECIFIED.)
CURVE()
GEOMETRIC_REPRESENTATION_ITEM()
RATIONAL_B_SPLINE_CURVE((1.,0.707106781186548,1.,0.707106781186548,1.,0.707106781186548,
1.,0.707106781186548,1.))
REPRESENTATION_ITEM('')
);
#1103=(
BOUNDED_CURVE()
B_SPLINE_CURVE(1,(#2326,#2327),.UNSPECIFIED.,.F.,.F.)
B_SPLINE_CURVE_WITH_KNOTS((2,2),(0.,3.92854712025337),.UNSPECIFIED.)
CURVE()
GEOMETRIC_REPRESENTATION_ITEM()
RATIONAL_B_SPLINE_CURVE((1.,1.))
REPRESENTATION_ITEM('')
);
#1104=(
BOUNDED_CURVE()
B_SPLINE_CURVE(2,(#2328,#2329,#2330),.UNSPECIFIED.,.F.,.F.)
B_SPLINE_CURVE_WITH_KNOTS((3,3),(-43.3391464627577,-40.3863846600637),
 .UNSPECIFIED.)
CURVE()
GEOMETRIC_REPRESENTATION_ITEM()
RATIONAL_B_SPLINE_CURVE((1.,0.980520233891942,1.))
REPRESENTATION_ITEM('')
);
#1105=(
BOUNDED_CURVE()
B_SPLINE_CURVE(2,(#2378,#2379,#2380,#2381,#2382,#2383,#2384,#2385,#2386),
 .UNSPECIFIED.,.T.,.F.)
B_SPLINE_CURVE_WITH_KNOTS((3,2,2,2,3),(0.,4.16261026600648,8.32522053201295,
12.4878307980194,16.6504410640259),.UNSPECIFIED.)
CURVE()
GEOMETRIC_REPRESENTATION_ITEM()
RATIONAL_B_SPLINE_CURVE((1.,0.707106781186548,1.,0.707106781186548,1.,0.707106781186548,
1.,0.707106781186548,1.))
REPRESENTATION_ITEM('')
);
#1106=(
BOUNDED_CURVE()
B_SPLINE_CURVE(2,(#2387,#2388,#2389),.UNSPECIFIED.,.F.,.F.)
B_SPLINE_CURVE_WITH_KNOTS((3,3),(-18.801339279884,-15.8485431619688),
 .UNSPECIFIED.)
CURVE()
GEOMETRIC_REPRESENTATION_ITEM()
RATIONAL_B_SPLINE_CURVE((1.,0.980520233891954,1.))
REPRESENTATION_ITEM('')
);
#1107=(
BOUNDED_CURVE()
B_SPLINE_CURVE(1,(#2394,#2395),.UNSPECIFIED.,.F.,.F.)
B_SPLINE_CURVE_WITH_KNOTS((2,2),(0.,18.),.UNSPECIFIED.)
CURVE()
GEOMETRIC_REPRESENTATION_ITEM()
RATIONAL_B_SPLINE_CURVE((1.,1.))
REPRESENTATION_ITEM('')
);
#1108=(
BOUNDED_CURVE()
B_SPLINE_CURVE(2,(#2398,#2399,#2400),.UNSPECIFIED.,.F.,.F.)
B_SPLINE_CURVE_WITH_KNOTS((3,3),(-7.96032481355399,0.),.UNSPECIFIED.)
CURVE()
GEOMETRIC_REPRESENTATION_ITEM()
RATIONAL_B_SPLINE_CURVE((1.,0.878768693688217,1.))
REPRESENTATION_ITEM('')
);
#1109=(
BOUNDED_CURVE()
B_SPLINE_CURVE(2,(#2401,#2402,#2403),.UNSPECIFIED.,.F.,.F.)
B_SPLINE_CURVE_WITH_KNOTS((3,3),(-7.96032481355399,0.),.UNSPECIFIED.)
CURVE()
GEOMETRIC_REPRESENTATION_ITEM()
RATIONAL_B_SPLINE_CURVE((1.,0.878768693688216,1.))
REPRESENTATION_ITEM('')
);
#1110=(
BOUNDED_CURVE()
B_SPLINE_CURVE(2,(#2404,#2405,#2406,#2407,#2408),.UNSPECIFIED.,.F.,.F.)
B_SPLINE_CURVE_WITH_KNOTS((3,2,3),(50.6669669820692,78.7243416234455,95.611280699604),
 .UNSPECIFIED.)
CURVE()
GEOMETRIC_REPRESENTATION_ITEM()
RATIONAL_B_SPLINE_CURVE((1.,0.84341087330007,1.,0.944751602918644,1.))
REPRESENTATION_ITEM('')
);
#1111=(
BOUNDED_CURVE()
B_SPLINE_CURVE(2,(#2409,#2410,#2411,#2412,#2413),.UNSPECIFIED.,.F.,.F.)
B_SPLINE_CURVE_WITH_KNOTS((3,2,3),(50.6669669820692,78.7243416234455,95.6112806996039),
 .UNSPECIFIED.)
CURVE()
GEOMETRIC_REPRESENTATION_ITEM()
RATIONAL_B_SPLINE_CURVE((1.,0.84341087330007,1.,0.944751602918645,1.))
REPRESENTATION_ITEM('')
);
#1112=(
BOUNDED_CURVE()
B_SPLINE_CURVE(1,(#2418,#2419),.UNSPECIFIED.,.F.,.F.)
B_SPLINE_CURVE_WITH_KNOTS((2,2),(0.,7.27424507434502),.UNSPECIFIED.)
CURVE()
GEOMETRIC_REPRESENTATION_ITEM()
RATIONAL_B_SPLINE_CURVE((1.,1.))
REPRESENTATION_ITEM('')
);
#1113=(
BOUNDED_CURVE()
B_SPLINE_CURVE(2,(#2420,#2421,#2422),.UNSPECIFIED.,.F.,.F.)
B_SPLINE_CURVE_WITH_KNOTS((3,3),(0.,8.52472876404308),.UNSPECIFIED.)
CURVE()
GEOMETRIC_REPRESENTATION_ITEM()
RATIONAL_B_SPLINE_CURVE((1.,0.861390458305569,1.))
REPRESENTATION_ITEM('')
);
#1114=(
BOUNDED_CURVE()
B_SPLINE_CURVE(2,(#2423,#2424,#2425),.UNSPECIFIED.,.F.,.F.)
B_SPLINE_CURVE_WITH_KNOTS((3,3),(0.,8.52472876404308),.UNSPECIFIED.)
CURVE()
GEOMETRIC_REPRESENTATION_ITEM()
RATIONAL_B_SPLINE_CURVE((1.,0.861390458305569,1.))
REPRESENTATION_ITEM('')
);
#1115=(
BOUNDED_CURVE()
B_SPLINE_CURVE(1,(#2426,#2427),.UNSPECIFIED.,.F.,.F.)
B_SPLINE_CURVE_WITH_KNOTS((2,2),(0.,18.),.UNSPECIFIED.)
CURVE()
GEOMETRIC_REPRESENTATION_ITEM()
RATIONAL_B_SPLINE_CURVE((1.,1.))
REPRESENTATION_ITEM('')
);
#1116=(
BOUNDED_CURVE()
B_SPLINE_CURVE(2,(#2430,#2431,#2432),.UNSPECIFIED.,.F.,.F.)
B_SPLINE_CURVE_WITH_KNOTS((3,3),(-10.2483570029164,0.),.UNSPECIFIED.)
CURVE()
GEOMETRIC_REPRESENTATION_ITEM()
RATIONAL_B_SPLINE_CURVE((1.,0.801783725735596,1.))
REPRESENTATION_ITEM('')
);
#1117=(
BOUNDED_CURVE()
B_SPLINE_CURVE(2,(#2433,#2434,#2435),.UNSPECIFIED.,.F.,.F.)
B_SPLINE_CURVE_WITH_KNOTS((3,3),(-10.2483570029164,0.),.UNSPECIFIED.)
CURVE()
GEOMETRIC_REPRESENTATION_ITEM()
RATIONAL_B_SPLINE_CURVE((1.,0.801783725735591,1.))
REPRESENTATION_ITEM('')
);
#1118=(
BOUNDED_CURVE()
B_SPLINE_CURVE(2,(#2436,#2437,#2438),.UNSPECIFIED.,.F.,.F.)
B_SPLINE_CURVE_WITH_KNOTS((3,3),(260.673053219007,283.112389390483),
 .UNSPECIFIED.)
CURVE()
GEOMETRIC_REPRESENTATION_ITEM()
RATIONAL_B_SPLINE_CURVE((1.,0.842777689930995,1.))
REPRESENTATION_ITEM('')
);
#1119=(
BOUNDED_CURVE()
B_SPLINE_CURVE(2,(#2439,#2440,#2441),.UNSPECIFIED.,.F.,.F.)
B_SPLINE_CURVE_WITH_KNOTS((3,3),(260.673053219007,283.112389390483),
 .UNSPECIFIED.)
CURVE()
GEOMETRIC_REPRESENTATION_ITEM()
RATIONAL_B_SPLINE_CURVE((1.,0.842777689930996,1.))
REPRESENTATION_ITEM('')
);
#1120=(
BOUNDED_CURVE()
B_SPLINE_CURVE(1,(#2446,#2447),.UNSPECIFIED.,.F.,.F.)
B_SPLINE_CURVE_WITH_KNOTS((2,2),(0.,18.),.UNSPECIFIED.)
CURVE()
GEOMETRIC_REPRESENTATION_ITEM()
RATIONAL_B_SPLINE_CURVE((1.,1.))
REPRESENTATION_ITEM('')
);
#1121=(
BOUNDED_CURVE()
B_SPLINE_CURVE(2,(#2450,#2451,#2452),.UNSPECIFIED.,.F.,.F.)
B_SPLINE_CURVE_WITH_KNOTS((3,3),(0.,9.64437732222116),.UNSPECIFIED.)
CURVE()
GEOMETRIC_REPRESENTATION_ITEM()
RATIONAL_B_SPLINE_CURVE((1.,0.823766359803629,1.))
REPRESENTATION_ITEM('')
);
#1122=(
BOUNDED_CURVE()
B_SPLINE_CURVE(2,(#2453,#2454,#2455),.UNSPECIFIED.,.F.,.F.)
B_SPLINE_CURVE_WITH_KNOTS((3,3),(0.,9.64437732222116),.UNSPECIFIED.)
CURVE()
GEOMETRIC_REPRESENTATION_ITEM()
RATIONAL_B_SPLINE_CURVE((1.,0.823766359803629,1.))
REPRESENTATION_ITEM('')
);
#1123=(
BOUNDED_CURVE()
B_SPLINE_CURVE(2,(#2484,#2485,#2486),.UNSPECIFIED.,.F.,.F.)
B_SPLINE_CURVE_WITH_KNOTS((3,3),(0.,4.71238898038497),.UNSPECIFIED.)
CURVE()
GEOMETRIC_REPRESENTATION_ITEM()
RATIONAL_B_SPLINE_CURVE((1.,0.707106781186559,1.))
REPRESENTATION_ITEM('')
);
#1124=(
BOUNDED_CURVE()
B_SPLINE_CURVE(2,(#2487,#2488,#2489),.UNSPECIFIED.,.F.,.F.)
B_SPLINE_CURVE_WITH_KNOTS((3,3),(0.,4.71238898038497),.UNSPECIFIED.)
CURVE()
GEOMETRIC_REPRESENTATION_ITEM()
RATIONAL_B_SPLINE_CURVE((1.,0.707106781186554,1.))
REPRESENTATION_ITEM('')
);
#1125=(
BOUNDED_CURVE()
B_SPLINE_CURVE(2,(#2490,#2491,#2492),.UNSPECIFIED.,.F.,.F.)
B_SPLINE_CURVE_WITH_KNOTS((3,3),(-4.7123889803851,0.),.UNSPECIFIED.)
CURVE()
GEOMETRIC_REPRESENTATION_ITEM()
RATIONAL_B_SPLINE_CURVE((1.,0.707106781186553,1.))
REPRESENTATION_ITEM('')
);
#1126=(
BOUNDED_CURVE()
B_SPLINE_CURVE(2,(#2493,#2494,#2495),.UNSPECIFIED.,.F.,.F.)
B_SPLINE_CURVE_WITH_KNOTS((3,3),(-4.7123889803851,0.),.UNSPECIFIED.)
CURVE()
GEOMETRIC_REPRESENTATION_ITEM()
RATIONAL_B_SPLINE_CURVE((1.,0.707106781186556,1.))
REPRESENTATION_ITEM('')
);
#1127=(
BOUNDED_CURVE()
B_SPLINE_CURVE(2,(#2496,#2497,#2498),.UNSPECIFIED.,.F.,.F.)
B_SPLINE_CURVE_WITH_KNOTS((3,3),(0.,4.71238898038496),.UNSPECIFIED.)
CURVE()
GEOMETRIC_REPRESENTATION_ITEM()
RATIONAL_B_SPLINE_CURVE((1.,0.707106781186531,1.))
REPRESENTATION_ITEM('')
);
#1128=(
BOUNDED_CURVE()
B_SPLINE_CURVE(2,(#2499,#2500,#2501),.UNSPECIFIED.,.F.,.F.)
B_SPLINE_CURVE_WITH_KNOTS((3,3),(0.,4.71238898038496),.UNSPECIFIED.)
CURVE()
GEOMETRIC_REPRESENTATION_ITEM()
RATIONAL_B_SPLINE_CURVE((1.,0.707106781186535,1.))
REPRESENTATION_ITEM('')
);
#1129=(
BOUNDED_CURVE()
B_SPLINE_CURVE(2,(#2502,#2503,#2504),.UNSPECIFIED.,.F.,.F.)
B_SPLINE_CURVE_WITH_KNOTS((3,3),(0.,4.71238898038659),.UNSPECIFIED.)
CURVE()
GEOMETRIC_REPRESENTATION_ITEM()
RATIONAL_B_SPLINE_CURVE((1.,0.707106781186511,1.))
REPRESENTATION_ITEM('')
);
#1130=(
BOUNDED_CURVE()
B_SPLINE_CURVE(2,(#2505,#2506,#2507),.UNSPECIFIED.,.F.,.F.)
B_SPLINE_CURVE_WITH_KNOTS((3,3),(0.,4.71238898038659),.UNSPECIFIED.)
CURVE()
GEOMETRIC_REPRESENTATION_ITEM()
RATIONAL_B_SPLINE_CURVE((1.,0.707106781186491,1.))
REPRESENTATION_ITEM('')
);
#1131=(
BOUNDED_CURVE()
B_SPLINE_CURVE(2,(#2508,#2509,#2510),.UNSPECIFIED.,.F.,.F.)
B_SPLINE_CURVE_WITH_KNOTS((3,3),(0.,1.15320273881405),.UNSPECIFIED.)
CURVE()
GEOMETRIC_REPRESENTATION_ITEM()
RATIONAL_B_SPLINE_CURVE((1.,0.996068780954537,1.))
REPRESENTATION_ITEM('')
);
#1132=(
BOUNDED_CURVE()
B_SPLINE_CURVE(3,(#2518,#2519,#2520,#2521,#2522,#2523,#2524,#2525,#2526,
#2527,#2528,#2529,#2530,#2531,#2532,#2533),.UNSPECIFIED.,.F.,.F.)
B_SPLINE_CURVE_WITH_KNOTS((4,2,2,3,2,3,4),(0.,0.896793557178217,1.79546952055533,
3.59025168623487,6.21300182156478,8.86271773981733,10.002227079349),
 .UNSPECIFIED.)
CURVE()
GEOMETRIC_REPRESENTATION_ITEM()
RATIONAL_B_SPLINE_CURVE((1.,1.,1.,1.,1.,1.,1.,1.,1.,1.,1.,1.,1.,1.,1.,1.))
REPRESENTATION_ITEM('')
);
#1133=(
BOUNDED_CURVE()
B_SPLINE_CURVE(1,(#2555,#2556),.UNSPECIFIED.,.F.,.F.)
B_SPLINE_CURVE_WITH_KNOTS((2,2),(10.7275181708073,18.),.UNSPECIFIED.)
CURVE()
GEOMETRIC_REPRESENTATION_ITEM()
RATIONAL_B_SPLINE_CURVE((1.,1.))
REPRESENTATION_ITEM('')
);
#1134=(
BOUNDED_CURVE()
B_SPLINE_CURVE(1,(#2557,#2558),.UNSPECIFIED.,.F.,.F.)
B_SPLINE_CURVE_WITH_KNOTS((2,2),(5.91060428719802,5.99999999999972),
 .UNSPECIFIED.)
CURVE()
GEOMETRIC_REPRESENTATION_ITEM()
RATIONAL_B_SPLINE_CURVE((1.,1.))
REPRESENTATION_ITEM('')
);
#1135=(
BOUNDED_CURVE()
B_SPLINE_CURVE(2,(#2559,#2560,#2561,#2562,#2563,#2564,#2565),
 .UNSPECIFIED.,.F.,.F.)
B_SPLINE_CURVE_WITH_KNOTS((3,2,2,3),(17.7995630712329,19.0138113400873,
28.520717010131,38.0276226801746),.UNSPECIFIED.)
CURVE()
GEOMETRIC_REPRESENTATION_ITEM()
RATIONAL_B_SPLINE_CURVE((1.,0.995627423833311,1.,0.707106781186548,1.,0.707106781186548,
1.))
REPRESENTATION_ITEM('')
);
#1136=(
BOUNDED_CURVE()
B_SPLINE_CURVE(2,(#2605,#2606,#2607,#2608,#2609),.UNSPECIFIED.,.F.,.F.)
B_SPLINE_CURVE_WITH_KNOTS((3,2,3),(19.0138113400873,28.520717010131,38.0276226801746),
 .UNSPECIFIED.)
CURVE()
GEOMETRIC_REPRESENTATION_ITEM()
RATIONAL_B_SPLINE_CURVE((1.,0.707106781186548,1.,0.707106781186548,1.))
REPRESENTATION_ITEM('')
);
#1137=(
BOUNDED_CURVE()
B_SPLINE_CURVE(2,(#2614,#2615,#2616),.UNSPECIFIED.,.F.,.F.)
B_SPLINE_CURVE_WITH_KNOTS((3,3),(0.,1.71845363008647),.UNSPECIFIED.)
CURVE()
GEOMETRIC_REPRESENTATION_ITEM()
RATIONAL_B_SPLINE_CURVE((1.,0.942403410164224,1.))
REPRESENTATION_ITEM('')
);
#1138=(
BOUNDED_CURVE()
B_SPLINE_CURVE(2,(#2617,#2618,#2619,#2620,#2621,#2622,#2623,#2624,#2625),
 .UNSPECIFIED.,.F.,.F.)
B_SPLINE_CURVE_WITH_KNOTS((3,2,2,2,3),(6.13552800388804,8.52863681990327,
10.9217456359185,13.3148544519337,15.707963267949),.UNSPECIFIED.)
CURVE()
GEOMETRIC_REPRESENTATION_ITEM()
RATIONAL_B_SPLINE_CURVE((1.,0.88793418101361,1.,0.88793418101361,1.,0.88793418101361,
1.,0.88793418101361,1.))
REPRESENTATION_ITEM('')
);
#1139=(
BOUNDED_CURVE()
B_SPLINE_CURVE(2,(#2626,#2627,#2628),.UNSPECIFIED.,.F.,.F.)
B_SPLINE_CURVE_WITH_KNOTS((3,3),(-0.956239600487045,0.),.UNSPECIFIED.)
CURVE()
GEOMETRIC_REPRESENTATION_ITEM()
RATIONAL_B_SPLINE_CURVE((1.,0.983242931563923,1.))
REPRESENTATION_ITEM('')
);
#1140=(
BOUNDED_CURVE()
B_SPLINE_CURVE(2,(#2629,#2630,#2631,#2632,#2633,#2634,#2635,#2636,#2637),
 .UNSPECIFIED.,.F.,.F.)
B_SPLINE_CURVE_WITH_KNOTS((3,2,2,2,3),(-15.707963267949,-13.5054079593336,
-11.3028526507182,-9.10029734210281,-6.89774203348743),.UNSPECIFIED.)
CURVE()
GEOMETRIC_REPRESENTATION_ITEM()
RATIONAL_B_SPLINE_CURVE((1.,0.905376647415991,1.,0.905376647415991,1.,0.905376647415991,
1.,0.905376647415991,1.))
REPRESENTATION_ITEM('')
);
#1141=(
BOUNDED_CURVE()
B_SPLINE_CURVE(2,(#2676,#2677,#2678,#2679,#2680),.UNSPECIFIED.,.F.,.F.)
B_SPLINE_CURVE_WITH_KNOTS((3,2,3),(-14.4241293715129,-11.7809724488102,
-9.13781552610743),.UNSPECIFIED.)
CURVE()
GEOMETRIC_REPRESENTATION_ITEM()
RATIONAL_B_SPLINE_CURVE((1.,0.860213549488203,1.,0.860213549488203,1.))
REPRESENTATION_ITEM('')
);
#1142=(
BOUNDED_CURVE()
B_SPLINE_CURVE(2,(#2703,#2704,#2705,#2706,#2707),.UNSPECIFIED.,.F.,.F.)
B_SPLINE_CURVE_WITH_KNOTS((3,2,3),(7.85398163397448,11.7809724509617,15.707963267949),
 .UNSPECIFIED.)
CURVE()
GEOMETRIC_REPRESENTATION_ITEM()
RATIONAL_B_SPLINE_CURVE((1.,0.707106781186549,1.,0.707106781186549,1.))
REPRESENTATION_ITEM('')
);
#1143=(
BOUNDED_CURVE()
B_SPLINE_CURVE(2,(#2708,#2709,#2710,#2711,#2712),.UNSPECIFIED.,.F.,.F.)
B_SPLINE_CURVE_WITH_KNOTS((3,2,3),(-7.85398163397448,-3.92699081698724,
0.),.UNSPECIFIED.)
CURVE()
GEOMETRIC_REPRESENTATION_ITEM()
RATIONAL_B_SPLINE_CURVE((1.,0.707106781186546,1.,0.707106781186546,1.))
REPRESENTATION_ITEM('')
);
#1144=(
BOUNDED_CURVE()
B_SPLINE_CURVE(1,(#2726,#2727),.UNSPECIFIED.,.F.,.F.)
B_SPLINE_CURVE_WITH_KNOTS((2,2),(15.9994515646134,24.0000094493236),
 .UNSPECIFIED.)
CURVE()
GEOMETRIC_REPRESENTATION_ITEM()
RATIONAL_B_SPLINE_CURVE((1.,1.))
REPRESENTATION_ITEM('')
);
#1145=(
BOUNDED_CURVE()
B_SPLINE_CURVE(1,(#2728,#2729),.UNSPECIFIED.,.F.,.F.)
B_SPLINE_CURVE_WITH_KNOTS((2,2),(5.99999999999972,13.9983546942938),
 .UNSPECIFIED.)
CURVE()
GEOMETRIC_REPRESENTATION_ITEM()
RATIONAL_B_SPLINE_CURVE((1.,1.))
REPRESENTATION_ITEM('')
);
#1146=(
BOUNDED_CURVE()
B_SPLINE_CURVE(2,(#2740,#2741,#2742),.UNSPECIFIED.,.F.,.F.)
B_SPLINE_CURVE_WITH_KNOTS((3,3),(0.,5.86159177460389),.UNSPECIFIED.)
CURVE()
GEOMETRIC_REPRESENTATION_ITEM()
RATIONAL_B_SPLINE_CURVE((1.,0.559567918316159,1.))
REPRESENTATION_ITEM('')
);
#1147=(
BOUNDED_CURVE()
B_SPLINE_CURVE(2,(#2743,#2744,#2745),.UNSPECIFIED.,.F.,.F.)
B_SPLINE_CURVE_WITH_KNOTS((3,3),(0.,5.86159177460389),.UNSPECIFIED.)
CURVE()
GEOMETRIC_REPRESENTATION_ITEM()
RATIONAL_B_SPLINE_CURVE((1.,0.559567918316151,1.))
REPRESENTATION_ITEM('')
);
#1148=(
BOUNDED_CURVE()
B_SPLINE_CURVE(2,(#2756,#2757,#2758),.UNSPECIFIED.,.F.,.F.)
B_SPLINE_CURVE_WITH_KNOTS((3,3),(-5.86159182999111,0.),.UNSPECIFIED.)
CURVE()
GEOMETRIC_REPRESENTATION_ITEM()
RATIONAL_B_SPLINE_CURVE((1.,0.559567910665454,1.))
REPRESENTATION_ITEM('')
);
#1149=(
BOUNDED_CURVE()
B_SPLINE_CURVE(2,(#2759,#2760,#2761),.UNSPECIFIED.,.F.,.F.)
B_SPLINE_CURVE_WITH_KNOTS((3,3),(-5.86159182999111,0.),.UNSPECIFIED.)
CURVE()
GEOMETRIC_REPRESENTATION_ITEM()
RATIONAL_B_SPLINE_CURVE((1.,0.559567910665458,1.))
REPRESENTATION_ITEM('')
);
#1150=VERTEX_POINT('',#1620);
#1151=VERTEX_POINT('',#1621);
#1152=VERTEX_POINT('',#1622);
#1153=VERTEX_POINT('',#1623);
#1154=VERTEX_POINT('',#1624);
#1155=VERTEX_POINT('',#1625);
#1156=VERTEX_POINT('',#1626);
#1157=VERTEX_POINT('',#1627);
#1158=VERTEX_POINT('',#1628);
#1159=VERTEX_POINT('',#1629);
#1160=VERTEX_POINT('',#1630);
#1161=VERTEX_POINT('',#1631);
#1162=VERTEX_POINT('',#1632);
#1163=VERTEX_POINT('',#1633);
#1164=VERTEX_POINT('',#1634);
#1165=VERTEX_POINT('',#1635);
#1166=VERTEX_POINT('',#1636);
#1167=VERTEX_POINT('',#1637);
#1168=VERTEX_POINT('',#1638);
#1169=VERTEX_POINT('',#1639);
#1170=VERTEX_POINT('',#1640);
#1171=VERTEX_POINT('',#1641);
#1172=VERTEX_POINT('',#1642);
#1173=VERTEX_POINT('',#1643);
#1174=VERTEX_POINT('',#1644);
#1175=VERTEX_POINT('',#1645);
#1176=VERTEX_POINT('',#1646);
#1177=VERTEX_POINT('',#1647);
#1178=VERTEX_POINT('',#1648);
#1179=VERTEX_POINT('',#1649);
#1180=VERTEX_POINT('',#1650);
#1181=VERTEX_POINT('',#1651);
#1182=VERTEX_POINT('',#1652);
#1183=VERTEX_POINT('',#1653);
#1184=VERTEX_POINT('',#1654);
#1185=VERTEX_POINT('',#1655);
#1186=VERTEX_POINT('',#1656);
#1187=VERTEX_POINT('',#1657);
#1188=VERTEX_POINT('',#1658);
#1189=VERTEX_POINT('',#1659);
#1190=VERTEX_POINT('',#1660);
#1191=VERTEX_POINT('',#1661);
#1192=VERTEX_POINT('',#1662);
#1193=VERTEX_POINT('',#1663);
#1194=VERTEX_POINT('',#1664);
#1195=VERTEX_POINT('',#1665);
#1196=VERTEX_POINT('',#1666);
#1197=VERTEX_POINT('',#1667);
#1198=VERTEX_POINT('',#1668);
#1199=VERTEX_POINT('',#1669);
#1200=VERTEX_POINT('',#1670);
#1201=VERTEX_POINT('',#1671);
#1202=VERTEX_POINT('',#1672);
#1203=VERTEX_POINT('',#1673);
#1204=VERTEX_POINT('',#2161);
#1205=VERTEX_POINT('',#2162);
#1206=VERTEX_POINT('',#2163);
#1207=VERTEX_POINT('',#2164);
#1208=VERTEX_POINT('',#2165);
#1209=VERTEX_POINT('',#2166);
#1210=VERTEX_POINT('',#2167);
#1211=VERTEX_POINT('',#2168);
#1212=VERTEX_POINT('',#2169);
#1213=VERTEX_POINT('',#2170);
#1214=VERTEX_POINT('',#2171);
#1215=VERTEX_POINT('',#2172);
#1216=VERTEX_POINT('',#2173);
#1217=VERTEX_POINT('',#2174);
#1218=VERTEX_POINT('',#2175);
#1219=VERTEX_POINT('',#2176);
#1220=VERTEX_POINT('',#2177);
#1221=VERTEX_POINT('',#2178);
#1222=VERTEX_POINT('',#2179);
#1223=VERTEX_POINT('',#2180);
#1224=VERTEX_POINT('',#2181);
#1225=VERTEX_POINT('',#2182);
#1226=VERTEX_POINT('',#2183);
#1227=VERTEX_POINT('',#2184);
#1228=VERTEX_POINT('',#2185);
#1229=VERTEX_POINT('',#2186);
#1230=VERTEX_POINT('',#2187);
#1231=VERTEX_POINT('',#2188);
#1232=VERTEX_POINT('',#2189);
#1233=VERTEX_POINT('',#2190);
#1234=VERTEX_POINT('',#2191);
#1235=VERTEX_POINT('',#2192);
#1236=VERTEX_POINT('',#2193);
#1237=VERTEX_POINT('',#2194);
#1238=VERTEX_POINT('',#2195);
#1239=VERTEX_POINT('',#2196);
#1240=VERTEX_POINT('',#2197);
#1241=VERTEX_POINT('',#2198);
#1242=VERTEX_POINT('',#2199);
#1243=VERTEX_POINT('',#2200);
#1244=VERTEX_POINT('',#2201);
#1245=VERTEX_POINT('',#2202);
#1246=VERTEX_POINT('',#2203);
#1247=VERTEX_POINT('',#2204);
#1248=VERTEX_POINT('',#2205);
#1249=VERTEX_POINT('',#2206);
#1250=VERTEX_POINT('',#2207);
#1251=VERTEX_POINT('',#2208);
#1252=VERTEX_POINT('',#2209);
#1253=VERTEX_POINT('',#2210);
#1254=VERTEX_POINT('',#2211);
#1255=VERTEX_POINT('',#2212);
#1256=VERTEX_POINT('',#2213);
#1257=VERTEX_POINT('',#2214);
#1258=VERTEX_POINT('',#2215);
#1259=VERTEX_POINT('',#2216);
#1260=VERTEX_POINT('',#2217);
#1261=VERTEX_POINT('',#2218);
#1262=VERTEX_POINT('',#2219);
#1263=VERTEX_POINT('',#2220);
#1264=VERTEX_POINT('',#2221);
#1265=VERTEX_POINT('',#2222);
#1266=VERTEX_POINT('',#2223);
#1267=VERTEX_POINT('',#2224);
#1268=VERTEX_POINT('',#2225);
#1269=VERTEX_POINT('',#2226);
#1270=VERTEX_POINT('',#2227);
#1271=VERTEX_POINT('',#2228);
#1272=VERTEX_POINT('',#2229);
#1273=VERTEX_POINT('',#2230);
#1274=VERTEX_POINT('',#2231);
#1275=VERTEX_POINT('',#2232);
#1276=VERTEX_POINT('',#2233);
#1277=VERTEX_POINT('',#2234);
#1278=VERTEX_POINT('',#2235);
#1279=VERTEX_POINT('',#2236);
#1280=VERTEX_POINT('',#2237);
#1281=VERTEX_POINT('',#2238);
#1282=VERTEX_POINT('',#2239);
#1283=VERTEX_POINT('',#2240);
#1284=VERTEX_POINT('',#2241);
#1285=VERTEX_POINT('',#2242);
#1286=VERTEX_POINT('',#2243);
#1287=VERTEX_POINT('',#2244);
#1288=VERTEX_POINT('',#2245);
#1289=PLANE('',#1447);
#1290=PLANE('',#1449);
#1291=PLANE('',#1451);
#1292=PLANE('',#1452);
#1293=PLANE('',#1453);
#1294=PLANE('',#1454);
#1295=PLANE('',#1457);
#1296=PLANE('',#1476);
#1297=PLANE('',#1477);
#1298=PLANE('',#1478);
#1299=PLANE('',#1479);
#1300=PLANE('',#1488);
#1301=PLANE('',#1489);
#1302=PLANE('',#1490);
#1303=PLANE('',#1491);
#1304=PLANE('',#1492);
#1305=PLANE('',#1493);
#1306=PLANE('',#1494);
#1307=PLANE('',#1495);
#1308=PLANE('',#1496);
#1309=PLANE('',#1511);
#1310=PLANE('',#1512);
#1311=CYLINDRICAL_SURFACE('',#1446,8.00000000000051);
#1312=CYLINDRICAL_SURFACE('',#1448,8.00000000000006);
#1313=CYLINDRICAL_SURFACE('',#1450,7.99999999999949);
#1314=CYLINDRICAL_SURFACE('',#1455,2.99999999999909);
#1315=CYLINDRICAL_SURFACE('',#1456,2.65000000000003);
#1316=CYLINDRICAL_SURFACE('',#1458,7.81024967590669);
#1317=CYLINDRICAL_SURFACE('',#1459,2.55000000000001);
#1318=CYLINDRICAL_SURFACE('',#1460,2.55000000000001);
#1319=CYLINDRICAL_SURFACE('',#1461,2.55000000000007);
#1320=CYLINDRICAL_SURFACE('',#1462,2.54999999999995);
#1321=CYLINDRICAL_SURFACE('',#1463,2.54999999999995);
#1322=CYLINDRICAL_SURFACE('',#1464,2.5499999999999);
#1323=CYLINDRICAL_SURFACE('',#1465,2.5499999999999);
#1324=CYLINDRICAL_SURFACE('',#1466,2.55000000000013);
#1325=CYLINDRICAL_SURFACE('',#1467,2.55000000000001);
#1326=CYLINDRICAL_SURFACE('',#1468,2.55000000000001);
#1327=CYLINDRICAL_SURFACE('',#1469,2.54999999999995);
#1328=CYLINDRICAL_SURFACE('',#1470,2.54999999999995);
#1329=CYLINDRICAL_SURFACE('',#1471,2.54999999999995);
#1330=CYLINDRICAL_SURFACE('',#1472,2.54999999999995);
#1331=CYLINDRICAL_SURFACE('',#1473,2.55000000000007);
#1332=CYLINDRICAL_SURFACE('',#1474,2.54999999999995);
#1333=CYLINDRICAL_SURFACE('',#1475,2.54999999999995);
#1334=CYLINDRICAL_SURFACE('',#1480,19.9999999999998);
#1335=CYLINDRICAL_SURFACE('',#1481,20.);
#1336=CYLINDRICAL_SURFACE('',#1482,25.0587362220524);
#1337=CYLINDRICAL_SURFACE('',#1483,7.99999999999975);
#1338=CYLINDRICAL_SURFACE('',#1484,25.0587362220529);
#1339=CYLINDRICAL_SURFACE('',#1485,8.00000000000042);
#1340=CYLINDRICAL_SURFACE('',#1486,2.65000000000003);
#1341=CYLINDRICAL_SURFACE('',#1487,7.00000000000015);
#1342=CYLINDRICAL_SURFACE('',#1497,20.);
#1343=CYLINDRICAL_SURFACE('',#1498,7.99999999999938);
#1344=CYLINDRICAL_SURFACE('',#1499,8.00000000000028);
#1345=CYLINDRICAL_SURFACE('',#1500,7.9999999999998);
#1346=CYLINDRICAL_SURFACE('',#1501,8.00000000000007);
#1347=CYLINDRICAL_SURFACE('',#1502,3.00000000000004);
#1348=CYLINDRICAL_SURFACE('',#1503,2.99999999999989);
#1349=CYLINDRICAL_SURFACE('',#1504,2.9999999999999);
#1350=CYLINDRICAL_SURFACE('',#1505,3.);
#1351=CYLINDRICAL_SURFACE('',#1506,6.05228412358321);
#1352=CYLINDRICAL_SURFACE('',#1507,6.05228412358321);
#1353=CYLINDRICAL_SURFACE('',#1508,2.5);
#1354=CYLINDRICAL_SURFACE('',#1509,3.00000000000013);
#1355=CYLINDRICAL_SURFACE('',#1510,3.00000000000004);
#1356=CYLINDRICAL_SURFACE('',#1513,8.00000000000028);
#1357=CYLINDRICAL_SURFACE('',#1514,2.5);
#1358=SHAPE_DEFINITION_REPRESENTATION(#1359,#1444);
#1359=PRODUCT_DEFINITION_SHAPE('Document','',#1361);
#1360=PRODUCT_DEFINITION_CONTEXT('3D Mechanical Parts',#1433,'design');
#1361=PRODUCT_DEFINITION('A','First version',#1403,#1360);
#1362=DATE_TIME_ROLE('classification_date');
#1363=DATE_TIME_ROLE('creation_date');
#1364=APPLIED_DATE_AND_TIME_ASSIGNMENT(#1388,#1362,(#1367));
#1365=APPLIED_DATE_AND_TIME_ASSIGNMENT(#1390,#1363,(#1361));
#1366=SECURITY_CLASSIFICATION_LEVEL('unclassified');
#1367=SECURITY_CLASSIFICATION('A','Security for version',#1366);
#1368=APPLIED_SECURITY_CLASSIFICATION_ASSIGNMENT(#1367,(#1403));
#1369=APPROVAL_ROLE('Version approval');
#1370=APPROVAL_ROLE('Version Security approval');
#1371=APPROVAL_ROLE('Definition approval');
#1372=APPROVAL_PERSON_ORGANIZATION(#1421,#1397,#1369);
#1373=APPROVAL_PERSON_ORGANIZATION(#1422,#1398,#1370);
#1374=APPROVAL_PERSON_ORGANIZATION(#1425,#1399,#1371);
#1375=COORDINATED_UNIVERSAL_TIME_OFFSET(5,0,.BEHIND.);
#1376=LOCAL_TIME(0,0,0.,#1375);
#1377=LOCAL_TIME(0,0,0.,#1375);
#1378=LOCAL_TIME(0,0,0.,#1375);
#1379=LOCAL_TIME(0,0,0.,#1375);
#1380=LOCAL_TIME(0,0,0.,#1375);
#1381=CALENDAR_DATE(1999,1,1);
#1382=CALENDAR_DATE(1999,1,1);
#1383=CALENDAR_DATE(1999,1,1);
#1384=CALENDAR_DATE(1999,1,1);
#1385=CALENDAR_DATE(1999,1,1);
#1386=DATE_AND_TIME(#1381,#1376);
#1387=DATE_AND_TIME(#1382,#1377);
#1388=DATE_AND_TIME(#1383,#1378);
#1389=DATE_AND_TIME(#1384,#1379);
#1390=DATE_AND_TIME(#1385,#1380);
#1391=APPROVAL_DATE_TIME(#1386,#1397);
#1392=APPROVAL_DATE_TIME(#1387,#1398);
#1393=APPROVAL_DATE_TIME(#1389,#1399);
#1394=APPROVAL_STATUS('not_yet_approved');
#1395=APPROVAL_STATUS('not_yet_approved');
#1396=APPROVAL_STATUS('approved');
#1397=APPROVAL(#1394,'Version approval');
#1398=APPROVAL(#1395,'Version Security approval');
#1399=APPROVAL(#1396,'Definition approval');
#1400=APPLIED_APPROVAL_ASSIGNMENT(#1397,(#1403));
#1401=APPLIED_APPROVAL_ASSIGNMENT(#1398,(#1367));
#1402=APPLIED_APPROVAL_ASSIGNMENT(#1399,(#1361));
#1403=PRODUCT_DEFINITION_FORMATION_WITH_SPECIFIED_SOURCE('A',
'First version',#1435,.MADE.);
#1404=PERSON_AND_ORGANIZATION_ROLE('design_owner');
#1405=PERSON_AND_ORGANIZATION_ROLE('creator');
#1406=PERSON_AND_ORGANIZATION_ROLE('design_supplier');
#1407=PERSON_AND_ORGANIZATION_ROLE('classification_officer');
#1408=PERSON_AND_ORGANIZATION_ROLE('creator');
#1409=ORGANIZATION('STI','lab','lab');
#1410=ORGANIZATION('STI','unknown','unknown');
#1411=ORGANIZATION('STI','unknown','unknown');
#1412=ORGANIZATION('STI','unknown','unknown');
#1413=ORGANIZATION('STI','unknown','unknown');
#1414=ORGANIZATION('STI','unknown','unknown');
#1415=ORGANIZATION('STI','unknown','unknown');
#1416=PERSON('1','Box','vc60',$,$,$);
#1417=PERSON('2','last','first',$,$,$);
#1418=PERSON('3','President','Mr.',$,$,$);
#1419=PERSON_AND_ORGANIZATION(#1416,#1409);
#1420=PERSON_AND_ORGANIZATION(#1417,#1410);
#1421=PERSON_AND_ORGANIZATION(#1418,#1411);
#1422=PERSON_AND_ORGANIZATION(#1418,#1412);
#1423=PERSON_AND_ORGANIZATION(#1418,#1413);
#1424=PERSON_AND_ORGANIZATION(#1417,#1414);
#1425=PERSON_AND_ORGANIZATION(#1418,#1415);
#1426=APPLIED_PERSON_AND_ORGANIZATION_ASSIGNMENT(#1419,#1404,(#1435));
#1427=APPLIED_PERSON_AND_ORGANIZATION_ASSIGNMENT(#1420,#1405,(#1403));
#1428=APPLIED_PERSON_AND_ORGANIZATION_ASSIGNMENT(#1420,#1406,(#1403));
#1429=APPLIED_PERSON_AND_ORGANIZATION_ASSIGNMENT(#1423,#1407,(#1367));
#1430=APPLIED_PERSON_AND_ORGANIZATION_ASSIGNMENT(#1424,#1408,(#1361));
#1431=PRODUCT_RELATED_PRODUCT_CATEGORY('detail','detail',(#1435));
#1432=APPLICATION_PROTOCOL_DEFINITION('International Standard',
'config_control_design',1994,#1433);
#1433=APPLICATION_CONTEXT(
'configuration controlled 3d designs of mechanical parts and assemblie
s');
#1434=PRODUCT_CONTEXT('3D Mechanical Parts',#1433,'mechanical');
#1435=PRODUCT('Document','Document','',(#1434));
#1436=(
LENGTH_UNIT()
NAMED_UNIT(*)
SI_UNIT(.MILLI.,.METRE.)
);
#1437=(
NAMED_UNIT(*)
PLANE_ANGLE_UNIT()
SI_UNIT($,.RADIAN.)
);
#1438=DIMENSIONAL_EXPONENTS(0.,0.,0.,0.,0.,0.,0.);
#1439=PLANE_ANGLE_MEASURE_WITH_UNIT(PLANE_ANGLE_MEASURE(0.01745329252),
#1437);
#1440=(
CONVERSION_BASED_UNIT('DEGREES',#1439)
NAMED_UNIT(#1438)
PLANE_ANGLE_UNIT()
);
#1441=(
NAMED_UNIT(*)
SI_UNIT($,.STERADIAN.)
SOLID_ANGLE_UNIT()
);
#1442=UNCERTAINTY_MEASURE_WITH_UNIT(LENGTH_MEASURE(0.001),#1436,
'DISTANCE_ACCURACY_VALUE',
'Maximum model space distance between geometric entities at asserted c
onnectivities');
#1443=(
GEOMETRIC_REPRESENTATION_CONTEXT(3)
GLOBAL_UNCERTAINTY_ASSIGNED_CONTEXT((#1442))
GLOBAL_UNIT_ASSIGNED_CONTEXT((#1441,#1440,#1436))
REPRESENTATION_CONTEXT('ID1','3D')
);
#1444=SHAPE_REPRESENTATION('Document',(#1445,#1515),#1443);
#1445=AXIS2_PLACEMENT_3D('',#1589,#1516,#1517);
#1446=AXIS2_PLACEMENT_3D('',#1590,#1518,$);
#1447=AXIS2_PLACEMENT_3D('',#1591,#1519,$);
#1448=AXIS2_PLACEMENT_3D('',#1592,#1520,$);
#1449=AXIS2_PLACEMENT_3D('',#1593,#1521,$);
#1450=AXIS2_PLACEMENT_3D('',#1594,#1522,$);
#1451=AXIS2_PLACEMENT_3D('',#1595,#1523,$);
#1452=AXIS2_PLACEMENT_3D('',#1596,#1524,$);
#1453=AXIS2_PLACEMENT_3D('',#1597,#1525,$);
#1454=AXIS2_PLACEMENT_3D('',#1598,#1526,$);
#1455=AXIS2_PLACEMENT_3D('',#1599,#1527,$);
#1456=AXIS2_PLACEMENT_3D('',#1600,#1528,$);
#1457=AXIS2_PLACEMENT_3D('',#1601,#1529,$);
#1458=AXIS2_PLACEMENT_3D('',#1602,#1530,$);
#1459=AXIS2_PLACEMENT_3D('',#1603,#1531,$);
#1460=AXIS2_PLACEMENT_3D('',#1604,#1532,$);
#1461=AXIS2_PLACEMENT_3D('',#1605,#1533,$);
#1462=AXIS2_PLACEMENT_3D('',#1606,#1534,$);
#1463=AXIS2_PLACEMENT_3D('',#1607,#1535,$);
#1464=AXIS2_PLACEMENT_3D('',#1608,#1536,$);
#1465=AXIS2_PLACEMENT_3D('',#1609,#1537,$);
#1466=AXIS2_PLACEMENT_3D('',#1610,#1538,$);
#1467=AXIS2_PLACEMENT_3D('',#1611,#1539,$);
#1468=AXIS2_PLACEMENT_3D('',#1612,#1540,$);
#1469=AXIS2_PLACEMENT_3D('',#1613,#1541,$);
#1470=AXIS2_PLACEMENT_3D('',#1614,#1542,$);
#1471=AXIS2_PLACEMENT_3D('',#1615,#1543,$);
#1472=AXIS2_PLACEMENT_3D('',#1616,#1544,$);
#1473=AXIS2_PLACEMENT_3D('',#1617,#1545,$);
#1474=AXIS2_PLACEMENT_3D('',#1618,#1546,$);
#1475=AXIS2_PLACEMENT_3D('',#1619,#1547,$);
#1476=AXIS2_PLACEMENT_3D('',#2122,#1548,$);
#1477=AXIS2_PLACEMENT_3D('',#2123,#1549,$);
#1478=AXIS2_PLACEMENT_3D('',#2124,#1550,$);
#1479=AXIS2_PLACEMENT_3D('',#2125,#1551,$);
#1480=AXIS2_PLACEMENT_3D('',#2126,#1552,$);
#1481=AXIS2_PLACEMENT_3D('',#2127,#1553,$);
#1482=AXIS2_PLACEMENT_3D('',#2128,#1554,$);
#1483=AXIS2_PLACEMENT_3D('',#2129,#1555,$);
#1484=AXIS2_PLACEMENT_3D('',#2130,#1556,$);
#1485=AXIS2_PLACEMENT_3D('',#2131,#1557,$);
#1486=AXIS2_PLACEMENT_3D('',#2132,#1558,$);
#1487=AXIS2_PLACEMENT_3D('',#2133,#1559,$);
#1488=AXIS2_PLACEMENT_3D('',#2134,#1560,$);
#1489=AXIS2_PLACEMENT_3D('',#2135,#1561,$);
#1490=AXIS2_PLACEMENT_3D('',#2136,#1562,$);
#1491=AXIS2_PLACEMENT_3D('',#2137,#1563,$);
#1492=AXIS2_PLACEMENT_3D('',#2138,#1564,$);
#1493=AXIS2_PLACEMENT_3D('',#2139,#1565,$);
#1494=AXIS2_PLACEMENT_3D('',#2140,#1566,$);
#1495=AXIS2_PLACEMENT_3D('',#2141,#1567,$);
#1496=AXIS2_PLACEMENT_3D('',#2142,#1568,$);
#1497=AXIS2_PLACEMENT_3D('',#2143,#1569,$);
#1498=AXIS2_PLACEMENT_3D('',#2144,#1570,$);
#1499=AXIS2_PLACEMENT_3D('',#2145,#1571,$);
#1500=AXIS2_PLACEMENT_3D('',#2146,#1572,$);
#1501=AXIS2_PLACEMENT_3D('',#2147,#1573,$);
#1502=AXIS2_PLACEMENT_3D('',#2148,#1574,$);
#1503=AXIS2_PLACEMENT_3D('',#2149,#1575,$);
#1504=AXIS2_PLACEMENT_3D('',#2150,#1576,$);
#1505=AXIS2_PLACEMENT_3D('',#2151,#1577,$);
#1506=AXIS2_PLACEMENT_3D('',#2152,#1578,$);
#1507=AXIS2_PLACEMENT_3D('',#2153,#1579,$);
#1508=AXIS2_PLACEMENT_3D('',#2154,#1580,$);
#1509=AXIS2_PLACEMENT_3D('',#2155,#1581,$);
#1510=AXIS2_PLACEMENT_3D('',#2156,#1582,$);
#1511=AXIS2_PLACEMENT_3D('',#2157,#1583,$);
#1512=AXIS2_PLACEMENT_3D('',#2158,#1584,$);
#1513=AXIS2_PLACEMENT_3D('',#2159,#1585,$);
#1514=AXIS2_PLACEMENT_3D('',#2160,#1586,$);
#1515=AXIS2_PLACEMENT_3D('',#2762,#1587,#1588);
#1516=DIRECTION('',(0.,0.,1.));
#1517=DIRECTION('',(1.,0.,0.));
#1518=DIRECTION('',(0.,0.,1.));
#1519=DIRECTION('',(-0.637153191012758,0.77073718684274,0.));
#1520=DIRECTION('',(0.,0.,1.));
#1521=DIRECTION('',(0.,-1.,0.));
#1522=DIRECTION('',(0.,0.,1.));
#1523=DIRECTION('',(1.,0.,0.));
#1524=DIRECTION('',(0.,0.,-1.));
#1525=DIRECTION('',(0.,0.,1.));
#1526=DIRECTION('',(0.,1.,0.));
#1527=DIRECTION('',(3.6222904837545E-12,-1.01081715422009E-11,1.));
#1528=DIRECTION('',(0.,0.,1.));
#1529=DIRECTION('',(0.,0.,-1.));
#1530=DIRECTION('',(0.,0.,1.));
#1531=DIRECTION('',(0.,0.,1.));
#1532=DIRECTION('',(0.,0.,1.));
#1533=DIRECTION('',(0.,0.,1.));
#1534=DIRECTION('',(0.,0.,1.));
#1535=DIRECTION('',(0.,0.,1.));
#1536=DIRECTION('',(0.,0.,1.));
#1537=DIRECTION('',(0.,0.,1.));
#1538=DIRECTION('',(0.,0.,1.));
#1539=DIRECTION('',(0.,0.,1.));
#1540=DIRECTION('',(0.,0.,1.));
#1541=DIRECTION('',(0.,0.,1.));
#1542=DIRECTION('',(0.,0.,1.));
#1543=DIRECTION('',(0.,0.,1.));
#1544=DIRECTION('',(0.,0.,1.));
#1545=DIRECTION('',(0.,0.,1.));
#1546=DIRECTION('',(0.,0.,1.));
#1547=DIRECTION('',(0.,0.,1.));
#1548=DIRECTION('',(0.,-0.927522433006879,0.373767489582762));
#1549=DIRECTION('',(1.64761080531097E-15,0.927522426106259,0.373767506706988));
#1550=DIRECTION('',(0.,0.,-1.));
#1551=DIRECTION('',(0.,0.,1.));
#1552=DIRECTION('',(1.,1.46341692716992E-14,1.27473277462406E-14));
#1553=DIRECTION('',(1.,0.,0.));
#1554=DIRECTION('',(-1.,-9.12542480379708E-15,-1.57873585883346E-15));
#1555=DIRECTION('',(1.,-4.77471865590885E-13,-1.05707020976829E-13));
#1556=DIRECTION('',(-1.,0.,0.));
#1557=DIRECTION('',(-1.,-1.46842803874415E-13,-2.81230037826392E-14));
#1558=DIRECTION('',(0.,0.,1.));
#1559=DIRECTION('',(0.,0.,1.));
#1560=DIRECTION('',(0.,0.,1.));
#1561=DIRECTION('',(0.,0.,1.));
#1562=DIRECTION('',(0.,-1.,0.));
#1563=DIRECTION('',(0.,1.,0.));
#1564=DIRECTION('',(0.,0.,1.));
#1565=DIRECTION('',(0.,1.,0.));
#1566=DIRECTION('',(0.,-1.,0.));
#1567=DIRECTION('',(1.,0.,0.));
#1568=DIRECTION('',(-1.,0.,0.));
#1569=DIRECTION('',(1.,0.,0.));
#1570=DIRECTION('',(1.,-5.15050716444228E-14,2.79717390980443E-14));
#1571=DIRECTION('',(-1.,-2.56310902941507E-14,-6.99431041220034E-15));
#1572=DIRECTION('',(-1.,-1.76161050604689E-13,-1.53546200727114E-13));
#1573=DIRECTION('',(1.,-5.33719084366638E-14,2.91241767343274E-14));
#1574=DIRECTION('',(1.,-5.67876417268655E-13,5.29980804694749E-13));
#1575=DIRECTION('',(-1.,5.03184560066527E-13,5.03184560066517E-13));
#1576=DIRECTION('',(1.,5.37829243035982E-13,-6.51516080757617E-13));
#1577=DIRECTION('',(1.,2.49142531007311E-12,2.58616434150748E-12));
#1578=DIRECTION('',(6.24048339042667E-5,0.999999998052818,-4.69544430521097E-15));
#1579=DIRECTION('',(0.,1.,0.));
#1580=DIRECTION('',(0.,1.,0.));
#1581=DIRECTION('',(1.,-8.07274273763012E-13,-5.72630097191676E-13));
#1582=DIRECTION('',(-1.,-5.37550135754101E-13,2.80180573836273E-13));
#1583=DIRECTION('',(6.24048339048502E-5,0.999999998052818,0.));
#1584=DIRECTION('',(0.,-1.,0.));
#1585=DIRECTION('',(-1.,-2.56310902941507E-14,-6.99431041220034E-15));
#1586=DIRECTION('',(0.,1.,0.));
#1587=DIRECTION('',(0.,0.,1.));
#1588=DIRECTION('',(1.,0.,0.));
#1589=CARTESIAN_POINT('',(0.,0.,0.));
#1590=CARTESIAN_POINT('',(-381.200553852223,464.165479408019,9.));
#1591=CARTESIAN_POINT('',(-383.92696195875,472.165479408019,0.));
#1592=CARTESIAN_POINT('',(-445.876408792626,410.573423721513,9.));
#1593=CARTESIAN_POINT('',(-445.876408792627,402.573423721512,0.));
#1594=CARTESIAN_POINT('',(-381.200553852225,410.57342372151,9.));
#1595=CARTESIAN_POINT('',(-373.200553852225,410.57342372151,0.));
#1596=CARTESIAN_POINT('',(-363.116071984672,480.864486368833,0.));
#1597=CARTESIAN_POINT('',(-363.116071984672,480.864486368833,18.));
#1598=CARTESIAN_POINT('',(-381.200553852222,472.16547940802,0.));
#1599=CARTESIAN_POINT('',(-382.847490884646,469.16547940802,8.9999999999697));
#1600=CARTESIAN_POINT('',(-402.,428.,34.));
#1601=CARTESIAN_POINT('',(-413.22,416.78,7.67382713426498));
#1602=CARTESIAN_POINT('',(-402.,428.,3.));
#1603=CARTESIAN_POINT('',(-436.,421.,20.9999999999986));
#1604=CARTESIAN_POINT('',(-422.,421.,20.9999999999986));
#1605=CARTESIAN_POINT('',(-422.,434.,20.9999999999986));
#1606=CARTESIAN_POINT('',(-381.5,423.5,20.9999999999986));
#1607=CARTESIAN_POINT('',(-381.5,437.5,20.9999999999986));
#1608=CARTESIAN_POINT('',(-381.5,450.5,20.9999999999986));
#1609=CARTESIAN_POINT('',(-381.5,464.5,20.9999999999986));
#1610=CARTESIAN_POINT('',(-444.,411.,20.9999999999986));
#1611=CARTESIAN_POINT('',(-430.,411.,20.9999999999986));
#1612=CARTESIAN_POINT('',(-417.,411.,20.9999999999986));
#1613=CARTESIAN_POINT('',(-391.5,410.500000000001,20.9999999999986));
#1614=CARTESIAN_POINT('',(-410.,442.,20.9999999999986));
#1615=CARTESIAN_POINT('',(-403.5,410.500000000001,20.9999999999986));
#1616=CARTESIAN_POINT('',(-400.5,449.500000000001,20.9999999999986));
#1617=CARTESIAN_POINT('',(-390.5,457.500000000001,20.9999999999986));
#1618=CARTESIAN_POINT('',(-391.5,441.500000000001,20.9999999999986));
#1619=CARTESIAN_POINT('',(-381.5,410.5,20.9999999999986));
#1620=CARTESIAN_POINT('',(-373.200553852223,464.165479408019,0.));
#1621=CARTESIAN_POINT('',(-381.200553852222,472.16547940802,0.));
#1622=CARTESIAN_POINT('',(-381.200553852222,472.16547940802,18.));
#1623=CARTESIAN_POINT('',(-373.200553852223,464.165479408019,18.));
#1624=CARTESIAN_POINT('',(-450.973634320729,416.739321216254,0.));
#1625=CARTESIAN_POINT('',(-450.973634320729,416.739321216254,18.));
#1626=CARTESIAN_POINT('',(-445.876408792627,402.573423721512,0.));
#1627=CARTESIAN_POINT('',(-445.876408792627,402.573423721512,18.));
#1628=CARTESIAN_POINT('',(-381.200553852225,402.57342372151,0.));
#1629=CARTESIAN_POINT('',(-381.200553852225,402.57342372151,18.));
#1630=CARTESIAN_POINT('',(-373.200553852225,410.57342372151,0.));
#1631=CARTESIAN_POINT('',(-373.200553852225,410.57342372151,18.));
#1632=CARTESIAN_POINT('',(-382.847490884646,472.165479408019,-2.8421709430404E-15));
#1633=CARTESIAN_POINT('',(-382.847490884646,472.165479408019,18.));
#1634=CARTESIAN_POINT('',(-384.758950457684,471.477690968547,-2.8421709430404E-15));
#1635=CARTESIAN_POINT('',(-384.758950457684,471.477690968547,18.));
#1636=CARTESIAN_POINT('',(-399.35,428.,18.));
#1637=CARTESIAN_POINT('',(-396.,433.,7.67382713426498));
#1638=CARTESIAN_POINT('',(-396.,433.,1.11022302462516E-16));
#1639=CARTESIAN_POINT('',(-399.35,428.,7.67382713426498));
#1640=CARTESIAN_POINT('',(-433.45,421.,0.));
#1641=CARTESIAN_POINT('',(-433.45,421.,18.));
#1642=CARTESIAN_POINT('',(-419.45,421.,0.));
#1643=CARTESIAN_POINT('',(-419.45,421.,18.));
#1644=CARTESIAN_POINT('',(-419.45,434.,0.));
#1645=CARTESIAN_POINT('',(-419.45,434.,18.));
#1646=CARTESIAN_POINT('',(-381.5,420.95,0.));
#1647=CARTESIAN_POINT('',(-381.5,420.95,18.));
#1648=CARTESIAN_POINT('',(-381.5,434.95,0.));
#1649=CARTESIAN_POINT('',(-381.5,434.95,18.));
#1650=CARTESIAN_POINT('',(-381.5,447.950000000001,0.));
#1651=CARTESIAN_POINT('',(-381.5,447.950000000001,18.));
#1652=CARTESIAN_POINT('',(-381.5,461.950000000001,0.));
#1653=CARTESIAN_POINT('',(-381.5,461.950000000001,18.));
#1654=CARTESIAN_POINT('',(-441.45,411.,0.));
#1655=CARTESIAN_POINT('',(-441.45,411.,18.));
#1656=CARTESIAN_POINT('',(-427.45,411.,0.));
#1657=CARTESIAN_POINT('',(-427.45,411.,18.));
#1658=CARTESIAN_POINT('',(-414.45,411.,0.));
#1659=CARTESIAN_POINT('',(-414.45,411.,18.));
#1660=CARTESIAN_POINT('',(-391.5,407.950000000001,0.));
#1661=CARTESIAN_POINT('',(-391.5,407.950000000001,18.));
#1662=CARTESIAN_POINT('',(-407.45,442.,0.));
#1663=CARTESIAN_POINT('',(-407.45,442.,18.));
#1664=CARTESIAN_POINT('',(-403.5,407.950000000001,0.));
#1665=CARTESIAN_POINT('',(-403.5,407.950000000001,18.));
#1666=CARTESIAN_POINT('',(-400.5,446.950000000001,0.));
#1667=CARTESIAN_POINT('',(-400.5,446.950000000001,18.));
#1668=CARTESIAN_POINT('',(-390.5,454.950000000001,0.));
#1669=CARTESIAN_POINT('',(-390.5,454.950000000001,18.));
#1670=CARTESIAN_POINT('',(-391.5,438.950000000001,0.));
#1671=CARTESIAN_POINT('',(-391.5,438.950000000001,18.));
#1672=CARTESIAN_POINT('',(-381.5,407.95,0.));
#1673=CARTESIAN_POINT('',(-381.5,407.95,18.));
#1674=CARTESIAN_POINT('',(-373.200553852223,464.165479408019,0.));
#1675=CARTESIAN_POINT('',(-373.200553852222,472.165479408019,0.));
#1676=CARTESIAN_POINT('',(-381.200553852222,472.16547940802,0.));
#1677=CARTESIAN_POINT('',(-381.200553852222,472.16547940802,0.));
#1678=CARTESIAN_POINT('',(-381.200553852222,472.16547940802,18.));
#1679=CARTESIAN_POINT('',(-373.200553852223,464.165479408019,18.));
#1680=CARTESIAN_POINT('',(-373.200553852222,472.165479408019,18.));
#1681=CARTESIAN_POINT('',(-381.200553852222,472.16547940802,18.));
#1682=CARTESIAN_POINT('',(-373.200553852223,464.165479408019,0.));
#1683=CARTESIAN_POINT('',(-373.200553852223,464.165479408019,18.));
#1684=CARTESIAN_POINT('',(-381.200553852222,472.16547940802,0.));
#1685=CARTESIAN_POINT('',(-382.024022368434,472.16547940802,-1.4210854715203E-15));
#1686=CARTESIAN_POINT('',(-382.847490884646,472.165479408019,-2.8421709430404E-15));
#1687=CARTESIAN_POINT('',(-381.200553852222,472.16547940802,18.));
#1688=CARTESIAN_POINT('',(-382.024022368434,472.16547940802,18.));
#1689=CARTESIAN_POINT('',(-382.847490884646,472.165479408019,18.));
#1690=CARTESIAN_POINT('',(-450.973634320729,416.739321216254,0.));
#1691=CARTESIAN_POINT('',(-450.973634320729,416.739321216254,18.));
#1692=CARTESIAN_POINT('',(-450.973634320729,416.739321216254,0.));
#1693=CARTESIAN_POINT('',(-455.307908944323,413.156262095335,0.));
#1694=CARTESIAN_POINT('',(-453.403930959912,407.864842908424,0.));
#1695=CARTESIAN_POINT('',(-451.499952975501,402.573423721513,0.));
#1696=CARTESIAN_POINT('',(-445.876408792627,402.573423721512,0.));
#1697=CARTESIAN_POINT('',(-445.876408792627,402.573423721512,0.));
#1698=CARTESIAN_POINT('',(-445.876408792627,402.573423721512,18.));
#1699=CARTESIAN_POINT('',(-450.973634320729,416.739321216254,18.));
#1700=CARTESIAN_POINT('',(-455.307908944323,413.156262095335,18.));
#1701=CARTESIAN_POINT('',(-453.403930959912,407.864842908424,18.));
#1702=CARTESIAN_POINT('',(-451.499952975501,402.573423721513,18.));
#1703=CARTESIAN_POINT('',(-445.876408792627,402.573423721512,18.));
#1704=CARTESIAN_POINT('',(-445.876408792627,402.573423721512,0.));
#1705=CARTESIAN_POINT('',(-413.538481322426,402.573423721511,0.));
#1706=CARTESIAN_POINT('',(-381.200553852225,402.57342372151,0.));
#1707=CARTESIAN_POINT('',(-381.200553852225,402.57342372151,0.));
#1708=CARTESIAN_POINT('',(-381.200553852225,402.57342372151,18.));
#1709=CARTESIAN_POINT('',(-445.876408792627,402.573423721512,18.));
#1710=CARTESIAN_POINT('',(-413.538481322426,402.573423721511,18.));
#1711=CARTESIAN_POINT('',(-381.200553852225,402.57342372151,18.));
#1712=CARTESIAN_POINT('',(-381.200553852225,402.57342372151,0.));
#1713=CARTESIAN_POINT('',(-373.200553852225,402.57342372151,0.));
#1714=CARTESIAN_POINT('',(-373.200553852225,410.57342372151,0.));
#1715=CARTESIAN_POINT('',(-373.200553852225,410.57342372151,0.));
#1716=CARTESIAN_POINT('',(-373.200553852225,410.57342372151,18.));
#1717=CARTESIAN_POINT('',(-381.200553852225,402.57342372151,18.));
#1718=CARTESIAN_POINT('',(-373.200553852225,402.57342372151,18.));
#1719=CARTESIAN_POINT('',(-373.200553852225,410.57342372151,18.));
#1720=CARTESIAN_POINT('',(-373.200553852225,410.57342372151,0.));
#1721=CARTESIAN_POINT('',(-373.200553852224,437.369451564764,0.));
#1722=CARTESIAN_POINT('',(-373.200553852223,464.165479408019,0.));
#1723=CARTESIAN_POINT('',(-373.200553852225,410.57342372151,18.));
#1724=CARTESIAN_POINT('',(-373.200553852224,437.369451564764,18.));
#1725=CARTESIAN_POINT('',(-373.200553852223,464.165479408019,18.));
#1726=CARTESIAN_POINT('',(-384.758950457684,471.477690968547,-2.8421709430404E-15));
#1727=CARTESIAN_POINT('',(-417.866292389206,444.108506092401,-1.4210854715202E-15));
#1728=CARTESIAN_POINT('',(-450.973634320729,416.739321216254,0.));
#1729=CARTESIAN_POINT('',(-384.758950457684,471.477690968547,18.));
#1730=CARTESIAN_POINT('',(-417.866292389206,444.108506092401,18.));
#1731=CARTESIAN_POINT('',(-450.973634320729,416.739321216254,18.));
#1732=CARTESIAN_POINT('',(-382.847490884646,472.165479408019,18.));
#1733=CARTESIAN_POINT('',(-382.847490884646,472.165479408019,-2.8421709430404E-15));
#1734=CARTESIAN_POINT('',(-384.758950457684,471.477690968547,18.));
#1735=CARTESIAN_POINT('',(-384.758950457684,471.477690968547,-2.8421709430404E-15));
#1736=CARTESIAN_POINT('',(-382.847490884646,472.165479408019,-2.8421709430404E-15));
#1737=CARTESIAN_POINT('',(-383.926961958751,472.165479408019,3.84703983594117E-12));
#1738=CARTESIAN_POINT('',(-384.758950457684,471.477690968547,-2.8421709430404E-15));
#1739=CARTESIAN_POINT('',(-382.847490884646,472.165479408019,18.));
#1740=CARTESIAN_POINT('',(-383.926961958751,472.165479408019,18.0000000000039));
#1741=CARTESIAN_POINT('',(-384.758950457684,471.477690968547,18.));
#1742=CARTESIAN_POINT('',(-399.35,428.,18.));
#1743=CARTESIAN_POINT('',(-399.35,425.35,18.));
#1744=CARTESIAN_POINT('',(-402.,425.35,18.));
#1745=CARTESIAN_POINT('',(-404.65,425.35,18.));
#1746=CARTESIAN_POINT('',(-404.65,428.,18.));
#1747=CARTESIAN_POINT('',(-404.65,430.65,18.));
#1748=CARTESIAN_POINT('',(-402.,430.65,18.));
#1749=CARTESIAN_POINT('',(-399.35,430.65,18.));
#1750=CARTESIAN_POINT('',(-399.35,428.,18.));
#1751=CARTESIAN_POINT('',(-396.,433.,7.67382713426498));
#1752=CARTESIAN_POINT('',(-401.,439.,7.67382713426498));
#1753=CARTESIAN_POINT('',(-407.,434.,7.67382713426498));
#1754=CARTESIAN_POINT('',(-413.,429.,7.67382713426498));
#1755=CARTESIAN_POINT('',(-408.,423.,7.67382713426498));
#1756=CARTESIAN_POINT('',(-403.,417.,7.67382713426498));
#1757=CARTESIAN_POINT('',(-397.,422.,7.67382713426498));
#1758=CARTESIAN_POINT('',(-391.,427.,7.67382713426498));
#1759=CARTESIAN_POINT('',(-396.,433.,7.67382713426498));
#1760=CARTESIAN_POINT('',(-396.,433.,0.));
#1761=CARTESIAN_POINT('',(-391.,427.,1.57009245868377E-16));
#1762=CARTESIAN_POINT('',(-397.,422.,0.));
#1763=CARTESIAN_POINT('',(-403.,417.,1.57009245868377E-16));
#1764=CARTESIAN_POINT('',(-408.,423.,0.));
#1765=CARTESIAN_POINT('',(-413.,429.,1.57009245868377E-16));
#1766=CARTESIAN_POINT('',(-407.,434.,0.));
#1767=CARTESIAN_POINT('',(-401.,439.,1.57009245868377E-16));
#1768=CARTESIAN_POINT('',(-396.,433.,0.));
#1769=CARTESIAN_POINT('',(-399.35,428.,7.67382713426498));
#1770=CARTESIAN_POINT('',(-399.35,430.65,7.67382713426498));
#1771=CARTESIAN_POINT('',(-402.,430.65,7.67382713426498));
#1772=CARTESIAN_POINT('',(-404.65,430.65,7.67382713426498));
#1773=CARTESIAN_POINT('',(-404.65,428.,7.67382713426498));
#1774=CARTESIAN_POINT('',(-404.65,425.35,7.67382713426498));
#1775=CARTESIAN_POINT('',(-402.,425.35,7.67382713426498));
#1776=CARTESIAN_POINT('',(-399.35,425.35,7.67382713426498));
#1777=CARTESIAN_POINT('',(-399.35,428.,7.67382713426498));
#1778=CARTESIAN_POINT('',(-399.35,428.,7.67382713426498));
#1779=CARTESIAN_POINT('',(-399.35,428.,18.));
#1780=CARTESIAN_POINT('',(-396.,433.,1.11022302462516E-16));
#1781=CARTESIAN_POINT('',(-396.,433.,7.67382713426498));
#1782=CARTESIAN_POINT('',(-433.45,421.,0.));
#1783=CARTESIAN_POINT('',(-433.45,418.45,-3.76822190084106E-15));
#1784=CARTESIAN_POINT('',(-436.,418.45,0.));
#1785=CARTESIAN_POINT('',(-438.55,418.45,-3.76822190084106E-15));
#1786=CARTESIAN_POINT('',(-438.55,421.,0.));
#1787=CARTESIAN_POINT('',(-438.55,423.55,-3.76822190084106E-15));
#1788=CARTESIAN_POINT('',(-436.,423.55,0.));
#1789=CARTESIAN_POINT('',(-433.45,423.55,-3.76822190084106E-15));
#1790=CARTESIAN_POINT('',(-433.45,421.,0.));
#1791=CARTESIAN_POINT('',(-433.45,421.,18.));
#1792=CARTESIAN_POINT('',(-433.45,418.45,18.));
#1793=CARTESIAN_POINT('',(-436.,418.45,18.));
#1794=CARTESIAN_POINT('',(-438.55,418.45,18.));
#1795=CARTESIAN_POINT('',(-438.55,421.,18.));
#1796=CARTESIAN_POINT('',(-438.55,423.55,18.));
#1797=CARTESIAN_POINT('',(-436.,423.55,18.));
#1798=CARTESIAN_POINT('',(-433.45,423.55,18.));
#1799=CARTESIAN_POINT('',(-433.45,421.,18.));
#1800=CARTESIAN_POINT('',(-433.45,421.,0.));
#1801=CARTESIAN_POINT('',(-433.45,421.,18.));
#1802=CARTESIAN_POINT('',(-419.45,421.,0.));
#1803=CARTESIAN_POINT('',(-419.45,418.45,-3.76822190084106E-15));
#1804=CARTESIAN_POINT('',(-422.,418.45,0.));
#1805=CARTESIAN_POINT('',(-424.55,418.45,-3.76822190084106E-15));
#1806=CARTESIAN_POINT('',(-424.55,421.,0.));
#1807=CARTESIAN_POINT('',(-424.55,423.55,-3.76822190084106E-15));
#1808=CARTESIAN_POINT('',(-422.,423.55,0.));
#1809=CARTESIAN_POINT('',(-419.45,423.55,-3.76822190084106E-15));
#1810=CARTESIAN_POINT('',(-419.45,421.,0.));
#1811=CARTESIAN_POINT('',(-419.45,421.,18.));
#1812=CARTESIAN_POINT('',(-419.45,418.45,18.));
#1813=CARTESIAN_POINT('',(-422.,418.45,18.));
#1814=CARTESIAN_POINT('',(-424.55,418.45,18.));
#1815=CARTESIAN_POINT('',(-424.55,421.,18.));
#1816=CARTESIAN_POINT('',(-424.55,423.55,18.));
#1817=CARTESIAN_POINT('',(-422.,423.55,18.));
#1818=CARTESIAN_POINT('',(-419.45,423.55,18.));
#1819=CARTESIAN_POINT('',(-419.45,421.,18.));
#1820=CARTESIAN_POINT('',(-419.45,421.,0.));
#1821=CARTESIAN_POINT('',(-419.45,421.,18.));
#1822=CARTESIAN_POINT('',(-419.45,434.,0.));
#1823=CARTESIAN_POINT('',(-419.45,431.45,-3.76822190084106E-15));
#1824=CARTESIAN_POINT('',(-422.,431.45,0.));
#1825=CARTESIAN_POINT('',(-424.55,431.45,-3.76822190084106E-15));
#1826=CARTESIAN_POINT('',(-424.55,434.,0.));
#1827=CARTESIAN_POINT('',(-424.55,436.55,-3.76822190084106E-15));
#1828=CARTESIAN_POINT('',(-422.,436.55,0.));
#1829=CARTESIAN_POINT('',(-419.45,436.55,-3.76822190084106E-15));
#1830=CARTESIAN_POINT('',(-419.45,434.,0.));
#1831=CARTESIAN_POINT('',(-419.45,434.,18.));
#1832=CARTESIAN_POINT('',(-419.45,431.45,18.));
#1833=CARTESIAN_POINT('',(-422.,431.45,18.));
#1834=CARTESIAN_POINT('',(-424.55,431.45,18.));
#1835=CARTESIAN_POINT('',(-424.55,434.,18.));
#1836=CARTESIAN_POINT('',(-424.55,436.55,18.));
#1837=CARTESIAN_POINT('',(-422.,436.55,18.));
#1838=CARTESIAN_POINT('',(-419.45,436.55,18.));
#1839=CARTESIAN_POINT('',(-419.45,434.,18.));
#1840=CARTESIAN_POINT('',(-419.45,434.,0.));
#1841=CARTESIAN_POINT('',(-419.45,434.,18.));
#1842=CARTESIAN_POINT('',(-381.5,420.95,0.));
#1843=CARTESIAN_POINT('',(-384.05,420.95,-3.76822190084106E-15));
#1844=CARTESIAN_POINT('',(-384.05,423.5,0.));
#1845=CARTESIAN_POINT('',(-384.05,426.05,-3.76822190084106E-15));
#1846=CARTESIAN_POINT('',(-381.5,426.05,0.));
#1847=CARTESIAN_POINT('',(-378.95,426.05,-3.76822190084106E-15));
#1848=CARTESIAN_POINT('',(-378.95,423.5,0.));
#1849=CARTESIAN_POINT('',(-378.95,420.95,-3.76822190084106E-15));
#1850=CARTESIAN_POINT('',(-381.5,420.95,0.));
#1851=CARTESIAN_POINT('',(-381.5,420.95,18.));
#1852=CARTESIAN_POINT('',(-384.05,420.95,18.));
#1853=CARTESIAN_POINT('',(-384.05,423.5,18.));
#1854=CARTESIAN_POINT('',(-384.05,426.05,18.));
#1855=CARTESIAN_POINT('',(-381.5,426.05,18.));
#1856=CARTESIAN_POINT('',(-378.95,426.05,18.));
#1857=CARTESIAN_POINT('',(-378.95,423.5,18.));
#1858=CARTESIAN_POINT('',(-378.95,420.95,18.));
#1859=CARTESIAN_POINT('',(-381.5,420.95,18.));
#1860=CARTESIAN_POINT('',(-381.5,420.95,0.));
#1861=CARTESIAN_POINT('',(-381.5,420.95,18.));
#1862=CARTESIAN_POINT('',(-381.5,434.95,0.));
#1863=CARTESIAN_POINT('',(-384.05,434.95,-3.76822190084106E-15));
#1864=CARTESIAN_POINT('',(-384.05,437.5,0.));
#1865=CARTESIAN_POINT('',(-384.05,440.05,-3.76822190084106E-15));
#1866=CARTESIAN_POINT('',(-381.5,440.05,0.));
#1867=CARTESIAN_POINT('',(-378.95,440.05,-3.76822190084106E-15));
#1868=CARTESIAN_POINT('',(-378.95,437.5,0.));
#1869=CARTESIAN_POINT('',(-378.95,434.95,-3.76822190084106E-15));
#1870=CARTESIAN_POINT('',(-381.5,434.95,0.));
#1871=CARTESIAN_POINT('',(-381.5,434.95,18.));
#1872=CARTESIAN_POINT('',(-384.05,434.95,18.));
#1873=CARTESIAN_POINT('',(-384.05,437.5,18.));
#1874=CARTESIAN_POINT('',(-384.05,440.05,18.));
#1875=CARTESIAN_POINT('',(-381.5,440.05,18.));
#1876=CARTESIAN_POINT('',(-378.95,440.05,18.));
#1877=CARTESIAN_POINT('',(-378.95,437.5,18.));
#1878=CARTESIAN_POINT('',(-378.95,434.95,18.));
#1879=CARTESIAN_POINT('',(-381.5,434.95,18.));
#1880=CARTESIAN_POINT('',(-381.5,434.95,0.));
#1881=CARTESIAN_POINT('',(-381.5,434.95,18.));
#1882=CARTESIAN_POINT('',(-381.5,447.950000000001,0.));
#1883=CARTESIAN_POINT('',(-384.05,447.950000000001,-3.76822190084106E-15));
#1884=CARTESIAN_POINT('',(-384.05,450.500000000001,0.));
#1885=CARTESIAN_POINT('',(-384.05,453.050000000001,-3.76822190084106E-15));
#1886=CARTESIAN_POINT('',(-381.5,453.050000000001,0.));
#1887=CARTESIAN_POINT('',(-378.95,453.050000000001,-3.76822190084106E-15));
#1888=CARTESIAN_POINT('',(-378.95,450.500000000001,0.));
#1889=CARTESIAN_POINT('',(-378.95,447.950000000001,-3.76822190084106E-15));
#1890=CARTESIAN_POINT('',(-381.5,447.950000000001,0.));
#1891=CARTESIAN_POINT('',(-381.5,447.950000000001,18.));
#1892=CARTESIAN_POINT('',(-384.05,447.950000000001,18.));
#1893=CARTESIAN_POINT('',(-384.05,450.500000000001,18.));
#1894=CARTESIAN_POINT('',(-384.05,453.050000000001,18.));
#1895=CARTESIAN_POINT('',(-381.5,453.050000000001,18.));
#1896=CARTESIAN_POINT('',(-378.95,453.050000000001,18.));
#1897=CARTESIAN_POINT('',(-378.95,450.500000000001,18.));
#1898=CARTESIAN_POINT('',(-378.95,447.950000000001,18.));
#1899=CARTESIAN_POINT('',(-381.5,447.950000000001,18.));
#1900=CARTESIAN_POINT('',(-381.5,447.950000000001,0.));
#1901=CARTESIAN_POINT('',(-381.5,447.950000000001,18.));
#1902=CARTESIAN_POINT('',(-381.5,461.950000000001,0.));
#1903=CARTESIAN_POINT('',(-384.05,461.950000000001,-3.76822190084106E-15));
#1904=CARTESIAN_POINT('',(-384.05,464.500000000001,0.));
#1905=CARTESIAN_POINT('',(-384.05,467.050000000001,-3.76822190084106E-15));
#1906=CARTESIAN_POINT('',(-381.5,467.050000000001,0.));
#1907=CARTESIAN_POINT('',(-378.95,467.050000000001,-3.76822190084106E-15));
#1908=CARTESIAN_POINT('',(-378.95,464.500000000001,0.));
#1909=CARTESIAN_POINT('',(-378.95,461.950000000001,-3.76822190084106E-15));
#1910=CARTESIAN_POINT('',(-381.5,461.950000000001,0.));
#1911=CARTESIAN_POINT('',(-381.5,461.950000000001,18.));
#1912=CARTESIAN_POINT('',(-384.05,461.950000000001,18.));
#1913=CARTESIAN_POINT('',(-384.05,464.500000000001,18.));
#1914=CARTESIAN_POINT('',(-384.05,467.050000000001,18.));
#1915=CARTESIAN_POINT('',(-381.5,467.050000000001,18.));
#1916=CARTESIAN_POINT('',(-378.95,467.050000000001,18.));
#1917=CARTESIAN_POINT('',(-378.95,464.500000000001,18.));
#1918=CARTESIAN_POINT('',(-378.95,461.950000000001,18.));
#1919=CARTESIAN_POINT('',(-381.5,461.950000000001,18.));
#1920=CARTESIAN_POINT('',(-381.5,461.950000000001,0.));
#1921=CARTESIAN_POINT('',(-381.5,461.950000000001,18.));
#1922=CARTESIAN_POINT('',(-441.45,411.,0.));
#1923=CARTESIAN_POINT('',(-441.45,408.45,-3.76822190084106E-15));
#1924=CARTESIAN_POINT('',(-444.,408.45,0.));
#1925=CARTESIAN_POINT('',(-446.55,408.45,-3.76822190084106E-15));
#1926=CARTESIAN_POINT('',(-446.55,411.,0.));
#1927=CARTESIAN_POINT('',(-446.55,413.55,-3.76822190084106E-15));
#1928=CARTESIAN_POINT('',(-444.,413.55,0.));
#1929=CARTESIAN_POINT('',(-441.45,413.55,-3.76822190084106E-15));
#1930=CARTESIAN_POINT('',(-441.45,411.,0.));
#1931=CARTESIAN_POINT('',(-441.45,411.,18.));
#1932=CARTESIAN_POINT('',(-441.45,408.45,18.));
#1933=CARTESIAN_POINT('',(-444.,408.45,18.));
#1934=CARTESIAN_POINT('',(-446.55,408.45,18.));
#1935=CARTESIAN_POINT('',(-446.55,411.,18.));
#1936=CARTESIAN_POINT('',(-446.55,413.55,18.));
#1937=CARTESIAN_POINT('',(-444.,413.55,18.));
#1938=CARTESIAN_POINT('',(-441.45,413.55,18.));
#1939=CARTESIAN_POINT('',(-441.45,411.,18.));
#1940=CARTESIAN_POINT('',(-441.45,411.,0.));
#1941=CARTESIAN_POINT('',(-441.45,411.,18.));
#1942=CARTESIAN_POINT('',(-427.45,411.,0.));
#1943=CARTESIAN_POINT('',(-427.45,408.45,-3.76822190084106E-15));
#1944=CARTESIAN_POINT('',(-430.,408.45,0.));
#1945=CARTESIAN_POINT('',(-432.55,408.45,-3.76822190084106E-15));
#1946=CARTESIAN_POINT('',(-432.55,411.,0.));
#1947=CARTESIAN_POINT('',(-432.55,413.55,-3.76822190084106E-15));
#1948=CARTESIAN_POINT('',(-430.,413.55,0.));
#1949=CARTESIAN_POINT('',(-427.45,413.55,-3.76822190084106E-15));
#1950=CARTESIAN_POINT('',(-427.45,411.,0.));
#1951=CARTESIAN_POINT('',(-427.45,411.,18.));
#1952=CARTESIAN_POINT('',(-427.45,408.45,18.));
#1953=CARTESIAN_POINT('',(-430.,408.45,18.));
#1954=CARTESIAN_POINT('',(-432.55,408.45,18.));
#1955=CARTESIAN_POINT('',(-432.55,411.,18.));
#1956=CARTESIAN_POINT('',(-432.55,413.55,18.));
#1957=CARTESIAN_POINT('',(-430.,413.55,18.));
#1958=CARTESIAN_POINT('',(-427.45,413.55,18.));
#1959=CARTESIAN_POINT('',(-427.45,411.,18.));
#1960=CARTESIAN_POINT('',(-427.45,411.,0.));
#1961=CARTESIAN_POINT('',(-427.45,411.,18.));
#1962=CARTESIAN_POINT('',(-414.45,411.,0.));
#1963=CARTESIAN_POINT('',(-414.45,408.45,-3.76822190084106E-15));
#1964=CARTESIAN_POINT('',(-417.,408.45,0.));
#1965=CARTESIAN_POINT('',(-419.55,408.45,-3.76822190084106E-15));
#1966=CARTESIAN_POINT('',(-419.55,411.,0.));
#1967=CARTESIAN_POINT('',(-419.55,413.55,-3.76822190084106E-15));
#1968=CARTESIAN_POINT('',(-417.,413.55,0.));
#1969=CARTESIAN_POINT('',(-414.45,413.55,-3.76822190084106E-15));
#1970=CARTESIAN_POINT('',(-414.45,411.,0.));
#1971=CARTESIAN_POINT('',(-414.45,411.,18.));
#1972=CARTESIAN_POINT('',(-414.45,408.45,18.));
#1973=CARTESIAN_POINT('',(-417.,408.45,18.));
#1974=CARTESIAN_POINT('',(-419.55,408.45,18.));
#1975=CARTESIAN_POINT('',(-419.55,411.,18.));
#1976=CARTESIAN_POINT('',(-419.55,413.55,18.));
#1977=CARTESIAN_POINT('',(-417.,413.55,18.));
#1978=CARTESIAN_POINT('',(-414.45,413.55,18.));
#1979=CARTESIAN_POINT('',(-414.45,411.,18.));
#1980=CARTESIAN_POINT('',(-414.45,411.,0.));
#1981=CARTESIAN_POINT('',(-414.45,411.,18.));
#1982=CARTESIAN_POINT('',(-391.5,407.950000000001,0.));
#1983=CARTESIAN_POINT('',(-394.05,407.950000000001,-3.76822190084106E-15));
#1984=CARTESIAN_POINT('',(-394.05,410.500000000001,0.));
#1985=CARTESIAN_POINT('',(-394.05,413.050000000001,-3.76822190084106E-15));
#1986=CARTESIAN_POINT('',(-391.5,413.050000000001,0.));
#1987=CARTESIAN_POINT('',(-388.95,413.050000000001,-3.76822190084106E-15));
#1988=CARTESIAN_POINT('',(-388.95,410.500000000001,0.));
#1989=CARTESIAN_POINT('',(-388.95,407.950000000001,-3.76822190084106E-15));
#1990=CARTESIAN_POINT('',(-391.5,407.950000000001,0.));
#1991=CARTESIAN_POINT('',(-391.5,407.950000000001,18.));
#1992=CARTESIAN_POINT('',(-394.05,407.950000000001,18.));
#1993=CARTESIAN_POINT('',(-394.05,410.500000000001,18.));
#1994=CARTESIAN_POINT('',(-394.05,413.050000000001,18.));
#1995=CARTESIAN_POINT('',(-391.5,413.050000000001,18.));
#1996=CARTESIAN_POINT('',(-388.95,413.050000000001,18.));
#1997=CARTESIAN_POINT('',(-388.95,410.500000000001,18.));
#1998=CARTESIAN_POINT('',(-388.95,407.950000000001,18.));
#1999=CARTESIAN_POINT('',(-391.5,407.950000000001,18.));
#2000=CARTESIAN_POINT('',(-391.5,407.950000000001,0.));
#2001=CARTESIAN_POINT('',(-391.5,407.950000000001,18.));
#2002=CARTESIAN_POINT('',(-407.45,442.,0.));
#2003=CARTESIAN_POINT('',(-407.45,439.45,-3.76822190084106E-15));
#2004=CARTESIAN_POINT('',(-410.,439.45,0.));
#2005=CARTESIAN_POINT('',(-412.55,439.45,-3.76822190084106E-15));
#2006=CARTESIAN_POINT('',(-412.55,442.,0.));
#2007=CARTESIAN_POINT('',(-412.55,444.55,-3.76822190084106E-15));
#2008=CARTESIAN_POINT('',(-410.,444.55,0.));
#2009=CARTESIAN_POINT('',(-407.45,444.55,-3.76822190084106E-15));
#2010=CARTESIAN_POINT('',(-407.45,442.,0.));
#2011=CARTESIAN_POINT('',(-407.45,442.,18.));
#2012=CARTESIAN_POINT('',(-407.45,439.45,18.));
#2013=CARTESIAN_POINT('',(-410.,439.45,18.));
#2014=CARTESIAN_POINT('',(-412.55,439.45,18.));
#2015=CARTESIAN_POINT('',(-412.55,442.,18.));
#2016=CARTESIAN_POINT('',(-412.55,444.55,18.));
#2017=CARTESIAN_POINT('',(-410.,444.55,18.));
#2018=CARTESIAN_POINT('',(-407.45,444.55,18.));
#2019=CARTESIAN_POINT('',(-407.45,442.,18.));
#2020=CARTESIAN_POINT('',(-407.45,442.,0.));
#2021=CARTESIAN_POINT('',(-407.45,442.,18.));
#2022=CARTESIAN_POINT('',(-403.5,407.950000000001,0.));
#2023=CARTESIAN_POINT('',(-406.05,407.950000000001,-3.76822190084106E-15));
#2024=CARTESIAN_POINT('',(-406.05,410.500000000001,0.));
#2025=CARTESIAN_POINT('',(-406.05,413.050000000001,-3.76822190084106E-15));
#2026=CARTESIAN_POINT('',(-403.5,413.050000000001,0.));
#2027=CARTESIAN_POINT('',(-400.95,413.050000000001,-3.76822190084106E-15));
#2028=CARTESIAN_POINT('',(-400.95,410.500000000001,0.));
#2029=CARTESIAN_POINT('',(-400.95,407.950000000001,-3.76822190084106E-15));
#2030=CARTESIAN_POINT('',(-403.5,407.950000000001,0.));
#2031=CARTESIAN_POINT('',(-403.5,407.950000000001,18.));
#2032=CARTESIAN_POINT('',(-406.05,407.950000000001,18.));
#2033=CARTESIAN_POINT('',(-406.05,410.500000000001,18.));
#2034=CARTESIAN_POINT('',(-406.05,413.050000000001,18.));
#2035=CARTESIAN_POINT('',(-403.5,413.050000000001,18.));
#2036=CARTESIAN_POINT('',(-400.95,413.050000000001,18.));
#2037=CARTESIAN_POINT('',(-400.95,410.500000000001,18.));
#2038=CARTESIAN_POINT('',(-400.95,407.950000000001,18.));
#2039=CARTESIAN_POINT('',(-403.5,407.950000000001,18.));
#2040=CARTESIAN_POINT('',(-403.5,407.950000000001,0.));
#2041=CARTESIAN_POINT('',(-403.5,407.950000000001,18.));
#2042=CARTESIAN_POINT('',(-400.5,446.950000000001,0.));
#2043=CARTESIAN_POINT('',(-403.05,446.950000000001,-3.76822190084106E-15));
#2044=CARTESIAN_POINT('',(-403.05,449.500000000001,0.));
#2045=CARTESIAN_POINT('',(-403.05,452.050000000001,-3.76822190084106E-15));
#2046=CARTESIAN_POINT('',(-400.5,452.050000000001,0.));
#2047=CARTESIAN_POINT('',(-397.95,452.050000000001,-3.76822190084106E-15));
#2048=CARTESIAN_POINT('',(-397.95,449.500000000001,0.));
#2049=CARTESIAN_POINT('',(-397.95,446.950000000001,-3.76822190084106E-15));
#2050=CARTESIAN_POINT('',(-400.5,446.950000000001,0.));
#2051=CARTESIAN_POINT('',(-400.5,446.950000000001,18.));
#2052=CARTESIAN_POINT('',(-403.05,446.950000000001,18.));
#2053=CARTESIAN_POINT('',(-403.05,449.500000000001,18.));
#2054=CARTESIAN_POINT('',(-403.05,452.050000000001,18.));
#2055=CARTESIAN_POINT('',(-400.5,452.050000000001,18.));
#2056=CARTESIAN_POINT('',(-397.95,452.050000000001,18.));
#2057=CARTESIAN_POINT('',(-397.95,449.500000000001,18.));
#2058=CARTESIAN_POINT('',(-397.95,446.950000000001,18.));
#2059=CARTESIAN_POINT('',(-400.5,446.950000000001,18.));
#2060=CARTESIAN_POINT('',(-400.5,446.950000000001,0.));
#2061=CARTESIAN_POINT('',(-400.5,446.950000000001,18.));
#2062=CARTESIAN_POINT('',(-390.5,454.950000000001,0.));
#2063=CARTESIAN_POINT('',(-393.05,454.950000000001,-3.76822190084106E-15));
#2064=CARTESIAN_POINT('',(-393.05,457.500000000001,0.));
#2065=CARTESIAN_POINT('',(-393.050000000001,460.050000000001,-3.76822190084106E-15));
#2066=CARTESIAN_POINT('',(-390.500000000001,460.050000000001,0.));
#2067=CARTESIAN_POINT('',(-387.950000000001,460.050000000001,-3.76822190084106E-15));
#2068=CARTESIAN_POINT('',(-387.95,457.500000000001,0.));
#2069=CARTESIAN_POINT('',(-387.95,454.950000000001,-3.76822190084106E-15));
#2070=CARTESIAN_POINT('',(-390.5,454.950000000001,0.));
#2071=CARTESIAN_POINT('',(-390.5,454.950000000001,18.));
#2072=CARTESIAN_POINT('',(-393.05,454.950000000001,18.));
#2073=CARTESIAN_POINT('',(-393.05,457.500000000001,18.));
#2074=CARTESIAN_POINT('',(-393.050000000001,460.050000000001,18.));
#2075=CARTESIAN_POINT('',(-390.500000000001,460.050000000001,18.));
#2076=CARTESIAN_POINT('',(-387.950000000001,460.050000000001,18.));
#2077=CARTESIAN_POINT('',(-387.95,457.500000000001,18.));
#2078=CARTESIAN_POINT('',(-387.95,454.950000000001,18.));
#2079=CARTESIAN_POINT('',(-390.5,454.950000000001,18.));
#2080=CARTESIAN_POINT('',(-390.5,454.950000000001,0.));
#2081=CARTESIAN_POINT('',(-390.5,454.950000000001,18.));
#2082=CARTESIAN_POINT('',(-391.5,438.950000000001,0.));
#2083=CARTESIAN_POINT('',(-394.05,438.950000000001,-3.76822190084106E-15));
#2084=CARTESIAN_POINT('',(-394.05,441.500000000001,0.));
#2085=CARTESIAN_POINT('',(-394.05,444.050000000001,-3.76822190084106E-15));
#2086=CARTESIAN_POINT('',(-391.5,444.050000000001,0.));
#2087=CARTESIAN_POINT('',(-388.95,444.050000000001,-3.76822190084106E-15));
#2088=CARTESIAN_POINT('',(-388.95,441.500000000001,0.));
#2089=CARTESIAN_POINT('',(-388.95,438.950000000001,-3.76822190084106E-15));
#2090=CARTESIAN_POINT('',(-391.5,438.950000000001,0.));
#2091=CARTESIAN_POINT('',(-391.5,438.950000000001,18.));
#2092=CARTESIAN_POINT('',(-394.05,438.950000000001,18.));
#2093=CARTESIAN_POINT('',(-394.05,441.500000000001,18.));
#2094=CARTESIAN_POINT('',(-394.05,444.050000000001,18.));
#2095=CARTESIAN_POINT('',(-391.5,444.050000000001,18.));
#2096=CARTESIAN_POINT('',(-388.95,444.050000000001,18.));
#2097=CARTESIAN_POINT('',(-388.95,441.500000000001,18.));
#2098=CARTESIAN_POINT('',(-388.95,438.950000000001,18.));
#2099=CARTESIAN_POINT('',(-391.5,438.950000000001,18.));
#2100=CARTESIAN_POINT('',(-391.5,438.950000000001,0.));
#2101=CARTESIAN_POINT('',(-391.5,438.950000000001,18.));
#2102=CARTESIAN_POINT('',(-381.5,407.95,0.));
#2103=CARTESIAN_POINT('',(-384.05,407.95,-3.76822190084106E-15));
#2104=CARTESIAN_POINT('',(-384.05,410.5,0.));
#2105=CARTESIAN_POINT('',(-384.05,413.05,-3.76822190084106E-15));
#2106=CARTESIAN_POINT('',(-381.5,413.05,0.));
#2107=CARTESIAN_POINT('',(-378.95,413.05,-3.76822190084106E-15));
#2108=CARTESIAN_POINT('',(-378.95,410.5,0.));
#2109=CARTESIAN_POINT('',(-378.95,407.95,-3.76822190084106E-15));
#2110=CARTESIAN_POINT('',(-381.5,407.95,0.));
#2111=CARTESIAN_POINT('',(-381.5,407.95,18.));
#2112=CARTESIAN_POINT('',(-384.05,407.95,18.));
#2113=CARTESIAN_POINT('',(-384.05,410.5,18.));
#2114=CARTESIAN_POINT('',(-384.05,413.05,18.));
#2115=CARTESIAN_POINT('',(-381.5,413.05,18.));
#2116=CARTESIAN_POINT('',(-378.95,413.05,18.));
#2117=CARTESIAN_POINT('',(-378.95,410.5,18.));
#2118=CARTESIAN_POINT('',(-378.95,407.95,18.));
#2119=CARTESIAN_POINT('',(-381.5,407.95,18.));
#2120=CARTESIAN_POINT('',(-381.5,407.95,0.));
#2121=CARTESIAN_POINT('',(-381.5,407.95,18.));
#2122=CARTESIAN_POINT('',(-411.001107704448,409.000000000001,18.));
#2123=CARTESIAN_POINT('',(-393.001107704448,446.998902422074,18.));
#2124=CARTESIAN_POINT('',(-411.001107704448,409.000000000001,18.));
#2125=CARTESIAN_POINT('',(-411.001107704448,426.624524852831,28.0473165579962));
#2126=CARTESIAN_POINT('',(-402.001107704448,427.999451564764,47.9999999999998));
#2127=CARTESIAN_POINT('',(-402.001107704448,427.999451564765,48.));
#2128=CARTESIAN_POINT('',(-402.001107704448,427.999451564764,47.9999999999998));
#2129=CARTESIAN_POINT('',(-402.001107704451,403.513659384364,25.7890562582887));
#2130=CARTESIAN_POINT('',(-402.001107704448,427.999451564765,48.));
#2131=CARTESIAN_POINT('',(-402.001107704449,452.485243184015,25.7890556396639));
#2132=CARTESIAN_POINT('',(-402.,428.,27.));
#2133=CARTESIAN_POINT('',(-401.999999999999,428.,29.5473164660049));
#2134=CARTESIAN_POINT('',(-411.99331028278,418.006689717219,23.6792307680968));
#2135=CARTESIAN_POINT('',(-411.001107704448,425.998354694294,83.));
#2136=CARTESIAN_POINT('',(-411.001107704448,418.,83.));
#2137=CARTESIAN_POINT('',(-411.001107704448,435.999451564765,69.));
#2138=CARTESIAN_POINT('',(-411.001107704448,435.999451564765,83.));
#2139=CARTESIAN_POINT('',(-412.801107704448,425.998354694294,83.0000000000001));
#2140=CARTESIAN_POINT('',(-412.801107704448,427.999451564613,67.4941263777926));
#2141=CARTESIAN_POINT('',(-393.001107704448,453.058187786922,18.));
#2142=CARTESIAN_POINT('',(-411.001107704448,402.940715342712,83.));
#2143=CARTESIAN_POINT('',(-402.001107704448,427.999451564765,48.));
#2144=CARTESIAN_POINT('',(-402.001107704448,410.000000000001,75.7290422475594));
#2145=CARTESIAN_POINT('',(-402.001107704448,443.999451564765,76.9288790069592));
#2146=CARTESIAN_POINT('',(-402.00110770445,435.999451564613,74.8328157300424));
#2147=CARTESIAN_POINT('',(-402.001107704448,417.998354694294,74.1529742359729));
#2148=CARTESIAN_POINT('',(-402.001107704446,421.,80.));
#2149=CARTESIAN_POINT('',(-402.00110770445,422.998354694294,80.0000000000001));
#2150=CARTESIAN_POINT('',(-402.00110770445,430.999451564613,80.0000000000001));
#2151=CARTESIAN_POINT('',(-402.00110770444,432.999451564765,80.0000000000001));
#2152=CARTESIAN_POINT('',(-402.000296436445,439.000165416623,75.7290422475598));
#2153=CARTESIAN_POINT('',(-402.001107704448,415.,75.7290422475598));
#2154=CARTESIAN_POINT('',(-402.001107704448,431.5,75.7290422475598));
#2155=CARTESIAN_POINT('',(-402.001107704446,413.443345327389,21.0000000000002));
#2156=CARTESIAN_POINT('',(-402.001107704447,442.555557006242,21.0000000000001));
#2157=CARTESIAN_POINT('',(-408.173813444981,436.000550668086,81.9023720536148));
#2158=CARTESIAN_POINT('',(-408.174437510503,418.,81.9023720536148));
#2159=CARTESIAN_POINT('',(-402.001107704448,443.999451564765,76.9288790069592));
#2160=CARTESIAN_POINT('',(-402.001107704448,431.5,75.7290422475598));
#2161=CARTESIAN_POINT('',(-393.001107704448,403.,49.7226962899503));
#2162=CARTESIAN_POINT('',(-411.001107704448,403.,49.7226962899503));
#2163=CARTESIAN_POINT('',(-393.001107704448,408.046768122761,49.3749267119339));
#2164=CARTESIAN_POINT('',(-411.001107704448,408.046768122761,49.3749267119339));
#2165=CARTESIAN_POINT('',(-393.001107704448,426.624524852831,28.0473165579962));
#2166=CARTESIAN_POINT('',(-393.001107704448,429.374378276869,28.047316558008));
#2167=CARTESIAN_POINT('',(-411.001107704448,426.624524852831,28.0473165579962));
#2168=CARTESIAN_POINT('',(-411.001107704448,429.374378276869,28.047316558008));
#2169=CARTESIAN_POINT('',(-411.001107704448,410.933838848418,22.7989163416265));
#2170=CARTESIAN_POINT('',(-393.001107704448,410.933838848418,22.7989163416266));
#2171=CARTESIAN_POINT('',(-393.001107704448,409.439062464731,31.1639607537352));
#2172=CARTESIAN_POINT('',(-411.001107704448,409.439062464731,31.1639607537352));
#2173=CARTESIAN_POINT('',(-393.001107704448,445.065063775165,22.7989155860081));
#2174=CARTESIAN_POINT('',(-411.001107704448,445.065063775164,22.7989155860081));
#2175=CARTESIAN_POINT('',(-393.001107704448,446.559840239454,31.163960284803));
#2176=CARTESIAN_POINT('',(-411.001107704448,446.559840239454,31.163960284803));
#2177=CARTESIAN_POINT('',(-399.35,428.,18.));
#2178=CARTESIAN_POINT('',(-406.189513370209,422.392150347876,23.6792307680968));
#2179=CARTESIAN_POINT('',(-408.863531752641,426.624524852831,28.0473165579962));
#2180=CARTESIAN_POINT('',(-408.863751478023,429.374378276869,28.047316558008));
#2181=CARTESIAN_POINT('',(-395.136468247357,426.624524852831,28.0473165579962));
#2182=CARTESIAN_POINT('',(-406.189513370209,422.392150347875,28.8021310280783));
#2183=CARTESIAN_POINT('',(-395.136248521975,429.374378276869,28.047316558008));
#2184=CARTESIAN_POINT('',(-399.35,428.,23.6792307680968));
#2185=CARTESIAN_POINT('',(-393.001107704448,414.355750672104,69.0187936618173));
#2186=CARTESIAN_POINT('',(-411.001107704448,414.355750672104,69.0187936618172));
#2187=CARTESIAN_POINT('',(-411.001107704448,418.,75.7290422475598));
#2188=CARTESIAN_POINT('',(-393.001107704448,418.,75.7290422475598));
#2189=CARTESIAN_POINT('',(-393.001107704448,440.127555218225,69.928277698425));
#2190=CARTESIAN_POINT('',(-411.001107704448,440.127555218224,69.9282776984249));
#2191=CARTESIAN_POINT('',(-411.001107704448,435.999451564765,76.9288790069589));
#2192=CARTESIAN_POINT('',(-393.001107704448,435.999451564765,76.9288790069589));
#2193=CARTESIAN_POINT('',(-393.001107704448,433.713737278942,67.1662969500305));
#2194=CARTESIAN_POINT('',(-411.001107704448,433.713737278942,67.1662969500305));
#2195=CARTESIAN_POINT('',(-393.001107704448,427.999510287609,74.832815726803));
#2196=CARTESIAN_POINT('',(-411.001107704448,427.999510287609,74.832815726803));
#2197=CARTESIAN_POINT('',(-393.001107704448,420.855810943,66.6806958828378));
#2198=CARTESIAN_POINT('',(-411.001107704448,420.855810943,66.6806958828378));
#2199=CARTESIAN_POINT('',(-411.001107704448,425.998354694294,74.1529742359728));
#2200=CARTESIAN_POINT('',(-393.001107704448,425.998354694294,74.1529742359728));
#2201=CARTESIAN_POINT('',(-411.001107704448,421.,83.0000000000001));
#2202=CARTESIAN_POINT('',(-411.001107704448,422.998354694294,83.));
#2203=CARTESIAN_POINT('',(-393.001107704448,421.,83.));
#2204=CARTESIAN_POINT('',(-393.001107704448,422.998354694294,83.));
#2205=CARTESIAN_POINT('',(-411.001107704448,418.,80.));
#2206=CARTESIAN_POINT('',(-393.001107704448,418.,80.0000000000001));
#2207=CARTESIAN_POINT('',(-411.001107704448,430.999451564613,83.));
#2208=CARTESIAN_POINT('',(-411.001107704448,432.999451564765,83.0000000000001));
#2209=CARTESIAN_POINT('',(-393.001107704448,430.999451564613,83.));
#2210=CARTESIAN_POINT('',(-393.001107704448,432.999451564765,83.0000000000001));
#2211=CARTESIAN_POINT('',(-393.001107704448,427.999672696076,79.9999999867408));
#2212=CARTESIAN_POINT('',(-411.001107704448,427.999672696076,79.9999999867616));
#2213=CARTESIAN_POINT('',(-411.001107704448,435.999451564765,80.));
#2214=CARTESIAN_POINT('',(-393.001107704448,435.999451564765,80.));
#2215=CARTESIAN_POINT('',(-411.001107704448,425.998354694294,80.));
#2216=CARTESIAN_POINT('',(-393.001107704448,425.998354694294,80.));
#2217=CARTESIAN_POINT('',(-408.052767762745,436.00054311425,75.7290422475598));
#2218=CARTESIAN_POINT('',(-400.273589533641,440.127555218224,69.9282776984249));
#2219=CARTESIAN_POINT('',(-403.726862630103,440.127555218225,69.9282776984249));
#2220=CARTESIAN_POINT('',(-396.053824399844,435.999794322181,76.8548249646659));
#2221=CARTESIAN_POINT('',(-408.052762184021,436.089938826878,75.7290422475598));
#2222=CARTESIAN_POINT('',(-407.957783414316,436.000537186783,76.797088362544));
#2223=CARTESIAN_POINT('',(-408.053391828031,418.,75.7290422475598));
#2224=CARTESIAN_POINT('',(-395.948823580865,418.,75.7290422475599));
#2225=CARTESIAN_POINT('',(-399.501107704448,425.998354694294,75.7290422475598));
#2226=CARTESIAN_POINT('',(-400.060486767002,425.998354694294,74.1529742359728));
#2227=CARTESIAN_POINT('',(-403.941728641894,425.998354694294,74.1529742359728));
#2228=CARTESIAN_POINT('',(-399.667274372033,427.999510287609,74.832815726803));
#2229=CARTESIAN_POINT('',(-399.501107704448,427.999451564613,75.7290422475598));
#2230=CARTESIAN_POINT('',(-404.334941036863,427.999510287609,74.832815726803));
#2231=CARTESIAN_POINT('',(-404.254399037389,436.000306077681,76.8119449065713));
#2232=CARTESIAN_POINT('',(-404.194368234794,435.99955984775,76.9288790056341));
#2233=CARTESIAN_POINT('',(-399.807847173252,435.999686907801,76.9288790040795));
#2234=CARTESIAN_POINT('',(-399.758053125604,436.00002548396,76.8329924983985));
#2235=CARTESIAN_POINT('',(-399.501107704448,436.000009449323,75.7290422475598));
#2236=CARTESIAN_POINT('',(-404.501107704448,418.,75.7290422475598));
#2237=CARTESIAN_POINT('',(-399.501107704448,418.,75.7290422475598));
#2238=CARTESIAN_POINT('',(-393.001107704448,413.443345327389,18.));
#2239=CARTESIAN_POINT('',(-411.001107704448,413.443345327389,18.));
#2240=CARTESIAN_POINT('',(-411.001107704448,410.660778028368,22.1213024687483));
#2241=CARTESIAN_POINT('',(-393.001107704448,410.660778028368,22.1213024687483));
#2242=CARTESIAN_POINT('',(-411.001107704448,442.555557006242,18.));
#2243=CARTESIAN_POINT('',(-393.001107704448,445.33812428456,22.121302520121));
#2244=CARTESIAN_POINT('',(-411.001107704448,445.33812428456,22.121302520121));
#2245=CARTESIAN_POINT('',(-393.001107704448,442.555557006242,18.));
#2246=CARTESIAN_POINT('',(-393.001107704448,403.,49.7226962899503));
#2247=CARTESIAN_POINT('',(-393.001107704448,403.86021230771,62.2059390111028));
#2248=CARTESIAN_POINT('',(-393.001107704448,414.355750672104,69.0187936618173));
#2249=CARTESIAN_POINT('',(-393.001107704448,403.,49.7226962899503));
#2250=CARTESIAN_POINT('',(-411.001107704448,403.,49.7226962899503));
#2251=CARTESIAN_POINT('',(-411.001107704448,403.,49.7226962899503));
#2252=CARTESIAN_POINT('',(-411.001107704448,403.86021230771,62.2059390111025));
#2253=CARTESIAN_POINT('',(-411.001107704448,414.355750672104,69.0187936618172));
#2254=CARTESIAN_POINT('',(-393.001107704448,408.046768122761,49.3749267119339));
#2255=CARTESIAN_POINT('',(-393.001107704448,406.671841410827,29.4222432699301));
#2256=CARTESIAN_POINT('',(-393.001107704448,426.624524852831,28.0473165579962));
#2257=CARTESIAN_POINT('',(-393.001107704448,408.046768122761,49.3749267119339));
#2258=CARTESIAN_POINT('',(-411.001107704448,408.046768122761,49.3749267119339));
#2259=CARTESIAN_POINT('',(-411.001107704448,408.046768122761,49.3749267119339));
#2260=CARTESIAN_POINT('',(-411.001107704448,406.671841410827,29.4222432699301));
#2261=CARTESIAN_POINT('',(-411.001107704448,426.624524852831,28.0473165579962));
#2262=CARTESIAN_POINT('',(-393.001107704448,429.374378276869,28.047316558008));
#2263=CARTESIAN_POINT('',(-395.136248521975,429.374378276869,28.047316558008));
#2264=CARTESIAN_POINT('',(-411.001107704448,426.624524852831,28.0473165579962));
#2265=CARTESIAN_POINT('',(-408.863531752641,426.624524852831,28.0473165579962));
#2266=CARTESIAN_POINT('',(-393.001107704448,426.624524852831,28.0473165579962));
#2267=CARTESIAN_POINT('',(-393.001107704448,429.374378276869,28.047316558008));
#2268=CARTESIAN_POINT('',(-411.001107704448,429.374378276869,28.047316558008));
#2269=CARTESIAN_POINT('',(-411.001107704448,426.624524852831,28.0473165579962));
#2270=CARTESIAN_POINT('',(-393.001107704448,429.374378276869,28.047316558008));
#2271=CARTESIAN_POINT('',(-393.001107704448,446.754483052733,29.2449685121915));
#2272=CARTESIAN_POINT('',(-393.001107704447,447.952135006768,46.6250732880661));
#2273=CARTESIAN_POINT('',(-393.001107704448,449.052486081989,62.5931656150041));
#2274=CARTESIAN_POINT('',(-393.001107704448,433.713737278942,67.1662969500305));
#2275=CARTESIAN_POINT('',(-411.001107704448,429.374378276869,28.047316558008));
#2276=CARTESIAN_POINT('',(-411.001107704448,446.754483052733,29.2449685121916));
#2277=CARTESIAN_POINT('',(-411.001107704447,447.952135006768,46.6250732880661));
#2278=CARTESIAN_POINT('',(-411.001107704448,449.052486081989,62.5931656150041));
#2279=CARTESIAN_POINT('',(-411.001107704448,433.713737278942,67.1662969500305));
#2280=CARTESIAN_POINT('',(-393.001107704448,409.439062464731,31.1639607537352));
#2281=CARTESIAN_POINT('',(-393.001107704448,402.26604265841,39.0716424049938));
#2282=CARTESIAN_POINT('',(-393.001107704448,403.,49.7226962899503));
#2283=CARTESIAN_POINT('',(-411.001107704448,409.439062464731,31.1639607537352));
#2284=CARTESIAN_POINT('',(-411.001107704448,402.26604265841,39.0716424049938));
#2285=CARTESIAN_POINT('',(-411.001107704448,403.,49.7226962899503));
#2286=CARTESIAN_POINT('',(-393.001107704448,410.933838848418,22.7989163416266));
#2287=CARTESIAN_POINT('',(-411.001107704448,410.933838848418,22.7989163416265));
#2288=CARTESIAN_POINT('',(-393.001107704448,409.439062464731,31.1639607537352));
#2289=CARTESIAN_POINT('',(-411.001107704448,409.439062464731,31.1639607537352));
#2290=CARTESIAN_POINT('',(-393.001107704448,409.439062464731,31.1639607537352));
#2291=CARTESIAN_POINT('',(-393.001107704447,412.808066003212,27.44990332972));
#2292=CARTESIAN_POINT('',(-393.001107704448,410.933838848418,22.7989163416266));
#2293=CARTESIAN_POINT('',(-411.001107704448,410.933838848418,22.7989163416265));
#2294=CARTESIAN_POINT('',(-411.001107704447,412.808066003212,27.44990332972));
#2295=CARTESIAN_POINT('',(-411.001107704448,409.439062464731,31.1639607537352));
#2296=CARTESIAN_POINT('',(-411.001107704448,445.065063775164,22.7989155860081));
#2297=CARTESIAN_POINT('',(-393.001107704448,445.065063775165,22.7989155860081));
#2298=CARTESIAN_POINT('',(-411.001107704448,446.559840239454,31.163960284803));
#2299=CARTESIAN_POINT('',(-393.001107704448,446.559840239454,31.163960284803));
#2300=CARTESIAN_POINT('',(-393.001107704448,445.065063775165,22.7989155860081));
#2301=CARTESIAN_POINT('',(-393.001107704447,443.190836443449,27.4499027654621));
#2302=CARTESIAN_POINT('',(-393.001107704448,446.559840239454,31.163960284803));
#2303=CARTESIAN_POINT('',(-411.001107704448,446.559840239454,31.163960284803));
#2304=CARTESIAN_POINT('',(-411.001107704448,443.190836443449,27.4499027654621));
#2305=CARTESIAN_POINT('',(-411.001107704448,445.065063775164,22.7989155860081));
#2306=CARTESIAN_POINT('',(-399.35,428.,18.));
#2307=CARTESIAN_POINT('',(-399.35,430.65,18.));
#2308=CARTESIAN_POINT('',(-402.,430.65,18.));
#2309=CARTESIAN_POINT('',(-404.65,430.65,18.));
#2310=CARTESIAN_POINT('',(-404.65,428.,18.));
#2311=CARTESIAN_POINT('',(-404.65,425.35,18.));
#2312=CARTESIAN_POINT('',(-402.,425.35,18.));
#2313=CARTESIAN_POINT('',(-399.35,425.35,18.));
#2314=CARTESIAN_POINT('',(-399.35,428.,18.));
#2315=CARTESIAN_POINT('',(-399.35,428.,18.));
#2316=CARTESIAN_POINT('',(-399.35,428.,23.6792307680968));
#2317=CARTESIAN_POINT('',(-406.189513370209,422.392150347876,23.6792307680968));
#2318=CARTESIAN_POINT('',(-400.581663718084,418.202636977666,23.6792307680968));
#2319=CARTESIAN_POINT('',(-396.392150347874,423.81048662979,23.6792307680968));
#2320=CARTESIAN_POINT('',(-392.202636977665,429.418336281915,23.6792307680968));
#2321=CARTESIAN_POINT('',(-397.810486629789,433.607849652125,23.6792307680968));
#2322=CARTESIAN_POINT('',(-403.418336281914,437.797363022335,23.6792307680968));
#2323=CARTESIAN_POINT('',(-407.607849652124,432.18951337021,23.6792307680968));
#2324=CARTESIAN_POINT('',(-411.797363022334,426.581663718085,23.6792307680968));
#2325=CARTESIAN_POINT('',(-406.189513370209,422.392150347876,23.6792307680968));
#2326=CARTESIAN_POINT('',(-406.189513370209,422.392150347876,23.6792307680968));
#2327=CARTESIAN_POINT('',(-406.189513370209,422.392150347875,28.8021310280783));
#2328=CARTESIAN_POINT('',(-408.863531752641,426.624524852831,28.0473165579962));
#2329=CARTESIAN_POINT('',(-409.139067339659,427.999429557123,28.0473165579962));
#2330=CARTESIAN_POINT('',(-408.863751478023,429.374378276869,28.047316558008));
#2331=CARTESIAN_POINT('',(-395.136468247357,426.624524852831,28.0473165579962));
#2332=CARTESIAN_POINT('',(-395.342308919605,425.597393251896,28.1180955426326));
#2333=CARTESIAN_POINT('',(-395.773600209208,424.638443452797,28.2662575980249));
#2334=CARTESIAN_POINT('',(-396.392150347874,423.81048662979,28.4436053227197));
#2335=CARTESIAN_POINT('',(-396.665425481011,423.444695731212,28.5219574562783));
#2336=CARTESIAN_POINT('',(-396.973618979396,423.106805695723,28.6051040592296));
#2337=CARTESIAN_POINT('',(-397.650790762562,422.49616072188,28.7694574334641));
#2338=CARTESIAN_POINT('',(-398.01893738081,422.224159714646,28.8504195442437));
#2339=CARTESIAN_POINT('',(-399.200054546535,421.518992291119,29.0725806118992));
#2340=CARTESIAN_POINT('',(-400.076881296389,421.205433403583,29.1887936935392));
#2341=CARTESIAN_POINT('',(-400.997084797054,421.072218169161,29.237978854003));
#2342=CARTESIAN_POINT('',(-401.453277156409,421.006176503324,29.2623624760834));
#2343=CARTESIAN_POINT('',(-401.9146983014,420.985321291432,29.270272963876));
#2344=CARTESIAN_POINT('',(-402.836333830867,421.034837838947,29.2518039852633));
#2345=CARTESIAN_POINT('',(-403.292245046695,421.104972825057,29.2255260524835));
#2346=CARTESIAN_POINT('',(-404.629287557929,421.447573574242,29.1020665596601));
#2347=CARTESIAN_POINT('',(-405.460834323567,421.847768669001,28.9611336785739));
#2348=CARTESIAN_POINT('',(-406.189513370209,422.392150347875,28.8021310280783));
#2349=CARTESIAN_POINT('',(-406.189513370209,422.392150347875,28.8021310280783));
#2350=CARTESIAN_POINT('',(-406.871341069481,422.901530313367,28.6533516555064));
#2351=CARTESIAN_POINT('',(-407.455367670503,423.531578099195,28.4916381042362));
#2352=CARTESIAN_POINT('',(-408.369808366213,424.974076401119,28.2164896188266));
#2353=CARTESIAN_POINT('',(-408.69366463609,425.7768989611,28.1057259185043));
#2354=CARTESIAN_POINT('',(-408.863531752641,426.624524852831,28.0473165579962));
#2355=CARTESIAN_POINT('',(-408.863751478023,429.374378276869,28.047316558008));
#2356=CARTESIAN_POINT('',(-408.657999230437,430.401920924642,28.1181238676203));
#2357=CARTESIAN_POINT('',(-408.226621823949,431.361259345963,28.2663803317126));
#2358=CARTESIAN_POINT('',(-407.607849652124,432.18951337021,28.4438403037164));
#2359=CARTESIAN_POINT('',(-407.334575443709,432.555303031006,28.522213630092));
#2360=CARTESIAN_POINT('',(-407.026383000886,432.893192157247,28.6053801837957));
#2361=CARTESIAN_POINT('',(-406.349213361418,433.503835920587,28.7697703335266));
#2362=CARTESIAN_POINT('',(-405.981067586064,433.775836840856,28.8507492829932));
#2363=CARTESIAN_POINT('',(-404.799951361248,434.48100514358,29.072955070059));
#2364=CARTESIAN_POINT('',(-403.923123190781,434.794565946822,29.1891896219014));
#2365=CARTESIAN_POINT('',(-403.002915202944,434.927781830839,29.2383838722728));
#2366=CARTESIAN_POINT('',(-402.546721931086,434.993823628777,29.2627719305488));
#2367=CARTESIAN_POINT('',(-402.085299848381,435.014678805048,29.2706838044981));
#2368=CARTESIAN_POINT('',(-401.163662112694,434.965161747252,29.2522113342592));
#2369=CARTESIAN_POINT('',(-400.707750254299,434.895026324031,29.2259285564106));
#2370=CARTESIAN_POINT('',(-399.370706949535,434.552424311117,29.1024460682349));
#2371=CARTESIAN_POINT('',(-398.539162420506,434.152228898562,28.9614871327168));
#2372=CARTESIAN_POINT('',(-397.810486629789,433.607849652125,28.8024514353083));
#2373=CARTESIAN_POINT('',(-397.128510955293,433.098359137275,28.6536081796508));
#2374=CARTESIAN_POINT('',(-396.544380033976,432.468149334188,28.4918193550956));
#2375=CARTESIAN_POINT('',(-395.629853069411,431.025263778733,28.2165489383976));
#2376=CARTESIAN_POINT('',(-395.306018445239,430.222222412276,28.1057409575488));
#2377=CARTESIAN_POINT('',(-395.136248521975,429.374378276869,28.047316558008));
#2378=CARTESIAN_POINT('',(-399.35,428.,23.6792307680968));
#2379=CARTESIAN_POINT('',(-399.35,430.65,23.6792307680968));
#2380=CARTESIAN_POINT('',(-402.,430.65,23.6792307680968));
#2381=CARTESIAN_POINT('',(-404.65,430.65,23.6792307680968));
#2382=CARTESIAN_POINT('',(-404.65,428.,23.6792307680968));
#2383=CARTESIAN_POINT('',(-404.65,425.35,23.6792307680968));
#2384=CARTESIAN_POINT('',(-402.,425.35,23.6792307680968));
#2385=CARTESIAN_POINT('',(-399.35,425.35,23.6792307680968));
#2386=CARTESIAN_POINT('',(-399.35,428.,23.6792307680968));
#2387=CARTESIAN_POINT('',(-395.136248521975,429.374378276869,28.047316558008));
#2388=CARTESIAN_POINT('',(-394.860932660339,427.999429557123,28.0473165579962));
#2389=CARTESIAN_POINT('',(-395.136468247357,426.624524852831,28.0473165579962));
#2390=CARTESIAN_POINT('',(-408.863751478023,429.374378276869,28.047316558008));
#2391=CARTESIAN_POINT('',(-411.001107704448,429.374378276869,28.047316558008));
#2392=CARTESIAN_POINT('',(-395.136468247357,426.624524852831,28.0473165579962));
#2393=CARTESIAN_POINT('',(-393.001107704448,426.624524852831,28.0473165579962));
#2394=CARTESIAN_POINT('',(-393.001107704448,414.355750672104,69.0187936618173));
#2395=CARTESIAN_POINT('',(-411.001107704448,414.355750672104,69.0187936618172));
#2396=CARTESIAN_POINT('',(-393.001107704448,418.,75.7290422475598));
#2397=CARTESIAN_POINT('',(-395.948823580865,418.,75.7290422475599));
#2398=CARTESIAN_POINT('',(-393.001107704448,418.,75.7290422475598));
#2399=CARTESIAN_POINT('',(-393.001107704448,418.,71.3843455868267));
#2400=CARTESIAN_POINT('',(-393.001107704448,414.355750672104,69.0187936618173));
#2401=CARTESIAN_POINT('',(-411.001107704448,418.,75.7290422475598));
#2402=CARTESIAN_POINT('',(-411.001107704448,418.,71.3843455868266));
#2403=CARTESIAN_POINT('',(-411.001107704448,414.355750672104,69.0187936618172));
#2404=CARTESIAN_POINT('',(-393.001107704448,440.127555218225,69.928277698425));
#2405=CARTESIAN_POINT('',(-393.001107704448,454.096294134857,62.2024400463595));
#2406=CARTESIAN_POINT('',(-393.001107704448,452.998903129624,46.2773037101289));
#2407=CARTESIAN_POINT('',(-393.001107704448,452.401203493812,37.6035965783582));
#2408=CARTESIAN_POINT('',(-393.001107704448,446.559840239454,31.163960284803));
#2409=CARTESIAN_POINT('',(-411.001107704448,440.127555218224,69.9282776984249));
#2410=CARTESIAN_POINT('',(-411.001107704448,454.096294134857,62.2024400463595));
#2411=CARTESIAN_POINT('',(-411.001107704447,452.998903129623,46.2773037101289));
#2412=CARTESIAN_POINT('',(-411.001107704446,452.40120349381,37.6035965783582));
#2413=CARTESIAN_POINT('',(-411.001107704448,446.559840239454,31.163960284803));
#2414=CARTESIAN_POINT('',(-411.001107704448,435.999451564765,76.9288790069589));
#2415=CARTESIAN_POINT('',(-411.001107704448,435.999451564765,80.));
#2416=CARTESIAN_POINT('',(-393.001107704448,435.999451564765,76.9288790069589));
#2417=CARTESIAN_POINT('',(-393.001107704448,435.999451564765,80.));
#2418=CARTESIAN_POINT('',(-411.001107704448,440.127555218224,69.9282776984249));
#2419=CARTESIAN_POINT('',(-403.726862630103,440.127555218224,69.9282776984249));
#2420=CARTESIAN_POINT('',(-393.001107704448,440.127555218225,69.928277698425));
#2421=CARTESIAN_POINT('',(-393.001107704448,435.999451564774,72.2114514929817));
#2422=CARTESIAN_POINT('',(-393.001107704448,435.999451564765,76.9288790069589));
#2423=CARTESIAN_POINT('',(-411.001107704448,440.127555218224,69.9282776984249));
#2424=CARTESIAN_POINT('',(-411.001107704448,435.999451564774,72.2114514929816));
#2425=CARTESIAN_POINT('',(-411.001107704448,435.999451564765,76.9288790069589));
#2426=CARTESIAN_POINT('',(-393.001107704448,433.713737278942,67.1662969500305));
#2427=CARTESIAN_POINT('',(-411.001107704448,433.713737278942,67.1662969500305));
#2428=CARTESIAN_POINT('',(-393.001107704448,427.999510287609,74.832815726803));
#2429=CARTESIAN_POINT('',(-399.667274372033,427.999510287609,74.832815726803));
#2430=CARTESIAN_POINT('',(-393.001107704448,427.999510287609,74.832815726803));
#2431=CARTESIAN_POINT('',(-393.001107704447,427.999480926111,68.8699677883884));
#2432=CARTESIAN_POINT('',(-393.001107704448,433.713737278942,67.1662969500305));
#2433=CARTESIAN_POINT('',(-411.001107704448,427.999510287609,74.832815726803));
#2434=CARTESIAN_POINT('',(-411.001107704447,427.999480926111,68.8699677883883));
#2435=CARTESIAN_POINT('',(-411.001107704448,433.713737278942,67.1662969500305));
#2436=CARTESIAN_POINT('',(-393.001107704448,420.855810943,66.6806958828378));
#2437=CARTESIAN_POINT('',(-393.001107704448,408.924900678588,62.118224776085));
#2438=CARTESIAN_POINT('',(-393.001107704448,408.046768122761,49.3749267119339));
#2439=CARTESIAN_POINT('',(-411.001107704448,420.855810943,66.6806958828378));
#2440=CARTESIAN_POINT('',(-411.001107704449,408.924900678589,62.1182247760849));
#2441=CARTESIAN_POINT('',(-411.001107704448,408.046768122761,49.3749267119339));
#2442=CARTESIAN_POINT('',(-411.001107704448,425.998354694294,74.1529742359728));
#2443=CARTESIAN_POINT('',(-411.001107704448,425.998354694294,80.));
#2444=CARTESIAN_POINT('',(-393.001107704448,425.998354694294,74.1529742359728));
#2445=CARTESIAN_POINT('',(-393.001107704448,425.998354694294,80.));
#2446=CARTESIAN_POINT('',(-411.001107704448,420.855810943,66.6806958828378));
#2447=CARTESIAN_POINT('',(-393.001107704448,420.855810943,66.6806958828378));
#2448=CARTESIAN_POINT('',(-411.001107704448,425.998354694294,74.1529742359728));
#2449=CARTESIAN_POINT('',(-403.941728641894,425.998354694294,74.1529742359728));
#2450=CARTESIAN_POINT('',(-411.001107704448,420.855810943,66.6806958828378));
#2451=CARTESIAN_POINT('',(-411.001107704448,425.998354694294,68.6472438461124));
#2452=CARTESIAN_POINT('',(-411.001107704448,425.998354694294,74.1529742359728));
#2453=CARTESIAN_POINT('',(-393.001107704448,420.855810943,66.6806958828378));
#2454=CARTESIAN_POINT('',(-393.001107704448,425.998354694294,68.6472438461124));
#2455=CARTESIAN_POINT('',(-393.001107704448,425.998354694294,74.1529742359728));
#2456=CARTESIAN_POINT('',(-411.001107704448,422.998354694294,83.));
#2457=CARTESIAN_POINT('',(-411.001107704448,421.,83.0000000000001));
#2458=CARTESIAN_POINT('',(-393.001107704448,422.998354694294,83.));
#2459=CARTESIAN_POINT('',(-393.001107704448,421.,83.));
#2460=CARTESIAN_POINT('',(-411.001107704448,418.,80.));
#2461=CARTESIAN_POINT('',(-411.001107704448,418.,75.7290422475598));
#2462=CARTESIAN_POINT('',(-393.001107704448,418.,80.0000000000001));
#2463=CARTESIAN_POINT('',(-393.001107704448,418.,75.7290422475598));
#2464=CARTESIAN_POINT('',(-411.001107704448,432.999451564765,83.0000000000001));
#2465=CARTESIAN_POINT('',(-411.001107704448,430.999451564613,83.));
#2466=CARTESIAN_POINT('',(-393.001107704448,432.999451564765,83.0000000000001));
#2467=CARTESIAN_POINT('',(-393.001107704448,430.999451564613,83.));
#2468=CARTESIAN_POINT('',(-393.001107704448,427.999672696076,79.9999999867408));
#2469=CARTESIAN_POINT('',(-393.001107704448,427.999510287609,74.832815726803));
#2470=CARTESIAN_POINT('',(-411.001107704448,427.999672696076,79.9999999867616));
#2471=CARTESIAN_POINT('',(-411.001107704448,427.999510287609,74.832815726803));
#2472=CARTESIAN_POINT('',(-393.001107704448,421.,83.));
#2473=CARTESIAN_POINT('',(-411.001107704448,421.,83.0000000000001));
#2474=CARTESIAN_POINT('',(-393.001107704448,422.998354694294,83.));
#2475=CARTESIAN_POINT('',(-411.001107704448,422.998354694294,83.));
#2476=CARTESIAN_POINT('',(-393.001107704448,432.999451564765,83.0000000000001));
#2477=CARTESIAN_POINT('',(-411.001107704448,432.999451564765,83.0000000000001));
#2478=CARTESIAN_POINT('',(-411.001107704448,430.999451564613,83.));
#2479=CARTESIAN_POINT('',(-393.001107704448,430.999451564613,83.));
#2480=CARTESIAN_POINT('',(-393.001107704448,425.998354694294,80.));
#2481=CARTESIAN_POINT('',(-411.001107704448,425.998354694294,80.));
#2482=CARTESIAN_POINT('',(-411.001107704448,427.999672696076,79.9999999867616));
#2483=CARTESIAN_POINT('',(-393.001107704448,427.999672696076,79.9999999867408));
#2484=CARTESIAN_POINT('',(-411.001107704448,421.,83.0000000000001));
#2485=CARTESIAN_POINT('',(-411.001107704449,418.,83.));
#2486=CARTESIAN_POINT('',(-411.001107704448,418.,80.));
#2487=CARTESIAN_POINT('',(-393.001107704448,421.,83.));
#2488=CARTESIAN_POINT('',(-393.00110770445,418.,83.));
#2489=CARTESIAN_POINT('',(-393.001107704448,418.,80.0000000000001));
#2490=CARTESIAN_POINT('',(-411.001107704448,425.998354694294,80.));
#2491=CARTESIAN_POINT('',(-411.001107704447,425.998354694294,83.));
#2492=CARTESIAN_POINT('',(-411.001107704448,422.998354694294,83.));
#2493=CARTESIAN_POINT('',(-393.001107704448,425.998354694294,80.));
#2494=CARTESIAN_POINT('',(-393.001107704447,425.998354694294,83.));
#2495=CARTESIAN_POINT('',(-393.001107704448,422.998354694294,83.));
#2496=CARTESIAN_POINT('',(-411.001107704448,430.999451564613,83.));
#2497=CARTESIAN_POINT('',(-411.001107704446,427.999562130345,82.9999999933808));
#2498=CARTESIAN_POINT('',(-411.001107704448,427.999672696076,79.9999999867616));
#2499=CARTESIAN_POINT('',(-393.001107704448,430.999451564613,83.));
#2500=CARTESIAN_POINT('',(-393.001107704446,427.999562130345,82.9999999933704));
#2501=CARTESIAN_POINT('',(-393.001107704448,427.999672696076,79.9999999867408));
#2502=CARTESIAN_POINT('',(-411.001107704448,435.999451564765,80.));
#2503=CARTESIAN_POINT('',(-411.001107704455,435.999451564765,83.));
#2504=CARTESIAN_POINT('',(-411.001107704448,432.999451564765,83.0000000000001));
#2505=CARTESIAN_POINT('',(-393.001107704448,435.999451564765,80.));
#2506=CARTESIAN_POINT('',(-393.001107704455,435.999451564765,83.));
#2507=CARTESIAN_POINT('',(-393.001107704448,432.999451564765,83.0000000000001));
#2508=CARTESIAN_POINT('',(-408.052767762745,436.00054311425,75.7290422475598));
#2509=CARTESIAN_POINT('',(-408.052767762745,436.000543114258,76.2672889178506));
#2510=CARTESIAN_POINT('',(-407.957783414316,436.000537186783,76.797088362544));
#2511=CARTESIAN_POINT('',(-400.273589533641,440.127555218224,69.9282776984249));
#2512=CARTESIAN_POINT('',(-400.790273000341,440.405702593055,69.7751175049552));
#2513=CARTESIAN_POINT('',(-401.372226974633,440.571580194438,69.6767581239766));
#2514=CARTESIAN_POINT('',(-402.000198372567,440.571580194438,69.6767581239766));
#2515=CARTESIAN_POINT('',(-402.628180634585,440.571580194438,69.6767581239766));
#2516=CARTESIAN_POINT('',(-403.210154535799,440.405697019179,69.7751202661095));
#2517=CARTESIAN_POINT('',(-403.726862630103,440.127555218225,69.9282776984249));
#2518=CARTESIAN_POINT('',(-400.273589533641,440.127555218224,69.9282776984249));
#2519=CARTESIAN_POINT('',(-400.020029663657,439.991089860203,70.0037540321805));
#2520=CARTESIAN_POINT('',(-399.776162057074,439.836717118011,70.0946060460985));
#2521=CARTESIAN_POINT('',(-399.315839097678,439.518621899817,70.2987990459755));
#2522=CARTESIAN_POINT('',(-399.09412166272,439.351181725147,70.4144390658724));
#2523=CARTESIAN_POINT('',(-398.461787982789,438.847265505053,70.7943999747032));
#2524=CARTESIAN_POINT('',(-398.071343137677,438.500196054125,71.0988044482754));
#2525=CARTESIAN_POINT('',(-397.720737052301,438.170587982727,71.4494311021065));
#2526=CARTESIAN_POINT('',(-397.209878890894,437.690325430642,71.9603192332232));
#2527=CARTESIAN_POINT('',(-396.771158801306,437.235060510233,72.5813753105638));
#2528=CARTESIAN_POINT('',(-396.135692103043,436.496388445205,74.0348482718295));
#2529=CARTESIAN_POINT('',(-395.948185641747,436.222485247927,74.8552753809928));
#2530=CARTESIAN_POINT('',(-395.948193913284,436.089938826878,75.7290422475599));
#2531=CARTESIAN_POINT('',(-395.948197470013,436.03294438682,76.1047585657087));
#2532=CARTESIAN_POINT('',(-395.983139957724,436.003250677453,76.4814536181354));
#2533=CARTESIAN_POINT('',(-396.053824399844,435.999794322181,76.8548249646659));
#2534=CARTESIAN_POINT('',(-408.052762184021,436.089938826878,75.7290422475598));
#2535=CARTESIAN_POINT('',(-408.052753912303,436.222488132991,74.8552563621981));
#2536=CARTESIAN_POINT('',(-407.865205309246,436.496399063158,74.0348208803337));
#2537=CARTESIAN_POINT('',(-407.229640695853,437.235075050163,72.5813531333772));
#2538=CARTESIAN_POINT('',(-406.790865363978,437.69033680342,71.9603071352212));
#2539=CARTESIAN_POINT('',(-406.279959359874,438.170587982727,71.4494311021064));
#2540=CARTESIAN_POINT('',(-405.929309496843,438.50019853514,71.0988018090503));
#2541=CARTESIAN_POINT('',(-405.538820041307,438.847268839738,70.7943972377933));
#2542=CARTESIAN_POINT('',(-404.906424264878,439.35118412244,70.4144373696871));
#2543=CARTESIAN_POINT('',(-404.684686546512,439.518623716162,70.2987978385744));
#2544=CARTESIAN_POINT('',(-404.224325438378,439.836717711927,70.0946057062087));
#2545=CARTESIAN_POINT('',(-403.980439232479,439.991090021546,70.003753942945));
#2546=CARTESIAN_POINT('',(-403.726862630103,440.127555218225,69.9282776984249));
#2547=CARTESIAN_POINT('',(-407.957783414316,436.000537186783,76.797088362544));
#2548=CARTESIAN_POINT('',(-408.021355986064,436.006379506093,76.4424940828771));
#2549=CARTESIAN_POINT('',(-408.052765556129,436.035902820729,76.0852561038085));
#2550=CARTESIAN_POINT('',(-408.052762184021,436.089938826878,75.7290422475598));
#2551=CARTESIAN_POINT('',(-396.053824399844,435.999794322181,76.8548249646659));
#2552=CARTESIAN_POINT('',(-397.28855969517,435.999871375632,76.8464786626363));
#2553=CARTESIAN_POINT('',(-398.52330502236,435.999948429709,76.8393898392188));
#2554=CARTESIAN_POINT('',(-399.758053125604,436.00002548396,76.8329924983985));
#2555=CARTESIAN_POINT('',(-400.27358953364,440.127555218224,69.9282776984249));
#2556=CARTESIAN_POINT('',(-393.001107704448,440.127555218225,69.928277698425));
#2557=CARTESIAN_POINT('',(-408.052762184021,436.089938826878,75.7290422475598));
#2558=CARTESIAN_POINT('',(-408.052767762745,436.00054311425,75.7290422475598));
#2559=CARTESIAN_POINT('',(-396.053824399844,435.999794322181,76.8548249646659));
#2560=CARTESIAN_POINT('',(-395.94819953915,435.999787730679,76.2968886525373));
#2561=CARTESIAN_POINT('',(-395.948199539151,435.999787730679,75.7290422475723));
#2562=CARTESIAN_POINT('',(-395.94819953915,435.999787730679,69.6767581239885));
#2563=CARTESIAN_POINT('',(-402.000483650948,436.000165422465,69.6767581239822));
#2564=CARTESIAN_POINT('',(-408.052767762745,436.00054311425,69.6767581239759));
#2565=CARTESIAN_POINT('',(-408.052767762745,436.00054311425,75.7290422475598));
#2566=CARTESIAN_POINT('',(-411.001107704448,435.999451564765,76.9288790069589));
#2567=CARTESIAN_POINT('',(-407.932644698448,435.999451564764,76.9288790069589));
#2568=CARTESIAN_POINT('',(-404.194368234794,435.99955984775,76.9288790056341));
#2569=CARTESIAN_POINT('',(-393.001107704448,435.999451564765,80.));
#2570=CARTESIAN_POINT('',(-397.712236555133,435.999897815116,79.9999999722641));
#2571=CARTESIAN_POINT('',(-411.001107704448,435.999451564765,80.));
#2572=CARTESIAN_POINT('',(-408.053391828031,418.,75.7290422475598));
#2573=CARTESIAN_POINT('',(-408.053391828031,418.,74.8923262411288));
#2574=CARTESIAN_POINT('',(-407.881112593635,417.867507959225,74.0863311146143));
#2575=CARTESIAN_POINT('',(-407.253829866369,417.410483865065,72.6195928990178));
#2576=CARTESIAN_POINT('',(-406.811746527684,417.09529155351,71.9804587798885));
#2577=CARTESIAN_POINT('',(-406.280718849901,416.759062689731,71.4494311021064));
#2578=CARTESIAN_POINT('',(-406.011308332251,416.58848101192,71.1800205844558));
#2579=CARTESIAN_POINT('',(-405.717243454076,416.411698729154,70.936830182915));
#2580=CARTESIAN_POINT('',(-405.087980755159,416.068700152087,70.5092792911846));
#2581=CARTESIAN_POINT('',(-404.749371832782,415.900567118618,70.3226425467194));
#2582=CARTESIAN_POINT('',(-404.030427601073,415.601812237874,70.0136043463104));
#2583=CARTESIAN_POINT('',(-403.646829035719,415.470417356237,69.8903529980103));
#2584=CARTESIAN_POINT('',(-402.840204616515,415.283825544652,69.7209487885173));
#2585=CARTESIAN_POINT('',(-402.425764669859,415.231620866177,69.6767581239766));
#2586=CARTESIAN_POINT('',(-402.001107704448,415.231620866177,69.6767581239766));
#2587=CARTESIAN_POINT('',(-401.576450739036,415.231620866177,69.6767581239766));
#2588=CARTESIAN_POINT('',(-401.162010792381,415.283825544652,69.7209487885173));
#2589=CARTESIAN_POINT('',(-400.355386373176,415.470417356238,69.8903529980106));
#2590=CARTESIAN_POINT('',(-399.971787807825,415.601812237874,70.0136043463099));
#2591=CARTESIAN_POINT('',(-399.252843576114,415.900567118618,70.3226425467197));
#2592=CARTESIAN_POINT('',(-398.914234653737,416.068700152087,70.5092792911847));
#2593=CARTESIAN_POINT('',(-398.28497195482,416.411698729155,70.9368301829155));
#2594=CARTESIAN_POINT('',(-397.990907076645,416.58848101192,71.1800205844556));
#2595=CARTESIAN_POINT('',(-397.721496558995,416.759062689731,71.4494311021065));
#2596=CARTESIAN_POINT('',(-397.190468881213,417.09529155351,71.9804587798885));
#2597=CARTESIAN_POINT('',(-396.748385542527,417.410483865065,72.6195928990179));
#2598=CARTESIAN_POINT('',(-396.121102815261,417.867507959225,74.0863311146139));
#2599=CARTESIAN_POINT('',(-395.948823580865,418.,74.8923262411296));
#2600=CARTESIAN_POINT('',(-395.948823580865,418.,75.7290422475599));
#2601=CARTESIAN_POINT('',(-408.053391828031,418.,75.7290422475598));
#2602=CARTESIAN_POINT('',(-411.001107704448,418.,75.7290422475598));
#2603=CARTESIAN_POINT('',(-395.948823580865,418.,75.7290422475599));
#2604=CARTESIAN_POINT('',(-399.501107704448,418.,75.7290422475598));
#2605=CARTESIAN_POINT('',(-395.948823580865,418.,75.7290422475599));
#2606=CARTESIAN_POINT('',(-395.948823580865,418.,69.6767581239766));
#2607=CARTESIAN_POINT('',(-402.001107704448,418.,69.6767581239766));
#2608=CARTESIAN_POINT('',(-408.053391828031,418.,69.6767581239765));
#2609=CARTESIAN_POINT('',(-408.053391828031,418.,75.7290422475598));
#2610=CARTESIAN_POINT('',(-393.001107704448,418.,80.0000000000001));
#2611=CARTESIAN_POINT('',(-397.712860627909,418.,80.0000000000001));
#2612=CARTESIAN_POINT('',(-406.289354780987,418.,80.));
#2613=CARTESIAN_POINT('',(-411.001107704448,418.,80.));
#2614=CARTESIAN_POINT('',(-399.501107704448,425.998354694294,75.7290422475598));
#2615=CARTESIAN_POINT('',(-399.501107704448,425.998354694294,74.8417406551762));
#2616=CARTESIAN_POINT('',(-400.060486767002,425.998354694294,74.1529742359728));
#2617=CARTESIAN_POINT('',(-403.941728641894,425.998354694294,74.1529742359728));
#2618=CARTESIAN_POINT('',(-404.758168482878,425.998354694294,75.1582609608669));
#2619=CARTESIAN_POINT('',(-404.407969689231,425.998354694294,76.4050713787423));
#2620=CARTESIAN_POINT('',(-404.057770895584,425.998354694294,77.6518817966176));
#2621=CARTESIAN_POINT('',(-402.837303750954,425.998354694294,78.0850507729702));
#2622=CARTESIAN_POINT('',(-401.616836606325,425.998354694294,78.5182197493229));
#2623=CARTESIAN_POINT('',(-400.558972155387,425.998354694294,77.7711600350865));
#2624=CARTESIAN_POINT('',(-399.501107704448,425.998354694294,77.0241003208501));
#2625=CARTESIAN_POINT('',(-399.501107704448,425.998354694294,75.7290422475598));
#2626=CARTESIAN_POINT('',(-399.667274372033,427.999510287609,74.832815726803));
#2627=CARTESIAN_POINT('',(-399.501107704448,427.999451564613,75.2655247538625));
#2628=CARTESIAN_POINT('',(-399.501107704448,427.999451564613,75.7290422475598));
#2629=CARTESIAN_POINT('',(-399.501107704448,427.999451564613,75.7290422475598));
#2630=CARTESIAN_POINT('',(-399.501107704448,427.999451564613,76.9015083756085));
#2631=CARTESIAN_POINT('',(-400.402573336013,427.999462515914,77.6511993362113));
#2632=CARTESIAN_POINT('',(-401.304038967577,427.999473467215,78.4008902968141));
#2633=CARTESIAN_POINT('',(-402.456858002789,427.999487472039,78.187149581746));
#2634=CARTESIAN_POINT('',(-403.609677038002,427.999501476863,77.973408866678));
#2635=CARTESIAN_POINT('',(-404.182468085132,427.999508435317,76.9503804028996));
#2636=CARTESIAN_POINT('',(-404.755259132262,427.999515393771,75.9273519391213));
#2637=CARTESIAN_POINT('',(-404.334941036863,427.999510287609,74.832815726803));
#2638=CARTESIAN_POINT('',(-404.334941036863,427.999510287609,74.832815726803));
#2639=CARTESIAN_POINT('',(-404.244623088476,427.999451564661,74.5976217953391));
#2640=CARTESIAN_POINT('',(-404.119448856256,428.009947469698,74.3778159623842));
#2641=CARTESIAN_POINT('',(-403.80816346105,428.042224948826,73.9832927266653));
#2642=CARTESIAN_POINT('',(-403.623865483923,428.063700073506,73.810824259195));
#2643=CARTESIAN_POINT('',(-403.210435999395,428.105491646843,73.5266670176732));
#2644=CARTESIAN_POINT('',(-402.983337804479,428.125476796023,73.4163798537181));
#2645=CARTESIAN_POINT('',(-402.503116728204,428.153799861996,73.2670806507871));
#2646=CARTESIAN_POINT('',(-402.253063237202,428.161855592832,73.2290422475598));
#2647=CARTESIAN_POINT('',(-402.001107704448,428.161855592832,73.2290422475598));
#2648=CARTESIAN_POINT('',(-401.749152171694,428.161855592832,73.2290422475598));
#2649=CARTESIAN_POINT('',(-401.499098680692,428.153799861996,73.2670806507872));
#2650=CARTESIAN_POINT('',(-401.018877604417,428.125476796023,73.4163798537182));
#2651=CARTESIAN_POINT('',(-400.791779409501,428.105491646843,73.526667017673));
#2652=CARTESIAN_POINT('',(-400.378349924974,428.063700073506,73.810824259195));
#2653=CARTESIAN_POINT('',(-400.194051947846,428.042224948826,73.9832927266654));
#2654=CARTESIAN_POINT('',(-399.88276655264,428.009947469698,74.3778159623844));
#2655=CARTESIAN_POINT('',(-399.75759232042,427.999451564662,74.5976217953389));
#2656=CARTESIAN_POINT('',(-399.667274372033,427.999510287609,74.832815726803));
#2657=CARTESIAN_POINT('',(-400.060486767002,425.998354694294,74.1529742359728));
#2658=CARTESIAN_POINT('',(-400.294978359021,425.998354694294,73.8642434897227));
#2659=CARTESIAN_POINT('',(-400.590885824197,425.982955539452,73.6315789069037));
#2660=CARTESIAN_POINT('',(-401.262068359274,425.955647546874,73.3120093566277));
#2661=CARTESIAN_POINT('',(-401.629005486881,425.944822442972,73.2290422475598));
#2662=CARTESIAN_POINT('',(-402.001107704448,425.944822442972,73.2290422475598));
#2663=CARTESIAN_POINT('',(-402.373209922016,425.944822442972,73.2290422475598));
#2664=CARTESIAN_POINT('',(-402.740147049622,425.955647546874,73.3120093566276));
#2665=CARTESIAN_POINT('',(-403.411329584698,425.982955539452,73.6315789069036));
#2666=CARTESIAN_POINT('',(-403.707237049875,425.998354694294,73.8642434897228));
#2667=CARTESIAN_POINT('',(-403.941728641894,425.998354694294,74.1529742359728));
#2668=CARTESIAN_POINT('',(-404.254399037389,436.000306077681,76.8119449065713));
#2669=CARTESIAN_POINT('',(-404.235436920084,435.999732632735,76.8514032856794));
#2670=CARTESIAN_POINT('',(-404.21542141611,435.999451564772,76.8903945107086));
#2671=CARTESIAN_POINT('',(-404.194368234794,435.99955984775,76.9288790056341));
#2672=CARTESIAN_POINT('',(-399.807847173252,435.999686907801,76.9288790040795));
#2673=CARTESIAN_POINT('',(-399.790545320851,435.999451566203,76.8972518100791));
#2674=CARTESIAN_POINT('',(-399.773944295958,435.999641393153,76.8652823764043));
#2675=CARTESIAN_POINT('',(-399.758053125604,436.00002548396,76.8329924983985));
#2676=CARTESIAN_POINT('',(-399.807847173252,435.999686907801,76.9288790040795));
#2677=CARTESIAN_POINT('',(-400.519109524172,435.999610587346,78.2290422488737));
#2678=CARTESIAN_POINT('',(-402.001107701948,435.999567659759,78.229042249399));
#2679=CARTESIAN_POINT('',(-403.483105879725,435.999524732172,78.2290422499242));
#2680=CARTESIAN_POINT('',(-404.194368234794,435.99955984775,76.9288790056341));
#2681=CARTESIAN_POINT('',(-404.254399037389,436.000306077681,76.8119449065713));
#2682=CARTESIAN_POINT('',(-404.416553530873,436.000316196904,76.4745400119781));
#2683=CARTESIAN_POINT('',(-404.501107704448,436.000321473494,76.1044853942357));
#2684=CARTESIAN_POINT('',(-404.501107704448,436.000321473494,75.7290422475598));
#2685=CARTESIAN_POINT('',(-404.501107704448,436.000321473494,75.0660010220886));
#2686=CARTESIAN_POINT('',(-404.237715602876,436.000305036553,74.4301162395201));
#2687=CARTESIAN_POINT('',(-403.536728192077,436.00026129155,73.7291288295212));
#2688=CARTESIAN_POINT('',(-403.261130256838,436.000244092907,73.5449801767862));
#2689=CARTESIAN_POINT('',(-402.654502312369,436.000206236391,73.2937066551499));
#2690=CARTESIAN_POINT('',(-402.329412381928,436.000185949207,73.2290422475598));
#2691=CARTESIAN_POINT('',(-402.001107704448,436.000165461409,73.2290422475598));
#2692=CARTESIAN_POINT('',(-401.672803026968,436.00014497361,73.2290422475598));
#2693=CARTESIAN_POINT('',(-401.347713096527,436.000124686426,73.2937066551498));
#2694=CARTESIAN_POINT('',(-400.741085152058,436.00008682991,73.5449801767863));
#2695=CARTESIAN_POINT('',(-400.465487216819,436.000069631267,73.7291288295211));
#2696=CARTESIAN_POINT('',(-399.764499806021,436.000025886264,74.4301162395197));
#2697=CARTESIAN_POINT('',(-399.501107704448,436.000009449323,75.066001022089));
#2698=CARTESIAN_POINT('',(-399.501107704448,436.000009449323,75.7290422475598));
#2699=CARTESIAN_POINT('',(-399.501107704448,436.000009449323,75.7290422475598));
#2700=CARTESIAN_POINT('',(-399.501107704448,436.000009449323,76.1123080757523));
#2701=CARTESIAN_POINT('',(-399.589222103942,436.000014948088,76.4899584863844));
#2702=CARTESIAN_POINT('',(-399.758053125604,436.00002548396,76.8329924983985));
#2703=CARTESIAN_POINT('',(-404.501107704448,418.,75.7290422475598));
#2704=CARTESIAN_POINT('',(-404.501107704448,417.999999999999,78.2290422475598));
#2705=CARTESIAN_POINT('',(-402.001107704448,418.,78.2290422475598));
#2706=CARTESIAN_POINT('',(-399.501107704448,417.999999999999,78.2290422475598));
#2707=CARTESIAN_POINT('',(-399.501107704448,418.,75.7290422475598));
#2708=CARTESIAN_POINT('',(-404.501107704448,418.,75.7290422475598));
#2709=CARTESIAN_POINT('',(-404.501107704448,418.,73.2290422475598));
#2710=CARTESIAN_POINT('',(-402.001107704448,418.,73.2290422475598));
#2711=CARTESIAN_POINT('',(-399.501107704448,418.,73.2290422475598));
#2712=CARTESIAN_POINT('',(-399.501107704448,418.,75.7290422475598));
#2713=CARTESIAN_POINT('',(-404.334941036863,427.999510287609,74.832815726803));
#2714=CARTESIAN_POINT('',(-411.001107704448,427.999510287609,74.832815726803));
#2715=CARTESIAN_POINT('',(-400.060486767002,425.998354694294,74.1529742359728));
#2716=CARTESIAN_POINT('',(-393.001107704448,425.998354694294,74.1529742359728));
#2717=CARTESIAN_POINT('',(-404.254399037389,436.000306077681,76.8119449065713));
#2718=CARTESIAN_POINT('',(-405.488859274349,436.000383113969,76.8066710381469));
#2719=CARTESIAN_POINT('',(-406.723321120447,436.000460150359,76.8017621329651));
#2720=CARTESIAN_POINT('',(-407.957783414316,436.000537186783,76.797088362544));
#2721=CARTESIAN_POINT('',(-399.807847173252,435.999686907801,76.9288790040795));
#2722=CARTESIAN_POINT('',(-396.068322599827,435.999795226939,76.9288790027542));
#2723=CARTESIAN_POINT('',(-393.001107704448,435.999451564765,76.9288790069589));
#2724=CARTESIAN_POINT('',(-404.501107704448,418.,75.7290422475598));
#2725=CARTESIAN_POINT('',(-408.053391828031,418.,75.7290422475598));
#2726=CARTESIAN_POINT('',(-399.501107704448,427.999451564613,75.7290422475598));
#2727=CARTESIAN_POINT('',(-399.501107704448,436.000009449323,75.7290422475598));
#2728=CARTESIAN_POINT('',(-399.501107704448,418.,75.7290422475598));
#2729=CARTESIAN_POINT('',(-399.501107704448,425.998354694294,75.7290422475598));
#2730=CARTESIAN_POINT('',(-393.001107704448,413.443345327389,18.));
#2731=CARTESIAN_POINT('',(-393.001107704448,442.555557006242,18.));
#2732=CARTESIAN_POINT('',(-411.001107704448,410.660778028368,22.1213024687483));
#2733=CARTESIAN_POINT('',(-411.001107704448,410.933838848418,22.7989163416265));
#2734=CARTESIAN_POINT('',(-393.001107704448,410.660778028368,22.1213024687483));
#2735=CARTESIAN_POINT('',(-393.001107704448,410.933838848418,22.7989163416266));
#2736=CARTESIAN_POINT('',(-393.001107704448,410.660778028368,22.1213024687483));
#2737=CARTESIAN_POINT('',(-411.001107704448,410.660778028368,22.1213024687483));
#2738=CARTESIAN_POINT('',(-393.001107704448,413.443345327389,18.));
#2739=CARTESIAN_POINT('',(-411.001107704448,413.443345327389,18.));
#2740=CARTESIAN_POINT('',(-411.001107704448,410.660778028368,22.1213024687483));
#2741=CARTESIAN_POINT('',(-411.001107704451,409.000000000001,17.9999999999998));
#2742=CARTESIAN_POINT('',(-411.001107704448,413.443345327389,18.));
#2743=CARTESIAN_POINT('',(-393.001107704448,410.660778028368,22.1213024687483));
#2744=CARTESIAN_POINT('',(-393.001107704451,409.000000000001,17.9999999999998));
#2745=CARTESIAN_POINT('',(-393.001107704448,413.443345327389,18.));
#2746=CARTESIAN_POINT('',(-411.001107704448,442.555557006242,18.));
#2747=CARTESIAN_POINT('',(-411.001107704448,413.443345327389,18.));
#2748=CARTESIAN_POINT('',(-393.001107704448,445.33812428456,22.121302520121));
#2749=CARTESIAN_POINT('',(-393.001107704448,445.065063775165,22.7989155860081));
#2750=CARTESIAN_POINT('',(-411.001107704448,445.33812428456,22.121302520121));
#2751=CARTESIAN_POINT('',(-411.001107704448,445.065063775164,22.7989155860081));
#2752=CARTESIAN_POINT('',(-411.001107704448,445.33812428456,22.121302520121));
#2753=CARTESIAN_POINT('',(-393.001107704448,445.33812428456,22.121302520121));
#2754=CARTESIAN_POINT('',(-411.001107704448,442.555557006242,18.));
#2755=CARTESIAN_POINT('',(-393.001107704448,442.555557006242,18.));
#2756=CARTESIAN_POINT('',(-393.001107704448,442.555557006242,18.));
#2757=CARTESIAN_POINT('',(-393.00110770445,446.998902422074,17.9999999999999));
#2758=CARTESIAN_POINT('',(-393.001107704448,445.33812428456,22.121302520121));
#2759=CARTESIAN_POINT('',(-411.001107704448,442.555557006242,18.));
#2760=CARTESIAN_POINT('',(-411.00110770445,446.998902422074,17.9999999999999));
#2761=CARTESIAN_POINT('',(-411.001107704448,445.33812428456,22.121302520121));
#2762=CARTESIAN_POINT('',(0.,0.,0.));
ENDSEC;
END-ISO-10303-21;
