ISO-10303-21;
HEADER;
/* Generated by software containing ST-Developer
 * from STEP Tools, Inc. (www.steptools.com) 
 */
/* OPTION: using custom schema-name function */

FILE_DESCRIPTION(
/* description */ (''),
/* implementation_level */ '2;1');

FILE_NAME(
/* name */ 'PedalMechanism',
/* time_stamp */ '2026-03-26T13:15:26+03:00',
/* author */ (''),
/* organization */ (''),
/* preprocessor_version */ 'ST-DEVELOPER v16.5',
/* originating_system */ 'Rhino 7.23',
/* authorisation */ '');

FILE_SCHEMA (('CONFIG_CONTROL_DESIGN'));
ENDSEC;

DATA;
#10=SHAPE_REPRESENTATION_RELATIONSHIP('','',#1827,#14);
#11=(
BOUNDED_SURFACE()
B_SPLINE_SURFACE(2,3,((#2953,#2954,#2955,#2956,#2957,#2958,#2959,#2960,
#2961,#2962,#2963),(#2964,#2965,#2966,#2967,#2968,#2969,#2970,#2971,#2972,
#2973,#2974),(#2975,#2976,#2977,#2978,#2979,#2980,#2981,#2982,#2983,#2984,
#2985),(#2986,#2987,#2988,#2989,#2990,#2991,#2992,#2993,#2994,#2995,#2996),
(#2997,#2998,#2999,#3000,#3001,#3002,#3003,#3004,#3005,#3006,#3007),(#3008,
#3009,#3010,#3011,#3012,#3013,#3014,#3015,#3016,#3017,#3018),(#3019,#3020,
#3021,#3022,#3023,#3024,#3025,#3026,#3027,#3028,#3029),(#3030,#3031,#3032,
#3033,#3034,#3035,#3036,#3037,#3038,#3039,#3040),(#3041,#3042,#3043,#3044,
#3045,#3046,#3047,#3048,#3049,#3050,#3051)),.UNSPECIFIED.,.T.,.F.,.F.)
B_SPLINE_SURFACE_WITH_KNOTS((3,2,2,2,3),(4,1,1,1,1,1,1,1,4),(0.,1.96349540849362,
3.92699081698724,5.89048622548086,7.85398163397448),(0.,4.87020966325874,
9.96080794859335,15.2097287466363,20.5415522397777,25.8733757329191,31.122296530962,
36.2128948162966,41.0831044795554),.UNSPECIFIED.)
GEOMETRIC_REPRESENTATION_ITEM()
RATIONAL_B_SPLINE_SURFACE(((1.,1.,0.999999999999999,1.,1.,1.,1.,1.,1.,1.,
1.),(0.707106781186548,0.707106781186548,0.707106781186547,0.707106781186548,
0.707106781186548,0.707106781186547,0.707106781186548,0.707106781186547,
0.707106781186548,0.707106781186548,0.707106781186548),(1.,1.,0.999999999999999,
1.,1.,1.,1.,1.,1.,1.,1.),(0.707106781186548,0.707106781186548,0.707106781186547,
0.707106781186548,0.707106781186548,0.707106781186547,0.707106781186548,
0.707106781186547,0.707106781186548,0.707106781186548,0.707106781186548),
(1.,1.,0.999999999999999,1.,1.,1.,1.,1.,1.,1.,1.),(0.707106781186548,0.707106781186548,
0.707106781186547,0.707106781186548,0.707106781186548,0.707106781186547,
0.707106781186548,0.707106781186547,0.707106781186548,0.707106781186548,
0.707106781186548),(1.,1.,0.999999999999999,1.,1.,1.,1.,1.,1.,1.,1.),(0.707106781186548,
0.707106781186548,0.707106781186547,0.707106781186548,0.707106781186548,
0.707106781186547,0.707106781186548,0.707106781186547,0.707106781186548,
0.707106781186548,0.707106781186548),(1.,1.,0.999999999999999,1.,1.,1.,
1.,1.,1.,1.,1.)))
REPRESENTATION_ITEM('')
SURFACE()
);
#12=MANIFOLD_SOLID_BREP('brep_1',#15);
#13=MANIFOLD_SOLID_BREP('brep_2',#16);
#14=ADVANCED_BREP_SHAPE_REPRESENTATION('brep_rep_0',(#12,#13,#1916),#1826);
#15=CLOSED_SHELL('',(#23,#24,#25,#26,#27,#28,#29,#30,#31,#32,#33,#34,#35,
#36,#37,#38,#39,#40,#41,#42,#43,#44,#45,#46,#47,#48,#49,#50,#51,#52,#53,
#54,#55,#56,#57,#58,#59,#60,#61,#62,#63,#64,#65,#66,#67,#68,#69,#70,#71,
#72,#73,#74,#75));
#16=CLOSED_SHELL('',(#76,#77,#78,#79,#80,#81,#82,#83,#84,#85,#86,#87,#88,
#89,#90,#91,#92,#93,#94,#95,#96,#97,#98,#99,#100,#101,#102,#103,#104,#105,
#106,#107,#108,#109,#110,#111,#112,#113,#114,#115,#116,#117,#118,#119,#120,
#121,#122));
#17=FACE_BOUND('',#260,.T.);
#18=FACE_BOUND('',#263,.T.);
#19=FACE_BOUND('',#267,.T.);
#20=FACE_BOUND('',#269,.T.);
#21=FACE_BOUND('',#300,.T.);
#22=FACE_BOUND('',#302,.T.);
#23=ADVANCED_FACE('',(#123),#1675,.T.);
#24=ADVANCED_FACE('',(#124),#1676,.T.);
#25=ADVANCED_FACE('',(#125),#1677,.T.);
#26=ADVANCED_FACE('',(#126),#1678,.T.);
#27=ADVANCED_FACE('',(#127),#1679,.T.);
#28=ADVANCED_FACE('',(#128),#1680,.T.);
#29=ADVANCED_FACE('',(#129),#1681,.T.);
#30=ADVANCED_FACE('',(#130),#1682,.T.);
#31=ADVANCED_FACE('',(#131),#1683,.T.);
#32=ADVANCED_FACE('',(#132),#1684,.T.);
#33=ADVANCED_FACE('',(#133),#1685,.T.);
#34=ADVANCED_FACE('',(#134),#1686,.T.);
#35=ADVANCED_FACE('',(#135),#1687,.T.);
#36=ADVANCED_FACE('',(#136),#1688,.T.);
#37=ADVANCED_FACE('',(#137),#1689,.T.);
#38=ADVANCED_FACE('',(#138),#1690,.T.);
#39=ADVANCED_FACE('',(#139),#1691,.T.);
#40=ADVANCED_FACE('',(#140),#1692,.T.);
#41=ADVANCED_FACE('',(#141),#1693,.T.);
#42=ADVANCED_FACE('',(#142),#1694,.T.);
#43=ADVANCED_FACE('',(#143),#1695,.T.);
#44=ADVANCED_FACE('',(#144),#1696,.T.);
#45=ADVANCED_FACE('',(#145),#1697,.T.);
#46=ADVANCED_FACE('',(#146),#1698,.T.);
#47=ADVANCED_FACE('',(#147),#1664,.T.);
#48=ADVANCED_FACE('',(#148),#1665,.T.);
#49=ADVANCED_FACE('',(#149),#1699,.T.);
#50=ADVANCED_FACE('',(#150),#1700,.T.);
#51=ADVANCED_FACE('',(#151),#1666,.T.);
#52=ADVANCED_FACE('',(#152),#1667,.T.);
#53=ADVANCED_FACE('',(#153),#1643,.F.);
#54=ADVANCED_FACE('',(#154),#1644,.F.);
#55=ADVANCED_FACE('',(#155),#1701,.T.);
#56=ADVANCED_FACE('',(#156),#1645,.F.);
#57=ADVANCED_FACE('',(#157),#1646,.F.);
#58=ADVANCED_FACE('',(#158),#1702,.T.);
#59=ADVANCED_FACE('',(#159,#17),#1703,.T.);
#60=ADVANCED_FACE('',(#160),#1704,.T.);
#61=ADVANCED_FACE('',(#161,#18),#1705,.T.);
#62=ADVANCED_FACE('',(#162),#1706,.T.);
#63=ADVANCED_FACE('',(#163),#1707,.T.);
#64=ADVANCED_FACE('',(#164,#19),#1708,.T.);
#65=ADVANCED_FACE('',(#165,#20),#1709,.T.);
#66=ADVANCED_FACE('',(#166),#1710,.T.);
#67=ADVANCED_FACE('',(#167),#1668,.T.);
#68=ADVANCED_FACE('',(#168),#1669,.T.);
#69=ADVANCED_FACE('',(#169),#1670,.T.);
#70=ADVANCED_FACE('',(#170),#1711,.T.);
#71=ADVANCED_FACE('',(#171),#1671,.T.);
#72=ADVANCED_FACE('',(#172),#1712,.T.);
#73=ADVANCED_FACE('',(#173),#1672,.T.);
#74=ADVANCED_FACE('',(#174),#1713,.T.);
#75=ADVANCED_FACE('',(#175),#1673,.T.);
#76=ADVANCED_FACE('',(#176),#1674,.T.);
#77=ADVANCED_FACE('',(#177),#1647,.F.);
#78=ADVANCED_FACE('',(#178),#1716,.T.);
#79=ADVANCED_FACE('',(#179),#1648,.F.);
#80=ADVANCED_FACE('',(#180),#1717,.T.);
#81=ADVANCED_FACE('',(#181),#1649,.T.);
#82=ADVANCED_FACE('',(#182),#1718,.T.);
#83=ADVANCED_FACE('',(#183),#1650,.T.);
#84=ADVANCED_FACE('',(#184),#1719,.T.);
#85=ADVANCED_FACE('',(#185),#1651,.T.);
#86=ADVANCED_FACE('',(#186),#1720,.T.);
#87=ADVANCED_FACE('',(#187),#1652,.T.);
#88=ADVANCED_FACE('',(#188),#1653,.F.);
#89=ADVANCED_FACE('',(#189),#1721,.T.);
#90=ADVANCED_FACE('',(#190),#1654,.T.);
#91=ADVANCED_FACE('',(#191),#1722,.T.);
#92=ADVANCED_FACE('',(#192),#1723,.T.);
#93=ADVANCED_FACE('',(#193),#1656,.F.);
#94=ADVANCED_FACE('',(#194),#1724,.T.);
#95=ADVANCED_FACE('',(#195,#21),#1727,.T.);
#96=ADVANCED_FACE('',(#196,#22),#1728,.T.);
#97=ADVANCED_FACE('',(#197),#1729,.T.);
#98=ADVANCED_FACE('',(#198),#1730,.T.);
#99=ADVANCED_FACE('',(#199),#1731,.T.);
#100=ADVANCED_FACE('',(#200),#1732,.T.);
#101=ADVANCED_FACE('',(#201),#1733,.T.);
#102=ADVANCED_FACE('',(#202),#1715,.T.);
#103=ADVANCED_FACE('',(#203),#1657,.T.);
#104=ADVANCED_FACE('',(#204),#1658,.T.);
#105=ADVANCED_FACE('',(#205),#1658,.T.);
#106=ADVANCED_FACE('',(#206),#1739,.T.);
#107=ADVANCED_FACE('',(#207),#1740,.T.);
#108=ADVANCED_FACE('',(#208),#1734,.T.);
#109=ADVANCED_FACE('',(#209),#1735,.T.);
#110=ADVANCED_FACE('',(#210),#11,.T.);
#111=ADVANCED_FACE('',(#211),#1662,.F.);
#112=ADVANCED_FACE('',(#212),#1736,.T.);
#113=ADVANCED_FACE('',(#213),#1725,.T.);
#114=ADVANCED_FACE('',(#214),#1726,.T.);
#115=ADVANCED_FACE('',(#215),#1659,.F.);
#116=ADVANCED_FACE('',(#216),#1663,.F.);
#117=ADVANCED_FACE('',(#217),#1660,.F.);
#118=ADVANCED_FACE('',(#218),#1661,.F.);
#119=ADVANCED_FACE('',(#219),#1714,.T.);
#120=ADVANCED_FACE('',(#220),#1737,.T.);
#121=ADVANCED_FACE('',(#221),#1738,.T.);
#122=ADVANCED_FACE('',(#222),#1655,.T.);
#123=FACE_OUTER_BOUND('',#223,.T.);
#124=FACE_OUTER_BOUND('',#224,.T.);
#125=FACE_OUTER_BOUND('',#225,.T.);
#126=FACE_OUTER_BOUND('',#226,.T.);
#127=FACE_OUTER_BOUND('',#227,.T.);
#128=FACE_OUTER_BOUND('',#228,.T.);
#129=FACE_OUTER_BOUND('',#229,.T.);
#130=FACE_OUTER_BOUND('',#230,.T.);
#131=FACE_OUTER_BOUND('',#231,.T.);
#132=FACE_OUTER_BOUND('',#232,.T.);
#133=FACE_OUTER_BOUND('',#233,.T.);
#134=FACE_OUTER_BOUND('',#234,.T.);
#135=FACE_OUTER_BOUND('',#235,.T.);
#136=FACE_OUTER_BOUND('',#236,.T.);
#137=FACE_OUTER_BOUND('',#237,.T.);
#138=FACE_OUTER_BOUND('',#238,.T.);
#139=FACE_OUTER_BOUND('',#239,.T.);
#140=FACE_OUTER_BOUND('',#240,.T.);
#141=FACE_OUTER_BOUND('',#241,.T.);
#142=FACE_OUTER_BOUND('',#242,.T.);
#143=FACE_OUTER_BOUND('',#243,.T.);
#144=FACE_OUTER_BOUND('',#244,.T.);
#145=FACE_OUTER_BOUND('',#245,.T.);
#146=FACE_OUTER_BOUND('',#246,.T.);
#147=FACE_OUTER_BOUND('',#247,.T.);
#148=FACE_OUTER_BOUND('',#248,.T.);
#149=FACE_OUTER_BOUND('',#249,.T.);
#150=FACE_OUTER_BOUND('',#250,.T.);
#151=FACE_OUTER_BOUND('',#251,.T.);
#152=FACE_OUTER_BOUND('',#252,.T.);
#153=FACE_OUTER_BOUND('',#253,.T.);
#154=FACE_OUTER_BOUND('',#254,.T.);
#155=FACE_OUTER_BOUND('',#255,.T.);
#156=FACE_OUTER_BOUND('',#256,.T.);
#157=FACE_OUTER_BOUND('',#257,.T.);
#158=FACE_OUTER_BOUND('',#258,.T.);
#159=FACE_OUTER_BOUND('',#259,.T.);
#160=FACE_OUTER_BOUND('',#261,.T.);
#161=FACE_OUTER_BOUND('',#262,.T.);
#162=FACE_OUTER_BOUND('',#264,.T.);
#163=FACE_OUTER_BOUND('',#265,.T.);
#164=FACE_OUTER_BOUND('',#266,.T.);
#165=FACE_OUTER_BOUND('',#268,.T.);
#166=FACE_OUTER_BOUND('',#270,.T.);
#167=FACE_OUTER_BOUND('',#271,.T.);
#168=FACE_OUTER_BOUND('',#272,.T.);
#169=FACE_OUTER_BOUND('',#273,.T.);
#170=FACE_OUTER_BOUND('',#274,.T.);
#171=FACE_OUTER_BOUND('',#275,.T.);
#172=FACE_OUTER_BOUND('',#276,.T.);
#173=FACE_OUTER_BOUND('',#277,.T.);
#174=FACE_OUTER_BOUND('',#278,.T.);
#175=FACE_OUTER_BOUND('',#279,.T.);
#176=FACE_OUTER_BOUND('',#280,.T.);
#177=FACE_OUTER_BOUND('',#281,.T.);
#178=FACE_OUTER_BOUND('',#282,.T.);
#179=FACE_OUTER_BOUND('',#283,.T.);
#180=FACE_OUTER_BOUND('',#284,.T.);
#181=FACE_OUTER_BOUND('',#285,.T.);
#182=FACE_OUTER_BOUND('',#286,.T.);
#183=FACE_OUTER_BOUND('',#287,.T.);
#184=FACE_OUTER_BOUND('',#288,.T.);
#185=FACE_OUTER_BOUND('',#289,.T.);
#186=FACE_OUTER_BOUND('',#290,.T.);
#187=FACE_OUTER_BOUND('',#291,.T.);
#188=FACE_OUTER_BOUND('',#292,.T.);
#189=FACE_OUTER_BOUND('',#293,.T.);
#190=FACE_OUTER_BOUND('',#294,.T.);
#191=FACE_OUTER_BOUND('',#295,.T.);
#192=FACE_OUTER_BOUND('',#296,.T.);
#193=FACE_OUTER_BOUND('',#297,.T.);
#194=FACE_OUTER_BOUND('',#298,.T.);
#195=FACE_OUTER_BOUND('',#299,.T.);
#196=FACE_OUTER_BOUND('',#301,.T.);
#197=FACE_OUTER_BOUND('',#303,.T.);
#198=FACE_OUTER_BOUND('',#304,.T.);
#199=FACE_OUTER_BOUND('',#305,.T.);
#200=FACE_OUTER_BOUND('',#306,.T.);
#201=FACE_OUTER_BOUND('',#307,.T.);
#202=FACE_OUTER_BOUND('',#308,.T.);
#203=FACE_OUTER_BOUND('',#309,.T.);
#204=FACE_OUTER_BOUND('',#310,.T.);
#205=FACE_OUTER_BOUND('',#311,.T.);
#206=FACE_OUTER_BOUND('',#312,.T.);
#207=FACE_OUTER_BOUND('',#313,.T.);
#208=FACE_OUTER_BOUND('',#314,.T.);
#209=FACE_OUTER_BOUND('',#315,.T.);
#210=FACE_OUTER_BOUND('',#316,.T.);
#211=FACE_OUTER_BOUND('',#317,.T.);
#212=FACE_OUTER_BOUND('',#318,.T.);
#213=FACE_OUTER_BOUND('',#319,.T.);
#214=FACE_OUTER_BOUND('',#320,.T.);
#215=FACE_OUTER_BOUND('',#321,.T.);
#216=FACE_OUTER_BOUND('',#322,.T.);
#217=FACE_OUTER_BOUND('',#323,.T.);
#218=FACE_OUTER_BOUND('',#324,.T.);
#219=FACE_OUTER_BOUND('',#325,.T.);
#220=FACE_OUTER_BOUND('',#326,.T.);
#221=FACE_OUTER_BOUND('',#327,.T.);
#222=FACE_OUTER_BOUND('',#328,.T.);
#223=EDGE_LOOP('',(#329,#330,#331,#332));
#224=EDGE_LOOP('',(#333,#334,#335,#336));
#225=EDGE_LOOP('',(#337,#338,#339,#340));
#226=EDGE_LOOP('',(#341,#342,#343,#344));
#227=EDGE_LOOP('',(#345,#346,#347,#348));
#228=EDGE_LOOP('',(#349,#350,#351,#352));
#229=EDGE_LOOP('',(#353,#354,#355,#356));
#230=EDGE_LOOP('',(#357,#358,#359,#360));
#231=EDGE_LOOP('',(#361,#362,#363,#364));
#232=EDGE_LOOP('',(#365,#366,#367,#368));
#233=EDGE_LOOP('',(#369,#370,#371,#372));
#234=EDGE_LOOP('',(#373,#374,#375,#376,#377));
#235=EDGE_LOOP('',(#378,#379,#380));
#236=EDGE_LOOP('',(#381,#382,#383));
#237=EDGE_LOOP('',(#384,#385,#386));
#238=EDGE_LOOP('',(#387,#388,#389));
#239=EDGE_LOOP('',(#390,#391,#392,#393,#394,#395,#396));
#240=EDGE_LOOP('',(#397,#398,#399,#400,#401));
#241=EDGE_LOOP('',(#402,#403,#404,#405,#406,#407,#408,#409));
#242=EDGE_LOOP('',(#410,#411,#412,#413,#414,#415,#416,#417));
#243=EDGE_LOOP('',(#418,#419,#420,#421));
#244=EDGE_LOOP('',(#422,#423,#424,#425));
#245=EDGE_LOOP('',(#426,#427,#428,#429));
#246=EDGE_LOOP('',(#430,#431,#432,#433));
#247=EDGE_LOOP('',(#434,#435,#436,#437));
#248=EDGE_LOOP('',(#438,#439,#440,#441));
#249=EDGE_LOOP('',(#442,#443,#444,#445,#446,#447));
#250=EDGE_LOOP('',(#448,#449,#450,#451,#452,#453));
#251=EDGE_LOOP('',(#454,#455,#456,#457));
#252=EDGE_LOOP('',(#458,#459,#460,#461));
#253=EDGE_LOOP('',(#462,#463,#464,#465));
#254=EDGE_LOOP('',(#466,#467,#468,#469));
#255=EDGE_LOOP('',(#470,#471));
#256=EDGE_LOOP('',(#472,#473,#474,#475,#476,#477,#478,#479,#480,#481));
#257=EDGE_LOOP('',(#482,#483,#484,#485,#486,#487,#488,#489,#490,#491));
#258=EDGE_LOOP('',(#492,#493));
#259=EDGE_LOOP('',(#494,#495,#496,#497,#498,#499,#500,#501,#502,#503,#504,
#505,#506,#507,#508,#509,#510,#511));
#260=EDGE_LOOP('',(#512));
#261=EDGE_LOOP('',(#513,#514,#515,#516,#517,#518,#519,#520));
#262=EDGE_LOOP('',(#521,#522,#523,#524,#525,#526,#527,#528,#529,#530,#531,
#532,#533,#534,#535,#536,#537,#538));
#263=EDGE_LOOP('',(#539));
#264=EDGE_LOOP('',(#540,#541,#542,#543));
#265=EDGE_LOOP('',(#544,#545,#546,#547));
#266=EDGE_LOOP('',(#548,#549,#550,#551,#552,#553,#554,#555,#556,#557,#558,
#559,#560,#561,#562,#563,#564,#565,#566,#567));
#267=EDGE_LOOP('',(#568));
#268=EDGE_LOOP('',(#569,#570,#571,#572,#573,#574,#575,#576,#577,#578,#579,
#580,#581,#582,#583,#584,#585,#586,#587,#588));
#269=EDGE_LOOP('',(#589));
#270=EDGE_LOOP('',(#590,#591,#592,#593));
#271=EDGE_LOOP('',(#594,#595,#596,#597));
#272=EDGE_LOOP('',(#598,#599,#600,#601));
#273=EDGE_LOOP('',(#602,#603,#604,#605));
#274=EDGE_LOOP('',(#606,#607,#608,#609,#610,#611,#612,#613,#614));
#275=EDGE_LOOP('',(#615,#616,#617,#618));
#276=EDGE_LOOP('',(#619,#620,#621,#622));
#277=EDGE_LOOP('',(#623,#624,#625,#626));
#278=EDGE_LOOP('',(#627,#628,#629,#630));
#279=EDGE_LOOP('',(#631,#632,#633,#634));
#280=EDGE_LOOP('',(#635,#636,#637,#638));
#281=EDGE_LOOP('',(#639,#640,#641,#642));
#282=EDGE_LOOP('',(#643,#644,#645,#646));
#283=EDGE_LOOP('',(#647,#648,#649,#650));
#284=EDGE_LOOP('',(#651,#652,#653,#654));
#285=EDGE_LOOP('',(#655,#656,#657,#658));
#286=EDGE_LOOP('',(#659,#660,#661,#662));
#287=EDGE_LOOP('',(#663,#664,#665,#666));
#288=EDGE_LOOP('',(#667,#668,#669,#670));
#289=EDGE_LOOP('',(#671,#672,#673,#674));
#290=EDGE_LOOP('',(#675,#676,#677,#678));
#291=EDGE_LOOP('',(#679,#680,#681,#682));
#292=EDGE_LOOP('',(#683,#684,#685,#686));
#293=EDGE_LOOP('',(#687,#688,#689,#690));
#294=EDGE_LOOP('',(#691,#692,#693,#694));
#295=EDGE_LOOP('',(#695,#696,#697,#698));
#296=EDGE_LOOP('',(#699,#700,#701,#702,#703,#704));
#297=EDGE_LOOP('',(#705,#706,#707,#708));
#298=EDGE_LOOP('',(#709,#710,#711,#712));
#299=EDGE_LOOP('',(#713,#714,#715,#716,#717,#718,#719,#720,#721,#722,#723,
#724,#725,#726,#727,#728,#729,#730,#731,#732,#733,#734,#735,#736,#737,#738,
#739));
#300=EDGE_LOOP('',(#740));
#301=EDGE_LOOP('',(#741,#742,#743,#744,#745,#746,#747,#748,#749,#750,#751,
#752,#753,#754,#755,#756,#757,#758,#759,#760,#761,#762,#763,#764,#765,#766,
#767));
#302=EDGE_LOOP('',(#768));
#303=EDGE_LOOP('',(#769,#770,#771,#772));
#304=EDGE_LOOP('',(#773,#774,#775,#776));
#305=EDGE_LOOP('',(#777,#778,#779,#780));
#306=EDGE_LOOP('',(#781,#782,#783,#784,#785));
#307=EDGE_LOOP('',(#786,#787,#788,#789,#790));
#308=EDGE_LOOP('',(#791,#792,#793,#794,#795,#796,#797,#798));
#309=EDGE_LOOP('',(#799,#800,#801,#802,#803,#804,#805,#806));
#310=EDGE_LOOP('',(#807,#808,#809,#810,#811));
#311=EDGE_LOOP('',(#812,#813,#814,#815,#816));
#312=EDGE_LOOP('',(#817,#818,#819,#820));
#313=EDGE_LOOP('',(#821,#822,#823,#824));
#314=EDGE_LOOP('',(#825,#826,#827,#828,#829));
#315=EDGE_LOOP('',(#830,#831,#832,#833,#834));
#316=EDGE_LOOP('',(#835,#836,#837,#838));
#317=EDGE_LOOP('',(#839,#840,#841,#842));
#318=EDGE_LOOP('',(#843,#844));
#319=EDGE_LOOP('',(#845,#846,#847,#848));
#320=EDGE_LOOP('',(#849,#850,#851,#852));
#321=EDGE_LOOP('',(#853,#854,#855,#856));
#322=EDGE_LOOP('',(#857,#858,#859,#860,#861,#862,#863,#864));
#323=EDGE_LOOP('',(#865,#866,#867,#868,#869,#870,#871,#872));
#324=EDGE_LOOP('',(#873,#874,#875,#876));
#325=EDGE_LOOP('',(#877,#878,#879,#880));
#326=EDGE_LOOP('',(#881,#882,#883,#884));
#327=EDGE_LOOP('',(#885,#886,#887,#888));
#328=EDGE_LOOP('',(#889,#890,#891,#892));
#329=ORIENTED_EDGE('',*,*,#1020,.T.);
#330=ORIENTED_EDGE('',*,*,#1016,.T.);
#331=ORIENTED_EDGE('',*,*,#1021,.T.);
#332=ORIENTED_EDGE('',*,*,#1015,.T.);
#333=ORIENTED_EDGE('',*,*,#929,.T.);
#334=ORIENTED_EDGE('',*,*,#932,.T.);
#335=ORIENTED_EDGE('',*,*,#895,.F.);
#336=ORIENTED_EDGE('',*,*,#933,.F.);
#337=ORIENTED_EDGE('',*,*,#1030,.T.);
#338=ORIENTED_EDGE('',*,*,#1028,.T.);
#339=ORIENTED_EDGE('',*,*,#899,.T.);
#340=ORIENTED_EDGE('',*,*,#1029,.F.);
#341=ORIENTED_EDGE('',*,*,#900,.T.);
#342=ORIENTED_EDGE('',*,*,#901,.T.);
#343=ORIENTED_EDGE('',*,*,#902,.F.);
#344=ORIENTED_EDGE('',*,*,#899,.F.);
#345=ORIENTED_EDGE('',*,*,#903,.T.);
#346=ORIENTED_EDGE('',*,*,#904,.T.);
#347=ORIENTED_EDGE('',*,*,#905,.F.);
#348=ORIENTED_EDGE('',*,*,#901,.F.);
#349=ORIENTED_EDGE('',*,*,#906,.T.);
#350=ORIENTED_EDGE('',*,*,#907,.T.);
#351=ORIENTED_EDGE('',*,*,#908,.F.);
#352=ORIENTED_EDGE('',*,*,#904,.F.);
#353=ORIENTED_EDGE('',*,*,#914,.T.);
#354=ORIENTED_EDGE('',*,*,#918,.T.);
#355=ORIENTED_EDGE('',*,*,#917,.F.);
#356=ORIENTED_EDGE('',*,*,#916,.F.);
#357=ORIENTED_EDGE('',*,*,#917,.T.);
#358=ORIENTED_EDGE('',*,*,#921,.T.);
#359=ORIENTED_EDGE('',*,*,#920,.F.);
#360=ORIENTED_EDGE('',*,*,#919,.F.);
#361=ORIENTED_EDGE('',*,*,#920,.T.);
#362=ORIENTED_EDGE('',*,*,#924,.T.);
#363=ORIENTED_EDGE('',*,*,#923,.F.);
#364=ORIENTED_EDGE('',*,*,#922,.F.);
#365=ORIENTED_EDGE('',*,*,#923,.T.);
#366=ORIENTED_EDGE('',*,*,#927,.T.);
#367=ORIENTED_EDGE('',*,*,#926,.F.);
#368=ORIENTED_EDGE('',*,*,#925,.F.);
#369=ORIENTED_EDGE('',*,*,#896,.F.);
#370=ORIENTED_EDGE('',*,*,#893,.T.);
#371=ORIENTED_EDGE('',*,*,#894,.T.);
#372=ORIENTED_EDGE('',*,*,#928,.F.);
#373=ORIENTED_EDGE('',*,*,#909,.F.);
#374=ORIENTED_EDGE('',*,*,#940,.F.);
#375=ORIENTED_EDGE('',*,*,#935,.F.);
#376=ORIENTED_EDGE('',*,*,#999,.F.);
#377=ORIENTED_EDGE('',*,*,#974,.F.);
#378=ORIENTED_EDGE('',*,*,#992,.T.);
#379=ORIENTED_EDGE('',*,*,#912,.T.);
#380=ORIENTED_EDGE('',*,*,#975,.F.);
#381=ORIENTED_EDGE('',*,*,#911,.F.);
#382=ORIENTED_EDGE('',*,*,#993,.F.);
#383=ORIENTED_EDGE('',*,*,#976,.F.);
#384=ORIENTED_EDGE('',*,*,#910,.F.);
#385=ORIENTED_EDGE('',*,*,#909,.T.);
#386=ORIENTED_EDGE('',*,*,#977,.F.);
#387=ORIENTED_EDGE('',*,*,#995,.T.);
#388=ORIENTED_EDGE('',*,*,#994,.F.);
#389=ORIENTED_EDGE('',*,*,#978,.F.);
#390=ORIENTED_EDGE('',*,*,#994,.T.);
#391=ORIENTED_EDGE('',*,*,#915,.T.);
#392=ORIENTED_EDGE('',*,*,#914,.F.);
#393=ORIENTED_EDGE('',*,*,#913,.F.);
#394=ORIENTED_EDGE('',*,*,#911,.T.);
#395=ORIENTED_EDGE('',*,*,#980,.F.);
#396=ORIENTED_EDGE('',*,*,#979,.F.);
#397=ORIENTED_EDGE('',*,*,#998,.T.);
#398=ORIENTED_EDGE('',*,*,#937,.F.);
#399=ORIENTED_EDGE('',*,*,#941,.T.);
#400=ORIENTED_EDGE('',*,*,#992,.F.);
#401=ORIENTED_EDGE('',*,*,#983,.F.);
#402=ORIENTED_EDGE('',*,*,#1041,.T.);
#403=ORIENTED_EDGE('',*,*,#967,.T.);
#404=ORIENTED_EDGE('',*,*,#958,.T.);
#405=ORIENTED_EDGE('',*,*,#938,.T.);
#406=ORIENTED_EDGE('',*,*,#998,.F.);
#407=ORIENTED_EDGE('',*,*,#984,.T.);
#408=ORIENTED_EDGE('',*,*,#996,.T.);
#409=ORIENTED_EDGE('',*,*,#1045,.T.);
#410=ORIENTED_EDGE('',*,*,#1039,.F.);
#411=ORIENTED_EDGE('',*,*,#997,.F.);
#412=ORIENTED_EDGE('',*,*,#985,.F.);
#413=ORIENTED_EDGE('',*,*,#999,.T.);
#414=ORIENTED_EDGE('',*,*,#939,.F.);
#415=ORIENTED_EDGE('',*,*,#959,.F.);
#416=ORIENTED_EDGE('',*,*,#965,.F.);
#417=ORIENTED_EDGE('',*,*,#1035,.F.);
#418=ORIENTED_EDGE('',*,*,#939,.T.);
#419=ORIENTED_EDGE('',*,*,#935,.T.);
#420=ORIENTED_EDGE('',*,*,#943,.T.);
#421=ORIENTED_EDGE('',*,*,#934,.F.);
#422=ORIENTED_EDGE('',*,*,#942,.F.);
#423=ORIENTED_EDGE('',*,*,#937,.T.);
#424=ORIENTED_EDGE('',*,*,#938,.F.);
#425=ORIENTED_EDGE('',*,*,#936,.F.);
#426=ORIENTED_EDGE('',*,*,#898,.F.);
#427=ORIENTED_EDGE('',*,*,#932,.F.);
#428=ORIENTED_EDGE('',*,*,#931,.T.);
#429=ORIENTED_EDGE('',*,*,#948,.F.);
#430=ORIENTED_EDGE('',*,*,#930,.F.);
#431=ORIENTED_EDGE('',*,*,#894,.F.);
#432=ORIENTED_EDGE('',*,*,#897,.T.);
#433=ORIENTED_EDGE('',*,*,#950,.F.);
#434=ORIENTED_EDGE('',*,*,#950,.T.);
#435=ORIENTED_EDGE('',*,*,#952,.T.);
#436=ORIENTED_EDGE('',*,*,#949,.F.);
#437=ORIENTED_EDGE('',*,*,#953,.F.);
#438=ORIENTED_EDGE('',*,*,#948,.T.);
#439=ORIENTED_EDGE('',*,*,#955,.T.);
#440=ORIENTED_EDGE('',*,*,#951,.F.);
#441=ORIENTED_EDGE('',*,*,#954,.F.);
#442=ORIENTED_EDGE('',*,*,#959,.T.);
#443=ORIENTED_EDGE('',*,*,#934,.T.);
#444=ORIENTED_EDGE('',*,*,#946,.F.);
#445=ORIENTED_EDGE('',*,*,#949,.T.);
#446=ORIENTED_EDGE('',*,*,#944,.T.);
#447=ORIENTED_EDGE('',*,*,#960,.F.);
#448=ORIENTED_EDGE('',*,*,#945,.F.);
#449=ORIENTED_EDGE('',*,*,#951,.T.);
#450=ORIENTED_EDGE('',*,*,#947,.T.);
#451=ORIENTED_EDGE('',*,*,#936,.T.);
#452=ORIENTED_EDGE('',*,*,#958,.F.);
#453=ORIENTED_EDGE('',*,*,#963,.F.);
#454=ORIENTED_EDGE('',*,*,#960,.T.);
#455=ORIENTED_EDGE('',*,*,#964,.T.);
#456=ORIENTED_EDGE('',*,*,#961,.F.);
#457=ORIENTED_EDGE('',*,*,#965,.T.);
#458=ORIENTED_EDGE('',*,*,#963,.T.);
#459=ORIENTED_EDGE('',*,*,#967,.F.);
#460=ORIENTED_EDGE('',*,*,#962,.F.);
#461=ORIENTED_EDGE('',*,*,#966,.F.);
#462=ORIENTED_EDGE('',*,*,#971,.T.);
#463=ORIENTED_EDGE('',*,*,#973,.F.);
#464=ORIENTED_EDGE('',*,*,#969,.F.);
#465=ORIENTED_EDGE('',*,*,#973,.T.);
#466=ORIENTED_EDGE('',*,*,#968,.T.);
#467=ORIENTED_EDGE('',*,*,#972,.F.);
#468=ORIENTED_EDGE('',*,*,#970,.F.);
#469=ORIENTED_EDGE('',*,*,#972,.T.);
#470=ORIENTED_EDGE('',*,*,#988,.T.);
#471=ORIENTED_EDGE('',*,*,#1000,.T.);
#472=ORIENTED_EDGE('',*,*,#980,.T.);
#473=ORIENTED_EDGE('',*,*,#976,.T.);
#474=ORIENTED_EDGE('',*,*,#987,.F.);
#475=ORIENTED_EDGE('',*,*,#1000,.F.);
#476=ORIENTED_EDGE('',*,*,#986,.F.);
#477=ORIENTED_EDGE('',*,*,#977,.T.);
#478=ORIENTED_EDGE('',*,*,#974,.T.);
#479=ORIENTED_EDGE('',*,*,#985,.T.);
#480=ORIENTED_EDGE('',*,*,#981,.F.);
#481=ORIENTED_EDGE('',*,*,#1002,.F.);
#482=ORIENTED_EDGE('',*,*,#990,.T.);
#483=ORIENTED_EDGE('',*,*,#1001,.F.);
#484=ORIENTED_EDGE('',*,*,#989,.T.);
#485=ORIENTED_EDGE('',*,*,#978,.T.);
#486=ORIENTED_EDGE('',*,*,#979,.T.);
#487=ORIENTED_EDGE('',*,*,#1002,.T.);
#488=ORIENTED_EDGE('',*,*,#982,.F.);
#489=ORIENTED_EDGE('',*,*,#984,.F.);
#490=ORIENTED_EDGE('',*,*,#983,.T.);
#491=ORIENTED_EDGE('',*,*,#975,.T.);
#492=ORIENTED_EDGE('',*,*,#1001,.T.);
#493=ORIENTED_EDGE('',*,*,#991,.F.);
#494=ORIENTED_EDGE('',*,*,#1038,.F.);
#495=ORIENTED_EDGE('',*,*,#956,.F.);
#496=ORIENTED_EDGE('',*,*,#964,.F.);
#497=ORIENTED_EDGE('',*,*,#944,.F.);
#498=ORIENTED_EDGE('',*,*,#952,.F.);
#499=ORIENTED_EDGE('',*,*,#897,.F.);
#500=ORIENTED_EDGE('',*,*,#893,.F.);
#501=ORIENTED_EDGE('',*,*,#1017,.F.);
#502=ORIENTED_EDGE('',*,*,#1024,.F.);
#503=ORIENTED_EDGE('',*,*,#1015,.F.);
#504=ORIENTED_EDGE('',*,*,#1026,.F.);
#505=ORIENTED_EDGE('',*,*,#1003,.F.);
#506=ORIENTED_EDGE('',*,*,#906,.F.);
#507=ORIENTED_EDGE('',*,*,#903,.F.);
#508=ORIENTED_EDGE('',*,*,#900,.F.);
#509=ORIENTED_EDGE('',*,*,#1028,.F.);
#510=ORIENTED_EDGE('',*,*,#1032,.F.);
#511=ORIENTED_EDGE('',*,*,#1034,.F.);
#512=ORIENTED_EDGE('',*,*,#968,.F.);
#513=ORIENTED_EDGE('',*,*,#1017,.T.);
#514=ORIENTED_EDGE('',*,*,#896,.T.);
#515=ORIENTED_EDGE('',*,*,#1007,.F.);
#516=ORIENTED_EDGE('',*,*,#1004,.F.);
#517=ORIENTED_EDGE('',*,*,#1008,.T.);
#518=ORIENTED_EDGE('',*,*,#933,.T.);
#519=ORIENTED_EDGE('',*,*,#1018,.F.);
#520=ORIENTED_EDGE('',*,*,#1022,.F.);
#521=ORIENTED_EDGE('',*,*,#1044,.F.);
#522=ORIENTED_EDGE('',*,*,#1040,.T.);
#523=ORIENTED_EDGE('',*,*,#1033,.F.);
#524=ORIENTED_EDGE('',*,*,#1029,.T.);
#525=ORIENTED_EDGE('',*,*,#902,.T.);
#526=ORIENTED_EDGE('',*,*,#905,.T.);
#527=ORIENTED_EDGE('',*,*,#908,.T.);
#528=ORIENTED_EDGE('',*,*,#1019,.F.);
#529=ORIENTED_EDGE('',*,*,#1027,.F.);
#530=ORIENTED_EDGE('',*,*,#1016,.F.);
#531=ORIENTED_EDGE('',*,*,#1025,.F.);
#532=ORIENTED_EDGE('',*,*,#1018,.T.);
#533=ORIENTED_EDGE('',*,*,#895,.T.);
#534=ORIENTED_EDGE('',*,*,#898,.T.);
#535=ORIENTED_EDGE('',*,*,#954,.T.);
#536=ORIENTED_EDGE('',*,*,#945,.T.);
#537=ORIENTED_EDGE('',*,*,#966,.T.);
#538=ORIENTED_EDGE('',*,*,#957,.T.);
#539=ORIENTED_EDGE('',*,*,#969,.T.);
#540=ORIENTED_EDGE('',*,*,#1019,.T.);
#541=ORIENTED_EDGE('',*,*,#907,.F.);
#542=ORIENTED_EDGE('',*,*,#1003,.T.);
#543=ORIENTED_EDGE('',*,*,#1023,.F.);
#544=ORIENTED_EDGE('',*,*,#1010,.T.);
#545=ORIENTED_EDGE('',*,*,#926,.T.);
#546=ORIENTED_EDGE('',*,*,#1009,.F.);
#547=ORIENTED_EDGE('',*,*,#1012,.F.);
#548=ORIENTED_EDGE('',*,*,#1006,.F.);
#549=ORIENTED_EDGE('',*,*,#1007,.T.);
#550=ORIENTED_EDGE('',*,*,#928,.T.);
#551=ORIENTED_EDGE('',*,*,#930,.T.);
#552=ORIENTED_EDGE('',*,*,#953,.T.);
#553=ORIENTED_EDGE('',*,*,#946,.T.);
#554=ORIENTED_EDGE('',*,*,#943,.F.);
#555=ORIENTED_EDGE('',*,*,#940,.T.);
#556=ORIENTED_EDGE('',*,*,#910,.T.);
#557=ORIENTED_EDGE('',*,*,#986,.T.);
#558=ORIENTED_EDGE('',*,*,#988,.F.);
#559=ORIENTED_EDGE('',*,*,#987,.T.);
#560=ORIENTED_EDGE('',*,*,#993,.T.);
#561=ORIENTED_EDGE('',*,*,#913,.T.);
#562=ORIENTED_EDGE('',*,*,#916,.T.);
#563=ORIENTED_EDGE('',*,*,#919,.T.);
#564=ORIENTED_EDGE('',*,*,#922,.T.);
#565=ORIENTED_EDGE('',*,*,#925,.T.);
#566=ORIENTED_EDGE('',*,*,#1010,.F.);
#567=ORIENTED_EDGE('',*,*,#1014,.T.);
#568=ORIENTED_EDGE('',*,*,#970,.T.);
#569=ORIENTED_EDGE('',*,*,#1013,.F.);
#570=ORIENTED_EDGE('',*,*,#1009,.T.);
#571=ORIENTED_EDGE('',*,*,#927,.F.);
#572=ORIENTED_EDGE('',*,*,#924,.F.);
#573=ORIENTED_EDGE('',*,*,#921,.F.);
#574=ORIENTED_EDGE('',*,*,#918,.F.);
#575=ORIENTED_EDGE('',*,*,#915,.F.);
#576=ORIENTED_EDGE('',*,*,#995,.F.);
#577=ORIENTED_EDGE('',*,*,#989,.F.);
#578=ORIENTED_EDGE('',*,*,#991,.T.);
#579=ORIENTED_EDGE('',*,*,#990,.F.);
#580=ORIENTED_EDGE('',*,*,#912,.F.);
#581=ORIENTED_EDGE('',*,*,#941,.F.);
#582=ORIENTED_EDGE('',*,*,#942,.T.);
#583=ORIENTED_EDGE('',*,*,#947,.F.);
#584=ORIENTED_EDGE('',*,*,#955,.F.);
#585=ORIENTED_EDGE('',*,*,#931,.F.);
#586=ORIENTED_EDGE('',*,*,#929,.F.);
#587=ORIENTED_EDGE('',*,*,#1008,.F.);
#588=ORIENTED_EDGE('',*,*,#1005,.T.);
#589=ORIENTED_EDGE('',*,*,#971,.F.);
#590=ORIENTED_EDGE('',*,*,#1011,.T.);
#591=ORIENTED_EDGE('',*,*,#1005,.F.);
#592=ORIENTED_EDGE('',*,*,#1004,.T.);
#593=ORIENTED_EDGE('',*,*,#1006,.T.);
#594=ORIENTED_EDGE('',*,*,#1014,.F.);
#595=ORIENTED_EDGE('',*,*,#1012,.T.);
#596=ORIENTED_EDGE('',*,*,#1013,.T.);
#597=ORIENTED_EDGE('',*,*,#1011,.F.);
#598=ORIENTED_EDGE('',*,*,#1024,.T.);
#599=ORIENTED_EDGE('',*,*,#1022,.T.);
#600=ORIENTED_EDGE('',*,*,#1025,.T.);
#601=ORIENTED_EDGE('',*,*,#1020,.F.);
#602=ORIENTED_EDGE('',*,*,#1027,.T.);
#603=ORIENTED_EDGE('',*,*,#1023,.T.);
#604=ORIENTED_EDGE('',*,*,#1026,.T.);
#605=ORIENTED_EDGE('',*,*,#1021,.F.);
#606=ORIENTED_EDGE('',*,*,#1043,.T.);
#607=ORIENTED_EDGE('',*,*,#996,.F.);
#608=ORIENTED_EDGE('',*,*,#982,.T.);
#609=ORIENTED_EDGE('',*,*,#981,.T.);
#610=ORIENTED_EDGE('',*,*,#997,.T.);
#611=ORIENTED_EDGE('',*,*,#1037,.T.);
#612=ORIENTED_EDGE('',*,*,#1034,.T.);
#613=ORIENTED_EDGE('',*,*,#1031,.F.);
#614=ORIENTED_EDGE('',*,*,#1040,.F.);
#615=ORIENTED_EDGE('',*,*,#1031,.T.);
#616=ORIENTED_EDGE('',*,*,#1032,.T.);
#617=ORIENTED_EDGE('',*,*,#1030,.F.);
#618=ORIENTED_EDGE('',*,*,#1033,.T.);
#619=ORIENTED_EDGE('',*,*,#1035,.T.);
#620=ORIENTED_EDGE('',*,*,#961,.T.);
#621=ORIENTED_EDGE('',*,*,#956,.T.);
#622=ORIENTED_EDGE('',*,*,#1036,.F.);
#623=ORIENTED_EDGE('',*,*,#1036,.T.);
#624=ORIENTED_EDGE('',*,*,#1038,.T.);
#625=ORIENTED_EDGE('',*,*,#1037,.F.);
#626=ORIENTED_EDGE('',*,*,#1039,.T.);
#627=ORIENTED_EDGE('',*,*,#957,.F.);
#628=ORIENTED_EDGE('',*,*,#962,.T.);
#629=ORIENTED_EDGE('',*,*,#1041,.F.);
#630=ORIENTED_EDGE('',*,*,#1042,.F.);
#631=ORIENTED_EDGE('',*,*,#1042,.T.);
#632=ORIENTED_EDGE('',*,*,#1045,.F.);
#633=ORIENTED_EDGE('',*,*,#1043,.F.);
#634=ORIENTED_EDGE('',*,*,#1044,.T.);
#635=ORIENTED_EDGE('',*,*,#1168,.T.);
#636=ORIENTED_EDGE('',*,*,#1049,.F.);
#637=ORIENTED_EDGE('',*,*,#1046,.F.);
#638=ORIENTED_EDGE('',*,*,#1048,.T.);
#639=ORIENTED_EDGE('',*,*,#1051,.T.);
#640=ORIENTED_EDGE('',*,*,#1052,.T.);
#641=ORIENTED_EDGE('',*,*,#1053,.F.);
#642=ORIENTED_EDGE('',*,*,#1050,.F.);
#643=ORIENTED_EDGE('',*,*,#1054,.T.);
#644=ORIENTED_EDGE('',*,*,#1055,.T.);
#645=ORIENTED_EDGE('',*,*,#1056,.F.);
#646=ORIENTED_EDGE('',*,*,#1052,.F.);
#647=ORIENTED_EDGE('',*,*,#1057,.T.);
#648=ORIENTED_EDGE('',*,*,#1058,.T.);
#649=ORIENTED_EDGE('',*,*,#1059,.F.);
#650=ORIENTED_EDGE('',*,*,#1055,.F.);
#651=ORIENTED_EDGE('',*,*,#1060,.T.);
#652=ORIENTED_EDGE('',*,*,#1061,.T.);
#653=ORIENTED_EDGE('',*,*,#1062,.F.);
#654=ORIENTED_EDGE('',*,*,#1058,.F.);
#655=ORIENTED_EDGE('',*,*,#1063,.T.);
#656=ORIENTED_EDGE('',*,*,#1064,.T.);
#657=ORIENTED_EDGE('',*,*,#1065,.F.);
#658=ORIENTED_EDGE('',*,*,#1061,.F.);
#659=ORIENTED_EDGE('',*,*,#1066,.T.);
#660=ORIENTED_EDGE('',*,*,#1067,.T.);
#661=ORIENTED_EDGE('',*,*,#1068,.F.);
#662=ORIENTED_EDGE('',*,*,#1064,.F.);
#663=ORIENTED_EDGE('',*,*,#1069,.T.);
#664=ORIENTED_EDGE('',*,*,#1070,.T.);
#665=ORIENTED_EDGE('',*,*,#1071,.F.);
#666=ORIENTED_EDGE('',*,*,#1067,.F.);
#667=ORIENTED_EDGE('',*,*,#1072,.T.);
#668=ORIENTED_EDGE('',*,*,#1073,.T.);
#669=ORIENTED_EDGE('',*,*,#1074,.F.);
#670=ORIENTED_EDGE('',*,*,#1070,.F.);
#671=ORIENTED_EDGE('',*,*,#1075,.T.);
#672=ORIENTED_EDGE('',*,*,#1076,.T.);
#673=ORIENTED_EDGE('',*,*,#1077,.F.);
#674=ORIENTED_EDGE('',*,*,#1073,.F.);
#675=ORIENTED_EDGE('',*,*,#1078,.T.);
#676=ORIENTED_EDGE('',*,*,#1079,.T.);
#677=ORIENTED_EDGE('',*,*,#1080,.F.);
#678=ORIENTED_EDGE('',*,*,#1076,.F.);
#679=ORIENTED_EDGE('',*,*,#1081,.T.);
#680=ORIENTED_EDGE('',*,*,#1082,.T.);
#681=ORIENTED_EDGE('',*,*,#1083,.F.);
#682=ORIENTED_EDGE('',*,*,#1079,.F.);
#683=ORIENTED_EDGE('',*,*,#1084,.T.);
#684=ORIENTED_EDGE('',*,*,#1085,.T.);
#685=ORIENTED_EDGE('',*,*,#1086,.F.);
#686=ORIENTED_EDGE('',*,*,#1082,.F.);
#687=ORIENTED_EDGE('',*,*,#1087,.T.);
#688=ORIENTED_EDGE('',*,*,#1088,.T.);
#689=ORIENTED_EDGE('',*,*,#1089,.F.);
#690=ORIENTED_EDGE('',*,*,#1085,.F.);
#691=ORIENTED_EDGE('',*,*,#1090,.T.);
#692=ORIENTED_EDGE('',*,*,#1091,.T.);
#693=ORIENTED_EDGE('',*,*,#1092,.F.);
#694=ORIENTED_EDGE('',*,*,#1088,.F.);
#695=ORIENTED_EDGE('',*,*,#1093,.T.);
#696=ORIENTED_EDGE('',*,*,#1094,.T.);
#697=ORIENTED_EDGE('',*,*,#1095,.F.);
#698=ORIENTED_EDGE('',*,*,#1091,.F.);
#699=ORIENTED_EDGE('',*,*,#1098,.T.);
#700=ORIENTED_EDGE('',*,*,#1171,.T.);
#701=ORIENTED_EDGE('',*,*,#1099,.T.);
#702=ORIENTED_EDGE('',*,*,#1172,.F.);
#703=ORIENTED_EDGE('',*,*,#1100,.F.);
#704=ORIENTED_EDGE('',*,*,#1047,.F.);
#705=ORIENTED_EDGE('',*,*,#1101,.T.);
#706=ORIENTED_EDGE('',*,*,#1102,.T.);
#707=ORIENTED_EDGE('',*,*,#1103,.F.);
#708=ORIENTED_EDGE('',*,*,#1099,.F.);
#709=ORIENTED_EDGE('',*,*,#1104,.T.);
#710=ORIENTED_EDGE('',*,*,#1105,.T.);
#711=ORIENTED_EDGE('',*,*,#1106,.F.);
#712=ORIENTED_EDGE('',*,*,#1102,.F.);
#713=ORIENTED_EDGE('',*,*,#1096,.F.);
#714=ORIENTED_EDGE('',*,*,#1093,.F.);
#715=ORIENTED_EDGE('',*,*,#1090,.F.);
#716=ORIENTED_EDGE('',*,*,#1087,.F.);
#717=ORIENTED_EDGE('',*,*,#1084,.F.);
#718=ORIENTED_EDGE('',*,*,#1081,.F.);
#719=ORIENTED_EDGE('',*,*,#1078,.F.);
#720=ORIENTED_EDGE('',*,*,#1075,.F.);
#721=ORIENTED_EDGE('',*,*,#1072,.F.);
#722=ORIENTED_EDGE('',*,*,#1069,.F.);
#723=ORIENTED_EDGE('',*,*,#1066,.F.);
#724=ORIENTED_EDGE('',*,*,#1063,.F.);
#725=ORIENTED_EDGE('',*,*,#1060,.F.);
#726=ORIENTED_EDGE('',*,*,#1057,.F.);
#727=ORIENTED_EDGE('',*,*,#1054,.F.);
#728=ORIENTED_EDGE('',*,*,#1051,.F.);
#729=ORIENTED_EDGE('',*,*,#1116,.F.);
#730=ORIENTED_EDGE('',*,*,#1158,.F.);
#731=ORIENTED_EDGE('',*,*,#1144,.F.);
#732=ORIENTED_EDGE('',*,*,#1145,.F.);
#733=ORIENTED_EDGE('',*,*,#1114,.F.);
#734=ORIENTED_EDGE('',*,*,#1110,.F.);
#735=ORIENTED_EDGE('',*,*,#1107,.F.);
#736=ORIENTED_EDGE('',*,*,#1104,.F.);
#737=ORIENTED_EDGE('',*,*,#1101,.F.);
#738=ORIENTED_EDGE('',*,*,#1171,.F.);
#739=ORIENTED_EDGE('',*,*,#1170,.F.);
#740=ORIENTED_EDGE('',*,*,#1165,.F.);
#741=ORIENTED_EDGE('',*,*,#1169,.T.);
#742=ORIENTED_EDGE('',*,*,#1172,.T.);
#743=ORIENTED_EDGE('',*,*,#1103,.T.);
#744=ORIENTED_EDGE('',*,*,#1106,.T.);
#745=ORIENTED_EDGE('',*,*,#1109,.T.);
#746=ORIENTED_EDGE('',*,*,#1111,.T.);
#747=ORIENTED_EDGE('',*,*,#1115,.T.);
#748=ORIENTED_EDGE('',*,*,#1147,.T.);
#749=ORIENTED_EDGE('',*,*,#1146,.T.);
#750=ORIENTED_EDGE('',*,*,#1159,.T.);
#751=ORIENTED_EDGE('',*,*,#1117,.T.);
#752=ORIENTED_EDGE('',*,*,#1053,.T.);
#753=ORIENTED_EDGE('',*,*,#1056,.T.);
#754=ORIENTED_EDGE('',*,*,#1059,.T.);
#755=ORIENTED_EDGE('',*,*,#1062,.T.);
#756=ORIENTED_EDGE('',*,*,#1065,.T.);
#757=ORIENTED_EDGE('',*,*,#1068,.T.);
#758=ORIENTED_EDGE('',*,*,#1071,.T.);
#759=ORIENTED_EDGE('',*,*,#1074,.T.);
#760=ORIENTED_EDGE('',*,*,#1077,.T.);
#761=ORIENTED_EDGE('',*,*,#1080,.T.);
#762=ORIENTED_EDGE('',*,*,#1083,.T.);
#763=ORIENTED_EDGE('',*,*,#1086,.T.);
#764=ORIENTED_EDGE('',*,*,#1089,.T.);
#765=ORIENTED_EDGE('',*,*,#1092,.T.);
#766=ORIENTED_EDGE('',*,*,#1095,.T.);
#767=ORIENTED_EDGE('',*,*,#1097,.T.);
#768=ORIENTED_EDGE('',*,*,#1166,.T.);
#769=ORIENTED_EDGE('',*,*,#1118,.T.);
#770=ORIENTED_EDGE('',*,*,#1124,.T.);
#771=ORIENTED_EDGE('',*,*,#1138,.T.);
#772=ORIENTED_EDGE('',*,*,#1119,.T.);
#773=ORIENTED_EDGE('',*,*,#1129,.T.);
#774=ORIENTED_EDGE('',*,*,#1140,.T.);
#775=ORIENTED_EDGE('',*,*,#1121,.T.);
#776=ORIENTED_EDGE('',*,*,#1127,.T.);
#777=ORIENTED_EDGE('',*,*,#1130,.T.);
#778=ORIENTED_EDGE('',*,*,#1128,.T.);
#779=ORIENTED_EDGE('',*,*,#1139,.T.);
#780=ORIENTED_EDGE('',*,*,#1122,.T.);
#781=ORIENTED_EDGE('',*,*,#1148,.T.);
#782=ORIENTED_EDGE('',*,*,#1162,.T.);
#783=ORIENTED_EDGE('',*,*,#1140,.F.);
#784=ORIENTED_EDGE('',*,*,#1131,.T.);
#785=ORIENTED_EDGE('',*,*,#1161,.F.);
#786=ORIENTED_EDGE('',*,*,#1149,.T.);
#787=ORIENTED_EDGE('',*,*,#1163,.T.);
#788=ORIENTED_EDGE('',*,*,#1138,.F.);
#789=ORIENTED_EDGE('',*,*,#1126,.T.);
#790=ORIENTED_EDGE('',*,*,#1160,.F.);
#791=ORIENTED_EDGE('',*,*,#1124,.F.);
#792=ORIENTED_EDGE('',*,*,#1125,.F.);
#793=ORIENTED_EDGE('',*,*,#1136,.T.);
#794=ORIENTED_EDGE('',*,*,#1116,.T.);
#795=ORIENTED_EDGE('',*,*,#1050,.T.);
#796=ORIENTED_EDGE('',*,*,#1117,.F.);
#797=ORIENTED_EDGE('',*,*,#1112,.T.);
#798=ORIENTED_EDGE('',*,*,#1126,.F.);
#799=ORIENTED_EDGE('',*,*,#1141,.T.);
#800=ORIENTED_EDGE('',*,*,#1128,.F.);
#801=ORIENTED_EDGE('',*,*,#1135,.T.);
#802=ORIENTED_EDGE('',*,*,#1109,.F.);
#803=ORIENTED_EDGE('',*,*,#1105,.F.);
#804=ORIENTED_EDGE('',*,*,#1107,.T.);
#805=ORIENTED_EDGE('',*,*,#1108,.T.);
#806=ORIENTED_EDGE('',*,*,#1127,.F.);
#807=ORIENTED_EDGE('',*,*,#1129,.F.);
#808=ORIENTED_EDGE('',*,*,#1108,.F.);
#809=ORIENTED_EDGE('',*,*,#1110,.T.);
#810=ORIENTED_EDGE('',*,*,#1113,.T.);
#811=ORIENTED_EDGE('',*,*,#1131,.F.);
#812=ORIENTED_EDGE('',*,*,#1132,.F.);
#813=ORIENTED_EDGE('',*,*,#1137,.T.);
#814=ORIENTED_EDGE('',*,*,#1111,.F.);
#815=ORIENTED_EDGE('',*,*,#1135,.F.);
#816=ORIENTED_EDGE('',*,*,#1130,.F.);
#817=ORIENTED_EDGE('',*,*,#1158,.T.);
#818=ORIENTED_EDGE('',*,*,#1136,.F.);
#819=ORIENTED_EDGE('',*,*,#1133,.T.);
#820=ORIENTED_EDGE('',*,*,#1150,.F.);
#821=ORIENTED_EDGE('',*,*,#1161,.T.);
#822=ORIENTED_EDGE('',*,*,#1113,.F.);
#823=ORIENTED_EDGE('',*,*,#1114,.T.);
#824=ORIENTED_EDGE('',*,*,#1151,.F.);
#825=ORIENTED_EDGE('',*,*,#1152,.T.);
#826=ORIENTED_EDGE('',*,*,#1133,.F.);
#827=ORIENTED_EDGE('',*,*,#1125,.T.);
#828=ORIENTED_EDGE('',*,*,#1118,.F.);
#829=ORIENTED_EDGE('',*,*,#1120,.T.);
#830=ORIENTED_EDGE('',*,*,#1153,.T.);
#831=ORIENTED_EDGE('',*,*,#1134,.F.);
#832=ORIENTED_EDGE('',*,*,#1132,.T.);
#833=ORIENTED_EDGE('',*,*,#1122,.F.);
#834=ORIENTED_EDGE('',*,*,#1123,.T.);
#835=ORIENTED_EDGE('',*,*,#1141,.F.);
#836=ORIENTED_EDGE('',*,*,#1121,.F.);
#837=ORIENTED_EDGE('',*,*,#1142,.F.);
#838=ORIENTED_EDGE('',*,*,#1139,.F.);
#839=ORIENTED_EDGE('',*,*,#1120,.F.);
#840=ORIENTED_EDGE('',*,*,#1143,.T.);
#841=ORIENTED_EDGE('',*,*,#1163,.F.);
#842=ORIENTED_EDGE('',*,*,#1155,.F.);
#843=ORIENTED_EDGE('',*,*,#1143,.F.);
#844=ORIENTED_EDGE('',*,*,#1119,.F.);
#845=ORIENTED_EDGE('',*,*,#1160,.T.);
#846=ORIENTED_EDGE('',*,*,#1112,.F.);
#847=ORIENTED_EDGE('',*,*,#1159,.F.);
#848=ORIENTED_EDGE('',*,*,#1156,.F.);
#849=ORIENTED_EDGE('',*,*,#1115,.F.);
#850=ORIENTED_EDGE('',*,*,#1137,.F.);
#851=ORIENTED_EDGE('',*,*,#1134,.T.);
#852=ORIENTED_EDGE('',*,*,#1157,.F.);
#853=ORIENTED_EDGE('',*,*,#1123,.F.);
#854=ORIENTED_EDGE('',*,*,#1142,.T.);
#855=ORIENTED_EDGE('',*,*,#1162,.F.);
#856=ORIENTED_EDGE('',*,*,#1154,.F.);
#857=ORIENTED_EDGE('',*,*,#1157,.T.);
#858=ORIENTED_EDGE('',*,*,#1153,.F.);
#859=ORIENTED_EDGE('',*,*,#1154,.T.);
#860=ORIENTED_EDGE('',*,*,#1148,.F.);
#861=ORIENTED_EDGE('',*,*,#1151,.T.);
#862=ORIENTED_EDGE('',*,*,#1145,.T.);
#863=ORIENTED_EDGE('',*,*,#1164,.T.);
#864=ORIENTED_EDGE('',*,*,#1147,.F.);
#865=ORIENTED_EDGE('',*,*,#1144,.T.);
#866=ORIENTED_EDGE('',*,*,#1150,.T.);
#867=ORIENTED_EDGE('',*,*,#1152,.F.);
#868=ORIENTED_EDGE('',*,*,#1155,.T.);
#869=ORIENTED_EDGE('',*,*,#1149,.F.);
#870=ORIENTED_EDGE('',*,*,#1156,.T.);
#871=ORIENTED_EDGE('',*,*,#1146,.F.);
#872=ORIENTED_EDGE('',*,*,#1164,.F.);
#873=ORIENTED_EDGE('',*,*,#1165,.T.);
#874=ORIENTED_EDGE('',*,*,#1167,.T.);
#875=ORIENTED_EDGE('',*,*,#1166,.F.);
#876=ORIENTED_EDGE('',*,*,#1167,.F.);
#877=ORIENTED_EDGE('',*,*,#1174,.F.);
#878=ORIENTED_EDGE('',*,*,#1047,.T.);
#879=ORIENTED_EDGE('',*,*,#1173,.T.);
#880=ORIENTED_EDGE('',*,*,#1046,.T.);
#881=ORIENTED_EDGE('',*,*,#1048,.F.);
#882=ORIENTED_EDGE('',*,*,#1173,.F.);
#883=ORIENTED_EDGE('',*,*,#1100,.T.);
#884=ORIENTED_EDGE('',*,*,#1169,.F.);
#885=ORIENTED_EDGE('',*,*,#1174,.T.);
#886=ORIENTED_EDGE('',*,*,#1049,.T.);
#887=ORIENTED_EDGE('',*,*,#1170,.T.);
#888=ORIENTED_EDGE('',*,*,#1098,.F.);
#889=ORIENTED_EDGE('',*,*,#1097,.F.);
#890=ORIENTED_EDGE('',*,*,#1094,.F.);
#891=ORIENTED_EDGE('',*,*,#1096,.T.);
#892=ORIENTED_EDGE('',*,*,#1168,.F.);
#893=EDGE_CURVE('',#1457,#1458,#1286,.T.);
#894=EDGE_CURVE('',#1458,#1484,#1287,.T.);
#895=EDGE_CURVE('',#1460,#1459,#1288,.T.);
#896=EDGE_CURVE('',#1457,#1483,#1289,.T.);
#897=EDGE_CURVE('',#1458,#1495,#1290,.T.);
#898=EDGE_CURVE('',#1459,#1496,#1291,.T.);
#899=EDGE_CURVE('',#1461,#1462,#1292,.T.);
#900=EDGE_CURVE('',#1461,#1463,#1293,.T.);
#901=EDGE_CURVE('',#1463,#1464,#1294,.T.);
#902=EDGE_CURVE('',#1462,#1464,#1295,.T.);
#903=EDGE_CURVE('',#1463,#1465,#1296,.T.);
#904=EDGE_CURVE('',#1465,#1466,#1297,.T.);
#905=EDGE_CURVE('',#1464,#1466,#1298,.T.);
#906=EDGE_CURVE('',#1465,#1467,#1299,.T.);
#907=EDGE_CURVE('',#1467,#1468,#1300,.T.);
#908=EDGE_CURVE('',#1466,#1468,#1301,.T.);
#909=EDGE_CURVE('',#1469,#1515,#1302,.T.);
#910=EDGE_CURVE('',#1469,#1521,#1303,.T.);
#911=EDGE_CURVE('',#1471,#1519,#1304,.T.);
#912=EDGE_CURVE('',#1470,#1518,#1305,.T.);
#913=EDGE_CURVE('',#1471,#1473,#1306,.T.);
#914=EDGE_CURVE('',#1473,#1474,#1307,.T.);
#915=EDGE_CURVE('',#1472,#1474,#1308,.T.);
#916=EDGE_CURVE('',#1473,#1475,#1309,.T.);
#917=EDGE_CURVE('',#1475,#1476,#1310,.T.);
#918=EDGE_CURVE('',#1474,#1476,#1311,.T.);
#919=EDGE_CURVE('',#1475,#1477,#1312,.T.);
#920=EDGE_CURVE('',#1477,#1478,#1313,.T.);
#921=EDGE_CURVE('',#1476,#1478,#1314,.T.);
#922=EDGE_CURVE('',#1477,#1479,#1315,.T.);
#923=EDGE_CURVE('',#1479,#1480,#1316,.T.);
#924=EDGE_CURVE('',#1478,#1480,#1317,.T.);
#925=EDGE_CURVE('',#1479,#1481,#1318,.T.);
#926=EDGE_CURVE('',#1481,#1482,#1319,.T.);
#927=EDGE_CURVE('',#1480,#1482,#1320,.T.);
#928=EDGE_CURVE('',#1483,#1484,#1321,.T.);
#929=EDGE_CURVE('',#1485,#1486,#1322,.T.);
#930=EDGE_CURVE('',#1484,#1499,#1323,.T.);
#931=EDGE_CURVE('',#1486,#1500,#1324,.T.);
#932=EDGE_CURVE('',#1486,#1459,#1325,.T.);
#933=EDGE_CURVE('',#1485,#1460,#1326,.T.);
#934=EDGE_CURVE('',#1487,#1488,#1327,.T.);
#935=EDGE_CURVE('',#1489,#1490,#1328,.T.);
#936=EDGE_CURVE('',#1491,#1492,#1329,.T.);
#937=EDGE_CURVE('',#1493,#1494,#1330,.T.);
#938=EDGE_CURVE('',#1492,#1494,#1331,.T.);
#939=EDGE_CURVE('',#1487,#1489,#1332,.T.);
#940=EDGE_CURVE('',#1490,#1469,#1333,.T.);
#941=EDGE_CURVE('',#1493,#1470,#1334,.T.);
#942=EDGE_CURVE('',#1493,#1491,#1335,.T.);
#943=EDGE_CURVE('',#1490,#1488,#1336,.T.);
#944=EDGE_CURVE('',#1497,#1509,#1337,.T.);
#945=EDGE_CURVE('',#1498,#1510,#1338,.T.);
#946=EDGE_CURVE('',#1501,#1488,#1339,.T.);
#947=EDGE_CURVE('',#1502,#1491,#1340,.T.);
#948=EDGE_CURVE('',#1496,#1500,#1341,.T.);
#949=EDGE_CURVE('',#1501,#1497,#1342,.T.);
#950=EDGE_CURVE('',#1499,#1495,#1343,.T.);
#951=EDGE_CURVE('',#1498,#1502,#1344,.T.);
#952=EDGE_CURVE('',#1495,#1497,#1345,.T.);
#953=EDGE_CURVE('',#1499,#1501,#1346,.T.);
#954=EDGE_CURVE('',#1496,#1498,#1347,.T.);
#955=EDGE_CURVE('',#1500,#1502,#1348,.T.);
#956=EDGE_CURVE('',#1503,#1553,#1349,.T.);
#957=EDGE_CURVE('',#1504,#1557,#1350,.T.);
#958=EDGE_CURVE('',#1505,#1492,#1351,.T.);
#959=EDGE_CURVE('',#1506,#1487,#1352,.T.);
#960=EDGE_CURVE('',#1506,#1509,#1353,.T.);
#961=EDGE_CURVE('',#1508,#1503,#1354,.T.);
#962=EDGE_CURVE('',#1504,#1507,#1355,.T.);
#963=EDGE_CURVE('',#1510,#1505,#1356,.T.);
#964=EDGE_CURVE('',#1509,#1503,#1357,.T.);
#965=EDGE_CURVE('',#1508,#1506,#1358,.T.);
#966=EDGE_CURVE('',#1510,#1504,#1359,.T.);
#967=EDGE_CURVE('',#1507,#1505,#1360,.T.);
#968=EDGE_CURVE('',#1511,#1511,#1175,.T.);
#969=EDGE_CURVE('',#1512,#1512,#1176,.T.);
#970=EDGE_CURVE('',#1513,#1513,#1177,.T.);
#971=EDGE_CURVE('',#1514,#1514,#1178,.T.);
#972=EDGE_CURVE('',#1513,#1511,#1179,.T.);
#973=EDGE_CURVE('',#1512,#1514,#1180,.T.);
#974=EDGE_CURVE('',#1515,#1516,#1361,.T.);
#975=EDGE_CURVE('',#1517,#1518,#1181,.T.);
#976=EDGE_CURVE('',#1519,#1520,#1182,.T.);
#977=EDGE_CURVE('',#1521,#1515,#1183,.T.);
#978=EDGE_CURVE('',#1522,#1523,#1184,.T.);
#979=EDGE_CURVE('',#1523,#1524,#1362,.T.);
#980=EDGE_CURVE('',#1524,#1519,#1363,.T.);
#981=EDGE_CURVE('',#1525,#1526,#1185,.T.);
#982=EDGE_CURVE('',#1527,#1525,#1186,.T.);
#983=EDGE_CURVE('',#1528,#1517,#1364,.T.);
#984=EDGE_CURVE('',#1528,#1527,#1187,.T.);
#985=EDGE_CURVE('',#1516,#1526,#1188,.T.);
#986=EDGE_CURVE('',#1521,#1529,#1365,.T.);
#987=EDGE_CURVE('',#1530,#1520,#1366,.T.);
#988=EDGE_CURVE('',#1530,#1529,#1367,.T.);
#989=EDGE_CURVE('',#1531,#1522,#1189,.T.);
#990=EDGE_CURVE('',#1518,#1532,#1190,.T.);
#991=EDGE_CURVE('',#1531,#1532,#1368,.T.);
#992=EDGE_CURVE('',#1517,#1470,#1369,.T.);
#993=EDGE_CURVE('',#1520,#1471,#1370,.T.);
#994=EDGE_CURVE('',#1523,#1472,#1371,.T.);
#995=EDGE_CURVE('',#1522,#1472,#1372,.T.);
#996=EDGE_CURVE('',#1527,#1558,#1373,.T.);
#997=EDGE_CURVE('',#1526,#1554,#1374,.T.);
#998=EDGE_CURVE('',#1528,#1494,#1375,.T.);
#999=EDGE_CURVE('',#1516,#1489,#1376,.T.);
#1000=EDGE_CURVE('',#1529,#1530,#1191,.T.);
#1001=EDGE_CURVE('',#1531,#1532,#1192,.T.);
#1002=EDGE_CURVE('',#1524,#1525,#1193,.T.);
#1003=EDGE_CURVE('',#1467,#1546,#1377,.T.);
#1004=EDGE_CURVE('',#1533,#1534,#1378,.T.);
#1005=EDGE_CURVE('',#1533,#1537,#1379,.T.);
#1006=EDGE_CURVE('',#1534,#1538,#1380,.T.);
#1007=EDGE_CURVE('',#1534,#1483,#1381,.T.);
#1008=EDGE_CURVE('',#1533,#1485,#1382,.T.);
#1009=EDGE_CURVE('',#1535,#1482,#1383,.T.);
#1010=EDGE_CURVE('',#1536,#1481,#1384,.T.);
#1011=EDGE_CURVE('',#1538,#1537,#1385,.T.);
#1012=EDGE_CURVE('',#1536,#1535,#1386,.T.);
#1013=EDGE_CURVE('',#1535,#1537,#1387,.T.);
#1014=EDGE_CURVE('',#1536,#1538,#1388,.T.);
#1015=EDGE_CURVE('',#1540,#1539,#1389,.T.);
#1016=EDGE_CURVE('',#1542,#1541,#1390,.T.);
#1017=EDGE_CURVE('',#1543,#1457,#1391,.T.);
#1018=EDGE_CURVE('',#1544,#1460,#1392,.T.);
#1019=EDGE_CURVE('',#1545,#1468,#1393,.T.);
#1020=EDGE_CURVE('',#1539,#1542,#1394,.T.);
#1021=EDGE_CURVE('',#1541,#1540,#1395,.T.);
#1022=EDGE_CURVE('',#1543,#1544,#1396,.T.);
#1023=EDGE_CURVE('',#1545,#1546,#1397,.T.);
#1024=EDGE_CURVE('',#1539,#1543,#1398,.T.);
#1025=EDGE_CURVE('',#1544,#1542,#1399,.T.);
#1026=EDGE_CURVE('',#1546,#1540,#1400,.T.);
#1027=EDGE_CURVE('',#1541,#1545,#1401,.T.);
#1028=EDGE_CURVE('',#1549,#1461,#1402,.T.);
#1029=EDGE_CURVE('',#1550,#1462,#1403,.T.);
#1030=EDGE_CURVE('',#1550,#1549,#1404,.T.);
#1031=EDGE_CURVE('',#1548,#1547,#1405,.T.);
#1032=EDGE_CURVE('',#1547,#1549,#1406,.T.);
#1033=EDGE_CURVE('',#1550,#1548,#1407,.T.);
#1034=EDGE_CURVE('',#1551,#1547,#1408,.T.);
#1035=EDGE_CURVE('',#1552,#1508,#1409,.T.);
#1036=EDGE_CURVE('',#1552,#1553,#1410,.T.);
#1037=EDGE_CURVE('',#1554,#1551,#1411,.T.);
#1038=EDGE_CURVE('',#1553,#1551,#1412,.T.);
#1039=EDGE_CURVE('',#1554,#1552,#1413,.T.);
#1040=EDGE_CURVE('',#1555,#1548,#1414,.T.);
#1041=EDGE_CURVE('',#1556,#1507,#1415,.T.);
#1042=EDGE_CURVE('',#1557,#1556,#1416,.T.);
#1043=EDGE_CURVE('',#1555,#1558,#1417,.T.);
#1044=EDGE_CURVE('',#1555,#1557,#1418,.T.);
#1045=EDGE_CURVE('',#1558,#1556,#1419,.T.);
#1046=EDGE_CURVE('',#1560,#1561,#1420,.T.);
#1047=EDGE_CURVE('',#1562,#1559,#1421,.T.);
#1048=EDGE_CURVE('',#1560,#1639,#1422,.T.);
#1049=EDGE_CURVE('',#1561,#1640,#1423,.T.);
#1050=EDGE_CURVE('',#1563,#1564,#1194,.T.);
#1051=EDGE_CURVE('',#1563,#1565,#1195,.T.);
#1052=EDGE_CURVE('',#1565,#1566,#1196,.T.);
#1053=EDGE_CURVE('',#1564,#1566,#1197,.T.);
#1054=EDGE_CURVE('',#1565,#1567,#1198,.T.);
#1055=EDGE_CURVE('',#1567,#1568,#1199,.T.);
#1056=EDGE_CURVE('',#1566,#1568,#1200,.T.);
#1057=EDGE_CURVE('',#1567,#1569,#1201,.T.);
#1058=EDGE_CURVE('',#1569,#1570,#1202,.T.);
#1059=EDGE_CURVE('',#1568,#1570,#1203,.T.);
#1060=EDGE_CURVE('',#1569,#1571,#1204,.T.);
#1061=EDGE_CURVE('',#1571,#1572,#1205,.T.);
#1062=EDGE_CURVE('',#1570,#1572,#1206,.T.);
#1063=EDGE_CURVE('',#1571,#1573,#1207,.T.);
#1064=EDGE_CURVE('',#1573,#1574,#1208,.T.);
#1065=EDGE_CURVE('',#1572,#1574,#1209,.T.);
#1066=EDGE_CURVE('',#1573,#1575,#1210,.T.);
#1067=EDGE_CURVE('',#1575,#1576,#1211,.T.);
#1068=EDGE_CURVE('',#1574,#1576,#1212,.T.);
#1069=EDGE_CURVE('',#1575,#1577,#1213,.T.);
#1070=EDGE_CURVE('',#1577,#1578,#1214,.T.);
#1071=EDGE_CURVE('',#1576,#1578,#1215,.T.);
#1072=EDGE_CURVE('',#1577,#1579,#1216,.T.);
#1073=EDGE_CURVE('',#1579,#1580,#1217,.T.);
#1074=EDGE_CURVE('',#1578,#1580,#1218,.T.);
#1075=EDGE_CURVE('',#1579,#1581,#1219,.T.);
#1076=EDGE_CURVE('',#1581,#1582,#1220,.T.);
#1077=EDGE_CURVE('',#1580,#1582,#1221,.T.);
#1078=EDGE_CURVE('',#1581,#1583,#1222,.T.);
#1079=EDGE_CURVE('',#1583,#1584,#1223,.T.);
#1080=EDGE_CURVE('',#1582,#1584,#1224,.T.);
#1081=EDGE_CURVE('',#1583,#1585,#1225,.T.);
#1082=EDGE_CURVE('',#1585,#1586,#1226,.T.);
#1083=EDGE_CURVE('',#1584,#1586,#1227,.T.);
#1084=EDGE_CURVE('',#1585,#1587,#1228,.T.);
#1085=EDGE_CURVE('',#1587,#1588,#1229,.T.);
#1086=EDGE_CURVE('',#1586,#1588,#1230,.T.);
#1087=EDGE_CURVE('',#1587,#1589,#1231,.T.);
#1088=EDGE_CURVE('',#1589,#1590,#1232,.T.);
#1089=EDGE_CURVE('',#1588,#1590,#1233,.T.);
#1090=EDGE_CURVE('',#1589,#1591,#1234,.T.);
#1091=EDGE_CURVE('',#1591,#1592,#1235,.T.);
#1092=EDGE_CURVE('',#1590,#1592,#1236,.T.);
#1093=EDGE_CURVE('',#1591,#1593,#1237,.T.);
#1094=EDGE_CURVE('',#1593,#1594,#1238,.T.);
#1095=EDGE_CURVE('',#1592,#1594,#1239,.T.);
#1096=EDGE_CURVE('',#1593,#1640,#1240,.T.);
#1097=EDGE_CURVE('',#1594,#1639,#1241,.T.);
#1098=EDGE_CURVE('',#1562,#1641,#1242,.T.);
#1099=EDGE_CURVE('',#1595,#1596,#1243,.T.);
#1100=EDGE_CURVE('',#1559,#1642,#1244,.T.);
#1101=EDGE_CURVE('',#1595,#1597,#1245,.T.);
#1102=EDGE_CURVE('',#1597,#1598,#1246,.T.);
#1103=EDGE_CURVE('',#1596,#1598,#1247,.T.);
#1104=EDGE_CURVE('',#1597,#1599,#1248,.T.);
#1105=EDGE_CURVE('',#1599,#1600,#1249,.T.);
#1106=EDGE_CURVE('',#1598,#1600,#1250,.T.);
#1107=EDGE_CURVE('',#1599,#1601,#1251,.T.);
#1108=EDGE_CURVE('',#1601,#1616,#1252,.T.);
#1109=EDGE_CURVE('',#1600,#1602,#1253,.T.);
#1110=EDGE_CURVE('',#1601,#1605,#1254,.T.);
#1111=EDGE_CURVE('',#1602,#1606,#1255,.T.);
#1112=EDGE_CURVE('',#1603,#1614,#1424,.T.);
#1113=EDGE_CURVE('',#1605,#1621,#1425,.T.);
#1114=EDGE_CURVE('',#1605,#1625,#1426,.T.);
#1115=EDGE_CURVE('',#1606,#1628,#1427,.T.);
#1116=EDGE_CURVE('',#1604,#1563,#1256,.T.);
#1117=EDGE_CURVE('',#1603,#1564,#1257,.T.);
#1118=EDGE_CURVE('',#1607,#1611,#1428,.T.);
#1119=EDGE_CURVE('',#1608,#1607,#1429,.T.);
#1120=EDGE_CURVE('',#1607,#1634,#1430,.T.);
#1121=EDGE_CURVE('',#1609,#1615,#1431,.T.);
#1122=EDGE_CURVE('',#1610,#1620,#1432,.T.);
#1123=EDGE_CURVE('',#1610,#1635,#1433,.T.);
#1124=EDGE_CURVE('',#1611,#1612,#1434,.T.);
#1125=EDGE_CURVE('',#1613,#1611,#1435,.T.);
#1126=EDGE_CURVE('',#1612,#1614,#1258,.T.);
#1127=EDGE_CURVE('',#1615,#1616,#1259,.T.);
#1128=EDGE_CURVE('',#1617,#1618,#1260,.T.);
#1129=EDGE_CURVE('',#1616,#1619,#1261,.T.);
#1130=EDGE_CURVE('',#1620,#1617,#1262,.T.);
#1131=EDGE_CURVE('',#1619,#1621,#1263,.T.);
#1132=EDGE_CURVE('',#1622,#1620,#1264,.T.);
#1133=EDGE_CURVE('',#1613,#1633,#1436,.T.);
#1134=EDGE_CURVE('',#1622,#1636,#1437,.T.);
#1135=EDGE_CURVE('',#1617,#1602,#1265,.T.);
#1136=EDGE_CURVE('',#1613,#1604,#1438,.T.);
#1137=EDGE_CURVE('',#1622,#1606,#1439,.T.);
#1138=EDGE_CURVE('',#1612,#1608,#1440,.T.);
#1139=EDGE_CURVE('',#1618,#1610,#1441,.T.);
#1140=EDGE_CURVE('',#1619,#1609,#1442,.T.);
#1141=EDGE_CURVE('',#1615,#1618,#1443,.T.);
#1142=EDGE_CURVE('',#1610,#1609,#1266,.T.);
#1143=EDGE_CURVE('',#1607,#1608,#1267,.T.);
#1144=EDGE_CURVE('',#1623,#1624,#1268,.T.);
#1145=EDGE_CURVE('',#1625,#1623,#1269,.T.);
#1146=EDGE_CURVE('',#1626,#1627,#1270,.T.);
#1147=EDGE_CURVE('',#1628,#1626,#1271,.T.);
#1148=EDGE_CURVE('',#1629,#1630,#1272,.T.);
#1149=EDGE_CURVE('',#1631,#1632,#1273,.T.);
#1150=EDGE_CURVE('',#1624,#1633,#1274,.T.);
#1151=EDGE_CURVE('',#1629,#1625,#1275,.T.);
#1152=EDGE_CURVE('',#1634,#1633,#1276,.T.);
#1153=EDGE_CURVE('',#1635,#1636,#1277,.T.);
#1154=EDGE_CURVE('',#1635,#1630,#1444,.T.);
#1155=EDGE_CURVE('',#1634,#1632,#1445,.T.);
#1156=EDGE_CURVE('',#1631,#1627,#1278,.T.);
#1157=EDGE_CURVE('',#1628,#1636,#1279,.T.);
#1158=EDGE_CURVE('',#1624,#1604,#1446,.T.);
#1159=EDGE_CURVE('',#1627,#1603,#1447,.T.);
#1160=EDGE_CURVE('',#1631,#1614,#1448,.T.);
#1161=EDGE_CURVE('',#1629,#1621,#1449,.T.);
#1162=EDGE_CURVE('',#1630,#1609,#1450,.T.);
#1163=EDGE_CURVE('',#1632,#1608,#1451,.T.);
#1164=EDGE_CURVE('',#1623,#1626,#1280,.T.);
#1165=EDGE_CURVE('',#1637,#1637,#1281,.T.);
#1166=EDGE_CURVE('',#1638,#1638,#1282,.T.);
#1167=EDGE_CURVE('',#1637,#1638,#1283,.T.);
#1168=EDGE_CURVE('',#1639,#1640,#1452,.T.);
#1169=EDGE_CURVE('',#1639,#1642,#1453,.T.);
#1170=EDGE_CURVE('',#1640,#1641,#1454,.T.);
#1171=EDGE_CURVE('',#1641,#1595,#1284,.T.);
#1172=EDGE_CURVE('',#1642,#1596,#1285,.T.);
#1173=EDGE_CURVE('',#1559,#1560,#1455,.T.);
#1174=EDGE_CURVE('',#1562,#1561,#1456,.T.);
#1175=(
BOUNDED_CURVE()
B_SPLINE_CURVE(2,(#2456,#2457,#2458,#2459,#2460,#2461,#2462,#2463,#2464),
 .UNSPECIFIED.,.T.,.F.)
B_SPLINE_CURVE_WITH_KNOTS((3,2,2,2,3),(0.,4.71238898038469,9.42477796076938,
14.1371669411541,18.8495559215388),.UNSPECIFIED.)
CURVE()
GEOMETRIC_REPRESENTATION_ITEM()
RATIONAL_B_SPLINE_CURVE((1.,0.707106781186548,1.,0.707106781186548,1.,0.707106781186548,
1.,0.707106781186548,1.))
REPRESENTATION_ITEM('')
);
#1176=(
BOUNDED_CURVE()
B_SPLINE_CURVE(2,(#2465,#2466,#2467,#2468,#2469,#2470,#2471,#2472,#2473),
 .UNSPECIFIED.,.T.,.F.)
B_SPLINE_CURVE_WITH_KNOTS((3,2,2,2,3),(0.,4.71238898038469,9.42477796076938,
14.1371669411541,18.8495559215388),.UNSPECIFIED.)
CURVE()
GEOMETRIC_REPRESENTATION_ITEM()
RATIONAL_B_SPLINE_CURVE((1.,0.707106781186548,1.,0.707106781186548,1.,0.707106781186548,
1.,0.707106781186548,1.))
REPRESENTATION_ITEM('')
);
#1177=(
BOUNDED_CURVE()
B_SPLINE_CURVE(2,(#2474,#2475,#2476,#2477,#2478,#2479,#2480,#2481,#2482),
 .UNSPECIFIED.,.T.,.F.)
B_SPLINE_CURVE_WITH_KNOTS((3,2,2,2,3),(0.,4.71238898038469,9.42477796076938,
14.1371669411541,18.8495559215388),.UNSPECIFIED.)
CURVE()
GEOMETRIC_REPRESENTATION_ITEM()
RATIONAL_B_SPLINE_CURVE((1.,0.707106781186548,1.,0.707106781186548,1.,0.707106781186548,
1.,0.707106781186548,1.))
REPRESENTATION_ITEM('')
);
#1178=(
BOUNDED_CURVE()
B_SPLINE_CURVE(2,(#2483,#2484,#2485,#2486,#2487,#2488,#2489,#2490,#2491),
 .UNSPECIFIED.,.T.,.F.)
B_SPLINE_CURVE_WITH_KNOTS((3,2,2,2,3),(0.,4.71238898038469,9.42477796076938,
14.1371669411541,18.8495559215388),.UNSPECIFIED.)
CURVE()
GEOMETRIC_REPRESENTATION_ITEM()
RATIONAL_B_SPLINE_CURVE((1.,0.707106781186548,1.,0.707106781186548,1.,0.707106781186548,
1.,0.707106781186548,1.))
REPRESENTATION_ITEM('')
);
#1179=(
BOUNDED_CURVE()
B_SPLINE_CURVE(1,(#2492,#2493),.UNSPECIFIED.,.F.,.F.)
B_SPLINE_CURVE_WITH_KNOTS((2,2),(5.97443493542238,7.25198314969674),
 .UNSPECIFIED.)
CURVE()
GEOMETRIC_REPRESENTATION_ITEM()
RATIONAL_B_SPLINE_CURVE((1.,1.))
REPRESENTATION_ITEM('')
);
#1180=(
BOUNDED_CURVE()
B_SPLINE_CURVE(1,(#2494,#2495),.UNSPECIFIED.,.F.,.F.)
B_SPLINE_CURVE_WITH_KNOTS((2,2),(2.06797316433183,3.34552137860619),
 .UNSPECIFIED.)
CURVE()
GEOMETRIC_REPRESENTATION_ITEM()
RATIONAL_B_SPLINE_CURVE((1.,1.))
REPRESENTATION_ITEM('')
);
#1181=(
BOUNDED_CURVE()
B_SPLINE_CURVE(2,(#2500,#2501,#2502),.UNSPECIFIED.,.F.,.F.)
B_SPLINE_CURVE_WITH_KNOTS((3,3),(-11.6683783286782,-9.41055515984716),
 .UNSPECIFIED.)
CURVE()
GEOMETRIC_REPRESENTATION_ITEM()
RATIONAL_B_SPLINE_CURVE((1.,0.965595853840566,1.))
REPRESENTATION_ITEM('')
);
#1182=(
BOUNDED_CURVE()
B_SPLINE_CURVE(2,(#2503,#2504,#2505),.UNSPECIFIED.,.F.,.F.)
B_SPLINE_CURVE_WITH_KNOTS((3,3),(-25.2048670778429,-23.547722101001),
 .UNSPECIFIED.)
CURVE()
GEOMETRIC_REPRESENTATION_ITEM()
RATIONAL_B_SPLINE_CURVE((1.,0.981382950428041,1.))
REPRESENTATION_ITEM('')
);
#1183=(
BOUNDED_CURVE()
B_SPLINE_CURVE(2,(#2506,#2507,#2508),.UNSPECIFIED.,.F.,.F.)
B_SPLINE_CURVE_WITH_KNOTS((3,3),(-18.8637787224612,-16.6059555536299),
 .UNSPECIFIED.)
CURVE()
GEOMETRIC_REPRESENTATION_ITEM()
RATIONAL_B_SPLINE_CURVE((1.,0.965595853840565,1.))
REPRESENTATION_ITEM('')
);
#1184=(
BOUNDED_CURVE()
B_SPLINE_CURVE(2,(#2509,#2510,#2511),.UNSPECIFIED.,.F.,.F.)
B_SPLINE_CURVE_WITH_KNOTS((3,3),(-4.72661178130692,-3.0694668044652),
 .UNSPECIFIED.)
CURVE()
GEOMETRIC_REPRESENTATION_ITEM()
RATIONAL_B_SPLINE_CURVE((1.,0.981382950428046,1.))
REPRESENTATION_ITEM('')
);
#1185=(
BOUNDED_CURVE()
B_SPLINE_CURVE(2,(#2524,#2525,#2526,#2527,#2528),.UNSPECIFIED.,.F.,.F.)
B_SPLINE_CURVE_WITH_KNOTS((3,2,3),(-28.2743338823081,-21.9309613012968,
-15.5875887202854),.UNSPECIFIED.)
CURVE()
GEOMETRIC_REPRESENTATION_ITEM()
RATIONAL_B_SPLINE_CURVE((1.,0.75913228432202,1.,0.75913228432202,1.))
REPRESENTATION_ITEM('')
);
#1186=(
BOUNDED_CURVE()
B_SPLINE_CURVE(2,(#2529,#2530,#2531,#2532,#2533),.UNSPECIFIED.,.F.,.F.)
B_SPLINE_CURVE_WITH_KNOTS((3,2,3),(-12.6867451620228,-6.34337258101141,
0.),.UNSPECIFIED.)
CURVE()
GEOMETRIC_REPRESENTATION_ITEM()
RATIONAL_B_SPLINE_CURVE((1.,0.759132284322018,1.,0.759132284322018,1.))
REPRESENTATION_ITEM('')
);
#1187=(
BOUNDED_CURVE()
B_SPLINE_CURVE(1,(#2538,#2539),.UNSPECIFIED.,.F.,.F.)
B_SPLINE_CURVE_WITH_KNOTS((2,2),(5.73380992034499,7.85397283277827),
 .UNSPECIFIED.)
CURVE()
GEOMETRIC_REPRESENTATION_ITEM()
RATIONAL_B_SPLINE_CURVE((1.,1.))
REPRESENTATION_ITEM('')
);
#1188=(
BOUNDED_CURVE()
B_SPLINE_CURVE(1,(#2540,#2541),.UNSPECIFIED.,.F.,.F.)
B_SPLINE_CURVE_WITH_KNOTS((2,2),(5.73380992034518,7.85397283277827),
 .UNSPECIFIED.)
CURVE()
GEOMETRIC_REPRESENTATION_ITEM()
RATIONAL_B_SPLINE_CURVE((1.,1.))
REPRESENTATION_ITEM('')
);
#1189=(
BOUNDED_CURVE()
B_SPLINE_CURVE(1,(#2548,#2549),.UNSPECIFIED.,.F.,.F.)
B_SPLINE_CURVE_WITH_KNOTS((2,2),(0.,6.34195730865156),.UNSPECIFIED.)
CURVE()
GEOMETRIC_REPRESENTATION_ITEM()
RATIONAL_B_SPLINE_CURVE((1.,1.))
REPRESENTATION_ITEM('')
);
#1190=(
BOUNDED_CURVE()
B_SPLINE_CURVE(1,(#2550,#2551),.UNSPECIFIED.,.F.,.F.)
B_SPLINE_CURVE_WITH_KNOTS((2,2),(-6.34195730865157,0.),.UNSPECIFIED.)
CURVE()
GEOMETRIC_REPRESENTATION_ITEM()
RATIONAL_B_SPLINE_CURVE((1.,1.))
REPRESENTATION_ITEM('')
);
#1191=(
BOUNDED_CURVE()
B_SPLINE_CURVE(2,(#2570,#2571,#2572,#2573,#2574),.UNSPECIFIED.,.F.,.F.)
B_SPLINE_CURVE_WITH_KNOTS((3,2,3),(18.8637787224612,21.2057504117311,23.547722101001),
 .UNSPECIFIED.)
CURVE()
GEOMETRIC_REPRESENTATION_ITEM()
RATIONAL_B_SPLINE_CURVE((1.,0.967950217416809,1.,0.96795021741681,1.))
REPRESENTATION_ITEM('')
);
#1192=(
BOUNDED_CURVE()
B_SPLINE_CURVE(2,(#2575,#2576,#2577,#2578,#2579),.UNSPECIFIED.,.F.,.F.)
B_SPLINE_CURVE_WITH_KNOTS((3,2,3),(4.72661178130692,7.06858347057703,9.41055515984715),
 .UNSPECIFIED.)
CURVE()
GEOMETRIC_REPRESENTATION_ITEM()
RATIONAL_B_SPLINE_CURVE((1.,0.967950217416804,1.,0.967950217416804,1.))
REPRESENTATION_ITEM('')
);
#1193=(
BOUNDED_CURVE()
B_SPLINE_CURVE(1,(#2580,#2581),.UNSPECIFIED.,.F.,.F.)
B_SPLINE_CURVE_WITH_KNOTS((2,2),(5.40875042300847,7.85397283277827),
 .UNSPECIFIED.)
CURVE()
GEOMETRIC_REPRESENTATION_ITEM()
RATIONAL_B_SPLINE_CURVE((1.,1.))
REPRESENTATION_ITEM('')
);
#1194=(
BOUNDED_CURVE()
B_SPLINE_CURVE(1,(#3361,#3362),.UNSPECIFIED.,.F.,.F.)
B_SPLINE_CURVE_WITH_KNOTS((2,2),(0.,8.),.UNSPECIFIED.)
CURVE()
GEOMETRIC_REPRESENTATION_ITEM()
RATIONAL_B_SPLINE_CURVE((1.,1.))
REPRESENTATION_ITEM('')
);
#1195=(
BOUNDED_CURVE()
B_SPLINE_CURVE(2,(#3363,#3364,#3365),.UNSPECIFIED.,.F.,.F.)
B_SPLINE_CURVE_WITH_KNOTS((3,3),(1067.86959711471,1071.96190510351),
 .UNSPECIFIED.)
CURVE()
GEOMETRIC_REPRESENTATION_ITEM()
RATIONAL_B_SPLINE_CURVE((1.,0.985497875041125,1.))
REPRESENTATION_ITEM('')
);
#1196=(
BOUNDED_CURVE()
B_SPLINE_CURVE(1,(#3366,#3367),.UNSPECIFIED.,.F.,.F.)
B_SPLINE_CURVE_WITH_KNOTS((2,2),(0.,8.),.UNSPECIFIED.)
CURVE()
GEOMETRIC_REPRESENTATION_ITEM()
RATIONAL_B_SPLINE_CURVE((1.,1.))
REPRESENTATION_ITEM('')
);
#1197=(
BOUNDED_CURVE()
B_SPLINE_CURVE(2,(#3368,#3369,#3370),.UNSPECIFIED.,.F.,.F.)
B_SPLINE_CURVE_WITH_KNOTS((3,3),(1067.86959711471,1071.96190510351),
 .UNSPECIFIED.)
CURVE()
GEOMETRIC_REPRESENTATION_ITEM()
RATIONAL_B_SPLINE_CURVE((1.,0.985497875041125,1.))
REPRESENTATION_ITEM('')
);
#1198=(
BOUNDED_CURVE()
B_SPLINE_CURVE(2,(#3371,#3372,#3373),.UNSPECIFIED.,.F.,.F.)
B_SPLINE_CURVE_WITH_KNOTS((3,3),(1071.96190510351,1116.17207567738),
 .UNSPECIFIED.)
CURVE()
GEOMETRIC_REPRESENTATION_ITEM()
RATIONAL_B_SPLINE_CURVE((1.,1.,1.))
REPRESENTATION_ITEM('')
);
#1199=(
BOUNDED_CURVE()
B_SPLINE_CURVE(1,(#3374,#3375),.UNSPECIFIED.,.F.,.F.)
B_SPLINE_CURVE_WITH_KNOTS((2,2),(0.,8.),.UNSPECIFIED.)
CURVE()
GEOMETRIC_REPRESENTATION_ITEM()
RATIONAL_B_SPLINE_CURVE((1.,1.))
REPRESENTATION_ITEM('')
);
#1200=(
BOUNDED_CURVE()
B_SPLINE_CURVE(2,(#3376,#3377,#3378),.UNSPECIFIED.,.F.,.F.)
B_SPLINE_CURVE_WITH_KNOTS((3,3),(1071.96190510351,1116.17207567738),
 .UNSPECIFIED.)
CURVE()
GEOMETRIC_REPRESENTATION_ITEM()
RATIONAL_B_SPLINE_CURVE((1.,1.,1.))
REPRESENTATION_ITEM('')
);
#1201=(
BOUNDED_CURVE()
B_SPLINE_CURVE(2,(#3379,#3380,#3381),.UNSPECIFIED.,.F.,.F.)
B_SPLINE_CURVE_WITH_KNOTS((3,3),(1116.17207567738,1120.8636450103),
 .UNSPECIFIED.)
CURVE()
GEOMETRIC_REPRESENTATION_ITEM()
RATIONAL_B_SPLINE_CURVE((1.,0.891949784653715,1.))
REPRESENTATION_ITEM('')
);
#1202=(
BOUNDED_CURVE()
B_SPLINE_CURVE(1,(#3382,#3383),.UNSPECIFIED.,.F.,.F.)
B_SPLINE_CURVE_WITH_KNOTS((2,2),(0.,8.),.UNSPECIFIED.)
CURVE()
GEOMETRIC_REPRESENTATION_ITEM()
RATIONAL_B_SPLINE_CURVE((1.,1.))
REPRESENTATION_ITEM('')
);
#1203=(
BOUNDED_CURVE()
B_SPLINE_CURVE(2,(#3384,#3385,#3386),.UNSPECIFIED.,.F.,.F.)
B_SPLINE_CURVE_WITH_KNOTS((3,3),(1116.17207567738,1120.8636450103),
 .UNSPECIFIED.)
CURVE()
GEOMETRIC_REPRESENTATION_ITEM()
RATIONAL_B_SPLINE_CURVE((1.,0.891949784653715,1.))
REPRESENTATION_ITEM('')
);
#1204=(
BOUNDED_CURVE()
B_SPLINE_CURVE(2,(#3387,#3388,#3389),.UNSPECIFIED.,.F.,.F.)
B_SPLINE_CURVE_WITH_KNOTS((3,3),(1120.8636450103,1127.28136147624),
 .UNSPECIFIED.)
CURVE()
GEOMETRIC_REPRESENTATION_ITEM()
RATIONAL_B_SPLINE_CURVE((1.,1.,1.))
REPRESENTATION_ITEM('')
);
#1205=(
BOUNDED_CURVE()
B_SPLINE_CURVE(1,(#3390,#3391),.UNSPECIFIED.,.F.,.F.)
B_SPLINE_CURVE_WITH_KNOTS((2,2),(0.,8.),.UNSPECIFIED.)
CURVE()
GEOMETRIC_REPRESENTATION_ITEM()
RATIONAL_B_SPLINE_CURVE((1.,1.))
REPRESENTATION_ITEM('')
);
#1206=(
BOUNDED_CURVE()
B_SPLINE_CURVE(2,(#3392,#3393,#3394),.UNSPECIFIED.,.F.,.F.)
B_SPLINE_CURVE_WITH_KNOTS((3,3),(1120.8636450103,1127.28136147624),
 .UNSPECIFIED.)
CURVE()
GEOMETRIC_REPRESENTATION_ITEM()
RATIONAL_B_SPLINE_CURVE((1.,1.,1.))
REPRESENTATION_ITEM('')
);
#1207=(
BOUNDED_CURVE()
B_SPLINE_CURVE(2,(#3395,#3396,#3397),.UNSPECIFIED.,.F.,.F.)
B_SPLINE_CURVE_WITH_KNOTS((3,3),(1127.28136147624,1129.84004054088),
 .UNSPECIFIED.)
CURVE()
GEOMETRIC_REPRESENTATION_ITEM()
RATIONAL_B_SPLINE_CURVE((1.,0.802292928289379,1.))
REPRESENTATION_ITEM('')
);
#1208=(
BOUNDED_CURVE()
B_SPLINE_CURVE(1,(#3398,#3399),.UNSPECIFIED.,.F.,.F.)
B_SPLINE_CURVE_WITH_KNOTS((2,2),(0.,8.),.UNSPECIFIED.)
CURVE()
GEOMETRIC_REPRESENTATION_ITEM()
RATIONAL_B_SPLINE_CURVE((1.,1.))
REPRESENTATION_ITEM('')
);
#1209=(
BOUNDED_CURVE()
B_SPLINE_CURVE(2,(#3400,#3401,#3402),.UNSPECIFIED.,.F.,.F.)
B_SPLINE_CURVE_WITH_KNOTS((3,3),(1127.28136147624,1129.84004054088),
 .UNSPECIFIED.)
CURVE()
GEOMETRIC_REPRESENTATION_ITEM()
RATIONAL_B_SPLINE_CURVE((1.,0.802292928289379,1.))
REPRESENTATION_ITEM('')
);
#1210=(
BOUNDED_CURVE()
B_SPLINE_CURVE(2,(#3403,#3404,#3405),.UNSPECIFIED.,.F.,.F.)
B_SPLINE_CURVE_WITH_KNOTS((3,3),(1129.84004054088,1130.15629383715),
 .UNSPECIFIED.)
CURVE()
GEOMETRIC_REPRESENTATION_ITEM()
RATIONAL_B_SPLINE_CURVE((1.,1.,1.))
REPRESENTATION_ITEM('')
);
#1211=(
BOUNDED_CURVE()
B_SPLINE_CURVE(1,(#3406,#3407),.UNSPECIFIED.,.F.,.F.)
B_SPLINE_CURVE_WITH_KNOTS((2,2),(0.,8.),.UNSPECIFIED.)
CURVE()
GEOMETRIC_REPRESENTATION_ITEM()
RATIONAL_B_SPLINE_CURVE((1.,1.))
REPRESENTATION_ITEM('')
);
#1212=(
BOUNDED_CURVE()
B_SPLINE_CURVE(2,(#3408,#3409,#3410),.UNSPECIFIED.,.F.,.F.)
B_SPLINE_CURVE_WITH_KNOTS((3,3),(1129.84004054088,1130.15629383715),
 .UNSPECIFIED.)
CURVE()
GEOMETRIC_REPRESENTATION_ITEM()
RATIONAL_B_SPLINE_CURVE((1.,1.,1.))
REPRESENTATION_ITEM('')
);
#1213=(
BOUNDED_CURVE()
B_SPLINE_CURVE(2,(#3411,#3412,#3413,#3414,#3415),.UNSPECIFIED.,.F.,.F.)
B_SPLINE_CURVE_WITH_KNOTS((3,2,3),(1130.15629383715,1131.87973949234,1133.60318514753),
 .UNSPECIFIED.)
CURVE()
GEOMETRIC_REPRESENTATION_ITEM()
RATIONAL_B_SPLINE_CURVE((1.,0.908606314216683,1.,0.908606314216683,1.))
REPRESENTATION_ITEM('')
);
#1214=(
BOUNDED_CURVE()
B_SPLINE_CURVE(1,(#3416,#3417),.UNSPECIFIED.,.F.,.F.)
B_SPLINE_CURVE_WITH_KNOTS((2,2),(0.,8.),.UNSPECIFIED.)
CURVE()
GEOMETRIC_REPRESENTATION_ITEM()
RATIONAL_B_SPLINE_CURVE((1.,1.))
REPRESENTATION_ITEM('')
);
#1215=(
BOUNDED_CURVE()
B_SPLINE_CURVE(2,(#3418,#3419,#3420,#3421,#3422),.UNSPECIFIED.,.F.,.F.)
B_SPLINE_CURVE_WITH_KNOTS((3,2,3),(1130.15629383715,1131.87973949234,1133.60318514753),
 .UNSPECIFIED.)
CURVE()
GEOMETRIC_REPRESENTATION_ITEM()
RATIONAL_B_SPLINE_CURVE((1.,0.908606314216683,1.,0.908606314216683,1.))
REPRESENTATION_ITEM('')
);
#1216=(
BOUNDED_CURVE()
B_SPLINE_CURVE(2,(#3423,#3424,#3425),.UNSPECIFIED.,.F.,.F.)
B_SPLINE_CURVE_WITH_KNOTS((3,3),(1133.60318514753,1141.84135146771),
 .UNSPECIFIED.)
CURVE()
GEOMETRIC_REPRESENTATION_ITEM()
RATIONAL_B_SPLINE_CURVE((1.,1.,1.))
REPRESENTATION_ITEM('')
);
#1217=(
BOUNDED_CURVE()
B_SPLINE_CURVE(1,(#3426,#3427),.UNSPECIFIED.,.F.,.F.)
B_SPLINE_CURVE_WITH_KNOTS((2,2),(0.,8.),.UNSPECIFIED.)
CURVE()
GEOMETRIC_REPRESENTATION_ITEM()
RATIONAL_B_SPLINE_CURVE((1.,1.))
REPRESENTATION_ITEM('')
);
#1218=(
BOUNDED_CURVE()
B_SPLINE_CURVE(2,(#3428,#3429,#3430),.UNSPECIFIED.,.F.,.F.)
B_SPLINE_CURVE_WITH_KNOTS((3,3),(1133.60318514753,1141.84135146771),
 .UNSPECIFIED.)
CURVE()
GEOMETRIC_REPRESENTATION_ITEM()
RATIONAL_B_SPLINE_CURVE((1.,1.,1.))
REPRESENTATION_ITEM('')
);
#1219=(
BOUNDED_CURVE()
B_SPLINE_CURVE(2,(#3431,#3432,#3433),.UNSPECIFIED.,.F.,.F.)
B_SPLINE_CURVE_WITH_KNOTS((3,3),(1141.84135146771,1146.45642014237),
 .UNSPECIFIED.)
CURVE()
GEOMETRIC_REPRESENTATION_ITEM()
RATIONAL_B_SPLINE_CURVE((1.,0.89538250950948,1.))
REPRESENTATION_ITEM('')
);
#1220=(
BOUNDED_CURVE()
B_SPLINE_CURVE(1,(#3434,#3435),.UNSPECIFIED.,.F.,.F.)
B_SPLINE_CURVE_WITH_KNOTS((2,2),(0.,8.),.UNSPECIFIED.)
CURVE()
GEOMETRIC_REPRESENTATION_ITEM()
RATIONAL_B_SPLINE_CURVE((1.,1.))
REPRESENTATION_ITEM('')
);
#1221=(
BOUNDED_CURVE()
B_SPLINE_CURVE(2,(#3436,#3437,#3438),.UNSPECIFIED.,.F.,.F.)
B_SPLINE_CURVE_WITH_KNOTS((3,3),(1141.84135146771,1146.45642014237),
 .UNSPECIFIED.)
CURVE()
GEOMETRIC_REPRESENTATION_ITEM()
RATIONAL_B_SPLINE_CURVE((1.,0.89538250950948,1.))
REPRESENTATION_ITEM('')
);
#1222=(
BOUNDED_CURVE()
B_SPLINE_CURVE(2,(#3439,#3440,#3441),.UNSPECIFIED.,.F.,.F.)
B_SPLINE_CURVE_WITH_KNOTS((3,3),(1146.45642014237,1188.03219944993),
 .UNSPECIFIED.)
CURVE()
GEOMETRIC_REPRESENTATION_ITEM()
RATIONAL_B_SPLINE_CURVE((1.,1.,1.))
REPRESENTATION_ITEM('')
);
#1223=(
BOUNDED_CURVE()
B_SPLINE_CURVE(1,(#3442,#3443),.UNSPECIFIED.,.F.,.F.)
B_SPLINE_CURVE_WITH_KNOTS((2,2),(0.,8.),.UNSPECIFIED.)
CURVE()
GEOMETRIC_REPRESENTATION_ITEM()
RATIONAL_B_SPLINE_CURVE((1.,1.))
REPRESENTATION_ITEM('')
);
#1224=(
BOUNDED_CURVE()
B_SPLINE_CURVE(2,(#3444,#3445,#3446),.UNSPECIFIED.,.F.,.F.)
B_SPLINE_CURVE_WITH_KNOTS((3,3),(1146.45642014237,1188.03219944993),
 .UNSPECIFIED.)
CURVE()
GEOMETRIC_REPRESENTATION_ITEM()
RATIONAL_B_SPLINE_CURVE((1.,1.,1.))
REPRESENTATION_ITEM('')
);
#1225=(
BOUNDED_CURVE()
B_SPLINE_CURVE(2,(#3447,#3448,#3449),.UNSPECIFIED.,.F.,.F.)
B_SPLINE_CURVE_WITH_KNOTS((3,3),(1188.03219944993,1214.14432547207),
 .UNSPECIFIED.)
CURVE()
GEOMETRIC_REPRESENTATION_ITEM()
RATIONAL_B_SPLINE_CURVE((1.,0.994279153512383,1.))
REPRESENTATION_ITEM('')
);
#1226=(
BOUNDED_CURVE()
B_SPLINE_CURVE(1,(#3450,#3451),.UNSPECIFIED.,.F.,.F.)
B_SPLINE_CURVE_WITH_KNOTS((2,2),(0.,8.),.UNSPECIFIED.)
CURVE()
GEOMETRIC_REPRESENTATION_ITEM()
RATIONAL_B_SPLINE_CURVE((1.,1.))
REPRESENTATION_ITEM('')
);
#1227=(
BOUNDED_CURVE()
B_SPLINE_CURVE(2,(#3452,#3453,#3454),.UNSPECIFIED.,.F.,.F.)
B_SPLINE_CURVE_WITH_KNOTS((3,3),(1188.03219944993,1214.14432547207),
 .UNSPECIFIED.)
CURVE()
GEOMETRIC_REPRESENTATION_ITEM()
RATIONAL_B_SPLINE_CURVE((1.,0.994279153512383,1.))
REPRESENTATION_ITEM('')
);
#1228=(
BOUNDED_CURVE()
B_SPLINE_CURVE(2,(#3455,#3456,#3457),.UNSPECIFIED.,.F.,.F.)
B_SPLINE_CURVE_WITH_KNOTS((3,3),(1214.14432547207,1227.54532675506),
 .UNSPECIFIED.)
CURVE()
GEOMETRIC_REPRESENTATION_ITEM()
RATIONAL_B_SPLINE_CURVE((1.,0.848117141241415,1.))
REPRESENTATION_ITEM('')
);
#1229=(
BOUNDED_CURVE()
B_SPLINE_CURVE(1,(#3458,#3459),.UNSPECIFIED.,.F.,.F.)
B_SPLINE_CURVE_WITH_KNOTS((2,2),(0.,8.),.UNSPECIFIED.)
CURVE()
GEOMETRIC_REPRESENTATION_ITEM()
RATIONAL_B_SPLINE_CURVE((1.,1.))
REPRESENTATION_ITEM('')
);
#1230=(
BOUNDED_CURVE()
B_SPLINE_CURVE(2,(#3460,#3461,#3462),.UNSPECIFIED.,.F.,.F.)
B_SPLINE_CURVE_WITH_KNOTS((3,3),(1214.14432547207,1227.54532675506),
 .UNSPECIFIED.)
CURVE()
GEOMETRIC_REPRESENTATION_ITEM()
RATIONAL_B_SPLINE_CURVE((1.,0.848117141241415,1.))
REPRESENTATION_ITEM('')
);
#1231=(
BOUNDED_CURVE()
B_SPLINE_CURVE(2,(#3463,#3464,#3465),.UNSPECIFIED.,.F.,.F.)
B_SPLINE_CURVE_WITH_KNOTS((3,3),(1227.54532675506,1271.86884650507),
 .UNSPECIFIED.)
CURVE()
GEOMETRIC_REPRESENTATION_ITEM()
RATIONAL_B_SPLINE_CURVE((1.,1.,1.))
REPRESENTATION_ITEM('')
);
#1232=(
BOUNDED_CURVE()
B_SPLINE_CURVE(1,(#3466,#3467),.UNSPECIFIED.,.F.,.F.)
B_SPLINE_CURVE_WITH_KNOTS((2,2),(0.,8.),.UNSPECIFIED.)
CURVE()
GEOMETRIC_REPRESENTATION_ITEM()
RATIONAL_B_SPLINE_CURVE((1.,1.))
REPRESENTATION_ITEM('')
);
#1233=(
BOUNDED_CURVE()
B_SPLINE_CURVE(2,(#3468,#3469,#3470),.UNSPECIFIED.,.F.,.F.)
B_SPLINE_CURVE_WITH_KNOTS((3,3),(1227.54532675506,1271.86884650507),
 .UNSPECIFIED.)
CURVE()
GEOMETRIC_REPRESENTATION_ITEM()
RATIONAL_B_SPLINE_CURVE((1.,1.,1.))
REPRESENTATION_ITEM('')
);
#1234=(
BOUNDED_CURVE()
B_SPLINE_CURVE(2,(#3471,#3472,#3473),.UNSPECIFIED.,.F.,.F.)
B_SPLINE_CURVE_WITH_KNOTS((3,3),(1271.86884650507,1278.85809425773),
 .UNSPECIFIED.)
CURVE()
GEOMETRIC_REPRESENTATION_ITEM()
RATIONAL_B_SPLINE_CURVE((1.,0.765534423822746,1.))
REPRESENTATION_ITEM('')
);
#1235=(
BOUNDED_CURVE()
B_SPLINE_CURVE(1,(#3474,#3475),.UNSPECIFIED.,.F.,.F.)
B_SPLINE_CURVE_WITH_KNOTS((2,2),(0.,8.),.UNSPECIFIED.)
CURVE()
GEOMETRIC_REPRESENTATION_ITEM()
RATIONAL_B_SPLINE_CURVE((1.,1.))
REPRESENTATION_ITEM('')
);
#1236=(
BOUNDED_CURVE()
B_SPLINE_CURVE(2,(#3476,#3477,#3478),.UNSPECIFIED.,.F.,.F.)
B_SPLINE_CURVE_WITH_KNOTS((3,3),(1271.86884650507,1278.85809425773),
 .UNSPECIFIED.)
CURVE()
GEOMETRIC_REPRESENTATION_ITEM()
RATIONAL_B_SPLINE_CURVE((1.,0.765534423822746,1.))
REPRESENTATION_ITEM('')
);
#1237=(
BOUNDED_CURVE()
B_SPLINE_CURVE(2,(#3479,#3480,#3481),.UNSPECIFIED.,.F.,.F.)
B_SPLINE_CURVE_WITH_KNOTS((3,3),(1278.85809425773,1281.85432758894),
 .UNSPECIFIED.)
CURVE()
GEOMETRIC_REPRESENTATION_ITEM()
RATIONAL_B_SPLINE_CURVE((1.,1.,1.))
REPRESENTATION_ITEM('')
);
#1238=(
BOUNDED_CURVE()
B_SPLINE_CURVE(1,(#3482,#3483),.UNSPECIFIED.,.F.,.F.)
B_SPLINE_CURVE_WITH_KNOTS((2,2),(0.,8.),.UNSPECIFIED.)
CURVE()
GEOMETRIC_REPRESENTATION_ITEM()
RATIONAL_B_SPLINE_CURVE((1.,1.))
REPRESENTATION_ITEM('')
);
#1239=(
BOUNDED_CURVE()
B_SPLINE_CURVE(2,(#3484,#3485,#3486),.UNSPECIFIED.,.F.,.F.)
B_SPLINE_CURVE_WITH_KNOTS((3,3),(1278.85809425773,1281.85432758894),
 .UNSPECIFIED.)
CURVE()
GEOMETRIC_REPRESENTATION_ITEM()
RATIONAL_B_SPLINE_CURVE((1.,1.,1.))
REPRESENTATION_ITEM('')
);
#1240=(
BOUNDED_CURVE()
B_SPLINE_CURVE(2,(#3487,#3488,#3489),.UNSPECIFIED.,.F.,.F.)
B_SPLINE_CURVE_WITH_KNOTS((3,3),(1281.85432758894,1285.80047235365),
 .UNSPECIFIED.)
CURVE()
GEOMETRIC_REPRESENTATION_ITEM()
RATIONAL_B_SPLINE_CURVE((1.,0.922413588464751,1.))
REPRESENTATION_ITEM('')
);
#1241=(
BOUNDED_CURVE()
B_SPLINE_CURVE(2,(#3490,#3491,#3492),.UNSPECIFIED.,.F.,.F.)
B_SPLINE_CURVE_WITH_KNOTS((3,3),(1281.85432758894,1285.80047235365),
 .UNSPECIFIED.)
CURVE()
GEOMETRIC_REPRESENTATION_ITEM()
RATIONAL_B_SPLINE_CURVE((1.,0.922413588464751,1.))
REPRESENTATION_ITEM('')
);
#1242=(
BOUNDED_CURVE()
B_SPLINE_CURVE(2,(#3493,#3494,#3495),.UNSPECIFIED.,.F.,.F.)
B_SPLINE_CURVE_WITH_KNOTS((3,3),(1288.84357534159,1289.06157788314),
 .UNSPECIFIED.)
CURVE()
GEOMETRIC_REPRESENTATION_ITEM()
RATIONAL_B_SPLINE_CURVE((1.,1.,1.))
REPRESENTATION_ITEM('')
);
#1243=(
BOUNDED_CURVE()
B_SPLINE_CURVE(1,(#3496,#3497),.UNSPECIFIED.,.F.,.F.)
B_SPLINE_CURVE_WITH_KNOTS((2,2),(0.,8.),.UNSPECIFIED.)
CURVE()
GEOMETRIC_REPRESENTATION_ITEM()
RATIONAL_B_SPLINE_CURVE((1.,1.))
REPRESENTATION_ITEM('')
);
#1244=(
BOUNDED_CURVE()
B_SPLINE_CURVE(2,(#3498,#3499,#3500),.UNSPECIFIED.,.F.,.F.)
B_SPLINE_CURVE_WITH_KNOTS((3,3),(1288.84357534159,1289.06157788314),
 .UNSPECIFIED.)
CURVE()
GEOMETRIC_REPRESENTATION_ITEM()
RATIONAL_B_SPLINE_CURVE((1.,1.,1.))
REPRESENTATION_ITEM('')
);
#1245=(
BOUNDED_CURVE()
B_SPLINE_CURVE(2,(#3501,#3502,#3503),.UNSPECIFIED.,.F.,.F.)
B_SPLINE_CURVE_WITH_KNOTS((3,3),(1338.92445587339,1342.60120950782),
 .UNSPECIFIED.)
CURVE()
GEOMETRIC_REPRESENTATION_ITEM()
RATIONAL_B_SPLINE_CURVE((1.,0.933165450184339,1.))
REPRESENTATION_ITEM('')
);
#1246=(
BOUNDED_CURVE()
B_SPLINE_CURVE(1,(#3504,#3505),.UNSPECIFIED.,.F.,.F.)
B_SPLINE_CURVE_WITH_KNOTS((2,2),(0.,8.),.UNSPECIFIED.)
CURVE()
GEOMETRIC_REPRESENTATION_ITEM()
RATIONAL_B_SPLINE_CURVE((1.,1.))
REPRESENTATION_ITEM('')
);
#1247=(
BOUNDED_CURVE()
B_SPLINE_CURVE(2,(#3506,#3507,#3508),.UNSPECIFIED.,.F.,.F.)
B_SPLINE_CURVE_WITH_KNOTS((3,3),(1338.92445587339,1342.60120950782),
 .UNSPECIFIED.)
CURVE()
GEOMETRIC_REPRESENTATION_ITEM()
RATIONAL_B_SPLINE_CURVE((1.,0.933165450184339,1.))
REPRESENTATION_ITEM('')
);
#1248=(
BOUNDED_CURVE()
B_SPLINE_CURVE(2,(#3509,#3510,#3511),.UNSPECIFIED.,.F.,.F.)
B_SPLINE_CURVE_WITH_KNOTS((3,3),(1342.60120950782,1347.98463402318),
 .UNSPECIFIED.)
CURVE()
GEOMETRIC_REPRESENTATION_ITEM()
RATIONAL_B_SPLINE_CURVE((1.,1.,1.))
REPRESENTATION_ITEM('')
);
#1249=(
BOUNDED_CURVE()
B_SPLINE_CURVE(1,(#3512,#3513),.UNSPECIFIED.,.F.,.F.)
B_SPLINE_CURVE_WITH_KNOTS((2,2),(0.,8.),.UNSPECIFIED.)
CURVE()
GEOMETRIC_REPRESENTATION_ITEM()
RATIONAL_B_SPLINE_CURVE((1.,1.))
REPRESENTATION_ITEM('')
);
#1250=(
BOUNDED_CURVE()
B_SPLINE_CURVE(2,(#3514,#3515,#3516),.UNSPECIFIED.,.F.,.F.)
B_SPLINE_CURVE_WITH_KNOTS((3,3),(1342.60120950782,1347.98463402318),
 .UNSPECIFIED.)
CURVE()
GEOMETRIC_REPRESENTATION_ITEM()
RATIONAL_B_SPLINE_CURVE((1.,1.,1.))
REPRESENTATION_ITEM('')
);
#1251=(
BOUNDED_CURVE()
B_SPLINE_CURVE(2,(#3517,#3518,#3519,#3520,#3521),.UNSPECIFIED.,.F.,.F.)
B_SPLINE_CURVE_WITH_KNOTS((3,2,3),(1347.98463402318,1351.08901177844,1354.19338953369),
 .UNSPECIFIED.)
CURVE()
GEOMETRIC_REPRESENTATION_ITEM()
RATIONAL_B_SPLINE_CURVE((1.,0.869109967137926,1.,0.869109967137926,1.))
REPRESENTATION_ITEM('')
);
#1252=(
BOUNDED_CURVE()
B_SPLINE_CURVE(1,(#3522,#3523),.UNSPECIFIED.,.F.,.F.)
B_SPLINE_CURVE_WITH_KNOTS((2,2),(0.,2.75),.UNSPECIFIED.)
CURVE()
GEOMETRIC_REPRESENTATION_ITEM()
RATIONAL_B_SPLINE_CURVE((1.,1.))
REPRESENTATION_ITEM('')
);
#1253=(
BOUNDED_CURVE()
B_SPLINE_CURVE(2,(#3524,#3525,#3526,#3527,#3528),.UNSPECIFIED.,.F.,.F.)
B_SPLINE_CURVE_WITH_KNOTS((3,2,3),(1347.98463402318,1351.08901177844,1354.19338953369),
 .UNSPECIFIED.)
CURVE()
GEOMETRIC_REPRESENTATION_ITEM()
RATIONAL_B_SPLINE_CURVE((1.,0.869109967137926,1.,0.869109967137926,1.))
REPRESENTATION_ITEM('')
);
#1254=(
BOUNDED_CURVE()
B_SPLINE_CURVE(2,(#3529,#3530,#3531),.UNSPECIFIED.,.F.,.F.)
B_SPLINE_CURVE_WITH_KNOTS((3,3),(1354.19338953369,1378.23160833998),
 .UNSPECIFIED.)
CURVE()
GEOMETRIC_REPRESENTATION_ITEM()
RATIONAL_B_SPLINE_CURVE((1.,0.982183772476949,1.))
REPRESENTATION_ITEM('')
);
#1255=(
BOUNDED_CURVE()
B_SPLINE_CURVE(2,(#3532,#3533,#3534),.UNSPECIFIED.,.F.,.F.)
B_SPLINE_CURVE_WITH_KNOTS((3,3),(1354.19338953369,1378.23160833998),
 .UNSPECIFIED.)
CURVE()
GEOMETRIC_REPRESENTATION_ITEM()
RATIONAL_B_SPLINE_CURVE((1.,0.982183772476949,1.))
REPRESENTATION_ITEM('')
);
#1256=(
BOUNDED_CURVE()
B_SPLINE_CURVE(2,(#3543,#3544,#3545),.UNSPECIFIED.,.F.,.F.)
B_SPLINE_CURVE_WITH_KNOTS((3,3),(1048.58043146811,1067.86959711471),
 .UNSPECIFIED.)
CURVE()
GEOMETRIC_REPRESENTATION_ITEM()
RATIONAL_B_SPLINE_CURVE((1.,1.,1.))
REPRESENTATION_ITEM('')
);
#1257=(
BOUNDED_CURVE()
B_SPLINE_CURVE(2,(#3546,#3547,#3548),.UNSPECIFIED.,.F.,.F.)
B_SPLINE_CURVE_WITH_KNOTS((3,3),(1048.58043146811,1067.86959711471),
 .UNSPECIFIED.)
CURVE()
GEOMETRIC_REPRESENTATION_ITEM()
RATIONAL_B_SPLINE_CURVE((1.,1.,1.))
REPRESENTATION_ITEM('')
);
#1258=(
BOUNDED_CURVE()
B_SPLINE_CURVE(2,(#3576,#3577,#3578),.UNSPECIFIED.,.F.,.F.)
B_SPLINE_CURVE_WITH_KNOTS((3,3),(-1055.24709035209,-1048.58043146811),
 .UNSPECIFIED.)
CURVE()
GEOMETRIC_REPRESENTATION_ITEM()
RATIONAL_B_SPLINE_CURVE((1.,1.,1.))
REPRESENTATION_ITEM('')
);
#1259=(
BOUNDED_CURVE()
B_SPLINE_CURVE(2,(#3579,#3580,#3581),.UNSPECIFIED.,.F.,.F.)
B_SPLINE_CURVE_WITH_KNOTS((3,3),(1351.33711618691,1354.19338953369),
 .UNSPECIFIED.)
CURVE()
GEOMETRIC_REPRESENTATION_ITEM()
RATIONAL_B_SPLINE_CURVE((1.,0.888160713486397,1.))
REPRESENTATION_ITEM('')
);
#1260=(
BOUNDED_CURVE()
B_SPLINE_CURVE(2,(#3582,#3583,#3584),.UNSPECIFIED.,.F.,.F.)
B_SPLINE_CURVE_WITH_KNOTS((3,3),(-1354.19338953369,-1351.33711618691),
 .UNSPECIFIED.)
CURVE()
GEOMETRIC_REPRESENTATION_ITEM()
RATIONAL_B_SPLINE_CURVE((1.,0.888160713486399,1.))
REPRESENTATION_ITEM('')
);
#1261=(
BOUNDED_CURVE()
B_SPLINE_CURVE(2,(#3585,#3586,#3587),.UNSPECIFIED.,.F.,.F.)
B_SPLINE_CURVE_WITH_KNOTS((3,3),(1354.19338953369,1370.20008128133),
 .UNSPECIFIED.)
CURVE()
GEOMETRIC_REPRESENTATION_ITEM()
RATIONAL_B_SPLINE_CURVE((1.,0.992084534743354,1.))
REPRESENTATION_ITEM('')
);
#1262=(
BOUNDED_CURVE()
B_SPLINE_CURVE(2,(#3588,#3589,#3590),.UNSPECIFIED.,.F.,.F.)
B_SPLINE_CURVE_WITH_KNOTS((3,3),(-1370.20008128133,-1354.19338953369),
 .UNSPECIFIED.)
CURVE()
GEOMETRIC_REPRESENTATION_ITEM()
RATIONAL_B_SPLINE_CURVE((1.,0.992084534743353,1.))
REPRESENTATION_ITEM('')
);
#1263=(
BOUNDED_CURVE()
B_SPLINE_CURVE(2,(#3591,#3592,#3593),.UNSPECIFIED.,.F.,.F.)
B_SPLINE_CURVE_WITH_KNOTS((3,3),(1370.20008128133,1378.23160833998),
 .UNSPECIFIED.)
CURVE()
GEOMETRIC_REPRESENTATION_ITEM()
RATIONAL_B_SPLINE_CURVE((1.,0.998007153920978,1.))
REPRESENTATION_ITEM('')
);
#1264=(
BOUNDED_CURVE()
B_SPLINE_CURVE(2,(#3594,#3595,#3596),.UNSPECIFIED.,.F.,.F.)
B_SPLINE_CURVE_WITH_KNOTS((3,3),(-1378.23160833998,-1370.20008128133),
 .UNSPECIFIED.)
CURVE()
GEOMETRIC_REPRESENTATION_ITEM()
RATIONAL_B_SPLINE_CURVE((1.,0.998007153920977,1.))
REPRESENTATION_ITEM('')
);
#1265=(
BOUNDED_CURVE()
B_SPLINE_CURVE(1,(#3601,#3602),.UNSPECIFIED.,.F.,.F.)
B_SPLINE_CURVE_WITH_KNOTS((2,2),(5.25,8.),.UNSPECIFIED.)
CURVE()
GEOMETRIC_REPRESENTATION_ITEM()
RATIONAL_B_SPLINE_CURVE((1.,1.))
REPRESENTATION_ITEM('')
);
#1266=(
BOUNDED_CURVE()
B_SPLINE_CURVE(2,(#3643,#3644,#3645,#3646,#3647),.UNSPECIFIED.,.F.,.F.)
B_SPLINE_CURVE_WITH_KNOTS((3,2,3),(1.9634954085388,3.92699081698724,5.89048622548086),
 .UNSPECIFIED.)
CURVE()
GEOMETRIC_REPRESENTATION_ITEM()
RATIONAL_B_SPLINE_CURVE((1.,0.707106781198051,1.,0.707106781186548,1.))
REPRESENTATION_ITEM('')
);
#1267=(
BOUNDED_CURVE()
B_SPLINE_CURVE(2,(#3648,#3649,#3650,#3651,#3652),.UNSPECIFIED.,.F.,.F.)
B_SPLINE_CURVE_WITH_KNOTS((3,2,3),(-5.89048622548086,-3.92699081698724,
-1.96349540849362),.UNSPECIFIED.)
CURVE()
GEOMETRIC_REPRESENTATION_ITEM()
RATIONAL_B_SPLINE_CURVE((1.,0.707106781186548,1.,0.707106781186548,1.))
REPRESENTATION_ITEM('')
);
#1268=(
BOUNDED_CURVE()
B_SPLINE_CURVE(2,(#3653,#3654,#3655,#3656,#3657,#3658,#3659,#3660,#3661),
 .UNSPECIFIED.,.F.,.F.)
B_SPLINE_CURVE_WITH_KNOTS((3,2,2,2,3),(-23.090706003885,-19.2992430079799,
-15.5077800120748,-11.7163170161697,-7.9248540202646),.UNSPECIFIED.)
CURVE()
GEOMETRIC_REPRESENTATION_ITEM()
RATIONAL_B_SPLINE_CURVE((1.,0.869248283932158,1.,0.869248283932158,1.,0.869248283932158,
1.,0.869248283932158,1.))
REPRESENTATION_ITEM('')
);
#1269=(
BOUNDED_CURVE()
B_SPLINE_CURVE(2,(#3662,#3663,#3664),.UNSPECIFIED.,.F.,.F.)
B_SPLINE_CURVE_WITH_KNOTS((3,3),(-3.62049898167767,0.),.UNSPECIFIED.)
CURVE()
GEOMETRIC_REPRESENTATION_ITEM()
RATIONAL_B_SPLINE_CURVE((1.,0.878697242249805,1.))
REPRESENTATION_ITEM('')
);
#1270=(
BOUNDED_CURVE()
B_SPLINE_CURVE(2,(#3665,#3666,#3667,#3668,#3669,#3670,#3671,#3672,#3673),
 .UNSPECIFIED.,.F.,.F.)
B_SPLINE_CURVE_WITH_KNOTS((3,2,2,2,3),(-23.090706003885,-19.2992430079799,
-15.5077800120748,-11.7163170161697,-7.9248540202646),.UNSPECIFIED.)
CURVE()
GEOMETRIC_REPRESENTATION_ITEM()
RATIONAL_B_SPLINE_CURVE((1.,0.869248283932158,1.,0.869248283932158,1.,0.869248283932158,
1.,0.869248283932158,1.))
REPRESENTATION_ITEM('')
);
#1271=(
BOUNDED_CURVE()
B_SPLINE_CURVE(2,(#3674,#3675,#3676),.UNSPECIFIED.,.F.,.F.)
B_SPLINE_CURVE_WITH_KNOTS((3,3),(-3.62049898167767,0.),.UNSPECIFIED.)
CURVE()
GEOMETRIC_REPRESENTATION_ITEM()
RATIONAL_B_SPLINE_CURVE((1.,0.878697242249805,1.))
REPRESENTATION_ITEM('')
);
#1272=(
BOUNDED_CURVE()
B_SPLINE_CURVE(2,(#3677,#3678,#3679),.UNSPECIFIED.,.F.,.F.)
B_SPLINE_CURVE_WITH_KNOTS((3,3),(-3.62049898175393,-1.72987201655431),
 .UNSPECIFIED.)
CURVE()
GEOMETRIC_REPRESENTATION_ITEM()
RATIONAL_B_SPLINE_CURVE((1.,0.963921603525497,1.))
REPRESENTATION_ITEM('')
);
#1273=(
BOUNDED_CURVE()
B_SPLINE_CURVE(2,(#3680,#3681,#3682),.UNSPECIFIED.,.F.,.F.)
B_SPLINE_CURVE_WITH_KNOTS((3,3),(7.92485402007877,9.81548098537612),
 .UNSPECIFIED.)
CURVE()
GEOMETRIC_REPRESENTATION_ITEM()
RATIONAL_B_SPLINE_CURVE((1.,0.963921603525937,1.))
REPRESENTATION_ITEM('')
);
#1274=(
BOUNDED_CURVE()
B_SPLINE_CURVE(1,(#3683,#3684),.UNSPECIFIED.,.F.,.F.)
B_SPLINE_CURVE_WITH_KNOTS((2,2),(3.50902174690855,3.84656929590892),
 .UNSPECIFIED.)
CURVE()
GEOMETRIC_REPRESENTATION_ITEM()
RATIONAL_B_SPLINE_CURVE((1.,1.))
REPRESENTATION_ITEM('')
);
#1275=(
BOUNDED_CURVE()
B_SPLINE_CURVE(1,(#3685,#3686),.UNSPECIFIED.,.F.,.F.)
B_SPLINE_CURVE_WITH_KNOTS((2,2),(-3.84656929590892,-3.50902174690855),
 .UNSPECIFIED.)
CURVE()
GEOMETRIC_REPRESENTATION_ITEM()
RATIONAL_B_SPLINE_CURVE((1.,1.))
REPRESENTATION_ITEM('')
);
#1276=(
BOUNDED_CURVE()
B_SPLINE_CURVE(2,(#3687,#3688,#3689),.UNSPECIFIED.,.F.,.F.)
B_SPLINE_CURVE_WITH_KNOTS((3,3),(-9.81548098537611,-7.92485402007877),
 .UNSPECIFIED.)
CURVE()
GEOMETRIC_REPRESENTATION_ITEM()
RATIONAL_B_SPLINE_CURVE((1.,0.963921603525944,1.))
REPRESENTATION_ITEM('')
);
#1277=(
BOUNDED_CURVE()
B_SPLINE_CURVE(2,(#3690,#3691,#3692),.UNSPECIFIED.,.F.,.F.)
B_SPLINE_CURVE_WITH_KNOTS((3,3),(1.72987201655429,3.62049898175393),
 .UNSPECIFIED.)
CURVE()
GEOMETRIC_REPRESENTATION_ITEM()
RATIONAL_B_SPLINE_CURVE((1.,0.963921603525495,1.))
REPRESENTATION_ITEM('')
);
#1278=(
BOUNDED_CURVE()
B_SPLINE_CURVE(1,(#3739,#3740),.UNSPECIFIED.,.F.,.F.)
B_SPLINE_CURVE_WITH_KNOTS((2,2),(4.15343070409108,4.49097825309145),
 .UNSPECIFIED.)
CURVE()
GEOMETRIC_REPRESENTATION_ITEM()
RATIONAL_B_SPLINE_CURVE((1.,1.))
REPRESENTATION_ITEM('')
);
#1279=(
BOUNDED_CURVE()
B_SPLINE_CURVE(1,(#3741,#3742),.UNSPECIFIED.,.F.,.F.)
B_SPLINE_CURVE_WITH_KNOTS((2,2),(-4.49097825309145,-4.15343070409108),
 .UNSPECIFIED.)
CURVE()
GEOMETRIC_REPRESENTATION_ITEM()
RATIONAL_B_SPLINE_CURVE((1.,1.))
REPRESENTATION_ITEM('')
);
#1280=(
BOUNDED_CURVE()
B_SPLINE_CURVE(1,(#3759,#3760),.UNSPECIFIED.,.F.,.F.)
B_SPLINE_CURVE_WITH_KNOTS((2,2),(3.50902174690855,4.49097825309145),
 .UNSPECIFIED.)
CURVE()
GEOMETRIC_REPRESENTATION_ITEM()
RATIONAL_B_SPLINE_CURVE((1.,1.))
REPRESENTATION_ITEM('')
);
#1281=(
BOUNDED_CURVE()
B_SPLINE_CURVE(2,(#3761,#3762,#3763,#3764,#3765,#3766,#3767,#3768,#3769),
 .UNSPECIFIED.,.T.,.F.)
B_SPLINE_CURVE_WITH_KNOTS((3,2,2,2,3),(-18.8495559215388,-14.1371669411541,
-9.42477796076938,-4.71238898038469,0.),.UNSPECIFIED.)
CURVE()
GEOMETRIC_REPRESENTATION_ITEM()
RATIONAL_B_SPLINE_CURVE((1.,0.707106781186548,1.,0.707106781186548,1.,0.707106781186548,
1.,0.707106781186548,1.))
REPRESENTATION_ITEM('')
);
#1282=(
BOUNDED_CURVE()
B_SPLINE_CURVE(2,(#3770,#3771,#3772,#3773,#3774,#3775,#3776,#3777,#3778),
 .UNSPECIFIED.,.T.,.F.)
B_SPLINE_CURVE_WITH_KNOTS((3,2,2,2,3),(-18.8495559215388,-14.1371669411541,
-9.42477796076938,-4.71238898038469,0.),.UNSPECIFIED.)
CURVE()
GEOMETRIC_REPRESENTATION_ITEM()
RATIONAL_B_SPLINE_CURVE((1.,0.707106781186548,1.,0.707106781186548,1.,0.707106781186548,
1.,0.707106781186548,1.))
REPRESENTATION_ITEM('')
);
#1283=(
BOUNDED_CURVE()
B_SPLINE_CURVE(1,(#3779,#3780),.UNSPECIFIED.,.F.,.F.)
B_SPLINE_CURVE_WITH_KNOTS((2,2),(14.7039975036588,17.2960024963412),
 .UNSPECIFIED.)
CURVE()
GEOMETRIC_REPRESENTATION_ITEM()
RATIONAL_B_SPLINE_CURVE((1.,1.))
REPRESENTATION_ITEM('')
);
#1284=(
BOUNDED_CURVE()
B_SPLINE_CURVE(2,(#3805,#3806,#3807),.UNSPECIFIED.,.F.,.F.)
B_SPLINE_CURVE_WITH_KNOTS((3,3),(1289.06157788314,1338.92445587339),
 .UNSPECIFIED.)
CURVE()
GEOMETRIC_REPRESENTATION_ITEM()
RATIONAL_B_SPLINE_CURVE((1.,1.,1.))
REPRESENTATION_ITEM('')
);
#1285=(
BOUNDED_CURVE()
B_SPLINE_CURVE(2,(#3808,#3809,#3810),.UNSPECIFIED.,.F.,.F.)
B_SPLINE_CURVE_WITH_KNOTS((3,3),(1289.06157788314,1338.92445587339),
 .UNSPECIFIED.)
CURVE()
GEOMETRIC_REPRESENTATION_ITEM()
RATIONAL_B_SPLINE_CURVE((1.,1.,1.))
REPRESENTATION_ITEM('')
);
#1286=B_SPLINE_CURVE_WITH_KNOTS('',1,(#2274,#2275),.UNSPECIFIED.,.F.,.F.,
(2,2),(0.,52.3450093132096),.UNSPECIFIED.);
#1287=B_SPLINE_CURVE_WITH_KNOTS('',1,(#2276,#2277),.UNSPECIFIED.,.F.,.F.,
(2,2),(0.,3.94304244901081),.UNSPECIFIED.);
#1288=B_SPLINE_CURVE_WITH_KNOTS('',1,(#2278,#2279),.UNSPECIFIED.,.F.,.F.,
(2,2),(0.,52.3450093132096),.UNSPECIFIED.);
#1289=B_SPLINE_CURVE_WITH_KNOTS('',1,(#2280,#2281),.UNSPECIFIED.,.F.,.F.,
(2,2),(0.,3.94304244901081),.UNSPECIFIED.);
#1290=B_SPLINE_CURVE_WITH_KNOTS('',1,(#2282,#2283),.UNSPECIFIED.,.F.,.F.,
(2,2),(52.3450093132096,67.0581881113571),.UNSPECIFIED.);
#1291=B_SPLINE_CURVE_WITH_KNOTS('',1,(#2284,#2285),.UNSPECIFIED.,.F.,.F.,
(2,2),(52.3450093132096,67.0581881113571),.UNSPECIFIED.);
#1292=B_SPLINE_CURVE_WITH_KNOTS('',1,(#2286,#2287),.UNSPECIFIED.,.F.,.F.,
(2,2),(0.,16.),.UNSPECIFIED.);
#1293=B_SPLINE_CURVE_WITH_KNOTS('',1,(#2288,#2289),.UNSPECIFIED.,.F.,.F.,
(2,2),(175.739939566585,181.662026974917),.UNSPECIFIED.);
#1294=B_SPLINE_CURVE_WITH_KNOTS('',1,(#2290,#2291),.UNSPECIFIED.,.F.,.F.,
(2,2),(0.,16.),.UNSPECIFIED.);
#1295=B_SPLINE_CURVE_WITH_KNOTS('',1,(#2292,#2293),.UNSPECIFIED.,.F.,.F.,
(2,2),(175.739939566585,181.662026974917),.UNSPECIFIED.);
#1296=B_SPLINE_CURVE_WITH_KNOTS('',1,(#2294,#2295),.UNSPECIFIED.,.F.,.F.,
(2,2),(181.662026974917,194.329778086528),.UNSPECIFIED.);
#1297=B_SPLINE_CURVE_WITH_KNOTS('',1,(#2296,#2297),.UNSPECIFIED.,.F.,.F.,
(2,2),(0.,16.),.UNSPECIFIED.);
#1298=B_SPLINE_CURVE_WITH_KNOTS('',1,(#2298,#2299),.UNSPECIFIED.,.F.,.F.,
(2,2),(181.662026974917,194.329778086528),.UNSPECIFIED.);
#1299=B_SPLINE_CURVE_WITH_KNOTS('',1,(#2300,#2301),.UNSPECIFIED.,.F.,.F.,
(2,2),(194.329778086528,234.006110097284),.UNSPECIFIED.);
#1300=B_SPLINE_CURVE_WITH_KNOTS('',1,(#2302,#2303),.UNSPECIFIED.,.F.,.F.,
(2,2),(0.,16.),.UNSPECIFIED.);
#1301=B_SPLINE_CURVE_WITH_KNOTS('',1,(#2304,#2305),.UNSPECIFIED.,.F.,.F.,
(2,2),(194.329778086528,234.006110097284),.UNSPECIFIED.);
#1302=B_SPLINE_CURVE_WITH_KNOTS('',1,(#2306,#2307),.UNSPECIFIED.,.F.,.F.,
(2,2),(0.,2.59348169098289),.UNSPECIFIED.);
#1303=B_SPLINE_CURVE_WITH_KNOTS('',1,(#2308,#2309),.UNSPECIFIED.,.F.,.F.,
(2,2),(134.944786024547,137.44875281845),.UNSPECIFIED.);
#1304=B_SPLINE_CURVE_WITH_KNOTS('',1,(#2310,#2311),.UNSPECIFIED.,.F.,.F.,
(2,2),(0.,1.77321365394744),.UNSPECIFIED.);
#1305=B_SPLINE_CURVE_WITH_KNOTS('',1,(#2312,#2313),.UNSPECIFIED.,.F.,.F.,
(2,2),(134.944786024547,137.448752818449),.UNSPECIFIED.);
#1306=B_SPLINE_CURVE_WITH_KNOTS('',1,(#2314,#2315),.UNSPECIFIED.,.F.,.F.,
(2,2),(145.944786024547,175.739939566585),.UNSPECIFIED.);
#1307=B_SPLINE_CURVE_WITH_KNOTS('',1,(#2316,#2317),.UNSPECIFIED.,.F.,.F.,
(2,2),(0.,12.5089946789675),.UNSPECIFIED.);
#1308=B_SPLINE_CURVE_WITH_KNOTS('',1,(#2318,#2319),.UNSPECIFIED.,.F.,.F.,
(2,2),(145.944786024547,175.739939566585),.UNSPECIFIED.);
#1309=B_SPLINE_CURVE_WITH_KNOTS('',1,(#2320,#2321),.UNSPECIFIED.,.F.,.F.,
(2,2),(175.739939566585,181.662026974917),.UNSPECIFIED.);
#1310=B_SPLINE_CURVE_WITH_KNOTS('',1,(#2322,#2323),.UNSPECIFIED.,.F.,.F.,
(2,2),(0.,12.5089946789675),.UNSPECIFIED.);
#1311=B_SPLINE_CURVE_WITH_KNOTS('',1,(#2324,#2325),.UNSPECIFIED.,.F.,.F.,
(2,2),(175.739939566585,181.662026974917),.UNSPECIFIED.);
#1312=B_SPLINE_CURVE_WITH_KNOTS('',1,(#2326,#2327),.UNSPECIFIED.,.F.,.F.,
(2,2),(181.662026974917,194.329778086528),.UNSPECIFIED.);
#1313=B_SPLINE_CURVE_WITH_KNOTS('',1,(#2328,#2329),.UNSPECIFIED.,.F.,.F.,
(2,2),(0.,12.5089946789675),.UNSPECIFIED.);
#1314=B_SPLINE_CURVE_WITH_KNOTS('',1,(#2330,#2331),.UNSPECIFIED.,.F.,.F.,
(2,2),(181.662026974917,194.329778086528),.UNSPECIFIED.);
#1315=B_SPLINE_CURVE_WITH_KNOTS('',1,(#2332,#2333),.UNSPECIFIED.,.F.,.F.,
(2,2),(194.329778086528,234.006110097284),.UNSPECIFIED.);
#1316=B_SPLINE_CURVE_WITH_KNOTS('',1,(#2334,#2335),.UNSPECIFIED.,.F.,.F.,
(2,2),(0.,12.5089946789675),.UNSPECIFIED.);
#1317=B_SPLINE_CURVE_WITH_KNOTS('',1,(#2336,#2337),.UNSPECIFIED.,.F.,.F.,
(2,2),(194.329778086528,234.006110097284),.UNSPECIFIED.);
#1318=B_SPLINE_CURVE_WITH_KNOTS('',1,(#2338,#2339),.UNSPECIFIED.,.F.,.F.,
(2,2),(234.006110097284,259.192718241686),.UNSPECIFIED.);
#1319=B_SPLINE_CURVE_WITH_KNOTS('',1,(#2340,#2341),.UNSPECIFIED.,.F.,.F.,
(2,2),(0.,12.5089946789675),.UNSPECIFIED.);
#1320=B_SPLINE_CURVE_WITH_KNOTS('',1,(#2342,#2343),.UNSPECIFIED.,.F.,.F.,
(2,2),(234.006110097284,259.192718241686),.UNSPECIFIED.);
#1321=B_SPLINE_CURVE_WITH_KNOTS('',1,(#2344,#2345),.UNSPECIFIED.,.F.,.F.,
(2,2),(0.,52.3450093132096),.UNSPECIFIED.);
#1322=B_SPLINE_CURVE_WITH_KNOTS('',1,(#2346,#2347),.UNSPECIFIED.,.F.,.F.,
(2,2),(0.,52.3450093132096),.UNSPECIFIED.);
#1323=B_SPLINE_CURVE_WITH_KNOTS('',1,(#2348,#2349),.UNSPECIFIED.,.F.,.F.,
(2,2),(52.3450093132096,67.0581881113571),.UNSPECIFIED.);
#1324=B_SPLINE_CURVE_WITH_KNOTS('',1,(#2350,#2351),.UNSPECIFIED.,.F.,.F.,
(2,2),(52.3450093132096,67.0581881113571),.UNSPECIFIED.);
#1325=B_SPLINE_CURVE_WITH_KNOTS('',1,(#2352,#2353),.UNSPECIFIED.,.F.,.F.,
(2,2),(12.0569575509892,16.),.UNSPECIFIED.);
#1326=B_SPLINE_CURVE_WITH_KNOTS('',1,(#2354,#2355),.UNSPECIFIED.,.F.,.F.,
(2,2),(12.0569575509892,16.),.UNSPECIFIED.);
#1327=B_SPLINE_CURVE_WITH_KNOTS('',1,(#2356,#2357),.UNSPECIFIED.,.F.,.F.,
(2,2),(5.45695755098921,8.11391510197838),.UNSPECIFIED.);
#1328=B_SPLINE_CURVE_WITH_KNOTS('',1,(#2358,#2359),.UNSPECIFIED.,.F.,.F.,
(2,2),(5.45695755219619,8.11391510197838),.UNSPECIFIED.);
#1329=B_SPLINE_CURVE_WITH_KNOTS('',1,(#2360,#2361),.UNSPECIFIED.,.F.,.F.,
(2,2),(0.,2.65695755098919),.UNSPECIFIED.);
#1330=B_SPLINE_CURVE_WITH_KNOTS('',1,(#2362,#2363),.UNSPECIFIED.,.F.,.F.,
(2,2),(0.,2.65695754978217),.UNSPECIFIED.);
#1331=B_SPLINE_CURVE_WITH_KNOTS('',1,(#2364,#2365),.UNSPECIFIED.,.F.,.F.,
(2,2),(-7.85829060095536,-6.7421575949493),.UNSPECIFIED.);
#1332=B_SPLINE_CURVE_WITH_KNOTS('',1,(#2366,#2367),.UNSPECIFIED.,.F.,.F.,
(2,2),(-7.85829060095538,-6.7421575949493),.UNSPECIFIED.);
#1333=B_SPLINE_CURVE_WITH_KNOTS('',1,(#2368,#2369),.UNSPECIFIED.,.F.,.F.,
(2,2),(91.9865061772693,134.944786024547),.UNSPECIFIED.);
#1334=B_SPLINE_CURVE_WITH_KNOTS('',1,(#2370,#2371),.UNSPECIFIED.,.F.,.F.,
(2,2),(91.9865061772693,134.944786024547),.UNSPECIFIED.);
#1335=B_SPLINE_CURVE_WITH_KNOTS('',1,(#2372,#2373),.UNSPECIFIED.,.F.,.F.,
(2,2),(6.74215759494931,7.85829060095535),.UNSPECIFIED.);
#1336=B_SPLINE_CURVE_WITH_KNOTS('',1,(#2374,#2375),.UNSPECIFIED.,.F.,.F.,
(2,2),(6.74215759494931,7.85829060095535),.UNSPECIFIED.);
#1337=B_SPLINE_CURVE_WITH_KNOTS('',1,(#2376,#2377),.UNSPECIFIED.,.F.,.F.,
(2,2),(72.1571835183263,90.0343951977196),.UNSPECIFIED.);
#1338=B_SPLINE_CURVE_WITH_KNOTS('',1,(#2378,#2379),.UNSPECIFIED.,.F.,.F.,
(2,2),(72.1571835183263,90.0343951977197),.UNSPECIFIED.);
#1339=B_SPLINE_CURVE_WITH_KNOTS('',1,(#2380,#2381),.UNSPECIFIED.,.F.,.F.,
(2,2),(2.5494977034846,16.0599209602983),.UNSPECIFIED.);
#1340=B_SPLINE_CURVE_WITH_KNOTS('',1,(#2382,#2383),.UNSPECIFIED.,.F.,.F.,
(2,2),(2.54949770348461,16.0599209602984),.UNSPECIFIED.);
#1341=B_SPLINE_CURVE_WITH_KNOTS('',1,(#2384,#2385),.UNSPECIFIED.,.F.,.F.,
(2,2),(0.,3.94304244901081),.UNSPECIFIED.);
#1342=B_SPLINE_CURVE_WITH_KNOTS('',1,(#2386,#2387),.UNSPECIFIED.,.F.,.F.,
(2,2),(-1.77635683940025E-15,3.9430424490108),.UNSPECIFIED.);
#1343=B_SPLINE_CURVE_WITH_KNOTS('',1,(#2388,#2389),.UNSPECIFIED.,.F.,.F.,
(2,2),(-3.5527136788005E-15,3.9430424490108),.UNSPECIFIED.);
#1344=B_SPLINE_CURVE_WITH_KNOTS('',1,(#2390,#2391),.UNSPECIFIED.,.F.,.F.,
(2,2),(0.,3.9430424490108),.UNSPECIFIED.);
#1345=B_SPLINE_CURVE_WITH_KNOTS('',5,(#2392,#2393,#2394,#2395,#2396,#2397),
 .UNSPECIFIED.,.F.,.F.,(6,6),(0.,4.85628554332728),.UNSPECIFIED.);
#1346=B_SPLINE_CURVE_WITH_KNOTS('',5,(#2398,#2399,#2400,#2401,#2402,#2403),
 .UNSPECIFIED.,.F.,.F.,(6,6),(0.,4.85628554332728),.UNSPECIFIED.);
#1347=B_SPLINE_CURVE_WITH_KNOTS('',5,(#2404,#2405,#2406,#2407,#2408,#2409),
 .UNSPECIFIED.,.F.,.F.,(6,6),(0.,4.85628554332726),.UNSPECIFIED.);
#1348=B_SPLINE_CURVE_WITH_KNOTS('',5,(#2410,#2411,#2412,#2413,#2414,#2415),
 .UNSPECIFIED.,.F.,.F.,(6,6),(0.,4.85628554332726),.UNSPECIFIED.);
#1349=B_SPLINE_CURVE_WITH_KNOTS('',1,(#2416,#2417),.UNSPECIFIED.,.F.,.F.,
(2,2),(91.5703985424396,132.359619245779),.UNSPECIFIED.);
#1350=B_SPLINE_CURVE_WITH_KNOTS('',1,(#2418,#2419),.UNSPECIFIED.,.F.,.F.,
(2,2),(91.5703985424396,132.359619245779),.UNSPECIFIED.);
#1351=B_SPLINE_CURVE_WITH_KNOTS('',1,(#2420,#2421),.UNSPECIFIED.,.F.,.F.,
(2,2),(-90.0343951977196,-85.66760677514),.UNSPECIFIED.);
#1352=B_SPLINE_CURVE_WITH_KNOTS('',1,(#2422,#2423),.UNSPECIFIED.,.F.,.F.,
(2,2),(-90.0343951977196,-85.66760677514),.UNSPECIFIED.);
#1353=B_SPLINE_CURVE_WITH_KNOTS('',1,(#2424,#2425),.UNSPECIFIED.,.F.,.F.,
(2,2),(-1.11022302462516E-14,6.59999999999999),.UNSPECIFIED.);
#1354=B_SPLINE_CURVE_WITH_KNOTS('',1,(#2426,#2427),.UNSPECIFIED.,.F.,.F.,
(2,2),(-1.11022302462516E-14,6.59999999999999),.UNSPECIFIED.);
#1355=B_SPLINE_CURVE_WITH_KNOTS('',1,(#2428,#2429),.UNSPECIFIED.,.F.,.F.,
(2,2),(0.,6.6),.UNSPECIFIED.);
#1356=B_SPLINE_CURVE_WITH_KNOTS('',1,(#2430,#2431),.UNSPECIFIED.,.F.,.F.,
(2,2),(0.,6.6),.UNSPECIFIED.);
#1357=B_SPLINE_CURVE_WITH_KNOTS('',5,(#2432,#2433,#2434,#2435,#2436,#2437),
 .UNSPECIFIED.,.F.,.F.,(6,6),(0.,1.51640808988475),.UNSPECIFIED.);
#1358=B_SPLINE_CURVE_WITH_KNOTS('',5,(#2438,#2439,#2440,#2441,#2442,#2443),
 .UNSPECIFIED.,.F.,.F.,(6,6),(-1.51640808988475,0.),.UNSPECIFIED.);
#1359=B_SPLINE_CURVE_WITH_KNOTS('',5,(#2444,#2445,#2446,#2447,#2448,#2449),
 .UNSPECIFIED.,.F.,.F.,(6,6),(0.,1.51640808988475),.UNSPECIFIED.);
#1360=B_SPLINE_CURVE_WITH_KNOTS('',5,(#2450,#2451,#2452,#2453,#2454,#2455),
 .UNSPECIFIED.,.F.,.F.,(6,6),(-1.51640808988475,0.),.UNSPECIFIED.);
#1361=B_SPLINE_CURVE_WITH_KNOTS('',3,(#2496,#2497,#2498,#2499),
 .UNSPECIFIED.,.F.,.F.,(4,4),(0.,2.64822846926138),.UNSPECIFIED.);
#1362=B_SPLINE_CURVE_WITH_KNOTS('',3,(#2512,#2513,#2514,#2515,#2516,#2517),
 .UNSPECIFIED.,.F.,.F.,(4,2,4),(0.,2.75331390495469,5.25249536083638),
 .UNSPECIFIED.);
#1363=B_SPLINE_CURVE_WITH_KNOTS('',3,(#2518,#2519,#2520,#2521,#2522,#2523),
 .UNSPECIFIED.,.F.,.F.,(4,2,4),(0.,2.49918145588161,5.25249536083639),
 .UNSPECIFIED.);
#1364=B_SPLINE_CURVE_WITH_KNOTS('',3,(#2534,#2535,#2536,#2537),
 .UNSPECIFIED.,.F.,.F.,(4,4),(0.0568717076562794,2.70510017691781),
 .UNSPECIFIED.);
#1365=B_SPLINE_CURVE_WITH_KNOTS('',1,(#2542,#2543),.UNSPECIFIED.,.F.,.F.,
(2,2),(-66.,-40.8337611322562),.UNSPECIFIED.);
#1366=B_SPLINE_CURVE_WITH_KNOTS('',1,(#2544,#2545),.UNSPECIFIED.,.F.,.F.,
(2,2),(40.8337611322562,66.),.UNSPECIFIED.);
#1367=B_SPLINE_CURVE_WITH_KNOTS('',1,(#2546,#2547),.UNSPECIFIED.,.F.,.F.,
(2,2),(-2.25716642031718,2.25716642031718),.UNSPECIFIED.);
#1368=B_SPLINE_CURVE_WITH_KNOTS('',1,(#2552,#2553),.UNSPECIFIED.,.F.,.F.,
(2,2),(-2.25716642031736,2.25716642031735),.UNSPECIFIED.);
#1369=B_SPLINE_CURVE_WITH_KNOTS('',1,(#2554,#2555),.UNSPECIFIED.,.F.,.F.,
(2,2),(9.91551298798471,12.5089946789675),.UNSPECIFIED.);
#1370=B_SPLINE_CURVE_WITH_KNOTS('',1,(#2556,#2557),.UNSPECIFIED.,.F.,.F.,
(2,2),(143.974673470418,145.944786024547),.UNSPECIFIED.);
#1371=B_SPLINE_CURVE_WITH_KNOTS('',1,(#2558,#2559),.UNSPECIFIED.,.F.,.F.,
(2,2),(10.7357810250203,12.5089946789675),.UNSPECIFIED.);
#1372=B_SPLINE_CURVE_WITH_KNOTS('',1,(#2560,#2561),.UNSPECIFIED.,.F.,.F.,
(2,2),(143.974673470419,145.944786024547),.UNSPECIFIED.);
#1373=B_SPLINE_CURVE_WITH_KNOTS('',1,(#2562,#2563),.UNSPECIFIED.,.F.,.F.,
(2,2),(5.54647769897649,5.94888080314531),.UNSPECIFIED.);
#1374=B_SPLINE_CURVE_WITH_KNOTS('',1,(#2564,#2565),.UNSPECIFIED.,.F.,.F.,
(2,2),(5.54647769897645,5.94888080314528),.UNSPECIFIED.);
#1375=B_SPLINE_CURVE_WITH_KNOTS('',1,(#2566,#2567),.UNSPECIFIED.,.F.,.F.,
(2,2),(-132.467128302704,-91.9865061772693),.UNSPECIFIED.);
#1376=B_SPLINE_CURVE_WITH_KNOTS('',1,(#2568,#2569),.UNSPECIFIED.,.F.,.F.,
(2,2),(-132.467128302704,-91.9865061772693),.UNSPECIFIED.);
#1377=B_SPLINE_CURVE_WITH_KNOTS('',1,(#2582,#2583),.UNSPECIFIED.,.F.,.F.,
(2,2),(0.,40.8038243131327),.UNSPECIFIED.);
#1378=B_SPLINE_CURVE_WITH_KNOTS('',1,(#2584,#2585),.UNSPECIFIED.,.F.,.F.,
(2,2),(-4.0569575509892,4.0569575509892),.UNSPECIFIED.);
#1379=B_SPLINE_CURVE_WITH_KNOTS('',1,(#2586,#2587),.UNSPECIFIED.,.F.,.F.,
(2,2),(30.4763373284633,48.1041521205885),.UNSPECIFIED.);
#1380=B_SPLINE_CURVE_WITH_KNOTS('',1,(#2588,#2589),.UNSPECIFIED.,.F.,.F.,
(2,2),(30.4763373284633,48.1041521205885),.UNSPECIFIED.);
#1381=B_SPLINE_CURVE_WITH_KNOTS('',1,(#2590,#2591),.UNSPECIFIED.,.F.,.F.,
(2,2),(0.,33.),.UNSPECIFIED.);
#1382=B_SPLINE_CURVE_WITH_KNOTS('',1,(#2592,#2593),.UNSPECIFIED.,.F.,.F.,
(2,2),(0.,33.),.UNSPECIFIED.);
#1383=B_SPLINE_CURVE_WITH_KNOTS('',1,(#2594,#2595),.UNSPECIFIED.,.F.,.F.,
(2,2),(54.8025952382667,76.3476750764924),.UNSPECIFIED.);
#1384=B_SPLINE_CURVE_WITH_KNOTS('',1,(#2596,#2597),.UNSPECIFIED.,.F.,.F.,
(2,2),(54.8025952382667,76.3476750764924),.UNSPECIFIED.);
#1385=B_SPLINE_CURVE_WITH_KNOTS('',1,(#2598,#2599),.UNSPECIFIED.,.F.,.F.,
(2,2),(0.,8.11391510197839),.UNSPECIFIED.);
#1386=B_SPLINE_CURVE_WITH_KNOTS('',1,(#2600,#2601),.UNSPECIFIED.,.F.,.F.,
(2,2),(0.,8.11391510197839),.UNSPECIFIED.);
#1387=B_SPLINE_CURVE_WITH_KNOTS('',5,(#2602,#2603,#2604,#2605,#2606,#2607),
 .UNSPECIFIED.,.F.,.F.,(6,6),(-5.64852813742428,0.),.UNSPECIFIED.);
#1388=B_SPLINE_CURVE_WITH_KNOTS('',5,(#2608,#2609,#2610,#2611,#2612,#2613),
 .UNSPECIFIED.,.F.,.F.,(6,6),(-5.64852813742428,0.),.UNSPECIFIED.);
#1389=B_SPLINE_CURVE_WITH_KNOTS('',1,(#2614,#2615),.UNSPECIFIED.,.F.,.F.,
(2,2),(261.345244153079,274.81971099913),.UNSPECIFIED.);
#1390=B_SPLINE_CURVE_WITH_KNOTS('',1,(#2616,#2617),.UNSPECIFIED.,.F.,.F.,
(2,2),(-274.81971099913,-261.345244153079),.UNSPECIFIED.);
#1391=B_SPLINE_CURVE_WITH_KNOTS('',1,(#2618,#2619),.UNSPECIFIED.,.F.,.F.,
(2,2),(3.38461538461539,44.),.UNSPECIFIED.);
#1392=B_SPLINE_CURVE_WITH_KNOTS('',1,(#2620,#2621),.UNSPECIFIED.,.F.,.F.,
(2,2),(3.38461538461537,44.),.UNSPECIFIED.);
#1393=B_SPLINE_CURVE_WITH_KNOTS('',1,(#2622,#2623),.UNSPECIFIED.,.F.,.F.,
(2,2),(3.38278383127024,44.186608144403),.UNSPECIFIED.);
#1394=B_SPLINE_CURVE_WITH_KNOTS('',1,(#2624,#2625),.UNSPECIFIED.,.F.,.F.,
(2,2),(0.,16.),.UNSPECIFIED.);
#1395=B_SPLINE_CURVE_WITH_KNOTS('',1,(#2626,#2627),.UNSPECIFIED.,.F.,.F.,
(2,2),(0.,16.),.UNSPECIFIED.);
#1396=B_SPLINE_CURVE_WITH_KNOTS('',1,(#2628,#2629),.UNSPECIFIED.,.F.,.F.,
(2,2),(0.,16.),.UNSPECIFIED.);
#1397=B_SPLINE_CURVE_WITH_KNOTS('',1,(#2630,#2631),.UNSPECIFIED.,.F.,.F.,
(2,2),(0.,16.),.UNSPECIFIED.);
#1398=B_SPLINE_CURVE_WITH_KNOTS('',5,(#2632,#2633,#2634,#2635,#2636,#2637),
 .UNSPECIFIED.,.F.,.F.,(6,6),(0.,5.64852813742403),.UNSPECIFIED.);
#1399=B_SPLINE_CURVE_WITH_KNOTS('',5,(#2638,#2639,#2640,#2641,#2642,#2643),
 .UNSPECIFIED.,.F.,.F.,(6,6),(-5.64852813742403,0.),.UNSPECIFIED.);
#1400=B_SPLINE_CURVE_WITH_KNOTS('',5,(#2644,#2645,#2646,#2647,#2648,#2649),
 .UNSPECIFIED.,.F.,.F.,(6,6),(-5.64852813742397,0.),.UNSPECIFIED.);
#1401=B_SPLINE_CURVE_WITH_KNOTS('',5,(#2650,#2651,#2652,#2653,#2654,#2655),
 .UNSPECIFIED.,.F.,.F.,(6,6),(0.,5.64852813742397),.UNSPECIFIED.);
#1402=B_SPLINE_CURVE_WITH_KNOTS('',1,(#2656,#2657),.UNSPECIFIED.,.F.,.F.,
(2,2),(148.762224099779,175.739939566585),.UNSPECIFIED.);
#1403=B_SPLINE_CURVE_WITH_KNOTS('',1,(#2658,#2659),.UNSPECIFIED.,.F.,.F.,
(2,2),(148.762224099779,175.739939566585),.UNSPECIFIED.);
#1404=B_SPLINE_CURVE_WITH_KNOTS('',1,(#2660,#2661),.UNSPECIFIED.,.F.,.F.,
(2,2),(0.,16.),.UNSPECIFIED.);
#1405=B_SPLINE_CURVE_WITH_KNOTS('',1,(#2662,#2663),.UNSPECIFIED.,.F.,.F.,
(2,2),(0.,16.),.UNSPECIFIED.);
#1406=B_SPLINE_CURVE_WITH_KNOTS('',5,(#2664,#2665,#2666,#2667,#2668,#2669),
 .UNSPECIFIED.,.F.,.F.,(6,6),(0.,5.02652698537303),.UNSPECIFIED.);
#1407=B_SPLINE_CURVE_WITH_KNOTS('',5,(#2670,#2671,#2672,#2673,#2674,#2675),
 .UNSPECIFIED.,.F.,.F.,(6,6),(-5.02652698537303,0.),.UNSPECIFIED.);
#1408=B_SPLINE_CURVE_WITH_KNOTS('',1,(#2676,#2677),.UNSPECIFIED.,.F.,.F.,
(2,2),(136.698680472385,144.12598767093),.UNSPECIFIED.);
#1409=B_SPLINE_CURVE_WITH_KNOTS('',1,(#2678,#2679),.UNSPECIFIED.,.F.,.F.,
(2,2),(-132.359619245779,-91.5703985424396),.UNSPECIFIED.);
#1410=B_SPLINE_CURVE_WITH_KNOTS('',1,(#2680,#2681),.UNSPECIFIED.,.F.,.F.,
(2,2),(0.,6.6),.UNSPECIFIED.);
#1411=B_SPLINE_CURVE_WITH_KNOTS('',1,(#2682,#2683),.UNSPECIFIED.,.F.,.F.,
(2,2),(-3.13082892944294E-15,6.6),.UNSPECIFIED.);
#1412=B_SPLINE_CURVE_WITH_KNOTS('',5,(#2684,#2685,#2686,#2687,#2688,#2689),
 .UNSPECIFIED.,.F.,.F.,(6,6),(0.,4.85916679287393),.UNSPECIFIED.);
#1413=B_SPLINE_CURVE_WITH_KNOTS('',5,(#2690,#2691,#2692,#2693,#2694,#2695),
 .UNSPECIFIED.,.F.,.F.,(6,6),(-4.85916679287393,0.),.UNSPECIFIED.);
#1414=B_SPLINE_CURVE_WITH_KNOTS('',1,(#2696,#2697),.UNSPECIFIED.,.F.,.F.,
(2,2),(136.698680472385,144.12598767093),.UNSPECIFIED.);
#1415=B_SPLINE_CURVE_WITH_KNOTS('',1,(#2698,#2699),.UNSPECIFIED.,.F.,.F.,
(2,2),(-132.359619245779,-91.5703985424396),.UNSPECIFIED.);
#1416=B_SPLINE_CURVE_WITH_KNOTS('',1,(#2700,#2701),.UNSPECIFIED.,.F.,.F.,
(2,2),(0.,6.6),.UNSPECIFIED.);
#1417=B_SPLINE_CURVE_WITH_KNOTS('',1,(#2702,#2703),.UNSPECIFIED.,.F.,.F.,
(2,2),(0.,6.6),.UNSPECIFIED.);
#1418=B_SPLINE_CURVE_WITH_KNOTS('',5,(#2704,#2705,#2706,#2707,#2708,#2709),
 .UNSPECIFIED.,.F.,.F.,(6,6),(-4.85916679287414,0.),.UNSPECIFIED.);
#1419=B_SPLINE_CURVE_WITH_KNOTS('',5,(#2710,#2711,#2712,#2713,#2714,#2715),
 .UNSPECIFIED.,.F.,.F.,(6,6),(-4.85916679287414,0.),.UNSPECIFIED.);
#1420=B_SPLINE_CURVE_WITH_KNOTS('',1,(#3155,#3156),.UNSPECIFIED.,.F.,.F.,
(2,2),(0.,8.),.UNSPECIFIED.);
#1421=B_SPLINE_CURVE_WITH_KNOTS('',1,(#3157,#3158),.UNSPECIFIED.,.F.,.F.,
(2,2),(-8.,0.),.UNSPECIFIED.);
#1422=B_SPLINE_CURVE_WITH_KNOTS('',5,(#3159,#3160,#3161,#3162,#3163,#3164,
#3165,#3166,#3167,#3168,#3169,#3170,#3171,#3172,#3173,#3174,#3175,#3176,
#3177,#3178,#3179,#3180,#3181,#3182,#3183,#3184,#3185,#3186,#3187,#3188,
#3189,#3190,#3191,#3192,#3193,#3194,#3195,#3196,#3197,#3198,#3199,#3200,
#3201,#3202,#3203,#3204,#3205,#3206,#3207,#3208,#3209,#3210,#3211,#3212,
#3213,#3214,#3215,#3216,#3217,#3218,#3219,#3220,#3221,#3222,#3223,#3224,
#3225,#3226,#3227,#3228,#3229,#3230,#3231,#3232,#3233,#3234,#3235,#3236,
#3237,#3238,#3239,#3240,#3241,#3242,#3243,#3244,#3245,#3246,#3247,#3248,
#3249,#3250,#3251,#3252,#3253,#3254,#3255,#3256,#3257,#3258,#3259),
 .UNSPECIFIED.,.F.,.F.,(6,5,5,5,5,5,5,5,5,5,5,5,5,5,5,5,5,5,5,5,6),(8.9714919482354,
17.9429838964708,26.9144758447062,27.9144758447062,28.8381563126951,29.5078479788276,
30.0921359354545,30.5656759841302,31.0029934645488,31.3738427063618,31.6906837800562,
31.9723516202194,32.2429910445305,32.52753102934,32.843714557214,33.2029967756559,
33.6135568759805,34.0781865341787,34.6020810658412,35.3686875178393,50.9063312383294),
 .UNSPECIFIED.);
#1423=B_SPLINE_CURVE_WITH_KNOTS('',5,(#3260,#3261,#3262,#3263,#3264,#3265,
#3266,#3267,#3268,#3269,#3270,#3271,#3272,#3273,#3274,#3275,#3276,#3277,
#3278,#3279,#3280,#3281,#3282,#3283,#3284,#3285,#3286,#3287,#3288,#3289,
#3290,#3291,#3292,#3293,#3294,#3295,#3296,#3297,#3298,#3299,#3300,#3301,
#3302,#3303,#3304,#3305,#3306,#3307,#3308,#3309,#3310,#3311,#3312,#3313,
#3314,#3315,#3316,#3317,#3318,#3319,#3320,#3321,#3322,#3323,#3324,#3325,
#3326,#3327,#3328,#3329,#3330,#3331,#3332,#3333,#3334,#3335,#3336,#3337,
#3338,#3339,#3340,#3341,#3342,#3343,#3344,#3345,#3346,#3347,#3348,#3349,
#3350,#3351,#3352,#3353,#3354,#3355,#3356,#3357,#3358,#3359,#3360),
 .UNSPECIFIED.,.F.,.F.,(6,5,5,5,5,5,5,5,5,5,5,5,5,5,5,5,5,5,5,5,6),(8.9714919482354,
17.9429838964708,26.9144758447062,27.9144758447062,28.8381563126951,29.5078479788276,
30.0921359354545,30.5656759841302,31.0029934645488,31.3738427063618,31.6906837800562,
31.9723516202194,32.2429910445305,32.52753102934,32.843714557214,33.2029967756559,
33.6135568759805,34.0781865341787,34.6020810658412,35.3686875178393,50.9063312383294),
 .UNSPECIFIED.);
#1424=B_SPLINE_CURVE_WITH_KNOTS('',1,(#3535,#3536),.UNSPECIFIED.,.F.,.F.,
(2,2),(11.5960273383062,14.3460273383062),.UNSPECIFIED.);
#1425=B_SPLINE_CURVE_WITH_KNOTS('',1,(#3537,#3538),.UNSPECIFIED.,.F.,.F.,
(2,2),(-19.5960273383062,-16.8460273383062),.UNSPECIFIED.);
#1426=B_SPLINE_CURVE_WITH_KNOTS('',1,(#3539,#3540),.UNSPECIFIED.,.F.,.F.,
(2,2),(0.0314172520084011,0.591880638050451),.UNSPECIFIED.);
#1427=B_SPLINE_CURVE_WITH_KNOTS('',1,(#3541,#3542),.UNSPECIFIED.,.F.,.F.,
(2,2),(0.0314172520083971,0.59188063805045),.UNSPECIFIED.);
#1428=B_SPLINE_CURVE_WITH_KNOTS('',1,(#3549,#3550),.UNSPECIFIED.,.F.,.F.,
(2,2),(0.,2.05512123120119),.UNSPECIFIED.);
#1429=B_SPLINE_CURVE_WITH_KNOTS('',1,(#3551,#3552),.UNSPECIFIED.,.F.,.F.,
(2,2),(16.0102424624082,19.2602424624082),.UNSPECIFIED.);
#1430=B_SPLINE_CURVE_WITH_KNOTS('',3,(#3553,#3554,#3555,#3556),
 .UNSPECIFIED.,.F.,.F.,(4,4),(-63.0831030112347,-54.3818327325688),
 .UNSPECIFIED.);
#1431=B_SPLINE_CURVE_WITH_KNOTS('',3,(#3557,#3558,#3559,#3560,#3561,#3562,
#3563),.UNSPECIFIED.,.F.,.F.,(4,1,1,1,4),(-41.0831044795554,-36.2128948162966,
-31.122296530962,-25.8733757329191,-22.8944337935049),.UNSPECIFIED.);
#1432=B_SPLINE_CURVE_WITH_KNOTS('',1,(#3564,#3565),.UNSPECIFIED.,.F.,.F.,
(2,2),(-16.0102424624082,-14.7452609358082),.UNSPECIFIED.);
#1433=B_SPLINE_CURVE_WITH_KNOTS('',3,(#3566,#3567,#3568,#3569),
 .UNSPECIFIED.,.F.,.F.,(4,4),(41.0831044795554,47.7843732898953),
 .UNSPECIFIED.);
#1434=B_SPLINE_CURVE_WITH_KNOTS('',1,(#3570,#3571),.UNSPECIFIED.,.F.,.F.,
(2,2),(0.,2.5),.UNSPECIFIED.);
#1435=B_SPLINE_CURVE_WITH_KNOTS('',3,(#3572,#3573,#3574,#3575),
 .UNSPECIFIED.,.F.,.F.,(4,4),(53.0831030112345,63.0831030112347),
 .UNSPECIFIED.);
#1436=B_SPLINE_CURVE_WITH_KNOTS('',1,(#3597,#3598),.UNSPECIFIED.,.F.,.F.,
(2,2),(17.3250000000043,17.916880638055),.UNSPECIFIED.);
#1437=B_SPLINE_CURVE_WITH_KNOTS('',1,(#3599,#3600),.UNSPECIFIED.,.F.,.F.,
(2,2),(-4.64358274798702,-4.08311936194496),.UNSPECIFIED.);
#1438=B_SPLINE_CURVE_WITH_KNOTS('',1,(#3603,#3604),.UNSPECIFIED.,.F.,.F.,
(2,2),(16.8460273383062,19.5960273383062),.UNSPECIFIED.);
#1439=B_SPLINE_CURVE_WITH_KNOTS('',1,(#3605,#3606),.UNSPECIFIED.,.F.,.F.,
(2,2),(-14.3460273383062,-11.5960273383062),.UNSPECIFIED.);
#1440=B_SPLINE_CURVE_WITH_KNOTS('',1,(#3607,#3608),.UNSPECIFIED.,.F.,.F.,
(2,2),(13.955121231207,16.0102424624082),.UNSPECIFIED.);
#1441=B_SPLINE_CURVE_WITH_KNOTS('',3,(#3609,#3610,#3611,#3612,#3613,#3614,
#3615),.UNSPECIFIED.,.F.,.F.,(4,1,1,1,4),(22.8944337935049,25.8733757329191,
31.122296530962,36.2128948162966,41.0831044795554),.UNSPECIFIED.);
#1442=B_SPLINE_CURVE_WITH_KNOTS('',1,(#3616,#3617),.UNSPECIFIED.,.F.,.F.,
(2,2),(-1.2649815266,0.),.UNSPECIFIED.);
#1443=B_SPLINE_CURVE_WITH_KNOTS('',3,(#3618,#3619,#3620,#3621,#3622,#3623,
#3624,#3625,#3626,#3627,#3628,#3629,#3630,#3631,#3632,#3633,#3634,#3635,
#3636,#3637,#3638,#3639,#3640,#3641,#3642),.UNSPECIFIED.,.F.,.F.,(4,3,2,
2,2,3,2,2,2,3,4),(2.91026104610672,3.15038285188141,3.63912400932627,4.12953746564482,
4.62268894684277,5.11463233278874,5.6065757187493,6.09972719996162,6.59014065626793,
7.07888181369639,7.31900361947148),.UNSPECIFIED.);
#1444=B_SPLINE_CURVE_WITH_KNOTS('',3,(#3693,#3694,#3695,#3696,#3697,#3698,
#3699,#3700,#3701,#3702,#3703,#3704,#3705,#3706,#3707,#3708,#3709,#3710,
#3711,#3712,#3713,#3714,#3715),.UNSPECIFIED.,.F.,.F.,(4,2,2,2,2,3,2,2,2,
2,4),(0.0397239466390897,0.546567530101941,1.05408604501239,1.56113167617529,
1.80852933553838,2.066486577232,2.32444381911333,2.57184147918642,3.0788871084694,
3.58640562385575,4.09324920779397),.UNSPECIFIED.);
#1445=B_SPLINE_CURVE_WITH_KNOTS('',3,(#3716,#3717,#3718,#3719,#3720,#3721,
#3722,#3723,#3724,#3725,#3726,#3727,#3728,#3729,#3730,#3731,#3732,#3733,
#3734,#3735,#3736,#3737,#3738),.UNSPECIFIED.,.F.,.F.,(4,2,2,2,2,3,2,2,2,
2,4),(0.0397239466391198,0.546567530101495,1.0540860450115,1.56113167617427,
1.80852933553797,2.066486577232,2.32444381911435,2.57184147918769,3.07888710847005,
3.58640562385615,4.09324920779397),.UNSPECIFIED.);
#1446=B_SPLINE_CURVE_WITH_KNOTS('',1,(#3743,#3744),.UNSPECIFIED.,.F.,.F.,
(2,2),(-0.591880638050397,2.77999845366139E-13),.UNSPECIFIED.);
#1447=B_SPLINE_CURVE_WITH_KNOTS('',1,(#3745,#3746),.UNSPECIFIED.,.F.,.F.,
(2,2),(-0.591880638050391,2.77999845366139E-13),.UNSPECIFIED.);
#1448=B_SPLINE_CURVE_WITH_KNOTS('',1,(#3747,#3748),.UNSPECIFIED.,.F.,.F.,
(2,2),(-17.916880638055,-17.3250000000043),.UNSPECIFIED.);
#1449=B_SPLINE_CURVE_WITH_KNOTS('',1,(#3749,#3750),.UNSPECIFIED.,.F.,.F.,
(2,2),(4.08311936194496,4.64358274798701),.UNSPECIFIED.);
#1450=B_SPLINE_CURVE_WITH_KNOTS('',3,(#3751,#3752,#3753,#3754),
 .UNSPECIFIED.,.F.,.F.,(4,4),(-47.7843732898952,-41.0831044795554),
 .UNSPECIFIED.);
#1451=B_SPLINE_CURVE_WITH_KNOTS('',3,(#3755,#3756,#3757,#3758),
 .UNSPECIFIED.,.F.,.F.,(4,4),(54.3818327325687,63.0831030112347),
 .UNSPECIFIED.);
#1452=B_SPLINE_CURVE_WITH_KNOTS('',1,(#3781,#3782),.UNSPECIFIED.,.F.,.F.,
(2,2),(0.,8.),.UNSPECIFIED.);
#1453=B_SPLINE_CURVE_WITH_KNOTS('',5,(#3783,#3784,#3785,#3786,#3787,#3788,
#3789,#3790,#3791,#3792,#3793),.UNSPECIFIED.,.F.,.F.,(6,5,6),(50.9063312383294,
53.7751129290694,54.6763146580705),.UNSPECIFIED.);
#1454=B_SPLINE_CURVE_WITH_KNOTS('',5,(#3794,#3795,#3796,#3797,#3798,#3799,
#3800,#3801,#3802,#3803,#3804),.UNSPECIFIED.,.F.,.F.,(6,5,6),(50.9063312383294,
53.7751129290694,54.6763146580705),.UNSPECIFIED.);
#1455=B_SPLINE_CURVE_WITH_KNOTS('',5,(#3811,#3812,#3813,#3814,#3815,#3816,
#3817,#3818,#3819,#3820,#3821),.UNSPECIFIED.,.F.,.F.,(6,5,6),(0.,0.0635274800314545,
8.9714919482354),.UNSPECIFIED.);
#1456=B_SPLINE_CURVE_WITH_KNOTS('',5,(#3822,#3823,#3824,#3825,#3826,#3827,
#3828,#3829,#3830,#3831,#3832),.UNSPECIFIED.,.F.,.F.,(6,5,6),(0.,0.0635274800314529,
8.9714919482354),.UNSPECIFIED.);
#1457=VERTEX_POINT('',#2172);
#1458=VERTEX_POINT('',#2173);
#1459=VERTEX_POINT('',#2174);
#1460=VERTEX_POINT('',#2175);
#1461=VERTEX_POINT('',#2176);
#1462=VERTEX_POINT('',#2177);
#1463=VERTEX_POINT('',#2178);
#1464=VERTEX_POINT('',#2179);
#1465=VERTEX_POINT('',#2180);
#1466=VERTEX_POINT('',#2181);
#1467=VERTEX_POINT('',#2182);
#1468=VERTEX_POINT('',#2183);
#1469=VERTEX_POINT('',#2184);
#1470=VERTEX_POINT('',#2185);
#1471=VERTEX_POINT('',#2186);
#1472=VERTEX_POINT('',#2187);
#1473=VERTEX_POINT('',#2188);
#1474=VERTEX_POINT('',#2189);
#1475=VERTEX_POINT('',#2190);
#1476=VERTEX_POINT('',#2191);
#1477=VERTEX_POINT('',#2192);
#1478=VERTEX_POINT('',#2193);
#1479=VERTEX_POINT('',#2194);
#1480=VERTEX_POINT('',#2195);
#1481=VERTEX_POINT('',#2196);
#1482=VERTEX_POINT('',#2197);
#1483=VERTEX_POINT('',#2198);
#1484=VERTEX_POINT('',#2199);
#1485=VERTEX_POINT('',#2200);
#1486=VERTEX_POINT('',#2201);
#1487=VERTEX_POINT('',#2202);
#1488=VERTEX_POINT('',#2203);
#1489=VERTEX_POINT('',#2204);
#1490=VERTEX_POINT('',#2205);
#1491=VERTEX_POINT('',#2206);
#1492=VERTEX_POINT('',#2207);
#1493=VERTEX_POINT('',#2208);
#1494=VERTEX_POINT('',#2209);
#1495=VERTEX_POINT('',#2210);
#1496=VERTEX_POINT('',#2211);
#1497=VERTEX_POINT('',#2212);
#1498=VERTEX_POINT('',#2213);
#1499=VERTEX_POINT('',#2214);
#1500=VERTEX_POINT('',#2215);
#1501=VERTEX_POINT('',#2216);
#1502=VERTEX_POINT('',#2217);
#1503=VERTEX_POINT('',#2218);
#1504=VERTEX_POINT('',#2219);
#1505=VERTEX_POINT('',#2220);
#1506=VERTEX_POINT('',#2221);
#1507=VERTEX_POINT('',#2222);
#1508=VERTEX_POINT('',#2223);
#1509=VERTEX_POINT('',#2224);
#1510=VERTEX_POINT('',#2225);
#1511=VERTEX_POINT('',#2226);
#1512=VERTEX_POINT('',#2227);
#1513=VERTEX_POINT('',#2228);
#1514=VERTEX_POINT('',#2229);
#1515=VERTEX_POINT('',#2230);
#1516=VERTEX_POINT('',#2231);
#1517=VERTEX_POINT('',#2232);
#1518=VERTEX_POINT('',#2233);
#1519=VERTEX_POINT('',#2234);
#1520=VERTEX_POINT('',#2235);
#1521=VERTEX_POINT('',#2236);
#1522=VERTEX_POINT('',#2237);
#1523=VERTEX_POINT('',#2238);
#1524=VERTEX_POINT('',#2239);
#1525=VERTEX_POINT('',#2240);
#1526=VERTEX_POINT('',#2241);
#1527=VERTEX_POINT('',#2242);
#1528=VERTEX_POINT('',#2243);
#1529=VERTEX_POINT('',#2244);
#1530=VERTEX_POINT('',#2245);
#1531=VERTEX_POINT('',#2246);
#1532=VERTEX_POINT('',#2247);
#1533=VERTEX_POINT('',#2248);
#1534=VERTEX_POINT('',#2249);
#1535=VERTEX_POINT('',#2250);
#1536=VERTEX_POINT('',#2251);
#1537=VERTEX_POINT('',#2252);
#1538=VERTEX_POINT('',#2253);
#1539=VERTEX_POINT('',#2254);
#1540=VERTEX_POINT('',#2255);
#1541=VERTEX_POINT('',#2256);
#1542=VERTEX_POINT('',#2257);
#1543=VERTEX_POINT('',#2258);
#1544=VERTEX_POINT('',#2259);
#1545=VERTEX_POINT('',#2260);
#1546=VERTEX_POINT('',#2261);
#1547=VERTEX_POINT('',#2262);
#1548=VERTEX_POINT('',#2263);
#1549=VERTEX_POINT('',#2264);
#1550=VERTEX_POINT('',#2265);
#1551=VERTEX_POINT('',#2266);
#1552=VERTEX_POINT('',#2267);
#1553=VERTEX_POINT('',#2268);
#1554=VERTEX_POINT('',#2269);
#1555=VERTEX_POINT('',#2270);
#1556=VERTEX_POINT('',#2271);
#1557=VERTEX_POINT('',#2272);
#1558=VERTEX_POINT('',#2273);
#1559=VERTEX_POINT('',#3071);
#1560=VERTEX_POINT('',#3072);
#1561=VERTEX_POINT('',#3073);
#1562=VERTEX_POINT('',#3074);
#1563=VERTEX_POINT('',#3075);
#1564=VERTEX_POINT('',#3076);
#1565=VERTEX_POINT('',#3077);
#1566=VERTEX_POINT('',#3078);
#1567=VERTEX_POINT('',#3079);
#1568=VERTEX_POINT('',#3080);
#1569=VERTEX_POINT('',#3081);
#1570=VERTEX_POINT('',#3082);
#1571=VERTEX_POINT('',#3083);
#1572=VERTEX_POINT('',#3084);
#1573=VERTEX_POINT('',#3085);
#1574=VERTEX_POINT('',#3086);
#1575=VERTEX_POINT('',#3087);
#1576=VERTEX_POINT('',#3088);
#1577=VERTEX_POINT('',#3089);
#1578=VERTEX_POINT('',#3090);
#1579=VERTEX_POINT('',#3091);
#1580=VERTEX_POINT('',#3092);
#1581=VERTEX_POINT('',#3093);
#1582=VERTEX_POINT('',#3094);
#1583=VERTEX_POINT('',#3095);
#1584=VERTEX_POINT('',#3096);
#1585=VERTEX_POINT('',#3097);
#1586=VERTEX_POINT('',#3098);
#1587=VERTEX_POINT('',#3099);
#1588=VERTEX_POINT('',#3100);
#1589=VERTEX_POINT('',#3101);
#1590=VERTEX_POINT('',#3102);
#1591=VERTEX_POINT('',#3103);
#1592=VERTEX_POINT('',#3104);
#1593=VERTEX_POINT('',#3105);
#1594=VERTEX_POINT('',#3106);
#1595=VERTEX_POINT('',#3107);
#1596=VERTEX_POINT('',#3108);
#1597=VERTEX_POINT('',#3109);
#1598=VERTEX_POINT('',#3110);
#1599=VERTEX_POINT('',#3111);
#1600=VERTEX_POINT('',#3112);
#1601=VERTEX_POINT('',#3113);
#1602=VERTEX_POINT('',#3114);
#1603=VERTEX_POINT('',#3115);
#1604=VERTEX_POINT('',#3116);
#1605=VERTEX_POINT('',#3117);
#1606=VERTEX_POINT('',#3118);
#1607=VERTEX_POINT('',#3119);
#1608=VERTEX_POINT('',#3120);
#1609=VERTEX_POINT('',#3121);
#1610=VERTEX_POINT('',#3122);
#1611=VERTEX_POINT('',#3123);
#1612=VERTEX_POINT('',#3124);
#1613=VERTEX_POINT('',#3125);
#1614=VERTEX_POINT('',#3126);
#1615=VERTEX_POINT('',#3127);
#1616=VERTEX_POINT('',#3128);
#1617=VERTEX_POINT('',#3129);
#1618=VERTEX_POINT('',#3130);
#1619=VERTEX_POINT('',#3131);
#1620=VERTEX_POINT('',#3132);
#1621=VERTEX_POINT('',#3133);
#1622=VERTEX_POINT('',#3134);
#1623=VERTEX_POINT('',#3135);
#1624=VERTEX_POINT('',#3136);
#1625=VERTEX_POINT('',#3137);
#1626=VERTEX_POINT('',#3138);
#1627=VERTEX_POINT('',#3139);
#1628=VERTEX_POINT('',#3140);
#1629=VERTEX_POINT('',#3141);
#1630=VERTEX_POINT('',#3142);
#1631=VERTEX_POINT('',#3143);
#1632=VERTEX_POINT('',#3144);
#1633=VERTEX_POINT('',#3145);
#1634=VERTEX_POINT('',#3146);
#1635=VERTEX_POINT('',#3147);
#1636=VERTEX_POINT('',#3148);
#1637=VERTEX_POINT('',#3149);
#1638=VERTEX_POINT('',#3150);
#1639=VERTEX_POINT('',#3151);
#1640=VERTEX_POINT('',#3152);
#1641=VERTEX_POINT('',#3153);
#1642=VERTEX_POINT('',#3154);
#1643=CYLINDRICAL_SURFACE('',#1855,3.);
#1644=CYLINDRICAL_SURFACE('',#1856,3.);
#1645=CYLINDRICAL_SURFACE('',#1858,4.64259677546264);
#1646=CYLINDRICAL_SURFACE('',#1859,4.64259677546266);
#1647=CYLINDRICAL_SURFACE('',#1874,11.9999999999998);
#1648=CYLINDRICAL_SURFACE('',#1876,4.99999999999996);
#1649=CYLINDRICAL_SURFACE('',#1878,2.00000000000007);
#1650=CYLINDRICAL_SURFACE('',#1880,2.00000000000003);
#1651=CYLINDRICAL_SURFACE('',#1882,5.00000000000035);
#1652=CYLINDRICAL_SURFACE('',#1884,121.999999999999);
#1653=CYLINDRICAL_SURFACE('',#1885,12.);
#1654=CYLINDRICAL_SURFACE('',#1887,5.00000000000006);
#1655=CYLINDRICAL_SURFACE('',#1889,5.00000000000003);
#1656=CYLINDRICAL_SURFACE('',#1891,5.00000000000016);
#1657=CYLINDRICAL_SURFACE('',#1893,3.00000000000002);
#1658=CYLINDRICAL_SURFACE('',#1894,63.6749999999897);
#1659=CYLINDRICAL_SURFACE('',#1897,1.25);
#1660=CYLINDRICAL_SURFACE('',#1898,3.67500000000001);
#1661=CYLINDRICAL_SURFACE('',#1899,3.);
#1662=CYLINDRICAL_SURFACE('',#1914,1.25);
#1663=CYLINDRICAL_SURFACE('',#1915,3.67500000000001);
#1664=B_SPLINE_SURFACE_WITH_KNOTS('',1,5,((#2033,#2034,#2035,#2036,#2037,
#2038),(#2039,#2040,#2041,#2042,#2043,#2044)),.UNSPECIFIED.,.F.,.F.,.F.,
(2,2),(6,6),(-1.0207728268098E-14,3.94304244901078),(0.,4.85628554332728),
 .UNSPECIFIED.);
#1665=B_SPLINE_SURFACE_WITH_KNOTS('',1,5,((#2045,#2046,#2047,#2048,#2049,
#2050),(#2051,#2052,#2053,#2054,#2055,#2056)),.UNSPECIFIED.,.F.,.F.,.F.,
(2,2),(6,6),(-2.44185829833E-14,3.94304244901077),(0.,4.85628554332726),
 .UNSPECIFIED.);
#1666=B_SPLINE_SURFACE_WITH_KNOTS('',1,5,((#2059,#2060,#2061,#2062,#2063,
#2064),(#2065,#2066,#2067,#2068,#2069,#2070)),.UNSPECIFIED.,.F.,.F.,.F.,
(2,2),(6,6),(-1.4210854715202E-14,6.59999999999999),(0.,1.51640808988475),
 .UNSPECIFIED.);
#1667=B_SPLINE_SURFACE_WITH_KNOTS('',1,5,((#2071,#2072,#2073,#2074,#2075,
#2076),(#2077,#2078,#2079,#2080,#2081,#2082)),.UNSPECIFIED.,.F.,.F.,.F.,
(2,2),(6,6),(-1.7608137170555E-14,6.59999999999999),(0.,1.51640808988475),
 .UNSPECIFIED.);
#1668=B_SPLINE_SURFACE_WITH_KNOTS('',5,1,((#2097,#2098),(#2099,#2100),(#2101,
#2102),(#2103,#2104),(#2105,#2106),(#2107,#2108)),.UNSPECIFIED.,.F.,.F.,
 .F.,(6,6),(2,2),(0.,5.64852813742428),(-3.,11.1139151019784),
 .UNSPECIFIED.);
#1669=B_SPLINE_SURFACE_WITH_KNOTS('',5,1,((#2109,#2110),(#2111,#2112),(#2113,
#2114),(#2115,#2116),(#2117,#2118),(#2119,#2120)),.UNSPECIFIED.,.F.,.F.,
 .F.,(6,6),(2,2),(0.,5.64852813742403),(-2.99999999999999,19.),
 .UNSPECIFIED.);
#1670=B_SPLINE_SURFACE_WITH_KNOTS('',5,1,((#2121,#2122),(#2123,#2124),(#2125,
#2126),(#2127,#2128),(#2129,#2130),(#2131,#2132)),.UNSPECIFIED.,.F.,.F.,
 .F.,(6,6),(2,2),(0.,5.64852813742397),(-3.,19.),.UNSPECIFIED.);
#1671=B_SPLINE_SURFACE_WITH_KNOTS('',1,5,((#2134,#2135,#2136,#2137,#2138,
#2139),(#2140,#2141,#2142,#2143,#2144,#2145)),.UNSPECIFIED.,.F.,.F.,.F.,
(2,2),(6,6),(-3.,19.),(0.,5.02652698537303),.UNSPECIFIED.);
#1672=B_SPLINE_SURFACE_WITH_KNOTS('',1,5,((#2147,#2148,#2149,#2150,#2151,
#2152),(#2153,#2154,#2155,#2156,#2157,#2158)),.UNSPECIFIED.,.F.,.F.,.F.,
(2,2),(6,6),(-3.,9.60000000000001),(0.,4.85916679287393),.UNSPECIFIED.);
#1673=B_SPLINE_SURFACE_WITH_KNOTS('',1,5,((#2160,#2161,#2162,#2163,#2164,
#2165),(#2166,#2167,#2168,#2169,#2170,#2171)),.UNSPECIFIED.,.F.,.F.,.F.,
(2,2),(6,6),(-3.,9.6),(0.,4.85916679287414),.UNSPECIFIED.);
#1674=B_SPLINE_SURFACE_WITH_KNOTS('',5,1,((#2717,#2718),(#2719,#2720),(#2721,
#2722),(#2723,#2724),(#2725,#2726),(#2727,#2728),(#2729,#2730),(#2731,#2732),
(#2733,#2734),(#2735,#2736),(#2737,#2738),(#2739,#2740),(#2741,#2742),(#2743,
#2744),(#2745,#2746),(#2747,#2748),(#2749,#2750),(#2751,#2752),(#2753,#2754),
(#2755,#2756),(#2757,#2758),(#2759,#2760),(#2761,#2762),(#2763,#2764),(#2765,
#2766),(#2767,#2768),(#2769,#2770),(#2771,#2772),(#2773,#2774),(#2775,#2776),
(#2777,#2778),(#2779,#2780),(#2781,#2782),(#2783,#2784),(#2785,#2786),(#2787,
#2788),(#2789,#2790),(#2791,#2792),(#2793,#2794),(#2795,#2796),(#2797,#2798),
(#2799,#2800),(#2801,#2802),(#2803,#2804),(#2805,#2806),(#2807,#2808),(#2809,
#2810),(#2811,#2812),(#2813,#2814),(#2815,#2816),(#2817,#2818),(#2819,#2820),
(#2821,#2822),(#2823,#2824),(#2825,#2826),(#2827,#2828),(#2829,#2830),(#2831,
#2832),(#2833,#2834),(#2835,#2836),(#2837,#2838),(#2839,#2840),(#2841,#2842),
(#2843,#2844),(#2845,#2846),(#2847,#2848),(#2849,#2850),(#2851,#2852),(#2853,
#2854),(#2855,#2856),(#2857,#2858),(#2859,#2860),(#2861,#2862),(#2863,#2864),
(#2865,#2866),(#2867,#2868),(#2869,#2870),(#2871,#2872),(#2873,#2874),(#2875,
#2876),(#2877,#2878),(#2879,#2880),(#2881,#2882),(#2883,#2884),(#2885,#2886),
(#2887,#2888),(#2889,#2890),(#2891,#2892),(#2893,#2894),(#2895,#2896),(#2897,
#2898),(#2899,#2900),(#2901,#2902),(#2903,#2904),(#2905,#2906),(#2907,#2908),
(#2909,#2910),(#2911,#2912),(#2913,#2914),(#2915,#2916),(#2917,#2918),(#2919,
#2920),(#2921,#2922),(#2923,#2924),(#2925,#2926),(#2927,#2928)),
 .UNSPECIFIED.,.F.,.F.,.F.,(6,5,5,5,5,5,5,5,5,5,5,5,5,5,5,5,5,5,5,5,5,6),
(2,2),(8.9714919482354,17.9429838964708,26.9144758447062,27.9144758447062,
28.8381563126951,29.5078479788276,30.0921359354545,30.5656759841302,31.0029934645488,
31.3738427063618,31.6906837800562,31.9723516202194,32.2429910445305,32.52753102934,
32.843714557214,33.2029967756559,33.6135568759805,34.0781865341787,34.6020810658412,
35.3686875178393,53.7751129290694,54.7751129290694),(0.,8.),
 .UNSPECIFIED.);
#1675=PLANE('',#1829);
#1676=PLANE('',#1830);
#1677=PLANE('',#1831);
#1678=PLANE('',#1832);
#1679=PLANE('',#1833);
#1680=PLANE('',#1834);
#1681=PLANE('',#1835);
#1682=PLANE('',#1836);
#1683=PLANE('',#1837);
#1684=PLANE('',#1838);
#1685=PLANE('',#1839);
#1686=PLANE('',#1840);
#1687=PLANE('',#1841);
#1688=PLANE('',#1842);
#1689=PLANE('',#1843);
#1690=PLANE('',#1844);
#1691=PLANE('',#1845);
#1692=PLANE('',#1846);
#1693=PLANE('',#1847);
#1694=PLANE('',#1848);
#1695=PLANE('',#1849);
#1696=PLANE('',#1850);
#1697=PLANE('',#1851);
#1698=PLANE('',#1852);
#1699=PLANE('',#1853);
#1700=PLANE('',#1854);
#1701=PLANE('',#1857);
#1702=PLANE('',#1860);
#1703=PLANE('',#1861);
#1704=PLANE('',#1862);
#1705=PLANE('',#1863);
#1706=PLANE('',#1864);
#1707=PLANE('',#1865);
#1708=PLANE('',#1866);
#1709=PLANE('',#1867);
#1710=PLANE('',#1868);
#1711=PLANE('',#1869);
#1712=PLANE('',#1870);
#1713=PLANE('',#1871);
#1714=PLANE('',#1872);
#1715=PLANE('',#1873);
#1716=PLANE('',#1875);
#1717=PLANE('',#1877);
#1718=PLANE('',#1879);
#1719=PLANE('',#1881);
#1720=PLANE('',#1883);
#1721=PLANE('',#1886);
#1722=PLANE('',#1888);
#1723=PLANE('',#1890);
#1724=PLANE('',#1892);
#1725=PLANE('',#1895);
#1726=PLANE('',#1896);
#1727=PLANE('',#1900);
#1728=PLANE('',#1901);
#1729=PLANE('',#1902);
#1730=PLANE('',#1903);
#1731=PLANE('',#1904);
#1732=PLANE('',#1905);
#1733=PLANE('',#1906);
#1734=PLANE('',#1907);
#1735=PLANE('',#1908);
#1736=PLANE('',#1909);
#1737=PLANE('',#1910);
#1738=PLANE('',#1911);
#1739=PLANE('',#1912);
#1740=PLANE('',#1913);
#1741=SHAPE_DEFINITION_REPRESENTATION(#1742,#1827);
#1742=PRODUCT_DEFINITION_SHAPE('Document','',#1744);
#1743=PRODUCT_DEFINITION_CONTEXT('3D Mechanical Parts',#1816,'design');
#1744=PRODUCT_DEFINITION('A','First version',#1786,#1743);
#1745=DATE_TIME_ROLE('classification_date');
#1746=DATE_TIME_ROLE('creation_date');
#1747=APPLIED_DATE_AND_TIME_ASSIGNMENT(#1771,#1745,(#1750));
#1748=APPLIED_DATE_AND_TIME_ASSIGNMENT(#1773,#1746,(#1744));
#1749=SECURITY_CLASSIFICATION_LEVEL('unclassified');
#1750=SECURITY_CLASSIFICATION('A','Security for version',#1749);
#1751=APPLIED_SECURITY_CLASSIFICATION_ASSIGNMENT(#1750,(#1786));
#1752=APPROVAL_ROLE('Version approval');
#1753=APPROVAL_ROLE('Version Security approval');
#1754=APPROVAL_ROLE('Definition approval');
#1755=APPROVAL_PERSON_ORGANIZATION(#1804,#1780,#1752);
#1756=APPROVAL_PERSON_ORGANIZATION(#1805,#1781,#1753);
#1757=APPROVAL_PERSON_ORGANIZATION(#1808,#1782,#1754);
#1758=COORDINATED_UNIVERSAL_TIME_OFFSET(5,0,.BEHIND.);
#1759=LOCAL_TIME(0,0,0.,#1758);
#1760=LOCAL_TIME(0,0,0.,#1758);
#1761=LOCAL_TIME(0,0,0.,#1758);
#1762=LOCAL_TIME(0,0,0.,#1758);
#1763=LOCAL_TIME(0,0,0.,#1758);
#1764=CALENDAR_DATE(1999,1,1);
#1765=CALENDAR_DATE(1999,1,1);
#1766=CALENDAR_DATE(1999,1,1);
#1767=CALENDAR_DATE(1999,1,1);
#1768=CALENDAR_DATE(1999,1,1);
#1769=DATE_AND_TIME(#1764,#1759);
#1770=DATE_AND_TIME(#1765,#1760);
#1771=DATE_AND_TIME(#1766,#1761);
#1772=DATE_AND_TIME(#1767,#1762);
#1773=DATE_AND_TIME(#1768,#1763);
#1774=APPROVAL_DATE_TIME(#1769,#1780);
#1775=APPROVAL_DATE_TIME(#1770,#1781);
#1776=APPROVAL_DATE_TIME(#1772,#1782);
#1777=APPROVAL_STATUS('not_yet_approved');
#1778=APPROVAL_STATUS('not_yet_approved');
#1779=APPROVAL_STATUS('approved');
#1780=APPROVAL(#1777,'Version approval');
#1781=APPROVAL(#1778,'Version Security approval');
#1782=APPROVAL(#1779,'Definition approval');
#1783=APPLIED_APPROVAL_ASSIGNMENT(#1780,(#1786));
#1784=APPLIED_APPROVAL_ASSIGNMENT(#1781,(#1750));
#1785=APPLIED_APPROVAL_ASSIGNMENT(#1782,(#1744));
#1786=PRODUCT_DEFINITION_FORMATION_WITH_SPECIFIED_SOURCE('A',
'First version',#1818,.MADE.);
#1787=PERSON_AND_ORGANIZATION_ROLE('design_owner');
#1788=PERSON_AND_ORGANIZATION_ROLE('creator');
#1789=PERSON_AND_ORGANIZATION_ROLE('design_supplier');
#1790=PERSON_AND_ORGANIZATION_ROLE('classification_officer');
#1791=PERSON_AND_ORGANIZATION_ROLE('creator');
#1792=ORGANIZATION('STI','lab','lab');
#1793=ORGANIZATION('STI','unknown','unknown');
#1794=ORGANIZATION('STI','unknown','unknown');
#1795=ORGANIZATION('STI','unknown','unknown');
#1796=ORGANIZATION('STI','unknown','unknown');
#1797=ORGANIZATION('STI','unknown','unknown');
#1798=ORGANIZATION('STI','unknown','unknown');
#1799=PERSON('1','Box','vc60',$,$,$);
#1800=PERSON('2','last','first',$,$,$);
#1801=PERSON('3','President','Mr.',$,$,$);
#1802=PERSON_AND_ORGANIZATION(#1799,#1792);
#1803=PERSON_AND_ORGANIZATION(#1800,#1793);
#1804=PERSON_AND_ORGANIZATION(#1801,#1794);
#1805=PERSON_AND_ORGANIZATION(#1801,#1795);
#1806=PERSON_AND_ORGANIZATION(#1801,#1796);
#1807=PERSON_AND_ORGANIZATION(#1800,#1797);
#1808=PERSON_AND_ORGANIZATION(#1801,#1798);
#1809=APPLIED_PERSON_AND_ORGANIZATION_ASSIGNMENT(#1802,#1787,(#1818));
#1810=APPLIED_PERSON_AND_ORGANIZATION_ASSIGNMENT(#1803,#1788,(#1786));
#1811=APPLIED_PERSON_AND_ORGANIZATION_ASSIGNMENT(#1803,#1789,(#1786));
#1812=APPLIED_PERSON_AND_ORGANIZATION_ASSIGNMENT(#1806,#1790,(#1750));
#1813=APPLIED_PERSON_AND_ORGANIZATION_ASSIGNMENT(#1807,#1791,(#1744));
#1814=PRODUCT_RELATED_PRODUCT_CATEGORY('detail','detail',(#1818));
#1815=APPLICATION_PROTOCOL_DEFINITION('International Standard',
'config_control_design',1994,#1816);
#1816=APPLICATION_CONTEXT(
'configuration controlled 3d designs of mechanical parts and assemblie
s');
#1817=PRODUCT_CONTEXT('3D Mechanical Parts',#1816,'mechanical');
#1818=PRODUCT('Document','Document','',(#1817));
#1819=(
LENGTH_UNIT()
NAMED_UNIT(*)
SI_UNIT(.MILLI.,.METRE.)
);
#1820=(
NAMED_UNIT(*)
PLANE_ANGLE_UNIT()
SI_UNIT($,.RADIAN.)
);
#1821=DIMENSIONAL_EXPONENTS(0.,0.,0.,0.,0.,0.,0.);
#1822=PLANE_ANGLE_MEASURE_WITH_UNIT(PLANE_ANGLE_MEASURE(0.01745329252),
#1820);
#1823=(
CONVERSION_BASED_UNIT('DEGREES',#1822)
NAMED_UNIT(#1821)
PLANE_ANGLE_UNIT()
);
#1824=(
NAMED_UNIT(*)
SI_UNIT($,.STERADIAN.)
SOLID_ANGLE_UNIT()
);
#1825=UNCERTAINTY_MEASURE_WITH_UNIT(LENGTH_MEASURE(0.001),#1819,
'DISTANCE_ACCURACY_VALUE',
'Maximum model space distance between geometric entities at asserted c
onnectivities');
#1826=(
GEOMETRIC_REPRESENTATION_CONTEXT(3)
GLOBAL_UNCERTAINTY_ASSIGNED_CONTEXT((#1825))
GLOBAL_UNIT_ASSIGNED_CONTEXT((#1824,#1823,#1819))
REPRESENTATION_CONTEXT('ID1','3D')
);
#1827=SHAPE_REPRESENTATION('Document',(#1828,#1916),#1826);
#1828=AXIS2_PLACEMENT_3D('',#2008,#1917,#1918);
#1829=AXIS2_PLACEMENT_3D('',#2009,#1919,$);
#1830=AXIS2_PLACEMENT_3D('',#2010,#1920,$);
#1831=AXIS2_PLACEMENT_3D('',#2011,#1921,$);
#1832=AXIS2_PLACEMENT_3D('',#2012,#1922,$);
#1833=AXIS2_PLACEMENT_3D('',#2013,#1923,$);
#1834=AXIS2_PLACEMENT_3D('',#2014,#1924,$);
#1835=AXIS2_PLACEMENT_3D('',#2015,#1925,$);
#1836=AXIS2_PLACEMENT_3D('',#2016,#1926,$);
#1837=AXIS2_PLACEMENT_3D('',#2017,#1927,$);
#1838=AXIS2_PLACEMENT_3D('',#2018,#1928,$);
#1839=AXIS2_PLACEMENT_3D('',#2019,#1929,$);
#1840=AXIS2_PLACEMENT_3D('',#2020,#1930,$);
#1841=AXIS2_PLACEMENT_3D('',#2021,#1931,$);
#1842=AXIS2_PLACEMENT_3D('',#2022,#1932,$);
#1843=AXIS2_PLACEMENT_3D('',#2023,#1933,$);
#1844=AXIS2_PLACEMENT_3D('',#2024,#1934,$);
#1845=AXIS2_PLACEMENT_3D('',#2025,#1935,$);
#1846=AXIS2_PLACEMENT_3D('',#2026,#1936,$);
#1847=AXIS2_PLACEMENT_3D('',#2027,#1937,$);
#1848=AXIS2_PLACEMENT_3D('',#2028,#1938,$);
#1849=AXIS2_PLACEMENT_3D('',#2029,#1939,$);
#1850=AXIS2_PLACEMENT_3D('',#2030,#1940,$);
#1851=AXIS2_PLACEMENT_3D('',#2031,#1941,$);
#1852=AXIS2_PLACEMENT_3D('',#2032,#1942,$);
#1853=AXIS2_PLACEMENT_3D('',#2057,#1943,$);
#1854=AXIS2_PLACEMENT_3D('',#2058,#1944,$);
#1855=AXIS2_PLACEMENT_3D('',#2083,#1945,$);
#1856=AXIS2_PLACEMENT_3D('',#2084,#1946,$);
#1857=AXIS2_PLACEMENT_3D('',#2085,#1947,$);
#1858=AXIS2_PLACEMENT_3D('',#2086,#1948,$);
#1859=AXIS2_PLACEMENT_3D('',#2087,#1949,$);
#1860=AXIS2_PLACEMENT_3D('',#2088,#1950,$);
#1861=AXIS2_PLACEMENT_3D('',#2089,#1951,$);
#1862=AXIS2_PLACEMENT_3D('',#2090,#1952,$);
#1863=AXIS2_PLACEMENT_3D('',#2091,#1953,$);
#1864=AXIS2_PLACEMENT_3D('',#2092,#1954,$);
#1865=AXIS2_PLACEMENT_3D('',#2093,#1955,$);
#1866=AXIS2_PLACEMENT_3D('',#2094,#1956,$);
#1867=AXIS2_PLACEMENT_3D('',#2095,#1957,$);
#1868=AXIS2_PLACEMENT_3D('',#2096,#1958,$);
#1869=AXIS2_PLACEMENT_3D('',#2133,#1959,$);
#1870=AXIS2_PLACEMENT_3D('',#2146,#1960,$);
#1871=AXIS2_PLACEMENT_3D('',#2159,#1961,$);
#1872=AXIS2_PLACEMENT_3D('',#2716,#1962,$);
#1873=AXIS2_PLACEMENT_3D('',#2929,#1963,$);
#1874=AXIS2_PLACEMENT_3D('',#2930,#1964,$);
#1875=AXIS2_PLACEMENT_3D('',#2931,#1965,$);
#1876=AXIS2_PLACEMENT_3D('',#2932,#1966,$);
#1877=AXIS2_PLACEMENT_3D('',#2933,#1967,$);
#1878=AXIS2_PLACEMENT_3D('',#2934,#1968,$);
#1879=AXIS2_PLACEMENT_3D('',#2935,#1969,$);
#1880=AXIS2_PLACEMENT_3D('',#2936,#1970,$);
#1881=AXIS2_PLACEMENT_3D('',#2937,#1971,$);
#1882=AXIS2_PLACEMENT_3D('',#2938,#1972,$);
#1883=AXIS2_PLACEMENT_3D('',#2939,#1973,$);
#1884=AXIS2_PLACEMENT_3D('',#2940,#1974,$);
#1885=AXIS2_PLACEMENT_3D('',#2941,#1975,$);
#1886=AXIS2_PLACEMENT_3D('',#2942,#1976,$);
#1887=AXIS2_PLACEMENT_3D('',#2943,#1977,$);
#1888=AXIS2_PLACEMENT_3D('',#2944,#1978,$);
#1889=AXIS2_PLACEMENT_3D('',#2945,#1979,$);
#1890=AXIS2_PLACEMENT_3D('',#2946,#1980,$);
#1891=AXIS2_PLACEMENT_3D('',#2947,#1981,$);
#1892=AXIS2_PLACEMENT_3D('',#2948,#1982,$);
#1893=AXIS2_PLACEMENT_3D('',#2949,#1983,$);
#1894=AXIS2_PLACEMENT_3D('',#2950,#1984,$);
#1895=AXIS2_PLACEMENT_3D('',#2951,#1985,$);
#1896=AXIS2_PLACEMENT_3D('',#2952,#1986,$);
#1897=AXIS2_PLACEMENT_3D('',#3052,#1987,$);
#1898=AXIS2_PLACEMENT_3D('',#3053,#1988,$);
#1899=AXIS2_PLACEMENT_3D('',#3054,#1989,$);
#1900=AXIS2_PLACEMENT_3D('',#3055,#1990,$);
#1901=AXIS2_PLACEMENT_3D('',#3056,#1991,$);
#1902=AXIS2_PLACEMENT_3D('',#3057,#1992,$);
#1903=AXIS2_PLACEMENT_3D('',#3058,#1993,$);
#1904=AXIS2_PLACEMENT_3D('',#3059,#1994,$);
#1905=AXIS2_PLACEMENT_3D('',#3060,#1995,$);
#1906=AXIS2_PLACEMENT_3D('',#3061,#1996,$);
#1907=AXIS2_PLACEMENT_3D('',#3062,#1997,$);
#1908=AXIS2_PLACEMENT_3D('',#3063,#1998,$);
#1909=AXIS2_PLACEMENT_3D('',#3064,#1999,$);
#1910=AXIS2_PLACEMENT_3D('',#3065,#2000,$);
#1911=AXIS2_PLACEMENT_3D('',#3066,#2001,$);
#1912=AXIS2_PLACEMENT_3D('',#3067,#2002,$);
#1913=AXIS2_PLACEMENT_3D('',#3068,#2003,$);
#1914=AXIS2_PLACEMENT_3D('',#3069,#2004,$);
#1915=AXIS2_PLACEMENT_3D('',#3070,#2005,$);
#1916=AXIS2_PLACEMENT_3D('',#3833,#2006,#2007);
#1917=DIRECTION('',(0.,0.,1.));
#1918=DIRECTION('',(1.,0.,0.));
#1919=DIRECTION('',(0.,-1.,0.));
#1920=DIRECTION('',(-0.993408935871131,0.11462410798513,0.));
#1921=DIRECTION('',(0.125084249117397,-0.992146123624306,0.));
#1922=DIRECTION('',(0.617311848120103,-0.786718553340738,0.));
#1923=DIRECTION('',(0.910976603115265,-0.412458032503398,0.));
#1924=DIRECTION('',(0.989065640575019,-0.147475959511807,0.));
#1925=DIRECTION('',(-0.614996349862958,0.788529954824316,-2.69929512307166E-16));
#1926=DIRECTION('',(-0.878726012013023,0.477326508599395,1.20322167812708E-15));
#1927=DIRECTION('',(-0.995870340290948,0.0907869226749776,-1.37527934180486E-15));
#1928=DIRECTION('',(-0.998035683463088,0.0626480209932236,1.36658998763014E-15));
#1929=DIRECTION('',(-0.993408935871131,0.11462410798513,0.));
#1930=DIRECTION('',(-0.178256863445973,-0.983983989013238,-9.76334008284506E-16));
#1931=DIRECTION('',(-1.,0.,0.));
#1932=DIRECTION('',(-1.,0.,0.));
#1933=DIRECTION('',(-1.,0.,0.));
#1934=DIRECTION('',(-1.,0.,0.));
#1935=DIRECTION('',(-0.266179180041268,0.96392356756776,3.64473744162928E-16));
#1936=DIRECTION('',(-0.178256863445973,-0.983983989013238,-2.69469857572201E-15));
#1937=DIRECTION('',(0.,0.,1.));
#1938=DIRECTION('',(0.,0.,-1.));
#1939=DIRECTION('',(-1.,0.,0.));
#1940=DIRECTION('',(-1.,0.,0.));
#1941=DIRECTION('',(-0.984783558817936,-0.173785333909049,-3.49865402007032E-15));
#1942=DIRECTION('',(-0.984783558817936,-0.173785333909049,3.49865402007032E-15));
#1943=DIRECTION('',(-0.330350424728106,0.943858356366017,0.));
#1944=DIRECTION('',(-0.330350424728106,0.943858356366017,0.));
#1945=DIRECTION('',(0.,0.,1.));
#1946=DIRECTION('',(0.,0.,1.));
#1947=DIRECTION('',(1.,0.,0.));
#1948=DIRECTION('',(1.,-7.22837809988557E-15,6.22234318318464E-15));
#1949=DIRECTION('',(1.,4.71632968102316E-15,1.02507397805738E-14));
#1950=DIRECTION('',(1.,0.,0.));
#1951=DIRECTION('',(0.,0.,1.));
#1952=DIRECTION('',(-1.,0.,0.));
#1953=DIRECTION('',(0.,0.,-1.));
#1954=DIRECTION('',(1.,0.,0.));
#1955=DIRECTION('',(-1.,0.,0.));
#1956=DIRECTION('',(0.,0.,-1.));
#1957=DIRECTION('',(0.,0.,1.));
#1958=DIRECTION('',(0.,1.,0.));
#1959=DIRECTION('',(1.,0.,0.));
#1960=DIRECTION('',(0.160675602081711,0.98700726993051,0.));
#1961=DIRECTION('',(0.160675602081711,0.98700726993051,0.));
#1962=DIRECTION('',(0.979385106223803,-0.202002014116169,0.));
#1963=DIRECTION('',(0.,1.,0.));
#1964=DIRECTION('',(0.,0.,-1.));
#1965=DIRECTION('',(0.334453867714119,0.9424121234211,0.));
#1966=DIRECTION('',(-1.48867831582744E-16,-1.41665648496814E-16,-1.));
#1967=DIRECTION('',(0.957826285221152,0.287347885566342,0.));
#1968=DIRECTION('',(3.35206025952647E-16,4.50527173243746E-16,1.));
#1969=DIRECTION('',(0.,1.,0.));
#1970=DIRECTION('',(0.,0.,1.));
#1971=DIRECTION('',(-0.988371697650616,-0.152057184253947,0.));
#1972=DIRECTION('',(1.7345873246916E-16,1.22309805477998E-16,1.));
#1973=DIRECTION('',(-0.475148914734883,-0.879905397657193,0.));
#1974=DIRECTION('',(-1.20399169743149E-16,-2.94479115848769E-16,1.));
#1975=DIRECTION('',(4.53381427602832E-17,4.06819519111866E-17,-1.));
#1976=DIRECTION('',(-0.98508194594569,-0.17208590811526,0.));
#1977=DIRECTION('',(6.09310659143068E-17,7.24979723956275E-17,1.));
#1978=DIRECTION('',(0.,-1.,0.));
#1979=DIRECTION('',(-6.09310659143078E-17,7.24979723956286E-17,1.));
#1980=DIRECTION('',(0.985081945945689,-0.17208590811526,0.));
#1981=DIRECTION('',(-2.84850462520618E-16,1.70988788894064E-16,-1.));
#1982=DIRECTION('',(0.615088986998816,-0.788457695804138,0.));
#1983=DIRECTION('',(0.,0.,1.));
#1984=DIRECTION('',(-1.69713567331394E-17,-8.17249053886165E-17,1.));
#1985=DIRECTION('',(1.,0.,0.));
#1986=DIRECTION('',(-1.,0.,0.));
#1987=DIRECTION('',(1.,0.,0.));
#1988=DIRECTION('',(0.,0.,1.));
#1989=DIRECTION('',(0.,0.,1.));
#1990=DIRECTION('',(0.,0.,-1.));
#1991=DIRECTION('',(0.,0.,1.));
#1992=DIRECTION('',(1.,0.,0.));
#1993=DIRECTION('',(0.,0.,1.));
#1994=DIRECTION('',(0.,0.,-1.));
#1995=DIRECTION('',(0.,0.,1.));
#1996=DIRECTION('',(0.,0.,-1.));
#1997=DIRECTION('',(0.,0.,1.));
#1998=DIRECTION('',(0.,0.,-1.));
#1999=DIRECTION('',(1.,0.,0.));
#2000=DIRECTION('',(0.,0.,1.));
#2001=DIRECTION('',(0.,0.,-1.));
#2002=DIRECTION('',(1.,0.,0.));
#2003=DIRECTION('',(-1.,0.,0.));
#2004=DIRECTION('',(1.,0.,0.));
#2005=DIRECTION('',(0.,0.,1.));
#2006=DIRECTION('',(0.,0.,1.));
#2007=DIRECTION('',(1.,0.,0.));
#2008=CARTESIAN_POINT('',(0.,0.,0.));
#2009=CARTESIAN_POINT('',(-184.220481331164,-39.,7.00000000000014));
#2010=CARTESIAN_POINT('',(-209.,0.,-5.05695755098906));
#2011=CARTESIAN_POINT('',(-143.,53.,7.00000000000014));
#2012=CARTESIAN_POINT('',(-170.757397079697,49.5005022057799,7.00000000000014));
#2013=CARTESIAN_POINT('',(-175.416413118337,45.844727483014,7.00000000000014));
#2014=CARTESIAN_POINT('',(-178.39274370641,39.2710464895451,7.00000000000014));
#2015=CARTESIAN_POINT('',(-176.757397079697,50.3350341838859,3.05695755098933));
#2016=CARTESIAN_POINT('',(-181.416413118337,46.7013385453291,3.05695755098933));
#2017=CARTESIAN_POINT('',(-183.822960563335,42.2710464895451,3.05695755098933));
#2018=CARTESIAN_POINT('',(-187.386030712405,3.18660814440295,3.05695755098933));
#2019=CARTESIAN_POINT('',(-209.,0.,7.00000000000014));
#2020=CARTESIAN_POINT('',(-190.841709399045,73.1892687043283,3.05695755098933));
#2021=CARTESIAN_POINT('',(-149.,65.6092958978895,-3.37470483610449));
#2022=CARTESIAN_POINT('',(-149.,59.3628335796828,3.05695755098933));
#2023=CARTESIAN_POINT('',(-149.,65.6092958978895,3.05695755098933));
#2024=CARTESIAN_POINT('',(-149.,59.3628335796826,-3.90676879361529));
#2025=CARTESIAN_POINT('',(-149.,58.,3.05695755098933));
#2026=CARTESIAN_POINT('',(-190.841709399045,73.1892687043283,-2.40000000120687));
#2027=CARTESIAN_POINT('',(-190.841709399045,76.0361920506778,-2.39999999999987));
#2028=CARTESIAN_POINT('',(-190.841709399045,76.0361920506778,0.400000000000141));
#2029=CARTESIAN_POINT('',(-190.841709399045,73.1892687043283,0.400000000000141));
#2030=CARTESIAN_POINT('',(-190.841709399045,73.1892687043283,-5.05695755098906));
#2031=CARTESIAN_POINT('',(-203.,52.,-5.05695755098906));
#2032=CARTESIAN_POINT('',(-203.,52.,7.00000000000014));
#2033=CARTESIAN_POINT('',(-205.5569346903,66.4892965783643,3.05695755098934));
#2034=CARTESIAN_POINT('',(-205.73416081418,67.4935779470186,3.05695755098934));
#2035=CARTESIAN_POINT('',(-205.91138693806,68.4978593156729,3.05695755098934));
#2036=CARTESIAN_POINT('',(-205.518727057606,69.1684455298379,3.05695755098932));
#2037=CARTESIAN_POINT('',(-204.556181172818,69.5053365895137,3.05695755098932));
#2038=CARTESIAN_POINT('',(-203.59363528803,69.8422276491895,3.05695755098932));
#2039=CARTESIAN_POINT('',(-205.5569346903,66.4892965783643,7.00000000000014));
#2040=CARTESIAN_POINT('',(-205.73416081418,67.4935779470186,7.00000000000014));
#2041=CARTESIAN_POINT('',(-205.91138693806,68.4978593156729,7.00000000000014));
#2042=CARTESIAN_POINT('',(-205.518727057606,69.1684455298379,7.00000000000011));
#2043=CARTESIAN_POINT('',(-204.556181172818,69.5053365895137,7.00000000000011));
#2044=CARTESIAN_POINT('',(-203.59363528803,69.8422276491895,7.00000000000011));
#2045=CARTESIAN_POINT('',(-205.5569346903,66.4892965783643,-8.99999999999989));
#2046=CARTESIAN_POINT('',(-205.73416081418,67.4935779470186,-8.99999999999989));
#2047=CARTESIAN_POINT('',(-205.91138693806,68.4978593156729,-8.99999999999989));
#2048=CARTESIAN_POINT('',(-205.518727057606,69.1684455298379,-8.99999999999985));
#2049=CARTESIAN_POINT('',(-204.556181172818,69.5053365895137,-8.99999999999985));
#2050=CARTESIAN_POINT('',(-203.59363528803,69.8422276491895,-8.99999999999985));
#2051=CARTESIAN_POINT('',(-205.5569346903,66.4892965783643,-5.05695755098909));
#2052=CARTESIAN_POINT('',(-205.73416081418,67.4935779470186,-5.05695755098909));
#2053=CARTESIAN_POINT('',(-205.91138693806,68.4978593156729,-5.05695755098909));
#2054=CARTESIAN_POINT('',(-205.518727057606,69.1684455298379,-5.05695755098906));
#2055=CARTESIAN_POINT('',(-204.556181172818,69.5053365895137,-5.05695755098906));
#2056=CARTESIAN_POINT('',(-203.59363528803,69.8422276491895,-5.05695755098906));
#2057=CARTESIAN_POINT('',(-203.59363528803,69.8422276491895,7.00000000000014));
#2058=CARTESIAN_POINT('',(-203.59363528803,69.8422276491895,-2.39999999999986));
#2059=CARTESIAN_POINT('',(-186.720079655911,75.7479721204313,0.400000000000111));
#2060=CARTESIAN_POINT('',(-186.432047793546,75.8487832722588,0.400000000000111));
#2061=CARTESIAN_POINT('',(-186.144015931182,75.9495944240863,0.400000000000111));
#2062=CARTESIAN_POINT('',(-185.849400315096,75.975483772225,0.400000000000127));
#2063=CARTESIAN_POINT('',(-185.548200945289,75.9264513166749,0.400000000000127));
#2064=CARTESIAN_POINT('',(-185.247001575481,75.8774188611248,0.400000000000127));
#2065=CARTESIAN_POINT('',(-186.720079655911,75.7479721204313,7.00000000000012));
#2066=CARTESIAN_POINT('',(-186.432047793546,75.8487832722588,7.00000000000012));
#2067=CARTESIAN_POINT('',(-186.144015931182,75.9495944240863,7.00000000000012));
#2068=CARTESIAN_POINT('',(-185.849400315096,75.975483772225,7.00000000000014));
#2069=CARTESIAN_POINT('',(-185.548200945289,75.9264513166749,7.00000000000014));
#2070=CARTESIAN_POINT('',(-185.247001575481,75.8774188611248,7.00000000000014));
#2071=CARTESIAN_POINT('',(-186.720079655911,75.7479721204313,-8.99999999999989));
#2072=CARTESIAN_POINT('',(-186.432047793546,75.8487832722588,-8.99999999999989));
#2073=CARTESIAN_POINT('',(-186.144015931182,75.9495944240863,-8.99999999999989));
#2074=CARTESIAN_POINT('',(-185.849400315096,75.975483772225,-8.99999999999991));
#2075=CARTESIAN_POINT('',(-185.548200945289,75.9264513166749,-8.99999999999991));
#2076=CARTESIAN_POINT('',(-185.247001575481,75.8774188611248,-8.99999999999991));
#2077=CARTESIAN_POINT('',(-186.720079655911,75.7479721204313,-2.39999999999987));
#2078=CARTESIAN_POINT('',(-186.432047793546,75.8487832722588,-2.39999999999987));
#2079=CARTESIAN_POINT('',(-186.144015931182,75.9495944240863,-2.39999999999987));
#2080=CARTESIAN_POINT('',(-185.849400315096,75.975483772225,-2.3999999999999));
#2081=CARTESIAN_POINT('',(-185.548200945289,75.9264513166749,-2.3999999999999));
#2082=CARTESIAN_POINT('',(-185.247001575481,75.8774188611248,-2.3999999999999));
#2083=CARTESIAN_POINT('',(-199.,0.,-7.02847877549446));
#2084=CARTESIAN_POINT('',(-199.,0.,5.02847877549473));
#2085=CARTESIAN_POINT('',(-174.166238867744,63.8771664203172,3.64845316770746));
#2086=CARTESIAN_POINT('',(-158.583119433872,61.62,-0.999999999999916));
#2087=CARTESIAN_POINT('',(-158.583119433872,61.62,-0.999999999999898));
#2088=CARTESIAN_POINT('',(-174.166238867744,63.8771664203174,-5.05695755098905));
#2089=CARTESIAN_POINT('',(-209.06600077951,75.9372843015589,7.00000000000014));
#2090=CARTESIAN_POINT('',(-209.,0.,-8.99999999999986));
#2091=CARTESIAN_POINT('',(-142.933998972575,75.9372843015589,-8.99999999999986));
#2092=CARTESIAN_POINT('',(-184.220481331164,0.186608144402953,7.00000000000014));
#2093=CARTESIAN_POINT('',(-188.372185207875,-33.,-5.05695755098906));
#2094=CARTESIAN_POINT('',(-211.062781479213,74.3054017103344,3.05695755098933));
#2095=CARTESIAN_POINT('',(-211.062781479213,74.3054017103344,-5.05695755098906));
#2096=CARTESIAN_POINT('',(-213.,-33.,-5.05695755098906));
#2097=CARTESIAN_POINT('',(-191.372185207875,-33.0000000000001,6.05695755098933));
#2098=CARTESIAN_POINT('',(-191.372185207875,-33.0000000000001,-8.05695755098905));
#2099=CARTESIAN_POINT('',(-190.172185207875,-33.0000000000001,6.05695755098933));
#2100=CARTESIAN_POINT('',(-190.172185207875,-33.0000000000001,-8.05695755098905));
#2101=CARTESIAN_POINT('',(-188.972185207875,-33.0000000000001,6.05695755098933));
#2102=CARTESIAN_POINT('',(-188.972185207875,-33.0000000000001,-8.05695755098905));
#2103=CARTESIAN_POINT('',(-188.372185207875,-32.4000000000003,6.05695755098933));
#2104=CARTESIAN_POINT('',(-188.372185207875,-32.4000000000002,-8.05695755098905));
#2105=CARTESIAN_POINT('',(-188.372185207875,-31.2000000000001,6.05695755098933));
#2106=CARTESIAN_POINT('',(-188.372185207875,-31.2000000000001,-8.05695755098905));
#2107=CARTESIAN_POINT('',(-188.372185207875,-30.,6.05695755098933));
#2108=CARTESIAN_POINT('',(-188.372185207875,-30.,-8.05695755098905));
#2109=CARTESIAN_POINT('',(-206.,-39.,10.0000000000001));
#2110=CARTESIAN_POINT('',(-206.,-39.,-11.9999999999999));
#2111=CARTESIAN_POINT('',(-207.2,-39.,10.0000000000001));
#2112=CARTESIAN_POINT('',(-207.2,-39.,-11.9999999999999));
#2113=CARTESIAN_POINT('',(-208.4,-39.,10.0000000000001));
#2114=CARTESIAN_POINT('',(-208.4,-39.,-11.9999999999999));
#2115=CARTESIAN_POINT('',(-209.,-38.4000000000001,10.0000000000001));
#2116=CARTESIAN_POINT('',(-209.,-38.4000000000001,-11.9999999999999));
#2117=CARTESIAN_POINT('',(-209.,-37.2000000000001,10.0000000000001));
#2118=CARTESIAN_POINT('',(-209.,-37.2000000000001,-11.9999999999999));
#2119=CARTESIAN_POINT('',(-209.,-36.,10.0000000000001));
#2120=CARTESIAN_POINT('',(-209.,-36.,-11.9999999999999));
#2121=CARTESIAN_POINT('',(-187.220481331164,-39.,-11.9999999999999));
#2122=CARTESIAN_POINT('',(-187.220481331164,-39.,10.0000000000001));
#2123=CARTESIAN_POINT('',(-186.020481331164,-39.,-11.9999999999999));
#2124=CARTESIAN_POINT('',(-186.020481331164,-39.,10.0000000000001));
#2125=CARTESIAN_POINT('',(-184.820481331164,-39.,-11.9999999999999));
#2126=CARTESIAN_POINT('',(-184.820481331164,-39.,10.0000000000001));
#2127=CARTESIAN_POINT('',(-184.220481331164,-38.4,-11.9999999999999));
#2128=CARTESIAN_POINT('',(-184.220481331164,-38.4,10.0000000000001));
#2129=CARTESIAN_POINT('',(-184.220481331164,-37.2,-11.9999999999999));
#2130=CARTESIAN_POINT('',(-184.220481331164,-37.2,10.0000000000001));
#2131=CARTESIAN_POINT('',(-184.220481331164,-36.,-11.9999999999999));
#2132=CARTESIAN_POINT('',(-184.220481331164,-36.,10.0000000000001));
#2133=CARTESIAN_POINT('',(-143.,69.,7.00000000000014));
#2134=CARTESIAN_POINT('',(-143.,55.6455248779883,-11.9999999999999));
#2135=CARTESIAN_POINT('',(-143.,54.587314926793,-11.9999999999999));
#2136=CARTESIAN_POINT('',(-143.,53.5291049755976,-11.9999999999999));
#2137=CARTESIAN_POINT('',(-143.52494945053,52.9338173014231,-11.9999999999999));
#2138=CARTESIAN_POINT('',(-144.574848351589,52.8014519042693,-11.9999999999999));
#2139=CARTESIAN_POINT('',(-145.624747252648,52.6690865071154,-11.9999999999999));
#2140=CARTESIAN_POINT('',(-143.,55.6455248779883,10.0000000000001));
#2141=CARTESIAN_POINT('',(-143.,54.587314926793,10.0000000000001));
#2142=CARTESIAN_POINT('',(-143.,53.5291049755976,10.0000000000001));
#2143=CARTESIAN_POINT('',(-143.52494945053,52.9338173014231,10.0000000000001));
#2144=CARTESIAN_POINT('',(-144.574848351589,52.8014519042693,10.0000000000001));
#2145=CARTESIAN_POINT('',(-145.624747252648,52.6690865071154,10.0000000000001));
#2146=CARTESIAN_POINT('',(-185.247001575481,75.8774188611248,7.00000000000014));
#2147=CARTESIAN_POINT('',(-145.517973193755,69.4099026129369,-2.59999999999985));
#2148=CARTESIAN_POINT('',(-144.510783916253,69.2459415677621,-2.59999999999985));
#2149=CARTESIAN_POINT('',(-143.503594638751,69.0819805225874,-2.59999999999985));
#2150=CARTESIAN_POINT('',(-143.,68.489776160629,-2.59999999999987));
#2151=CARTESIAN_POINT('',(-143.,67.4693284818871,-2.59999999999987));
#2152=CARTESIAN_POINT('',(-143.,66.4488808031453,-2.59999999999987));
#2153=CARTESIAN_POINT('',(-145.517973193755,69.4099026129369,10.0000000000002));
#2154=CARTESIAN_POINT('',(-144.510783916253,69.2459415677621,10.0000000000002));
#2155=CARTESIAN_POINT('',(-143.503594638751,69.0819805225874,10.0000000000002));
#2156=CARTESIAN_POINT('',(-143.,68.489776160629,10.0000000000001));
#2157=CARTESIAN_POINT('',(-143.,67.4693284818871,10.0000000000001));
#2158=CARTESIAN_POINT('',(-143.,66.4488808031453,10.0000000000001));
#2159=CARTESIAN_POINT('',(-185.247001575481,75.8774188611248,-2.39999999999986));
#2160=CARTESIAN_POINT('',(-145.517973193755,69.4099026129368,-11.9999999999999));
#2161=CARTESIAN_POINT('',(-144.510783916253,69.245941567762,-11.9999999999999));
#2162=CARTESIAN_POINT('',(-143.503594638751,69.0819805225873,-11.9999999999999));
#2163=CARTESIAN_POINT('',(-143.,68.489776160629,-11.9999999999999));
#2164=CARTESIAN_POINT('',(-143.,67.4693284818871,-11.9999999999999));
#2165=CARTESIAN_POINT('',(-143.,66.4488808031453,-11.9999999999999));
#2166=CARTESIAN_POINT('',(-145.517973193755,69.4099026129368,0.600000000000133));
#2167=CARTESIAN_POINT('',(-144.510783916253,69.2459415677621,0.600000000000133));
#2168=CARTESIAN_POINT('',(-143.503594638751,69.0819805225873,0.600000000000133));
#2169=CARTESIAN_POINT('',(-143.,68.489776160629,0.600000000000126));
#2170=CARTESIAN_POINT('',(-143.,67.4693284818872,0.600000000000126));
#2171=CARTESIAN_POINT('',(-143.,66.4488808031453,0.600000000000126));
#2172=CARTESIAN_POINT('',(-209.,0.,7.00000000000014));
#2173=CARTESIAN_POINT('',(-203.,52.,7.00000000000014));
#2174=CARTESIAN_POINT('',(-203.,52.,-8.99999999999986));
#2175=CARTESIAN_POINT('',(-209.,0.,-8.99999999999986));
#2176=CARTESIAN_POINT('',(-170.757397079697,49.5005022057799,7.00000000000014));
#2177=CARTESIAN_POINT('',(-170.757397079697,49.5005022057799,-8.99999999999986));
#2178=CARTESIAN_POINT('',(-175.416413118337,45.844727483014,7.00000000000014));
#2179=CARTESIAN_POINT('',(-175.416413118337,45.844727483014,-8.99999999999986));
#2180=CARTESIAN_POINT('',(-178.39274370641,39.2710464895451,7.00000000000014));
#2181=CARTESIAN_POINT('',(-178.39274370641,39.2710464895451,-8.99999999999986));
#2182=CARTESIAN_POINT('',(-184.220481331164,0.186608144402953,7.00000000000014));
#2183=CARTESIAN_POINT('',(-184.220481331164,0.186608144402953,-8.99999999999986));
#2184=CARTESIAN_POINT('',(-149.,65.6092958978895,3.05695755098933));
#2185=CARTESIAN_POINT('',(-149.,65.6092958978895,-5.05695755098906));
#2186=CARTESIAN_POINT('',(-149.,58.,3.05695755098933));
#2187=CARTESIAN_POINT('',(-149.,58.,-5.05695755098906));
#2188=CARTESIAN_POINT('',(-176.757397079697,50.3350341838859,3.05695755098933));
#2189=CARTESIAN_POINT('',(-176.757397079697,50.3350341838859,-5.05695755098906));
#2190=CARTESIAN_POINT('',(-181.416413118337,46.7013385453291,3.05695755098933));
#2191=CARTESIAN_POINT('',(-181.416413118337,46.7013385453291,-5.05695755098906));
#2192=CARTESIAN_POINT('',(-183.822960563335,42.2710464895451,3.05695755098933));
#2193=CARTESIAN_POINT('',(-183.822960563335,42.2710464895451,-5.05695755098906));
#2194=CARTESIAN_POINT('',(-187.386030712405,3.18660814440295,3.05695755098933));
#2195=CARTESIAN_POINT('',(-187.386030712405,3.18660814440295,-5.05695755098906));
#2196=CARTESIAN_POINT('',(-188.372185207875,-12.5236626715367,3.05695755098933));
#2197=CARTESIAN_POINT('',(-188.372185207875,-12.5236626715367,-5.05695755098906));
#2198=CARTESIAN_POINT('',(-209.,0.,3.05695755098933));
#2199=CARTESIAN_POINT('',(-203.,52.,3.05695755098933));
#2200=CARTESIAN_POINT('',(-209.,0.,-5.05695755098906));
#2201=CARTESIAN_POINT('',(-203.,52.,-5.05695755098906));
#2202=CARTESIAN_POINT('',(-190.841709399045,74.3054017103344,0.400000000000141));
#2203=CARTESIAN_POINT('',(-190.841709399045,74.3054017103344,3.05695755098932));
#2204=CARTESIAN_POINT('',(-190.841709399045,73.1892687043284,0.400000000000141));
#2205=CARTESIAN_POINT('',(-190.841709399045,73.1892687043283,3.05695755098932));
#2206=CARTESIAN_POINT('',(-190.841709399045,74.3054017103344,-5.05695755098908));
#2207=CARTESIAN_POINT('',(-190.841709399045,74.3054017103344,-2.39999999999987));
#2208=CARTESIAN_POINT('',(-190.841709399045,73.1892687043283,-5.05695755098906));
#2209=CARTESIAN_POINT('',(-190.841709399045,73.1892687043284,-2.39999999999987));
#2210=CARTESIAN_POINT('',(-205.5569346903,66.4892965783643,7.00000000000014));
#2211=CARTESIAN_POINT('',(-205.5569346903,66.4892965783643,-8.99999999999989));
#2212=CARTESIAN_POINT('',(-203.59363528803,69.8422276491895,7.00000000000014));
#2213=CARTESIAN_POINT('',(-203.59363528803,69.8422276491895,-8.99999999999986));
#2214=CARTESIAN_POINT('',(-205.5569346903,66.4892965783643,3.05695755098934));
#2215=CARTESIAN_POINT('',(-205.5569346903,66.4892965783643,-5.05695755098908));
#2216=CARTESIAN_POINT('',(-203.59363528803,69.8422276491895,3.05695755098934));
#2217=CARTESIAN_POINT('',(-203.59363528803,69.8422276491895,-5.05695755098905));
#2218=CARTESIAN_POINT('',(-185.247001575481,75.8774188611248,7.00000000000014));
#2219=CARTESIAN_POINT('',(-185.247001575481,75.8774188611248,-8.99999999999988));
#2220=CARTESIAN_POINT('',(-186.720079655911,75.7479721204313,-2.39999999999987));
#2221=CARTESIAN_POINT('',(-186.720079655911,75.7479721204313,0.400000000000126));
#2222=CARTESIAN_POINT('',(-185.247001575481,75.8774188611248,-2.39999999999988));
#2223=CARTESIAN_POINT('',(-185.247001575481,75.8774188611248,0.400000000000141));
#2224=CARTESIAN_POINT('',(-186.720079655911,75.7479721204313,7.00000000000014));
#2225=CARTESIAN_POINT('',(-186.720079655911,75.7479721204313,-8.99999999999986));
#2226=CARTESIAN_POINT('',(-199.,3.,7.00000000000014));
#2227=CARTESIAN_POINT('',(-199.,3.,-8.99999999999986));
#2228=CARTESIAN_POINT('',(-199.,3.,3.05695755098933));
#2229=CARTESIAN_POINT('',(-199.,3.,-5.05695755098905));
#2230=CARTESIAN_POINT('',(-149.,65.6092958978894,1.37470483610469));
#2231=CARTESIAN_POINT('',(-151.413258509331,66.0464776989765,0.400000000000141));
#2232=CARTESIAN_POINT('',(-149.,65.6092958978895,-3.37470483610449));
#2233=CARTESIAN_POINT('',(-149.,63.8771664203174,-5.05695755098905));
#2234=CARTESIAN_POINT('',(-149.,58.,1.90676879361543));
#2235=CARTESIAN_POINT('',(-149.,59.3628335796828,3.05695755098933));
#2236=CARTESIAN_POINT('',(-149.,63.8771664203172,3.05695755098933));
#2237=CARTESIAN_POINT('',(-149.,59.3628335796826,-5.05695755098905));
#2238=CARTESIAN_POINT('',(-149.,58.,-3.90676879361529));
#2239=CARTESIAN_POINT('',(-152.703163905736,56.9774032245374,-0.999999999999915));
#2240=CARTESIAN_POINT('',(-143.,56.9774032245374,-0.999999999999915));
#2241=CARTESIAN_POINT('',(-143.,66.0464776989765,0.400000000000141));
#2242=CARTESIAN_POINT('',(-143.,66.0464776989765,-2.39999999999987));
#2243=CARTESIAN_POINT('',(-151.413258509331,66.0464776989765,-2.39999999999987));
#2244=CARTESIAN_POINT('',(-174.166238867744,63.8771664203172,3.05695755098933));
#2245=CARTESIAN_POINT('',(-174.166238867744,59.3628335796828,3.05695755098933));
#2246=CARTESIAN_POINT('',(-174.166238867744,59.3628335796827,-5.05695755098906));
#2247=CARTESIAN_POINT('',(-174.166238867744,63.8771664203174,-5.05695755098906));
#2248=CARTESIAN_POINT('',(-209.,-33.,-5.05695755098906));
#2249=CARTESIAN_POINT('',(-209.,-33.,3.05695755098933));
#2250=CARTESIAN_POINT('',(-188.372185207875,-30.,-5.05695755098906));
#2251=CARTESIAN_POINT('',(-188.372185207875,-30.,3.05695755098934));
#2252=CARTESIAN_POINT('',(-191.372185207875,-33.,-5.05695755098906));
#2253=CARTESIAN_POINT('',(-191.372185207875,-33.,3.05695755098933));
#2254=CARTESIAN_POINT('',(-206.,-39.,7.00000000000014));
#2255=CARTESIAN_POINT('',(-187.220481331164,-39.,7.00000000000014));
#2256=CARTESIAN_POINT('',(-187.220481331164,-39.,-8.99999999999986));
#2257=CARTESIAN_POINT('',(-206.,-39.,-8.99999999999987));
#2258=CARTESIAN_POINT('',(-209.,-36.,7.00000000000014));
#2259=CARTESIAN_POINT('',(-209.,-36.,-8.99999999999987));
#2260=CARTESIAN_POINT('',(-184.220481331164,-36.,-8.99999999999986));
#2261=CARTESIAN_POINT('',(-184.220481331164,-36.,7.00000000000015));
#2262=CARTESIAN_POINT('',(-143.,55.6455248779884,7.00000000000014));
#2263=CARTESIAN_POINT('',(-143.,55.6455248779883,-8.99999999999986));
#2264=CARTESIAN_POINT('',(-145.624747252648,52.6690865071154,7.00000000000014));
#2265=CARTESIAN_POINT('',(-145.624747252648,52.6690865071154,-8.99999999999986));
#2266=CARTESIAN_POINT('',(-143.,66.4488808031453,7.00000000000013));
#2267=CARTESIAN_POINT('',(-145.517973193755,69.4099026129369,0.400000000000144));
#2268=CARTESIAN_POINT('',(-145.517973193755,69.4099026129369,7.00000000000013));
#2269=CARTESIAN_POINT('',(-143.,66.4488808031453,0.400000000000136));
#2270=CARTESIAN_POINT('',(-143.,66.4488808031453,-8.99999999999987));
#2271=CARTESIAN_POINT('',(-145.517973193755,69.4099026129368,-2.39999999999988));
#2272=CARTESIAN_POINT('',(-145.517973193755,69.4099026129368,-8.99999999999986));
#2273=CARTESIAN_POINT('',(-143.,66.4488808031453,-2.39999999999987));
#2274=CARTESIAN_POINT('',(-209.,0.,7.00000000000014));
#2275=CARTESIAN_POINT('',(-203.,52.,7.00000000000014));
#2276=CARTESIAN_POINT('',(-203.,52.,7.00000000000014));
#2277=CARTESIAN_POINT('',(-203.,52.,3.05695755098933));
#2278=CARTESIAN_POINT('',(-209.,0.,-8.99999999999986));
#2279=CARTESIAN_POINT('',(-203.,52.,-8.99999999999986));
#2280=CARTESIAN_POINT('',(-209.,0.,7.00000000000014));
#2281=CARTESIAN_POINT('',(-209.,0.,3.05695755098933));
#2282=CARTESIAN_POINT('',(-203.,52.,7.00000000000014));
#2283=CARTESIAN_POINT('',(-205.5569346903,66.4892965783643,7.00000000000014));
#2284=CARTESIAN_POINT('',(-203.,52.,-8.99999999999986));
#2285=CARTESIAN_POINT('',(-205.5569346903,66.4892965783643,-8.99999999999989));
#2286=CARTESIAN_POINT('',(-170.757397079697,49.5005022057799,7.00000000000014));
#2287=CARTESIAN_POINT('',(-170.757397079697,49.5005022057799,-8.99999999999986));
#2288=CARTESIAN_POINT('',(-170.757397079697,49.5005022057799,7.00000000000014));
#2289=CARTESIAN_POINT('',(-175.416413118337,45.844727483014,7.00000000000014));
#2290=CARTESIAN_POINT('',(-175.416413118337,45.844727483014,7.00000000000014));
#2291=CARTESIAN_POINT('',(-175.416413118337,45.844727483014,-8.99999999999986));
#2292=CARTESIAN_POINT('',(-170.757397079697,49.5005022057799,-8.99999999999986));
#2293=CARTESIAN_POINT('',(-175.416413118337,45.844727483014,-8.99999999999986));
#2294=CARTESIAN_POINT('',(-175.416413118337,45.844727483014,7.00000000000014));
#2295=CARTESIAN_POINT('',(-178.39274370641,39.2710464895451,7.00000000000014));
#2296=CARTESIAN_POINT('',(-178.39274370641,39.2710464895451,7.00000000000014));
#2297=CARTESIAN_POINT('',(-178.39274370641,39.2710464895451,-8.99999999999986));
#2298=CARTESIAN_POINT('',(-175.416413118337,45.844727483014,-8.99999999999986));
#2299=CARTESIAN_POINT('',(-178.39274370641,39.2710464895451,-8.99999999999986));
#2300=CARTESIAN_POINT('',(-178.39274370641,39.2710464895451,7.00000000000014));
#2301=CARTESIAN_POINT('',(-184.220481331164,0.186608144402953,7.00000000000014));
#2302=CARTESIAN_POINT('',(-184.220481331164,0.186608144402953,7.00000000000014));
#2303=CARTESIAN_POINT('',(-184.220481331164,0.186608144402953,-8.99999999999986));
#2304=CARTESIAN_POINT('',(-178.39274370641,39.2710464895451,-8.99999999999986));
#2305=CARTESIAN_POINT('',(-184.220481331164,0.186608144402953,-8.99999999999986));
#2306=CARTESIAN_POINT('',(-149.,65.6092958978895,3.05695755098933));
#2307=CARTESIAN_POINT('',(-149.,65.6092958978894,1.37470483610469));
#2308=CARTESIAN_POINT('',(-149.,65.6092958978895,3.05695755098933));
#2309=CARTESIAN_POINT('',(-149.,63.8771664203172,3.05695755098933));
#2310=CARTESIAN_POINT('',(-149.,58.,3.05695755098933));
#2311=CARTESIAN_POINT('',(-149.,58.,1.90676879361543));
#2312=CARTESIAN_POINT('',(-149.,65.6092958978895,-5.05695755098906));
#2313=CARTESIAN_POINT('',(-149.,63.8771664203174,-5.05695755098905));
#2314=CARTESIAN_POINT('',(-149.,58.,3.05695755098933));
#2315=CARTESIAN_POINT('',(-176.757397079697,50.3350341838859,3.05695755098933));
#2316=CARTESIAN_POINT('',(-176.757397079697,50.3350341838859,3.05695755098933));
#2317=CARTESIAN_POINT('',(-176.757397079697,50.3350341838859,-5.05695755098906));
#2318=CARTESIAN_POINT('',(-149.,58.,-5.05695755098906));
#2319=CARTESIAN_POINT('',(-176.757397079697,50.3350341838859,-5.05695755098906));
#2320=CARTESIAN_POINT('',(-176.757397079697,50.3350341838859,3.05695755098933));
#2321=CARTESIAN_POINT('',(-181.416413118337,46.7013385453291,3.05695755098933));
#2322=CARTESIAN_POINT('',(-181.416413118337,46.7013385453291,3.05695755098933));
#2323=CARTESIAN_POINT('',(-181.416413118337,46.7013385453291,-5.05695755098906));
#2324=CARTESIAN_POINT('',(-176.757397079697,50.3350341838859,-5.05695755098906));
#2325=CARTESIAN_POINT('',(-181.416413118337,46.7013385453291,-5.05695755098906));
#2326=CARTESIAN_POINT('',(-181.416413118337,46.7013385453291,3.05695755098933));
#2327=CARTESIAN_POINT('',(-183.822960563335,42.2710464895451,3.05695755098933));
#2328=CARTESIAN_POINT('',(-183.822960563335,42.2710464895451,3.05695755098933));
#2329=CARTESIAN_POINT('',(-183.822960563335,42.2710464895451,-5.05695755098906));
#2330=CARTESIAN_POINT('',(-181.416413118337,46.7013385453291,-5.05695755098906));
#2331=CARTESIAN_POINT('',(-183.822960563335,42.2710464895451,-5.05695755098906));
#2332=CARTESIAN_POINT('',(-183.822960563335,42.2710464895451,3.05695755098933));
#2333=CARTESIAN_POINT('',(-187.386030712405,3.18660814440295,3.05695755098933));
#2334=CARTESIAN_POINT('',(-187.386030712405,3.18660814440295,3.05695755098933));
#2335=CARTESIAN_POINT('',(-187.386030712405,3.18660814440295,-5.05695755098906));
#2336=CARTESIAN_POINT('',(-183.822960563335,42.2710464895451,-5.05695755098906));
#2337=CARTESIAN_POINT('',(-187.386030712405,3.18660814440295,-5.05695755098906));
#2338=CARTESIAN_POINT('',(-187.386030712405,3.18660814440295,3.05695755098933));
#2339=CARTESIAN_POINT('',(-188.372185207875,-12.5236626715367,3.05695755098933));
#2340=CARTESIAN_POINT('',(-188.372185207875,-12.5236626715367,3.05695755098933));
#2341=CARTESIAN_POINT('',(-188.372185207875,-12.5236626715367,-5.05695755098906));
#2342=CARTESIAN_POINT('',(-187.386030712405,3.18660814440295,-5.05695755098906));
#2343=CARTESIAN_POINT('',(-188.372185207875,-12.5236626715367,-5.05695755098906));
#2344=CARTESIAN_POINT('',(-209.,0.,3.05695755098933));
#2345=CARTESIAN_POINT('',(-203.,52.,3.05695755098933));
#2346=CARTESIAN_POINT('',(-209.,0.,-5.05695755098906));
#2347=CARTESIAN_POINT('',(-203.,52.,-5.05695755098906));
#2348=CARTESIAN_POINT('',(-203.,52.,3.05695755098933));
#2349=CARTESIAN_POINT('',(-205.5569346903,66.4892965783643,3.05695755098934));
#2350=CARTESIAN_POINT('',(-203.,52.,-5.05695755098906));
#2351=CARTESIAN_POINT('',(-205.5569346903,66.4892965783643,-5.05695755098908));
#2352=CARTESIAN_POINT('',(-203.,52.,-5.05695755098906));
#2353=CARTESIAN_POINT('',(-203.,52.,-8.99999999999986));
#2354=CARTESIAN_POINT('',(-209.,0.,-5.05695755098906));
#2355=CARTESIAN_POINT('',(-209.,0.,-8.99999999999986));
#2356=CARTESIAN_POINT('',(-190.841709399045,74.3054017103344,0.400000000000141));
#2357=CARTESIAN_POINT('',(-190.841709399045,74.3054017103344,3.05695755098932));
#2358=CARTESIAN_POINT('',(-190.841709399045,73.1892687043284,0.400000000000141));
#2359=CARTESIAN_POINT('',(-190.841709399045,73.1892687043283,3.05695755098932));
#2360=CARTESIAN_POINT('',(-190.841709399045,74.3054017103344,-5.05695755098908));
#2361=CARTESIAN_POINT('',(-190.841709399045,74.3054017103344,-2.39999999999987));
#2362=CARTESIAN_POINT('',(-190.841709399045,73.1892687043283,-5.05695755098906));
#2363=CARTESIAN_POINT('',(-190.841709399045,73.1892687043284,-2.39999999999987));
#2364=CARTESIAN_POINT('',(-190.841709399045,74.3054017103344,-2.39999999999987));
#2365=CARTESIAN_POINT('',(-190.841709399045,73.1892687043284,-2.39999999999987));
#2366=CARTESIAN_POINT('',(-190.841709399045,74.3054017103344,0.400000000000141));
#2367=CARTESIAN_POINT('',(-190.841709399045,73.1892687043284,0.400000000000141));
#2368=CARTESIAN_POINT('',(-190.841709399045,73.1892687043283,3.05695755098932));
#2369=CARTESIAN_POINT('',(-149.,65.6092958978895,3.05695755098933));
#2370=CARTESIAN_POINT('',(-190.841709399045,73.1892687043283,-5.05695755098906));
#2371=CARTESIAN_POINT('',(-149.,65.6092958978895,-5.05695755098906));
#2372=CARTESIAN_POINT('',(-190.841709399045,73.1892687043283,-5.05695755098906));
#2373=CARTESIAN_POINT('',(-190.841709399045,74.3054017103344,-5.05695755098908));
#2374=CARTESIAN_POINT('',(-190.841709399045,73.1892687043283,3.05695755098932));
#2375=CARTESIAN_POINT('',(-190.841709399045,74.3054017103344,3.05695755098932));
#2376=CARTESIAN_POINT('',(-203.59363528803,69.8422276491895,7.00000000000014));
#2377=CARTESIAN_POINT('',(-186.720079655911,75.7479721204313,7.00000000000014));
#2378=CARTESIAN_POINT('',(-203.59363528803,69.8422276491895,-8.99999999999986));
#2379=CARTESIAN_POINT('',(-186.720079655911,75.7479721204313,-8.99999999999986));
#2380=CARTESIAN_POINT('',(-203.59363528803,69.8422276491895,3.05695755098934));
#2381=CARTESIAN_POINT('',(-190.841709399045,74.3054017103344,3.05695755098932));
#2382=CARTESIAN_POINT('',(-203.59363528803,69.8422276491895,-5.05695755098905));
#2383=CARTESIAN_POINT('',(-190.841709399045,74.3054017103344,-5.05695755098908));
#2384=CARTESIAN_POINT('',(-205.5569346903,66.4892965783643,-8.99999999999989));
#2385=CARTESIAN_POINT('',(-205.5569346903,66.4892965783643,-5.05695755098908));
#2386=CARTESIAN_POINT('',(-203.59363528803,69.8422276491895,3.05695755098934));
#2387=CARTESIAN_POINT('',(-203.59363528803,69.8422276491895,7.00000000000014));
#2388=CARTESIAN_POINT('',(-205.5569346903,66.4892965783643,3.05695755098934));
#2389=CARTESIAN_POINT('',(-205.5569346903,66.4892965783643,7.00000000000014));
#2390=CARTESIAN_POINT('',(-203.59363528803,69.8422276491895,-8.99999999999986));
#2391=CARTESIAN_POINT('',(-203.59363528803,69.8422276491895,-5.05695755098905));
#2392=CARTESIAN_POINT('',(-205.5569346903,66.4892965783643,7.00000000000014));
#2393=CARTESIAN_POINT('',(-205.73416081418,67.4935779470186,7.00000000000014));
#2394=CARTESIAN_POINT('',(-205.91138693806,68.4978593156729,7.00000000000014));
#2395=CARTESIAN_POINT('',(-205.518727057606,69.1684455298379,7.00000000000013));
#2396=CARTESIAN_POINT('',(-204.556181172818,69.5053365895137,7.00000000000013));
#2397=CARTESIAN_POINT('',(-203.59363528803,69.8422276491895,7.00000000000014));
#2398=CARTESIAN_POINT('',(-205.5569346903,66.4892965783643,3.05695755098934));
#2399=CARTESIAN_POINT('',(-205.73416081418,67.4935779470186,3.05695755098935));
#2400=CARTESIAN_POINT('',(-205.91138693806,68.4978593156729,3.05695755098935));
#2401=CARTESIAN_POINT('',(-205.518727057606,69.1684455298379,3.05695755098932));
#2402=CARTESIAN_POINT('',(-204.556181172818,69.5053365895137,3.05695755098933));
#2403=CARTESIAN_POINT('',(-203.59363528803,69.8422276491895,3.05695755098934));
#2404=CARTESIAN_POINT('',(-205.5569346903,66.4892965783643,-8.99999999999989));
#2405=CARTESIAN_POINT('',(-205.73416081418,67.4935779470186,-8.99999999999989));
#2406=CARTESIAN_POINT('',(-205.91138693806,68.4978593156729,-8.99999999999991));
#2407=CARTESIAN_POINT('',(-205.518727057606,69.1684455298379,-8.99999999999985));
#2408=CARTESIAN_POINT('',(-204.556181172818,69.5053365895137,-8.99999999999986));
#2409=CARTESIAN_POINT('',(-203.59363528803,69.8422276491895,-8.99999999999986));
#2410=CARTESIAN_POINT('',(-205.5569346903,66.4892965783643,-5.05695755098908));
#2411=CARTESIAN_POINT('',(-205.73416081418,67.4935779470186,-5.05695755098908));
#2412=CARTESIAN_POINT('',(-205.91138693806,68.4978593156729,-5.05695755098908));
#2413=CARTESIAN_POINT('',(-205.518727057606,69.1684455298379,-5.05695755098905));
#2414=CARTESIAN_POINT('',(-204.556181172818,69.5053365895137,-5.05695755098905));
#2415=CARTESIAN_POINT('',(-203.59363528803,69.8422276491895,-5.05695755098905));
#2416=CARTESIAN_POINT('',(-185.247001575481,75.8774188611248,7.00000000000014));
#2417=CARTESIAN_POINT('',(-145.517973193755,69.4099026129369,7.00000000000013));
#2418=CARTESIAN_POINT('',(-185.247001575481,75.8774188611248,-8.99999999999988));
#2419=CARTESIAN_POINT('',(-145.517973193755,69.4099026129368,-8.99999999999986));
#2420=CARTESIAN_POINT('',(-186.720079655911,75.7479721204313,-2.39999999999987));
#2421=CARTESIAN_POINT('',(-190.841709399045,74.3054017103344,-2.39999999999987));
#2422=CARTESIAN_POINT('',(-186.720079655911,75.7479721204313,0.400000000000126));
#2423=CARTESIAN_POINT('',(-190.841709399045,74.3054017103344,0.400000000000141));
#2424=CARTESIAN_POINT('',(-186.720079655911,75.7479721204313,0.400000000000126));
#2425=CARTESIAN_POINT('',(-186.720079655911,75.7479721204313,7.00000000000014));
#2426=CARTESIAN_POINT('',(-185.247001575481,75.8774188611248,0.400000000000141));
#2427=CARTESIAN_POINT('',(-185.247001575481,75.8774188611248,7.00000000000014));
#2428=CARTESIAN_POINT('',(-185.247001575481,75.8774188611248,-8.99999999999988));
#2429=CARTESIAN_POINT('',(-185.247001575481,75.8774188611248,-2.39999999999988));
#2430=CARTESIAN_POINT('',(-186.720079655911,75.7479721204313,-8.99999999999986));
#2431=CARTESIAN_POINT('',(-186.720079655911,75.7479721204313,-2.39999999999987));
#2432=CARTESIAN_POINT('',(-186.720079655911,75.7479721204313,7.00000000000014));
#2433=CARTESIAN_POINT('',(-186.432047793546,75.8487832722588,7.00000000000014));
#2434=CARTESIAN_POINT('',(-186.144015931182,75.9495944240863,7.00000000000013));
#2435=CARTESIAN_POINT('',(-185.849400315096,75.975483772225,7.00000000000014));
#2436=CARTESIAN_POINT('',(-185.548200945289,75.9264513166749,7.00000000000014));
#2437=CARTESIAN_POINT('',(-185.247001575481,75.8774188611248,7.00000000000014));
#2438=CARTESIAN_POINT('',(-185.247001575481,75.8774188611248,0.400000000000141));
#2439=CARTESIAN_POINT('',(-185.548200945289,75.9264513166749,0.400000000000141));
#2440=CARTESIAN_POINT('',(-185.849400315096,75.975483772225,0.400000000000141));
#2441=CARTESIAN_POINT('',(-186.144015931182,75.9495944240863,0.400000000000126));
#2442=CARTESIAN_POINT('',(-186.432047793546,75.8487832722588,0.400000000000126));
#2443=CARTESIAN_POINT('',(-186.720079655911,75.7479721204313,0.400000000000126));
#2444=CARTESIAN_POINT('',(-186.720079655911,75.7479721204313,-8.99999999999986));
#2445=CARTESIAN_POINT('',(-186.432047793546,75.8487832722588,-8.99999999999986));
#2446=CARTESIAN_POINT('',(-186.144015931182,75.9495944240863,-8.99999999999986));
#2447=CARTESIAN_POINT('',(-185.849400315096,75.975483772225,-8.99999999999988));
#2448=CARTESIAN_POINT('',(-185.548200945289,75.9264513166749,-8.99999999999988));
#2449=CARTESIAN_POINT('',(-185.247001575481,75.8774188611248,-8.99999999999988));
#2450=CARTESIAN_POINT('',(-185.247001575481,75.8774188611248,-2.39999999999988));
#2451=CARTESIAN_POINT('',(-185.548200945289,75.9264513166749,-2.39999999999988));
#2452=CARTESIAN_POINT('',(-185.849400315096,75.975483772225,-2.39999999999988));
#2453=CARTESIAN_POINT('',(-186.144015931182,75.9495944240863,-2.39999999999987));
#2454=CARTESIAN_POINT('',(-186.432047793546,75.8487832722588,-2.39999999999987));
#2455=CARTESIAN_POINT('',(-186.720079655911,75.7479721204313,-2.39999999999987));
#2456=CARTESIAN_POINT('',(-199.,3.,7.00000000000014));
#2457=CARTESIAN_POINT('',(-202.,3.,7.00000000000014));
#2458=CARTESIAN_POINT('',(-202.,0.,7.00000000000014));
#2459=CARTESIAN_POINT('',(-202.,-3.,7.00000000000014));
#2460=CARTESIAN_POINT('',(-199.,-3.,7.00000000000014));
#2461=CARTESIAN_POINT('',(-196.,-3.,7.00000000000014));
#2462=CARTESIAN_POINT('',(-196.,-4.44089209850063E-16,7.00000000000014));
#2463=CARTESIAN_POINT('',(-196.,3.,7.00000000000014));
#2464=CARTESIAN_POINT('',(-199.,3.,7.00000000000014));
#2465=CARTESIAN_POINT('',(-199.,3.,-8.99999999999986));
#2466=CARTESIAN_POINT('',(-202.,3.,-8.99999999999986));
#2467=CARTESIAN_POINT('',(-202.,0.,-8.99999999999986));
#2468=CARTESIAN_POINT('',(-202.,-3.,-8.99999999999986));
#2469=CARTESIAN_POINT('',(-199.,-3.,-8.99999999999986));
#2470=CARTESIAN_POINT('',(-196.,-3.,-8.99999999999986));
#2471=CARTESIAN_POINT('',(-196.,-4.44089209850063E-16,-8.99999999999986));
#2472=CARTESIAN_POINT('',(-196.,3.,-8.99999999999986));
#2473=CARTESIAN_POINT('',(-199.,3.,-8.99999999999986));
#2474=CARTESIAN_POINT('',(-199.,3.,3.05695755098933));
#2475=CARTESIAN_POINT('',(-202.,3.,3.05695755098934));
#2476=CARTESIAN_POINT('',(-202.,0.,3.05695755098933));
#2477=CARTESIAN_POINT('',(-202.,-3.,3.05695755098934));
#2478=CARTESIAN_POINT('',(-199.,-3.,3.05695755098933));
#2479=CARTESIAN_POINT('',(-196.,-3.,3.05695755098934));
#2480=CARTESIAN_POINT('',(-196.,-4.44089209850063E-16,3.05695755098933));
#2481=CARTESIAN_POINT('',(-196.,3.,3.05695755098934));
#2482=CARTESIAN_POINT('',(-199.,3.,3.05695755098933));
#2483=CARTESIAN_POINT('',(-199.,3.,-5.05695755098906));
#2484=CARTESIAN_POINT('',(-202.,3.,-5.05695755098906));
#2485=CARTESIAN_POINT('',(-202.,0.,-5.05695755098906));
#2486=CARTESIAN_POINT('',(-202.,-3.,-5.05695755098906));
#2487=CARTESIAN_POINT('',(-199.,-3.,-5.05695755098906));
#2488=CARTESIAN_POINT('',(-196.,-3.,-5.05695755098906));
#2489=CARTESIAN_POINT('',(-196.,-4.44089209850063E-16,-5.05695755098906));
#2490=CARTESIAN_POINT('',(-196.,3.,-5.05695755098906));
#2491=CARTESIAN_POINT('',(-199.,3.,-5.05695755098906));
#2492=CARTESIAN_POINT('',(-199.,3.,3.05695755098933));
#2493=CARTESIAN_POINT('',(-199.,3.,7.00000000000014));
#2494=CARTESIAN_POINT('',(-199.,3.,-8.99999999999986));
#2495=CARTESIAN_POINT('',(-199.,3.,-5.05695755098905));
#2496=CARTESIAN_POINT('',(-149.,65.6092958978894,1.37470483610469));
#2497=CARTESIAN_POINT('',(-149.778010418735,65.7502389401751,1.1379328837013));
#2498=CARTESIAN_POINT('',(-150.696378813443,65.9166089943188,0.810615908914301));
#2499=CARTESIAN_POINT('',(-151.413258509331,66.0464776989765,0.400000000000141));
#2500=CARTESIAN_POINT('',(-149.,65.6092958978895,-3.37470483610449));
#2501=CARTESIAN_POINT('',(-149.,64.9697573152357,-4.4490735768142));
#2502=CARTESIAN_POINT('',(-149.,63.8771664203174,-5.05695755098905));
#2503=CARTESIAN_POINT('',(-149.,58.,1.90676879361543));
#2504=CARTESIAN_POINT('',(-149.,58.5688681496484,2.61521960203558));
#2505=CARTESIAN_POINT('',(-149.,59.3628335796828,3.05695755098933));
#2506=CARTESIAN_POINT('',(-149.,63.8771664203172,3.05695755098933));
#2507=CARTESIAN_POINT('',(-149.,64.9697573152356,2.44907357681446));
#2508=CARTESIAN_POINT('',(-149.,65.6092958978894,1.37470483610469));
#2509=CARTESIAN_POINT('',(-149.,59.3628335796826,-5.05695755098905));
#2510=CARTESIAN_POINT('',(-149.,58.5688681496484,-4.61521960203534));
#2511=CARTESIAN_POINT('',(-149.,58.,-3.90676879361529));
#2512=CARTESIAN_POINT('',(-149.,58.,-3.90676879361529));
#2513=CARTESIAN_POINT('',(-149.732398153695,57.7977545662606,-3.65489858235362));
#2514=CARTESIAN_POINT('',(-150.525481247522,57.5787515096677,-3.32821983719948));
#2515=CARTESIAN_POINT('',(-151.800408786494,57.2266912651071,-2.5544024181396));
#2516=CARTESIAN_POINT('',(-152.703163905736,56.9774032245374,-1.88074681403562));
#2517=CARTESIAN_POINT('',(-152.703163905736,56.9774032245374,-0.999999999999915));
#2518=CARTESIAN_POINT('',(-152.703163905736,56.9774032245374,-0.999999999999915));
#2519=CARTESIAN_POINT('',(-152.703163905736,56.9774032245374,-0.119253185964197));
#2520=CARTESIAN_POINT('',(-151.800408786494,57.2266912651071,0.554402418139759));
#2521=CARTESIAN_POINT('',(-150.525481247522,57.5787515096677,1.32821983719968));
#2522=CARTESIAN_POINT('',(-149.732398153695,57.7977545662606,1.65489858235376));
#2523=CARTESIAN_POINT('',(-149.,58.,1.90676879361543));
#2524=CARTESIAN_POINT('',(-143.,56.9774032245374,-0.999999999999915));
#2525=CARTESIAN_POINT('',(-143.,56.9774032245374,2.98090716970717));
#2526=CARTESIAN_POINT('',(-143.,60.911708489529,3.58824889862479));
#2527=CARTESIAN_POINT('',(-143.,64.8460137545206,4.1955906275424));
#2528=CARTESIAN_POINT('',(-143.,66.0464776989765,0.400000000000141));
#2529=CARTESIAN_POINT('',(-143.,66.0464776989765,-2.39999999999987));
#2530=CARTESIAN_POINT('',(-143.,64.8460137545207,-6.19559062754218));
#2531=CARTESIAN_POINT('',(-143.,60.911708489529,-5.58824889862461));
#2532=CARTESIAN_POINT('',(-143.,56.9774032245374,-4.98090716970703));
#2533=CARTESIAN_POINT('',(-143.,56.9774032245374,-0.999999999999915));
#2534=CARTESIAN_POINT('',(-151.413258509331,66.0464776989765,-2.39999999999987));
#2535=CARTESIAN_POINT('',(-150.696378813444,65.916608994319,-2.8106159089138));
#2536=CARTESIAN_POINT('',(-149.778010418734,65.750238940175,-3.13793288370129));
#2537=CARTESIAN_POINT('',(-149.,65.6092958978895,-3.37470483610449));
#2538=CARTESIAN_POINT('',(-151.413258509331,66.0464776989765,-2.39999999999987));
#2539=CARTESIAN_POINT('',(-143.,66.0464776989765,-2.39999999999987));
#2540=CARTESIAN_POINT('',(-151.413258509331,66.0464776989765,0.400000000000141));
#2541=CARTESIAN_POINT('',(-143.,66.0464776989765,0.400000000000141));
#2542=CARTESIAN_POINT('',(-149.,63.8771664203172,3.05695755098933));
#2543=CARTESIAN_POINT('',(-174.166238867744,63.8771664203172,3.05695755098933));
#2544=CARTESIAN_POINT('',(-174.166238867744,59.3628335796828,3.05695755098933));
#2545=CARTESIAN_POINT('',(-149.,59.3628335796828,3.05695755098933));
#2546=CARTESIAN_POINT('',(-174.166238867744,59.3628335796828,3.05695755098933));
#2547=CARTESIAN_POINT('',(-174.166238867744,63.8771664203172,3.05695755098933));
#2548=CARTESIAN_POINT('',(-174.166238867744,59.3628335796827,-5.05695755098906));
#2549=CARTESIAN_POINT('',(-149.,59.3628335796826,-5.05695755098905));
#2550=CARTESIAN_POINT('',(-149.,63.8771664203174,-5.05695755098905));
#2551=CARTESIAN_POINT('',(-174.166238867744,63.8771664203174,-5.05695755098906));
#2552=CARTESIAN_POINT('',(-174.166238867744,59.3628335796827,-5.05695755098906));
#2553=CARTESIAN_POINT('',(-174.166238867744,63.8771664203174,-5.05695755098906));
#2554=CARTESIAN_POINT('',(-149.,65.6092958978895,-3.37470483610449));
#2555=CARTESIAN_POINT('',(-149.,65.6092958978895,-5.05695755098906));
#2556=CARTESIAN_POINT('',(-149.,59.3628335796828,3.05695755098933));
#2557=CARTESIAN_POINT('',(-149.,58.,3.05695755098933));
#2558=CARTESIAN_POINT('',(-149.,58.,-3.90676879361529));
#2559=CARTESIAN_POINT('',(-149.,58.,-5.05695755098906));
#2560=CARTESIAN_POINT('',(-149.,59.3628335796826,-5.05695755098905));
#2561=CARTESIAN_POINT('',(-149.,58.,-5.05695755098906));
#2562=CARTESIAN_POINT('',(-143.,66.0464776989765,-2.39999999999987));
#2563=CARTESIAN_POINT('',(-143.,66.4488808031453,-2.39999999999987));
#2564=CARTESIAN_POINT('',(-143.,66.0464776989765,0.400000000000141));
#2565=CARTESIAN_POINT('',(-143.,66.4488808031453,0.400000000000136));
#2566=CARTESIAN_POINT('',(-151.413258509331,66.0464776989765,-2.39999999999987));
#2567=CARTESIAN_POINT('',(-190.841709399045,73.1892687043284,-2.39999999999987));
#2568=CARTESIAN_POINT('',(-151.413258509331,66.0464776989765,0.400000000000141));
#2569=CARTESIAN_POINT('',(-190.841709399045,73.1892687043284,0.400000000000141));
#2570=CARTESIAN_POINT('',(-174.166238867744,63.8771664203172,3.05695755098933));
#2571=CARTESIAN_POINT('',(-174.166238867744,62.8245575154102,3.64259677546272));
#2572=CARTESIAN_POINT('',(-174.166238867744,61.62,3.64259677546273));
#2573=CARTESIAN_POINT('',(-174.166238867744,60.4154424845898,3.64259677546273));
#2574=CARTESIAN_POINT('',(-174.166238867744,59.3628335796829,3.05695755098933));
#2575=CARTESIAN_POINT('',(-174.166238867744,59.3628335796827,-5.05695755098906));
#2576=CARTESIAN_POINT('',(-174.166238867744,60.4154424845897,-5.64259677546256));
#2577=CARTESIAN_POINT('',(-174.166238867744,61.62,-5.64259677546257));
#2578=CARTESIAN_POINT('',(-174.166238867744,62.8245575154103,-5.64259677546257));
#2579=CARTESIAN_POINT('',(-174.166238867744,63.8771664203174,-5.05695755098906));
#2580=CARTESIAN_POINT('',(-152.703163905736,56.9774032245374,-0.999999999999915));
#2581=CARTESIAN_POINT('',(-143.,56.9774032245374,-0.999999999999915));
#2582=CARTESIAN_POINT('',(-184.220481331164,0.186608144402953,7.00000000000014));
#2583=CARTESIAN_POINT('',(-184.220481331164,-36.,7.00000000000015));
#2584=CARTESIAN_POINT('',(-209.,-33.,-5.05695755098906));
#2585=CARTESIAN_POINT('',(-209.,-33.,3.05695755098933));
#2586=CARTESIAN_POINT('',(-209.,-33.,-5.05695755098906));
#2587=CARTESIAN_POINT('',(-191.372185207875,-33.,-5.05695755098906));
#2588=CARTESIAN_POINT('',(-209.,-33.,3.05695755098933));
#2589=CARTESIAN_POINT('',(-191.372185207875,-33.,3.05695755098933));
#2590=CARTESIAN_POINT('',(-209.,-33.,3.05695755098933));
#2591=CARTESIAN_POINT('',(-209.,0.,3.05695755098933));
#2592=CARTESIAN_POINT('',(-209.,-33.,-5.05695755098906));
#2593=CARTESIAN_POINT('',(-209.,0.,-5.05695755098906));
#2594=CARTESIAN_POINT('',(-188.372185207875,-30.,-5.05695755098906));
#2595=CARTESIAN_POINT('',(-188.372185207875,-12.5236626715367,-5.05695755098906));
#2596=CARTESIAN_POINT('',(-188.372185207875,-30.,3.05695755098934));
#2597=CARTESIAN_POINT('',(-188.372185207875,-12.5236626715367,3.05695755098933));
#2598=CARTESIAN_POINT('',(-191.372185207875,-33.,3.05695755098933));
#2599=CARTESIAN_POINT('',(-191.372185207875,-33.,-5.05695755098906));
#2600=CARTESIAN_POINT('',(-188.372185207875,-30.,3.05695755098934));
#2601=CARTESIAN_POINT('',(-188.372185207875,-30.,-5.05695755098906));
#2602=CARTESIAN_POINT('',(-188.372185207875,-30.,-5.05695755098906));
#2603=CARTESIAN_POINT('',(-188.372185207875,-31.2000000000001,-5.05695755098906));
#2604=CARTESIAN_POINT('',(-188.372185207875,-32.4000000000002,-5.05695755098906));
#2605=CARTESIAN_POINT('',(-188.972185207875,-33.0000000000001,-5.05695755098906));
#2606=CARTESIAN_POINT('',(-190.172185207875,-33.0000000000001,-5.05695755098906));
#2607=CARTESIAN_POINT('',(-191.372185207875,-33.,-5.05695755098906));
#2608=CARTESIAN_POINT('',(-188.372185207875,-30.,3.05695755098934));
#2609=CARTESIAN_POINT('',(-188.372185207875,-31.2000000000001,3.05695755098933));
#2610=CARTESIAN_POINT('',(-188.372185207875,-32.4000000000003,3.05695755098933));
#2611=CARTESIAN_POINT('',(-188.972185207875,-33.0000000000001,3.05695755098933));
#2612=CARTESIAN_POINT('',(-190.172185207875,-33.0000000000001,3.05695755098933));
#2613=CARTESIAN_POINT('',(-191.372185207875,-33.,3.05695755098933));
#2614=CARTESIAN_POINT('',(-187.220481331164,-39.,7.00000000000014));
#2615=CARTESIAN_POINT('',(-206.,-39.,7.00000000000014));
#2616=CARTESIAN_POINT('',(-206.,-39.,-8.99999999999987));
#2617=CARTESIAN_POINT('',(-187.220481331164,-39.,-8.99999999999986));
#2618=CARTESIAN_POINT('',(-209.,-36.,7.00000000000014));
#2619=CARTESIAN_POINT('',(-209.,0.,7.00000000000014));
#2620=CARTESIAN_POINT('',(-209.,-36.,-8.99999999999987));
#2621=CARTESIAN_POINT('',(-209.,0.,-8.99999999999986));
#2622=CARTESIAN_POINT('',(-184.220481331164,-36.,-8.99999999999986));
#2623=CARTESIAN_POINT('',(-184.220481331164,0.186608144402953,-8.99999999999986));
#2624=CARTESIAN_POINT('',(-206.,-39.,7.00000000000014));
#2625=CARTESIAN_POINT('',(-206.,-39.,-8.99999999999987));
#2626=CARTESIAN_POINT('',(-187.220481331164,-39.,-8.99999999999986));
#2627=CARTESIAN_POINT('',(-187.220481331164,-39.,7.00000000000014));
#2628=CARTESIAN_POINT('',(-209.,-36.,7.00000000000014));
#2629=CARTESIAN_POINT('',(-209.,-36.,-8.99999999999987));
#2630=CARTESIAN_POINT('',(-184.220481331164,-36.,-8.99999999999986));
#2631=CARTESIAN_POINT('',(-184.220481331164,-36.,7.00000000000015));
#2632=CARTESIAN_POINT('',(-206.,-39.,7.00000000000014));
#2633=CARTESIAN_POINT('',(-207.2,-39.,7.00000000000014));
#2634=CARTESIAN_POINT('',(-208.4,-39.,7.00000000000014));
#2635=CARTESIAN_POINT('',(-209.,-38.4000000000001,7.00000000000014));
#2636=CARTESIAN_POINT('',(-209.,-37.2000000000001,7.00000000000014));
#2637=CARTESIAN_POINT('',(-209.,-36.,7.00000000000014));
#2638=CARTESIAN_POINT('',(-209.,-36.,-8.99999999999987));
#2639=CARTESIAN_POINT('',(-209.,-37.2000000000001,-8.99999999999987));
#2640=CARTESIAN_POINT('',(-209.,-38.4000000000001,-8.99999999999987));
#2641=CARTESIAN_POINT('',(-208.4,-39.,-8.99999999999987));
#2642=CARTESIAN_POINT('',(-207.2,-39.,-8.99999999999987));
#2643=CARTESIAN_POINT('',(-206.,-39.,-8.99999999999987));
#2644=CARTESIAN_POINT('',(-184.220481331164,-36.,7.00000000000015));
#2645=CARTESIAN_POINT('',(-184.220481331164,-37.2,7.00000000000015));
#2646=CARTESIAN_POINT('',(-184.220481331164,-38.4000000000001,7.00000000000014));
#2647=CARTESIAN_POINT('',(-184.820481331164,-39.,7.00000000000014));
#2648=CARTESIAN_POINT('',(-186.020481331164,-39.,7.00000000000014));
#2649=CARTESIAN_POINT('',(-187.220481331164,-39.,7.00000000000014));
#2650=CARTESIAN_POINT('',(-187.220481331164,-39.,-8.99999999999986));
#2651=CARTESIAN_POINT('',(-186.020481331164,-39.,-8.99999999999986));
#2652=CARTESIAN_POINT('',(-184.820481331164,-39.,-8.99999999999986));
#2653=CARTESIAN_POINT('',(-184.220481331164,-38.4,-8.99999999999986));
#2654=CARTESIAN_POINT('',(-184.220481331164,-37.2,-8.99999999999986));
#2655=CARTESIAN_POINT('',(-184.220481331164,-36.,-8.99999999999986));
#2656=CARTESIAN_POINT('',(-145.624747252648,52.6690865071154,7.00000000000014));
#2657=CARTESIAN_POINT('',(-170.757397079697,49.5005022057799,7.00000000000014));
#2658=CARTESIAN_POINT('',(-145.624747252648,52.6690865071154,-8.99999999999986));
#2659=CARTESIAN_POINT('',(-170.757397079697,49.5005022057799,-8.99999999999986));
#2660=CARTESIAN_POINT('',(-145.624747252648,52.6690865071154,-8.99999999999986));
#2661=CARTESIAN_POINT('',(-145.624747252648,52.6690865071154,7.00000000000014));
#2662=CARTESIAN_POINT('',(-143.,55.6455248779883,-8.99999999999986));
#2663=CARTESIAN_POINT('',(-143.,55.6455248779884,7.00000000000014));
#2664=CARTESIAN_POINT('',(-143.,55.6455248779884,7.00000000000014));
#2665=CARTESIAN_POINT('',(-143.,54.587314926793,7.00000000000014));
#2666=CARTESIAN_POINT('',(-143.,53.5291049755976,7.00000000000014));
#2667=CARTESIAN_POINT('',(-143.52494945053,52.9338173014231,7.00000000000013));
#2668=CARTESIAN_POINT('',(-144.574848351589,52.8014519042693,7.00000000000014));
#2669=CARTESIAN_POINT('',(-145.624747252648,52.6690865071154,7.00000000000014));
#2670=CARTESIAN_POINT('',(-145.624747252648,52.6690865071154,-8.99999999999986));
#2671=CARTESIAN_POINT('',(-144.574848351589,52.8014519042693,-8.99999999999986));
#2672=CARTESIAN_POINT('',(-143.52494945053,52.9338173014231,-8.99999999999986));
#2673=CARTESIAN_POINT('',(-143.,53.5291049755976,-8.99999999999986));
#2674=CARTESIAN_POINT('',(-143.,54.587314926793,-8.99999999999986));
#2675=CARTESIAN_POINT('',(-143.,55.6455248779883,-8.99999999999986));
#2676=CARTESIAN_POINT('',(-143.,66.4488808031453,7.00000000000013));
#2677=CARTESIAN_POINT('',(-143.,55.6455248779884,7.00000000000014));
#2678=CARTESIAN_POINT('',(-145.517973193755,69.4099026129369,0.400000000000144));
#2679=CARTESIAN_POINT('',(-185.247001575481,75.8774188611248,0.400000000000141));
#2680=CARTESIAN_POINT('',(-145.517973193755,69.4099026129369,0.400000000000144));
#2681=CARTESIAN_POINT('',(-145.517973193755,69.4099026129369,7.00000000000013));
#2682=CARTESIAN_POINT('',(-143.,66.4488808031453,0.400000000000136));
#2683=CARTESIAN_POINT('',(-143.,66.4488808031453,7.00000000000013));
#2684=CARTESIAN_POINT('',(-145.517973193755,69.4099026129369,7.00000000000013));
#2685=CARTESIAN_POINT('',(-144.510783916253,69.2459415677621,7.00000000000013));
#2686=CARTESIAN_POINT('',(-143.503594638751,69.0819805225874,7.00000000000014));
#2687=CARTESIAN_POINT('',(-143.,68.489776160629,7.00000000000013));
#2688=CARTESIAN_POINT('',(-143.,67.4693284818871,7.00000000000013));
#2689=CARTESIAN_POINT('',(-143.,66.4488808031453,7.00000000000013));
#2690=CARTESIAN_POINT('',(-143.,66.4488808031453,0.400000000000136));
#2691=CARTESIAN_POINT('',(-143.,67.4693284818871,0.400000000000134));
#2692=CARTESIAN_POINT('',(-143.,68.489776160629,0.400000000000132));
#2693=CARTESIAN_POINT('',(-143.503594638751,69.0819805225874,0.400000000000148));
#2694=CARTESIAN_POINT('',(-144.510783916253,69.2459415677621,0.400000000000146));
#2695=CARTESIAN_POINT('',(-145.517973193755,69.4099026129369,0.400000000000144));
#2696=CARTESIAN_POINT('',(-143.,66.4488808031453,-8.99999999999987));
#2697=CARTESIAN_POINT('',(-143.,55.6455248779883,-8.99999999999986));
#2698=CARTESIAN_POINT('',(-145.517973193755,69.4099026129368,-2.39999999999988));
#2699=CARTESIAN_POINT('',(-185.247001575481,75.8774188611248,-2.39999999999988));
#2700=CARTESIAN_POINT('',(-145.517973193755,69.4099026129368,-8.99999999999986));
#2701=CARTESIAN_POINT('',(-145.517973193755,69.4099026129368,-2.39999999999988));
#2702=CARTESIAN_POINT('',(-143.,66.4488808031453,-8.99999999999987));
#2703=CARTESIAN_POINT('',(-143.,66.4488808031453,-2.39999999999987));
#2704=CARTESIAN_POINT('',(-143.,66.4488808031453,-8.99999999999987));
#2705=CARTESIAN_POINT('',(-143.,67.4693284818871,-8.99999999999987));
#2706=CARTESIAN_POINT('',(-143.,68.489776160629,-8.99999999999987));
#2707=CARTESIAN_POINT('',(-143.503594638751,69.0819805225873,-8.99999999999986));
#2708=CARTESIAN_POINT('',(-144.510783916253,69.2459415677621,-8.99999999999986));
#2709=CARTESIAN_POINT('',(-145.517973193755,69.4099026129368,-8.99999999999986));
#2710=CARTESIAN_POINT('',(-143.,66.4488808031453,-2.39999999999987));
#2711=CARTESIAN_POINT('',(-143.,67.4693284818872,-2.39999999999987));
#2712=CARTESIAN_POINT('',(-143.,68.489776160629,-2.39999999999987));
#2713=CARTESIAN_POINT('',(-143.503594638751,69.0819805225873,-2.39999999999987));
#2714=CARTESIAN_POINT('',(-144.510783916253,69.2459415677621,-2.39999999999988));
#2715=CARTESIAN_POINT('',(-145.517973193755,69.4099026129368,-2.39999999999988));
#2716=CARTESIAN_POINT('',(-192.276850271545,-5.86042954057631,3.));
#2717=CARTESIAN_POINT('',(-196.0133236099,-23.9763198865181,3.));
#2718=CARTESIAN_POINT('',(-196.0133236099,-23.9763198865181,-5.));
#2719=CARTESIAN_POINT('',(-196.220400288606,-24.9803089598861,3.));
#2720=CARTESIAN_POINT('',(-196.220400288606,-24.9803089598861,-5.));
#2721=CARTESIAN_POINT('',(-196.38742793472,-25.7901245928983,3.));
#2722=CARTESIAN_POINT('',(-196.38742793472,-25.7901245928983,-5.));
#2723=CARTESIAN_POINT('',(-196.571094089824,-26.4441877496186,3.));
#2724=CARTESIAN_POINT('',(-196.571094089824,-26.4441877496186,-5.));
#2725=CARTESIAN_POINT('',(-196.8280862955,-26.9809193941109,3.));
#2726=CARTESIAN_POINT('',(-196.8280862955,-26.9809193941109,-5.));
#2727=CARTESIAN_POINT('',(-197.215092093333,-27.4387404904391,3.));
#2728=CARTESIAN_POINT('',(-197.215092093333,-27.4387404904391,-5.));
#2729=CARTESIAN_POINT('',(-197.602097891165,-27.8965615867673,3.));
#2730=CARTESIAN_POINT('',(-197.602097891165,-27.8965615867673,-5.));
#2731=CARTESIAN_POINT('',(-198.119117281154,-28.2754721349314,3.));
#2732=CARTESIAN_POINT('',(-198.119117281154,-28.2754721349314,-5.));
#2733=CARTESIAN_POINT('',(-198.814973568889,-28.6517756509861,3.));
#2734=CARTESIAN_POINT('',(-198.814973568889,-28.6517756509861,-5.));
#2735=CARTESIAN_POINT('',(-199.738490059961,-29.1017756509861,3.));
#2736=CARTESIAN_POINT('',(-199.738490059961,-29.1017756509861,-5.));
#2737=CARTESIAN_POINT('',(-200.938490059961,-29.7017756509861,3.));
#2738=CARTESIAN_POINT('',(-200.938490059961,-29.7017756509861,-5.));
#2739=CARTESIAN_POINT('',(-201.339193441529,-29.9021273417701,3.));
#2740=CARTESIAN_POINT('',(-201.339193441529,-29.9021273417701,-5.));
#2741=CARTESIAN_POINT('',(-201.739372394894,-30.1035278889594,3.));
#2742=CARTESIAN_POINT('',(-201.739372394894,-30.1035278889594,-5.));
#2743=CARTESIAN_POINT('',(-202.097149612433,-29.3879734538802,3.));
#2744=CARTESIAN_POINT('',(-202.097149612433,-29.3879734538802,-5.));
#2745=CARTESIAN_POINT('',(-201.696964317929,-29.1865855889701,3.));
#2746=CARTESIAN_POINT('',(-201.696964317929,-29.1865855889701,-5.));
#2747=CARTESIAN_POINT('',(-201.296260936361,-28.9862338981862,3.));
#2748=CARTESIAN_POINT('',(-201.296260936361,-28.9862338981862,-5.));
#2749=CARTESIAN_POINT('',(-201.131027951088,-28.9036174055497,3.));
#2750=CARTESIAN_POINT('',(-201.131027951088,-28.9036174055497,-5.));
#2751=CARTESIAN_POINT('',(-200.965706785764,-28.8211770598666,3.));
#2752=CARTESIAN_POINT('',(-200.965706785764,-28.8211770598666,-5.));
#2753=CARTESIAN_POINT('',(-200.800359101172,-28.738789737623,3.));
#2754=CARTESIAN_POINT('',(-200.800359101172,-28.738789737623,-5.));
#2755=CARTESIAN_POINT('',(-200.635046558092,-28.6563323153053,3.));
#2756=CARTESIAN_POINT('',(-200.635046558092,-28.6563323153053,-5.));
#2757=CARTESIAN_POINT('',(-200.469830817306,-28.5736816693997,3.));
#2758=CARTESIAN_POINT('',(-200.469830817306,-28.5736816693997,-5.));
#2759=CARTESIAN_POINT('',(-200.350045232839,-28.5137578638395,3.));
#2760=CARTESIAN_POINT('',(-200.350045232839,-28.5137578638395,-5.));
#2761=CARTESIAN_POINT('',(-200.230310533622,-28.4537324880552,3.));
#2762=CARTESIAN_POINT('',(-200.230310533622,-28.4537324880552,-5.));
#2763=CARTESIAN_POINT('',(-200.110677295346,-28.3935057313071,3.));
#2764=CARTESIAN_POINT('',(-200.110677295346,-28.3935057313071,-5.));
#2765=CARTESIAN_POINT('',(-199.991196093698,-28.3329777828552,3.));
#2766=CARTESIAN_POINT('',(-199.991196093698,-28.3329777828552,-5.));
#2767=CARTESIAN_POINT('',(-199.871917504368,-28.2720488319599,3.));
#2768=CARTESIAN_POINT('',(-199.871917504368,-28.2720488319599,-5.));
#2769=CARTESIAN_POINT('',(-199.767850145083,-28.2188899619629,3.));
#2770=CARTESIAN_POINT('',(-199.767850145083,-28.2188899619629,-5.));
#2771=CARTESIAN_POINT('',(-199.663937016178,-28.1654258451802,3.));
#2772=CARTESIAN_POINT('',(-199.663937016178,-28.1654258451802,-5.));
#2773=CARTESIAN_POINT('',(-199.560254947797,-28.1115169469264,3.));
#2774=CARTESIAN_POINT('',(-199.560254947797,-28.1115169469264,-5.));
#2775=CARTESIAN_POINT('',(-199.456880770088,-28.057023732516,3.));
#2776=CARTESIAN_POINT('',(-199.456880770088,-28.057023732516,-5.));
#2777=CARTESIAN_POINT('',(-199.353891313194,-28.0018066672635,3.));
#2778=CARTESIAN_POINT('',(-199.353891313194,-28.0018066672635,-5.));
#2779=CARTESIAN_POINT('',(-199.270422824965,-27.9570556306029,3.));
#2780=CARTESIAN_POINT('',(-199.270422824965,-27.9570556306029,-5.));
#2781=CARTESIAN_POINT('',(-199.187207036738,-27.9118291397912,3.));
#2782=CARTESIAN_POINT('',(-199.187207036738,-27.9118291397912,-5.));
#2783=CARTESIAN_POINT('',(-199.104327257344,-27.8659920983841,3.));
#2784=CARTESIAN_POINT('',(-199.104327257344,-27.8659920983841,-5.));
#2785=CARTESIAN_POINT('',(-199.021866795616,-27.819409409937,3.));
#2786=CARTESIAN_POINT('',(-199.021866795616,-27.819409409937,-5.));
#2787=CARTESIAN_POINT('',(-198.939908960386,-27.7719459780057,3.));
#2788=CARTESIAN_POINT('',(-198.939908960386,-27.7719459780057,-5.));
#2789=CARTESIAN_POINT('',(-198.864220337842,-27.7281131733205,3.));
#2790=CARTESIAN_POINT('',(-198.864220337842,-27.7281131733205,-5.));
#2791=CARTESIAN_POINT('',(-198.7889603878,-27.6835292134239,3.));
#2792=CARTESIAN_POINT('',(-198.7889603878,-27.6835292134239,-5.));
#2793=CARTESIAN_POINT('',(-198.714250572299,-27.6380327555286,3.));
#2794=CARTESIAN_POINT('',(-198.714250572299,-27.6380327555286,-5.));
#2795=CARTESIAN_POINT('',(-198.640212353378,-27.5914624568471,3.));
#2796=CARTESIAN_POINT('',(-198.640212353378,-27.5914624568471,-5.));
#2797=CARTESIAN_POINT('',(-198.566967193075,-27.5436569745918,3.));
#2798=CARTESIAN_POINT('',(-198.566967193075,-27.5436569745918,-5.));
#2799=CARTESIAN_POINT('',(-198.504854624105,-27.5031174863649,3.));
#2800=CARTESIAN_POINT('',(-198.504854624105,-27.5031174863649,-5.));
#2801=CARTESIAN_POINT('',(-198.443312359119,-27.46168975344,3.));
#2802=CARTESIAN_POINT('',(-198.443312359119,-27.46168975344,-5.));
#2803=CARTESIAN_POINT('',(-198.38249401099,-27.4192111619494,3.));
#2804=CARTESIAN_POINT('',(-198.38249401099,-27.4192111619494,-5.));
#2805=CARTESIAN_POINT('',(-198.322553192591,-27.3755190980254,3.));
#2806=CARTESIAN_POINT('',(-198.322553192591,-27.3755190980254,-5.));
#2807=CARTESIAN_POINT('',(-198.263643516797,-27.3304509478003,3.));
#2808=CARTESIAN_POINT('',(-198.263643516797,-27.3304509478003,-5.));
#2809=CARTESIAN_POINT('',(-198.213313078372,-27.2919462415835,3.));
#2810=CARTESIAN_POINT('',(-198.213313078372,-27.2919462415835,-5.));
#2811=CARTESIAN_POINT('',(-198.16373531391,-27.2524370726225,3.));
#2812=CARTESIAN_POINT('',(-198.16373531391,-27.2524370726225,-5.));
#2813=CARTESIAN_POINT('',(-198.115081053653,-27.2117988153054,3.));
#2814=CARTESIAN_POINT('',(-198.115081053653,-27.2117988153054,-5.));
#2815=CARTESIAN_POINT('',(-198.067521127843,-27.1699068440202,3.));
#2816=CARTESIAN_POINT('',(-198.067521127843,-27.1699068440202,-5.));
#2817=CARTESIAN_POINT('',(-198.021226366723,-27.1266365331549,3.));
#2818=CARTESIAN_POINT('',(-198.021226366723,-27.1266365331549,-5.));
#2819=CARTESIAN_POINT('',(-197.980070890182,-27.0881697559075,3.));
#2820=CARTESIAN_POINT('',(-197.980070890182,-27.0881697559075,-5.));
#2821=CARTESIAN_POINT('',(-197.939915272358,-27.0486136779117,3.));
#2822=CARTESIAN_POINT('',(-197.939915272358,-27.0486136779117,-5.));
#2823=CARTESIAN_POINT('',(-197.90088715558,-27.0079394230885,3.));
#2824=CARTESIAN_POINT('',(-197.90088715558,-27.0079394230885,-5.));
#2825=CARTESIAN_POINT('',(-197.863114182182,-26.9661181153586,3.));
#2826=CARTESIAN_POINT('',(-197.863114182182,-26.9661181153586,-5.));
#2827=CARTESIAN_POINT('',(-197.826723994494,-26.9231208786427,3.));
#2828=CARTESIAN_POINT('',(-197.826723994494,-26.9231208786427,-5.));
#2829=CARTESIAN_POINT('',(-197.791758627342,-26.8818071547011,3.));
#2830=CARTESIAN_POINT('',(-197.791758627342,-26.8818071547011,-5.));
#2831=CARTESIAN_POINT('',(-197.75806988264,-26.8394077836252,3.));
#2832=CARTESIAN_POINT('',(-197.75806988264,-26.8394077836252,-5.));
#2833=CARTESIAN_POINT('',(-197.725680939817,-26.7959927800882,3.));
#2834=CARTESIAN_POINT('',(-197.725680939817,-26.7959927800882,-5.));
#2835=CARTESIAN_POINT('',(-197.694614978304,-26.7516321587633,3.));
#2836=CARTESIAN_POINT('',(-197.694614978304,-26.7516321587633,-5.));
#2837=CARTESIAN_POINT('',(-197.664895177528,-26.7063959343236,3.));
#2838=CARTESIAN_POINT('',(-197.664895177528,-26.7063959343236,-5.));
#2839=CARTESIAN_POINT('',(-197.633648910718,-26.6588362905368,3.));
#2840=CARTESIAN_POINT('',(-197.633648910718,-26.6588362905368,-5.));
#2841=CARTESIAN_POINT('',(-197.603890638681,-26.6103087884388,3.));
#2842=CARTESIAN_POINT('',(-197.603890638681,-26.6103087884388,-5.));
#2843=CARTESIAN_POINT('',(-197.575534456251,-26.5609319980216,3.));
#2844=CARTESIAN_POINT('',(-197.575534456251,-26.5609319980216,-5.));
#2845=CARTESIAN_POINT('',(-197.548494458259,-26.5108244892776,3.));
#2846=CARTESIAN_POINT('',(-197.548494458259,-26.5108244892776,-5.));
#2847=CARTESIAN_POINT('',(-197.52268473954,-26.460104832199,3.));
#2848=CARTESIAN_POINT('',(-197.52268473954,-26.460104832199,-5.));
#2849=CARTESIAN_POINT('',(-197.494004735484,-26.4037446685531,3.));
#2850=CARTESIAN_POINT('',(-197.494004735484,-26.4037446685531,-5.));
#2851=CARTESIAN_POINT('',(-197.466843863669,-26.3466286324056,3.));
#2852=CARTESIAN_POINT('',(-197.466843863669,-26.3466286324056,-5.));
#2853=CARTESIAN_POINT('',(-197.441063950506,-26.288864633983,3.));
#2854=CARTESIAN_POINT('',(-197.441063950506,-26.288864633983,-5.));
#2855=CARTESIAN_POINT('',(-197.416526822407,-26.2305605835115,3.));
#2856=CARTESIAN_POINT('',(-197.416526822407,-26.2305605835115,-5.));
#2857=CARTESIAN_POINT('',(-197.393094305785,-26.1718243912177,3.));
#2858=CARTESIAN_POINT('',(-197.393094305785,-26.1718243912177,-5.));
#2859=CARTESIAN_POINT('',(-197.366467724026,-26.105081921703,3.));
#2860=CARTESIAN_POINT('',(-197.366467724026,-26.105081921703,-5.));
#2861=CARTESIAN_POINT('',(-197.341267414794,-26.0377814713761,3.));
#2862=CARTESIAN_POINT('',(-197.341267414794,-26.0377814713761,-5.));
#2863=CARTESIAN_POINT('',(-197.317338371903,-25.9700097167923,3.));
#2864=CARTESIAN_POINT('',(-197.317338371903,-25.9700097167923,-5.));
#2865=CARTESIAN_POINT('',(-197.294525589169,-25.9018533345071,3.));
#2866=CARTESIAN_POINT('',(-197.294525589169,-25.9018533345071,-5.));
#2867=CARTESIAN_POINT('',(-197.272674060408,-25.8333990010759,3.));
#2868=CARTESIAN_POINT('',(-197.272674060408,-25.8333990010759,-5.));
#2869=CARTESIAN_POINT('',(-197.24770381312,-25.7551746510842,3.));
#2870=CARTESIAN_POINT('',(-197.24770381312,-25.7551746510842,-5.));
#2871=CARTESIAN_POINT('',(-197.223988786791,-25.6765612316753,3.));
#2872=CARTESIAN_POINT('',(-197.223988786791,-25.6765612316753,-5.));
#2873=CARTESIAN_POINT('',(-197.201347601949,-25.597626734598,3.));
#2874=CARTESIAN_POINT('',(-197.201347601949,-25.597626734598,-5.));
#2875=CARTESIAN_POINT('',(-197.179598879127,-25.5184391516012,3.));
#2876=CARTESIAN_POINT('',(-197.179598879127,-25.5184391516012,-5.));
#2877=CARTESIAN_POINT('',(-197.158561238854,-25.4390664744339,3.));
#2878=CARTESIAN_POINT('',(-197.158561238854,-25.4390664744339,-5.));
#2879=CARTESIAN_POINT('',(-197.134753003223,-25.3492406490958,3.));
#2880=CARTESIAN_POINT('',(-197.134753003223,-25.3492406490958,-5.));
#2881=CARTESIAN_POINT('',(-197.111855478202,-25.2591777665766,3.));
#2882=CARTESIAN_POINT('',(-197.111855478202,-25.2591777665766,-5.));
#2883=CARTESIAN_POINT('',(-197.089744141565,-25.1689164133934,3.));
#2884=CARTESIAN_POINT('',(-197.089744141565,-25.1689164133934,-5.));
#2885=CARTESIAN_POINT('',(-197.068294471088,-25.0784951760633,3.));
#2886=CARTESIAN_POINT('',(-197.068294471088,-25.0784951760633,-5.));
#2887=CARTESIAN_POINT('',(-197.047381944547,-24.9879526411034,3.));
#2888=CARTESIAN_POINT('',(-197.047381944547,-24.9879526411034,-5.));
#2889=CARTESIAN_POINT('',(-197.023801964008,-24.8858611406763,3.));
#2890=CARTESIAN_POINT('',(-197.023801964008,-24.8858611406763,-5.));
#2891=CARTESIAN_POINT('',(-197.000904895165,-24.7836154254016,3.));
#2892=CARTESIAN_POINT('',(-197.000904895165,-24.7836154254016,-5.));
#2893=CARTESIAN_POINT('',(-196.978534338256,-24.6812520235301,3.));
#2894=CARTESIAN_POINT('',(-196.978534338256,-24.6812520235301,-5.));
#2895=CARTESIAN_POINT('',(-196.956533893515,-24.5788074633131,3.));
#2896=CARTESIAN_POINT('',(-196.956533893515,-24.5788074633131,-5.));
#2897=CARTESIAN_POINT('',(-196.93474716118,-24.4763182730013,3.));
#2898=CARTESIAN_POINT('',(-196.93474716118,-24.4763182730013,-5.));
#2899=CARTESIAN_POINT('',(-196.90286698575,-24.3263474872713,3.));
#2900=CARTESIAN_POINT('',(-196.90286698575,-24.3263474872713,-5.));
#2901=CARTESIAN_POINT('',(-196.871444411296,-24.1762811395881,3.));
#2902=CARTESIAN_POINT('',(-196.871444411296,-24.1762811395881,-5.));
#2903=CARTESIAN_POINT('',(-196.840326839783,-24.0261510975768,3.));
#2904=CARTESIAN_POINT('',(-196.840326839783,-24.0261510975768,-5.));
#2905=CARTESIAN_POINT('',(-196.809361673173,-23.8759892288626,3.));
#2906=CARTESIAN_POINT('',(-196.809361673173,-23.8759892288626,-5.));
#2907=CARTESIAN_POINT('',(-196.778396313432,-23.7258274010705,3.));
#2908=CARTESIAN_POINT('',(-196.778396313432,-23.7258274010705,-5.));
#2909=CARTESIAN_POINT('',(-196.034909765785,-20.1204018588454,3.));
#2910=CARTESIAN_POINT('',(-196.034909765785,-20.1204018588454,-5.));
#2911=CARTESIAN_POINT('',(-195.291311879293,-16.5149999079658,3.));
#2912=CARTESIAN_POINT('',(-195.291311879293,-16.5149999079658,-5.));
#2913=CARTESIAN_POINT('',(-194.54765347092,-12.9096107810227,3.));
#2914=CARTESIAN_POINT('',(-194.54765347092,-12.9096107810227,-5.));
#2915=CARTESIAN_POINT('',(-193.803985357673,-9.30422371059899,3.));
#2916=CARTESIAN_POINT('',(-193.803985357673,-9.30422371059899,-5.));
#2917=CARTESIAN_POINT('',(-193.060358356524,-5.69882792928338,3.));
#2918=CARTESIAN_POINT('',(-193.060358356524,-5.69882792928338,-5.));
#2919=CARTESIAN_POINT('',(-192.9698614542,-5.2600634016951,3.));
#2920=CARTESIAN_POINT('',(-192.9698614542,-5.2600634016951,-5.));
#2921=CARTESIAN_POINT('',(-192.879365161426,-4.82129874838457,3.));
#2922=CARTESIAN_POINT('',(-192.879365161426,-4.82129874838457,-5.));
#2923=CARTESIAN_POINT('',(-192.095856466896,-4.98290048539978,3.));
#2924=CARTESIAN_POINT('',(-192.095856466896,-4.98290048539978,-5.));
#2925=CARTESIAN_POINT('',(-192.18635336922,-5.42166501298804,3.));
#2926=CARTESIAN_POINT('',(-192.18635336922,-5.42166501298804,-5.));
#2927=CARTESIAN_POINT('',(-192.276850271545,-5.86042954057631,3.));
#2928=CARTESIAN_POINT('',(-192.276850271545,-5.86042954057631,-5.));
#2929=CARTESIAN_POINT('',(-198.999987614138,63.6749999999954,-5.));
#2930=CARTESIAN_POINT('',(-229.933782247249,75.6749999999995,-1.));
#2931=CARTESIAN_POINT('',(-233.947228659819,64.3660545189465,-5.));
#2932=CARTESIAN_POINT('',(-273.93916004858,83.8643776767846,-1.));
#2933=CARTESIAN_POINT('',(-278.728291474686,82.4276382489528,-5.));
#2934=CARTESIAN_POINT('',(-282.488061301782,87.9999999999999,-0.999999999999999));
#2935=CARTESIAN_POINT('',(-282.488061301782,90.,-5.));
#2936=CARTESIAN_POINT('',(-282.668777471082,87.9999999999999,-1.));
#2937=CARTESIAN_POINT('',(-284.645520866383,87.695885631492,-5.));
#2938=CARTESIAN_POINT('',(-278.436252175026,80.2180052325844,-1.));
#2939=CARTESIAN_POINT('',(-280.8119967487,75.8184782442982,-5.));
#2940=CARTESIAN_POINT('',(-187.973849727609,164.33714786982,-0.999999999999961));
#2941=CARTESIAN_POINT('',(-225.147072144703,35.5965111806645,-1.));
#2942=CARTESIAN_POINT('',(-213.326088793355,37.6615420780476,-5.));
#2943=CARTESIAN_POINT('',(-200.797739998727,-4.99999999999996,-1.));
#2944=CARTESIAN_POINT('',(-200.797739998727,-9.99999999999999,-5.));
#2945=CARTESIAN_POINT('',(-197.202260001273,-4.99999999999997,-1.));
#2946=CARTESIAN_POINT('',(-192.276850271545,-5.86042954057631,-5.));
#2947=CARTESIAN_POINT('',(-178.760925051456,42.4543569990183,-1.));
#2948=CARTESIAN_POINT('',(-181.83636998645,46.3966454780391,-5.));
#2949=CARTESIAN_POINT('',(-174.84172321122,55.6581825754013,-1.));
#2950=CARTESIAN_POINT('',(-198.999999999995,9.17740198653456E-12,-1.00000000000001));
#2951=CARTESIAN_POINT('',(-201.,61.,14.5960273383062));
#2952=CARTESIAN_POINT('',(-197.,69.,14.5960273383062));
#2953=CARTESIAN_POINT('',(-158.381376808756,37.869878768796,-1.));
#2954=CARTESIAN_POINT('',(-158.719499320477,39.5267642454532,-1.));
#2955=CARTESIAN_POINT('',(-159.68700041406,42.8591991442107,-1.));
#2956=CARTESIAN_POINT('',(-161.985348560269,47.6351040604969,-1.));
#2957=CARTESIAN_POINT('',(-165.163014745771,52.0780443343468,-1.));
#2958=CARTESIAN_POINT('',(-169.131422918669,55.9537854842865,-1.));
#2959=CARTESIAN_POINT('',(-173.722580856024,59.0668962007777,-1.));
#2960=CARTESIAN_POINT('',(-178.711209589486,61.291742836675,-1.));
#2961=CARTESIAN_POINT('',(-183.850353377169,62.5884994448346,-1.));
#2962=CARTESIAN_POINT('',(-187.30893013553,62.8699628575293,-1.));
#2963=CARTESIAN_POINT('',(-189.000000061866,62.8698787687959,-1.));
#2964=CARTESIAN_POINT('',(-158.381376808756,37.8698787687959,0.25));
#2965=CARTESIAN_POINT('',(-158.719499320477,39.5267642454532,0.25));
#2966=CARTESIAN_POINT('',(-159.68700041406,42.8591991442107,0.249999999999999));
#2967=CARTESIAN_POINT('',(-161.985348560269,47.6351040604969,0.25));
#2968=CARTESIAN_POINT('',(-165.163014745771,52.0780443343468,0.25));
#2969=CARTESIAN_POINT('',(-169.131422918669,55.9537854842864,0.25));
#2970=CARTESIAN_POINT('',(-173.722580856024,59.0668962007777,0.25));
#2971=CARTESIAN_POINT('',(-178.711209589486,61.2917428366751,0.25));
#2972=CARTESIAN_POINT('',(-183.850353377169,62.5884994448347,0.25));
#2973=CARTESIAN_POINT('',(-187.30893013553,62.8699628575293,0.25));
#2974=CARTESIAN_POINT('',(-189.000000061866,62.8698787687959,0.25));
#2975=CARTESIAN_POINT('',(-159.606121680148,37.6198787687959,0.25));
#2976=CARTESIAN_POINT('',(-159.930719291396,39.2104888263847,0.25));
#2977=CARTESIAN_POINT('',(-160.859520341604,42.4096263308643,0.25));
#2978=CARTESIAN_POINT('',(-163.065934565428,46.9944950562342,0.25));
#2979=CARTESIAN_POINT('',(-166.116494110973,51.2597177258629,0.25));
#2980=CARTESIAN_POINT('',(-169.926165968091,54.9804292348772,0.25));
#2981=CARTESIAN_POINT('',(-174.333677601,57.9690155239764,0.25));
#2982=CARTESIAN_POINT('',(-179.122761197393,60.1048682910272,0.25));
#2983=CARTESIAN_POINT('',(-184.056339242318,61.3497546274476,0.249999999999999));
#2984=CARTESIAN_POINT('',(-187.376572932587,61.6199594971614,0.250000000000001));
#2985=CARTESIAN_POINT('',(-189.000000061866,61.6198787687959,0.25));
#2986=CARTESIAN_POINT('',(-160.830866551539,37.3698787687959,0.25));
#2987=CARTESIAN_POINT('',(-161.141939262315,38.8942134073162,0.25));
#2988=CARTESIAN_POINT('',(-162.032040269149,41.9600535175178,0.249999999999999));
#2989=CARTESIAN_POINT('',(-164.146520570587,46.3538860519715,0.25));
#2990=CARTESIAN_POINT('',(-167.069973476175,50.4413911173789,0.25));
#2991=CARTESIAN_POINT('',(-170.720909017513,54.007072985468,0.25));
#2992=CARTESIAN_POINT('',(-174.944774345975,56.871134847175,0.25));
#2993=CARTESIAN_POINT('',(-179.534312805301,58.9179937453794,0.25));
#2994=CARTESIAN_POINT('',(-184.262325107468,60.1110098100606,0.25));
#2995=CARTESIAN_POINT('',(-187.444215729643,60.3699561367935,0.25));
#2996=CARTESIAN_POINT('',(-189.000000061866,60.3698787687959,0.25));
#2997=CARTESIAN_POINT('',(-160.830866551539,37.3698787687959,-1.));
#2998=CARTESIAN_POINT('',(-161.141939262315,38.8942134073162,-1.));
#2999=CARTESIAN_POINT('',(-162.032040269149,41.9600535175178,-1.));
#3000=CARTESIAN_POINT('',(-164.146520570587,46.3538860519715,-1.));
#3001=CARTESIAN_POINT('',(-167.069973476175,50.4413911173789,-1.));
#3002=CARTESIAN_POINT('',(-170.720909017513,54.007072985468,-1.));
#3003=CARTESIAN_POINT('',(-174.944774345975,56.871134847175,-1.));
#3004=CARTESIAN_POINT('',(-179.534312805301,58.9179937453794,-1.));
#3005=CARTESIAN_POINT('',(-184.262325107468,60.1110098100606,-1.));
#3006=CARTESIAN_POINT('',(-187.444215729643,60.3699561367935,-1.));
#3007=CARTESIAN_POINT('',(-189.000000061866,60.3698787687959,-1.));
#3008=CARTESIAN_POINT('',(-160.830866551539,37.3698787687959,-2.25));
#3009=CARTESIAN_POINT('',(-161.141939262315,38.8942134073162,-2.25));
#3010=CARTESIAN_POINT('',(-162.032040269149,41.9600535175178,-2.25));
#3011=CARTESIAN_POINT('',(-164.146520570587,46.3538860519715,-2.25));
#3012=CARTESIAN_POINT('',(-167.069973476175,50.4413911173789,-2.25));
#3013=CARTESIAN_POINT('',(-170.720909017513,54.007072985468,-2.25));
#3014=CARTESIAN_POINT('',(-174.944774345975,56.871134847175,-2.25));
#3015=CARTESIAN_POINT('',(-179.534312805301,58.9179937453794,-2.25));
#3016=CARTESIAN_POINT('',(-184.262325107468,60.1110098100606,-2.25));
#3017=CARTESIAN_POINT('',(-187.444215729643,60.3699561367935,-2.25));
#3018=CARTESIAN_POINT('',(-189.000000061866,60.3698787687959,-2.25));
#3019=CARTESIAN_POINT('',(-159.606121680148,37.6198787687959,-2.25));
#3020=CARTESIAN_POINT('',(-159.930719291396,39.2104888263847,-2.25));
#3021=CARTESIAN_POINT('',(-160.859520341604,42.4096263308643,-2.25));
#3022=CARTESIAN_POINT('',(-163.065934565428,46.9944950562342,-2.25));
#3023=CARTESIAN_POINT('',(-166.116494110973,51.2597177258629,-2.25));
#3024=CARTESIAN_POINT('',(-169.926165968091,54.9804292348772,-2.25));
#3025=CARTESIAN_POINT('',(-174.333677601,57.9690155239764,-2.25));
#3026=CARTESIAN_POINT('',(-179.122761197393,60.1048682910272,-2.25));
#3027=CARTESIAN_POINT('',(-184.056339242318,61.3497546274476,-2.25));
#3028=CARTESIAN_POINT('',(-187.376572932587,61.6199594971614,-2.25));
#3029=CARTESIAN_POINT('',(-189.000000061866,61.6198787687959,-2.25));
#3030=CARTESIAN_POINT('',(-158.381376808756,37.8698787687959,-2.25));
#3031=CARTESIAN_POINT('',(-158.719499320477,39.5267642454532,-2.25));
#3032=CARTESIAN_POINT('',(-159.68700041406,42.8591991442107,-2.25));
#3033=CARTESIAN_POINT('',(-161.985348560269,47.6351040604969,-2.25));
#3034=CARTESIAN_POINT('',(-165.163014745771,52.0780443343468,-2.25));
#3035=CARTESIAN_POINT('',(-169.131422918669,55.9537854842864,-2.25));
#3036=CARTESIAN_POINT('',(-173.722580856024,59.0668962007777,-2.25));
#3037=CARTESIAN_POINT('',(-178.711209589486,61.291742836675,-2.25));
#3038=CARTESIAN_POINT('',(-183.850353377169,62.5884994448346,-2.25));
#3039=CARTESIAN_POINT('',(-187.30893013553,62.8699628575293,-2.25));
#3040=CARTESIAN_POINT('',(-189.000000061866,62.8698787687959,-2.25));
#3041=CARTESIAN_POINT('',(-158.381376808756,37.869878768796,-1.));
#3042=CARTESIAN_POINT('',(-158.719499320477,39.5267642454532,-1.));
#3043=CARTESIAN_POINT('',(-159.68700041406,42.8591991442107,-1.));
#3044=CARTESIAN_POINT('',(-161.985348560269,47.6351040604969,-1.));
#3045=CARTESIAN_POINT('',(-165.163014745771,52.0780443343468,-1.));
#3046=CARTESIAN_POINT('',(-169.131422918669,55.9537854842865,-1.));
#3047=CARTESIAN_POINT('',(-173.722580856024,59.0668962007777,-1.));
#3048=CARTESIAN_POINT('',(-178.711209589486,61.291742836675,-1.));
#3049=CARTESIAN_POINT('',(-183.850353377169,62.5884994448346,-1.));
#3050=CARTESIAN_POINT('',(-187.30893013553,62.8699628575293,-1.));
#3051=CARTESIAN_POINT('',(-189.000000061866,62.8698787687959,-1.));
#3052=CARTESIAN_POINT('',(-199.999999327706,61.6198787687959,-1.));
#3053=CARTESIAN_POINT('',(-199.,60.,-1.));
#3054=CARTESIAN_POINT('',(-199.,0.,-1.));
#3055=CARTESIAN_POINT('',(-298.772159253565,-22.5,-5.));
#3056=CARTESIAN_POINT('',(-298.772159253565,-22.5,3.));
#3057=CARTESIAN_POINT('',(-211.,61.6198787687959,-2.25));
#3058=CARTESIAN_POINT('',(-189.000001468321,67.9999999999593,-2.25));
#3059=CARTESIAN_POINT('',(-189.000001468321,61.6198787687552,0.25));
#3060=CARTESIAN_POINT('',(-211.,68.,-2.25));
#3061=CARTESIAN_POINT('',(-211.,61.6198787687959,0.25));
#3062=CARTESIAN_POINT('',(-211.,68.,-2.25));
#3063=CARTESIAN_POINT('',(-211.,61.6198787687959,0.25));
#3064=CARTESIAN_POINT('',(-210.999998593546,62.8698787687959,-2.25));
#3065=CARTESIAN_POINT('',(-190.92228982745,-2.10032576474186,3.));
#3066=CARTESIAN_POINT('',(-190.92228982745,-2.10032576474186,-5.));
#3067=CARTESIAN_POINT('',(-201.,61.,14.5960273383062));
#3068=CARTESIAN_POINT('',(-197.,69.,14.5960273383062));
#3069=CARTESIAN_POINT('',(-199.999999327706,61.6198787687959,-1.));
#3070=CARTESIAN_POINT('',(-199.,60.,-1.));
#3071=CARTESIAN_POINT('',(-192.276850271545,-5.86042954057631,3.));
#3072=CARTESIAN_POINT('',(-196.0133236099,-23.9763198865181,3.));
#3073=CARTESIAN_POINT('',(-196.0133236099,-23.9763198865181,-5.));
#3074=CARTESIAN_POINT('',(-192.276850271545,-5.86042954057631,-5.));
#3075=CARTESIAN_POINT('',(-229.933782247251,63.6749999999997,-5.));
#3076=CARTESIAN_POINT('',(-229.933782247251,63.6749999999997,3.));
#3077=CARTESIAN_POINT('',(-233.947228659819,64.3660545189465,-5.));
#3078=CARTESIAN_POINT('',(-233.947228659819,64.3660545189465,3.));
#3079=CARTESIAN_POINT('',(-275.611429387151,79.1523170596791,-5.));
#3080=CARTESIAN_POINT('',(-275.611429387151,79.1523170596791,3.));
#3081=CARTESIAN_POINT('',(-278.728291474686,82.4276382489528,-5.));
#3082=CARTESIAN_POINT('',(-278.728291474686,82.4276382489528,3.));
#3083=CARTESIAN_POINT('',(-280.57240873134,88.5746957711326,-5.));
#3084=CARTESIAN_POINT('',(-280.57240873134,88.5746957711326,3.));
#3085=CARTESIAN_POINT('',(-282.488061301782,90.,-5.));
#3086=CARTESIAN_POINT('',(-282.488061301782,90.,3.));
#3087=CARTESIAN_POINT('',(-282.668777471082,90.,-5.));
#3088=CARTESIAN_POINT('',(-282.668777471082,90.,3.));
#3089=CARTESIAN_POINT('',(-284.645520866383,87.695885631492,-5.));
#3090=CARTESIAN_POINT('',(-284.645520866383,87.695885631492,3.));
#3091=CARTESIAN_POINT('',(-283.378110663279,79.4577193113143,-5.));
#3092=CARTESIAN_POINT('',(-283.378110663279,79.4577193113143,3.));
#3093=CARTESIAN_POINT('',(-280.8119967487,75.8184782442982,-5.));
#3094=CARTESIAN_POINT('',(-280.8119967487,75.8184782442982,3.));
#3095=CARTESIAN_POINT('',(-245.942017325265,56.988689355643,-5.));
#3096=CARTESIAN_POINT('',(-245.942017325265,56.988689355643,3.));
#3097=CARTESIAN_POINT('',(-221.81812685362,47.1255234214845,-5.));
#3098=CARTESIAN_POINT('',(-221.81812685362,47.1255234214845,3.));
#3099=CARTESIAN_POINT('',(-213.326088793355,37.6615420780476,-5.));
#3100=CARTESIAN_POINT('',(-213.326088793355,37.6615420780476,3.));
#3101=CARTESIAN_POINT('',(-205.723149728455,-5.86042954057628,-5.));
#3102=CARTESIAN_POINT('',(-205.723149728455,-5.86042954057628,3.));
#3103=CARTESIAN_POINT('',(-200.797739998727,-9.99999999999999,-5.));
#3104=CARTESIAN_POINT('',(-200.797739998727,-9.99999999999999,3.));
#3105=CARTESIAN_POINT('',(-197.202260001273,-10.,-5.));
#3106=CARTESIAN_POINT('',(-197.202260001273,-10.,3.));
#3107=CARTESIAN_POINT('',(-183.686334781185,43.3147865395948,-5.));
#3108=CARTESIAN_POINT('',(-183.686334781185,43.3147865395948,3.));
#3109=CARTESIAN_POINT('',(-181.83636998645,46.3966454780391,-5.));
#3110=CARTESIAN_POINT('',(-181.83636998645,46.3966454780391,3.));
#3111=CARTESIAN_POINT('',(-172.996456250224,53.2928094879889,-5.));
#3112=CARTESIAN_POINT('',(-172.996456250224,53.2928094879889,3.));
#3113=CARTESIAN_POINT('',(-173.647247226608,58.4101322701059,-5.));
#3114=CARTESIAN_POINT('',(-173.647247226608,58.4101322701059,3.));
#3115=CARTESIAN_POINT('',(-201.,63.6749999999957,3.));
#3116=CARTESIAN_POINT('',(-201.,63.6749999999957,-5.));
#3117=CARTESIAN_POINT('',(-197.,63.643582747987,-5.));
#3118=CARTESIAN_POINT('',(-197.,63.643582747987,3.));
#3119=CARTESIAN_POINT('',(-211.,61.6198787687959,-2.25));
#3120=CARTESIAN_POINT('',(-211.,61.6198787687959,0.25));
#3121=CARTESIAN_POINT('',(-189.000001468321,61.6198787687552,-2.25));
#3122=CARTESIAN_POINT('',(-189.000001468321,61.6198787687552,0.25));
#3123=CARTESIAN_POINT('',(-211.,63.6749999999971,-2.25));
#3124=CARTESIAN_POINT('',(-211.,63.6749999999971,0.25));
#3125=CARTESIAN_POINT('',(-201.,63.6749999999957,-2.25));
#3126=CARTESIAN_POINT('',(-201.,63.6749999999957,0.25));
#3127=CARTESIAN_POINT('',(-171.905366828171,56.2728460538407,-2.25));
#3128=CARTESIAN_POINT('',(-173.647247226608,58.4101322701059,-2.25));
#3129=CARTESIAN_POINT('',(-173.647247226608,58.4101322701059,0.25));
#3130=CARTESIAN_POINT('',(-171.905366828171,56.2728460538407,0.25));
#3131=CARTESIAN_POINT('',(-189.000001468321,62.8848602953552,-2.25));
#3132=CARTESIAN_POINT('',(-189.000001468321,62.8848602953552,0.25));
#3133=CARTESIAN_POINT('',(-197.,63.643582747987,-2.25));
#3134=CARTESIAN_POINT('',(-197.,63.643582747987,0.250000000000001));
#3135=CARTESIAN_POINT('',(-195.325,60.,-5.));
#3136=CARTESIAN_POINT('',(-201.,63.083119361945,-5.));
#3137=CARTESIAN_POINT('',(-197.,63.083119361945,-5.));
#3138=CARTESIAN_POINT('',(-195.325,60.,3.));
#3139=CARTESIAN_POINT('',(-201.,63.083119361945,3.));
#3140=CARTESIAN_POINT('',(-197.,63.083119361945,3.));
#3141=CARTESIAN_POINT('',(-197.,63.083119361945,-2.25));
#3142=CARTESIAN_POINT('',(-195.701270278661,61.6198787687822,-2.25));
#3143=CARTESIAN_POINT('',(-201.,63.083119361945,0.249999999999999));
#3144=CARTESIAN_POINT('',(-202.298729721334,61.6198787687934,0.250000000000002));
#3145=CARTESIAN_POINT('',(-201.,63.083119361945,-2.25));
#3146=CARTESIAN_POINT('',(-202.298729721334,61.6198787687934,-2.25));
#3147=CARTESIAN_POINT('',(-195.701270278661,61.6198787687822,0.25));
#3148=CARTESIAN_POINT('',(-197.,63.083119361945,0.25));
#3149=CARTESIAN_POINT('',(-199.,3.,-5.));
#3150=CARTESIAN_POINT('',(-199.,3.,3.));
#3151=CARTESIAN_POINT('',(-193.639866098952,-8.50846828184425,3.));
#3152=CARTESIAN_POINT('',(-193.639866098952,-8.50846828184425,-5.));
#3153=CARTESIAN_POINT('',(-192.239455677165,-5.6463693648731,-5.));
#3154=CARTESIAN_POINT('',(-192.239455677165,-5.6463693648731,3.));
#3155=CARTESIAN_POINT('',(-196.0133236099,-23.9763198865181,3.));
#3156=CARTESIAN_POINT('',(-196.0133236099,-23.9763198865181,-5.));
#3157=CARTESIAN_POINT('',(-192.276850271545,-5.86042954057631,-5.));
#3158=CARTESIAN_POINT('',(-192.276850271545,-5.86042954057631,3.));
#3159=CARTESIAN_POINT('',(-196.0133236099,-23.9763198865181,3.));
#3160=CARTESIAN_POINT('',(-196.220400288606,-24.9803089598861,3.));
#3161=CARTESIAN_POINT('',(-196.38742793472,-25.7901245928983,3.));
#3162=CARTESIAN_POINT('',(-196.571094089824,-26.4441877496186,3.));
#3163=CARTESIAN_POINT('',(-196.8280862955,-26.9809193941109,3.));
#3164=CARTESIAN_POINT('',(-197.215092093333,-27.4387404904391,3.));
#3165=CARTESIAN_POINT('',(-197.602097891165,-27.8965615867673,3.));
#3166=CARTESIAN_POINT('',(-198.119117281154,-28.2754721349314,3.));
#3167=CARTESIAN_POINT('',(-198.814973568889,-28.6517756509861,3.));
#3168=CARTESIAN_POINT('',(-199.738490059961,-29.1017756509861,3.));
#3169=CARTESIAN_POINT('',(-200.938490059961,-29.7017756509861,3.));
#3170=CARTESIAN_POINT('',(-201.339193441529,-29.9021273417701,3.));
#3171=CARTESIAN_POINT('',(-201.739372394894,-30.1035278889594,3.));
#3172=CARTESIAN_POINT('',(-202.097149612433,-29.3879734538802,3.));
#3173=CARTESIAN_POINT('',(-201.696964317929,-29.1865855889701,3.));
#3174=CARTESIAN_POINT('',(-201.296260936361,-28.9862338981862,3.));
#3175=CARTESIAN_POINT('',(-201.131027951088,-28.9036174055497,3.));
#3176=CARTESIAN_POINT('',(-200.965706785764,-28.8211770598666,3.));
#3177=CARTESIAN_POINT('',(-200.800359101172,-28.7387897376231,3.));
#3178=CARTESIAN_POINT('',(-200.635046558092,-28.6563323153053,3.));
#3179=CARTESIAN_POINT('',(-200.469830817306,-28.5736816693997,3.));
#3180=CARTESIAN_POINT('',(-200.350045232839,-28.5137578638395,3.));
#3181=CARTESIAN_POINT('',(-200.230310533622,-28.4537324880552,3.));
#3182=CARTESIAN_POINT('',(-200.110677295346,-28.3935057313071,3.));
#3183=CARTESIAN_POINT('',(-199.991196093698,-28.3329777828552,3.));
#3184=CARTESIAN_POINT('',(-199.871917504368,-28.2720488319599,3.));
#3185=CARTESIAN_POINT('',(-199.767850145083,-28.2188899619629,3.));
#3186=CARTESIAN_POINT('',(-199.663937016178,-28.1654258451802,3.));
#3187=CARTESIAN_POINT('',(-199.560254947797,-28.1115169469264,3.));
#3188=CARTESIAN_POINT('',(-199.456880770088,-28.057023732516,3.));
#3189=CARTESIAN_POINT('',(-199.353891313194,-28.0018066672635,3.));
#3190=CARTESIAN_POINT('',(-199.270422824965,-27.9570556306029,3.));
#3191=CARTESIAN_POINT('',(-199.187207036738,-27.9118291397912,3.));
#3192=CARTESIAN_POINT('',(-199.104327257344,-27.8659920983841,3.));
#3193=CARTESIAN_POINT('',(-199.021866795616,-27.819409409937,3.));
#3194=CARTESIAN_POINT('',(-198.939908960386,-27.7719459780057,3.));
#3195=CARTESIAN_POINT('',(-198.864220337842,-27.7281131733205,3.));
#3196=CARTESIAN_POINT('',(-198.7889603878,-27.6835292134239,3.));
#3197=CARTESIAN_POINT('',(-198.714250572299,-27.6380327555286,3.));
#3198=CARTESIAN_POINT('',(-198.640212353378,-27.5914624568471,3.));
#3199=CARTESIAN_POINT('',(-198.566967193075,-27.5436569745919,3.));
#3200=CARTESIAN_POINT('',(-198.504854624105,-27.5031174863649,3.));
#3201=CARTESIAN_POINT('',(-198.443312359119,-27.46168975344,3.));
#3202=CARTESIAN_POINT('',(-198.38249401099,-27.4192111619495,3.));
#3203=CARTESIAN_POINT('',(-198.322553192591,-27.3755190980254,3.));
#3204=CARTESIAN_POINT('',(-198.263643516797,-27.3304509478003,3.));
#3205=CARTESIAN_POINT('',(-198.213313078372,-27.2919462415835,3.));
#3206=CARTESIAN_POINT('',(-198.16373531391,-27.2524370726225,3.));
#3207=CARTESIAN_POINT('',(-198.115081053653,-27.2117988153054,3.));
#3208=CARTESIAN_POINT('',(-198.067521127843,-27.1699068440202,3.));
#3209=CARTESIAN_POINT('',(-198.021226366723,-27.1266365331549,3.));
#3210=CARTESIAN_POINT('',(-197.980070890182,-27.0881697559075,3.));
#3211=CARTESIAN_POINT('',(-197.939915272358,-27.0486136779118,3.));
#3212=CARTESIAN_POINT('',(-197.90088715558,-27.0079394230885,3.));
#3213=CARTESIAN_POINT('',(-197.863114182182,-26.9661181153586,3.));
#3214=CARTESIAN_POINT('',(-197.826723994494,-26.9231208786427,3.));
#3215=CARTESIAN_POINT('',(-197.791758627342,-26.8818071547011,3.));
#3216=CARTESIAN_POINT('',(-197.75806988264,-26.8394077836252,3.));
#3217=CARTESIAN_POINT('',(-197.725680939817,-26.7959927800882,3.));
#3218=CARTESIAN_POINT('',(-197.694614978304,-26.7516321587633,3.));
#3219=CARTESIAN_POINT('',(-197.664895177528,-26.7063959343236,3.));
#3220=CARTESIAN_POINT('',(-197.633648910718,-26.6588362905369,3.));
#3221=CARTESIAN_POINT('',(-197.603890638681,-26.6103087884388,3.));
#3222=CARTESIAN_POINT('',(-197.575534456251,-26.5609319980217,3.));
#3223=CARTESIAN_POINT('',(-197.548494458259,-26.5108244892777,3.));
#3224=CARTESIAN_POINT('',(-197.52268473954,-26.460104832199,3.));
#3225=CARTESIAN_POINT('',(-197.494004735484,-26.4037446685531,3.));
#3226=CARTESIAN_POINT('',(-197.466843863669,-26.3466286324056,3.));
#3227=CARTESIAN_POINT('',(-197.441063950506,-26.288864633983,3.));
#3228=CARTESIAN_POINT('',(-197.416526822407,-26.2305605835116,3.));
#3229=CARTESIAN_POINT('',(-197.393094305785,-26.1718243912177,3.));
#3230=CARTESIAN_POINT('',(-197.366467724026,-26.105081921703,3.));
#3231=CARTESIAN_POINT('',(-197.341267414794,-26.0377814713761,3.));
#3232=CARTESIAN_POINT('',(-197.317338371903,-25.9700097167923,3.));
#3233=CARTESIAN_POINT('',(-197.294525589169,-25.9018533345071,3.));
#3234=CARTESIAN_POINT('',(-197.272674060408,-25.8333990010759,3.));
#3235=CARTESIAN_POINT('',(-197.24770381312,-25.7551746510842,3.));
#3236=CARTESIAN_POINT('',(-197.223988786791,-25.6765612316753,3.));
#3237=CARTESIAN_POINT('',(-197.201347601949,-25.597626734598,3.));
#3238=CARTESIAN_POINT('',(-197.179598879127,-25.5184391516012,3.));
#3239=CARTESIAN_POINT('',(-197.158561238854,-25.4390664744339,3.));
#3240=CARTESIAN_POINT('',(-197.134753003223,-25.3492406490958,3.));
#3241=CARTESIAN_POINT('',(-197.111855478202,-25.2591777665766,3.));
#3242=CARTESIAN_POINT('',(-197.089744141565,-25.1689164133934,3.));
#3243=CARTESIAN_POINT('',(-197.068294471088,-25.0784951760633,3.));
#3244=CARTESIAN_POINT('',(-197.047381944547,-24.9879526411034,3.));
#3245=CARTESIAN_POINT('',(-197.023801964008,-24.8858611406763,3.));
#3246=CARTESIAN_POINT('',(-197.000904895165,-24.7836154254016,3.));
#3247=CARTESIAN_POINT('',(-196.978534338256,-24.6812520235302,3.));
#3248=CARTESIAN_POINT('',(-196.956533893515,-24.5788074633131,3.));
#3249=CARTESIAN_POINT('',(-196.93474716118,-24.4763182730013,3.));
#3250=CARTESIAN_POINT('',(-196.90286698575,-24.3263474872713,3.));
#3251=CARTESIAN_POINT('',(-196.871444411296,-24.1762811395881,3.));
#3252=CARTESIAN_POINT('',(-196.840326839783,-24.0261510975768,3.));
#3253=CARTESIAN_POINT('',(-196.809361673173,-23.8759892288626,3.));
#3254=CARTESIAN_POINT('',(-196.778396313432,-23.7258274010705,3.));
#3255=CARTESIAN_POINT('',(-196.150787810954,-20.6823349094937,3.));
#3256=CARTESIAN_POINT('',(-195.523099971047,-17.6388592285517,3.));
#3257=CARTESIAN_POINT('',(-194.895363360925,-14.5953938814771,3.));
#3258=CARTESIAN_POINT('',(-194.267608547819,-11.5519323914979,3.));
#3259=CARTESIAN_POINT('',(-193.639866098952,-8.50846828184425,3.));
#3260=CARTESIAN_POINT('',(-196.0133236099,-23.9763198865181,-5.));
#3261=CARTESIAN_POINT('',(-196.220400288606,-24.9803089598861,-5.));
#3262=CARTESIAN_POINT('',(-196.38742793472,-25.7901245928983,-5.));
#3263=CARTESIAN_POINT('',(-196.571094089824,-26.4441877496186,-5.));
#3264=CARTESIAN_POINT('',(-196.8280862955,-26.9809193941109,-5.));
#3265=CARTESIAN_POINT('',(-197.215092093333,-27.4387404904391,-5.));
#3266=CARTESIAN_POINT('',(-197.602097891165,-27.8965615867673,-5.));
#3267=CARTESIAN_POINT('',(-198.119117281154,-28.2754721349314,-5.));
#3268=CARTESIAN_POINT('',(-198.814973568889,-28.6517756509861,-5.));
#3269=CARTESIAN_POINT('',(-199.738490059961,-29.1017756509861,-5.));
#3270=CARTESIAN_POINT('',(-200.938490059961,-29.7017756509861,-5.));
#3271=CARTESIAN_POINT('',(-201.339193441529,-29.9021273417701,-5.));
#3272=CARTESIAN_POINT('',(-201.739372394894,-30.1035278889594,-5.));
#3273=CARTESIAN_POINT('',(-202.097149612433,-29.3879734538802,-5.));
#3274=CARTESIAN_POINT('',(-201.696964317929,-29.1865855889701,-5.));
#3275=CARTESIAN_POINT('',(-201.296260936361,-28.9862338981862,-5.));
#3276=CARTESIAN_POINT('',(-201.131027951088,-28.9036174055497,-5.));
#3277=CARTESIAN_POINT('',(-200.965706785764,-28.8211770598666,-5.));
#3278=CARTESIAN_POINT('',(-200.800359101172,-28.7387897376231,-5.));
#3279=CARTESIAN_POINT('',(-200.635046558092,-28.6563323153053,-5.));
#3280=CARTESIAN_POINT('',(-200.469830817306,-28.5736816693997,-5.));
#3281=CARTESIAN_POINT('',(-200.350045232839,-28.5137578638395,-5.));
#3282=CARTESIAN_POINT('',(-200.230310533622,-28.4537324880552,-5.));
#3283=CARTESIAN_POINT('',(-200.110677295346,-28.3935057313071,-5.));
#3284=CARTESIAN_POINT('',(-199.991196093698,-28.3329777828552,-5.));
#3285=CARTESIAN_POINT('',(-199.871917504368,-28.2720488319599,-5.));
#3286=CARTESIAN_POINT('',(-199.767850145083,-28.2188899619629,-5.));
#3287=CARTESIAN_POINT('',(-199.663937016178,-28.1654258451802,-5.));
#3288=CARTESIAN_POINT('',(-199.560254947797,-28.1115169469264,-5.));
#3289=CARTESIAN_POINT('',(-199.456880770088,-28.057023732516,-5.));
#3290=CARTESIAN_POINT('',(-199.353891313194,-28.0018066672635,-5.));
#3291=CARTESIAN_POINT('',(-199.270422824965,-27.9570556306029,-5.));
#3292=CARTESIAN_POINT('',(-199.187207036738,-27.9118291397912,-5.));
#3293=CARTESIAN_POINT('',(-199.104327257344,-27.8659920983841,-5.));
#3294=CARTESIAN_POINT('',(-199.021866795616,-27.819409409937,-5.));
#3295=CARTESIAN_POINT('',(-198.939908960386,-27.7719459780057,-5.));
#3296=CARTESIAN_POINT('',(-198.864220337842,-27.7281131733205,-5.));
#3297=CARTESIAN_POINT('',(-198.7889603878,-27.6835292134239,-5.));
#3298=CARTESIAN_POINT('',(-198.714250572299,-27.6380327555286,-5.));
#3299=CARTESIAN_POINT('',(-198.640212353378,-27.5914624568471,-5.));
#3300=CARTESIAN_POINT('',(-198.566967193075,-27.5436569745919,-5.));
#3301=CARTESIAN_POINT('',(-198.504854624105,-27.5031174863649,-5.));
#3302=CARTESIAN_POINT('',(-198.443312359119,-27.46168975344,-5.));
#3303=CARTESIAN_POINT('',(-198.38249401099,-27.4192111619495,-5.));
#3304=CARTESIAN_POINT('',(-198.322553192591,-27.3755190980254,-5.));
#3305=CARTESIAN_POINT('',(-198.263643516797,-27.3304509478003,-5.));
#3306=CARTESIAN_POINT('',(-198.213313078372,-27.2919462415835,-5.));
#3307=CARTESIAN_POINT('',(-198.16373531391,-27.2524370726225,-5.));
#3308=CARTESIAN_POINT('',(-198.115081053653,-27.2117988153054,-5.));
#3309=CARTESIAN_POINT('',(-198.067521127843,-27.1699068440202,-5.));
#3310=CARTESIAN_POINT('',(-198.021226366723,-27.1266365331549,-5.));
#3311=CARTESIAN_POINT('',(-197.980070890182,-27.0881697559075,-5.));
#3312=CARTESIAN_POINT('',(-197.939915272358,-27.0486136779118,-5.));
#3313=CARTESIAN_POINT('',(-197.90088715558,-27.0079394230885,-5.));
#3314=CARTESIAN_POINT('',(-197.863114182182,-26.9661181153586,-5.));
#3315=CARTESIAN_POINT('',(-197.826723994494,-26.9231208786427,-5.));
#3316=CARTESIAN_POINT('',(-197.791758627342,-26.8818071547011,-5.));
#3317=CARTESIAN_POINT('',(-197.75806988264,-26.8394077836252,-5.));
#3318=CARTESIAN_POINT('',(-197.725680939817,-26.7959927800882,-5.));
#3319=CARTESIAN_POINT('',(-197.694614978304,-26.7516321587633,-5.));
#3320=CARTESIAN_POINT('',(-197.664895177528,-26.7063959343236,-5.));
#3321=CARTESIAN_POINT('',(-197.633648910718,-26.6588362905369,-5.));
#3322=CARTESIAN_POINT('',(-197.603890638681,-26.6103087884388,-5.));
#3323=CARTESIAN_POINT('',(-197.575534456251,-26.5609319980217,-5.));
#3324=CARTESIAN_POINT('',(-197.548494458259,-26.5108244892777,-5.));
#3325=CARTESIAN_POINT('',(-197.52268473954,-26.460104832199,-5.));
#3326=CARTESIAN_POINT('',(-197.494004735484,-26.4037446685531,-5.));
#3327=CARTESIAN_POINT('',(-197.466843863669,-26.3466286324056,-5.));
#3328=CARTESIAN_POINT('',(-197.441063950506,-26.288864633983,-5.));
#3329=CARTESIAN_POINT('',(-197.416526822407,-26.2305605835116,-5.));
#3330=CARTESIAN_POINT('',(-197.393094305785,-26.1718243912177,-5.));
#3331=CARTESIAN_POINT('',(-197.366467724026,-26.105081921703,-5.));
#3332=CARTESIAN_POINT('',(-197.341267414794,-26.0377814713761,-5.));
#3333=CARTESIAN_POINT('',(-197.317338371903,-25.9700097167923,-5.));
#3334=CARTESIAN_POINT('',(-197.294525589169,-25.9018533345071,-5.));
#3335=CARTESIAN_POINT('',(-197.272674060408,-25.8333990010759,-5.));
#3336=CARTESIAN_POINT('',(-197.24770381312,-25.7551746510842,-5.));
#3337=CARTESIAN_POINT('',(-197.223988786791,-25.6765612316753,-5.));
#3338=CARTESIAN_POINT('',(-197.201347601949,-25.597626734598,-5.));
#3339=CARTESIAN_POINT('',(-197.179598879127,-25.5184391516012,-5.));
#3340=CARTESIAN_POINT('',(-197.158561238854,-25.4390664744339,-5.));
#3341=CARTESIAN_POINT('',(-197.134753003223,-25.3492406490958,-5.));
#3342=CARTESIAN_POINT('',(-197.111855478202,-25.2591777665766,-5.));
#3343=CARTESIAN_POINT('',(-197.089744141565,-25.1689164133934,-5.));
#3344=CARTESIAN_POINT('',(-197.068294471088,-25.0784951760633,-5.));
#3345=CARTESIAN_POINT('',(-197.047381944547,-24.9879526411034,-5.));
#3346=CARTESIAN_POINT('',(-197.023801964008,-24.8858611406763,-5.));
#3347=CARTESIAN_POINT('',(-197.000904895165,-24.7836154254016,-5.));
#3348=CARTESIAN_POINT('',(-196.978534338256,-24.6812520235302,-5.));
#3349=CARTESIAN_POINT('',(-196.956533893515,-24.5788074633131,-5.));
#3350=CARTESIAN_POINT('',(-196.93474716118,-24.4763182730013,-5.));
#3351=CARTESIAN_POINT('',(-196.90286698575,-24.3263474872713,-5.));
#3352=CARTESIAN_POINT('',(-196.871444411296,-24.1762811395881,-5.));
#3353=CARTESIAN_POINT('',(-196.840326839783,-24.0261510975768,-5.));
#3354=CARTESIAN_POINT('',(-196.809361673173,-23.8759892288626,-5.));
#3355=CARTESIAN_POINT('',(-196.778396313432,-23.7258274010705,-5.));
#3356=CARTESIAN_POINT('',(-196.150787810954,-20.6823349094937,-5.));
#3357=CARTESIAN_POINT('',(-195.523099971047,-17.6388592285517,-5.));
#3358=CARTESIAN_POINT('',(-194.895363360925,-14.5953938814771,-5.));
#3359=CARTESIAN_POINT('',(-194.267608547819,-11.5519323914979,-5.));
#3360=CARTESIAN_POINT('',(-193.639866098952,-8.50846828184425,-5.));
#3361=CARTESIAN_POINT('',(-229.933782247251,63.6749999999997,-5.));
#3362=CARTESIAN_POINT('',(-229.933782247251,63.6749999999997,3.));
#3363=CARTESIAN_POINT('',(-229.933782247251,63.6749999999997,-5.));
#3364=CARTESIAN_POINT('',(-232.,63.675,-5.));
#3365=CARTESIAN_POINT('',(-233.947228659819,64.3660545189465,-5.));
#3366=CARTESIAN_POINT('',(-233.947228659819,64.3660545189465,-5.));
#3367=CARTESIAN_POINT('',(-233.947228659819,64.3660545189465,3.));
#3368=CARTESIAN_POINT('',(-229.933782247251,63.6749999999997,3.));
#3369=CARTESIAN_POINT('',(-232.,63.675,3.));
#3370=CARTESIAN_POINT('',(-233.947228659819,64.3660545189465,3.));
#3371=CARTESIAN_POINT('',(-233.947228659819,64.3660545189465,-5.));
#3372=CARTESIAN_POINT('',(-254.779329023485,71.7591857893128,-5.));
#3373=CARTESIAN_POINT('',(-275.611429387151,79.1523170596791,-5.));
#3374=CARTESIAN_POINT('',(-275.611429387151,79.1523170596791,-5.));
#3375=CARTESIAN_POINT('',(-275.611429387151,79.1523170596791,3.));
#3376=CARTESIAN_POINT('',(-233.947228659819,64.3660545189465,3.));
#3377=CARTESIAN_POINT('',(-254.779329023485,71.7591857893128,3.));
#3378=CARTESIAN_POINT('',(-275.611429387151,79.1523170596791,3.));
#3379=CARTESIAN_POINT('',(-275.611429387151,79.1523170596791,-5.));
#3380=CARTESIAN_POINT('',(-278.,80.0000000000001,-5.));
#3381=CARTESIAN_POINT('',(-278.728291474686,82.4276382489528,-5.));
#3382=CARTESIAN_POINT('',(-278.728291474686,82.4276382489528,-5.));
#3383=CARTESIAN_POINT('',(-278.728291474686,82.4276382489528,3.));
#3384=CARTESIAN_POINT('',(-275.611429387151,79.1523170596791,3.));
#3385=CARTESIAN_POINT('',(-278.,80.0000000000001,3.));
#3386=CARTESIAN_POINT('',(-278.728291474686,82.4276382489528,3.));
#3387=CARTESIAN_POINT('',(-278.728291474686,82.4276382489528,-5.));
#3388=CARTESIAN_POINT('',(-279.650350103013,85.5011670100427,-5.));
#3389=CARTESIAN_POINT('',(-280.57240873134,88.5746957711326,-5.));
#3390=CARTESIAN_POINT('',(-280.57240873134,88.5746957711326,-5.));
#3391=CARTESIAN_POINT('',(-280.57240873134,88.5746957711326,3.));
#3392=CARTESIAN_POINT('',(-278.728291474686,82.4276382489528,3.));
#3393=CARTESIAN_POINT('',(-279.650350103013,85.5011670100427,3.));
#3394=CARTESIAN_POINT('',(-280.57240873134,88.5746957711326,3.));
#3395=CARTESIAN_POINT('',(-280.57240873134,88.5746957711326,-5.));
#3396=CARTESIAN_POINT('',(-281.,90.,-5.));
#3397=CARTESIAN_POINT('',(-282.488061301782,90.,-5.));
#3398=CARTESIAN_POINT('',(-282.488061301782,90.,-5.));
#3399=CARTESIAN_POINT('',(-282.488061301782,90.,3.));
#3400=CARTESIAN_POINT('',(-280.57240873134,88.5746957711326,3.));
#3401=CARTESIAN_POINT('',(-281.,90.,3.));
#3402=CARTESIAN_POINT('',(-282.488061301782,90.,3.));
#3403=CARTESIAN_POINT('',(-282.488061301782,90.,-5.));
#3404=CARTESIAN_POINT('',(-282.578419386432,90.,-5.));
#3405=CARTESIAN_POINT('',(-282.668777471082,90.,-5.));
#3406=CARTESIAN_POINT('',(-282.668777471082,90.,-5.));
#3407=CARTESIAN_POINT('',(-282.668777471082,90.,3.));
#3408=CARTESIAN_POINT('',(-282.488061301782,90.,3.));
#3409=CARTESIAN_POINT('',(-282.578419386432,90.,3.));
#3410=CARTESIAN_POINT('',(-282.668777471082,90.,3.));
#3411=CARTESIAN_POINT('',(-282.668777471082,90.,-5.));
#3412=CARTESIAN_POINT('',(-283.588105538188,90.,-5.));
#3413=CARTESIAN_POINT('',(-284.186708420931,89.3022617369377,-5.));
#3414=CARTESIAN_POINT('',(-284.785311303673,88.6045234738755,-5.));
#3415=CARTESIAN_POINT('',(-284.645520866383,87.695885631492,-5.));
#3416=CARTESIAN_POINT('',(-284.645520866383,87.695885631492,-5.));
#3417=CARTESIAN_POINT('',(-284.645520866383,87.695885631492,3.));
#3418=CARTESIAN_POINT('',(-282.668777471082,90.,3.));
#3419=CARTESIAN_POINT('',(-283.588105538188,90.,3.));
#3420=CARTESIAN_POINT('',(-284.186708420931,89.3022617369377,3.));
#3421=CARTESIAN_POINT('',(-284.785311303673,88.6045234738755,3.));
#3422=CARTESIAN_POINT('',(-284.645520866383,87.695885631492,3.));
#3423=CARTESIAN_POINT('',(-284.645520866383,87.695885631492,-5.));
#3424=CARTESIAN_POINT('',(-284.011815764831,83.5768024714032,-5.));
#3425=CARTESIAN_POINT('',(-283.378110663279,79.4577193113143,-5.));
#3426=CARTESIAN_POINT('',(-283.378110663279,79.4577193113143,-5.));
#3427=CARTESIAN_POINT('',(-283.378110663279,79.4577193113143,3.));
#3428=CARTESIAN_POINT('',(-284.645520866383,87.695885631492,3.));
#3429=CARTESIAN_POINT('',(-284.011815764831,83.5768024714032,3.));
#3430=CARTESIAN_POINT('',(-283.378110663279,79.4577193113143,3.));
#3431=CARTESIAN_POINT('',(-283.378110663279,79.4577193113143,-5.));
#3432=CARTESIAN_POINT('',(-283.,76.9999999999999,-5.));
#3433=CARTESIAN_POINT('',(-280.8119967487,75.8184782442982,-5.));
#3434=CARTESIAN_POINT('',(-280.8119967487,75.8184782442982,-5.));
#3435=CARTESIAN_POINT('',(-280.8119967487,75.8184782442982,3.));
#3436=CARTESIAN_POINT('',(-283.378110663279,79.4577193113143,3.));
#3437=CARTESIAN_POINT('',(-283.,76.9999999999999,3.));
#3438=CARTESIAN_POINT('',(-280.8119967487,75.8184782442982,3.));
#3439=CARTESIAN_POINT('',(-280.8119967487,75.8184782442982,-5.));
#3440=CARTESIAN_POINT('',(-263.377007036983,66.4035837999706,-5.));
#3441=CARTESIAN_POINT('',(-245.942017325265,56.988689355643,-5.));
#3442=CARTESIAN_POINT('',(-245.942017325265,56.988689355643,-5.));
#3443=CARTESIAN_POINT('',(-245.942017325265,56.988689355643,3.));
#3444=CARTESIAN_POINT('',(-280.8119967487,75.8184782442982,3.));
#3445=CARTESIAN_POINT('',(-263.377007036983,66.4035837999706,3.));
#3446=CARTESIAN_POINT('',(-245.942017325265,56.988689355643,3.));
#3447=CARTESIAN_POINT('',(-245.942017325265,56.988689355643,-5.));
#3448=CARTESIAN_POINT('',(-234.409858887613,50.7613237993111,-5.));
#3449=CARTESIAN_POINT('',(-221.81812685362,47.1255234214845,-5.));
#3450=CARTESIAN_POINT('',(-221.81812685362,47.1255234214845,-5.));
#3451=CARTESIAN_POINT('',(-221.81812685362,47.1255234214845,3.));
#3452=CARTESIAN_POINT('',(-245.942017325265,56.988689355643,3.));
#3453=CARTESIAN_POINT('',(-234.409858887613,50.7613237993111,3.));
#3454=CARTESIAN_POINT('',(-221.81812685362,47.1255234214845,3.));
#3455=CARTESIAN_POINT('',(-221.81812685362,47.1255234214845,-5.));
#3456=CARTESIAN_POINT('',(-214.616089185285,45.0459706478896,-5.));
#3457=CARTESIAN_POINT('',(-213.326088793355,37.6615420780476,-5.));
#3458=CARTESIAN_POINT('',(-213.326088793355,37.6615420780476,-5.));
#3459=CARTESIAN_POINT('',(-213.326088793355,37.6615420780476,3.));
#3460=CARTESIAN_POINT('',(-221.81812685362,47.1255234214845,3.));
#3461=CARTESIAN_POINT('',(-214.616089185285,45.0459706478896,3.));
#3462=CARTESIAN_POINT('',(-213.326088793355,37.6615420780476,3.));
#3463=CARTESIAN_POINT('',(-213.326088793355,37.6615420780476,-5.));
#3464=CARTESIAN_POINT('',(-209.524619260905,15.9005562687357,-5.));
#3465=CARTESIAN_POINT('',(-205.723149728455,-5.86042954057628,-5.));
#3466=CARTESIAN_POINT('',(-205.723149728455,-5.86042954057628,-5.));
#3467=CARTESIAN_POINT('',(-205.723149728455,-5.86042954057628,3.));
#3468=CARTESIAN_POINT('',(-213.326088793355,37.6615420780476,3.));
#3469=CARTESIAN_POINT('',(-209.524619260905,15.9005562687357,3.));
#3470=CARTESIAN_POINT('',(-205.723149728455,-5.86042954057628,3.));
#3471=CARTESIAN_POINT('',(-205.723149728455,-5.86042954057628,-5.));
#3472=CARTESIAN_POINT('',(-205.,-10.,-5.));
#3473=CARTESIAN_POINT('',(-200.797739998727,-9.99999999999999,-5.));
#3474=CARTESIAN_POINT('',(-200.797739998727,-9.99999999999999,-5.));
#3475=CARTESIAN_POINT('',(-200.797739998727,-9.99999999999999,3.));
#3476=CARTESIAN_POINT('',(-205.723149728455,-5.86042954057628,3.));
#3477=CARTESIAN_POINT('',(-205.,-10.,3.));
#3478=CARTESIAN_POINT('',(-200.797739998727,-9.99999999999999,3.));
#3479=CARTESIAN_POINT('',(-200.797739998727,-9.99999999999999,-5.));
#3480=CARTESIAN_POINT('',(-199.,-10.,-5.));
#3481=CARTESIAN_POINT('',(-197.202260001273,-10.,-5.));
#3482=CARTESIAN_POINT('',(-197.202260001273,-10.,-5.));
#3483=CARTESIAN_POINT('',(-197.202260001273,-10.,3.));
#3484=CARTESIAN_POINT('',(-200.797739998727,-9.99999999999999,3.));
#3485=CARTESIAN_POINT('',(-199.,-10.,3.));
#3486=CARTESIAN_POINT('',(-197.202260001273,-10.,3.));
#3487=CARTESIAN_POINT('',(-197.202260001273,-10.,-5.));
#3488=CARTESIAN_POINT('',(-195.108819804803,-10.,-5.));
#3489=CARTESIAN_POINT('',(-193.639866098952,-8.50846828184425,-5.));
#3490=CARTESIAN_POINT('',(-197.202260001273,-10.,3.));
#3491=CARTESIAN_POINT('',(-195.108819804803,-10.,3.));
#3492=CARTESIAN_POINT('',(-193.639866098952,-8.50846828184425,3.));
#3493=CARTESIAN_POINT('',(-192.276850271545,-5.86042954057631,-5.));
#3494=CARTESIAN_POINT('',(-192.258152974355,-5.7533994527247,-5.));
#3495=CARTESIAN_POINT('',(-192.239455677165,-5.6463693648731,-5.));
#3496=CARTESIAN_POINT('',(-183.686334781185,43.3147865395948,-5.));
#3497=CARTESIAN_POINT('',(-183.686334781185,43.3147865395948,3.));
#3498=CARTESIAN_POINT('',(-192.276850271545,-5.86042954057631,3.));
#3499=CARTESIAN_POINT('',(-192.258152974355,-5.7533994527247,3.));
#3500=CARTESIAN_POINT('',(-192.239455677165,-5.6463693648731,3.));
#3501=CARTESIAN_POINT('',(-183.686334781185,43.3147865395948,-5.));
#3502=CARTESIAN_POINT('',(-183.354904880049,45.2120111033647,-5.));
#3503=CARTESIAN_POINT('',(-181.83636998645,46.3966454780391,-5.));
#3504=CARTESIAN_POINT('',(-181.83636998645,46.3966454780391,-5.));
#3505=CARTESIAN_POINT('',(-181.83636998645,46.3966454780391,3.));
#3506=CARTESIAN_POINT('',(-183.686334781185,43.3147865395948,3.));
#3507=CARTESIAN_POINT('',(-183.354904880049,45.2120111033647,3.));
#3508=CARTESIAN_POINT('',(-181.83636998645,46.3966454780391,3.));
#3509=CARTESIAN_POINT('',(-181.83636998645,46.3966454780391,-5.));
#3510=CARTESIAN_POINT('',(-177.416413118337,49.844727483014,-5.));
#3511=CARTESIAN_POINT('',(-172.996456250224,53.2928094879889,-5.));
#3512=CARTESIAN_POINT('',(-172.996456250224,53.2928094879889,-5.));
#3513=CARTESIAN_POINT('',(-172.996456250224,53.2928094879889,3.));
#3514=CARTESIAN_POINT('',(-181.83636998645,46.3966454780391,3.));
#3515=CARTESIAN_POINT('',(-177.416413118337,49.844727483014,3.));
#3516=CARTESIAN_POINT('',(-172.996456250224,53.2928094879889,3.));
#3517=CARTESIAN_POINT('',(-172.996456250224,53.2928094879889,-5.));
#3518=CARTESIAN_POINT('',(-171.65029949236,54.3429688065453,-5.));
#3519=CARTESIAN_POINT('',(-171.865692732892,56.0366566062967,-5.));
#3520=CARTESIAN_POINT('',(-172.081085973425,57.7303444060481,-5.));
#3521=CARTESIAN_POINT('',(-173.647247226608,58.4101322701059,-5.));
#3522=CARTESIAN_POINT('',(-173.647247226608,58.4101322701059,-5.));
#3523=CARTESIAN_POINT('',(-173.647247226608,58.4101322701059,-2.25));
#3524=CARTESIAN_POINT('',(-172.996456250224,53.2928094879889,3.));
#3525=CARTESIAN_POINT('',(-171.65029949236,54.3429688065453,3.));
#3526=CARTESIAN_POINT('',(-171.865692732892,56.0366566062967,3.));
#3527=CARTESIAN_POINT('',(-172.081085973425,57.7303444060481,3.));
#3528=CARTESIAN_POINT('',(-173.647247226608,58.4101322701059,3.));
#3529=CARTESIAN_POINT('',(-173.647247226608,58.4101322701059,-5.));
#3530=CARTESIAN_POINT('',(-184.822960953656,63.2609192171002,-5.));
#3531=CARTESIAN_POINT('',(-197.,63.643582747987,-5.));
#3532=CARTESIAN_POINT('',(-173.647247226608,58.4101322701059,3.));
#3533=CARTESIAN_POINT('',(-184.822960953656,63.2609192171002,3.));
#3534=CARTESIAN_POINT('',(-197.,63.643582747987,3.));
#3535=CARTESIAN_POINT('',(-201.,63.6749999999957,3.));
#3536=CARTESIAN_POINT('',(-201.,63.6749999999957,0.25));
#3537=CARTESIAN_POINT('',(-197.,63.643582747987,-5.));
#3538=CARTESIAN_POINT('',(-197.,63.643582747987,-2.25));
#3539=CARTESIAN_POINT('',(-197.,63.643582747987,-5.));
#3540=CARTESIAN_POINT('',(-197.,63.083119361945,-5.));
#3541=CARTESIAN_POINT('',(-197.,63.643582747987,3.));
#3542=CARTESIAN_POINT('',(-197.,63.083119361945,3.));
#3543=CARTESIAN_POINT('',(-201.,63.6749999999957,-5.));
#3544=CARTESIAN_POINT('',(-215.466891123625,63.6749999999977,-5.));
#3545=CARTESIAN_POINT('',(-229.933782247251,63.6749999999997,-5.));
#3546=CARTESIAN_POINT('',(-201.,63.6749999999957,3.));
#3547=CARTESIAN_POINT('',(-215.466891123625,63.6749999999977,3.));
#3548=CARTESIAN_POINT('',(-229.933782247251,63.6749999999997,3.));
#3549=CARTESIAN_POINT('',(-211.,61.6198787687959,-2.25));
#3550=CARTESIAN_POINT('',(-211.,63.6749999999971,-2.25));
#3551=CARTESIAN_POINT('',(-211.,61.6198787687959,0.25));
#3552=CARTESIAN_POINT('',(-211.,61.6198787687959,-2.25));
#3553=CARTESIAN_POINT('',(-211.,61.6198787687959,-2.25));
#3554=CARTESIAN_POINT('',(-208.099576573778,61.6198787687959,-2.25));
#3555=CARTESIAN_POINT('',(-205.199153147556,61.6198787687959,-2.25));
#3556=CARTESIAN_POINT('',(-202.298729721334,61.6198787687934,-2.25));
#3557=CARTESIAN_POINT('',(-189.000001468321,61.6198787687552,-2.25));
#3558=CARTESIAN_POINT('',(-187.376574339045,61.6199594970801,-2.25));
#3559=CARTESIAN_POINT('',(-184.056340648786,61.3497546273671,-2.25));
#3560=CARTESIAN_POINT('',(-179.122762603874,60.10486829095,-2.25));
#3561=CARTESIAN_POINT('',(-175.052707795114,58.2896905747195,-2.25));
#3562=CARTESIAN_POINT('',(-172.721379089033,56.8386603517438,-2.25));
#3563=CARTESIAN_POINT('',(-171.905366828171,56.2728460538407,-2.25));
#3564=CARTESIAN_POINT('',(-189.000001468321,61.6198787687552,0.25));
#3565=CARTESIAN_POINT('',(-189.000001468321,62.8848602953552,0.25));
#3566=CARTESIAN_POINT('',(-189.000001468321,61.6198787687552,0.25));
#3567=CARTESIAN_POINT('',(-191.233757738434,61.6198787687676,0.25));
#3568=CARTESIAN_POINT('',(-193.467514008547,61.6198787687762,0.25));
#3569=CARTESIAN_POINT('',(-195.701270278661,61.6198787687822,0.25));
#3570=CARTESIAN_POINT('',(-211.,63.6749999999971,-2.25));
#3571=CARTESIAN_POINT('',(-211.,63.6749999999971,0.25));
#3572=CARTESIAN_POINT('',(-201.,63.6749999999957,-2.25));
#3573=CARTESIAN_POINT('',(-204.333333333333,63.6749999999995,-2.25));
#3574=CARTESIAN_POINT('',(-207.666666666667,63.6749999999995,-2.25));
#3575=CARTESIAN_POINT('',(-211.,63.6749999999971,-2.25));
#3576=CARTESIAN_POINT('',(-211.,63.6749999999971,0.25));
#3577=CARTESIAN_POINT('',(-206.,63.6749999999964,0.25));
#3578=CARTESIAN_POINT('',(-201.,63.6749999999957,0.25));
#3579=CARTESIAN_POINT('',(-171.905366828171,56.2728460538407,-2.25));
#3580=CARTESIAN_POINT('',(-172.223392752049,57.7921122609772,-2.25));
#3581=CARTESIAN_POINT('',(-173.647247226608,58.4101322701059,-2.25));
#3582=CARTESIAN_POINT('',(-173.647247226608,58.4101322701059,0.25));
#3583=CARTESIAN_POINT('',(-172.223392752049,57.7921122609772,0.249999999999999));
#3584=CARTESIAN_POINT('',(-171.905366828171,56.2728460538407,0.25));
#3585=CARTESIAN_POINT('',(-173.647247226608,58.4101322701059,-2.25));
#3586=CARTESIAN_POINT('',(-181.040432938581,61.6191236262058,-2.25));
#3587=CARTESIAN_POINT('',(-189.000001468321,62.8848602953552,-2.25));
#3588=CARTESIAN_POINT('',(-189.000001468321,62.8848602953552,0.25));
#3589=CARTESIAN_POINT('',(-181.040432938581,61.6191236262058,0.25));
#3590=CARTESIAN_POINT('',(-173.647247226608,58.4101322701059,0.25));
#3591=CARTESIAN_POINT('',(-189.000001468321,62.8848602953552,-2.25));
#3592=CARTESIAN_POINT('',(-192.976014907887,63.517128990409,-2.25));
#3593=CARTESIAN_POINT('',(-197.,63.643582747987,-2.25));
#3594=CARTESIAN_POINT('',(-197.,63.643582747987,0.250000000000001));
#3595=CARTESIAN_POINT('',(-192.976014907887,63.5171289904091,0.25));
#3596=CARTESIAN_POINT('',(-189.000001468321,62.8848602953552,0.25));
#3597=CARTESIAN_POINT('',(-201.,63.6749999999957,-2.25));
#3598=CARTESIAN_POINT('',(-201.,63.083119361945,-2.25));
#3599=CARTESIAN_POINT('',(-197.,63.643582747987,0.250000000000001));
#3600=CARTESIAN_POINT('',(-197.,63.083119361945,0.25));
#3601=CARTESIAN_POINT('',(-173.647247226608,58.4101322701059,0.25));
#3602=CARTESIAN_POINT('',(-173.647247226608,58.4101322701059,3.));
#3603=CARTESIAN_POINT('',(-201.,63.6749999999957,-2.25));
#3604=CARTESIAN_POINT('',(-201.,63.6749999999957,-5.));
#3605=CARTESIAN_POINT('',(-197.,63.643582747987,0.250000000000001));
#3606=CARTESIAN_POINT('',(-197.,63.643582747987,3.));
#3607=CARTESIAN_POINT('',(-211.,63.6749999999971,0.25));
#3608=CARTESIAN_POINT('',(-211.,61.6198787687959,0.25));
#3609=CARTESIAN_POINT('',(-171.905366828171,56.2728460538407,0.25));
#3610=CARTESIAN_POINT('',(-172.721379089033,56.8386603517438,0.25));
#3611=CARTESIAN_POINT('',(-175.052707795114,58.2896905747195,0.25));
#3612=CARTESIAN_POINT('',(-179.122762603874,60.10486829095,0.249999999999999));
#3613=CARTESIAN_POINT('',(-184.056340648786,61.3497546273671,0.249999999999999));
#3614=CARTESIAN_POINT('',(-187.376574339045,61.6199594970801,0.25));
#3615=CARTESIAN_POINT('',(-189.000001468321,61.6198787687552,0.25));
#3616=CARTESIAN_POINT('',(-189.000001468321,62.8848602953552,-2.25));
#3617=CARTESIAN_POINT('',(-189.000001468321,61.6198787687552,-2.25));
#3618=CARTESIAN_POINT('',(-171.905366828171,56.2728460538407,-2.25));
#3619=CARTESIAN_POINT('',(-171.888975824079,56.1945433215667,-2.24999996480102));
#3620=CARTESIAN_POINT('',(-171.875734974107,56.1156211150525,-2.24637630437087));
#3621=CARTESIAN_POINT('',(-171.865692732892,56.0366566062971,-2.23824540640747));
#3622=CARTESIAN_POINT('',(-171.845328379204,55.8765268951377,-2.22175700721562));
#3623=CARTESIAN_POINT('',(-171.838514160206,55.7176876439261,-2.18695556249782));
#3624=CARTESIAN_POINT('',(-171.847735721645,55.4152819765768,-2.06627189075991));
#3625=CARTESIAN_POINT('',(-171.863646840635,55.2767313116789,-1.98200919622695));
#3626=CARTESIAN_POINT('',(-171.903815915189,55.0390651475074,-1.75997024412388));
#3627=CARTESIAN_POINT('',(-171.926918269763,54.9452129666956,-1.6263929460939));
#3628=CARTESIAN_POINT('',(-171.961295082266,54.8170371027528,-1.32606861615599));
#3629=CARTESIAN_POINT('',(-171.971767102599,54.7844824354277,-1.16395969385426));
#3630=CARTESIAN_POINT('',(-171.971767102599,54.7844824354277,-1.));
#3631=CARTESIAN_POINT('',(-171.971767102599,54.7844824354276,-0.836040306145595));
#3632=CARTESIAN_POINT('',(-171.961295082266,54.8170371027526,-0.67393138384415));
#3633=CARTESIAN_POINT('',(-171.926918269763,54.9452129666955,-0.373607053906045));
#3634=CARTESIAN_POINT('',(-171.903815915189,55.0390651475071,-0.240029755876139));
#3635=CARTESIAN_POINT('',(-171.863646840636,55.2767313116722,-0.0179908037790039));
#3636=CARTESIAN_POINT('',(-171.847735721642,55.4152819765828,0.0662718907643749));
#3637=CARTESIAN_POINT('',(-171.838514160203,55.7176876439152,0.186955562495028));
#3638=CARTESIAN_POINT('',(-171.845328379205,55.8765268951473,0.221757007216644));
#3639=CARTESIAN_POINT('',(-171.865692732892,56.0366566062967,0.238245406407467));
#3640=CARTESIAN_POINT('',(-171.875734974107,56.1156211150521,0.246376304370877));
#3641=CARTESIAN_POINT('',(-171.888975824079,56.1945433215667,0.249999964801033));
#3642=CARTESIAN_POINT('',(-171.905366828171,56.2728460538407,0.25));
#3643=CARTESIAN_POINT('',(-189.000001468321,61.6198787687552,0.25));
#3644=CARTESIAN_POINT('',(-189.000001468321,60.3698787687959,0.249999999959327));
#3645=CARTESIAN_POINT('',(-189.000001468321,60.3698787687756,-1.));
#3646=CARTESIAN_POINT('',(-189.000001468321,60.3698787687552,-2.25));
#3647=CARTESIAN_POINT('',(-189.000001468321,61.6198787687552,-2.25));
#3648=CARTESIAN_POINT('',(-211.,61.6198787687959,-2.25));
#3649=CARTESIAN_POINT('',(-210.999999296773,60.3698787687959,-2.25));
#3650=CARTESIAN_POINT('',(-210.999998593546,60.3698787687959,-1.));
#3651=CARTESIAN_POINT('',(-210.999999296773,60.3698787687959,0.25));
#3652=CARTESIAN_POINT('',(-211.,61.6198787687959,0.25));
#3653=CARTESIAN_POINT('',(-195.325,60.,-5.));
#3654=CARTESIAN_POINT('',(-195.325,57.909882528792,-5.));
#3655=CARTESIAN_POINT('',(-197.121394543475,56.8414454985364,-5.));
#3656=CARTESIAN_POINT('',(-198.917789086951,55.7730084682809,-5.));
#3657=CARTESIAN_POINT('',(-200.754369544879,56.770787634732,-5.));
#3658=CARTESIAN_POINT('',(-202.590950002808,57.7685668011831,-5.));
#3659=CARTESIAN_POINT('',(-202.672220803339,59.8571036336163,-5.));
#3660=CARTESIAN_POINT('',(-202.75349160387,61.9456404660495,-5.));
#3661=CARTESIAN_POINT('',(-201.,63.083119361945,-5.));
#3662=CARTESIAN_POINT('',(-197.,63.083119361945,-5.));
#3663=CARTESIAN_POINT('',(-195.325,61.9965574722727,-5.));
#3664=CARTESIAN_POINT('',(-195.325,60.,-5.));
#3665=CARTESIAN_POINT('',(-195.325,60.,3.));
#3666=CARTESIAN_POINT('',(-195.325,57.909882528792,3.));
#3667=CARTESIAN_POINT('',(-197.121394543475,56.8414454985365,3.));
#3668=CARTESIAN_POINT('',(-198.917789086951,55.773008468281,3.));
#3669=CARTESIAN_POINT('',(-200.754369544879,56.770787634732,3.));
#3670=CARTESIAN_POINT('',(-202.590950002808,57.7685668011831,2.99999999999999));
#3671=CARTESIAN_POINT('',(-202.672220803339,59.8571036336163,2.99999999999999));
#3672=CARTESIAN_POINT('',(-202.75349160387,61.9456404660495,2.99999999999999));
#3673=CARTESIAN_POINT('',(-201.,63.083119361945,3.));
#3674=CARTESIAN_POINT('',(-197.,63.083119361945,3.));
#3675=CARTESIAN_POINT('',(-195.325,61.9965574722727,3.));
#3676=CARTESIAN_POINT('',(-195.325,60.,3.));
#3677=CARTESIAN_POINT('',(-197.,63.083119361945,-2.25));
#3678=CARTESIAN_POINT('',(-196.148598694175,62.5308207280781,-2.25));
#3679=CARTESIAN_POINT('',(-195.701270278661,61.6198787687822,-2.25));
#3680=CARTESIAN_POINT('',(-201.,63.083119361945,0.249999999999999));
#3681=CARTESIAN_POINT('',(-201.85140130582,62.5308207280818,0.25));
#3682=CARTESIAN_POINT('',(-202.298729721334,61.6198787687934,0.250000000000002));
#3683=CARTESIAN_POINT('',(-201.,63.083119361945,-5.));
#3684=CARTESIAN_POINT('',(-201.,63.083119361945,-2.25));
#3685=CARTESIAN_POINT('',(-197.,63.083119361945,-2.25));
#3686=CARTESIAN_POINT('',(-197.,63.083119361945,-5.));
#3687=CARTESIAN_POINT('',(-202.298729721334,61.6198787687934,-2.25));
#3688=CARTESIAN_POINT('',(-201.85140130582,62.5308207280818,-2.25));
#3689=CARTESIAN_POINT('',(-201.,63.083119361945,-2.25));
#3690=CARTESIAN_POINT('',(-195.701270278661,61.6198787687822,0.25));
#3691=CARTESIAN_POINT('',(-196.148598694175,62.5308207280781,0.25));
#3692=CARTESIAN_POINT('',(-197.,63.083119361945,0.25));
#3693=CARTESIAN_POINT('',(-195.701270278661,61.6198787687822,0.25));
#3694=CARTESIAN_POINT('',(-195.627008641819,61.4686519774173,0.25));
#3695=CARTESIAN_POINT('',(-195.564278818692,61.3139428960137,0.222639586366319));
#3696=CARTESIAN_POINT('',(-195.46405278839,61.0137898772073,0.10506547982662));
#3697=CARTESIAN_POINT('',(-195.428250943534,60.8737183319357,0.0167062194734631));
#3698=CARTESIAN_POINT('',(-195.377818026982,60.6328859147674,-0.214990455390745));
#3699=CARTESIAN_POINT('',(-195.363728334721,60.5362849786766,-0.354446301628281));
#3700=CARTESIAN_POINT('',(-195.351033122843,60.437863785177,-0.585144316350003));
#3701=CARTESIAN_POINT('',(-195.348253773277,60.4131115301505,-0.663858281341873));
#3702=CARTESIAN_POINT('',(-195.344524584076,60.3787296075995,-0.82848273039647));
#3703=CARTESIAN_POINT('',(-195.343661025507,60.3698787687959,-0.914134090480261));
#3704=CARTESIAN_POINT('',(-195.343661025507,60.3698787687959,-1.));
#3705=CARTESIAN_POINT('',(-195.343661025507,60.3698787687959,-1.08586590951951));
#3706=CARTESIAN_POINT('',(-195.344524584076,60.3787296075995,-1.17151726960376));
#3707=CARTESIAN_POINT('',(-195.348253773281,60.4131115301865,-1.33614171883055));
#3708=CARTESIAN_POINT('',(-195.351033122834,60.437863785108,-1.41485568348824));
#3709=CARTESIAN_POINT('',(-195.363728334683,60.536284978383,-1.64555369768341));
#3710=CARTESIAN_POINT('',(-195.377818027099,60.6328859153265,-1.78500954514718));
#3711=CARTESIAN_POINT('',(-195.428250943534,60.8737183319356,-2.01670621947343));
#3712=CARTESIAN_POINT('',(-195.46405278839,61.0137898772073,-2.10506547982663));
#3713=CARTESIAN_POINT('',(-195.564278818692,61.3139428960137,-2.22263958636631));
#3714=CARTESIAN_POINT('',(-195.627008641819,61.4686519774173,-2.25));
#3715=CARTESIAN_POINT('',(-195.701270278661,61.6198787687822,-2.25));
#3716=CARTESIAN_POINT('',(-202.298729721334,61.6198787687934,-2.25));
#3717=CARTESIAN_POINT('',(-202.372991358181,61.4686519774174,-2.25));
#3718=CARTESIAN_POINT('',(-202.435721181308,61.3139428960137,-2.2226395863663));
#3719=CARTESIAN_POINT('',(-202.53594721161,61.0137898772073,-2.10506547982663));
#3720=CARTESIAN_POINT('',(-202.571749056466,60.8737183319356,-2.01670621947342));
#3721=CARTESIAN_POINT('',(-202.622181973018,60.6328859147674,-1.7850095446092));
#3722=CARTESIAN_POINT('',(-202.636271665279,60.5362849786766,-1.64555369837176));
#3723=CARTESIAN_POINT('',(-202.648966877157,60.4378637851769,-1.41485568364976));
#3724=CARTESIAN_POINT('',(-202.651746226723,60.4131115301506,-1.33614171865837));
#3725=CARTESIAN_POINT('',(-202.655475415924,60.3787296075995,-1.17151726960335));
#3726=CARTESIAN_POINT('',(-202.656338974493,60.3698787687959,-1.08586590951992));
#3727=CARTESIAN_POINT('',(-202.656338974493,60.3698787687959,-1.));
#3728=CARTESIAN_POINT('',(-202.656338974493,60.3698787687959,-0.914134090480082));
#3729=CARTESIAN_POINT('',(-202.655475415924,60.3787296075995,-0.828482730396648));
#3730=CARTESIAN_POINT('',(-202.651746226719,60.4131115301866,-0.663858281169301));
#3731=CARTESIAN_POINT('',(-202.648966877166,60.4378637851079,-0.585144316511907));
#3732=CARTESIAN_POINT('',(-202.636271665317,60.536284978383,-0.354446302316646));
#3733=CARTESIAN_POINT('',(-202.622181972901,60.6328859153266,-0.214990454852759));
#3734=CARTESIAN_POINT('',(-202.571749056466,60.8737183319356,0.0167062194734409));
#3735=CARTESIAN_POINT('',(-202.53594721161,61.0137898772073,0.105065479826611));
#3736=CARTESIAN_POINT('',(-202.435721181308,61.3139428960137,0.222639586366307));
#3737=CARTESIAN_POINT('',(-202.372991358181,61.4686519774173,0.249999999999999));
#3738=CARTESIAN_POINT('',(-202.298729721334,61.6198787687934,0.250000000000002));
#3739=CARTESIAN_POINT('',(-201.,63.083119361945,0.249999999999999));
#3740=CARTESIAN_POINT('',(-201.,63.083119361945,3.));
#3741=CARTESIAN_POINT('',(-197.,63.083119361945,3.));
#3742=CARTESIAN_POINT('',(-197.,63.083119361945,0.25));
#3743=CARTESIAN_POINT('',(-201.,63.083119361945,-5.));
#3744=CARTESIAN_POINT('',(-201.,63.6749999999957,-5.));
#3745=CARTESIAN_POINT('',(-201.,63.083119361945,3.));
#3746=CARTESIAN_POINT('',(-201.,63.6749999999957,3.));
#3747=CARTESIAN_POINT('',(-201.,63.083119361945,0.249999999999999));
#3748=CARTESIAN_POINT('',(-201.,63.6749999999957,0.25));
#3749=CARTESIAN_POINT('',(-197.,63.083119361945,-2.25));
#3750=CARTESIAN_POINT('',(-197.,63.643582747987,-2.25));
#3751=CARTESIAN_POINT('',(-195.701270278661,61.6198787687822,-2.25));
#3752=CARTESIAN_POINT('',(-193.467514008547,61.6198787687762,-2.25));
#3753=CARTESIAN_POINT('',(-191.233757738434,61.6198787687676,-2.25));
#3754=CARTESIAN_POINT('',(-189.000001468321,61.6198787687552,-2.25));
#3755=CARTESIAN_POINT('',(-202.298729721334,61.6198787687934,0.250000000000002));
#3756=CARTESIAN_POINT('',(-205.199153147556,61.6198787687959,0.250000000000002));
#3757=CARTESIAN_POINT('',(-208.099576573778,61.6198787687959,0.250000000000001));
#3758=CARTESIAN_POINT('',(-211.,61.6198787687959,0.25));
#3759=CARTESIAN_POINT('',(-195.325,60.,-5.));
#3760=CARTESIAN_POINT('',(-195.325,60.,3.));
#3761=CARTESIAN_POINT('',(-199.,3.,-5.));
#3762=CARTESIAN_POINT('',(-196.,3.,-5.));
#3763=CARTESIAN_POINT('',(-196.,-4.44089209850063E-16,-5.));
#3764=CARTESIAN_POINT('',(-196.,-3.,-5.));
#3765=CARTESIAN_POINT('',(-199.,-3.,-5.));
#3766=CARTESIAN_POINT('',(-202.,-3.,-5.));
#3767=CARTESIAN_POINT('',(-202.,0.,-5.));
#3768=CARTESIAN_POINT('',(-202.,3.,-5.));
#3769=CARTESIAN_POINT('',(-199.,3.,-5.));
#3770=CARTESIAN_POINT('',(-199.,3.,2.99999999999999));
#3771=CARTESIAN_POINT('',(-196.,3.,2.99999999999999));
#3772=CARTESIAN_POINT('',(-196.,-4.44089209850063E-16,2.99999999999999));
#3773=CARTESIAN_POINT('',(-196.,-3.,2.99999999999999));
#3774=CARTESIAN_POINT('',(-199.,-3.,2.99999999999999));
#3775=CARTESIAN_POINT('',(-202.,-3.,2.99999999999999));
#3776=CARTESIAN_POINT('',(-202.,0.,2.99999999999999));
#3777=CARTESIAN_POINT('',(-202.,3.,2.99999999999999));
#3778=CARTESIAN_POINT('',(-199.,3.,2.99999999999999));
#3779=CARTESIAN_POINT('',(-199.,3.,-5.));
#3780=CARTESIAN_POINT('',(-199.,3.,3.));
#3781=CARTESIAN_POINT('',(-193.639866098952,-8.50846828184425,3.));
#3782=CARTESIAN_POINT('',(-193.639866098952,-8.50846828184425,-5.));
#3783=CARTESIAN_POINT('',(-193.639866098952,-8.50846828184425,3.));
#3784=CARTESIAN_POINT('',(-193.523963322688,-7.94654047147204,3.));
#3785=CARTESIAN_POINT('',(-193.408060967918,-7.3846125717956,3.));
#3786=CARTESIAN_POINT('',(-193.292159227038,-6.82268454204918,3.));
#3787=CARTESIAN_POINT('',(-193.176258292441,-6.26075634146702,3.));
#3788=CARTESIAN_POINT('',(-193.060358356524,-5.69882792928337,3.));
#3789=CARTESIAN_POINT('',(-192.97880239168,-5.30341257839646,3.));
#3790=CARTESIAN_POINT('',(-192.897246921892,-4.90799712540237,3.));
#3791=CARTESIAN_POINT('',(-192.308459020892,-4.95200429368274,3.));
#3792=CARTESIAN_POINT('',(-192.19594767942,-5.26565955274311,3.));
#3793=CARTESIAN_POINT('',(-192.239455677165,-5.6463693648731,3.));
#3794=CARTESIAN_POINT('',(-193.639866098952,-8.50846828184425,-5.));
#3795=CARTESIAN_POINT('',(-193.523963322688,-7.94654047147204,-5.));
#3796=CARTESIAN_POINT('',(-193.408060967918,-7.3846125717956,-5.));
#3797=CARTESIAN_POINT('',(-193.292159227038,-6.82268454204918,-5.));
#3798=CARTESIAN_POINT('',(-193.176258292441,-6.26075634146702,-5.));
#3799=CARTESIAN_POINT('',(-193.060358356524,-5.69882792928337,-5.));
#3800=CARTESIAN_POINT('',(-192.97880239168,-5.30341257839646,-5.));
#3801=CARTESIAN_POINT('',(-192.897246921892,-4.90799712540237,-5.));
#3802=CARTESIAN_POINT('',(-192.308459020892,-4.95200429368274,-5.));
#3803=CARTESIAN_POINT('',(-192.19594767942,-5.26565955274311,-5.));
#3804=CARTESIAN_POINT('',(-192.239455677165,-5.6463693648731,-5.));
#3805=CARTESIAN_POINT('',(-192.239455677165,-5.6463693648731,-5.));
#3806=CARTESIAN_POINT('',(-187.962895229175,18.8342085873608,-5.));
#3807=CARTESIAN_POINT('',(-183.686334781185,43.3147865395948,-5.));
#3808=CARTESIAN_POINT('',(-192.239455677165,-5.6463693648731,3.));
#3809=CARTESIAN_POINT('',(-187.962895229175,18.8342085873608,3.));
#3810=CARTESIAN_POINT('',(-183.686334781185,43.3147865395948,3.));
#3811=CARTESIAN_POINT('',(-192.276850271545,-5.86042954057631,3.));
#3812=CARTESIAN_POINT('',(-192.289225325158,-5.92042866113486,3.));
#3813=CARTESIAN_POINT('',(-192.301563764286,-5.98025026028426,3.));
#3814=CARTESIAN_POINT('',(-192.313865670611,-6.039894734056,3.));
#3815=CARTESIAN_POINT('',(-192.326131125816,-6.09936247848156,3.));
#3816=CARTESIAN_POINT('',(-192.338360211584,-6.15865388959241,3.));
#3817=CARTESIAN_POINT('',(-194.053149802616,-14.4726273571939,3.));
#3818=CARTESIAN_POINT('',(-195.052833641726,-19.3194872622366,3.));
#3819=CARTESIAN_POINT('',(-195.562619025153,-21.7911270331712,3.));
#3820=CARTESIAN_POINT('',(-195.807713249132,-22.9794400984482,3.));
#3821=CARTESIAN_POINT('',(-196.0133236099,-23.9763198865181,3.));
#3822=CARTESIAN_POINT('',(-192.276850271545,-5.86042954057631,-5.));
#3823=CARTESIAN_POINT('',(-192.289225325158,-5.92042866113486,-5.));
#3824=CARTESIAN_POINT('',(-192.301563764286,-5.98025026028426,-5.));
#3825=CARTESIAN_POINT('',(-192.313865670611,-6.039894734056,-5.));
#3826=CARTESIAN_POINT('',(-192.326131125816,-6.09936247848156,-5.));
#3827=CARTESIAN_POINT('',(-192.338360211584,-6.15865388959241,-5.));
#3828=CARTESIAN_POINT('',(-194.053149802616,-14.4726273571939,-5.));
#3829=CARTESIAN_POINT('',(-195.052833641726,-19.3194872622367,-5.));
#3830=CARTESIAN_POINT('',(-195.562619025153,-21.7911270331712,-5.));
#3831=CARTESIAN_POINT('',(-195.807713249132,-22.9794400984482,-5.));
#3832=CARTESIAN_POINT('',(-196.0133236099,-23.9763198865181,-5.));
#3833=CARTESIAN_POINT('',(0.,0.,0.));
ENDSEC;
END-ISO-10303-21;
