ISO-10303-21;
HEADER;
/* Generated by software containing ST-Developer
 * from STEP Tools, Inc. (www.steptools.com) 
 */
/* OPTION: using custom schema-name function */

FILE_DESCRIPTION(
/* description */ (''),
/* implementation_level */ '2;1');

FILE_NAME(
/* name */ 'SPB9CC~1',
/* time_stamp */ '2026-04-27T17:25:38+03:00',
/* author */ (''),
/* organization */ (''),
/* preprocessor_version */ 'ST-DEVELOPER v16.5',
/* originating_system */ '',
/* authorisation */ '');

FILE_SCHEMA (('CONFIG_CONTROL_DESIGN'));
ENDSEC;

DATA;
#10=SHAPE_REPRESENTATION_RELATIONSHIP('','',#1743,#150);
#11=(
BOUNDED_CURVE()
B_SPLINE_CURVE(1,(#3496,#3497),.UNSPECIFIED.,.F.,.F.)
B_SPLINE_CURVE_WITH_KNOTS((2,2),(0.,12.),.UNSPECIFIED.)
CURVE()
GEOMETRIC_REPRESENTATION_ITEM()
RATIONAL_B_SPLINE_CURVE((1.,1.))
REPRESENTATION_ITEM('')
);
#12=(
BOUNDED_CURVE()
B_SPLINE_CURVE(2,(#3498,#3499,#3500),.UNSPECIFIED.,.F.,.F.)
B_SPLINE_CURVE_WITH_KNOTS((3,3),(0.,264.18888182678),.UNSPECIFIED.)
CURVE()
GEOMETRIC_REPRESENTATION_ITEM()
RATIONAL_B_SPLINE_CURVE((1.,1.,1.))
REPRESENTATION_ITEM('')
);
#13=(
BOUNDED_CURVE()
B_SPLINE_CURVE(1,(#3501,#3502),.UNSPECIFIED.,.F.,.F.)
B_SPLINE_CURVE_WITH_KNOTS((2,2),(0.,11.9999999999998),.UNSPECIFIED.)
CURVE()
GEOMETRIC_REPRESENTATION_ITEM()
RATIONAL_B_SPLINE_CURVE((1.,1.))
REPRESENTATION_ITEM('')
);
#14=(
BOUNDED_CURVE()
B_SPLINE_CURVE(2,(#3503,#3504,#3505),.UNSPECIFIED.,.F.,.F.)
B_SPLINE_CURVE_WITH_KNOTS((3,3),(0.,264.18888182678),.UNSPECIFIED.)
CURVE()
GEOMETRIC_REPRESENTATION_ITEM()
RATIONAL_B_SPLINE_CURVE((1.,1.,1.))
REPRESENTATION_ITEM('')
);
#15=(
BOUNDED_CURVE()
B_SPLINE_CURVE(2,(#3506,#3507,#3508,#3509,#3510),.UNSPECIFIED.,.F.,.F.)
B_SPLINE_CURVE_WITH_KNOTS((3,2,3),(0.,2.0000000000009,4.00000000000096),
 .UNSPECIFIED.)
CURVE()
GEOMETRIC_REPRESENTATION_ITEM()
RATIONAL_B_SPLINE_CURVE((1.,0.707106781186548,1.,0.707106781186533,1.))
REPRESENTATION_ITEM('')
);
#16=(
BOUNDED_CURVE()
B_SPLINE_CURVE(1,(#3511,#3512),.UNSPECIFIED.,.F.,.F.)
B_SPLINE_CURVE_WITH_KNOTS((2,2),(0.,12.),.UNSPECIFIED.)
CURVE()
GEOMETRIC_REPRESENTATION_ITEM()
RATIONAL_B_SPLINE_CURVE((1.,1.))
REPRESENTATION_ITEM('')
);
#17=(
BOUNDED_CURVE()
B_SPLINE_CURVE(2,(#3513,#3514,#3515),.UNSPECIFIED.,.F.,.F.)
B_SPLINE_CURVE_WITH_KNOTS((3,3),(0.,5.765245180412),.UNSPECIFIED.)
CURVE()
GEOMETRIC_REPRESENTATION_ITEM()
RATIONAL_B_SPLINE_CURVE((1.,1.,1.))
REPRESENTATION_ITEM('')
);
#18=(
BOUNDED_CURVE()
B_SPLINE_CURVE(1,(#3516,#3517),.UNSPECIFIED.,.F.,.F.)
B_SPLINE_CURVE_WITH_KNOTS((2,2),(0.,12.),.UNSPECIFIED.)
CURVE()
GEOMETRIC_REPRESENTATION_ITEM()
RATIONAL_B_SPLINE_CURVE((1.,1.))
REPRESENTATION_ITEM('')
);
#19=(
BOUNDED_CURVE()
B_SPLINE_CURVE(2,(#3518,#3519,#3520),.UNSPECIFIED.,.F.,.F.)
B_SPLINE_CURVE_WITH_KNOTS((3,3),(0.,5.765245180412),.UNSPECIFIED.)
CURVE()
GEOMETRIC_REPRESENTATION_ITEM()
RATIONAL_B_SPLINE_CURVE((1.,1.,1.))
REPRESENTATION_ITEM('')
);
#20=(
BOUNDED_CURVE()
B_SPLINE_CURVE(1,(#3521,#3522),.UNSPECIFIED.,.F.,.F.)
B_SPLINE_CURVE_WITH_KNOTS((2,2),(-12.,0.),.UNSPECIFIED.)
CURVE()
GEOMETRIC_REPRESENTATION_ITEM()
RATIONAL_B_SPLINE_CURVE((1.,1.))
REPRESENTATION_ITEM('')
);
#21=(
BOUNDED_CURVE()
B_SPLINE_CURVE(2,(#3523,#3524,#3525,#3526,#3527),.UNSPECIFIED.,.F.,.F.)
B_SPLINE_CURVE_WITH_KNOTS((3,2,3),(-5.10198733180896,-2.55099366590416,
0.),.UNSPECIFIED.)
CURVE()
GEOMETRIC_REPRESENTATION_ITEM()
RATIONAL_B_SPLINE_CURVE((1.,0.772168229901195,1.,0.772168229901195,1.))
REPRESENTATION_ITEM('')
);
#22=(
BOUNDED_CURVE()
B_SPLINE_CURVE(1,(#3528,#3529),.UNSPECIFIED.,.F.,.F.)
B_SPLINE_CURVE_WITH_KNOTS((2,2),(-12.,0.),.UNSPECIFIED.)
CURVE()
GEOMETRIC_REPRESENTATION_ITEM()
RATIONAL_B_SPLINE_CURVE((1.,1.))
REPRESENTATION_ITEM('')
);
#23=(
BOUNDED_CURVE()
B_SPLINE_CURVE(2,(#3530,#3531,#3532,#3533,#3534),.UNSPECIFIED.,.F.,.F.)
B_SPLINE_CURVE_WITH_KNOTS((3,2,3),(-5.10198733180964,-2.55099366590456,
0.),.UNSPECIFIED.)
CURVE()
GEOMETRIC_REPRESENTATION_ITEM()
RATIONAL_B_SPLINE_CURVE((1.,0.772168229901119,1.,0.772168229901119,1.))
REPRESENTATION_ITEM('')
);
#24=(
BOUNDED_CURVE()
B_SPLINE_CURVE(2,(#3539,#3540,#3541),.UNSPECIFIED.,.F.,.F.)
B_SPLINE_CURVE_WITH_KNOTS((3,3),(0.,8.13084444531855),.UNSPECIFIED.)
CURVE()
GEOMETRIC_REPRESENTATION_ITEM()
RATIONAL_B_SPLINE_CURVE((1.,1.,1.))
REPRESENTATION_ITEM('')
);
#25=(
BOUNDED_CURVE()
B_SPLINE_CURVE(2,(#3542,#3543,#3544),.UNSPECIFIED.,.F.,.F.)
B_SPLINE_CURVE_WITH_KNOTS((3,3),(0.,8.13084444531855),.UNSPECIFIED.)
CURVE()
GEOMETRIC_REPRESENTATION_ITEM()
RATIONAL_B_SPLINE_CURVE((1.,1.,1.))
REPRESENTATION_ITEM('')
);
#26=(
BOUNDED_CURVE()
B_SPLINE_CURVE(1,(#3557,#3558),.UNSPECIFIED.,.F.,.F.)
B_SPLINE_CURVE_WITH_KNOTS((2,2),(0.,12.),.UNSPECIFIED.)
CURVE()
GEOMETRIC_REPRESENTATION_ITEM()
RATIONAL_B_SPLINE_CURVE((1.,1.))
REPRESENTATION_ITEM('')
);
#27=(
BOUNDED_CURVE()
B_SPLINE_CURVE(2,(#3607,#3608,#3609,#3610,#3611),.UNSPECIFIED.,.F.,.F.)
B_SPLINE_CURVE_WITH_KNOTS((3,2,3),(-5.02081125189926,-2.51040562594964,
0.),.UNSPECIFIED.)
CURVE()
GEOMETRIC_REPRESENTATION_ITEM()
RATIONAL_B_SPLINE_CURVE((1.,0.777136750870993,1.,0.777136750870993,1.))
REPRESENTATION_ITEM('')
);
#28=(
BOUNDED_CURVE()
B_SPLINE_CURVE(2,(#3612,#3613,#3614,#3615,#3616),.UNSPECIFIED.,.F.,.F.)
B_SPLINE_CURVE_WITH_KNOTS((3,2,3),(-5.0208112518992,-2.51040562594955,0.),
 .UNSPECIFIED.)
CURVE()
GEOMETRIC_REPRESENTATION_ITEM()
RATIONAL_B_SPLINE_CURVE((1.,0.777136750870966,1.,0.777136750870966,1.))
REPRESENTATION_ITEM('')
);
#29=(
BOUNDED_CURVE()
B_SPLINE_CURVE(1,(#3617,#3618),.UNSPECIFIED.,.F.,.F.)
B_SPLINE_CURVE_WITH_KNOTS((2,2),(-12.,0.),.UNSPECIFIED.)
CURVE()
GEOMETRIC_REPRESENTATION_ITEM()
RATIONAL_B_SPLINE_CURVE((1.,1.))
REPRESENTATION_ITEM('')
);
#30=(
BOUNDED_CURVE()
B_SPLINE_CURVE(1,(#3625,#3626),.UNSPECIFIED.,.F.,.F.)
B_SPLINE_CURVE_WITH_KNOTS((2,2),(0.,12.),.UNSPECIFIED.)
CURVE()
GEOMETRIC_REPRESENTATION_ITEM()
RATIONAL_B_SPLINE_CURVE((1.,1.))
REPRESENTATION_ITEM('')
);
#31=(
BOUNDED_CURVE()
B_SPLINE_CURVE(2,(#3633,#3634,#3635),.UNSPECIFIED.,.F.,.F.)
B_SPLINE_CURVE_WITH_KNOTS((3,3),(-240.346659172896,0.),.UNSPECIFIED.)
CURVE()
GEOMETRIC_REPRESENTATION_ITEM()
RATIONAL_B_SPLINE_CURVE((1.,1.,1.))
REPRESENTATION_ITEM('')
);
#32=(
BOUNDED_CURVE()
B_SPLINE_CURVE(2,(#3636,#3637,#3638),.UNSPECIFIED.,.F.,.F.)
B_SPLINE_CURVE_WITH_KNOTS((3,3),(-240.346659172896,0.),.UNSPECIFIED.)
CURVE()
GEOMETRIC_REPRESENTATION_ITEM()
RATIONAL_B_SPLINE_CURVE((1.,1.,1.))
REPRESENTATION_ITEM('')
);
#33=(
BOUNDED_CURVE()
B_SPLINE_CURVE(1,(#3639,#3640),.UNSPECIFIED.,.F.,.F.)
B_SPLINE_CURVE_WITH_KNOTS((2,2),(0.,12.),.UNSPECIFIED.)
CURVE()
GEOMETRIC_REPRESENTATION_ITEM()
RATIONAL_B_SPLINE_CURVE((1.,1.))
REPRESENTATION_ITEM('')
);
#34=(
BOUNDED_CURVE()
B_SPLINE_CURVE(2,(#3653,#3654,#3655,#3656,#3657),.UNSPECIFIED.,.F.,.F.)
B_SPLINE_CURVE_WITH_KNOTS((3,2,3),(-1.4890252562072E-6,0.785397418884723,
1.5707963267949),.UNSPECIFIED.)
CURVE()
GEOMETRIC_REPRESENTATION_ITEM()
RATIONAL_B_SPLINE_CURVE((1.,0.92387940425506,1.,0.92387940425506,1.))
REPRESENTATION_ITEM('')
);
#35=(
BOUNDED_CURVE()
B_SPLINE_CURVE(2,(#3698,#3699,#3700),.UNSPECIFIED.,.F.,.F.)
B_SPLINE_CURVE_WITH_KNOTS((3,3),(-1.24019457008366E-12,1.5707963267949),
 .UNSPECIFIED.)
CURVE()
GEOMETRIC_REPRESENTATION_ITEM()
RATIONAL_B_SPLINE_CURVE((1.,0.707106781186153,1.))
REPRESENTATION_ITEM('')
);
#36=(
BOUNDED_CURVE()
B_SPLINE_CURVE(2,(#3701,#3702,#3703,#3704,#3705),.UNSPECIFIED.,.F.,.F.)
B_SPLINE_CURVE_WITH_KNOTS((3,2,3),(4.00000000000096,6.00000000000088,8.00000000000177),
 .UNSPECIFIED.)
CURVE()
GEOMETRIC_REPRESENTATION_ITEM()
RATIONAL_B_SPLINE_CURVE((1.,0.707106781186563,1.,0.707106781186548,1.))
REPRESENTATION_ITEM('')
);
#37=(
BOUNDED_CURVE()
B_SPLINE_CURVE(2,(#3981,#3982,#3983,#3984,#3985),.UNSPECIFIED.,.F.,.F.)
B_SPLINE_CURVE_WITH_KNOTS((3,2,3),(0.,2.0000000000009,4.00000000000073),
 .UNSPECIFIED.)
CURVE()
GEOMETRIC_REPRESENTATION_ITEM()
RATIONAL_B_SPLINE_CURVE((1.,0.707106781186548,1.,0.707106781186589,1.))
REPRESENTATION_ITEM('')
);
#38=(
BOUNDED_CURVE()
B_SPLINE_CURVE(2,(#3986,#3987,#3988,#3989,#3990),.UNSPECIFIED.,.F.,.F.)
B_SPLINE_CURVE_WITH_KNOTS((3,2,3),(0.,2.0000000000009,4.00000000000073),
 .UNSPECIFIED.)
CURVE()
GEOMETRIC_REPRESENTATION_ITEM()
RATIONAL_B_SPLINE_CURVE((1.,0.707106781186548,1.,0.707106781186589,1.))
REPRESENTATION_ITEM('')
);
#39=(
BOUNDED_CURVE()
B_SPLINE_CURVE(1,(#4003,#4004),.UNSPECIFIED.,.F.,.F.)
B_SPLINE_CURVE_WITH_KNOTS((2,2),(0.,12.),.UNSPECIFIED.)
CURVE()
GEOMETRIC_REPRESENTATION_ITEM()
RATIONAL_B_SPLINE_CURVE((1.,1.))
REPRESENTATION_ITEM('')
);
#40=(
BOUNDED_CURVE()
B_SPLINE_CURVE(2,(#4023,#4024,#4025,#4026,#4027),.UNSPECIFIED.,.F.,.F.)
B_SPLINE_CURVE_WITH_KNOTS((3,2,3),(-4.98027714323674,-2.49013857161801,
0.),.UNSPECIFIED.)
CURVE()
GEOMETRIC_REPRESENTATION_ITEM()
RATIONAL_B_SPLINE_CURVE((1.,0.779623474358236,1.,0.779623474358236,1.))
REPRESENTATION_ITEM('')
);
#41=(
BOUNDED_CURVE()
B_SPLINE_CURVE(2,(#4030,#4031,#4032,#4033,#4034),.UNSPECIFIED.,.F.,.F.)
B_SPLINE_CURVE_WITH_KNOTS((3,2,3),(-4.98027714323336,-2.49013857161696,
0.),.UNSPECIFIED.)
CURVE()
GEOMETRIC_REPRESENTATION_ITEM()
RATIONAL_B_SPLINE_CURVE((1.,0.779623474358435,1.,0.779623474358435,1.))
REPRESENTATION_ITEM('')
);
#42=(
BOUNDED_CURVE()
B_SPLINE_CURVE(1,(#4035,#4036),.UNSPECIFIED.,.F.,.F.)
B_SPLINE_CURVE_WITH_KNOTS((2,2),(-12.,0.),.UNSPECIFIED.)
CURVE()
GEOMETRIC_REPRESENTATION_ITEM()
RATIONAL_B_SPLINE_CURVE((1.,1.))
REPRESENTATION_ITEM('')
);
#43=(
BOUNDED_CURVE()
B_SPLINE_CURVE(1,(#4037,#4038),.UNSPECIFIED.,.F.,.F.)
B_SPLINE_CURVE_WITH_KNOTS((2,2),(-12.,0.),.UNSPECIFIED.)
CURVE()
GEOMETRIC_REPRESENTATION_ITEM()
RATIONAL_B_SPLINE_CURVE((1.,1.))
REPRESENTATION_ITEM('')
);
#44=(
BOUNDED_CURVE()
B_SPLINE_CURVE(2,(#4039,#4040,#4041),.UNSPECIFIED.,.F.,.F.)
B_SPLINE_CURVE_WITH_KNOTS((3,3),(-0.0590964677943925,0.),.UNSPECIFIED.)
CURVE()
GEOMETRIC_REPRESENTATION_ITEM()
RATIONAL_B_SPLINE_CURVE((1.,0.999818343346601,1.))
REPRESENTATION_ITEM('')
);
#45=(
BOUNDED_CURVE()
B_SPLINE_CURVE(2,(#4042,#4043,#4044),.UNSPECIFIED.,.F.,.F.)
B_SPLINE_CURVE_WITH_KNOTS((3,3),(-0.0590964677943491,0.),.UNSPECIFIED.)
CURVE()
GEOMETRIC_REPRESENTATION_ITEM()
RATIONAL_B_SPLINE_CURVE((1.,0.999818343347188,1.))
REPRESENTATION_ITEM('')
);
#46=(
BOUNDED_CURVE()
B_SPLINE_CURVE(2,(#4045,#4046,#4047,#4048,#4049),.UNSPECIFIED.,.F.,.F.)
B_SPLINE_CURVE_WITH_KNOTS((3,2,3),(-6.19999999999982,-3.09999999999991,
0.),.UNSPECIFIED.)
CURVE()
GEOMETRIC_REPRESENTATION_ITEM()
RATIONAL_B_SPLINE_CURVE((1.,0.707106781186548,1.,0.707106781186548,1.))
REPRESENTATION_ITEM('')
);
#47=(
BOUNDED_CURVE()
B_SPLINE_CURVE(2,(#4050,#4051,#4052,#4053,#4054),.UNSPECIFIED.,.F.,.F.)
B_SPLINE_CURVE_WITH_KNOTS((3,2,3),(-6.19999999999885,-3.09999999999931,
0.),.UNSPECIFIED.)
CURVE()
GEOMETRIC_REPRESENTATION_ITEM()
RATIONAL_B_SPLINE_CURVE((1.,0.70710678118658,1.,0.70710678118658,1.))
REPRESENTATION_ITEM('')
);
#48=(
BOUNDED_CURVE()
B_SPLINE_CURVE(2,(#4169,#4170,#4171,#4172,#4173),.UNSPECIFIED.,.F.,.F.)
B_SPLINE_CURVE_WITH_KNOTS((3,2,3),(-1.48902525176631E-6,0.785397418884783,
1.5707963267949),.UNSPECIFIED.)
CURVE()
GEOMETRIC_REPRESENTATION_ITEM()
RATIONAL_B_SPLINE_CURVE((1.,0.923879404255082,1.,0.923879404255082,1.))
REPRESENTATION_ITEM('')
);
#49=(
BOUNDED_CURVE()
B_SPLINE_CURVE(2,(#4174,#4175,#4176,#4177,#4178),.UNSPECIFIED.,.F.,.F.)
B_SPLINE_CURVE_WITH_KNOTS((3,2,3),(-1.48902525176631E-6,0.785397418884725,
1.5707963267949),.UNSPECIFIED.)
CURVE()
GEOMETRIC_REPRESENTATION_ITEM()
RATIONAL_B_SPLINE_CURVE((1.,0.92387940425506,1.,0.92387940425506,1.))
REPRESENTATION_ITEM('')
);
#50=(
BOUNDED_CURVE()
B_SPLINE_CURVE(2,(#4199,#4200,#4201),.UNSPECIFIED.,.F.,.F.)
B_SPLINE_CURVE_WITH_KNOTS((3,3),(-1.24019456309564E-12,1.5707963267949),
 .UNSPECIFIED.)
CURVE()
GEOMETRIC_REPRESENTATION_ITEM()
RATIONAL_B_SPLINE_CURVE((1.,0.707106781186153,1.))
REPRESENTATION_ITEM('')
);
#51=(
BOUNDED_CURVE()
B_SPLINE_CURVE(2,(#4202,#4203,#4204,#4205,#4206),.UNSPECIFIED.,.F.,.F.)
B_SPLINE_CURVE_WITH_KNOTS((3,2,3),(4.00000000000073,6.0000000000009,8.0000000000018),
 .UNSPECIFIED.)
CURVE()
GEOMETRIC_REPRESENTATION_ITEM()
RATIONAL_B_SPLINE_CURVE((1.,0.707106781186507,1.,0.707106781186548,1.))
REPRESENTATION_ITEM('')
);
#52=(
BOUNDED_CURVE()
B_SPLINE_CURVE(2,(#4207,#4208,#4209),.UNSPECIFIED.,.F.,.F.)
B_SPLINE_CURVE_WITH_KNOTS((3,3),(-1.2401945633074E-12,1.5707963267949),
 .UNSPECIFIED.)
CURVE()
GEOMETRIC_REPRESENTATION_ITEM()
RATIONAL_B_SPLINE_CURVE((1.,0.707106781186153,1.))
REPRESENTATION_ITEM('')
);
#53=(
BOUNDED_CURVE()
B_SPLINE_CURVE(2,(#4210,#4211,#4212,#4213,#4214),.UNSPECIFIED.,.F.,.F.)
B_SPLINE_CURVE_WITH_KNOTS((3,2,3),(4.00000000000073,6.0000000000009,8.0000000000018),
 .UNSPECIFIED.)
CURVE()
GEOMETRIC_REPRESENTATION_ITEM()
RATIONAL_B_SPLINE_CURVE((1.,0.707106781186507,1.,0.707106781186548,1.))
REPRESENTATION_ITEM('')
);
#54=(
BOUNDED_CURVE()
B_SPLINE_CURVE(2,(#4449,#4450,#4451),.UNSPECIFIED.,.F.,.F.)
B_SPLINE_CURVE_WITH_KNOTS((3,3),(0.,1.33093533008598),.UNSPECIFIED.)
CURVE()
GEOMETRIC_REPRESENTATION_ITEM()
RATIONAL_B_SPLINE_CURVE((1.,0.832510706607015,1.))
REPRESENTATION_ITEM('')
);
#55=(
BOUNDED_CURVE()
B_SPLINE_CURVE(1,(#4452,#4453),.UNSPECIFIED.,.F.,.F.)
B_SPLINE_CURVE_WITH_KNOTS((2,2),(0.,12.),.UNSPECIFIED.)
CURVE()
GEOMETRIC_REPRESENTATION_ITEM()
RATIONAL_B_SPLINE_CURVE((1.,1.))
REPRESENTATION_ITEM('')
);
#56=(
BOUNDED_CURVE()
B_SPLINE_CURVE(2,(#4454,#4455,#4456),.UNSPECIFIED.,.F.,.F.)
B_SPLINE_CURVE_WITH_KNOTS((3,3),(0.,1.33093533008598),.UNSPECIFIED.)
CURVE()
GEOMETRIC_REPRESENTATION_ITEM()
RATIONAL_B_SPLINE_CURVE((1.,0.832510706607015,1.))
REPRESENTATION_ITEM('')
);
#57=(
BOUNDED_CURVE()
B_SPLINE_CURVE(1,(#4457,#4458),.UNSPECIFIED.,.F.,.F.)
B_SPLINE_CURVE_WITH_KNOTS((2,2),(0.,12.),.UNSPECIFIED.)
CURVE()
GEOMETRIC_REPRESENTATION_ITEM()
RATIONAL_B_SPLINE_CURVE((1.,1.))
REPRESENTATION_ITEM('')
);
#58=(
BOUNDED_CURVE()
B_SPLINE_CURVE(5,(#4459,#4460,#4461,#4462,#4463,#4464),.UNSPECIFIED.,.F.,
 .F.)
B_SPLINE_CURVE_WITH_KNOTS((6,6),(0.,240.654835384114),.UNSPECIFIED.)
CURVE()
GEOMETRIC_REPRESENTATION_ITEM()
RATIONAL_B_SPLINE_CURVE((1.,1.,1.,1.,1.,1.))
REPRESENTATION_ITEM('')
);
#59=(
BOUNDED_CURVE()
B_SPLINE_CURVE(1,(#4465,#4466),.UNSPECIFIED.,.F.,.F.)
B_SPLINE_CURVE_WITH_KNOTS((2,2),(0.,12.),.UNSPECIFIED.)
CURVE()
GEOMETRIC_REPRESENTATION_ITEM()
RATIONAL_B_SPLINE_CURVE((1.,1.))
REPRESENTATION_ITEM('')
);
#60=(
BOUNDED_CURVE()
B_SPLINE_CURVE(5,(#4467,#4468,#4469,#4470,#4471,#4472),.UNSPECIFIED.,.F.,
 .F.)
B_SPLINE_CURVE_WITH_KNOTS((6,6),(0.,240.654835384114),.UNSPECIFIED.)
CURVE()
GEOMETRIC_REPRESENTATION_ITEM()
RATIONAL_B_SPLINE_CURVE((1.,1.,1.,1.,1.,1.))
REPRESENTATION_ITEM('')
);
#61=(
BOUNDED_CURVE()
B_SPLINE_CURVE(2,(#4473,#4474,#4475),.UNSPECIFIED.,.F.,.F.)
B_SPLINE_CURVE_WITH_KNOTS((3,3),(0.,1.28775055119304),.UNSPECIFIED.)
CURVE()
GEOMETRIC_REPRESENTATION_ITEM()
RATIONAL_B_SPLINE_CURVE((1.,0.840788869679728,1.))
REPRESENTATION_ITEM('')
);
#62=(
BOUNDED_CURVE()
B_SPLINE_CURVE(1,(#4476,#4477),.UNSPECIFIED.,.F.,.F.)
B_SPLINE_CURVE_WITH_KNOTS((2,2),(0.,12.),.UNSPECIFIED.)
CURVE()
GEOMETRIC_REPRESENTATION_ITEM()
RATIONAL_B_SPLINE_CURVE((1.,1.))
REPRESENTATION_ITEM('')
);
#63=(
BOUNDED_CURVE()
B_SPLINE_CURVE(2,(#4478,#4479,#4480),.UNSPECIFIED.,.F.,.F.)
B_SPLINE_CURVE_WITH_KNOTS((3,3),(0.,1.28775055119304),.UNSPECIFIED.)
CURVE()
GEOMETRIC_REPRESENTATION_ITEM()
RATIONAL_B_SPLINE_CURVE((1.,0.840788869679728,1.))
REPRESENTATION_ITEM('')
);
#64=(
BOUNDED_CURVE()
B_SPLINE_CURVE(2,(#4481,#4482,#4483,#4484,#4485),.UNSPECIFIED.,.F.,.F.)
B_SPLINE_CURVE_WITH_KNOTS((3,2,3),(-4.78245869226313,-2.39122934613139,
0.),.UNSPECIFIED.)
CURVE()
GEOMETRIC_REPRESENTATION_ITEM()
RATIONAL_B_SPLINE_CURVE((1.,0.78198276844009,1.,0.78198276844009,1.))
REPRESENTATION_ITEM('')
);
#65=(
BOUNDED_CURVE()
B_SPLINE_CURVE(1,(#4486,#4487),.UNSPECIFIED.,.F.,.F.)
B_SPLINE_CURVE_WITH_KNOTS((2,2),(-12.,0.),.UNSPECIFIED.)
CURVE()
GEOMETRIC_REPRESENTATION_ITEM()
RATIONAL_B_SPLINE_CURVE((1.,1.))
REPRESENTATION_ITEM('')
);
#66=(
BOUNDED_CURVE()
B_SPLINE_CURVE(2,(#4488,#4489,#4490,#4491,#4492),.UNSPECIFIED.,.F.,.F.)
B_SPLINE_CURVE_WITH_KNOTS((3,2,3),(-4.78245869226378,-2.39122934613172,
0.),.UNSPECIFIED.)
CURVE()
GEOMETRIC_REPRESENTATION_ITEM()
RATIONAL_B_SPLINE_CURVE((1.,0.781982768440079,1.,0.781982768440079,1.))
REPRESENTATION_ITEM('')
);
#67=(
BOUNDED_CURVE()
B_SPLINE_CURVE(5,(#4493,#4494,#4495,#4496,#4497,#4498),.UNSPECIFIED.,.F.,
 .F.)
B_SPLINE_CURVE_WITH_KNOTS((6,6),(0.,0.0190600682973184),.UNSPECIFIED.)
CURVE()
GEOMETRIC_REPRESENTATION_ITEM()
RATIONAL_B_SPLINE_CURVE((1.,1.,1.,1.,1.,1.))
REPRESENTATION_ITEM('')
);
#68=(
BOUNDED_CURVE()
B_SPLINE_CURVE(1,(#4499,#4500),.UNSPECIFIED.,.F.,.F.)
B_SPLINE_CURVE_WITH_KNOTS((2,2),(0.,12.),.UNSPECIFIED.)
CURVE()
GEOMETRIC_REPRESENTATION_ITEM()
RATIONAL_B_SPLINE_CURVE((1.,1.))
REPRESENTATION_ITEM('')
);
#69=(
BOUNDED_CURVE()
B_SPLINE_CURVE(5,(#4501,#4502,#4503,#4504,#4505,#4506),.UNSPECIFIED.,.F.,
 .F.)
B_SPLINE_CURVE_WITH_KNOTS((6,6),(0.,0.0190600682973184),.UNSPECIFIED.)
CURVE()
GEOMETRIC_REPRESENTATION_ITEM()
RATIONAL_B_SPLINE_CURVE((1.,1.,1.,1.,1.,1.))
REPRESENTATION_ITEM('')
);
#70=(
BOUNDED_CURVE()
B_SPLINE_CURVE(5,(#4507,#4508,#4509,#4510,#4511,#4512),.UNSPECIFIED.,.F.,
 .F.)
B_SPLINE_CURVE_WITH_KNOTS((6,6),(0.,1.5310383704588),.UNSPECIFIED.)
CURVE()
GEOMETRIC_REPRESENTATION_ITEM()
RATIONAL_B_SPLINE_CURVE((1.,1.,1.,1.,1.,1.))
REPRESENTATION_ITEM('')
);
#71=(
BOUNDED_CURVE()
B_SPLINE_CURVE(1,(#4513,#4514),.UNSPECIFIED.,.F.,.F.)
B_SPLINE_CURVE_WITH_KNOTS((2,2),(0.,12.),.UNSPECIFIED.)
CURVE()
GEOMETRIC_REPRESENTATION_ITEM()
RATIONAL_B_SPLINE_CURVE((1.,1.))
REPRESENTATION_ITEM('')
);
#72=(
BOUNDED_CURVE()
B_SPLINE_CURVE(5,(#4515,#4516,#4517,#4518,#4519,#4520),.UNSPECIFIED.,.F.,
 .F.)
B_SPLINE_CURVE_WITH_KNOTS((6,6),(0.,1.5310383704588),.UNSPECIFIED.)
CURVE()
GEOMETRIC_REPRESENTATION_ITEM()
RATIONAL_B_SPLINE_CURVE((1.,1.,1.,1.,1.,1.))
REPRESENTATION_ITEM('')
);
#73=(
BOUNDED_CURVE()
B_SPLINE_CURVE(2,(#4521,#4522,#4523),.UNSPECIFIED.,.F.,.F.)
B_SPLINE_CURVE_WITH_KNOTS((3,3),(0.,1.00000000000077),.UNSPECIFIED.)
CURVE()
GEOMETRIC_REPRESENTATION_ITEM()
RATIONAL_B_SPLINE_CURVE((1.,0.707106781186163,1.))
REPRESENTATION_ITEM('')
);
#74=(
BOUNDED_CURVE()
B_SPLINE_CURVE(1,(#4524,#4525),.UNSPECIFIED.,.F.,.F.)
B_SPLINE_CURVE_WITH_KNOTS((2,2),(0.,12.),.UNSPECIFIED.)
CURVE()
GEOMETRIC_REPRESENTATION_ITEM()
RATIONAL_B_SPLINE_CURVE((1.,1.))
REPRESENTATION_ITEM('')
);
#75=(
BOUNDED_CURVE()
B_SPLINE_CURVE(2,(#4526,#4527,#4528),.UNSPECIFIED.,.F.,.F.)
B_SPLINE_CURVE_WITH_KNOTS((3,3),(0.,1.00000000000077),.UNSPECIFIED.)
CURVE()
GEOMETRIC_REPRESENTATION_ITEM()
RATIONAL_B_SPLINE_CURVE((1.,0.707106781186163,1.))
REPRESENTATION_ITEM('')
);
#76=(
BOUNDED_CURVE()
B_SPLINE_CURVE(5,(#4529,#4530,#4531,#4532,#4533,#4534),.UNSPECIFIED.,.F.,
 .F.)
B_SPLINE_CURVE_WITH_KNOTS((6,6),(0.,8.21351320873009),.UNSPECIFIED.)
CURVE()
GEOMETRIC_REPRESENTATION_ITEM()
RATIONAL_B_SPLINE_CURVE((1.,1.,1.,1.,1.,1.))
REPRESENTATION_ITEM('')
);
#77=(
BOUNDED_CURVE()
B_SPLINE_CURVE(1,(#4535,#4536),.UNSPECIFIED.,.F.,.F.)
B_SPLINE_CURVE_WITH_KNOTS((2,2),(0.,12.),.UNSPECIFIED.)
CURVE()
GEOMETRIC_REPRESENTATION_ITEM()
RATIONAL_B_SPLINE_CURVE((1.,1.))
REPRESENTATION_ITEM('')
);
#78=(
BOUNDED_CURVE()
B_SPLINE_CURVE(5,(#4537,#4538,#4539,#4540,#4541,#4542),.UNSPECIFIED.,.F.,
 .F.)
B_SPLINE_CURVE_WITH_KNOTS((6,6),(0.,8.21351320873009),.UNSPECIFIED.)
CURVE()
GEOMETRIC_REPRESENTATION_ITEM()
RATIONAL_B_SPLINE_CURVE((1.,1.,1.,1.,1.,1.))
REPRESENTATION_ITEM('')
);
#79=(
BOUNDED_CURVE()
B_SPLINE_CURVE(2,(#4543,#4544,#4545),.UNSPECIFIED.,.F.,.F.)
B_SPLINE_CURVE_WITH_KNOTS((3,3),(0.,1.99999999999373),.UNSPECIFIED.)
CURVE()
GEOMETRIC_REPRESENTATION_ITEM()
RATIONAL_B_SPLINE_CURVE((1.,0.7071067811889,1.))
REPRESENTATION_ITEM('')
);
#80=(
BOUNDED_CURVE()
B_SPLINE_CURVE(1,(#4546,#4547),.UNSPECIFIED.,.F.,.F.)
B_SPLINE_CURVE_WITH_KNOTS((2,2),(0.,12.),.UNSPECIFIED.)
CURVE()
GEOMETRIC_REPRESENTATION_ITEM()
RATIONAL_B_SPLINE_CURVE((1.,1.))
REPRESENTATION_ITEM('')
);
#81=(
BOUNDED_CURVE()
B_SPLINE_CURVE(2,(#4548,#4549,#4550),.UNSPECIFIED.,.F.,.F.)
B_SPLINE_CURVE_WITH_KNOTS((3,3),(0.,1.99999999999373),.UNSPECIFIED.)
CURVE()
GEOMETRIC_REPRESENTATION_ITEM()
RATIONAL_B_SPLINE_CURVE((1.,0.7071067811889,1.))
REPRESENTATION_ITEM('')
);
#82=(
BOUNDED_CURVE()
B_SPLINE_CURVE(5,(#4551,#4552,#4553,#4554,#4555,#4556),.UNSPECIFIED.,.F.,
 .F.)
B_SPLINE_CURVE_WITH_KNOTS((6,6),(0.,14.5000026811889),.UNSPECIFIED.)
CURVE()
GEOMETRIC_REPRESENTATION_ITEM()
RATIONAL_B_SPLINE_CURVE((1.,1.,1.,1.,1.,1.))
REPRESENTATION_ITEM('')
);
#83=(
BOUNDED_CURVE()
B_SPLINE_CURVE(1,(#4557,#4558),.UNSPECIFIED.,.F.,.F.)
B_SPLINE_CURVE_WITH_KNOTS((2,2),(0.,12.),.UNSPECIFIED.)
CURVE()
GEOMETRIC_REPRESENTATION_ITEM()
RATIONAL_B_SPLINE_CURVE((1.,1.))
REPRESENTATION_ITEM('')
);
#84=(
BOUNDED_CURVE()
B_SPLINE_CURVE(5,(#4559,#4560,#4561,#4562,#4563,#4564),.UNSPECIFIED.,.F.,
 .F.)
B_SPLINE_CURVE_WITH_KNOTS((6,6),(0.,14.5000026811889),.UNSPECIFIED.)
CURVE()
GEOMETRIC_REPRESENTATION_ITEM()
RATIONAL_B_SPLINE_CURVE((1.,1.,1.,1.,1.,1.))
REPRESENTATION_ITEM('')
);
#85=(
BOUNDED_CURVE()
B_SPLINE_CURVE(5,(#4565,#4566,#4567,#4568,#4569,#4570),.UNSPECIFIED.,.F.,
 .F.)
B_SPLINE_CURVE_WITH_KNOTS((6,6),(2261.3282584677,2265.09394389265),
 .UNSPECIFIED.)
CURVE()
GEOMETRIC_REPRESENTATION_ITEM()
RATIONAL_B_SPLINE_CURVE((1.,1.,1.,1.,1.,1.))
REPRESENTATION_ITEM('')
);
#86=(
BOUNDED_CURVE()
B_SPLINE_CURVE(1,(#4571,#4572),.UNSPECIFIED.,.F.,.F.)
B_SPLINE_CURVE_WITH_KNOTS((2,2),(0.,12.),.UNSPECIFIED.)
CURVE()
GEOMETRIC_REPRESENTATION_ITEM()
RATIONAL_B_SPLINE_CURVE((1.,1.))
REPRESENTATION_ITEM('')
);
#87=(
BOUNDED_CURVE()
B_SPLINE_CURVE(5,(#4573,#4574,#4575,#4576,#4577,#4578),.UNSPECIFIED.,.F.,
 .F.)
B_SPLINE_CURVE_WITH_KNOTS((6,6),(-2265.09394389265,-2261.3282584677),
 .UNSPECIFIED.)
CURVE()
GEOMETRIC_REPRESENTATION_ITEM()
RATIONAL_B_SPLINE_CURVE((1.,1.,1.,1.,1.,1.))
REPRESENTATION_ITEM('')
);
#88=(
BOUNDED_CURVE()
B_SPLINE_CURVE(5,(#4579,#4580,#4581,#4582,#4583,#4584),.UNSPECIFIED.,.F.,
 .F.)
B_SPLINE_CURVE_WITH_KNOTS((6,6),(0.,264.18888182678),.UNSPECIFIED.)
CURVE()
GEOMETRIC_REPRESENTATION_ITEM()
RATIONAL_B_SPLINE_CURVE((1.,1.,1.,1.,1.,1.))
REPRESENTATION_ITEM('')
);
#89=(
BOUNDED_CURVE()
B_SPLINE_CURVE(1,(#4585,#4586),.UNSPECIFIED.,.F.,.F.)
B_SPLINE_CURVE_WITH_KNOTS((2,2),(0.,12.),.UNSPECIFIED.)
CURVE()
GEOMETRIC_REPRESENTATION_ITEM()
RATIONAL_B_SPLINE_CURVE((1.,1.))
REPRESENTATION_ITEM('')
);
#90=(
BOUNDED_CURVE()
B_SPLINE_CURVE(5,(#4587,#4588,#4589,#4590,#4591,#4592),.UNSPECIFIED.,.F.,
 .F.)
B_SPLINE_CURVE_WITH_KNOTS((6,6),(0.,264.18888182678),.UNSPECIFIED.)
CURVE()
GEOMETRIC_REPRESENTATION_ITEM()
RATIONAL_B_SPLINE_CURVE((1.,1.,1.,1.,1.,1.))
REPRESENTATION_ITEM('')
);
#91=(
BOUNDED_CURVE()
B_SPLINE_CURVE(5,(#4593,#4594,#4595,#4596,#4597,#4598),.UNSPECIFIED.,.F.,
 .F.)
B_SPLINE_CURVE_WITH_KNOTS((6,6),(2529.28282571943,2533.04851114438),
 .UNSPECIFIED.)
CURVE()
GEOMETRIC_REPRESENTATION_ITEM()
RATIONAL_B_SPLINE_CURVE((1.,1.,1.,1.,1.,1.))
REPRESENTATION_ITEM('')
);
#92=(
BOUNDED_CURVE()
B_SPLINE_CURVE(1,(#4599,#4600),.UNSPECIFIED.,.F.,.F.)
B_SPLINE_CURVE_WITH_KNOTS((2,2),(0.,12.),.UNSPECIFIED.)
CURVE()
GEOMETRIC_REPRESENTATION_ITEM()
RATIONAL_B_SPLINE_CURVE((1.,1.))
REPRESENTATION_ITEM('')
);
#93=(
BOUNDED_CURVE()
B_SPLINE_CURVE(5,(#4601,#4602,#4603,#4604,#4605,#4606),.UNSPECIFIED.,.F.,
 .F.)
B_SPLINE_CURVE_WITH_KNOTS((6,6),(-2533.04851114438,-2529.28282571943),
 .UNSPECIFIED.)
CURVE()
GEOMETRIC_REPRESENTATION_ITEM()
RATIONAL_B_SPLINE_CURVE((1.,1.,1.,1.,1.,1.))
REPRESENTATION_ITEM('')
);
#94=(
BOUNDED_CURVE()
B_SPLINE_CURVE(5,(#4607,#4608,#4609,#4610,#4611,#4612),.UNSPECIFIED.,.F.,
 .F.)
B_SPLINE_CURVE_WITH_KNOTS((6,6),(0.,14.50000268119),.UNSPECIFIED.)
CURVE()
GEOMETRIC_REPRESENTATION_ITEM()
RATIONAL_B_SPLINE_CURVE((1.,1.,1.,1.,1.,1.))
REPRESENTATION_ITEM('')
);
#95=(
BOUNDED_CURVE()
B_SPLINE_CURVE(1,(#4613,#4614),.UNSPECIFIED.,.F.,.F.)
B_SPLINE_CURVE_WITH_KNOTS((2,2),(0.,12.),.UNSPECIFIED.)
CURVE()
GEOMETRIC_REPRESENTATION_ITEM()
RATIONAL_B_SPLINE_CURVE((1.,1.))
REPRESENTATION_ITEM('')
);
#96=(
BOUNDED_CURVE()
B_SPLINE_CURVE(5,(#4615,#4616,#4617,#4618,#4619,#4620),.UNSPECIFIED.,.F.,
 .F.)
B_SPLINE_CURVE_WITH_KNOTS((6,6),(0.,14.50000268119),.UNSPECIFIED.)
CURVE()
GEOMETRIC_REPRESENTATION_ITEM()
RATIONAL_B_SPLINE_CURVE((1.,1.,1.,1.,1.,1.))
REPRESENTATION_ITEM('')
);
#97=(
BOUNDED_CURVE()
B_SPLINE_CURVE(1,(#4621,#4622),.UNSPECIFIED.,.F.,.F.)
B_SPLINE_CURVE_WITH_KNOTS((2,2),(0.,12.),.UNSPECIFIED.)
CURVE()
GEOMETRIC_REPRESENTATION_ITEM()
RATIONAL_B_SPLINE_CURVE((1.,1.))
REPRESENTATION_ITEM('')
);
#98=(
BOUNDED_CURVE()
B_SPLINE_CURVE(5,(#4623,#4624,#4625,#4626,#4627,#4628),.UNSPECIFIED.,.F.,
 .F.)
B_SPLINE_CURVE_WITH_KNOTS((6,6),(0.,6.76235617412125),.UNSPECIFIED.)
CURVE()
GEOMETRIC_REPRESENTATION_ITEM()
RATIONAL_B_SPLINE_CURVE((1.,1.,1.,1.,1.,1.))
REPRESENTATION_ITEM('')
);
#99=(
BOUNDED_CURVE()
B_SPLINE_CURVE(1,(#4629,#4630),.UNSPECIFIED.,.F.,.F.)
B_SPLINE_CURVE_WITH_KNOTS((2,2),(0.,12.),.UNSPECIFIED.)
CURVE()
GEOMETRIC_REPRESENTATION_ITEM()
RATIONAL_B_SPLINE_CURVE((1.,1.))
REPRESENTATION_ITEM('')
);
#100=(
BOUNDED_CURVE()
B_SPLINE_CURVE(5,(#4631,#4632,#4633,#4634,#4635,#4636),.UNSPECIFIED.,.F.,
 .F.)
B_SPLINE_CURVE_WITH_KNOTS((6,6),(0.,6.76235617412125),.UNSPECIFIED.)
CURVE()
GEOMETRIC_REPRESENTATION_ITEM()
RATIONAL_B_SPLINE_CURVE((1.,1.,1.,1.,1.,1.))
REPRESENTATION_ITEM('')
);
#101=(
BOUNDED_CURVE()
B_SPLINE_CURVE(2,(#4637,#4638,#4639,#4640,#4641),.UNSPECIFIED.,.F.,.F.)
B_SPLINE_CURVE_WITH_KNOTS((3,2,3),(-4.97280398095532,-2.48640199047766,
0.),.UNSPECIFIED.)
CURVE()
GEOMETRIC_REPRESENTATION_ITEM()
RATIONAL_B_SPLINE_CURVE((1.,0.769934843536483,1.,0.769934843536483,1.))
REPRESENTATION_ITEM('')
);
#102=(
BOUNDED_CURVE()
B_SPLINE_CURVE(2,(#4642,#4643,#4644,#4645,#4646),.UNSPECIFIED.,.F.,.F.)
B_SPLINE_CURVE_WITH_KNOTS((3,2,3),(-4.97280398095532,-2.48640199047767,
0.),.UNSPECIFIED.)
CURVE()
GEOMETRIC_REPRESENTATION_ITEM()
RATIONAL_B_SPLINE_CURVE((1.,0.769934843536483,1.,0.769934843536483,1.))
REPRESENTATION_ITEM('')
);
#103=(
BOUNDED_CURVE()
B_SPLINE_CURVE(2,(#4647,#4648,#4649,#4650,#4651),.UNSPECIFIED.,.F.,.F.)
B_SPLINE_CURVE_WITH_KNOTS((3,2,3),(-7.99999999999994,-5.99999999999994,
-3.99999999999994),.UNSPECIFIED.)
CURVE()
GEOMETRIC_REPRESENTATION_ITEM()
RATIONAL_B_SPLINE_CURVE((1.,0.707106781186548,1.,0.707106781186548,1.))
REPRESENTATION_ITEM('')
);
#104=(
BOUNDED_CURVE()
B_SPLINE_CURVE(2,(#4652,#4653,#4654),.UNSPECIFIED.,.F.,.F.)
B_SPLINE_CURVE_WITH_KNOTS((3,3),(0.,1.5707963267949),.UNSPECIFIED.)
CURVE()
GEOMETRIC_REPRESENTATION_ITEM()
RATIONAL_B_SPLINE_CURVE((1.,0.707106781186202,1.))
REPRESENTATION_ITEM('')
);
#105=(
BOUNDED_CURVE()
B_SPLINE_CURVE(2,(#4655,#4656,#4657,#4658,#4659),.UNSPECIFIED.,.F.,.F.)
B_SPLINE_CURVE_WITH_KNOTS((3,2,3),(-7.99999999999994,-5.99999999999994,
-3.99999999999998),.UNSPECIFIED.)
CURVE()
GEOMETRIC_REPRESENTATION_ITEM()
RATIONAL_B_SPLINE_CURVE((1.,0.707106781186548,1.,0.707106781186557,1.))
REPRESENTATION_ITEM('')
);
#106=(
BOUNDED_CURVE()
B_SPLINE_CURVE(2,(#4660,#4661,#4662),.UNSPECIFIED.,.F.,.F.)
B_SPLINE_CURVE_WITH_KNOTS((3,3),(0.,1.5707963267949),.UNSPECIFIED.)
CURVE()
GEOMETRIC_REPRESENTATION_ITEM()
RATIONAL_B_SPLINE_CURVE((1.,0.707106781186536,1.))
REPRESENTATION_ITEM('')
);
#107=(
BOUNDED_CURVE()
B_SPLINE_CURVE(2,(#4663,#4664,#4665,#4666,#4667),.UNSPECIFIED.,.F.,.F.)
B_SPLINE_CURVE_WITH_KNOTS((3,2,3),(-7.99999999999994,-5.99999999999994,
-3.99999999999994),.UNSPECIFIED.)
CURVE()
GEOMETRIC_REPRESENTATION_ITEM()
RATIONAL_B_SPLINE_CURVE((1.,0.707106781186548,1.,0.707106781186548,1.))
REPRESENTATION_ITEM('')
);
#108=(
BOUNDED_CURVE()
B_SPLINE_CURVE(2,(#4668,#4669,#4670),.UNSPECIFIED.,.F.,.F.)
B_SPLINE_CURVE_WITH_KNOTS((3,3),(0.,1.5707963267949),.UNSPECIFIED.)
CURVE()
GEOMETRIC_REPRESENTATION_ITEM()
RATIONAL_B_SPLINE_CURVE((1.,0.707106781187225,1.))
REPRESENTATION_ITEM('')
);
#109=(
BOUNDED_CURVE()
B_SPLINE_CURVE(2,(#4675,#4676,#4677),.UNSPECIFIED.,.F.,.F.)
B_SPLINE_CURVE_WITH_KNOTS((3,3),(0.,1.5707963267949),.UNSPECIFIED.)
CURVE()
GEOMETRIC_REPRESENTATION_ITEM()
RATIONAL_B_SPLINE_CURVE((1.,0.707106781186548,1.))
REPRESENTATION_ITEM('')
);
#110=(
BOUNDED_CURVE()
B_SPLINE_CURVE(2,(#4678,#4679,#4680,#4681,#4682),.UNSPECIFIED.,.F.,.F.)
B_SPLINE_CURVE_WITH_KNOTS((3,2,3),(-3.99999999999994,-1.99999999999997,
0.),.UNSPECIFIED.)
CURVE()
GEOMETRIC_REPRESENTATION_ITEM()
RATIONAL_B_SPLINE_CURVE((1.,0.707106781186548,1.,0.707106781186548,1.))
REPRESENTATION_ITEM('')
);
#111=(
BOUNDED_CURVE()
B_SPLINE_CURVE(2,(#4683,#4684,#4685),.UNSPECIFIED.,.F.,.F.)
B_SPLINE_CURVE_WITH_KNOTS((3,3),(0.,1.5707963267949),.UNSPECIFIED.)
CURVE()
GEOMETRIC_REPRESENTATION_ITEM()
RATIONAL_B_SPLINE_CURVE((1.,0.707106781186548,1.))
REPRESENTATION_ITEM('')
);
#112=(
BOUNDED_CURVE()
B_SPLINE_CURVE(2,(#4686,#4687,#4688,#4689,#4690),.UNSPECIFIED.,.F.,.F.)
B_SPLINE_CURVE_WITH_KNOTS((3,2,3),(-3.99999999999998,-1.99999999999997,
0.),.UNSPECIFIED.)
CURVE()
GEOMETRIC_REPRESENTATION_ITEM()
RATIONAL_B_SPLINE_CURVE((1.,0.707106781186539,1.,0.707106781186548,1.))
REPRESENTATION_ITEM('')
);
#113=(
BOUNDED_CURVE()
B_SPLINE_CURVE(2,(#4691,#4692,#4693),.UNSPECIFIED.,.F.,.F.)
B_SPLINE_CURVE_WITH_KNOTS((3,3),(0.,1.5707963267949),.UNSPECIFIED.)
CURVE()
GEOMETRIC_REPRESENTATION_ITEM()
RATIONAL_B_SPLINE_CURVE((1.,0.707106781186548,1.))
REPRESENTATION_ITEM('')
);
#114=(
BOUNDED_CURVE()
B_SPLINE_CURVE(2,(#4694,#4695,#4696,#4697,#4698),.UNSPECIFIED.,.F.,.F.)
B_SPLINE_CURVE_WITH_KNOTS((3,2,3),(-3.99999999999994,-1.99999999999997,
0.),.UNSPECIFIED.)
CURVE()
GEOMETRIC_REPRESENTATION_ITEM()
RATIONAL_B_SPLINE_CURVE((1.,0.707106781186548,1.,0.707106781186548,1.))
REPRESENTATION_ITEM('')
);
#115=B_SPLINE_SURFACE_WITH_KNOTS('',1,5,((#3307,#3308,#3309,#3310,#3311,
#3312),(#3313,#3314,#3315,#3316,#3317,#3318)),.UNSPECIFIED.,.F.,.F.,.F.,
(2,2),(6,6),(-2.,13.9999999999999),(0.,3.76568542494925),.UNSPECIFIED.);
#116=B_SPLINE_SURFACE_WITH_KNOTS('',5,1,((#3319,#3320),(#3321,#3322),(#3323,
#3324),(#3325,#3326),(#3327,#3328),(#3329,#3330)),.UNSPECIFIED.,.F.,.F.,
 .F.,(6,6),(2,2),(0.,3.7656854249494),(-2.00000000000023,14.0000000000002),
 .UNSPECIFIED.);
#117=B_SPLINE_SURFACE_WITH_KNOTS('',5,1,((#3331,#3332),(#3333,#3334),(#3335,
#3336),(#3337,#3338),(#3339,#3340),(#3341,#3342)),.UNSPECIFIED.,.F.,.F.,
 .F.,(6,6),(2,2),(-3.86995990808714E-13,3.76568542494943),(-2.0000000000001,
13.9999999999998),.UNSPECIFIED.);
#118=B_SPLINE_SURFACE_WITH_KNOTS('',5,1,((#3343,#3344),(#3345,#3346),(#3347,
#3348),(#3349,#3350),(#3351,#3352),(#3353,#3354)),.UNSPECIFIED.,.F.,.F.,
 .F.,(6,6),(2,2),(-1.10050857315969E-13,3.76568542494944),(-1.99999999999996,
13.9999999999999),.UNSPECIFIED.);
#119=B_SPLINE_SURFACE_WITH_KNOTS('',1,5,((#3355,#3356,#3357,#3358,#3359,
#3360),(#3361,#3362,#3363,#3364,#3365,#3366)),.UNSPECIFIED.,.F.,.F.,.F.,
(2,2),(6,6),(-1.99999999999989,14.0000000000003),(0.,3.76568542494942),
 .UNSPECIFIED.);
#120=B_SPLINE_SURFACE_WITH_KNOTS('',5,1,((#3367,#3368),(#3369,#3370),(#3371,
#3372),(#3373,#3374),(#3375,#3376),(#3377,#3378)),.UNSPECIFIED.,.F.,.F.,
 .F.,(6,6),(2,2),(0.,3.76568542494933),(-2.00000000000014,13.9999999999999),
 .UNSPECIFIED.);
#121=B_SPLINE_SURFACE_WITH_KNOTS('',1,5,((#3380,#3381,#3382,#3383,#3384,
#3385),(#3386,#3387,#3388,#3389,#3390,#3391)),.UNSPECIFIED.,.F.,.F.,.F.,
(2,2),(6,6),(-1.00000000000011,13.0000000000001),(0.,1.),.UNSPECIFIED.);
#122=B_SPLINE_SURFACE_WITH_KNOTS('',1,5,((#3393,#3394,#3395,#3396,#3397,
#3398),(#3399,#3400,#3401,#3402,#3403,#3404)),.UNSPECIFIED.,.F.,.F.,.F.,
(2,2),(6,6),(-0.999999999999996,13.),(-7.45931094670027E-14,1.),
 .UNSPECIFIED.);
#123=B_SPLINE_SURFACE_WITH_KNOTS('',1,5,((#3717,#3718,#3719,#3720,#3721,
#3722),(#3723,#3724,#3725,#3726,#3727,#3728)),.UNSPECIFIED.,.F.,.F.,.F.,
(2,2),(6,6),(-2.00000000000032,14.0000000000003),(0.,3.76568542494929),
 .UNSPECIFIED.);
#124=B_SPLINE_SURFACE_WITH_KNOTS('',5,1,((#3729,#3730),(#3731,#3732),(#3733,
#3734),(#3735,#3736),(#3737,#3738),(#3739,#3740)),.UNSPECIFIED.,.F.,.F.,
 .F.,(6,6),(2,2),(0.,3.76568542494933),(-2.00000000000043,14.),
 .UNSPECIFIED.);
#125=B_SPLINE_SURFACE_WITH_KNOTS('',5,1,((#3741,#3742),(#3743,#3744),(#3745,
#3746),(#3747,#3748),(#3749,#3750),(#3751,#3752)),.UNSPECIFIED.,.F.,.F.,
 .F.,(6,6),(2,2),(0.,3.76568542494968),(-2.00000000000007,14.0000000000004),
 .UNSPECIFIED.);
#126=B_SPLINE_SURFACE_WITH_KNOTS('',5,1,((#3753,#3754),(#3755,#3756),(#3757,
#3758),(#3759,#3760),(#3761,#3762),(#3763,#3764)),.UNSPECIFIED.,.F.,.F.,
 .F.,(6,6),(2,2),(-1.97564187232047E-13,3.7656854249493),(-2.00000000000004,
14.),.UNSPECIFIED.);
#127=B_SPLINE_SURFACE_WITH_KNOTS('',5,1,((#3765,#3766),(#3767,#3768),(#3769,
#3770),(#3771,#3772),(#3773,#3774),(#3775,#3776)),.UNSPECIFIED.,.F.,.F.,
 .F.,(6,6),(2,2),(0.,3.76568542494932),(-2.00000000000014,14.0000000000001),
 .UNSPECIFIED.);
#128=B_SPLINE_SURFACE_WITH_KNOTS('',1,5,((#3777,#3778,#3779,#3780,#3781,
#3782),(#3783,#3784,#3785,#3786,#3787,#3788)),.UNSPECIFIED.,.F.,.F.,.F.,
(2,2),(6,6),(-2.,14.0000000000001),(0.,3.76568542494947),.UNSPECIFIED.);
#129=B_SPLINE_SURFACE_WITH_KNOTS('',5,1,((#3789,#3790),(#3791,#3792),(#3793,
#3794),(#3795,#3796),(#3797,#3798),(#3799,#3800)),.UNSPECIFIED.,.F.,.F.,
 .F.,(6,6),(2,2),(0.,1.),(-1.00000000000034,13.0000000000004),
 .UNSPECIFIED.);
#130=B_SPLINE_SURFACE_WITH_KNOTS('',5,1,((#3801,#3802),(#3803,#3804),(#3805,
#3806),(#3807,#3808),(#3809,#3810),(#3811,#3812)),.UNSPECIFIED.,.F.,.F.,
 .F.,(6,6),(2,2),(-3.93116442176655E-12,0.369760812841963),(-0.29999999999997,
12.3000000000001),.UNSPECIFIED.);
#131=B_SPLINE_SURFACE_WITH_KNOTS('',1,5,((#3814,#3815,#3816,#3817,#3818,
#3819),(#3820,#3821,#3822,#3823,#3824,#3825)),.UNSPECIFIED.,.F.,.F.,.F.,
(2,2),(6,6),(-0.29999999999993,12.3),(-8.17814566067554E-12,0.369760812841908),
 .UNSPECIFIED.);
#132=CYLINDRICAL_SURFACE('',#1772,1.5499999999999);
#133=CYLINDRICAL_SURFACE('',#1778,1.55000000000021);
#134=CYLINDRICAL_SURFACE('',#1787,1.54999999999998);
#135=CYLINDRICAL_SURFACE('',#1788,1.54999999999995);
#136=CYLINDRICAL_SURFACE('',#1789,1.54999999999995);
#137=CYLINDRICAL_SURFACE('',#1795,0.999999999998161);
#138=CYLINDRICAL_SURFACE('',#1797,0.999999999997968);
#139=CYLINDRICAL_SURFACE('',#1798,1.49999999999999);
#140=CYLINDRICAL_SURFACE('',#1801,0.499999999999318);
#141=CYLINDRICAL_SURFACE('',#1803,1.00000000000068);
#142=CYLINDRICAL_SURFACE('',#1808,1.50000000000005);
#143=MANIFOLD_SOLID_BREP('brep_6',#151);
#144=MANIFOLD_SOLID_BREP('brep_1',#152);
#145=MANIFOLD_SOLID_BREP('brep_7',#153);
#146=MANIFOLD_SOLID_BREP('brep_5',#154);
#147=MANIFOLD_SOLID_BREP('brep_4',#155);
#148=MANIFOLD_SOLID_BREP('brep_3',#156);
#149=MANIFOLD_SOLID_BREP('brep_2',#157);
#150=ADVANCED_BREP_SHAPE_REPRESENTATION('brep_rep_0',(#143,#144,#145,#146,
#147,#148,#149,#1812),#1742);
#151=CLOSED_SHELL('',(#174,#175,#176,#177,#178,#179,#180,#181,#182,#183));
#152=CLOSED_SHELL('',(#184,#185,#186,#187,#188,#189,#190,#191,#192,#193));
#153=CLOSED_SHELL('',(#194,#195,#196,#197,#198,#199,#200,#201));
#154=CLOSED_SHELL('',(#202,#203,#204,#205,#206,#207,#208));
#155=CLOSED_SHELL('',(#209,#210,#211,#212,#213,#214,#215,#216,#217,#218,
#219,#220,#221,#222,#223,#224,#225,#226,#227,#228,#229,#230));
#156=CLOSED_SHELL('',(#231,#232,#233,#234,#235,#236,#237,#238,#239,#240,
#241,#242,#243,#244,#245,#246,#247,#248,#249,#250,#251,#252,#253,#254,#255,
#256));
#157=CLOSED_SHELL('',(#257,#258,#259,#260,#261,#262,#263,#264,#265,#266,
#267,#268,#269,#270,#271,#272,#273,#274,#275,#276,#277,#278,#279,#280,#281));
#158=FACE_BOUND('',#397,.T.);
#159=FACE_BOUND('',#398,.T.);
#160=FACE_BOUND('',#399,.T.);
#161=FACE_BOUND('',#407,.T.);
#162=FACE_BOUND('',#408,.T.);
#163=FACE_BOUND('',#409,.T.);
#164=FACE_BOUND('',#410,.T.);
#165=FACE_BOUND('',#420,.T.);
#166=FACE_BOUND('',#421,.T.);
#167=FACE_BOUND('',#430,.T.);
#168=FACE_BOUND('',#436,.T.);
#169=FACE_BOUND('',#459,.T.);
#170=FACE_BOUND('',#460,.T.);
#171=FACE_BOUND('',#498,.T.);
#172=FACE_BOUND('',#499,.T.);
#173=FACE_BOUND('',#500,.T.);
#174=ADVANCED_FACE('',(#282),#1601,.T.);
#175=ADVANCED_FACE('',(#283),#1602,.T.);
#176=ADVANCED_FACE('',(#284),#1603,.T.);
#177=ADVANCED_FACE('',(#285),#1604,.T.);
#178=ADVANCED_FACE('',(#286),#1605,.T.);
#179=ADVANCED_FACE('',(#287),#1606,.T.);
#180=ADVANCED_FACE('',(#288,#158,#159,#160),#1607,.T.);
#181=ADVANCED_FACE('',(#289),#1577,.T.);
#182=ADVANCED_FACE('',(#290),#1578,.T.);
#183=ADVANCED_FACE('',(#291),#1579,.T.);
#184=ADVANCED_FACE('',(#292),#1608,.T.);
#185=ADVANCED_FACE('',(#293),#1609,.T.);
#186=ADVANCED_FACE('',(#294),#1610,.T.);
#187=ADVANCED_FACE('',(#295,#161,#162,#163,#164),#1611,.T.);
#188=ADVANCED_FACE('',(#296),#1580,.T.);
#189=ADVANCED_FACE('',(#297),#1581,.T.);
#190=ADVANCED_FACE('',(#298),#1582,.T.);
#191=ADVANCED_FACE('',(#299),#1583,.T.);
#192=ADVANCED_FACE('',(#300),#1612,.T.);
#193=ADVANCED_FACE('',(#301),#1613,.T.);
#194=ADVANCED_FACE('',(#302),#1614,.T.);
#195=ADVANCED_FACE('',(#303),#1615,.T.);
#196=ADVANCED_FACE('',(#304,#165,#166),#1616,.T.);
#197=ADVANCED_FACE('',(#305),#1617,.T.);
#198=ADVANCED_FACE('',(#306),#1584,.T.);
#199=ADVANCED_FACE('',(#307),#1585,.T.);
#200=ADVANCED_FACE('',(#308),#1618,.T.);
#201=ADVANCED_FACE('',(#309),#1619,.T.);
#202=ADVANCED_FACE('',(#310),#1620,.T.);
#203=ADVANCED_FACE('',(#311),#1621,.T.);
#204=ADVANCED_FACE('',(#312,#167),#1622,.T.);
#205=ADVANCED_FACE('',(#313),#1623,.T.);
#206=ADVANCED_FACE('',(#314),#1586,.T.);
#207=ADVANCED_FACE('',(#315),#1624,.T.);
#208=ADVANCED_FACE('',(#316),#1625,.T.);
#209=ADVANCED_FACE('',(#317,#168),#1626,.T.);
#210=ADVANCED_FACE('',(#318),#1627,.T.);
#211=ADVANCED_FACE('',(#319),#132,.F.);
#212=ADVANCED_FACE('',(#320),#1628,.T.);
#213=ADVANCED_FACE('',(#321),#1629,.T.);
#214=ADVANCED_FACE('',(#322),#1630,.T.);
#215=ADVANCED_FACE('',(#323),#1631,.T.);
#216=ADVANCED_FACE('',(#324),#1632,.T.);
#217=ADVANCED_FACE('',(#325),#115,.T.);
#218=ADVANCED_FACE('',(#326),#116,.T.);
#219=ADVANCED_FACE('',(#327),#117,.T.);
#220=ADVANCED_FACE('',(#328),#118,.T.);
#221=ADVANCED_FACE('',(#329),#119,.T.);
#222=ADVANCED_FACE('',(#330),#120,.T.);
#223=ADVANCED_FACE('',(#331),#133,.F.);
#224=ADVANCED_FACE('',(#332),#121,.T.);
#225=ADVANCED_FACE('',(#333),#1633,.T.);
#226=ADVANCED_FACE('',(#334),#122,.T.);
#227=ADVANCED_FACE('',(#335),#1587,.T.);
#228=ADVANCED_FACE('',(#336),#1634,.T.);
#229=ADVANCED_FACE('',(#337),#1635,.T.);
#230=ADVANCED_FACE('',(#338),#1588,.T.);
#231=ADVANCED_FACE('',(#339,#169,#170),#1636,.T.);
#232=ADVANCED_FACE('',(#340),#1637,.T.);
#233=ADVANCED_FACE('',(#341),#1638,.T.);
#234=ADVANCED_FACE('',(#342),#1639,.T.);
#235=ADVANCED_FACE('',(#343),#1640,.T.);
#236=ADVANCED_FACE('',(#344),#134,.F.);
#237=ADVANCED_FACE('',(#345),#135,.F.);
#238=ADVANCED_FACE('',(#346),#136,.F.);
#239=ADVANCED_FACE('',(#347),#1641,.T.);
#240=ADVANCED_FACE('',(#348),#1642,.T.);
#241=ADVANCED_FACE('',(#349),#1643,.T.);
#242=ADVANCED_FACE('',(#350),#123,.T.);
#243=ADVANCED_FACE('',(#351),#124,.T.);
#244=ADVANCED_FACE('',(#352),#125,.T.);
#245=ADVANCED_FACE('',(#353),#126,.T.);
#246=ADVANCED_FACE('',(#354),#127,.T.);
#247=ADVANCED_FACE('',(#355),#128,.T.);
#248=ADVANCED_FACE('',(#356),#129,.T.);
#249=ADVANCED_FACE('',(#357),#130,.T.);
#250=ADVANCED_FACE('',(#358),#1644,.T.);
#251=ADVANCED_FACE('',(#359),#131,.T.);
#252=ADVANCED_FACE('',(#360),#1589,.T.);
#253=ADVANCED_FACE('',(#361),#1590,.T.);
#254=ADVANCED_FACE('',(#362),#1645,.T.);
#255=ADVANCED_FACE('',(#363),#1591,.T.);
#256=ADVANCED_FACE('',(#364),#1592,.T.);
#257=ADVANCED_FACE('',(#365),#137,.T.);
#258=ADVANCED_FACE('',(#366),#1646,.T.);
#259=ADVANCED_FACE('',(#367),#138,.T.);
#260=ADVANCED_FACE('',(#368),#139,.F.);
#261=ADVANCED_FACE('',(#369),#1647,.T.);
#262=ADVANCED_FACE('',(#370),#1648,.T.);
#263=ADVANCED_FACE('',(#371),#140,.T.);
#264=ADVANCED_FACE('',(#372),#1649,.T.);
#265=ADVANCED_FACE('',(#373),#141,.T.);
#266=ADVANCED_FACE('',(#374),#1650,.T.);
#267=ADVANCED_FACE('',(#375),#1593,.T.);
#268=ADVANCED_FACE('',(#376,#171,#172,#173),#1651,.T.);
#269=ADVANCED_FACE('',(#377),#1594,.T.);
#270=ADVANCED_FACE('',(#378),#1652,.T.);
#271=ADVANCED_FACE('',(#379),#1653,.T.);
#272=ADVANCED_FACE('',(#380),#142,.F.);
#273=ADVANCED_FACE('',(#381),#1654,.T.);
#274=ADVANCED_FACE('',(#382),#1655,.T.);
#275=ADVANCED_FACE('',(#383),#1595,.T.);
#276=ADVANCED_FACE('',(#384),#1596,.T.);
#277=ADVANCED_FACE('',(#385),#1597,.T.);
#278=ADVANCED_FACE('',(#386),#1656,.T.);
#279=ADVANCED_FACE('',(#387),#1598,.T.);
#280=ADVANCED_FACE('',(#388),#1599,.T.);
#281=ADVANCED_FACE('',(#389),#1600,.T.);
#282=FACE_OUTER_BOUND('',#390,.T.);
#283=FACE_OUTER_BOUND('',#391,.T.);
#284=FACE_OUTER_BOUND('',#392,.T.);
#285=FACE_OUTER_BOUND('',#393,.T.);
#286=FACE_OUTER_BOUND('',#394,.T.);
#287=FACE_OUTER_BOUND('',#395,.T.);
#288=FACE_OUTER_BOUND('',#396,.T.);
#289=FACE_OUTER_BOUND('',#400,.T.);
#290=FACE_OUTER_BOUND('',#401,.T.);
#291=FACE_OUTER_BOUND('',#402,.T.);
#292=FACE_OUTER_BOUND('',#403,.T.);
#293=FACE_OUTER_BOUND('',#404,.T.);
#294=FACE_OUTER_BOUND('',#405,.T.);
#295=FACE_OUTER_BOUND('',#406,.T.);
#296=FACE_OUTER_BOUND('',#411,.T.);
#297=FACE_OUTER_BOUND('',#412,.T.);
#298=FACE_OUTER_BOUND('',#413,.T.);
#299=FACE_OUTER_BOUND('',#414,.T.);
#300=FACE_OUTER_BOUND('',#415,.T.);
#301=FACE_OUTER_BOUND('',#416,.T.);
#302=FACE_OUTER_BOUND('',#417,.T.);
#303=FACE_OUTER_BOUND('',#418,.T.);
#304=FACE_OUTER_BOUND('',#419,.T.);
#305=FACE_OUTER_BOUND('',#422,.T.);
#306=FACE_OUTER_BOUND('',#423,.T.);
#307=FACE_OUTER_BOUND('',#424,.T.);
#308=FACE_OUTER_BOUND('',#425,.T.);
#309=FACE_OUTER_BOUND('',#426,.T.);
#310=FACE_OUTER_BOUND('',#427,.T.);
#311=FACE_OUTER_BOUND('',#428,.T.);
#312=FACE_OUTER_BOUND('',#429,.T.);
#313=FACE_OUTER_BOUND('',#431,.T.);
#314=FACE_OUTER_BOUND('',#432,.T.);
#315=FACE_OUTER_BOUND('',#433,.T.);
#316=FACE_OUTER_BOUND('',#434,.T.);
#317=FACE_OUTER_BOUND('',#435,.T.);
#318=FACE_OUTER_BOUND('',#437,.T.);
#319=FACE_OUTER_BOUND('',#438,.T.);
#320=FACE_OUTER_BOUND('',#439,.T.);
#321=FACE_OUTER_BOUND('',#440,.T.);
#322=FACE_OUTER_BOUND('',#441,.T.);
#323=FACE_OUTER_BOUND('',#442,.T.);
#324=FACE_OUTER_BOUND('',#443,.T.);
#325=FACE_OUTER_BOUND('',#444,.T.);
#326=FACE_OUTER_BOUND('',#445,.T.);
#327=FACE_OUTER_BOUND('',#446,.T.);
#328=FACE_OUTER_BOUND('',#447,.T.);
#329=FACE_OUTER_BOUND('',#448,.T.);
#330=FACE_OUTER_BOUND('',#449,.T.);
#331=FACE_OUTER_BOUND('',#450,.T.);
#332=FACE_OUTER_BOUND('',#451,.T.);
#333=FACE_OUTER_BOUND('',#452,.T.);
#334=FACE_OUTER_BOUND('',#453,.T.);
#335=FACE_OUTER_BOUND('',#454,.T.);
#336=FACE_OUTER_BOUND('',#455,.T.);
#337=FACE_OUTER_BOUND('',#456,.T.);
#338=FACE_OUTER_BOUND('',#457,.T.);
#339=FACE_OUTER_BOUND('',#458,.T.);
#340=FACE_OUTER_BOUND('',#461,.T.);
#341=FACE_OUTER_BOUND('',#462,.T.);
#342=FACE_OUTER_BOUND('',#463,.T.);
#343=FACE_OUTER_BOUND('',#464,.T.);
#344=FACE_OUTER_BOUND('',#465,.T.);
#345=FACE_OUTER_BOUND('',#466,.T.);
#346=FACE_OUTER_BOUND('',#467,.T.);
#347=FACE_OUTER_BOUND('',#468,.T.);
#348=FACE_OUTER_BOUND('',#469,.T.);
#349=FACE_OUTER_BOUND('',#470,.T.);
#350=FACE_OUTER_BOUND('',#471,.T.);
#351=FACE_OUTER_BOUND('',#472,.T.);
#352=FACE_OUTER_BOUND('',#473,.T.);
#353=FACE_OUTER_BOUND('',#474,.T.);
#354=FACE_OUTER_BOUND('',#475,.T.);
#355=FACE_OUTER_BOUND('',#476,.T.);
#356=FACE_OUTER_BOUND('',#477,.T.);
#357=FACE_OUTER_BOUND('',#478,.T.);
#358=FACE_OUTER_BOUND('',#479,.T.);
#359=FACE_OUTER_BOUND('',#480,.T.);
#360=FACE_OUTER_BOUND('',#481,.T.);
#361=FACE_OUTER_BOUND('',#482,.T.);
#362=FACE_OUTER_BOUND('',#483,.T.);
#363=FACE_OUTER_BOUND('',#484,.T.);
#364=FACE_OUTER_BOUND('',#485,.T.);
#365=FACE_OUTER_BOUND('',#486,.T.);
#366=FACE_OUTER_BOUND('',#487,.T.);
#367=FACE_OUTER_BOUND('',#488,.T.);
#368=FACE_OUTER_BOUND('',#489,.T.);
#369=FACE_OUTER_BOUND('',#490,.T.);
#370=FACE_OUTER_BOUND('',#491,.T.);
#371=FACE_OUTER_BOUND('',#492,.T.);
#372=FACE_OUTER_BOUND('',#493,.T.);
#373=FACE_OUTER_BOUND('',#494,.T.);
#374=FACE_OUTER_BOUND('',#495,.T.);
#375=FACE_OUTER_BOUND('',#496,.T.);
#376=FACE_OUTER_BOUND('',#497,.T.);
#377=FACE_OUTER_BOUND('',#501,.T.);
#378=FACE_OUTER_BOUND('',#502,.T.);
#379=FACE_OUTER_BOUND('',#503,.T.);
#380=FACE_OUTER_BOUND('',#504,.T.);
#381=FACE_OUTER_BOUND('',#505,.T.);
#382=FACE_OUTER_BOUND('',#506,.T.);
#383=FACE_OUTER_BOUND('',#507,.T.);
#384=FACE_OUTER_BOUND('',#508,.T.);
#385=FACE_OUTER_BOUND('',#509,.T.);
#386=FACE_OUTER_BOUND('',#510,.T.);
#387=FACE_OUTER_BOUND('',#511,.T.);
#388=FACE_OUTER_BOUND('',#512,.T.);
#389=FACE_OUTER_BOUND('',#513,.T.);
#390=EDGE_LOOP('',(#514,#515,#516,#517));
#391=EDGE_LOOP('',(#518,#519,#520,#521));
#392=EDGE_LOOP('',(#522,#523,#524));
#393=EDGE_LOOP('',(#525,#526,#527,#528));
#394=EDGE_LOOP('',(#529,#530,#531,#532));
#395=EDGE_LOOP('',(#533,#534,#535,#536,#537));
#396=EDGE_LOOP('',(#538,#539,#540,#541));
#397=EDGE_LOOP('',(#542));
#398=EDGE_LOOP('',(#543));
#399=EDGE_LOOP('',(#544));
#400=EDGE_LOOP('',(#545));
#401=EDGE_LOOP('',(#546));
#402=EDGE_LOOP('',(#547));
#403=EDGE_LOOP('',(#548,#549,#550,#551));
#404=EDGE_LOOP('',(#552,#553,#554,#555));
#405=EDGE_LOOP('',(#556,#557,#558,#559));
#406=EDGE_LOOP('',(#560,#561,#562,#563));
#407=EDGE_LOOP('',(#564));
#408=EDGE_LOOP('',(#565));
#409=EDGE_LOOP('',(#566));
#410=EDGE_LOOP('',(#567));
#411=EDGE_LOOP('',(#568));
#412=EDGE_LOOP('',(#569));
#413=EDGE_LOOP('',(#570));
#414=EDGE_LOOP('',(#571));
#415=EDGE_LOOP('',(#572,#573,#574,#575));
#416=EDGE_LOOP('',(#576,#577,#578,#579));
#417=EDGE_LOOP('',(#580,#581,#582,#583));
#418=EDGE_LOOP('',(#584,#585,#586,#587));
#419=EDGE_LOOP('',(#588,#589,#590,#591));
#420=EDGE_LOOP('',(#592));
#421=EDGE_LOOP('',(#593));
#422=EDGE_LOOP('',(#594,#595,#596,#597));
#423=EDGE_LOOP('',(#598));
#424=EDGE_LOOP('',(#599));
#425=EDGE_LOOP('',(#600,#601,#602,#603));
#426=EDGE_LOOP('',(#604,#605,#606,#607));
#427=EDGE_LOOP('',(#608,#609,#610,#611));
#428=EDGE_LOOP('',(#612,#613,#614,#615));
#429=EDGE_LOOP('',(#616,#617,#618,#619));
#430=EDGE_LOOP('',(#620));
#431=EDGE_LOOP('',(#621,#622,#623,#624));
#432=EDGE_LOOP('',(#625));
#433=EDGE_LOOP('',(#626,#627,#628,#629));
#434=EDGE_LOOP('',(#630,#631,#632,#633));
#435=EDGE_LOOP('',(#634,#635,#636,#637));
#436=EDGE_LOOP('',(#638,#639));
#437=EDGE_LOOP('',(#640,#641,#642,#643));
#438=EDGE_LOOP('',(#644,#645,#646,#647));
#439=EDGE_LOOP('',(#648,#649,#650,#651,#652,#653,#654,#655,#656,#657,#658,
#659,#660,#661,#662,#663,#664,#665));
#440=EDGE_LOOP('',(#666,#667,#668,#669,#670,#671,#672,#673,#674,#675,#676,
#677,#678,#679,#680,#681,#682,#683));
#441=EDGE_LOOP('',(#684,#685,#686,#687));
#442=EDGE_LOOP('',(#688,#689,#690,#691));
#443=EDGE_LOOP('',(#692,#693,#694,#695));
#444=EDGE_LOOP('',(#696,#697,#698,#699));
#445=EDGE_LOOP('',(#700,#701,#702,#703));
#446=EDGE_LOOP('',(#704,#705,#706,#707));
#447=EDGE_LOOP('',(#708,#709,#710,#711));
#448=EDGE_LOOP('',(#712,#713,#714,#715));
#449=EDGE_LOOP('',(#716,#717,#718,#719));
#450=EDGE_LOOP('',(#720,#721,#722,#723));
#451=EDGE_LOOP('',(#724,#725,#726,#727));
#452=EDGE_LOOP('',(#728,#729,#730,#731));
#453=EDGE_LOOP('',(#732,#733,#734,#735));
#454=EDGE_LOOP('',(#736,#737,#738));
#455=EDGE_LOOP('',(#739,#740,#741,#742));
#456=EDGE_LOOP('',(#743,#744,#745,#746));
#457=EDGE_LOOP('',(#747,#748,#749));
#458=EDGE_LOOP('',(#750,#751,#752,#753));
#459=EDGE_LOOP('',(#754,#755));
#460=EDGE_LOOP('',(#756,#757));
#461=EDGE_LOOP('',(#758,#759,#760,#761));
#462=EDGE_LOOP('',(#762,#763,#764,#765));
#463=EDGE_LOOP('',(#766,#767,#768,#769,#770,#771,#772,#773,#774,#775,#776,
#777,#778,#779,#780,#781,#782,#783,#784,#785));
#464=EDGE_LOOP('',(#786,#787,#788,#789,#790,#791,#792,#793,#794,#795,#796,
#797,#798,#799,#800,#801,#802,#803,#804,#805));
#465=EDGE_LOOP('',(#806,#807,#808,#809));
#466=EDGE_LOOP('',(#810,#811,#812,#813));
#467=EDGE_LOOP('',(#814,#815,#816,#817));
#468=EDGE_LOOP('',(#818,#819,#820,#821));
#469=EDGE_LOOP('',(#822,#823,#824,#825));
#470=EDGE_LOOP('',(#826,#827,#828,#829));
#471=EDGE_LOOP('',(#830,#831,#832,#833));
#472=EDGE_LOOP('',(#834,#835,#836,#837));
#473=EDGE_LOOP('',(#838,#839,#840,#841));
#474=EDGE_LOOP('',(#842,#843,#844,#845));
#475=EDGE_LOOP('',(#846,#847,#848,#849));
#476=EDGE_LOOP('',(#850,#851,#852,#853));
#477=EDGE_LOOP('',(#854,#855,#856,#857));
#478=EDGE_LOOP('',(#858,#859,#860,#861));
#479=EDGE_LOOP('',(#862,#863,#864,#865));
#480=EDGE_LOOP('',(#866,#867,#868,#869));
#481=EDGE_LOOP('',(#870,#871,#872));
#482=EDGE_LOOP('',(#873,#874,#875));
#483=EDGE_LOOP('',(#876,#877,#878,#879));
#484=EDGE_LOOP('',(#880,#881,#882));
#485=EDGE_LOOP('',(#883,#884,#885));
#486=EDGE_LOOP('',(#886,#887,#888,#889));
#487=EDGE_LOOP('',(#890,#891,#892,#893));
#488=EDGE_LOOP('',(#894,#895,#896,#897));
#489=EDGE_LOOP('',(#898,#899,#900,#901));
#490=EDGE_LOOP('',(#902,#903,#904,#905));
#491=EDGE_LOOP('',(#906,#907,#908,#909));
#492=EDGE_LOOP('',(#910,#911,#912,#913));
#493=EDGE_LOOP('',(#914,#915,#916,#917));
#494=EDGE_LOOP('',(#918,#919,#920,#921));
#495=EDGE_LOOP('',(#922,#923,#924,#925));
#496=EDGE_LOOP('',(#926,#927,#928,#929));
#497=EDGE_LOOP('',(#930,#931,#932,#933));
#498=EDGE_LOOP('',(#934,#935));
#499=EDGE_LOOP('',(#936,#937));
#500=EDGE_LOOP('',(#938,#939));
#501=EDGE_LOOP('',(#940,#941,#942,#943));
#502=EDGE_LOOP('',(#944,#945,#946,#947));
#503=EDGE_LOOP('',(#948,#949,#950,#951));
#504=EDGE_LOOP('',(#952,#953,#954,#955));
#505=EDGE_LOOP('',(#956,#957,#958,#959,#960,#961,#962,#963,#964,#965,#966,
#967,#968,#969,#970,#971,#972));
#506=EDGE_LOOP('',(#973,#974,#975,#976,#977,#978,#979,#980,#981,#982,#983,
#984,#985,#986,#987,#988,#989));
#507=EDGE_LOOP('',(#990,#991,#992));
#508=EDGE_LOOP('',(#993,#994,#995));
#509=EDGE_LOOP('',(#996,#997,#998));
#510=EDGE_LOOP('',(#999,#1000,#1001,#1002));
#511=EDGE_LOOP('',(#1003,#1004,#1005));
#512=EDGE_LOOP('',(#1006,#1007,#1008));
#513=EDGE_LOOP('',(#1009,#1010,#1011));
#514=ORIENTED_EDGE('',*,*,#1019,.T.);
#515=ORIENTED_EDGE('',*,*,#1026,.T.);
#516=ORIENTED_EDGE('',*,*,#1012,.T.);
#517=ORIENTED_EDGE('',*,*,#1016,.T.);
#518=ORIENTED_EDGE('',*,*,#1017,.T.);
#519=ORIENTED_EDGE('',*,*,#1012,.F.);
#520=ORIENTED_EDGE('',*,*,#1013,.T.);
#521=ORIENTED_EDGE('',*,*,#1014,.T.);
#522=ORIENTED_EDGE('',*,*,#1020,.T.);
#523=ORIENTED_EDGE('',*,*,#1027,.T.);
#524=ORIENTED_EDGE('',*,*,#1028,.T.);
#525=ORIENTED_EDGE('',*,*,#1021,.T.);
#526=ORIENTED_EDGE('',*,*,#1015,.T.);
#527=ORIENTED_EDGE('',*,*,#1013,.F.);
#528=ORIENTED_EDGE('',*,*,#1026,.F.);
#529=ORIENTED_EDGE('',*,*,#1014,.F.);
#530=ORIENTED_EDGE('',*,*,#1015,.F.);
#531=ORIENTED_EDGE('',*,*,#1028,.F.);
#532=ORIENTED_EDGE('',*,*,#1018,.F.);
#533=ORIENTED_EDGE('',*,*,#1016,.F.);
#534=ORIENTED_EDGE('',*,*,#1017,.F.);
#535=ORIENTED_EDGE('',*,*,#1018,.T.);
#536=ORIENTED_EDGE('',*,*,#1027,.F.);
#537=ORIENTED_EDGE('',*,*,#1025,.F.);
#538=ORIENTED_EDGE('',*,*,#1025,.T.);
#539=ORIENTED_EDGE('',*,*,#1020,.F.);
#540=ORIENTED_EDGE('',*,*,#1021,.F.);
#541=ORIENTED_EDGE('',*,*,#1019,.F.);
#542=ORIENTED_EDGE('',*,*,#1022,.F.);
#543=ORIENTED_EDGE('',*,*,#1023,.F.);
#544=ORIENTED_EDGE('',*,*,#1024,.F.);
#545=ORIENTED_EDGE('',*,*,#1022,.T.);
#546=ORIENTED_EDGE('',*,*,#1023,.T.);
#547=ORIENTED_EDGE('',*,*,#1024,.T.);
#548=ORIENTED_EDGE('',*,*,#1036,.T.);
#549=ORIENTED_EDGE('',*,*,#1038,.T.);
#550=ORIENTED_EDGE('',*,*,#1029,.T.);
#551=ORIENTED_EDGE('',*,*,#1030,.T.);
#552=ORIENTED_EDGE('',*,*,#1039,.T.);
#553=ORIENTED_EDGE('',*,*,#1043,.T.);
#554=ORIENTED_EDGE('',*,*,#1029,.F.);
#555=ORIENTED_EDGE('',*,*,#1031,.T.);
#556=ORIENTED_EDGE('',*,*,#1040,.T.);
#557=ORIENTED_EDGE('',*,*,#1031,.F.);
#558=ORIENTED_EDGE('',*,*,#1038,.F.);
#559=ORIENTED_EDGE('',*,*,#1037,.T.);
#560=ORIENTED_EDGE('',*,*,#1041,.T.);
#561=ORIENTED_EDGE('',*,*,#1044,.T.);
#562=ORIENTED_EDGE('',*,*,#1030,.F.);
#563=ORIENTED_EDGE('',*,*,#1043,.F.);
#564=ORIENTED_EDGE('',*,*,#1032,.T.);
#565=ORIENTED_EDGE('',*,*,#1033,.T.);
#566=ORIENTED_EDGE('',*,*,#1034,.T.);
#567=ORIENTED_EDGE('',*,*,#1035,.T.);
#568=ORIENTED_EDGE('',*,*,#1032,.F.);
#569=ORIENTED_EDGE('',*,*,#1033,.F.);
#570=ORIENTED_EDGE('',*,*,#1034,.F.);
#571=ORIENTED_EDGE('',*,*,#1035,.F.);
#572=ORIENTED_EDGE('',*,*,#1037,.F.);
#573=ORIENTED_EDGE('',*,*,#1036,.F.);
#574=ORIENTED_EDGE('',*,*,#1044,.F.);
#575=ORIENTED_EDGE('',*,*,#1042,.F.);
#576=ORIENTED_EDGE('',*,*,#1040,.F.);
#577=ORIENTED_EDGE('',*,*,#1042,.T.);
#578=ORIENTED_EDGE('',*,*,#1041,.F.);
#579=ORIENTED_EDGE('',*,*,#1039,.F.);
#580=ORIENTED_EDGE('',*,*,#1053,.T.);
#581=ORIENTED_EDGE('',*,*,#1057,.T.);
#582=ORIENTED_EDGE('',*,*,#1045,.T.);
#583=ORIENTED_EDGE('',*,*,#1046,.T.);
#584=ORIENTED_EDGE('',*,*,#1054,.T.);
#585=ORIENTED_EDGE('',*,*,#1046,.F.);
#586=ORIENTED_EDGE('',*,*,#1047,.T.);
#587=ORIENTED_EDGE('',*,*,#1050,.T.);
#588=ORIENTED_EDGE('',*,*,#1055,.T.);
#589=ORIENTED_EDGE('',*,*,#1058,.T.);
#590=ORIENTED_EDGE('',*,*,#1052,.T.);
#591=ORIENTED_EDGE('',*,*,#1057,.F.);
#592=ORIENTED_EDGE('',*,*,#1048,.T.);
#593=ORIENTED_EDGE('',*,*,#1049,.T.);
#594=ORIENTED_EDGE('',*,*,#1051,.T.);
#595=ORIENTED_EDGE('',*,*,#1047,.F.);
#596=ORIENTED_EDGE('',*,*,#1045,.F.);
#597=ORIENTED_EDGE('',*,*,#1052,.F.);
#598=ORIENTED_EDGE('',*,*,#1048,.F.);
#599=ORIENTED_EDGE('',*,*,#1049,.F.);
#600=ORIENTED_EDGE('',*,*,#1050,.F.);
#601=ORIENTED_EDGE('',*,*,#1051,.F.);
#602=ORIENTED_EDGE('',*,*,#1058,.F.);
#603=ORIENTED_EDGE('',*,*,#1056,.F.);
#604=ORIENTED_EDGE('',*,*,#1054,.F.);
#605=ORIENTED_EDGE('',*,*,#1056,.T.);
#606=ORIENTED_EDGE('',*,*,#1055,.F.);
#607=ORIENTED_EDGE('',*,*,#1053,.F.);
#608=ORIENTED_EDGE('',*,*,#1066,.T.);
#609=ORIENTED_EDGE('',*,*,#1070,.T.);
#610=ORIENTED_EDGE('',*,*,#1059,.T.);
#611=ORIENTED_EDGE('',*,*,#1060,.T.);
#612=ORIENTED_EDGE('',*,*,#1067,.T.);
#613=ORIENTED_EDGE('',*,*,#1060,.F.);
#614=ORIENTED_EDGE('',*,*,#1061,.T.);
#615=ORIENTED_EDGE('',*,*,#1063,.T.);
#616=ORIENTED_EDGE('',*,*,#1068,.T.);
#617=ORIENTED_EDGE('',*,*,#1071,.T.);
#618=ORIENTED_EDGE('',*,*,#1065,.T.);
#619=ORIENTED_EDGE('',*,*,#1070,.F.);
#620=ORIENTED_EDGE('',*,*,#1062,.T.);
#621=ORIENTED_EDGE('',*,*,#1064,.T.);
#622=ORIENTED_EDGE('',*,*,#1061,.F.);
#623=ORIENTED_EDGE('',*,*,#1059,.F.);
#624=ORIENTED_EDGE('',*,*,#1065,.F.);
#625=ORIENTED_EDGE('',*,*,#1062,.F.);
#626=ORIENTED_EDGE('',*,*,#1063,.F.);
#627=ORIENTED_EDGE('',*,*,#1064,.F.);
#628=ORIENTED_EDGE('',*,*,#1071,.F.);
#629=ORIENTED_EDGE('',*,*,#1069,.F.);
#630=ORIENTED_EDGE('',*,*,#1067,.F.);
#631=ORIENTED_EDGE('',*,*,#1069,.T.);
#632=ORIENTED_EDGE('',*,*,#1068,.F.);
#633=ORIENTED_EDGE('',*,*,#1066,.F.);
#634=ORIENTED_EDGE('',*,*,#1072,.T.);
#635=ORIENTED_EDGE('',*,*,#1073,.T.);
#636=ORIENTED_EDGE('',*,*,#1074,.T.);
#637=ORIENTED_EDGE('',*,*,#1075,.T.);
#638=ORIENTED_EDGE('',*,*,#1076,.T.);
#639=ORIENTED_EDGE('',*,*,#1129,.T.);
#640=ORIENTED_EDGE('',*,*,#1077,.T.);
#641=ORIENTED_EDGE('',*,*,#1078,.T.);
#642=ORIENTED_EDGE('',*,*,#1079,.T.);
#643=ORIENTED_EDGE('',*,*,#1080,.T.);
#644=ORIENTED_EDGE('',*,*,#1082,.F.);
#645=ORIENTED_EDGE('',*,*,#1083,.F.);
#646=ORIENTED_EDGE('',*,*,#1084,.F.);
#647=ORIENTED_EDGE('',*,*,#1081,.F.);
#648=ORIENTED_EDGE('',*,*,#1122,.T.);
#649=ORIENTED_EDGE('',*,*,#1127,.T.);
#650=ORIENTED_EDGE('',*,*,#1085,.T.);
#651=ORIENTED_EDGE('',*,*,#1100,.T.);
#652=ORIENTED_EDGE('',*,*,#1075,.F.);
#653=ORIENTED_EDGE('',*,*,#1099,.T.);
#654=ORIENTED_EDGE('',*,*,#1086,.T.);
#655=ORIENTED_EDGE('',*,*,#1097,.T.);
#656=ORIENTED_EDGE('',*,*,#1116,.T.);
#657=ORIENTED_EDGE('',*,*,#1120,.T.);
#658=ORIENTED_EDGE('',*,*,#1087,.T.);
#659=ORIENTED_EDGE('',*,*,#1082,.T.);
#660=ORIENTED_EDGE('',*,*,#1113,.T.);
#661=ORIENTED_EDGE('',*,*,#1111,.T.);
#662=ORIENTED_EDGE('',*,*,#1107,.T.);
#663=ORIENTED_EDGE('',*,*,#1105,.T.);
#664=ORIENTED_EDGE('',*,*,#1078,.F.);
#665=ORIENTED_EDGE('',*,*,#1102,.T.);
#666=ORIENTED_EDGE('',*,*,#1123,.T.);
#667=ORIENTED_EDGE('',*,*,#1126,.T.);
#668=ORIENTED_EDGE('',*,*,#1080,.F.);
#669=ORIENTED_EDGE('',*,*,#1104,.T.);
#670=ORIENTED_EDGE('',*,*,#1109,.T.);
#671=ORIENTED_EDGE('',*,*,#1110,.T.);
#672=ORIENTED_EDGE('',*,*,#1114,.T.);
#673=ORIENTED_EDGE('',*,*,#1084,.T.);
#674=ORIENTED_EDGE('',*,*,#1088,.T.);
#675=ORIENTED_EDGE('',*,*,#1096,.T.);
#676=ORIENTED_EDGE('',*,*,#1117,.T.);
#677=ORIENTED_EDGE('',*,*,#1121,.T.);
#678=ORIENTED_EDGE('',*,*,#1089,.T.);
#679=ORIENTED_EDGE('',*,*,#1098,.T.);
#680=ORIENTED_EDGE('',*,*,#1073,.F.);
#681=ORIENTED_EDGE('',*,*,#1101,.T.);
#682=ORIENTED_EDGE('',*,*,#1090,.T.);
#683=ORIENTED_EDGE('',*,*,#1103,.T.);
#684=ORIENTED_EDGE('',*,*,#1090,.F.);
#685=ORIENTED_EDGE('',*,*,#1091,.T.);
#686=ORIENTED_EDGE('',*,*,#1085,.F.);
#687=ORIENTED_EDGE('',*,*,#1092,.T.);
#688=ORIENTED_EDGE('',*,*,#1089,.F.);
#689=ORIENTED_EDGE('',*,*,#1093,.T.);
#690=ORIENTED_EDGE('',*,*,#1086,.F.);
#691=ORIENTED_EDGE('',*,*,#1094,.T.);
#692=ORIENTED_EDGE('',*,*,#1088,.F.);
#693=ORIENTED_EDGE('',*,*,#1083,.T.);
#694=ORIENTED_EDGE('',*,*,#1087,.F.);
#695=ORIENTED_EDGE('',*,*,#1095,.T.);
#696=ORIENTED_EDGE('',*,*,#1118,.T.);
#697=ORIENTED_EDGE('',*,*,#1096,.F.);
#698=ORIENTED_EDGE('',*,*,#1095,.F.);
#699=ORIENTED_EDGE('',*,*,#1120,.F.);
#700=ORIENTED_EDGE('',*,*,#1119,.T.);
#701=ORIENTED_EDGE('',*,*,#1097,.F.);
#702=ORIENTED_EDGE('',*,*,#1093,.F.);
#703=ORIENTED_EDGE('',*,*,#1121,.F.);
#704=ORIENTED_EDGE('',*,*,#1098,.F.);
#705=ORIENTED_EDGE('',*,*,#1094,.F.);
#706=ORIENTED_EDGE('',*,*,#1099,.F.);
#707=ORIENTED_EDGE('',*,*,#1074,.F.);
#708=ORIENTED_EDGE('',*,*,#1100,.F.);
#709=ORIENTED_EDGE('',*,*,#1091,.F.);
#710=ORIENTED_EDGE('',*,*,#1101,.F.);
#711=ORIENTED_EDGE('',*,*,#1072,.F.);
#712=ORIENTED_EDGE('',*,*,#1124,.T.);
#713=ORIENTED_EDGE('',*,*,#1102,.F.);
#714=ORIENTED_EDGE('',*,*,#1077,.F.);
#715=ORIENTED_EDGE('',*,*,#1126,.F.);
#716=ORIENTED_EDGE('',*,*,#1125,.T.);
#717=ORIENTED_EDGE('',*,*,#1103,.F.);
#718=ORIENTED_EDGE('',*,*,#1092,.F.);
#719=ORIENTED_EDGE('',*,*,#1127,.F.);
#720=ORIENTED_EDGE('',*,*,#1079,.F.);
#721=ORIENTED_EDGE('',*,*,#1105,.F.);
#722=ORIENTED_EDGE('',*,*,#1106,.F.);
#723=ORIENTED_EDGE('',*,*,#1104,.F.);
#724=ORIENTED_EDGE('',*,*,#1106,.T.);
#725=ORIENTED_EDGE('',*,*,#1107,.F.);
#726=ORIENTED_EDGE('',*,*,#1108,.T.);
#727=ORIENTED_EDGE('',*,*,#1109,.F.);
#728=ORIENTED_EDGE('',*,*,#1110,.F.);
#729=ORIENTED_EDGE('',*,*,#1108,.F.);
#730=ORIENTED_EDGE('',*,*,#1111,.F.);
#731=ORIENTED_EDGE('',*,*,#1112,.T.);
#732=ORIENTED_EDGE('',*,*,#1112,.F.);
#733=ORIENTED_EDGE('',*,*,#1113,.F.);
#734=ORIENTED_EDGE('',*,*,#1081,.T.);
#735=ORIENTED_EDGE('',*,*,#1114,.F.);
#736=ORIENTED_EDGE('',*,*,#1128,.T.);
#737=ORIENTED_EDGE('',*,*,#1115,.F.);
#738=ORIENTED_EDGE('',*,*,#1129,.F.);
#739=ORIENTED_EDGE('',*,*,#1119,.F.);
#740=ORIENTED_EDGE('',*,*,#1117,.F.);
#741=ORIENTED_EDGE('',*,*,#1118,.F.);
#742=ORIENTED_EDGE('',*,*,#1116,.F.);
#743=ORIENTED_EDGE('',*,*,#1124,.F.);
#744=ORIENTED_EDGE('',*,*,#1123,.F.);
#745=ORIENTED_EDGE('',*,*,#1125,.F.);
#746=ORIENTED_EDGE('',*,*,#1122,.F.);
#747=ORIENTED_EDGE('',*,*,#1076,.F.);
#748=ORIENTED_EDGE('',*,*,#1115,.T.);
#749=ORIENTED_EDGE('',*,*,#1128,.F.);
#750=ORIENTED_EDGE('',*,*,#1130,.T.);
#751=ORIENTED_EDGE('',*,*,#1131,.T.);
#752=ORIENTED_EDGE('',*,*,#1132,.T.);
#753=ORIENTED_EDGE('',*,*,#1133,.T.);
#754=ORIENTED_EDGE('',*,*,#1134,.T.);
#755=ORIENTED_EDGE('',*,*,#1195,.T.);
#756=ORIENTED_EDGE('',*,*,#1135,.T.);
#757=ORIENTED_EDGE('',*,*,#1197,.T.);
#758=ORIENTED_EDGE('',*,*,#1136,.T.);
#759=ORIENTED_EDGE('',*,*,#1137,.T.);
#760=ORIENTED_EDGE('',*,*,#1138,.T.);
#761=ORIENTED_EDGE('',*,*,#1139,.T.);
#762=ORIENTED_EDGE('',*,*,#1140,.T.);
#763=ORIENTED_EDGE('',*,*,#1141,.T.);
#764=ORIENTED_EDGE('',*,*,#1142,.T.);
#765=ORIENTED_EDGE('',*,*,#1143,.T.);
#766=ORIENTED_EDGE('',*,*,#1188,.T.);
#767=ORIENTED_EDGE('',*,*,#1192,.T.);
#768=ORIENTED_EDGE('',*,*,#1144,.T.);
#769=ORIENTED_EDGE('',*,*,#1174,.T.);
#770=ORIENTED_EDGE('',*,*,#1133,.F.);
#771=ORIENTED_EDGE('',*,*,#1173,.T.);
#772=ORIENTED_EDGE('',*,*,#1145,.T.);
#773=ORIENTED_EDGE('',*,*,#1169,.T.);
#774=ORIENTED_EDGE('',*,*,#1185,.T.);
#775=ORIENTED_EDGE('',*,*,#1146,.T.);
#776=ORIENTED_EDGE('',*,*,#1180,.T.);
#777=ORIENTED_EDGE('',*,*,#1168,.T.);
#778=ORIENTED_EDGE('',*,*,#1147,.T.);
#779=ORIENTED_EDGE('',*,*,#1152,.T.);
#780=ORIENTED_EDGE('',*,*,#1178,.T.);
#781=ORIENTED_EDGE('',*,*,#1143,.F.);
#782=ORIENTED_EDGE('',*,*,#1157,.T.);
#783=ORIENTED_EDGE('',*,*,#1159,.T.);
#784=ORIENTED_EDGE('',*,*,#1137,.F.);
#785=ORIENTED_EDGE('',*,*,#1177,.T.);
#786=ORIENTED_EDGE('',*,*,#1189,.T.);
#787=ORIENTED_EDGE('',*,*,#1193,.T.);
#788=ORIENTED_EDGE('',*,*,#1139,.F.);
#789=ORIENTED_EDGE('',*,*,#1160,.T.);
#790=ORIENTED_EDGE('',*,*,#1158,.T.);
#791=ORIENTED_EDGE('',*,*,#1141,.F.);
#792=ORIENTED_EDGE('',*,*,#1179,.T.);
#793=ORIENTED_EDGE('',*,*,#1154,.T.);
#794=ORIENTED_EDGE('',*,*,#1148,.T.);
#795=ORIENTED_EDGE('',*,*,#1167,.T.);
#796=ORIENTED_EDGE('',*,*,#1182,.T.);
#797=ORIENTED_EDGE('',*,*,#1149,.T.);
#798=ORIENTED_EDGE('',*,*,#1184,.T.);
#799=ORIENTED_EDGE('',*,*,#1170,.T.);
#800=ORIENTED_EDGE('',*,*,#1150,.T.);
#801=ORIENTED_EDGE('',*,*,#1172,.T.);
#802=ORIENTED_EDGE('',*,*,#1131,.F.);
#803=ORIENTED_EDGE('',*,*,#1175,.T.);
#804=ORIENTED_EDGE('',*,*,#1151,.T.);
#805=ORIENTED_EDGE('',*,*,#1176,.T.);
#806=ORIENTED_EDGE('',*,*,#1153,.F.);
#807=ORIENTED_EDGE('',*,*,#1154,.F.);
#808=ORIENTED_EDGE('',*,*,#1155,.F.);
#809=ORIENTED_EDGE('',*,*,#1152,.F.);
#810=ORIENTED_EDGE('',*,*,#1157,.F.);
#811=ORIENTED_EDGE('',*,*,#1142,.F.);
#812=ORIENTED_EDGE('',*,*,#1158,.F.);
#813=ORIENTED_EDGE('',*,*,#1156,.F.);
#814=ORIENTED_EDGE('',*,*,#1156,.T.);
#815=ORIENTED_EDGE('',*,*,#1160,.F.);
#816=ORIENTED_EDGE('',*,*,#1138,.F.);
#817=ORIENTED_EDGE('',*,*,#1159,.F.);
#818=ORIENTED_EDGE('',*,*,#1150,.F.);
#819=ORIENTED_EDGE('',*,*,#1161,.T.);
#820=ORIENTED_EDGE('',*,*,#1145,.F.);
#821=ORIENTED_EDGE('',*,*,#1162,.T.);
#822=ORIENTED_EDGE('',*,*,#1151,.F.);
#823=ORIENTED_EDGE('',*,*,#1163,.T.);
#824=ORIENTED_EDGE('',*,*,#1144,.F.);
#825=ORIENTED_EDGE('',*,*,#1164,.T.);
#826=ORIENTED_EDGE('',*,*,#1148,.F.);
#827=ORIENTED_EDGE('',*,*,#1153,.T.);
#828=ORIENTED_EDGE('',*,*,#1147,.F.);
#829=ORIENTED_EDGE('',*,*,#1165,.T.);
#830=ORIENTED_EDGE('',*,*,#1166,.T.);
#831=ORIENTED_EDGE('',*,*,#1167,.F.);
#832=ORIENTED_EDGE('',*,*,#1165,.F.);
#833=ORIENTED_EDGE('',*,*,#1168,.F.);
#834=ORIENTED_EDGE('',*,*,#1169,.F.);
#835=ORIENTED_EDGE('',*,*,#1161,.F.);
#836=ORIENTED_EDGE('',*,*,#1170,.F.);
#837=ORIENTED_EDGE('',*,*,#1171,.T.);
#838=ORIENTED_EDGE('',*,*,#1172,.F.);
#839=ORIENTED_EDGE('',*,*,#1162,.F.);
#840=ORIENTED_EDGE('',*,*,#1173,.F.);
#841=ORIENTED_EDGE('',*,*,#1132,.F.);
#842=ORIENTED_EDGE('',*,*,#1174,.F.);
#843=ORIENTED_EDGE('',*,*,#1163,.F.);
#844=ORIENTED_EDGE('',*,*,#1175,.F.);
#845=ORIENTED_EDGE('',*,*,#1130,.F.);
#846=ORIENTED_EDGE('',*,*,#1190,.T.);
#847=ORIENTED_EDGE('',*,*,#1176,.F.);
#848=ORIENTED_EDGE('',*,*,#1164,.F.);
#849=ORIENTED_EDGE('',*,*,#1192,.F.);
#850=ORIENTED_EDGE('',*,*,#1191,.T.);
#851=ORIENTED_EDGE('',*,*,#1177,.F.);
#852=ORIENTED_EDGE('',*,*,#1136,.F.);
#853=ORIENTED_EDGE('',*,*,#1193,.F.);
#854=ORIENTED_EDGE('',*,*,#1178,.F.);
#855=ORIENTED_EDGE('',*,*,#1155,.T.);
#856=ORIENTED_EDGE('',*,*,#1179,.F.);
#857=ORIENTED_EDGE('',*,*,#1140,.F.);
#858=ORIENTED_EDGE('',*,*,#1180,.F.);
#859=ORIENTED_EDGE('',*,*,#1181,.T.);
#860=ORIENTED_EDGE('',*,*,#1182,.F.);
#861=ORIENTED_EDGE('',*,*,#1166,.F.);
#862=ORIENTED_EDGE('',*,*,#1183,.T.);
#863=ORIENTED_EDGE('',*,*,#1149,.F.);
#864=ORIENTED_EDGE('',*,*,#1181,.F.);
#865=ORIENTED_EDGE('',*,*,#1146,.F.);
#866=ORIENTED_EDGE('',*,*,#1171,.F.);
#867=ORIENTED_EDGE('',*,*,#1184,.F.);
#868=ORIENTED_EDGE('',*,*,#1183,.F.);
#869=ORIENTED_EDGE('',*,*,#1185,.F.);
#870=ORIENTED_EDGE('',*,*,#1194,.T.);
#871=ORIENTED_EDGE('',*,*,#1186,.F.);
#872=ORIENTED_EDGE('',*,*,#1195,.F.);
#873=ORIENTED_EDGE('',*,*,#1196,.T.);
#874=ORIENTED_EDGE('',*,*,#1187,.F.);
#875=ORIENTED_EDGE('',*,*,#1197,.F.);
#876=ORIENTED_EDGE('',*,*,#1191,.F.);
#877=ORIENTED_EDGE('',*,*,#1189,.F.);
#878=ORIENTED_EDGE('',*,*,#1190,.F.);
#879=ORIENTED_EDGE('',*,*,#1188,.F.);
#880=ORIENTED_EDGE('',*,*,#1134,.F.);
#881=ORIENTED_EDGE('',*,*,#1186,.T.);
#882=ORIENTED_EDGE('',*,*,#1194,.F.);
#883=ORIENTED_EDGE('',*,*,#1135,.F.);
#884=ORIENTED_EDGE('',*,*,#1187,.T.);
#885=ORIENTED_EDGE('',*,*,#1196,.F.);
#886=ORIENTED_EDGE('',*,*,#1198,.T.);
#887=ORIENTED_EDGE('',*,*,#1199,.T.);
#888=ORIENTED_EDGE('',*,*,#1200,.T.);
#889=ORIENTED_EDGE('',*,*,#1201,.T.);
#890=ORIENTED_EDGE('',*,*,#1202,.T.);
#891=ORIENTED_EDGE('',*,*,#1203,.T.);
#892=ORIENTED_EDGE('',*,*,#1204,.T.);
#893=ORIENTED_EDGE('',*,*,#1199,.F.);
#894=ORIENTED_EDGE('',*,*,#1205,.T.);
#895=ORIENTED_EDGE('',*,*,#1206,.T.);
#896=ORIENTED_EDGE('',*,*,#1207,.T.);
#897=ORIENTED_EDGE('',*,*,#1203,.F.);
#898=ORIENTED_EDGE('',*,*,#1209,.F.);
#899=ORIENTED_EDGE('',*,*,#1210,.F.);
#900=ORIENTED_EDGE('',*,*,#1206,.F.);
#901=ORIENTED_EDGE('',*,*,#1208,.F.);
#902=ORIENTED_EDGE('',*,*,#1211,.T.);
#903=ORIENTED_EDGE('',*,*,#1212,.T.);
#904=ORIENTED_EDGE('',*,*,#1213,.T.);
#905=ORIENTED_EDGE('',*,*,#1209,.T.);
#906=ORIENTED_EDGE('',*,*,#1214,.T.);
#907=ORIENTED_EDGE('',*,*,#1215,.T.);
#908=ORIENTED_EDGE('',*,*,#1216,.T.);
#909=ORIENTED_EDGE('',*,*,#1212,.F.);
#910=ORIENTED_EDGE('',*,*,#1217,.T.);
#911=ORIENTED_EDGE('',*,*,#1218,.T.);
#912=ORIENTED_EDGE('',*,*,#1219,.T.);
#913=ORIENTED_EDGE('',*,*,#1215,.F.);
#914=ORIENTED_EDGE('',*,*,#1220,.T.);
#915=ORIENTED_EDGE('',*,*,#1221,.T.);
#916=ORIENTED_EDGE('',*,*,#1222,.T.);
#917=ORIENTED_EDGE('',*,*,#1218,.F.);
#918=ORIENTED_EDGE('',*,*,#1223,.T.);
#919=ORIENTED_EDGE('',*,*,#1224,.T.);
#920=ORIENTED_EDGE('',*,*,#1225,.T.);
#921=ORIENTED_EDGE('',*,*,#1221,.F.);
#922=ORIENTED_EDGE('',*,*,#1226,.T.);
#923=ORIENTED_EDGE('',*,*,#1227,.T.);
#924=ORIENTED_EDGE('',*,*,#1228,.T.);
#925=ORIENTED_EDGE('',*,*,#1224,.F.);
#926=ORIENTED_EDGE('',*,*,#1229,.T.);
#927=ORIENTED_EDGE('',*,*,#1230,.T.);
#928=ORIENTED_EDGE('',*,*,#1231,.T.);
#929=ORIENTED_EDGE('',*,*,#1227,.F.);
#930=ORIENTED_EDGE('',*,*,#1232,.T.);
#931=ORIENTED_EDGE('',*,*,#1233,.T.);
#932=ORIENTED_EDGE('',*,*,#1234,.T.);
#933=ORIENTED_EDGE('',*,*,#1230,.F.);
#934=ORIENTED_EDGE('',*,*,#1247,.T.);
#935=ORIENTED_EDGE('',*,*,#1256,.T.);
#936=ORIENTED_EDGE('',*,*,#1249,.T.);
#937=ORIENTED_EDGE('',*,*,#1258,.T.);
#938=ORIENTED_EDGE('',*,*,#1251,.T.);
#939=ORIENTED_EDGE('',*,*,#1260,.T.);
#940=ORIENTED_EDGE('',*,*,#1235,.T.);
#941=ORIENTED_EDGE('',*,*,#1236,.T.);
#942=ORIENTED_EDGE('',*,*,#1237,.T.);
#943=ORIENTED_EDGE('',*,*,#1233,.F.);
#944=ORIENTED_EDGE('',*,*,#1238,.T.);
#945=ORIENTED_EDGE('',*,*,#1239,.T.);
#946=ORIENTED_EDGE('',*,*,#1240,.T.);
#947=ORIENTED_EDGE('',*,*,#1236,.F.);
#948=ORIENTED_EDGE('',*,*,#1242,.T.);
#949=ORIENTED_EDGE('',*,*,#1243,.T.);
#950=ORIENTED_EDGE('',*,*,#1244,.T.);
#951=ORIENTED_EDGE('',*,*,#1241,.F.);
#952=ORIENTED_EDGE('',*,*,#1201,.F.);
#953=ORIENTED_EDGE('',*,*,#1246,.F.);
#954=ORIENTED_EDGE('',*,*,#1243,.F.);
#955=ORIENTED_EDGE('',*,*,#1245,.F.);
#956=ORIENTED_EDGE('',*,*,#1253,.T.);
#957=ORIENTED_EDGE('',*,*,#1238,.F.);
#958=ORIENTED_EDGE('',*,*,#1235,.F.);
#959=ORIENTED_EDGE('',*,*,#1232,.F.);
#960=ORIENTED_EDGE('',*,*,#1229,.F.);
#961=ORIENTED_EDGE('',*,*,#1226,.F.);
#962=ORIENTED_EDGE('',*,*,#1223,.F.);
#963=ORIENTED_EDGE('',*,*,#1220,.F.);
#964=ORIENTED_EDGE('',*,*,#1217,.F.);
#965=ORIENTED_EDGE('',*,*,#1214,.F.);
#966=ORIENTED_EDGE('',*,*,#1211,.F.);
#967=ORIENTED_EDGE('',*,*,#1208,.T.);
#968=ORIENTED_EDGE('',*,*,#1205,.F.);
#969=ORIENTED_EDGE('',*,*,#1202,.F.);
#970=ORIENTED_EDGE('',*,*,#1198,.F.);
#971=ORIENTED_EDGE('',*,*,#1245,.T.);
#972=ORIENTED_EDGE('',*,*,#1242,.F.);
#973=ORIENTED_EDGE('',*,*,#1254,.T.);
#974=ORIENTED_EDGE('',*,*,#1244,.F.);
#975=ORIENTED_EDGE('',*,*,#1246,.T.);
#976=ORIENTED_EDGE('',*,*,#1200,.F.);
#977=ORIENTED_EDGE('',*,*,#1204,.F.);
#978=ORIENTED_EDGE('',*,*,#1207,.F.);
#979=ORIENTED_EDGE('',*,*,#1210,.T.);
#980=ORIENTED_EDGE('',*,*,#1213,.F.);
#981=ORIENTED_EDGE('',*,*,#1216,.F.);
#982=ORIENTED_EDGE('',*,*,#1219,.F.);
#983=ORIENTED_EDGE('',*,*,#1222,.F.);
#984=ORIENTED_EDGE('',*,*,#1225,.F.);
#985=ORIENTED_EDGE('',*,*,#1228,.F.);
#986=ORIENTED_EDGE('',*,*,#1231,.F.);
#987=ORIENTED_EDGE('',*,*,#1234,.F.);
#988=ORIENTED_EDGE('',*,*,#1237,.F.);
#989=ORIENTED_EDGE('',*,*,#1240,.F.);
#990=ORIENTED_EDGE('',*,*,#1255,.T.);
#991=ORIENTED_EDGE('',*,*,#1248,.F.);
#992=ORIENTED_EDGE('',*,*,#1256,.F.);
#993=ORIENTED_EDGE('',*,*,#1257,.T.);
#994=ORIENTED_EDGE('',*,*,#1250,.F.);
#995=ORIENTED_EDGE('',*,*,#1258,.F.);
#996=ORIENTED_EDGE('',*,*,#1259,.T.);
#997=ORIENTED_EDGE('',*,*,#1252,.F.);
#998=ORIENTED_EDGE('',*,*,#1260,.F.);
#999=ORIENTED_EDGE('',*,*,#1253,.F.);
#1000=ORIENTED_EDGE('',*,*,#1241,.T.);
#1001=ORIENTED_EDGE('',*,*,#1254,.F.);
#1002=ORIENTED_EDGE('',*,*,#1239,.F.);
#1003=ORIENTED_EDGE('',*,*,#1247,.F.);
#1004=ORIENTED_EDGE('',*,*,#1248,.T.);
#1005=ORIENTED_EDGE('',*,*,#1255,.F.);
#1006=ORIENTED_EDGE('',*,*,#1249,.F.);
#1007=ORIENTED_EDGE('',*,*,#1250,.T.);
#1008=ORIENTED_EDGE('',*,*,#1257,.F.);
#1009=ORIENTED_EDGE('',*,*,#1251,.F.);
#1010=ORIENTED_EDGE('',*,*,#1252,.T.);
#1011=ORIENTED_EDGE('',*,*,#1259,.F.);
#1012=EDGE_CURVE('',#1406,#1409,#1261,.T.);
#1013=EDGE_CURVE('',#1406,#1407,#1262,.T.);
#1014=EDGE_CURVE('',#1407,#1410,#1263,.T.);
#1015=EDGE_CURVE('',#1408,#1407,#1264,.T.);
#1016=EDGE_CURVE('',#1409,#1412,#1265,.T.);
#1017=EDGE_CURVE('',#1410,#1409,#1266,.T.);
#1018=EDGE_CURVE('',#1410,#1411,#1267,.T.);
#1019=EDGE_CURVE('',#1412,#1413,#1268,.T.);
#1020=EDGE_CURVE('',#1408,#1414,#1269,.T.);
#1021=EDGE_CURVE('',#1413,#1408,#1270,.T.);
#1022=EDGE_CURVE('',#1415,#1415,#1271,.T.);
#1023=EDGE_CURVE('',#1416,#1416,#1272,.T.);
#1024=EDGE_CURVE('',#1417,#1417,#1273,.T.);
#1025=EDGE_CURVE('',#1412,#1414,#1274,.T.);
#1026=EDGE_CURVE('',#1413,#1406,#1275,.T.);
#1027=EDGE_CURVE('',#1414,#1411,#1276,.T.);
#1028=EDGE_CURVE('',#1411,#1408,#1277,.T.);
#1029=EDGE_CURVE('',#1418,#1419,#1278,.T.);
#1030=EDGE_CURVE('',#1419,#1424,#1279,.T.);
#1031=EDGE_CURVE('',#1418,#1426,#1280,.T.);
#1032=EDGE_CURVE('',#1420,#1420,#1281,.T.);
#1033=EDGE_CURVE('',#1421,#1421,#1282,.T.);
#1034=EDGE_CURVE('',#1422,#1422,#1283,.T.);
#1035=EDGE_CURVE('',#1423,#1423,#1284,.T.);
#1036=EDGE_CURVE('',#1424,#1425,#1285,.T.);
#1037=EDGE_CURVE('',#1425,#1428,#1286,.T.);
#1038=EDGE_CURVE('',#1425,#1418,#1287,.T.);
#1039=EDGE_CURVE('',#1426,#1427,#1288,.T.);
#1040=EDGE_CURVE('',#1428,#1426,#1289,.T.);
#1041=EDGE_CURVE('',#1427,#1429,#1290,.T.);
#1042=EDGE_CURVE('',#1428,#1429,#1291,.T.);
#1043=EDGE_CURVE('',#1427,#1419,#1292,.T.);
#1044=EDGE_CURVE('',#1429,#1424,#1293,.T.);
#1045=EDGE_CURVE('',#1430,#1431,#1294,.T.);
#1046=EDGE_CURVE('',#1431,#1436,#1295,.T.);
#1047=EDGE_CURVE('',#1431,#1434,#1296,.T.);
#1048=EDGE_CURVE('',#1432,#1432,#1297,.T.);
#1049=EDGE_CURVE('',#1433,#1433,#1298,.T.);
#1050=EDGE_CURVE('',#1434,#1438,#1299,.T.);
#1051=EDGE_CURVE('',#1435,#1434,#1300,.T.);
#1052=EDGE_CURVE('',#1435,#1430,#1301,.T.);
#1053=EDGE_CURVE('',#1436,#1437,#1302,.T.);
#1054=EDGE_CURVE('',#1438,#1436,#1303,.T.);
#1055=EDGE_CURVE('',#1437,#1439,#1304,.T.);
#1056=EDGE_CURVE('',#1438,#1439,#1305,.T.);
#1057=EDGE_CURVE('',#1437,#1430,#1306,.T.);
#1058=EDGE_CURVE('',#1439,#1435,#1307,.T.);
#1059=EDGE_CURVE('',#1440,#1441,#1308,.T.);
#1060=EDGE_CURVE('',#1441,#1445,#1309,.T.);
#1061=EDGE_CURVE('',#1441,#1443,#1310,.T.);
#1062=EDGE_CURVE('',#1442,#1442,#1311,.T.);
#1063=EDGE_CURVE('',#1443,#1447,#1312,.T.);
#1064=EDGE_CURVE('',#1444,#1443,#1313,.T.);
#1065=EDGE_CURVE('',#1444,#1440,#1314,.T.);
#1066=EDGE_CURVE('',#1445,#1446,#1315,.T.);
#1067=EDGE_CURVE('',#1447,#1445,#1316,.T.);
#1068=EDGE_CURVE('',#1446,#1448,#1317,.T.);
#1069=EDGE_CURVE('',#1447,#1448,#1318,.T.);
#1070=EDGE_CURVE('',#1446,#1440,#1319,.T.);
#1071=EDGE_CURVE('',#1448,#1444,#1320,.T.);
#1072=EDGE_CURVE('',#1449,#1450,#11,.T.);
#1073=EDGE_CURVE('',#1450,#1451,#12,.T.);
#1074=EDGE_CURVE('',#1451,#1452,#13,.T.);
#1075=EDGE_CURVE('',#1452,#1449,#14,.T.);
#1076=EDGE_CURVE('',#1453,#1487,#15,.T.);
#1077=EDGE_CURVE('',#1454,#1455,#16,.T.);
#1078=EDGE_CURVE('',#1455,#1456,#17,.T.);
#1079=EDGE_CURVE('',#1456,#1457,#18,.T.);
#1080=EDGE_CURVE('',#1457,#1454,#19,.T.);
#1081=EDGE_CURVE('',#1458,#1459,#20,.T.);
#1082=EDGE_CURVE('',#1460,#1458,#21,.T.);
#1083=EDGE_CURVE('',#1461,#1460,#22,.T.);
#1084=EDGE_CURVE('',#1459,#1461,#23,.T.);
#1085=EDGE_CURVE('',#1462,#1463,#1321,.T.);
#1086=EDGE_CURVE('',#1464,#1465,#1322,.T.);
#1087=EDGE_CURVE('',#1466,#1460,#24,.T.);
#1088=EDGE_CURVE('',#1461,#1473,#25,.T.);
#1089=EDGE_CURVE('',#1474,#1475,#1323,.T.);
#1090=EDGE_CURVE('',#1476,#1477,#1324,.T.);
#1091=EDGE_CURVE('',#1476,#1463,#1325,.T.);
#1092=EDGE_CURVE('',#1462,#1477,#1326,.T.);
#1093=EDGE_CURVE('',#1474,#1465,#1327,.T.);
#1094=EDGE_CURVE('',#1464,#1475,#1328,.T.);
#1095=EDGE_CURVE('',#1466,#1473,#26,.T.);
#1096=EDGE_CURVE('',#1473,#1481,#1329,.T.);
#1097=EDGE_CURVE('',#1465,#1479,#1330,.T.);
#1098=EDGE_CURVE('',#1475,#1451,#1331,.T.);
#1099=EDGE_CURVE('',#1452,#1464,#1332,.T.);
#1100=EDGE_CURVE('',#1463,#1449,#1333,.T.);
#1101=EDGE_CURVE('',#1450,#1476,#1334,.T.);
#1102=EDGE_CURVE('',#1455,#1483,#1335,.T.);
#1103=EDGE_CURVE('',#1477,#1485,#1336,.T.);
#1104=EDGE_CURVE('',#1457,#1470,#27,.T.);
#1105=EDGE_CURVE('',#1469,#1456,#28,.T.);
#1106=EDGE_CURVE('',#1470,#1469,#29,.T.);
#1107=EDGE_CURVE('',#1468,#1469,#1337,.T.);
#1108=EDGE_CURVE('',#1468,#1471,#30,.T.);
#1109=EDGE_CURVE('',#1470,#1471,#1338,.T.);
#1110=EDGE_CURVE('',#1471,#1472,#31,.T.);
#1111=EDGE_CURVE('',#1467,#1468,#32,.T.);
#1112=EDGE_CURVE('',#1467,#1472,#33,.T.);
#1113=EDGE_CURVE('',#1458,#1467,#1339,.T.);
#1114=EDGE_CURVE('',#1472,#1459,#1340,.T.);
#1115=EDGE_CURVE('',#1453,#1478,#34,.T.);
#1116=EDGE_CURVE('',#1479,#1480,#1341,.T.);
#1117=EDGE_CURVE('',#1481,#1482,#1342,.T.);
#1118=EDGE_CURVE('',#1480,#1481,#1343,.T.);
#1119=EDGE_CURVE('',#1482,#1479,#1344,.T.);
#1120=EDGE_CURVE('',#1480,#1466,#1345,.T.);
#1121=EDGE_CURVE('',#1482,#1474,#1346,.T.);
#1122=EDGE_CURVE('',#1483,#1484,#1347,.T.);
#1123=EDGE_CURVE('',#1485,#1486,#1348,.T.);
#1124=EDGE_CURVE('',#1486,#1483,#1349,.T.);
#1125=EDGE_CURVE('',#1484,#1485,#1350,.T.);
#1126=EDGE_CURVE('',#1486,#1454,#1351,.T.);
#1127=EDGE_CURVE('',#1484,#1462,#1352,.T.);
#1128=EDGE_CURVE('',#1487,#1478,#35,.T.);
#1129=EDGE_CURVE('',#1487,#1453,#36,.T.);
#1130=EDGE_CURVE('',#1488,#1489,#1353,.T.);
#1131=EDGE_CURVE('',#1489,#1490,#1354,.T.);
#1132=EDGE_CURVE('',#1490,#1491,#1355,.T.);
#1133=EDGE_CURVE('',#1491,#1488,#1356,.T.);
#1134=EDGE_CURVE('',#1492,#1532,#37,.T.);
#1135=EDGE_CURVE('',#1493,#1533,#38,.T.);
#1136=EDGE_CURVE('',#1494,#1495,#1357,.T.);
#1137=EDGE_CURVE('',#1495,#1496,#1358,.T.);
#1138=EDGE_CURVE('',#1496,#1497,#1359,.T.);
#1139=EDGE_CURVE('',#1497,#1494,#1360,.T.);
#1140=EDGE_CURVE('',#1498,#1499,#1361,.T.);
#1141=EDGE_CURVE('',#1499,#1500,#1362,.T.);
#1142=EDGE_CURVE('',#1500,#1501,#39,.T.);
#1143=EDGE_CURVE('',#1501,#1498,#1363,.T.);
#1144=EDGE_CURVE('',#1502,#1503,#1364,.T.);
#1145=EDGE_CURVE('',#1504,#1505,#1365,.T.);
#1146=EDGE_CURVE('',#1507,#1508,#1366,.T.);
#1147=EDGE_CURVE('',#1510,#1511,#1367,.T.);
#1148=EDGE_CURVE('',#1516,#1517,#1368,.T.);
#1149=EDGE_CURVE('',#1519,#1520,#1369,.T.);
#1150=EDGE_CURVE('',#1522,#1523,#1370,.T.);
#1151=EDGE_CURVE('',#1524,#1525,#1371,.T.);
#1152=EDGE_CURVE('',#1511,#1512,#40,.T.);
#1153=EDGE_CURVE('',#1516,#1511,#1372,.T.);
#1154=EDGE_CURVE('',#1515,#1516,#41,.T.);
#1155=EDGE_CURVE('',#1512,#1515,#42,.T.);
#1156=EDGE_CURVE('',#1513,#1514,#43,.T.);
#1157=EDGE_CURVE('',#1501,#1513,#44,.T.);
#1158=EDGE_CURVE('',#1514,#1500,#45,.T.);
#1159=EDGE_CURVE('',#1513,#1496,#46,.T.);
#1160=EDGE_CURVE('',#1497,#1514,#47,.T.);
#1161=EDGE_CURVE('',#1522,#1505,#1373,.T.);
#1162=EDGE_CURVE('',#1504,#1523,#1374,.T.);
#1163=EDGE_CURVE('',#1524,#1503,#1375,.T.);
#1164=EDGE_CURVE('',#1502,#1525,#1376,.T.);
#1165=EDGE_CURVE('',#1510,#1517,#1377,.T.);
#1166=EDGE_CURVE('',#1509,#1518,#1378,.T.);
#1167=EDGE_CURVE('',#1517,#1518,#1379,.T.);
#1168=EDGE_CURVE('',#1509,#1510,#1380,.T.);
#1169=EDGE_CURVE('',#1505,#1506,#1381,.T.);
#1170=EDGE_CURVE('',#1521,#1522,#1382,.T.);
#1171=EDGE_CURVE('',#1521,#1506,#1383,.T.);
#1172=EDGE_CURVE('',#1523,#1490,#1384,.T.);
#1173=EDGE_CURVE('',#1491,#1504,#1385,.T.);
#1174=EDGE_CURVE('',#1503,#1488,#1386,.T.);
#1175=EDGE_CURVE('',#1489,#1524,#1387,.T.);
#1176=EDGE_CURVE('',#1525,#1530,#1388,.T.);
#1177=EDGE_CURVE('',#1495,#1528,#1389,.T.);
#1178=EDGE_CURVE('',#1512,#1498,#1390,.T.);
#1179=EDGE_CURVE('',#1499,#1515,#1391,.T.);
#1180=EDGE_CURVE('',#1508,#1509,#1392,.T.);
#1181=EDGE_CURVE('',#1508,#1519,#1393,.T.);
#1182=EDGE_CURVE('',#1518,#1519,#1394,.T.);
#1183=EDGE_CURVE('',#1507,#1520,#1395,.T.);
#1184=EDGE_CURVE('',#1520,#1521,#1396,.T.);
#1185=EDGE_CURVE('',#1506,#1507,#1397,.T.);
#1186=EDGE_CURVE('',#1492,#1526,#48,.T.);
#1187=EDGE_CURVE('',#1493,#1527,#49,.T.);
#1188=EDGE_CURVE('',#1528,#1529,#1398,.T.);
#1189=EDGE_CURVE('',#1530,#1531,#1399,.T.);
#1190=EDGE_CURVE('',#1529,#1530,#1400,.T.);
#1191=EDGE_CURVE('',#1531,#1528,#1401,.T.);
#1192=EDGE_CURVE('',#1529,#1502,#1402,.T.);
#1193=EDGE_CURVE('',#1531,#1494,#1403,.T.);
#1194=EDGE_CURVE('',#1532,#1526,#50,.T.);
#1195=EDGE_CURVE('',#1532,#1492,#51,.T.);
#1196=EDGE_CURVE('',#1533,#1527,#52,.T.);
#1197=EDGE_CURVE('',#1533,#1493,#53,.T.);
#1198=EDGE_CURVE('',#1534,#1535,#54,.T.);
#1199=EDGE_CURVE('',#1535,#1536,#55,.T.);
#1200=EDGE_CURVE('',#1536,#1537,#56,.T.);
#1201=EDGE_CURVE('',#1537,#1534,#57,.T.);
#1202=EDGE_CURVE('',#1535,#1538,#58,.T.);
#1203=EDGE_CURVE('',#1538,#1539,#59,.T.);
#1204=EDGE_CURVE('',#1539,#1536,#60,.T.);
#1205=EDGE_CURVE('',#1538,#1540,#61,.T.);
#1206=EDGE_CURVE('',#1540,#1541,#62,.T.);
#1207=EDGE_CURVE('',#1541,#1539,#63,.T.);
#1208=EDGE_CURVE('',#1542,#1540,#64,.T.);
#1209=EDGE_CURVE('',#1543,#1542,#65,.T.);
#1210=EDGE_CURVE('',#1541,#1543,#66,.T.);
#1211=EDGE_CURVE('',#1542,#1544,#67,.T.);
#1212=EDGE_CURVE('',#1544,#1545,#68,.T.);
#1213=EDGE_CURVE('',#1545,#1543,#69,.T.);
#1214=EDGE_CURVE('',#1544,#1546,#70,.T.);
#1215=EDGE_CURVE('',#1546,#1547,#71,.T.);
#1216=EDGE_CURVE('',#1547,#1545,#72,.T.);
#1217=EDGE_CURVE('',#1546,#1548,#73,.T.);
#1218=EDGE_CURVE('',#1548,#1549,#74,.T.);
#1219=EDGE_CURVE('',#1549,#1547,#75,.T.);
#1220=EDGE_CURVE('',#1548,#1550,#76,.T.);
#1221=EDGE_CURVE('',#1550,#1551,#77,.T.);
#1222=EDGE_CURVE('',#1551,#1549,#78,.T.);
#1223=EDGE_CURVE('',#1550,#1552,#79,.T.);
#1224=EDGE_CURVE('',#1552,#1553,#80,.T.);
#1225=EDGE_CURVE('',#1553,#1551,#81,.T.);
#1226=EDGE_CURVE('',#1552,#1554,#82,.T.);
#1227=EDGE_CURVE('',#1554,#1555,#83,.T.);
#1228=EDGE_CURVE('',#1555,#1553,#84,.T.);
#1229=EDGE_CURVE('',#1554,#1556,#85,.T.);
#1230=EDGE_CURVE('',#1556,#1557,#86,.T.);
#1231=EDGE_CURVE('',#1557,#1555,#87,.T.);
#1232=EDGE_CURVE('',#1556,#1558,#88,.T.);
#1233=EDGE_CURVE('',#1558,#1559,#89,.T.);
#1234=EDGE_CURVE('',#1559,#1557,#90,.T.);
#1235=EDGE_CURVE('',#1558,#1563,#91,.T.);
#1236=EDGE_CURVE('',#1563,#1564,#92,.T.);
#1237=EDGE_CURVE('',#1564,#1559,#93,.T.);
#1238=EDGE_CURVE('',#1563,#1565,#94,.T.);
#1239=EDGE_CURVE('',#1565,#1566,#95,.T.);
#1240=EDGE_CURVE('',#1566,#1564,#96,.T.);
#1241=EDGE_CURVE('',#1567,#1568,#97,.T.);
#1242=EDGE_CURVE('',#1567,#1569,#98,.T.);
#1243=EDGE_CURVE('',#1569,#1570,#99,.T.);
#1244=EDGE_CURVE('',#1570,#1568,#100,.T.);
#1245=EDGE_CURVE('',#1534,#1569,#101,.T.);
#1246=EDGE_CURVE('',#1570,#1537,#102,.T.);
#1247=EDGE_CURVE('',#1560,#1574,#103,.T.);
#1248=EDGE_CURVE('',#1560,#1571,#104,.T.);
#1249=EDGE_CURVE('',#1561,#1575,#105,.T.);
#1250=EDGE_CURVE('',#1561,#1572,#106,.T.);
#1251=EDGE_CURVE('',#1562,#1576,#107,.T.);
#1252=EDGE_CURVE('',#1562,#1573,#108,.T.);
#1253=EDGE_CURVE('',#1567,#1565,#1404,.T.);
#1254=EDGE_CURVE('',#1566,#1568,#1405,.T.);
#1255=EDGE_CURVE('',#1574,#1571,#109,.T.);
#1256=EDGE_CURVE('',#1574,#1560,#110,.T.);
#1257=EDGE_CURVE('',#1575,#1572,#111,.T.);
#1258=EDGE_CURVE('',#1575,#1561,#112,.T.);
#1259=EDGE_CURVE('',#1576,#1573,#113,.T.);
#1260=EDGE_CURVE('',#1576,#1562,#114,.T.);
#1261=B_SPLINE_CURVE_WITH_KNOTS('',1,(#2039,#2040),.UNSPECIFIED.,.F.,.F.,
(2,2),(-8.05679070735412,-0.500000002066607),.UNSPECIFIED.);
#1262=B_SPLINE_CURVE_WITH_KNOTS('',3,(#2041,#2042,#2043,#2044),
 .UNSPECIFIED.,.F.,.F.,(4,4),(0.,247.565758573308),.UNSPECIFIED.);
#1263=B_SPLINE_CURVE_WITH_KNOTS('',1,(#2045,#2046),.UNSPECIFIED.,.F.,.F.,
(2,2),(9.44954681921103,11.3003209189699),.UNSPECIFIED.);
#1264=B_SPLINE_CURVE_WITH_KNOTS('',1,(#2047,#2048),.UNSPECIFIED.,.F.,.F.,
(2,2),(-160.932412338276,-152.682549802907),.UNSPECIFIED.);
#1265=B_SPLINE_CURVE_WITH_KNOTS('',1,(#2049,#2050),.UNSPECIFIED.,.F.,.F.,
(2,2),(-12.001026805489,-8.77018917876001),.UNSPECIFIED.);
#1266=B_SPLINE_CURVE_WITH_KNOTS('',1,(#2051,#2052),.UNSPECIFIED.,.F.,.F.,
(2,2),(-247.50000363715,-3.41983898017872E-5),.UNSPECIFIED.);
#1267=B_SPLINE_CURVE_WITH_KNOTS('',1,(#2053,#2054),.UNSPECIFIED.,.F.,.F.,
(2,2),(152.682381623905,160.932244052499),.UNSPECIFIED.);
#1268=B_SPLINE_CURVE_WITH_KNOTS('',3,(#2055,#2056,#2057,#2058),
 .UNSPECIFIED.,.F.,.F.,(4,4),(0.0755679067408803,7.63235858082915),
 .UNSPECIFIED.);
#1269=B_SPLINE_CURVE_WITH_KNOTS('',3,(#2059,#2060,#2061,#2062),
 .UNSPECIFIED.,.F.,.F.,(4,4),(0.,1.85594156901311),.UNSPECIFIED.);
#1270=B_SPLINE_CURVE_WITH_KNOTS('',3,(#2063,#2064,#2065,#2066),
 .UNSPECIFIED.,.F.,.F.,(4,4),(1.91384789497557,249.530481263842),
 .UNSPECIFIED.);
#1271=B_SPLINE_CURVE_WITH_KNOTS('',3,(#2067,#2068,#2069,#2070,#2071,#2072,
#2073,#2074,#2075,#2076,#2077,#2078,#2079,#2080,#2081,#2082,#2083,#2084,
#2085,#2086,#2087,#2088,#2089,#2090,#2091,#2092,#2093,#2094,#2095,#2096,
#2097,#2098,#2099,#2100,#2101,#2102,#2103,#2104,#2105,#2106,#2107,#2108,
#2109,#2110,#2111,#2112,#2113,#2114,#2115,#2116,#2117,#2118,#2119,#2120,
#2121,#2122,#2123,#2124,#2125,#2126,#2127,#2128,#2129,#2130,#2131,#2132,
#2133,#2134,#2135,#2136,#2137,#2138,#2139),.UNSPECIFIED.,.T.,.F.,(4,3,3,
3,3,3,3,3,3,3,3,3,3,3,3,3,3,3,3,3,3,3,3,3,4),(0.,0.237130668088111,0.409472831656258,
0.779351353492458,1.1495083671017,1.32399805988524,1.55921244882447,1.94157649197268,
2.04797229835392,2.27407925920634,2.48663570800572,2.60977980343916,2.9751013126914,
3.28706199161985,3.38540153025901,3.75555854386812,4.1254370657046,4.22153270512691,
4.53552462750034,4.90014497536069,5.02398533290686,5.2367183453359,5.46303801497855,
5.57008800484133,5.95179215818834),.UNSPECIFIED.);
#1272=B_SPLINE_CURVE_WITH_KNOTS('',3,(#2140,#2141,#2142,#2143,#2144,#2145,
#2146,#2147,#2148,#2149,#2150,#2151,#2152,#2153,#2154,#2155,#2156,#2157,
#2158,#2159,#2160,#2161,#2162,#2163,#2164,#2165,#2166,#2167,#2168,#2169,
#2170,#2171,#2172,#2173,#2174,#2175,#2176,#2177,#2178,#2179,#2180,#2181,
#2182,#2183,#2184,#2185,#2186,#2187,#2188,#2189,#2190,#2191,#2192,#2193,
#2194,#2195,#2196,#2197,#2198,#2199,#2200,#2201,#2202,#2203,#2204,#2205,
#2206,#2207,#2208,#2209,#2210,#2211,#2212),.UNSPECIFIED.,.T.,.F.,(4,3,3,
3,3,3,3,3,3,3,3,3,3,3,3,3,3,3,3,3,3,3,3,3,4),(0.,0.179270335606434,0.411485094990134,
0.783850410636597,1.15649390277746,1.39086153101208,1.56822411027132,1.96618232956201,
2.05329004753788,2.28550494947663,2.50468165910192,2.61153277228297,2.98936456646516,
3.2685148008678,3.40135183722998,3.77399532937059,4.14636064501591,4.27690132215772,
4.55812734337471,4.93525514209279,5.0428048378166,5.26216929488175,5.49460827375286,
5.58236260091673,5.97966802144483),.UNSPECIFIED.);
#1273=B_SPLINE_CURVE_WITH_KNOTS('',3,(#2213,#2214,#2215,#2216,#2217,#2218,
#2219,#2220,#2221,#2222,#2223,#2224,#2225,#2226,#2227,#2228,#2229,#2230,
#2231,#2232,#2233,#2234,#2235,#2236,#2237,#2238,#2239,#2240,#2241,#2242,
#2243,#2244,#2245,#2246,#2247,#2248,#2249,#2250,#2251,#2252,#2253,#2254,
#2255,#2256,#2257,#2258,#2259,#2260,#2261,#2262,#2263,#2264,#2265,#2266,
#2267,#2268,#2269,#2270,#2271,#2272,#2273,#2274,#2275,#2276,#2277,#2278,
#2279,#2280,#2281,#2282,#2283,#2284,#2285),.UNSPECIFIED.,.T.,.F.,(4,3,3,
3,3,3,3,3,3,3,3,3,3,3,3,3,3,3,3,3,3,3,3,3,4),(0.,0.222262917349563,0.407738619201507,
0.77632682402018,1.14519369661457,1.33281775068145,1.55316826371544,1.94226299128296,
2.03637668496776,2.27239610749559,2.49495156135698,2.60385030422452,2.97788278996842,
3.25466520672941,3.38614070551462,3.75500757810884,4.12359578292794,4.25284911086413,
4.53163117847861,4.90496970265444,5.01454598241238,5.2372927678038,5.47353973834715,
5.56829352317595,5.95673110518078),.UNSPECIFIED.);
#1274=B_SPLINE_CURVE_WITH_KNOTS('',1,(#2286,#2287),.UNSPECIFIED.,.F.,.F.,
(2,2),(1.91338778448963,249.329107842209),.UNSPECIFIED.);
#1275=B_SPLINE_CURVE_WITH_KNOTS('',1,(#2288,#2289),.UNSPECIFIED.,.F.,.F.,
(2,2),(0.301526775716188,3.5316772565256),.UNSPECIFIED.);
#1276=B_SPLINE_CURVE_WITH_KNOTS('',1,(#2290,#2291),.UNSPECIFIED.,.F.,.F.,
(2,2),(264.433771083665,264.572167085734),.UNSPECIFIED.);
#1277=B_SPLINE_CURVE_WITH_KNOTS('',1,(#2292,#2293),.UNSPECIFIED.,.F.,.F.,
(2,2),(5.41754569065442,7.26831978277205),.UNSPECIFIED.);
#1278=B_SPLINE_CURVE_WITH_KNOTS('',1,(#2492,#2493),.UNSPECIFIED.,.F.,.F.,
(2,2),(0.,3.5316772565257),.UNSPECIFIED.);
#1279=B_SPLINE_CURVE_WITH_KNOTS('',1,(#2494,#2495),.UNSPECIFIED.,.F.,.F.,
(2,2),(0.,247.630529181384),.UNSPECIFIED.);
#1280=B_SPLINE_CURVE_WITH_KNOTS('',1,(#2496,#2497),.UNSPECIFIED.,.F.,.F.,
(2,2),(0.,7.55679070509929),.UNSPECIFIED.);
#1281=B_SPLINE_CURVE_WITH_KNOTS('',3,(#2498,#2499,#2500,#2501,#2502,#2503,
#2504,#2505,#2506,#2507,#2508,#2509,#2510,#2511,#2512,#2513,#2514,#2515,
#2516,#2517,#2518,#2519,#2520,#2521,#2522,#2523,#2524,#2525,#2526,#2527,
#2528,#2529,#2530,#2531,#2532,#2533,#2534,#2535,#2536,#2537,#2538,#2539,
#2540,#2541,#2542,#2543,#2544,#2545,#2546,#2547,#2548,#2549,#2550,#2551,
#2552,#2553,#2554,#2555,#2556,#2557,#2558,#2559,#2560,#2561,#2562,#2563,
#2564,#2565,#2566),.UNSPECIFIED.,.T.,.F.,(4,3,3,2,3,3,3,3,3,3,3,2,3,3,3,
2,3,3,3,3,3,3,3,2,4),(0.,0.0707118042544973,0.144776997629753,0.291716826172982,
0.438656654726,0.852998958909867,1.26482960704136,1.64408925184133,2.02334200624541,
2.43514153661313,2.84936143891809,2.99707647019975,3.1447915014646,3.21758447531507,
3.28708146967936,3.43808926771016,3.58909706578151,4.00331696809408,4.41511649846057,
4.794369252863,5.17362889766582,5.58545954579582,5.9998018499817,6.15009178019365,
6.30038171037343),.UNSPECIFIED.);
#1282=B_SPLINE_CURVE_WITH_KNOTS('',3,(#2567,#2568,#2569,#2570,#2571,#2572,
#2573,#2574,#2575,#2576,#2577,#2578,#2579,#2580,#2581,#2582,#2583,#2584,
#2585,#2586,#2587,#2588,#2589,#2590,#2591,#2592,#2593,#2594,#2595,#2596,
#2597,#2598,#2599,#2600,#2601,#2602,#2603,#2604,#2605,#2606,#2607,#2608,
#2609,#2610,#2611,#2612,#2613,#2614,#2615,#2616,#2617,#2618,#2619,#2620,
#2621,#2622,#2623,#2624,#2625,#2626,#2627,#2628,#2629,#2630,#2631,#2632,
#2633,#2634,#2635,#2636,#2637,#2638,#2639),.UNSPECIFIED.,.T.,.F.,(4,3,3,
2,3,3,3,3,3,3,3,2,3,3,3,2,2,3,3,3,3,3,3,3,2,2,4),(0.,0.0548443591557827,
0.112284567802333,0.26927484008599,0.426265112394076,0.83937756335286,1.25099082656781,
1.63022505101829,2.00945395508794,2.42104322763905,2.83406217398112,2.99180005243637,
3.1495379308595,3.20570495288327,3.25933354932579,3.33942430327092,3.41951505760096,
3.57976096430588,3.99277991065439,4.40436918320282,4.78359808727218,5.16283231172218,
5.57444557493861,5.98755802589027,6.14711417355124,6.22686046189781,6.30660674993793),
 .UNSPECIFIED.);
#1283=B_SPLINE_CURVE_WITH_KNOTS('',3,(#2640,#2641,#2642,#2643,#2644,#2645,
#2646,#2647,#2648,#2649,#2650,#2651,#2652,#2653,#2654,#2655,#2656,#2657,
#2658,#2659,#2660,#2661,#2662,#2663,#2664,#2665,#2666,#2667,#2668,#2669,
#2670,#2671,#2672,#2673,#2674,#2675,#2676,#2677,#2678,#2679,#2680,#2681,
#2682,#2683,#2684,#2685,#2686,#2687,#2688,#2689,#2690,#2691,#2692,#2693,
#2694,#2695,#2696,#2697,#2698,#2699,#2700,#2701,#2702,#2703,#2704,#2705,
#2706,#2707,#2708,#2709,#2710,#2711,#2712,#2713,#2714,#2715,#2716),
 .UNSPECIFIED.,.T.,.F.,(4,3,3,2,2,3,3,3,3,3,3,3,2,2,3,3,3,2,2,3,3,3,3,3,
3,3,2,2,4),(0.,0.0504480697181546,0.103282833862713,0.183088031993048,0.262893230338943,
0.422567308612712,0.835396374730712,1.24695920629921,1.62618751090638,2.00541092861543,
2.41695173196946,2.82969512317357,2.99010877607194,3.07028331772107,3.15045785910439,
3.20201921214178,3.25125129799784,3.33258961121527,3.41392792515268,3.57667197407982,
3.98941536528204,4.40095616863946,4.78017958634874,5.15940789095644,5.57097072252573,
5.98379978864569,6.14586170035809,6.22685936727627,6.30785703359832),
 .UNSPECIFIED.);
#1284=B_SPLINE_CURVE_WITH_KNOTS('',3,(#2717,#2718,#2719,#2720,#2721,#2722,
#2723,#2724,#2725,#2726,#2727,#2728,#2729,#2730,#2731,#2732,#2733,#2734,
#2735,#2736,#2737,#2738,#2739,#2740,#2741,#2742,#2743,#2744,#2745,#2746,
#2747,#2748,#2749,#2750,#2751,#2752,#2753,#2754,#2755,#2756,#2757,#2758,
#2759,#2760,#2761,#2762,#2763,#2764,#2765,#2766,#2767,#2768,#2769,#2770,
#2771,#2772,#2773,#2774,#2775,#2776,#2777,#2778,#2779,#2780,#2781,#2782,
#2783,#2784,#2785,#2786,#2787,#2788,#2789),.UNSPECIFIED.,.T.,.F.,(4,3,3,
2,3,3,3,3,3,3,3,2,3,3,3,2,2,3,3,3,3,3,3,3,2,2,4),(0.,0.0529103524256476,
0.108324508281301,0.266513091047425,0.424701673835211,0.837686435249411,
1.24927699134271,1.62850855168547,2.00773498241822,2.41930241174559,2.83219712133071,
2.99112996941716,3.15006281747707,3.2042036856291,3.2558981757623,3.33653958866981,
3.41718100208058,3.5785295497614,3.99142425934314,4.40299168866818,4.78221811940013,
5.16144967974339,5.57304023583291,5.9860249972467,6.14668714153029,6.22698577034621,
6.30728439875246),.UNSPECIFIED.);
#1285=B_SPLINE_CURVE_WITH_KNOTS('',1,(#2790,#2791),.UNSPECIFIED.,.F.,.F.,
(2,2),(0.0100374833817728,9.24906195953169),.UNSPECIFIED.);
#1286=B_SPLINE_CURVE_WITH_KNOTS('',1,(#2792,#2793),.UNSPECIFIED.,.F.,.F.,
(2,2),(9.45606316653416,11.3003209156868),.UNSPECIFIED.);
#1287=B_SPLINE_CURVE_WITH_KNOTS('',1,(#2794,#2795),.UNSPECIFIED.,.F.,.F.,
(2,2),(0.501155031995332,248.065916437319),.UNSPECIFIED.);
#1288=B_SPLINE_CURVE_WITH_KNOTS('',1,(#2796,#2797),.UNSPECIFIED.,.F.,.F.,
(2,2),(-12.001026805489,-8.46934954896317),.UNSPECIFIED.);
#1289=B_SPLINE_CURVE_WITH_KNOTS('',1,(#2798,#2799),.UNSPECIFIED.,.F.,.F.,
(2,2),(-247.49875697561,0.000264374811019152),.UNSPECIFIED.);
#1290=B_SPLINE_CURVE_WITH_KNOTS('',1,(#2800,#2801),.UNSPECIFIED.,.F.,.F.,
(2,2),(2.47848850922624,250.043317139088),.UNSPECIFIED.);
#1291=B_SPLINE_CURVE_WITH_KNOTS('',1,(#2802,#2803),.UNSPECIFIED.,.F.,.F.,
(2,2),(166.333791024304,175.573252361439),.UNSPECIFIED.);
#1292=B_SPLINE_CURVE_WITH_KNOTS('',1,(#2804,#2805),.UNSPECIFIED.,.F.,.F.,
(2,2),(0.500000002201154,8.05679070730044),.UNSPECIFIED.);
#1293=B_SPLINE_CURVE_WITH_KNOTS('',3,(#2806,#2807,#2808,#2809),
 .UNSPECIFIED.,.F.,.F.,(4,4),(1.31829963184106,3.16255710034019),
 .UNSPECIFIED.);
#1294=B_SPLINE_CURVE_WITH_KNOTS('',1,(#2916,#2917),.UNSPECIFIED.,.F.,.F.,
(2,2),(0.,3.53167725652572),.UNSPECIFIED.);
#1295=B_SPLINE_CURVE_WITH_KNOTS('',1,(#2918,#2919),.UNSPECIFIED.,.F.,.F.,
(2,2),(-8.05950090440258,-0.500000002066613),.UNSPECIFIED.);
#1296=B_SPLINE_CURVE_WITH_KNOTS('',3,(#2920,#2921,#2922,#2923),
 .UNSPECIFIED.,.F.,.F.,(4,4),(0.,247.54496120593),.UNSPECIFIED.);
#1297=B_SPLINE_CURVE_WITH_KNOTS('',3,(#2924,#2925,#2926,#2927,#2928,#2929,
#2930,#2931,#2932,#2933,#2934,#2935,#2936,#2937,#2938,#2939,#2940,#2941,
#2942,#2943,#2944,#2945,#2946,#2947,#2948,#2949,#2950,#2951,#2952,#2953,
#2954,#2955,#2956,#2957,#2958,#2959,#2960,#2961,#2962,#2963,#2964,#2965,
#2966,#2967,#2968,#2969,#2970,#2971,#2972,#2973,#2974,#2975,#2976,#2977,
#2978,#2979,#2980,#2981,#2982,#2983,#2984,#2985,#2986,#2987,#2988,#2989,
#2990,#2991,#2992,#2993,#2994,#2995,#2996,#2997,#2998,#2999,#3000,#3001,
#3002,#3003,#3004,#3005,#3006,#3007,#3008,#3009,#3010,#3011,#3012,#3013,
#3014,#3015,#3016),.UNSPECIFIED.,.T.,.F.,(4,3,3,2,2,2,3,3,2,3,3,3,2,3,3,
2,2,2,3,3,3,2,2,2,3,3,2,3,3,3,2,3,3,2,2,2,4),(0.,0.0336748879131159,0.0686596678700911,
0.11112785444375,0.153596041416509,0.238541997204586,0.408510591152039,
0.820474861981256,1.02510897161765,1.22974308126483,1.6089528103725,1.98816017406153,
2.19278904028984,2.39741790651432,2.80934101466886,2.97982445479651,3.06502748497345,
3.10762416548105,3.15022084546293,3.18427983599856,3.21706357201333,3.25997909337819,
3.30289461576967,3.38873554387142,3.56049653779348,3.97241964594832,4.17704851217491,
4.38167737840334,4.76088474209253,5.14009447120084,5.34472858084184,5.54936269047684,
5.96132696131405,6.1326077969694,6.21820897650863,6.26100466566456,6.30380035401591),
 .UNSPECIFIED.);
#1298=B_SPLINE_CURVE_WITH_KNOTS('',3,(#3017,#3018,#3019,#3020,#3021,#3022,
#3023,#3024,#3025,#3026,#3027,#3028,#3029,#3030,#3031,#3032,#3033,#3034,
#3035,#3036,#3037,#3038,#3039,#3040,#3041,#3042,#3043,#3044,#3045,#3046,
#3047,#3048,#3049,#3050,#3051,#3052,#3053,#3054,#3055,#3056,#3057,#3058,
#3059,#3060,#3061,#3062,#3063,#3064,#3065,#3066,#3067,#3068,#3069,#3070,
#3071,#3072,#3073,#3074,#3075,#3076,#3077,#3078,#3079,#3080,#3081,#3082,
#3083,#3084,#3085,#3086,#3087,#3088,#3089,#3090,#3091,#3092,#3093,#3094,
#3095,#3096,#3097,#3098,#3099,#3100,#3101),.UNSPECIFIED.,.T.,.F.,(4,3,3,
2,2,3,3,2,3,3,3,2,3,3,2,2,3,3,3,2,2,3,3,2,3,3,3,2,3,3,2,2,4),(0.,0.037881629183062,
0.0772372091583254,0.160957101278331,0.244676995051717,0.41219021398938,
0.824335512720857,1.0289852771855,1.23363504165936,1.61284859059645,1.99205947388227,
2.19670332811047,2.40134718232974,2.81344602074899,2.9814793782417,3.06545899881482,
3.14943861749537,3.18786851366232,3.22485909525886,3.30955857100482,3.39425804675764,
3.56373304050028,3.97583187891773,4.18047573314179,4.38511958736693,4.76433047065088,
5.14354401959068,5.34819378406001,5.55284354852564,5.96498884725654,6.13397838184489,
6.21843545345895,6.30289252506922),.UNSPECIFIED.);
#1299=B_SPLINE_CURVE_WITH_KNOTS('',1,(#3102,#3103),.UNSPECIFIED.,.F.,.F.,
(2,2),(8.45804287166142,11.3003209189698),.UNSPECIFIED.);
#1300=B_SPLINE_CURVE_WITH_KNOTS('',1,(#3104,#3105),.UNSPECIFIED.,.F.,.F.,
(2,2),(-147.308737921982,-139.058874966228),.UNSPECIFIED.);
#1301=B_SPLINE_CURVE_WITH_KNOTS('',3,(#3106,#3107,#3108,#3109),
 .UNSPECIFIED.,.F.,.F.,(4,4),(0.500184558799625,248.09009761904),
 .UNSPECIFIED.);
#1302=B_SPLINE_CURVE_WITH_KNOTS('',1,(#3110,#3111),.UNSPECIFIED.,.F.,.F.,
(2,2),(-12.001026805489,-8.46934954896328),.UNSPECIFIED.);
#1303=B_SPLINE_CURVE_WITH_KNOTS('',1,(#3112,#3113),.UNSPECIFIED.,.F.,.F.,
(2,2),(-247.50002268856,-3.41983899385667E-5),.UNSPECIFIED.);
#1304=B_SPLINE_CURVE_WITH_KNOTS('',1,(#3114,#3115),.UNSPECIFIED.,.F.,.F.,
(2,2),(17.0272294625567,264.572186140606),.UNSPECIFIED.);
#1305=B_SPLINE_CURVE_WITH_KNOTS('',1,(#3116,#3117),.UNSPECIFIED.,.F.,.F.,
(2,2),(139.058616689712,147.30847948149),.UNSPECIFIED.);
#1306=B_SPLINE_CURVE_WITH_KNOTS('',1,(#3118,#3119),.UNSPECIFIED.,.F.,.F.,
(2,2),(-7.55950090233597,0.),.UNSPECIFIED.);
#1307=B_SPLINE_CURVE_WITH_KNOTS('',3,(#3120,#3121,#3122,#3123),
 .UNSPECIFIED.,.F.,.F.,(4,4),(1.31846686661682,4.16074491394009),
 .UNSPECIFIED.);
#1308=B_SPLINE_CURVE_WITH_KNOTS('',1,(#3184,#3185),.UNSPECIFIED.,.F.,.F.,
(2,2),(0.,3.53167725652574),.UNSPECIFIED.);
#1309=B_SPLINE_CURVE_WITH_KNOTS('',1,(#3186,#3187),.UNSPECIFIED.,.F.,.F.,
(2,2),(-9.93063564310449,-0.500000002066614),.UNSPECIFIED.);
#1310=B_SPLINE_CURVE_WITH_KNOTS('',3,(#3188,#3189,#3190,#3191),
 .UNSPECIFIED.,.F.,.F.,(4,4),(0.,247.51125099088),.UNSPECIFIED.);
#1311=B_SPLINE_CURVE_WITH_KNOTS('',3,(#3192,#3193,#3194,#3195,#3196,#3197,
#3198,#3199,#3200,#3201,#3202,#3203,#3204,#3205,#3206,#3207,#3208,#3209,
#3210,#3211,#3212,#3213,#3214,#3215,#3216,#3217,#3218,#3219,#3220,#3221,
#3222,#3223,#3224,#3225,#3226,#3227,#3228,#3229,#3230,#3231,#3232,#3233,
#3234,#3235,#3236,#3237,#3238,#3239,#3240,#3241,#3242,#3243,#3244,#3245,
#3246,#3247,#3248,#3249,#3250,#3251,#3252,#3253,#3254,#3255,#3256,#3257,
#3258,#3259,#3260,#3261,#3262,#3263,#3264,#3265,#3266,#3267,#3268,#3269,
#3270,#3271,#3272,#3273,#3274,#3275,#3276),.UNSPECIFIED.,.T.,.F.,(4,3,3,
2,2,2,3,3,3,3,3,3,3,2,2,2,3,3,3,2,2,2,3,3,3,3,3,3,3,2,2,2,4),(0.,0.0215722368671997,
0.0439832253772479,0.0881803162670547,0.132377406990293,0.220782378794567,
0.397678705992334,0.809241237555463,1.22057585435761,1.59977680690822,1.97897684969566,
2.39030737205925,2.80185412622451,2.97905057868083,3.06760539313142,3.11187737768184,
3.15614936245081,3.17800449284595,3.19904166878174,3.24351826481833,3.28799486011114,
3.37695904829021,3.55497545828591,3.96652221244979,4.37785273481487,4.75705277760121,
5.13625373015156,5.5475883469515,5.95915087851595,6.13688800516864,6.22571275836329,
6.27011966214393,6.31452656652716),.UNSPECIFIED.);
#1312=B_SPLINE_CURVE_WITH_KNOTS('',1,(#3277,#3278),.UNSPECIFIED.,.F.,.F.,
(2,2),(4.2288854012102,11.3003209189699),.UNSPECIFIED.);
#1313=B_SPLINE_CURVE_WITH_KNOTS('',1,(#3279,#3280),.UNSPECIFIED.,.F.,.F.,
(2,2),(-132.260975800057,-124.011112788566),.UNSPECIFIED.);
#1314=B_SPLINE_CURVE_WITH_KNOTS('',3,(#3281,#3282,#3283,#3284),
 .UNSPECIFIED.,.F.,.F.,(4,4),(0.500113547271335,248.056326598534),
 .UNSPECIFIED.);
#1315=B_SPLINE_CURVE_WITH_KNOTS('',1,(#3285,#3286),.UNSPECIFIED.,.F.,.F.,
(2,2),(-12.001026805489,-8.46934954896327),.UNSPECIFIED.);
#1316=B_SPLINE_CURVE_WITH_KNOTS('',1,(#3287,#3288),.UNSPECIFIED.,.F.,.F.,
(2,2),(-247.50001281352,-3.41983900220555E-5),.UNSPECIFIED.);
#1317=B_SPLINE_CURVE_WITH_KNOTS('',1,(#3289,#3290),.UNSPECIFIED.,.F.,.F.,
(2,2),(17.0272294625469,264.572176263761),.UNSPECIFIED.);
#1318=B_SPLINE_CURVE_WITH_KNOTS('',1,(#3291,#3292),.UNSPECIFIED.,.F.,.F.,
(2,2),(124.010470210431,132.260332813958),.UNSPECIFIED.);
#1319=B_SPLINE_CURVE_WITH_KNOTS('',1,(#3293,#3294),.UNSPECIFIED.,.F.,.F.,
(2,2),(-9.43063564103786,0.),.UNSPECIFIED.);
#1320=B_SPLINE_CURVE_WITH_KNOTS('',3,(#3295,#3296,#3297,#3298),
 .UNSPECIFIED.,.F.,.F.,(4,4),(1.5055803424387,8.57701586023561),
 .UNSPECIFIED.);
#1321=B_SPLINE_CURVE_WITH_KNOTS('',1,(#3535,#3536),.UNSPECIFIED.,.F.,.F.,
(2,2),(0.,14.),.UNSPECIFIED.);
#1322=B_SPLINE_CURVE_WITH_KNOTS('',1,(#3537,#3538),.UNSPECIFIED.,.F.,.F.,
(2,2),(0.,13.9999999999999),.UNSPECIFIED.);
#1323=B_SPLINE_CURVE_WITH_KNOTS('',1,(#3545,#3546),.UNSPECIFIED.,.F.,.F.,
(2,2),(0.,14.),.UNSPECIFIED.);
#1324=B_SPLINE_CURVE_WITH_KNOTS('',1,(#3547,#3548),.UNSPECIFIED.,.F.,.F.,
(2,2),(0.,14.),.UNSPECIFIED.);
#1325=B_SPLINE_CURVE_WITH_KNOTS('',1,(#3549,#3550),.UNSPECIFIED.,.F.,.F.,
(2,2),(0.,12.),.UNSPECIFIED.);
#1326=B_SPLINE_CURVE_WITH_KNOTS('',1,(#3551,#3552),.UNSPECIFIED.,.F.,.F.,
(2,2),(0.,11.9999999999996),.UNSPECIFIED.);
#1327=B_SPLINE_CURVE_WITH_KNOTS('',1,(#3553,#3554),.UNSPECIFIED.,.F.,.F.,
(2,2),(0.,12.),.UNSPECIFIED.);
#1328=B_SPLINE_CURVE_WITH_KNOTS('',1,(#3555,#3556),.UNSPECIFIED.,.F.,.F.,
(2,2),(0.,11.9999999999998),.UNSPECIFIED.);
#1329=B_SPLINE_CURVE_WITH_KNOTS('',5,(#3559,#3560,#3561,#3562,#3563,#3564),
 .UNSPECIFIED.,.F.,.F.,(6,6),(-1.35259663454383,-0.893281656425675),
 .UNSPECIFIED.);
#1330=B_SPLINE_CURVE_WITH_KNOTS('',5,(#3565,#3566,#3567,#3568,#3569,#3570),
 .UNSPECIFIED.,.F.,.F.,(6,6),(-1.35259663454239,-0.893281656424748),
 .UNSPECIFIED.);
#1331=B_SPLINE_CURVE_WITH_KNOTS('',5,(#3571,#3572,#3573,#3574,#3575,#3576),
 .UNSPECIFIED.,.F.,.F.,(6,6),(-3.76568542494935,0.),.UNSPECIFIED.);
#1332=B_SPLINE_CURVE_WITH_KNOTS('',5,(#3577,#3578,#3579,#3580,#3581,#3582),
 .UNSPECIFIED.,.F.,.F.,(6,6),(-3.76568542494936,0.),.UNSPECIFIED.);
#1333=B_SPLINE_CURVE_WITH_KNOTS('',5,(#3583,#3584,#3585,#3586,#3587,#3588),
 .UNSPECIFIED.,.F.,.F.,(6,6),(-3.76568542494938,0.),.UNSPECIFIED.);
#1334=B_SPLINE_CURVE_WITH_KNOTS('',5,(#3589,#3590,#3591,#3592,#3593,#3594),
 .UNSPECIFIED.,.F.,.F.,(6,6),(-3.76568542494934,0.),.UNSPECIFIED.);
#1335=B_SPLINE_CURVE_WITH_KNOTS('',5,(#3595,#3596,#3597,#3598,#3599,#3600),
 .UNSPECIFIED.,.F.,.F.,(6,6),(-1.35259663454245,-0.893281656424769),
 .UNSPECIFIED.);
#1336=B_SPLINE_CURVE_WITH_KNOTS('',5,(#3601,#3602,#3603,#3604,#3605,#3606),
 .UNSPECIFIED.,.F.,.F.,(6,6),(-1.35259663454239,-0.893281656424721),
 .UNSPECIFIED.);
#1337=B_SPLINE_CURVE_WITH_KNOTS('',5,(#3619,#3620,#3621,#3622,#3623,#3624),
 .UNSPECIFIED.,.F.,.F.,(6,6),(-1.3100482128096,0.),.UNSPECIFIED.);
#1338=B_SPLINE_CURVE_WITH_KNOTS('',5,(#3627,#3628,#3629,#3630,#3631,#3632),
 .UNSPECIFIED.,.F.,.F.,(6,6),(-1.3100482128096,0.),.UNSPECIFIED.);
#1339=B_SPLINE_CURVE_WITH_KNOTS('',5,(#3641,#3642,#3643,#3644,#3645,#3646),
 .UNSPECIFIED.,.F.,.F.,(6,6),(-1.3278135397824,0.),.UNSPECIFIED.);
#1340=B_SPLINE_CURVE_WITH_KNOTS('',5,(#3647,#3648,#3649,#3650,#3651,#3652),
 .UNSPECIFIED.,.F.,.F.,(6,6),(-1.3278135397824,0.),.UNSPECIFIED.);
#1341=B_SPLINE_CURVE_WITH_KNOTS('',1,(#3658,#3659),.UNSPECIFIED.,.F.,.F.,
(2,2),(5.08403898250325,14.9159610174982),.UNSPECIFIED.);
#1342=B_SPLINE_CURVE_WITH_KNOTS('',1,(#3660,#3661),.UNSPECIFIED.,.F.,.F.,
(2,2),(-14.9159610174984,-5.08403898250333),.UNSPECIFIED.);
#1343=B_SPLINE_CURVE_WITH_KNOTS('',1,(#3662,#3663),.UNSPECIFIED.,.F.,.F.,
(2,2),(-11.9999999999998,9.92863199062988E-14),.UNSPECIFIED.);
#1344=B_SPLINE_CURVE_WITH_KNOTS('',1,(#3664,#3665),.UNSPECIFIED.,.F.,.F.,
(2,2),(-12.0000000000003,-1.3669466793055E-13),.UNSPECIFIED.);
#1345=B_SPLINE_CURVE_WITH_KNOTS('',5,(#3666,#3667,#3668,#3669,#3670,#3671),
 .UNSPECIFIED.,.F.,.F.,(6,6),(-0.459314978118153,0.),.UNSPECIFIED.);
#1346=B_SPLINE_CURVE_WITH_KNOTS('',5,(#3672,#3673,#3674,#3675,#3676,#3677),
 .UNSPECIFIED.,.F.,.F.,(6,6),(-0.459314978117658,0.),.UNSPECIFIED.);
#1347=B_SPLINE_CURVE_WITH_KNOTS('',1,(#3678,#3679),.UNSPECIFIED.,.F.,.F.,
(2,2),(7.05764818724771,17.257604341021),.UNSPECIFIED.);
#1348=B_SPLINE_CURVE_WITH_KNOTS('',1,(#3680,#3681),.UNSPECIFIED.,.F.,.F.,
(2,2),(-17.2576043410211,-7.05764818724759),.UNSPECIFIED.);
#1349=B_SPLINE_CURVE_WITH_KNOTS('',1,(#3682,#3683),.UNSPECIFIED.,.F.,.F.,
(2,2),(4.85694817697897E-13,12.0000000000001),.UNSPECIFIED.);
#1350=B_SPLINE_CURVE_WITH_KNOTS('',1,(#3684,#3685),.UNSPECIFIED.,.F.,.F.,
(2,2),(-11.9999999999996,1.19446119661859E-13),.UNSPECIFIED.);
#1351=B_SPLINE_CURVE_WITH_KNOTS('',5,(#3686,#3687,#3688,#3689,#3690,#3691),
 .UNSPECIFIED.,.F.,.F.,(6,6),(-0.459314978117639,0.),.UNSPECIFIED.);
#1352=B_SPLINE_CURVE_WITH_KNOTS('',5,(#3692,#3693,#3694,#3695,#3696,#3697),
 .UNSPECIFIED.,.F.,.F.,(6,6),(-0.45931497811766,0.),.UNSPECIFIED.);
#1353=B_SPLINE_CURVE_WITH_KNOTS('',1,(#3973,#3974),.UNSPECIFIED.,.F.,.F.,
(2,2),(0.,12.),.UNSPECIFIED.);
#1354=B_SPLINE_CURVE_WITH_KNOTS('',1,(#3975,#3976),.UNSPECIFIED.,.F.,.F.,
(2,2),(0.,264.18888182678),.UNSPECIFIED.);
#1355=B_SPLINE_CURVE_WITH_KNOTS('',1,(#3977,#3978),.UNSPECIFIED.,.F.,.F.,
(2,2),(0.,12.),.UNSPECIFIED.);
#1356=B_SPLINE_CURVE_WITH_KNOTS('',1,(#3979,#3980),.UNSPECIFIED.,.F.,.F.,
(2,2),(0.,264.18888182678),.UNSPECIFIED.);
#1357=B_SPLINE_CURVE_WITH_KNOTS('',1,(#3991,#3992),.UNSPECIFIED.,.F.,.F.,
(2,2),(0.,12.),.UNSPECIFIED.);
#1358=B_SPLINE_CURVE_WITH_KNOTS('',1,(#3993,#3994),.UNSPECIFIED.,.F.,.F.,
(2,2),(0.,6.2623538382518),.UNSPECIFIED.);
#1359=B_SPLINE_CURVE_WITH_KNOTS('',1,(#3995,#3996),.UNSPECIFIED.,.F.,.F.,
(2,2),(0.,12.),.UNSPECIFIED.);
#1360=B_SPLINE_CURVE_WITH_KNOTS('',1,(#3997,#3998),.UNSPECIFIED.,.F.,.F.,
(2,2),(0.,6.2623538382518),.UNSPECIFIED.);
#1361=B_SPLINE_CURVE_WITH_KNOTS('',1,(#3999,#4000),.UNSPECIFIED.,.F.,.F.,
(2,2),(0.,12.),.UNSPECIFIED.);
#1362=B_SPLINE_CURVE_WITH_KNOTS('',1,(#4001,#4002),.UNSPECIFIED.,.F.,.F.,
(2,2),(0.,241.251894362825),.UNSPECIFIED.);
#1363=B_SPLINE_CURVE_WITH_KNOTS('',1,(#4005,#4006),.UNSPECIFIED.,.F.,.F.,
(2,2),(0.,241.251894362825),.UNSPECIFIED.);
#1364=B_SPLINE_CURVE_WITH_KNOTS('',1,(#4007,#4008),.UNSPECIFIED.,.F.,.F.,
(2,2),(0.,14.0000000000003),.UNSPECIFIED.);
#1365=B_SPLINE_CURVE_WITH_KNOTS('',1,(#4009,#4010),.UNSPECIFIED.,.F.,.F.,
(2,2),(0.,14.0000000000001),.UNSPECIFIED.);
#1366=B_SPLINE_CURVE_WITH_KNOTS('',1,(#4011,#4012),.UNSPECIFIED.,.F.,.F.,
(2,2),(0.,8.82863215652014),.UNSPECIFIED.);
#1367=B_SPLINE_CURVE_WITH_KNOTS('',1,(#4013,#4014),.UNSPECIFIED.,.F.,.F.,
(2,2),(0.,1.5310356892698),.UNSPECIFIED.);
#1368=B_SPLINE_CURVE_WITH_KNOTS('',1,(#4015,#4016),.UNSPECIFIED.,.F.,.F.,
(2,2),(0.,1.53103568927),.UNSPECIFIED.);
#1369=B_SPLINE_CURVE_WITH_KNOTS('',1,(#4017,#4018),.UNSPECIFIED.,.F.,.F.,
(2,2),(0.,8.82863215652014),.UNSPECIFIED.);
#1370=B_SPLINE_CURVE_WITH_KNOTS('',1,(#4019,#4020),.UNSPECIFIED.,.F.,.F.,
(2,2),(0.,14.),.UNSPECIFIED.);
#1371=B_SPLINE_CURVE_WITH_KNOTS('',1,(#4021,#4022),.UNSPECIFIED.,.F.,.F.,
(2,2),(0.,14.0000000000001),.UNSPECIFIED.);
#1372=B_SPLINE_CURVE_WITH_KNOTS('',1,(#4028,#4029),.UNSPECIFIED.,.F.,.F.,
(2,2),(-12.,0.),.UNSPECIFIED.);
#1373=B_SPLINE_CURVE_WITH_KNOTS('',1,(#4055,#4056),.UNSPECIFIED.,.F.,.F.,
(2,2),(0.,12.),.UNSPECIFIED.);
#1374=B_SPLINE_CURVE_WITH_KNOTS('',1,(#4057,#4058),.UNSPECIFIED.,.F.,.F.,
(2,2),(0.,12.),.UNSPECIFIED.);
#1375=B_SPLINE_CURVE_WITH_KNOTS('',1,(#4059,#4060),.UNSPECIFIED.,.F.,.F.,
(2,2),(0.,12.),.UNSPECIFIED.);
#1376=B_SPLINE_CURVE_WITH_KNOTS('',1,(#4061,#4062),.UNSPECIFIED.,.F.,.F.,
(2,2),(0.,12.),.UNSPECIFIED.);
#1377=B_SPLINE_CURVE_WITH_KNOTS('',1,(#4063,#4064),.UNSPECIFIED.,.F.,.F.,
(2,2),(0.,12.),.UNSPECIFIED.);
#1378=B_SPLINE_CURVE_WITH_KNOTS('',1,(#4065,#4066),.UNSPECIFIED.,.F.,.F.,
(2,2),(0.,12.),.UNSPECIFIED.);
#1379=B_SPLINE_CURVE_WITH_KNOTS('',5,(#4067,#4068,#4069,#4070,#4071,#4072),
 .UNSPECIFIED.,.F.,.F.,(6,6),(-1.35259663454558,0.),.UNSPECIFIED.);
#1380=B_SPLINE_CURVE_WITH_KNOTS('',5,(#4073,#4074,#4075,#4076,#4077,#4078),
 .UNSPECIFIED.,.F.,.F.,(6,6),(-1.35259663454578,0.),.UNSPECIFIED.);
#1381=B_SPLINE_CURVE_WITH_KNOTS('',5,(#4079,#4080,#4081,#4082,#4083,#4084),
 .UNSPECIFIED.,.F.,.F.,(6,6),(-1.35259663454236,0.),.UNSPECIFIED.);
#1382=B_SPLINE_CURVE_WITH_KNOTS('',5,(#4085,#4086,#4087,#4088,#4089,#4090),
 .UNSPECIFIED.,.F.,.F.,(6,6),(-1.35259663454236,0.),.UNSPECIFIED.);
#1383=B_SPLINE_CURVE_WITH_KNOTS('',1,(#4091,#4092),.UNSPECIFIED.,.F.,.F.,
(2,2),(0.,12.),.UNSPECIFIED.);
#1384=B_SPLINE_CURVE_WITH_KNOTS('',5,(#4093,#4094,#4095,#4096,#4097,#4098),
 .UNSPECIFIED.,.F.,.F.,(6,6),(-3.76568542494934,0.),.UNSPECIFIED.);
#1385=B_SPLINE_CURVE_WITH_KNOTS('',5,(#4099,#4100,#4101,#4102,#4103,#4104),
 .UNSPECIFIED.,.F.,.F.,(6,6),(-3.76568542494931,0.),.UNSPECIFIED.);
#1386=B_SPLINE_CURVE_WITH_KNOTS('',5,(#4105,#4106,#4107,#4108,#4109,#4110),
 .UNSPECIFIED.,.F.,.F.,(6,6),(-3.76568542494917,0.),.UNSPECIFIED.);
#1387=B_SPLINE_CURVE_WITH_KNOTS('',5,(#4111,#4112,#4113,#4114,#4115,#4116),
 .UNSPECIFIED.,.F.,.F.,(6,6),(-3.76568542494928,0.),.UNSPECIFIED.);
#1388=B_SPLINE_CURVE_WITH_KNOTS('',5,(#4117,#4118,#4119,#4120,#4121,#4122),
 .UNSPECIFIED.,.F.,.F.,(6,6),(-1.35259663454217,-0.893281656424644),
 .UNSPECIFIED.);
#1389=B_SPLINE_CURVE_WITH_KNOTS('',5,(#4123,#4124,#4125,#4126,#4127,#4128),
 .UNSPECIFIED.,.F.,.F.,(6,6),(-1.35259663454245,-0.893281656424841),
 .UNSPECIFIED.);
#1390=B_SPLINE_CURVE_WITH_KNOTS('',5,(#4129,#4130,#4131,#4132,#4133,#4134),
 .UNSPECIFIED.,.F.,.F.,(6,6),(-1.30102051732931,0.),.UNSPECIFIED.);
#1391=B_SPLINE_CURVE_WITH_KNOTS('',5,(#4135,#4136,#4137,#4138,#4139,#4140),
 .UNSPECIFIED.,.F.,.F.,(6,6),(-1.30102051732934,0.),.UNSPECIFIED.);
#1392=B_SPLINE_CURVE_WITH_KNOTS('',5,(#4141,#4142,#4143,#4144,#4145,#4146),
 .UNSPECIFIED.,.F.,.F.,(6,6),(-0.369760812840792,0.),.UNSPECIFIED.);
#1393=B_SPLINE_CURVE_WITH_KNOTS('',1,(#4147,#4148),.UNSPECIFIED.,.F.,.F.,
(2,2),(0.,12.),.UNSPECIFIED.);
#1394=B_SPLINE_CURVE_WITH_KNOTS('',5,(#4149,#4150,#4151,#4152,#4153,#4154),
 .UNSPECIFIED.,.F.,.F.,(6,6),(-0.369760812840792,0.),.UNSPECIFIED.);
#1395=B_SPLINE_CURVE_WITH_KNOTS('',1,(#4155,#4156),.UNSPECIFIED.,.F.,.F.,
(2,2),(0.,12.),.UNSPECIFIED.);
#1396=B_SPLINE_CURVE_WITH_KNOTS('',5,(#4157,#4158,#4159,#4160,#4161,#4162),
 .UNSPECIFIED.,.F.,.F.,(6,6),(-0.369760812845682,0.),.UNSPECIFIED.);
#1397=B_SPLINE_CURVE_WITH_KNOTS('',5,(#4163,#4164,#4165,#4166,#4167,#4168),
 .UNSPECIFIED.,.F.,.F.,(6,6),(-0.369760812845656,0.),.UNSPECIFIED.);
#1398=B_SPLINE_CURVE_WITH_KNOTS('',1,(#4179,#4180),.UNSPECIFIED.,.F.,.F.,
(2,2),(-15.3552057495568,-5.08403542656325),.UNSPECIFIED.);
#1399=B_SPLINE_CURVE_WITH_KNOTS('',1,(#4181,#4182),.UNSPECIFIED.,.F.,.F.,
(2,2),(5.08403542656323,15.3552057495568),.UNSPECIFIED.);
#1400=B_SPLINE_CURVE_WITH_KNOTS('',1,(#4183,#4184),.UNSPECIFIED.,.F.,.F.,
(2,2),(-12.,3.41254802194147E-14),.UNSPECIFIED.);
#1401=B_SPLINE_CURVE_WITH_KNOTS('',1,(#4185,#4186),.UNSPECIFIED.,.F.,.F.,
(2,2),(2.26485497023532E-14,12.0000000000001),.UNSPECIFIED.);
#1402=B_SPLINE_CURVE_WITH_KNOTS('',5,(#4187,#4188,#4189,#4190,#4191,#4192),
 .UNSPECIFIED.,.F.,.F.,(6,6),(-0.459314978117454,0.),.UNSPECIFIED.);
#1403=B_SPLINE_CURVE_WITH_KNOTS('',5,(#4193,#4194,#4195,#4196,#4197,#4198),
 .UNSPECIFIED.,.F.,.F.,(6,6),(-0.459314978117665,0.),.UNSPECIFIED.);
#1404=B_SPLINE_CURVE_WITH_KNOTS('',1,(#4671,#4672),.UNSPECIFIED.,.F.,.F.,
(2,2),(-15.3628639836951,-5.07637719242493),.UNSPECIFIED.);
#1405=B_SPLINE_CURVE_WITH_KNOTS('',1,(#4673,#4674),.UNSPECIFIED.,.F.,.F.,
(2,2),(5.07637719242493,15.3628639836951),.UNSPECIFIED.);
#1406=VERTEX_POINT('',#2027);
#1407=VERTEX_POINT('',#2028);
#1408=VERTEX_POINT('',#2029);
#1409=VERTEX_POINT('',#2030);
#1410=VERTEX_POINT('',#2031);
#1411=VERTEX_POINT('',#2032);
#1412=VERTEX_POINT('',#2033);
#1413=VERTEX_POINT('',#2034);
#1414=VERTEX_POINT('',#2035);
#1415=VERTEX_POINT('',#2036);
#1416=VERTEX_POINT('',#2037);
#1417=VERTEX_POINT('',#2038);
#1418=VERTEX_POINT('',#2480);
#1419=VERTEX_POINT('',#2481);
#1420=VERTEX_POINT('',#2482);
#1421=VERTEX_POINT('',#2483);
#1422=VERTEX_POINT('',#2484);
#1423=VERTEX_POINT('',#2485);
#1424=VERTEX_POINT('',#2486);
#1425=VERTEX_POINT('',#2487);
#1426=VERTEX_POINT('',#2488);
#1427=VERTEX_POINT('',#2489);
#1428=VERTEX_POINT('',#2490);
#1429=VERTEX_POINT('',#2491);
#1430=VERTEX_POINT('',#2906);
#1431=VERTEX_POINT('',#2907);
#1432=VERTEX_POINT('',#2908);
#1433=VERTEX_POINT('',#2909);
#1434=VERTEX_POINT('',#2910);
#1435=VERTEX_POINT('',#2911);
#1436=VERTEX_POINT('',#2912);
#1437=VERTEX_POINT('',#2913);
#1438=VERTEX_POINT('',#2914);
#1439=VERTEX_POINT('',#2915);
#1440=VERTEX_POINT('',#3175);
#1441=VERTEX_POINT('',#3176);
#1442=VERTEX_POINT('',#3177);
#1443=VERTEX_POINT('',#3178);
#1444=VERTEX_POINT('',#3179);
#1445=VERTEX_POINT('',#3180);
#1446=VERTEX_POINT('',#3181);
#1447=VERTEX_POINT('',#3182);
#1448=VERTEX_POINT('',#3183);
#1449=VERTEX_POINT('',#3457);
#1450=VERTEX_POINT('',#3458);
#1451=VERTEX_POINT('',#3459);
#1452=VERTEX_POINT('',#3460);
#1453=VERTEX_POINT('',#3461);
#1454=VERTEX_POINT('',#3462);
#1455=VERTEX_POINT('',#3463);
#1456=VERTEX_POINT('',#3464);
#1457=VERTEX_POINT('',#3465);
#1458=VERTEX_POINT('',#3466);
#1459=VERTEX_POINT('',#3467);
#1460=VERTEX_POINT('',#3468);
#1461=VERTEX_POINT('',#3469);
#1462=VERTEX_POINT('',#3470);
#1463=VERTEX_POINT('',#3471);
#1464=VERTEX_POINT('',#3472);
#1465=VERTEX_POINT('',#3473);
#1466=VERTEX_POINT('',#3474);
#1467=VERTEX_POINT('',#3475);
#1468=VERTEX_POINT('',#3476);
#1469=VERTEX_POINT('',#3477);
#1470=VERTEX_POINT('',#3478);
#1471=VERTEX_POINT('',#3479);
#1472=VERTEX_POINT('',#3480);
#1473=VERTEX_POINT('',#3481);
#1474=VERTEX_POINT('',#3482);
#1475=VERTEX_POINT('',#3483);
#1476=VERTEX_POINT('',#3484);
#1477=VERTEX_POINT('',#3485);
#1478=VERTEX_POINT('',#3486);
#1479=VERTEX_POINT('',#3487);
#1480=VERTEX_POINT('',#3488);
#1481=VERTEX_POINT('',#3489);
#1482=VERTEX_POINT('',#3490);
#1483=VERTEX_POINT('',#3491);
#1484=VERTEX_POINT('',#3492);
#1485=VERTEX_POINT('',#3493);
#1486=VERTEX_POINT('',#3494);
#1487=VERTEX_POINT('',#3495);
#1488=VERTEX_POINT('',#3927);
#1489=VERTEX_POINT('',#3928);
#1490=VERTEX_POINT('',#3929);
#1491=VERTEX_POINT('',#3930);
#1492=VERTEX_POINT('',#3931);
#1493=VERTEX_POINT('',#3932);
#1494=VERTEX_POINT('',#3933);
#1495=VERTEX_POINT('',#3934);
#1496=VERTEX_POINT('',#3935);
#1497=VERTEX_POINT('',#3936);
#1498=VERTEX_POINT('',#3937);
#1499=VERTEX_POINT('',#3938);
#1500=VERTEX_POINT('',#3939);
#1501=VERTEX_POINT('',#3940);
#1502=VERTEX_POINT('',#3941);
#1503=VERTEX_POINT('',#3942);
#1504=VERTEX_POINT('',#3943);
#1505=VERTEX_POINT('',#3944);
#1506=VERTEX_POINT('',#3945);
#1507=VERTEX_POINT('',#3946);
#1508=VERTEX_POINT('',#3947);
#1509=VERTEX_POINT('',#3948);
#1510=VERTEX_POINT('',#3949);
#1511=VERTEX_POINT('',#3950);
#1512=VERTEX_POINT('',#3951);
#1513=VERTEX_POINT('',#3952);
#1514=VERTEX_POINT('',#3953);
#1515=VERTEX_POINT('',#3954);
#1516=VERTEX_POINT('',#3955);
#1517=VERTEX_POINT('',#3956);
#1518=VERTEX_POINT('',#3957);
#1519=VERTEX_POINT('',#3958);
#1520=VERTEX_POINT('',#3959);
#1521=VERTEX_POINT('',#3960);
#1522=VERTEX_POINT('',#3961);
#1523=VERTEX_POINT('',#3962);
#1524=VERTEX_POINT('',#3963);
#1525=VERTEX_POINT('',#3964);
#1526=VERTEX_POINT('',#3965);
#1527=VERTEX_POINT('',#3966);
#1528=VERTEX_POINT('',#3967);
#1529=VERTEX_POINT('',#3968);
#1530=VERTEX_POINT('',#3969);
#1531=VERTEX_POINT('',#3970);
#1532=VERTEX_POINT('',#3971);
#1533=VERTEX_POINT('',#3972);
#1534=VERTEX_POINT('',#4406);
#1535=VERTEX_POINT('',#4407);
#1536=VERTEX_POINT('',#4408);
#1537=VERTEX_POINT('',#4409);
#1538=VERTEX_POINT('',#4410);
#1539=VERTEX_POINT('',#4411);
#1540=VERTEX_POINT('',#4412);
#1541=VERTEX_POINT('',#4413);
#1542=VERTEX_POINT('',#4414);
#1543=VERTEX_POINT('',#4415);
#1544=VERTEX_POINT('',#4416);
#1545=VERTEX_POINT('',#4417);
#1546=VERTEX_POINT('',#4418);
#1547=VERTEX_POINT('',#4419);
#1548=VERTEX_POINT('',#4420);
#1549=VERTEX_POINT('',#4421);
#1550=VERTEX_POINT('',#4422);
#1551=VERTEX_POINT('',#4423);
#1552=VERTEX_POINT('',#4424);
#1553=VERTEX_POINT('',#4425);
#1554=VERTEX_POINT('',#4426);
#1555=VERTEX_POINT('',#4427);
#1556=VERTEX_POINT('',#4428);
#1557=VERTEX_POINT('',#4429);
#1558=VERTEX_POINT('',#4430);
#1559=VERTEX_POINT('',#4431);
#1560=VERTEX_POINT('',#4432);
#1561=VERTEX_POINT('',#4433);
#1562=VERTEX_POINT('',#4434);
#1563=VERTEX_POINT('',#4435);
#1564=VERTEX_POINT('',#4436);
#1565=VERTEX_POINT('',#4437);
#1566=VERTEX_POINT('',#4438);
#1567=VERTEX_POINT('',#4439);
#1568=VERTEX_POINT('',#4440);
#1569=VERTEX_POINT('',#4441);
#1570=VERTEX_POINT('',#4442);
#1571=VERTEX_POINT('',#4443);
#1572=VERTEX_POINT('',#4444);
#1573=VERTEX_POINT('',#4445);
#1574=VERTEX_POINT('',#4446);
#1575=VERTEX_POINT('',#4447);
#1576=VERTEX_POINT('',#4448);
#1577=(
BOUNDED_SURFACE()
B_SPLINE_SURFACE(2,2,((#1892,#1893,#1894,#1895,#1896,#1897,#1898,#1899,
#1900),(#1901,#1902,#1903,#1904,#1905,#1906,#1907,#1908,#1909),(#1910,#1911,
#1912,#1913,#1914,#1915,#1916,#1917,#1918),(#1919,#1920,#1921,#1922,#1923,
#1924,#1925,#1926,#1927),(#1928,#1929,#1930,#1931,#1932,#1933,#1934,#1935,
#1936)),.UNSPECIFIED.,.F.,.F.,.F.)
B_SPLINE_SURFACE_WITH_KNOTS((3,2,3),(3,2,2,2,3),(-1.5707963267949,0.,1.5707963267949),
(0.,1.5707963267949,3.14159265358979,4.71238898038469,6.28318530717959),
 .UNSPECIFIED.)
GEOMETRIC_REPRESENTATION_ITEM()
RATIONAL_B_SPLINE_SURFACE(((1.,0.707106781186548,1.,0.707106781186548,1.,
0.707106781186548,1.,0.707106781186548,1.),(0.707106781186548,0.5,0.707106781186548,
0.5,0.707106781186548,0.5,0.707106781186548,0.5,0.707106781186548),(1.,
0.707106781186548,1.,0.707106781186548,1.,0.707106781186548,1.,0.707106781186548,
1.),(0.707106781186548,0.5,0.707106781186548,0.5,0.707106781186548,0.5,
0.707106781186548,0.5,0.707106781186548),(1.,0.707106781186548,1.,0.707106781186548,
1.,0.707106781186548,1.,0.707106781186548,1.)))
REPRESENTATION_ITEM('')
SURFACE()
);
#1578=(
BOUNDED_SURFACE()
B_SPLINE_SURFACE(2,2,((#1937,#1938,#1939,#1940,#1941,#1942,#1943,#1944,
#1945),(#1946,#1947,#1948,#1949,#1950,#1951,#1952,#1953,#1954),(#1955,#1956,
#1957,#1958,#1959,#1960,#1961,#1962,#1963),(#1964,#1965,#1966,#1967,#1968,
#1969,#1970,#1971,#1972),(#1973,#1974,#1975,#1976,#1977,#1978,#1979,#1980,
#1981)),.UNSPECIFIED.,.F.,.F.,.F.)
B_SPLINE_SURFACE_WITH_KNOTS((3,2,3),(3,2,2,2,3),(-1.5707963267949,0.,1.5707963267949),
(0.,1.5707963267949,3.14159265358979,4.71238898038469,6.28318530717959),
 .UNSPECIFIED.)
GEOMETRIC_REPRESENTATION_ITEM()
RATIONAL_B_SPLINE_SURFACE(((1.,0.707106781186548,1.,0.707106781186548,1.,
0.707106781186548,1.,0.707106781186548,1.),(0.707106781186548,0.5,0.707106781186548,
0.5,0.707106781186548,0.5,0.707106781186548,0.5,0.707106781186548),(1.,
0.707106781186548,1.,0.707106781186548,1.,0.707106781186548,1.,0.707106781186548,
1.),(0.707106781186548,0.5,0.707106781186548,0.5,0.707106781186548,0.5,
0.707106781186548,0.5,0.707106781186548),(1.,0.707106781186548,1.,0.707106781186548,
1.,0.707106781186548,1.,0.707106781186548,1.)))
REPRESENTATION_ITEM('')
SURFACE()
);
#1579=(
BOUNDED_SURFACE()
B_SPLINE_SURFACE(2,2,((#1982,#1983,#1984,#1985,#1986,#1987,#1988,#1989,
#1990),(#1991,#1992,#1993,#1994,#1995,#1996,#1997,#1998,#1999),(#2000,#2001,
#2002,#2003,#2004,#2005,#2006,#2007,#2008),(#2009,#2010,#2011,#2012,#2013,
#2014,#2015,#2016,#2017),(#2018,#2019,#2020,#2021,#2022,#2023,#2024,#2025,
#2026)),.UNSPECIFIED.,.F.,.F.,.F.)
B_SPLINE_SURFACE_WITH_KNOTS((3,2,3),(3,2,2,2,3),(-1.5707963267949,0.,1.5707963267949),
(0.,1.5707963267949,3.14159265358979,4.71238898038469,6.28318530717959),
 .UNSPECIFIED.)
GEOMETRIC_REPRESENTATION_ITEM()
RATIONAL_B_SPLINE_SURFACE(((1.,0.707106781186548,1.,0.707106781186548,1.,
0.707106781186548,1.,0.707106781186548,1.),(0.707106781186548,0.5,0.707106781186548,
0.5,0.707106781186548,0.5,0.707106781186548,0.5,0.707106781186548),(1.,
0.707106781186548,1.,0.707106781186548,1.,0.707106781186548,1.,0.707106781186548,
1.),(0.707106781186548,0.5,0.707106781186548,0.5,0.707106781186548,0.5,
0.707106781186548,0.5,0.707106781186548),(1.,0.707106781186548,1.,0.707106781186548,
1.,0.707106781186548,1.,0.707106781186548,1.)))
REPRESENTATION_ITEM('')
SURFACE()
);
#1580=(
BOUNDED_SURFACE()
B_SPLINE_SURFACE(2,2,((#2298,#2299,#2300,#2301,#2302,#2303,#2304,#2305,
#2306),(#2307,#2308,#2309,#2310,#2311,#2312,#2313,#2314,#2315),(#2316,#2317,
#2318,#2319,#2320,#2321,#2322,#2323,#2324),(#2325,#2326,#2327,#2328,#2329,
#2330,#2331,#2332,#2333),(#2334,#2335,#2336,#2337,#2338,#2339,#2340,#2341,
#2342)),.UNSPECIFIED.,.F.,.F.,.F.)
B_SPLINE_SURFACE_WITH_KNOTS((3,2,3),(3,2,2,2,3),(-1.5707963267949,0.,1.5707963267949),
(0.,1.5707963267949,3.14159265358979,4.71238898038469,6.28318530717959),
 .UNSPECIFIED.)
GEOMETRIC_REPRESENTATION_ITEM()
RATIONAL_B_SPLINE_SURFACE(((1.,0.707106781186548,1.,0.707106781186548,1.,
0.707106781186548,1.,0.707106781186548,1.),(0.707106781186548,0.5,0.707106781186548,
0.5,0.707106781186548,0.5,0.707106781186548,0.5,0.707106781186548),(1.,
0.707106781186548,1.,0.707106781186548,1.,0.707106781186548,1.,0.707106781186548,
1.),(0.707106781186548,0.5,0.707106781186548,0.5,0.707106781186548,0.5,
0.707106781186548,0.5,0.707106781186548),(1.,0.707106781186548,1.,0.707106781186548,
1.,0.707106781186548,1.,0.707106781186548,1.)))
REPRESENTATION_ITEM('')
SURFACE()
);
#1581=(
BOUNDED_SURFACE()
B_SPLINE_SURFACE(2,2,((#2343,#2344,#2345,#2346,#2347,#2348,#2349,#2350,
#2351),(#2352,#2353,#2354,#2355,#2356,#2357,#2358,#2359,#2360),(#2361,#2362,
#2363,#2364,#2365,#2366,#2367,#2368,#2369),(#2370,#2371,#2372,#2373,#2374,
#2375,#2376,#2377,#2378),(#2379,#2380,#2381,#2382,#2383,#2384,#2385,#2386,
#2387)),.UNSPECIFIED.,.F.,.F.,.F.)
B_SPLINE_SURFACE_WITH_KNOTS((3,2,3),(3,2,2,2,3),(-1.5707963267949,0.,1.5707963267949),
(0.,1.5707963267949,3.14159265358979,4.71238898038469,6.28318530717959),
 .UNSPECIFIED.)
GEOMETRIC_REPRESENTATION_ITEM()
RATIONAL_B_SPLINE_SURFACE(((1.,0.707106781186548,1.,0.707106781186548,1.,
0.707106781186548,1.,0.707106781186548,1.),(0.707106781186548,0.5,0.707106781186548,
0.5,0.707106781186548,0.5,0.707106781186548,0.5,0.707106781186548),(1.,
0.707106781186548,1.,0.707106781186548,1.,0.707106781186548,1.,0.707106781186548,
1.),(0.707106781186548,0.5,0.707106781186548,0.5,0.707106781186548,0.5,
0.707106781186548,0.5,0.707106781186548),(1.,0.707106781186548,1.,0.707106781186548,
1.,0.707106781186548,1.,0.707106781186548,1.)))
REPRESENTATION_ITEM('')
SURFACE()
);
#1582=(
BOUNDED_SURFACE()
B_SPLINE_SURFACE(2,2,((#2388,#2389,#2390,#2391,#2392,#2393,#2394,#2395,
#2396),(#2397,#2398,#2399,#2400,#2401,#2402,#2403,#2404,#2405),(#2406,#2407,
#2408,#2409,#2410,#2411,#2412,#2413,#2414),(#2415,#2416,#2417,#2418,#2419,
#2420,#2421,#2422,#2423),(#2424,#2425,#2426,#2427,#2428,#2429,#2430,#2431,
#2432)),.UNSPECIFIED.,.F.,.F.,.F.)
B_SPLINE_SURFACE_WITH_KNOTS((3,2,3),(3,2,2,2,3),(-1.5707963267949,0.,1.5707963267949),
(0.,1.5707963267949,3.14159265358979,4.71238898038469,6.28318530717959),
 .UNSPECIFIED.)
GEOMETRIC_REPRESENTATION_ITEM()
RATIONAL_B_SPLINE_SURFACE(((1.,0.707106781186548,1.,0.707106781186548,1.,
0.707106781186548,1.,0.707106781186548,1.),(0.707106781186548,0.5,0.707106781186548,
0.5,0.707106781186548,0.5,0.707106781186548,0.5,0.707106781186548),(1.,
0.707106781186548,1.,0.707106781186548,1.,0.707106781186548,1.,0.707106781186548,
1.),(0.707106781186548,0.5,0.707106781186548,0.5,0.707106781186548,0.5,
0.707106781186548,0.5,0.707106781186548),(1.,0.707106781186548,1.,0.707106781186548,
1.,0.707106781186548,1.,0.707106781186548,1.)))
REPRESENTATION_ITEM('')
SURFACE()
);
#1583=(
BOUNDED_SURFACE()
B_SPLINE_SURFACE(2,2,((#2433,#2434,#2435,#2436,#2437,#2438,#2439,#2440,
#2441),(#2442,#2443,#2444,#2445,#2446,#2447,#2448,#2449,#2450),(#2451,#2452,
#2453,#2454,#2455,#2456,#2457,#2458,#2459),(#2460,#2461,#2462,#2463,#2464,
#2465,#2466,#2467,#2468),(#2469,#2470,#2471,#2472,#2473,#2474,#2475,#2476,
#2477)),.UNSPECIFIED.,.F.,.F.,.F.)
B_SPLINE_SURFACE_WITH_KNOTS((3,2,3),(3,2,2,2,3),(-1.5707963267949,0.,1.5707963267949),
(0.,1.5707963267949,3.14159265358979,4.71238898038469,6.28318530717959),
 .UNSPECIFIED.)
GEOMETRIC_REPRESENTATION_ITEM()
RATIONAL_B_SPLINE_SURFACE(((1.,0.707106781186548,1.,0.707106781186548,1.,
0.707106781186548,1.,0.707106781186548,1.),(0.707106781186548,0.5,0.707106781186548,
0.5,0.707106781186548,0.5,0.707106781186548,0.5,0.707106781186548),(1.,
0.707106781186548,1.,0.707106781186548,1.,0.707106781186548,1.,0.707106781186548,
1.),(0.707106781186548,0.5,0.707106781186548,0.5,0.707106781186548,0.5,
0.707106781186548,0.5,0.707106781186548),(1.,0.707106781186548,1.,0.707106781186548,
1.,0.707106781186548,1.,0.707106781186548,1.)))
REPRESENTATION_ITEM('')
SURFACE()
);
#1584=(
BOUNDED_SURFACE()
B_SPLINE_SURFACE(2,2,((#2814,#2815,#2816,#2817,#2818,#2819,#2820,#2821,
#2822),(#2823,#2824,#2825,#2826,#2827,#2828,#2829,#2830,#2831),(#2832,#2833,
#2834,#2835,#2836,#2837,#2838,#2839,#2840),(#2841,#2842,#2843,#2844,#2845,
#2846,#2847,#2848,#2849),(#2850,#2851,#2852,#2853,#2854,#2855,#2856,#2857,
#2858)),.UNSPECIFIED.,.F.,.F.,.F.)
B_SPLINE_SURFACE_WITH_KNOTS((3,2,3),(3,2,2,2,3),(-1.5707963267949,0.,1.5707963267949),
(0.,1.5707963267949,3.14159265358979,4.71238898038469,6.28318530717959),
 .UNSPECIFIED.)
GEOMETRIC_REPRESENTATION_ITEM()
RATIONAL_B_SPLINE_SURFACE(((1.,0.707106781186548,1.,0.707106781186548,1.,
0.707106781186548,1.,0.707106781186548,1.),(0.707106781186548,0.5,0.707106781186548,
0.5,0.707106781186548,0.5,0.707106781186548,0.5,0.707106781186548),(1.,
0.707106781186548,1.,0.707106781186548,1.,0.707106781186548,1.,0.707106781186548,
1.),(0.707106781186548,0.5,0.707106781186548,0.5,0.707106781186548,0.5,
0.707106781186548,0.5,0.707106781186548),(1.,0.707106781186548,1.,0.707106781186548,
1.,0.707106781186548,1.,0.707106781186548,1.)))
REPRESENTATION_ITEM('')
SURFACE()
);
#1585=(
BOUNDED_SURFACE()
B_SPLINE_SURFACE(2,2,((#2859,#2860,#2861,#2862,#2863,#2864,#2865,#2866,
#2867),(#2868,#2869,#2870,#2871,#2872,#2873,#2874,#2875,#2876),(#2877,#2878,
#2879,#2880,#2881,#2882,#2883,#2884,#2885),(#2886,#2887,#2888,#2889,#2890,
#2891,#2892,#2893,#2894),(#2895,#2896,#2897,#2898,#2899,#2900,#2901,#2902,
#2903)),.UNSPECIFIED.,.F.,.F.,.F.)
B_SPLINE_SURFACE_WITH_KNOTS((3,2,3),(3,2,2,2,3),(-1.5707963267949,0.,1.5707963267949),
(0.,1.5707963267949,3.14159265358979,4.71238898038469,6.28318530717959),
 .UNSPECIFIED.)
GEOMETRIC_REPRESENTATION_ITEM()
RATIONAL_B_SPLINE_SURFACE(((1.,0.707106781186548,1.,0.707106781186548,1.,
0.707106781186548,1.,0.707106781186548,1.),(0.707106781186548,0.5,0.707106781186548,
0.5,0.707106781186548,0.5,0.707106781186548,0.5,0.707106781186548),(1.,
0.707106781186548,1.,0.707106781186548,1.,0.707106781186548,1.,0.707106781186548,
1.),(0.707106781186548,0.5,0.707106781186548,0.5,0.707106781186548,0.5,
0.707106781186548,0.5,0.707106781186548),(1.,0.707106781186548,1.,0.707106781186548,
1.,0.707106781186548,1.,0.707106781186548,1.)))
REPRESENTATION_ITEM('')
SURFACE()
);
#1586=(
BOUNDED_SURFACE()
B_SPLINE_SURFACE(2,2,((#3128,#3129,#3130,#3131,#3132,#3133,#3134,#3135,
#3136),(#3137,#3138,#3139,#3140,#3141,#3142,#3143,#3144,#3145),(#3146,#3147,
#3148,#3149,#3150,#3151,#3152,#3153,#3154),(#3155,#3156,#3157,#3158,#3159,
#3160,#3161,#3162,#3163),(#3164,#3165,#3166,#3167,#3168,#3169,#3170,#3171,
#3172)),.UNSPECIFIED.,.F.,.F.,.F.)
B_SPLINE_SURFACE_WITH_KNOTS((3,2,3),(3,2,2,2,3),(-1.5707963267949,0.,1.5707963267949),
(0.,1.5707963267949,3.14159265358979,4.71238898038469,6.28318530717959),
 .UNSPECIFIED.)
GEOMETRIC_REPRESENTATION_ITEM()
RATIONAL_B_SPLINE_SURFACE(((1.,0.707106781186548,1.,0.707106781186548,1.,
0.707106781186548,1.,0.707106781186548,1.),(0.707106781186548,0.5,0.707106781186548,
0.5,0.707106781186548,0.5,0.707106781186548,0.5,0.707106781186548),(1.,
0.707106781186548,1.,0.707106781186548,1.,0.707106781186548,1.,0.707106781186548,
1.),(0.707106781186548,0.5,0.707106781186548,0.5,0.707106781186548,0.5,
0.707106781186548,0.5,0.707106781186548),(1.,0.707106781186548,1.,0.707106781186548,
1.,0.707106781186548,1.,0.707106781186548,1.)))
REPRESENTATION_ITEM('')
SURFACE()
);
#1587=(
BOUNDED_SURFACE()
B_SPLINE_SURFACE(2,2,((#3405,#3406,#3407,#3408,#3409),(#3410,#3411,#3412,
#3413,#3414),(#3415,#3416,#3417,#3418,#3419),(#3420,#3421,#3422,#3423,#3424),
(#3425,#3426,#3427,#3428,#3429)),.UNSPECIFIED.,.F.,.F.,.F.)
B_SPLINE_SURFACE_WITH_KNOTS((3,2,3),(3,2,3),(-1.5707963267949,0.,1.5707963267949),
(3.14159265358979,4.71238898038469,6.28318530717959),.UNSPECIFIED.)
GEOMETRIC_REPRESENTATION_ITEM()
RATIONAL_B_SPLINE_SURFACE(((1.,0.707106781186548,1.,0.707106781186548,1.),
(0.707106781186548,0.5,0.707106781186548,0.5,0.707106781186548),(1.,0.707106781186548,
1.,0.707106781186548,1.),(0.707106781186548,0.5,0.707106781186548,0.5,0.707106781186548),
(1.,0.707106781186548,1.,0.707106781186548,1.)))
REPRESENTATION_ITEM('')
SURFACE()
);
#1588=(
BOUNDED_SURFACE()
B_SPLINE_SURFACE(2,2,((#3432,#3433,#3434,#3435,#3436),(#3437,#3438,#3439,
#3440,#3441),(#3442,#3443,#3444,#3445,#3446),(#3447,#3448,#3449,#3450,#3451),
(#3452,#3453,#3454,#3455,#3456)),.UNSPECIFIED.,.F.,.F.,.F.)
B_SPLINE_SURFACE_WITH_KNOTS((3,2,3),(3,2,3),(-1.5707963267949,0.,1.5707963267949),
(0.,1.5707963267949,3.14159265358979),.UNSPECIFIED.)
GEOMETRIC_REPRESENTATION_ITEM()
RATIONAL_B_SPLINE_SURFACE(((1.,0.707106781186548,1.,0.707106781186548,1.),
(0.707106781186548,0.5,0.707106781186548,0.5,0.707106781186548),(1.,0.707106781186548,
1.,0.707106781186548,1.),(0.707106781186548,0.5,0.707106781186548,0.5,0.707106781186548),
(1.,0.707106781186548,1.,0.707106781186548,1.)))
REPRESENTATION_ITEM('')
SURFACE()
);
#1589=(
BOUNDED_SURFACE()
B_SPLINE_SURFACE(2,2,((#3826,#3827,#3828,#3829,#3830),(#3831,#3832,#3833,
#3834,#3835),(#3836,#3837,#3838,#3839,#3840),(#3841,#3842,#3843,#3844,#3845),
(#3846,#3847,#3848,#3849,#3850)),.UNSPECIFIED.,.F.,.F.,.F.)
B_SPLINE_SURFACE_WITH_KNOTS((3,2,3),(3,2,3),(-1.5707963267949,0.,1.5707963267949),
(3.14159265358979,4.71238898038469,6.28318530717959),.UNSPECIFIED.)
GEOMETRIC_REPRESENTATION_ITEM()
RATIONAL_B_SPLINE_SURFACE(((1.,0.707106781186548,1.,0.707106781186548,1.),
(0.707106781186548,0.5,0.707106781186548,0.5,0.707106781186548),(1.,0.707106781186548,
1.,0.707106781186548,1.),(0.707106781186548,0.5,0.707106781186548,0.5,0.707106781186548),
(1.,0.707106781186548,1.,0.707106781186548,1.)))
REPRESENTATION_ITEM('')
SURFACE()
);
#1590=(
BOUNDED_SURFACE()
B_SPLINE_SURFACE(2,2,((#3851,#3852,#3853,#3854,#3855),(#3856,#3857,#3858,
#3859,#3860),(#3861,#3862,#3863,#3864,#3865),(#3866,#3867,#3868,#3869,#3870),
(#3871,#3872,#3873,#3874,#3875)),.UNSPECIFIED.,.F.,.F.,.F.)
B_SPLINE_SURFACE_WITH_KNOTS((3,2,3),(3,2,3),(-1.5707963267949,0.,1.5707963267949),
(3.14159265358979,4.71238898038469,6.28318530717959),.UNSPECIFIED.)
GEOMETRIC_REPRESENTATION_ITEM()
RATIONAL_B_SPLINE_SURFACE(((1.,0.707106781186548,1.,0.707106781186548,1.),
(0.707106781186548,0.5,0.707106781186548,0.5,0.707106781186548),(1.,0.707106781186548,
1.,0.707106781186548,1.),(0.707106781186548,0.5,0.707106781186548,0.5,0.707106781186548),
(1.,0.707106781186548,1.,0.707106781186548,1.)))
REPRESENTATION_ITEM('')
SURFACE()
);
#1591=(
BOUNDED_SURFACE()
B_SPLINE_SURFACE(2,2,((#3877,#3878,#3879,#3880,#3881),(#3882,#3883,#3884,
#3885,#3886),(#3887,#3888,#3889,#3890,#3891),(#3892,#3893,#3894,#3895,#3896),
(#3897,#3898,#3899,#3900,#3901)),.UNSPECIFIED.,.F.,.F.,.F.)
B_SPLINE_SURFACE_WITH_KNOTS((3,2,3),(3,2,3),(-1.5707963267949,0.,1.5707963267949),
(0.,1.5707963267949,3.14159265358979),.UNSPECIFIED.)
GEOMETRIC_REPRESENTATION_ITEM()
RATIONAL_B_SPLINE_SURFACE(((1.,0.707106781186548,1.,0.707106781186548,1.),
(0.707106781186548,0.5,0.707106781186548,0.5,0.707106781186548),(1.,0.707106781186548,
1.,0.707106781186548,1.),(0.707106781186548,0.5,0.707106781186548,0.5,0.707106781186548),
(1.,0.707106781186548,1.,0.707106781186548,1.)))
REPRESENTATION_ITEM('')
SURFACE()
);
#1592=(
BOUNDED_SURFACE()
B_SPLINE_SURFACE(2,2,((#3902,#3903,#3904,#3905,#3906),(#3907,#3908,#3909,
#3910,#3911),(#3912,#3913,#3914,#3915,#3916),(#3917,#3918,#3919,#3920,#3921),
(#3922,#3923,#3924,#3925,#3926)),.UNSPECIFIED.,.F.,.F.,.F.)
B_SPLINE_SURFACE_WITH_KNOTS((3,2,3),(3,2,3),(-1.5707963267949,0.,1.5707963267949),
(0.,1.5707963267949,3.14159265358979),.UNSPECIFIED.)
GEOMETRIC_REPRESENTATION_ITEM()
RATIONAL_B_SPLINE_SURFACE(((1.,0.707106781186548,1.,0.707106781186548,1.),
(0.707106781186548,0.5,0.707106781186548,0.5,0.707106781186548),(1.,0.707106781186548,
1.,0.707106781186548,1.),(0.707106781186548,0.5,0.707106781186548,0.5,0.707106781186548),
(1.,0.707106781186548,1.,0.707106781186548,1.)))
REPRESENTATION_ITEM('')
SURFACE()
);
#1593=(
BOUNDED_SURFACE()
B_SPLINE_SURFACE(5,1,((#4225,#4226),(#4227,#4228),(#4229,#4230),(#4231,
#4232),(#4233,#4234),(#4235,#4236)),.UNSPECIFIED.,.F.,.F.,.F.)
B_SPLINE_SURFACE_WITH_KNOTS((6,6),(2,2),(2261.3282584677,2265.09394389265),
(0.,12.),.UNSPECIFIED.)
GEOMETRIC_REPRESENTATION_ITEM()
RATIONAL_B_SPLINE_SURFACE(((1.,1.),(1.,1.),(1.,1.),(1.,1.),(1.,1.),(1.,
1.)))
REPRESENTATION_ITEM('')
SURFACE()
);
#1594=(
BOUNDED_SURFACE()
B_SPLINE_SURFACE(5,1,((#4238,#4239),(#4240,#4241),(#4242,#4243),(#4244,
#4245),(#4246,#4247),(#4248,#4249)),.UNSPECIFIED.,.F.,.F.,.F.)
B_SPLINE_SURFACE_WITH_KNOTS((6,6),(2,2),(2529.28282571943,2533.04851114438),
(0.,12.),.UNSPECIFIED.)
GEOMETRIC_REPRESENTATION_ITEM()
RATIONAL_B_SPLINE_SURFACE(((1.,1.),(1.,1.),(1.,1.),(1.,1.),(1.,1.),(1.,
1.)))
REPRESENTATION_ITEM('')
SURFACE()
);
#1595=(
BOUNDED_SURFACE()
B_SPLINE_SURFACE(2,2,((#4255,#4256,#4257,#4258,#4259),(#4260,#4261,#4262,
#4263,#4264),(#4265,#4266,#4267,#4268,#4269),(#4270,#4271,#4272,#4273,#4274),
(#4275,#4276,#4277,#4278,#4279)),.UNSPECIFIED.,.F.,.F.,.F.)
B_SPLINE_SURFACE_WITH_KNOTS((3,2,3),(3,2,3),(-1.5707963267949,0.,1.5707963267949),
(3.14159265358979,4.71238898038469,6.28318530717959),.UNSPECIFIED.)
GEOMETRIC_REPRESENTATION_ITEM()
RATIONAL_B_SPLINE_SURFACE(((1.,0.707106781186548,1.,0.707106781186548,1.),
(0.707106781186548,0.5,0.707106781186548,0.5,0.707106781186548),(1.,0.707106781186548,
1.,0.707106781186548,1.),(0.707106781186548,0.5,0.707106781186548,0.5,0.707106781186548),
(1.,0.707106781186548,1.,0.707106781186548,1.)))
REPRESENTATION_ITEM('')
SURFACE()
);
#1596=(
BOUNDED_SURFACE()
B_SPLINE_SURFACE(2,2,((#4280,#4281,#4282,#4283,#4284),(#4285,#4286,#4287,
#4288,#4289),(#4290,#4291,#4292,#4293,#4294),(#4295,#4296,#4297,#4298,#4299),
(#4300,#4301,#4302,#4303,#4304)),.UNSPECIFIED.,.F.,.F.,.F.)
B_SPLINE_SURFACE_WITH_KNOTS((3,2,3),(3,2,3),(-1.5707963267949,0.,1.5707963267949),
(3.14159265358979,4.71238898038469,6.28318530717959),.UNSPECIFIED.)
GEOMETRIC_REPRESENTATION_ITEM()
RATIONAL_B_SPLINE_SURFACE(((1.,0.707106781186548,1.,0.707106781186548,1.),
(0.707106781186548,0.5,0.707106781186548,0.5,0.707106781186548),(1.,0.707106781186548,
1.,0.707106781186548,1.),(0.707106781186548,0.5,0.707106781186548,0.5,0.707106781186548),
(1.,0.707106781186548,1.,0.707106781186548,1.)))
REPRESENTATION_ITEM('')
SURFACE()
);
#1597=(
BOUNDED_SURFACE()
B_SPLINE_SURFACE(2,2,((#4305,#4306,#4307,#4308,#4309),(#4310,#4311,#4312,
#4313,#4314),(#4315,#4316,#4317,#4318,#4319),(#4320,#4321,#4322,#4323,#4324),
(#4325,#4326,#4327,#4328,#4329)),.UNSPECIFIED.,.F.,.F.,.F.)
B_SPLINE_SURFACE_WITH_KNOTS((3,2,3),(3,2,3),(-1.5707963267949,0.,1.5707963267949),
(3.14159265358979,4.71238898038469,6.28318530717959),.UNSPECIFIED.)
GEOMETRIC_REPRESENTATION_ITEM()
RATIONAL_B_SPLINE_SURFACE(((1.,0.707106781186548,1.,0.707106781186548,1.),
(0.707106781186548,0.5,0.707106781186548,0.5,0.707106781186548),(1.,0.707106781186548,
1.,0.707106781186548,1.),(0.707106781186548,0.5,0.707106781186548,0.5,0.707106781186548),
(1.,0.707106781186548,1.,0.707106781186548,1.)))
REPRESENTATION_ITEM('')
SURFACE()
);
#1598=(
BOUNDED_SURFACE()
B_SPLINE_SURFACE(2,2,((#4331,#4332,#4333,#4334,#4335),(#4336,#4337,#4338,
#4339,#4340),(#4341,#4342,#4343,#4344,#4345),(#4346,#4347,#4348,#4349,#4350),
(#4351,#4352,#4353,#4354,#4355)),.UNSPECIFIED.,.F.,.F.,.F.)
B_SPLINE_SURFACE_WITH_KNOTS((3,2,3),(3,2,3),(-1.5707963267949,0.,1.5707963267949),
(0.,1.5707963267949,3.14159265358979),.UNSPECIFIED.)
GEOMETRIC_REPRESENTATION_ITEM()
RATIONAL_B_SPLINE_SURFACE(((1.,0.707106781186548,1.,0.707106781186548,1.),
(0.707106781186548,0.5,0.707106781186548,0.5,0.707106781186548),(1.,0.707106781186548,
1.,0.707106781186548,1.),(0.707106781186548,0.5,0.707106781186548,0.5,0.707106781186548),
(1.,0.707106781186548,1.,0.707106781186548,1.)))
REPRESENTATION_ITEM('')
SURFACE()
);
#1599=(
BOUNDED_SURFACE()
B_SPLINE_SURFACE(2,2,((#4356,#4357,#4358,#4359,#4360),(#4361,#4362,#4363,
#4364,#4365),(#4366,#4367,#4368,#4369,#4370),(#4371,#4372,#4373,#4374,#4375),
(#4376,#4377,#4378,#4379,#4380)),.UNSPECIFIED.,.F.,.F.,.F.)
B_SPLINE_SURFACE_WITH_KNOTS((3,2,3),(3,2,3),(-1.5707963267949,0.,1.5707963267949),
(0.,1.5707963267949,3.14159265358979),.UNSPECIFIED.)
GEOMETRIC_REPRESENTATION_ITEM()
RATIONAL_B_SPLINE_SURFACE(((1.,0.707106781186548,1.,0.707106781186548,1.),
(0.707106781186548,0.5,0.707106781186548,0.5,0.707106781186548),(1.,0.707106781186548,
1.,0.707106781186548,1.),(0.707106781186548,0.5,0.707106781186548,0.5,0.707106781186548),
(1.,0.707106781186548,1.,0.707106781186548,1.)))
REPRESENTATION_ITEM('')
SURFACE()
);
#1600=(
BOUNDED_SURFACE()
B_SPLINE_SURFACE(2,2,((#4381,#4382,#4383,#4384,#4385),(#4386,#4387,#4388,
#4389,#4390),(#4391,#4392,#4393,#4394,#4395),(#4396,#4397,#4398,#4399,#4400),
(#4401,#4402,#4403,#4404,#4405)),.UNSPECIFIED.,.F.,.F.,.F.)
B_SPLINE_SURFACE_WITH_KNOTS((3,2,3),(3,2,3),(-1.5707963267949,0.,1.5707963267949),
(0.,1.5707963267949,3.14159265358979),.UNSPECIFIED.)
GEOMETRIC_REPRESENTATION_ITEM()
RATIONAL_B_SPLINE_SURFACE(((1.,0.707106781186548,1.,0.707106781186548,1.),
(0.707106781186548,0.5,0.707106781186548,0.5,0.707106781186548),(1.,0.707106781186548,
1.,0.707106781186548,1.),(0.707106781186548,0.5,0.707106781186548,0.5,0.707106781186548),
(1.,0.707106781186548,1.,0.707106781186548,1.)))
REPRESENTATION_ITEM('')
SURFACE()
);
#1601=PLANE('',#1745);
#1602=PLANE('',#1746);
#1603=PLANE('',#1747);
#1604=PLANE('',#1748);
#1605=PLANE('',#1749);
#1606=PLANE('',#1750);
#1607=PLANE('',#1751);
#1608=PLANE('',#1752);
#1609=PLANE('',#1753);
#1610=PLANE('',#1754);
#1611=PLANE('',#1755);
#1612=PLANE('',#1756);
#1613=PLANE('',#1757);
#1614=PLANE('',#1758);
#1615=PLANE('',#1759);
#1616=PLANE('',#1760);
#1617=PLANE('',#1761);
#1618=PLANE('',#1762);
#1619=PLANE('',#1763);
#1620=PLANE('',#1764);
#1621=PLANE('',#1765);
#1622=PLANE('',#1766);
#1623=PLANE('',#1767);
#1624=PLANE('',#1768);
#1625=PLANE('',#1769);
#1626=PLANE('',#1770);
#1627=PLANE('',#1771);
#1628=PLANE('',#1773);
#1629=PLANE('',#1774);
#1630=PLANE('',#1775);
#1631=PLANE('',#1776);
#1632=PLANE('',#1777);
#1633=PLANE('',#1779);
#1634=PLANE('',#1780);
#1635=PLANE('',#1781);
#1636=PLANE('',#1782);
#1637=PLANE('',#1783);
#1638=PLANE('',#1784);
#1639=PLANE('',#1785);
#1640=PLANE('',#1786);
#1641=PLANE('',#1790);
#1642=PLANE('',#1791);
#1643=PLANE('',#1792);
#1644=PLANE('',#1793);
#1645=PLANE('',#1794);
#1646=PLANE('',#1796);
#1647=PLANE('',#1799);
#1648=PLANE('',#1800);
#1649=PLANE('',#1802);
#1650=PLANE('',#1804);
#1651=PLANE('',#1805);
#1652=PLANE('',#1806);
#1653=PLANE('',#1807);
#1654=PLANE('',#1809);
#1655=PLANE('',#1810);
#1656=PLANE('',#1811);
#1657=SHAPE_DEFINITION_REPRESENTATION(#1658,#1743);
#1658=PRODUCT_DEFINITION_SHAPE('Document','',#1660);
#1659=PRODUCT_DEFINITION_CONTEXT('3D Mechanical Parts',#1732,'design');
#1660=PRODUCT_DEFINITION('A','First version',#1702,#1659);
#1661=DATE_TIME_ROLE('classification_date');
#1662=DATE_TIME_ROLE('creation_date');
#1663=APPLIED_DATE_AND_TIME_ASSIGNMENT(#1687,#1661,(#1666));
#1664=APPLIED_DATE_AND_TIME_ASSIGNMENT(#1689,#1662,(#1660));
#1665=SECURITY_CLASSIFICATION_LEVEL('unclassified');
#1666=SECURITY_CLASSIFICATION('A','Security for version',#1665);
#1667=APPLIED_SECURITY_CLASSIFICATION_ASSIGNMENT(#1666,(#1702));
#1668=APPROVAL_ROLE('Version approval');
#1669=APPROVAL_ROLE('Version Security approval');
#1670=APPROVAL_ROLE('Definition approval');
#1671=APPROVAL_PERSON_ORGANIZATION(#1720,#1696,#1668);
#1672=APPROVAL_PERSON_ORGANIZATION(#1721,#1697,#1669);
#1673=APPROVAL_PERSON_ORGANIZATION(#1724,#1698,#1670);
#1674=COORDINATED_UNIVERSAL_TIME_OFFSET(5,0,.BEHIND.);
#1675=LOCAL_TIME(0,0,0.,#1674);
#1676=LOCAL_TIME(0,0,0.,#1674);
#1677=LOCAL_TIME(0,0,0.,#1674);
#1678=LOCAL_TIME(0,0,0.,#1674);
#1679=LOCAL_TIME(0,0,0.,#1674);
#1680=CALENDAR_DATE(1999,1,1);
#1681=CALENDAR_DATE(1999,1,1);
#1682=CALENDAR_DATE(1999,1,1);
#1683=CALENDAR_DATE(1999,1,1);
#1684=CALENDAR_DATE(1999,1,1);
#1685=DATE_AND_TIME(#1680,#1675);
#1686=DATE_AND_TIME(#1681,#1676);
#1687=DATE_AND_TIME(#1682,#1677);
#1688=DATE_AND_TIME(#1683,#1678);
#1689=DATE_AND_TIME(#1684,#1679);
#1690=APPROVAL_DATE_TIME(#1685,#1696);
#1691=APPROVAL_DATE_TIME(#1686,#1697);
#1692=APPROVAL_DATE_TIME(#1688,#1698);
#1693=APPROVAL_STATUS('not_yet_approved');
#1694=APPROVAL_STATUS('not_yet_approved');
#1695=APPROVAL_STATUS('approved');
#1696=APPROVAL(#1693,'Version approval');
#1697=APPROVAL(#1694,'Version Security approval');
#1698=APPROVAL(#1695,'Definition approval');
#1699=APPLIED_APPROVAL_ASSIGNMENT(#1696,(#1702));
#1700=APPLIED_APPROVAL_ASSIGNMENT(#1697,(#1666));
#1701=APPLIED_APPROVAL_ASSIGNMENT(#1698,(#1660));
#1702=PRODUCT_DEFINITION_FORMATION_WITH_SPECIFIED_SOURCE('A',
'First version',#1734,.MADE.);
#1703=PERSON_AND_ORGANIZATION_ROLE('design_owner');
#1704=PERSON_AND_ORGANIZATION_ROLE('creator');
#1705=PERSON_AND_ORGANIZATION_ROLE('design_supplier');
#1706=PERSON_AND_ORGANIZATION_ROLE('classification_officer');
#1707=PERSON_AND_ORGANIZATION_ROLE('creator');
#1708=ORGANIZATION('STI','lab','lab');
#1709=ORGANIZATION('STI','unknown','unknown');
#1710=ORGANIZATION('STI','unknown','unknown');
#1711=ORGANIZATION('STI','unknown','unknown');
#1712=ORGANIZATION('STI','unknown','unknown');
#1713=ORGANIZATION('STI','unknown','unknown');
#1714=ORGANIZATION('STI','unknown','unknown');
#1715=PERSON('1','Box','vc60',$,$,$);
#1716=PERSON('2','last','first',$,$,$);
#1717=PERSON('3','President','Mr.',$,$,$);
#1718=PERSON_AND_ORGANIZATION(#1715,#1708);
#1719=PERSON_AND_ORGANIZATION(#1716,#1709);
#1720=PERSON_AND_ORGANIZATION(#1717,#1710);
#1721=PERSON_AND_ORGANIZATION(#1717,#1711);
#1722=PERSON_AND_ORGANIZATION(#1717,#1712);
#1723=PERSON_AND_ORGANIZATION(#1716,#1713);
#1724=PERSON_AND_ORGANIZATION(#1717,#1714);
#1725=APPLIED_PERSON_AND_ORGANIZATION_ASSIGNMENT(#1718,#1703,(#1734));
#1726=APPLIED_PERSON_AND_ORGANIZATION_ASSIGNMENT(#1719,#1704,(#1702));
#1727=APPLIED_PERSON_AND_ORGANIZATION_ASSIGNMENT(#1719,#1705,(#1702));
#1728=APPLIED_PERSON_AND_ORGANIZATION_ASSIGNMENT(#1722,#1706,(#1666));
#1729=APPLIED_PERSON_AND_ORGANIZATION_ASSIGNMENT(#1723,#1707,(#1660));
#1730=PRODUCT_RELATED_PRODUCT_CATEGORY('detail','detail',(#1734));
#1731=APPLICATION_PROTOCOL_DEFINITION('International Standard',
'config_control_design',1994,#1732);
#1732=APPLICATION_CONTEXT(
'configuration controlled 3d designs of mechanical parts and assemblie
s');
#1733=PRODUCT_CONTEXT('3D Mechanical Parts',#1732,'mechanical');
#1734=PRODUCT('Document','Document','',(#1733));
#1735=(
LENGTH_UNIT()
NAMED_UNIT(*)
SI_UNIT(.MILLI.,.METRE.)
);
#1736=(
NAMED_UNIT(*)
PLANE_ANGLE_UNIT()
SI_UNIT($,.RADIAN.)
);
#1737=DIMENSIONAL_EXPONENTS(0.,0.,0.,0.,0.,0.,0.);
#1738=PLANE_ANGLE_MEASURE_WITH_UNIT(PLANE_ANGLE_MEASURE(0.01745329252),
#1736);
#1739=(
CONVERSION_BASED_UNIT('DEGREES',#1738)
NAMED_UNIT(#1737)
PLANE_ANGLE_UNIT()
);
#1740=(
NAMED_UNIT(*)
SI_UNIT($,.STERADIAN.)
SOLID_ANGLE_UNIT()
);
#1741=UNCERTAINTY_MEASURE_WITH_UNIT(LENGTH_MEASURE(0.001),#1735,
'DISTANCE_ACCURACY_VALUE',
'Maximum model space distance between geometric entities at asserted c
onnectivities');
#1742=(
GEOMETRIC_REPRESENTATION_CONTEXT(3)
GLOBAL_UNCERTAINTY_ASSIGNED_CONTEXT((#1741))
GLOBAL_UNIT_ASSIGNED_CONTEXT((#1740,#1739,#1735))
REPRESENTATION_CONTEXT('ID1','3D')
);
#1743=SHAPE_REPRESENTATION('Document',(#1744,#1812),#1742);
#1744=AXIS2_PLACEMENT_3D('',#1884,#1813,#1814);
#1745=AXIS2_PLACEMENT_3D('',#1885,#1815,$);
#1746=AXIS2_PLACEMENT_3D('',#1886,#1816,$);
#1747=AXIS2_PLACEMENT_3D('',#1887,#1817,$);
#1748=AXIS2_PLACEMENT_3D('',#1888,#1818,$);
#1749=AXIS2_PLACEMENT_3D('',#1889,#1819,$);
#1750=AXIS2_PLACEMENT_3D('',#1890,#1820,$);
#1751=AXIS2_PLACEMENT_3D('',#1891,#1821,$);
#1752=AXIS2_PLACEMENT_3D('',#2294,#1822,$);
#1753=AXIS2_PLACEMENT_3D('',#2295,#1823,$);
#1754=AXIS2_PLACEMENT_3D('',#2296,#1824,$);
#1755=AXIS2_PLACEMENT_3D('',#2297,#1825,$);
#1756=AXIS2_PLACEMENT_3D('',#2478,#1826,$);
#1757=AXIS2_PLACEMENT_3D('',#2479,#1827,$);
#1758=AXIS2_PLACEMENT_3D('',#2810,#1828,$);
#1759=AXIS2_PLACEMENT_3D('',#2811,#1829,$);
#1760=AXIS2_PLACEMENT_3D('',#2812,#1830,$);
#1761=AXIS2_PLACEMENT_3D('',#2813,#1831,$);
#1762=AXIS2_PLACEMENT_3D('',#2904,#1832,$);
#1763=AXIS2_PLACEMENT_3D('',#2905,#1833,$);
#1764=AXIS2_PLACEMENT_3D('',#3124,#1834,$);
#1765=AXIS2_PLACEMENT_3D('',#3125,#1835,$);
#1766=AXIS2_PLACEMENT_3D('',#3126,#1836,$);
#1767=AXIS2_PLACEMENT_3D('',#3127,#1837,$);
#1768=AXIS2_PLACEMENT_3D('',#3173,#1838,$);
#1769=AXIS2_PLACEMENT_3D('',#3174,#1839,$);
#1770=AXIS2_PLACEMENT_3D('',#3299,#1840,$);
#1771=AXIS2_PLACEMENT_3D('',#3300,#1841,$);
#1772=AXIS2_PLACEMENT_3D('',#3301,#1842,$);
#1773=AXIS2_PLACEMENT_3D('',#3302,#1843,$);
#1774=AXIS2_PLACEMENT_3D('',#3303,#1844,$);
#1775=AXIS2_PLACEMENT_3D('',#3304,#1845,$);
#1776=AXIS2_PLACEMENT_3D('',#3305,#1846,$);
#1777=AXIS2_PLACEMENT_3D('',#3306,#1847,$);
#1778=AXIS2_PLACEMENT_3D('',#3379,#1848,$);
#1779=AXIS2_PLACEMENT_3D('',#3392,#1849,$);
#1780=AXIS2_PLACEMENT_3D('',#3430,#1850,$);
#1781=AXIS2_PLACEMENT_3D('',#3431,#1851,$);
#1782=AXIS2_PLACEMENT_3D('',#3706,#1852,$);
#1783=AXIS2_PLACEMENT_3D('',#3707,#1853,$);
#1784=AXIS2_PLACEMENT_3D('',#3708,#1854,$);
#1785=AXIS2_PLACEMENT_3D('',#3709,#1855,$);
#1786=AXIS2_PLACEMENT_3D('',#3710,#1856,$);
#1787=AXIS2_PLACEMENT_3D('',#3711,#1857,$);
#1788=AXIS2_PLACEMENT_3D('',#3712,#1858,$);
#1789=AXIS2_PLACEMENT_3D('',#3713,#1859,$);
#1790=AXIS2_PLACEMENT_3D('',#3714,#1860,$);
#1791=AXIS2_PLACEMENT_3D('',#3715,#1861,$);
#1792=AXIS2_PLACEMENT_3D('',#3716,#1862,$);
#1793=AXIS2_PLACEMENT_3D('',#3813,#1863,$);
#1794=AXIS2_PLACEMENT_3D('',#3876,#1864,$);
#1795=AXIS2_PLACEMENT_3D('',#4215,#1865,$);
#1796=AXIS2_PLACEMENT_3D('',#4216,#1866,$);
#1797=AXIS2_PLACEMENT_3D('',#4217,#1867,$);
#1798=AXIS2_PLACEMENT_3D('',#4218,#1868,$);
#1799=AXIS2_PLACEMENT_3D('',#4219,#1869,$);
#1800=AXIS2_PLACEMENT_3D('',#4220,#1870,$);
#1801=AXIS2_PLACEMENT_3D('',#4221,#1871,$);
#1802=AXIS2_PLACEMENT_3D('',#4222,#1872,$);
#1803=AXIS2_PLACEMENT_3D('',#4223,#1873,$);
#1804=AXIS2_PLACEMENT_3D('',#4224,#1874,$);
#1805=AXIS2_PLACEMENT_3D('',#4237,#1875,$);
#1806=AXIS2_PLACEMENT_3D('',#4250,#1876,$);
#1807=AXIS2_PLACEMENT_3D('',#4251,#1877,$);
#1808=AXIS2_PLACEMENT_3D('',#4252,#1878,$);
#1809=AXIS2_PLACEMENT_3D('',#4253,#1879,$);
#1810=AXIS2_PLACEMENT_3D('',#4254,#1880,$);
#1811=AXIS2_PLACEMENT_3D('',#4330,#1881,$);
#1812=AXIS2_PLACEMENT_3D('',#4699,#1882,#1883);
#1813=DIRECTION('',(0.,0.,1.));
#1814=DIRECTION('',(1.,0.,0.));
#1815=DIRECTION('',(-0.999999999995421,-2.84217094302743E-14,-3.0263203179004E-6));
#1816=DIRECTION('',(-2.75006463182612E-10,0.999999995871363,9.08695459997944E-5));
#1817=DIRECTION('',(-0.0190599134436311,-0.999818339217061,-9.09107203346063E-5));
#1818=DIRECTION('',(0.0230484886715824,0.,0.999734348299565));
#1819=DIRECTION('',(1.,0.,0.));
#1820=DIRECTION('',(0.,0.,-1.));
#1821=DIRECTION('',(-0.0202754014479266,-0.99979443291915,-1.80081740168051E-17));
#1822=DIRECTION('',(0.023074903301578,-3.88474595425204E-16,0.999733738971344));
#1823=DIRECTION('',(-0.999999999726329,-2.84217094226258E-14,2.33953366759465E-5));
#1824=DIRECTION('',(2.12591756188546E-9,0.999999995871363,9.08695459749254E-5));
#1825=DIRECTION('',(-0.0230558055333358,-0.999734175506688,-9.0305992701667E-5));
#1826=DIRECTION('',(1.,0.,0.));
#1827=DIRECTION('',(0.,0.,-1.));
#1828=DIRECTION('',(-0.999999999995421,-2.84217094302739E-14,-3.02632032855854E-6));
#1829=DIRECTION('',(-2.75006463182927E-10,0.999999995871363,9.08695459962416E-5));
#1830=DIRECTION('',(-0.0190599134436311,-0.999818339217061,-9.09107203451949E-5));
#1831=DIRECTION('',(0.019056024459331,0.,0.999818417479797));
#1832=DIRECTION('',(1.,0.,0.));
#1833=DIRECTION('',(0.,0.,-1.));
#1834=DIRECTION('',(-0.999999999995421,0.,-3.02632033566397E-6));
#1835=DIRECTION('',(-2.75006463182612E-10,0.999999995871363,9.0869545998018E-5));
#1836=DIRECTION('',(-0.0190599134436312,-0.999818339217061,-9.09107203452624E-5));
#1837=DIRECTION('',(0.00953168837396603,0.,0.999954572426539));
#1838=DIRECTION('',(1.,0.,0.));
#1839=DIRECTION('',(0.,0.,-1.));
#1840=DIRECTION('',(0.,0.,-1.));
#1841=DIRECTION('',(-1.,0.,0.));
#1842=DIRECTION('',(0.,1.,0.));
#1843=DIRECTION('',(0.,1.,0.));
#1844=DIRECTION('',(0.,-1.,0.));
#1845=DIRECTION('',(1.,0.,0.));
#1846=DIRECTION('',(-1.,0.,0.));
#1847=DIRECTION('',(1.,0.,0.));
#1848=DIRECTION('',(0.,1.,0.));
#1849=DIRECTION('',(-0.00953574977169652,0.,0.999954533704554));
#1850=DIRECTION('',(0.,0.,1.));
#1851=DIRECTION('',(0.,0.,1.));
#1852=DIRECTION('',(0.,0.,-1.));
#1853=DIRECTION('',(1.,0.,0.));
#1854=DIRECTION('',(-0.0190599137186762,0.,0.999818343344948));
#1855=DIRECTION('',(0.,-1.,0.));
#1856=DIRECTION('',(0.,1.,0.));
#1857=DIRECTION('',(0.,-1.,0.));
#1858=DIRECTION('',(0.,-1.,0.));
#1859=DIRECTION('',(0.,-1.,0.));
#1860=DIRECTION('',(1.,0.,0.));
#1861=DIRECTION('',(-1.,0.,0.));
#1862=DIRECTION('',(-1.,0.,0.));
#1863=DIRECTION('',(0.,0.,1.));
#1864=DIRECTION('',(0.,0.,1.));
#1865=DIRECTION('',(0.,1.,0.));
#1866=DIRECTION('',(-0.0230864112744798,0.,0.999733473288989));
#1867=DIRECTION('',(-1.13686837721784E-13,1.,-1.13686837721936E-13));
#1868=DIRECTION('',(5.7443098093951E-27,-1.,-7.57912251477376E-14));
#1869=DIRECTION('',(-0.0230864112751339,0.,0.999733473288974));
#1870=DIRECTION('',(-1.,0.,0.));
#1871=DIRECTION('',(0.,1.,0.));
#1872=DIRECTION('',(0.,0.,1.));
#1873=DIRECTION('',(-2.42338070083564E-27,1.,2.27373675443077E-13));
#1874=DIRECTION('',(1.,0.,0.));
#1875=DIRECTION('',(0.,0.,-1.));
#1876=DIRECTION('',(-1.,0.,0.));
#1877=DIRECTION('',(1.,0.,0.));
#1878=DIRECTION('',(0.,-1.,0.));
#1879=DIRECTION('',(0.,-1.,0.));
#1880=DIRECTION('',(0.,1.,0.));
#1881=DIRECTION('',(0.,0.,1.));
#1882=DIRECTION('',(0.,0.,1.));
#1883=DIRECTION('',(1.,0.,0.));
#1884=CARTESIAN_POINT('',(0.,0.,0.));
#1885=CARTESIAN_POINT('',(469.052382685322,-354.190115673354,13.7920154684292));
#1886=CARTESIAN_POINT('',(444.240382721519,-354.555282315296,4.09986553290613));
#1887=CARTESIAN_POINT('',(741.864625376669,-363.288562832628,13.7925321581283));
#1888=CARTESIAN_POINT('',(444.240113295858,-363.652903278308,13.5463736943716));
#1889=CARTESIAN_POINT('',(716.55237746791,-318.884132708841,-9.51578488147885));
#1890=CARTESIAN_POINT('',(724.,-320.,5.41754569065441));
#1891=CARTESIAN_POINT('',(716.55237746791,-362.805432691777,0.));
#1892=CARTESIAN_POINT('',(474.03338343561,-358.220169737078,7.73366946312527));
#1893=CARTESIAN_POINT('',(474.03338343561,-358.220169737078,7.73366946312526));
#1894=CARTESIAN_POINT('',(474.03338343561,-358.220169737078,7.73366946312527));
#1895=CARTESIAN_POINT('',(474.03338343561,-358.220169737078,7.73366946312526));
#1896=CARTESIAN_POINT('',(474.03338343561,-358.220169737078,7.73366946312527));
#1897=CARTESIAN_POINT('',(474.03338343561,-358.220169737078,7.73366946312526));
#1898=CARTESIAN_POINT('',(474.03338343561,-358.220169737078,7.73366946312527));
#1899=CARTESIAN_POINT('',(474.03338343561,-358.220169737078,7.73366946312526));
#1900=CARTESIAN_POINT('',(474.03338343561,-358.220169737078,7.73366946312527));
#1901=CARTESIAN_POINT('',(475.03311778391,-358.220169737078,7.71062097445368));
#1902=CARTESIAN_POINT('',(475.03311778391,-357.220169737078,7.71062097445368));
#1903=CARTESIAN_POINT('',(474.03338343561,-357.220169737078,7.73366946312542));
#1904=CARTESIAN_POINT('',(473.03364908731,-357.220169737078,7.75671795179719));
#1905=CARTESIAN_POINT('',(473.03364908731,-358.220169737078,7.75671795179719));
#1906=CARTESIAN_POINT('',(473.03364908731,-359.220169737078,7.75671795179719));
#1907=CARTESIAN_POINT('',(474.03338343561,-359.220169737078,7.73366946312542));
#1908=CARTESIAN_POINT('',(475.03311778391,-359.220169737078,7.71062097445368));
#1909=CARTESIAN_POINT('',(475.03311778391,-358.220169737078,7.71062097445368));
#1910=CARTESIAN_POINT('',(475.05616627258,-358.220169737078,8.71035532275323));
#1911=CARTESIAN_POINT('',(475.05616627258,-357.220169737078,8.71035532275324));
#1912=CARTESIAN_POINT('',(474.05643192428,-357.220169737078,8.73340381142499));
#1913=CARTESIAN_POINT('',(473.05669757598,-357.220169737078,8.75645230009674));
#1914=CARTESIAN_POINT('',(473.05669757598,-358.220169737078,8.75645230009674));
#1915=CARTESIAN_POINT('',(473.05669757598,-359.220169737078,8.75645230009674));
#1916=CARTESIAN_POINT('',(474.05643192428,-359.220169737078,8.73340381142499));
#1917=CARTESIAN_POINT('',(475.05616627258,-359.220169737078,8.71035532275324));
#1918=CARTESIAN_POINT('',(475.05616627258,-358.220169737078,8.71035532275323));
#1919=CARTESIAN_POINT('',(475.07921476125,-358.220169737078,9.71008967105281));
#1920=CARTESIAN_POINT('',(475.07921476125,-357.220169737078,9.7100896710528));
#1921=CARTESIAN_POINT('',(474.07948041295,-357.220169737078,9.73313815972454));
#1922=CARTESIAN_POINT('',(473.07974606465,-357.220169737078,9.75618664839629));
#1923=CARTESIAN_POINT('',(473.07974606465,-358.220169737078,9.7561866483963));
#1924=CARTESIAN_POINT('',(473.07974606465,-359.220169737078,9.75618664839629));
#1925=CARTESIAN_POINT('',(474.07948041295,-359.220169737078,9.73313815972454));
#1926=CARTESIAN_POINT('',(475.07921476125,-359.220169737078,9.7100896710528));
#1927=CARTESIAN_POINT('',(475.07921476125,-358.220169737078,9.71008967105281));
#1928=CARTESIAN_POINT('',(474.07948041295,-358.220169737078,9.73313815972439));
#1929=CARTESIAN_POINT('',(474.07948041295,-358.220169737078,9.73313815972439));
#1930=CARTESIAN_POINT('',(474.07948041295,-358.220169737078,9.73313815972439));
#1931=CARTESIAN_POINT('',(474.07948041295,-358.220169737078,9.73313815972439));
#1932=CARTESIAN_POINT('',(474.07948041295,-358.220169737078,9.73313815972439));
#1933=CARTESIAN_POINT('',(474.07948041295,-358.220169737078,9.73313815972439));
#1934=CARTESIAN_POINT('',(474.07948041295,-358.220169737078,9.73313815972439));
#1935=CARTESIAN_POINT('',(474.07948041295,-358.220169737078,9.73313815972439));
#1936=CARTESIAN_POINT('',(474.07948041295,-358.220169737078,9.73313815972439));
#1937=CARTESIAN_POINT('',(476.83196580124,-358.264268771911,7.66914922926453));
#1938=CARTESIAN_POINT('',(476.83196580124,-358.264268771911,7.66914922926454));
#1939=CARTESIAN_POINT('',(476.83196580124,-358.264268771911,7.66914922926453));
#1940=CARTESIAN_POINT('',(476.83196580124,-358.264268771911,7.66914922926454));
#1941=CARTESIAN_POINT('',(476.83196580124,-358.264268771911,7.66914922926453));
#1942=CARTESIAN_POINT('',(476.83196580124,-358.264268771911,7.66914922926454));
#1943=CARTESIAN_POINT('',(476.83196580124,-358.264268771911,7.66914922926453));
#1944=CARTESIAN_POINT('',(476.83196580124,-358.264268771911,7.66914922926454));
#1945=CARTESIAN_POINT('',(476.83196580124,-358.264268771911,7.66914922926453));
#1946=CARTESIAN_POINT('',(477.83170014954,-358.264268771911,7.64610074059294));
#1947=CARTESIAN_POINT('',(477.83170014954,-357.264268771911,7.64610074059294));
#1948=CARTESIAN_POINT('',(476.83196580124,-357.264268771911,7.66914922926471));
#1949=CARTESIAN_POINT('',(475.83223145294,-357.264268771911,7.69219771793645));
#1950=CARTESIAN_POINT('',(475.83223145294,-358.264268771911,7.69219771793645));
#1951=CARTESIAN_POINT('',(475.83223145294,-359.264268771911,7.69219771793645));
#1952=CARTESIAN_POINT('',(476.83196580124,-359.264268771911,7.66914922926471));
#1953=CARTESIAN_POINT('',(477.83170014954,-359.264268771911,7.64610074059294));
#1954=CARTESIAN_POINT('',(477.83170014954,-358.264268771911,7.64610074059294));
#1955=CARTESIAN_POINT('',(477.85474863822,-358.264268771911,8.64583508889251));
#1956=CARTESIAN_POINT('',(477.85474863822,-357.264268771911,8.64583508889252));
#1957=CARTESIAN_POINT('',(476.85501428992,-357.264268771911,8.66888357756426));
#1958=CARTESIAN_POINT('',(475.85527994162,-357.264268771911,8.69193206623602));
#1959=CARTESIAN_POINT('',(475.85527994162,-358.264268771911,8.69193206623602));
#1960=CARTESIAN_POINT('',(475.85527994162,-359.264268771911,8.69193206623602));
#1961=CARTESIAN_POINT('',(476.85501428992,-359.264268771911,8.66888357756426));
#1962=CARTESIAN_POINT('',(477.85474863822,-359.264268771911,8.64583508889252));
#1963=CARTESIAN_POINT('',(477.85474863822,-358.264268771911,8.64583508889251));
#1964=CARTESIAN_POINT('',(477.87779712689,-358.264268771911,9.64556943719208));
#1965=CARTESIAN_POINT('',(477.87779712689,-357.264268771911,9.64556943719208));
#1966=CARTESIAN_POINT('',(476.87806277859,-357.264268771911,9.66861792586383));
#1967=CARTESIAN_POINT('',(475.87832843029,-357.264268771911,9.69166641453556));
#1968=CARTESIAN_POINT('',(475.87832843029,-358.264268771911,9.69166641453557));
#1969=CARTESIAN_POINT('',(475.87832843029,-359.264268771911,9.69166641453556));
#1970=CARTESIAN_POINT('',(476.87806277859,-359.264268771911,9.66861792586383));
#1971=CARTESIAN_POINT('',(477.87779712689,-359.264268771911,9.64556943719208));
#1972=CARTESIAN_POINT('',(477.87779712689,-358.264268771911,9.64556943719208));
#1973=CARTESIAN_POINT('',(476.87806277859,-358.264268771911,9.66861792586366));
#1974=CARTESIAN_POINT('',(476.87806277859,-358.264268771911,9.66861792586366));
#1975=CARTESIAN_POINT('',(476.87806277859,-358.264268771911,9.66861792586366));
#1976=CARTESIAN_POINT('',(476.87806277859,-358.264268771911,9.66861792586366));
#1977=CARTESIAN_POINT('',(476.87806277859,-358.264268771911,9.66861792586366));
#1978=CARTESIAN_POINT('',(476.87806277859,-358.264268771911,9.66861792586366));
#1979=CARTESIAN_POINT('',(476.87806277859,-358.264268771911,9.66861792586366));
#1980=CARTESIAN_POINT('',(476.87806277859,-358.264268771911,9.66861792586366));
#1981=CARTESIAN_POINT('',(476.87806277859,-358.264268771911,9.66861792586366));
#1982=CARTESIAN_POINT('',(479.55264978129,-358.329778109275,7.60642491255018));
#1983=CARTESIAN_POINT('',(479.55264978129,-358.329778109275,7.60642491255019));
#1984=CARTESIAN_POINT('',(479.55264978129,-358.329778109275,7.60642491255018));
#1985=CARTESIAN_POINT('',(479.55264978129,-358.329778109275,7.60642491255019));
#1986=CARTESIAN_POINT('',(479.55264978129,-358.329778109275,7.60642491255018));
#1987=CARTESIAN_POINT('',(479.55264978129,-358.329778109275,7.60642491255019));
#1988=CARTESIAN_POINT('',(479.55264978129,-358.329778109275,7.60642491255018));
#1989=CARTESIAN_POINT('',(479.55264978129,-358.329778109275,7.60642491255019));
#1990=CARTESIAN_POINT('',(479.55264978129,-358.329778109275,7.60642491255018));
#1991=CARTESIAN_POINT('',(480.55238412959,-358.329778109275,7.58337642387859));
#1992=CARTESIAN_POINT('',(480.55238412959,-357.329778109274,7.58337642387859));
#1993=CARTESIAN_POINT('',(479.55264978129,-357.329778109274,7.60642491255035));
#1994=CARTESIAN_POINT('',(478.55291543299,-357.329778109274,7.6294734012221));
#1995=CARTESIAN_POINT('',(478.55291543299,-358.329778109275,7.6294734012221));
#1996=CARTESIAN_POINT('',(478.55291543299,-359.329778109275,7.6294734012221));
#1997=CARTESIAN_POINT('',(479.55264978129,-359.329778109275,7.60642491255035));
#1998=CARTESIAN_POINT('',(480.55238412959,-359.329778109275,7.58337642387859));
#1999=CARTESIAN_POINT('',(480.55238412959,-358.329778109275,7.58337642387859));
#2000=CARTESIAN_POINT('',(480.57543261826,-358.329778109275,8.58311077217816));
#2001=CARTESIAN_POINT('',(480.57543261826,-357.329778109274,8.58311077217817));
#2002=CARTESIAN_POINT('',(479.57569826996,-357.329778109275,8.60615926084991));
#2003=CARTESIAN_POINT('',(478.57596392166,-357.329778109274,8.62920774952165));
#2004=CARTESIAN_POINT('',(478.57596392166,-358.329778109275,8.62920774952165));
#2005=CARTESIAN_POINT('',(478.57596392166,-359.329778109275,8.62920774952165));
#2006=CARTESIAN_POINT('',(479.57569826996,-359.329778109275,8.60615926084991));
#2007=CARTESIAN_POINT('',(480.57543261826,-359.329778109275,8.58311077217817));
#2008=CARTESIAN_POINT('',(480.57543261826,-358.329778109275,8.58311077217816));
#2009=CARTESIAN_POINT('',(480.59848110693,-358.329778109275,9.58284512047773));
#2010=CARTESIAN_POINT('',(480.59848110693,-357.329778109275,9.58284512047773));
#2011=CARTESIAN_POINT('',(479.59874675863,-357.329778109275,9.60589360914947));
#2012=CARTESIAN_POINT('',(478.59901241033,-357.329778109275,9.62894209782121));
#2013=CARTESIAN_POINT('',(478.59901241033,-358.329778109275,9.62894209782122));
#2014=CARTESIAN_POINT('',(478.59901241033,-359.329778109274,9.62894209782121));
#2015=CARTESIAN_POINT('',(479.59874675863,-359.329778109274,9.60589360914947));
#2016=CARTESIAN_POINT('',(480.59848110693,-359.329778109274,9.58284512047773));
#2017=CARTESIAN_POINT('',(480.59848110693,-358.329778109275,9.58284512047773));
#2018=CARTESIAN_POINT('',(479.59874675863,-358.329778109275,9.60589360914931));
#2019=CARTESIAN_POINT('',(479.59874675863,-358.329778109275,9.60589360914931));
#2020=CARTESIAN_POINT('',(479.59874675863,-358.329778109275,9.60589360914931));
#2021=CARTESIAN_POINT('',(479.59874675863,-358.329778109275,9.60589360914931));
#2022=CARTESIAN_POINT('',(479.59874675863,-358.329778109275,9.60589360914931));
#2023=CARTESIAN_POINT('',(479.59874675863,-358.329778109275,9.60589360914931));
#2024=CARTESIAN_POINT('',(479.59874675863,-358.329778109275,9.60589360914931));
#2025=CARTESIAN_POINT('',(479.59874675863,-358.329778109275,9.60589360914931));
#2026=CARTESIAN_POINT('',(479.59874675863,-358.329778109275,9.60589360914931));
#2027=CARTESIAN_POINT('',(469.05238515988,-354.556088727611,12.9743363647081));
#2028=CARTESIAN_POINT('',(716.55237746791,-354.555570156409,7.2683197827721));
#2029=CARTESIAN_POINT('',(716.55237746791,-362.805432691777,7.26831978277205));
#2030=CARTESIAN_POINT('',(469.05240802915,-354.555402045471,5.41754569065441));
#2031=CARTESIAN_POINT('',(716.55237746791,-354.555401977407,5.41754569065441));
#2032=CARTESIAN_POINT('',(716.55237746791,-362.805264406001,5.41754569065442));
#2033=CARTESIAN_POINT('',(469.05240802915,-357.7862396722,5.41754569065441));
#2034=CARTESIAN_POINT('',(469.05238515988,-357.786239208421,12.9743363647081));
#2035=CARTESIAN_POINT('',(716.414006606396,-362.802626590169,5.41754569065442));
#2036=CARTESIAN_POINT('',(474.688217402115,-357.900531464351,8.02723210099893));
#2037=CARTESIAN_POINT('',(477.488767897378,-357.957325424886,7.95885389737892));
#2038=CARTESIAN_POINT('',(480.210678731642,-358.012524606891,7.90178008135212));
#2039=CARTESIAN_POINT('',(469.05238515988,-354.556088727611,12.9743363647081));
#2040=CARTESIAN_POINT('',(469.05240802915,-354.555402045471,5.41754569065441));
#2041=CARTESIAN_POINT('',(469.05238515988,-354.556088727611,12.9743363647081));
#2042=CARTESIAN_POINT('',(551.552382595887,-354.555915870544,11.0723308373961));
#2043=CARTESIAN_POINT('',(634.052380031903,-354.555743013476,9.1703253100841));
#2044=CARTESIAN_POINT('',(716.55237746791,-354.555570156409,7.2683197827721));
#2045=CARTESIAN_POINT('',(716.55237746791,-354.555570156409,7.2683197827721));
#2046=CARTESIAN_POINT('',(716.55237746791,-354.555401977407,5.41754569065441));
#2047=CARTESIAN_POINT('',(716.55237746791,-362.805432691777,7.26831978277205));
#2048=CARTESIAN_POINT('',(716.55237746791,-354.555570156409,7.2683197827721));
#2049=CARTESIAN_POINT('',(469.05240802915,-354.555402045471,5.41754569065441));
#2050=CARTESIAN_POINT('',(469.05240802915,-357.7862396722,5.41754569065441));
#2051=CARTESIAN_POINT('',(716.55237746791,-354.555401977407,5.41754569065441));
#2052=CARTESIAN_POINT('',(469.05240802915,-354.555402045471,5.41754569065441));
#2053=CARTESIAN_POINT('',(716.55237746791,-354.555401977407,5.41754569065441));
#2054=CARTESIAN_POINT('',(716.55237746791,-362.805264406001,5.41754569065442));
#2055=CARTESIAN_POINT('',(469.05240802915,-357.7862396722,5.41754569065441));
#2056=CARTESIAN_POINT('',(469.052400406061,-357.786239517607,7.93647591533895));
#2057=CARTESIAN_POINT('',(469.052392782971,-357.786239363014,10.4554061400235));
#2058=CARTESIAN_POINT('',(469.05238515988,-357.786239208421,12.9743363647081));
#2059=CARTESIAN_POINT('',(716.55237746791,-362.805432691777,7.26831978277205));
#2060=CARTESIAN_POINT('',(716.506253847394,-362.804497324574,6.65139508539949));
#2061=CARTESIAN_POINT('',(716.460130226876,-362.803561957372,6.03447038802705));
#2062=CARTESIAN_POINT('',(716.414006606396,-362.802626590169,5.41754569065442));
#2063=CARTESIAN_POINT('',(469.05238515988,-357.786239208421,12.9743363647081));
#2064=CARTESIAN_POINT('',(551.55238259589,-359.459303702873,11.0723308373961));
#2065=CARTESIAN_POINT('',(634.0523800319,-361.132368197325,9.17032531008407));
#2066=CARTESIAN_POINT('',(716.55237746791,-362.805432691777,7.26831978277205));
#2067=CARTESIAN_POINT('',(474.688217402115,-357.900531464351,8.02723210099893));
#2068=CARTESIAN_POINT('',(474.747311117837,-357.901729859511,8.07955860731429));
#2069=CARTESIAN_POINT('',(474.799602997971,-357.902790316368,8.1390986497513));
#2070=CARTESIAN_POINT('',(474.843866342089,-357.903687957965,8.2044554952917));
#2071=CARTESIAN_POINT('',(474.876055893389,-357.904340748232,8.25198483529593));
#2072=CARTESIAN_POINT('',(474.903839589343,-357.904904189646,8.30235449254679));
#2073=CARTESIAN_POINT('',(474.926871459268,-357.905371266071,8.35493724938436));
#2074=CARTESIAN_POINT('',(474.976180907519,-357.906371240491,8.46751285595298));
#2075=CARTESIAN_POINT('',(475.003016150786,-357.906915447692,8.58864283207477));
#2076=CARTESIAN_POINT('',(475.005867997614,-357.90697328192,8.71151493002563));
#2077=CARTESIAN_POINT('',(475.008721978371,-357.907031159423,8.83447896848285));
#2078=CARTESIAN_POINT('',(474.987501571655,-357.906600818695,8.95681408081776));
#2079=CARTESIAN_POINT('',(474.943401948354,-357.905706497285,9.07163013685332));
#2080=CARTESIAN_POINT('',(474.922562807466,-357.905283888464,9.12588610978144));
#2081=CARTESIAN_POINT('',(474.896753990402,-357.904760496745,9.17809920749872));
#2082=CARTESIAN_POINT('',(474.866304889648,-357.904143002066,9.22760304526031));
#2083=CARTESIAN_POINT('',(474.825282751982,-357.903311090743,9.29429641870455));
#2084=CARTESIAN_POINT('',(474.776116351395,-357.902314017268,9.35562047840513));
#2085=CARTESIAN_POINT('',(474.719940692672,-357.90117479905,9.41015956040546));
#2086=CARTESIAN_POINT('',(474.628810908102,-357.899326726181,9.49863444270051));
#2087=CARTESIAN_POINT('',(474.520751389692,-357.897135325586,9.56778505572271));
#2088=CARTESIAN_POINT('',(474.402245473788,-357.894732076538,9.61346251292014));
#2089=CARTESIAN_POINT('',(474.369168003879,-357.894061279663,9.62621204280206));
#2090=CARTESIAN_POINT('',(474.335398053669,-357.893376439585,9.63708581238672));
#2091=CARTESIAN_POINT('',(474.301096440961,-357.89268081762,9.64603203907745));
#2092=CARTESIAN_POINT('',(474.228267781077,-357.891203883695,9.66502653086587));
#2093=CARTESIAN_POINT('',(474.153427393684,-357.8896861528,9.67523153728044));
#2094=CARTESIAN_POINT('',(474.078173009742,-357.888160026234,9.67642919661231));
#2095=CARTESIAN_POINT('',(474.007418866327,-357.886725162611,9.67755523546468));
#2096=CARTESIAN_POINT('',(473.936762834468,-357.885292288649,9.67071159389828));
#2097=CARTESIAN_POINT('',(473.867539405445,-357.883888467256,9.65602752881793));
#2098=CARTESIAN_POINT('',(473.827406983631,-357.883074598988,9.64751441263643));
#2099=CARTESIAN_POINT('',(473.787872794204,-357.882272862616,9.63639076741718));
#2100=CARTESIAN_POINT('',(473.749188861723,-357.88148836909,9.62272750473847));
#2101=CARTESIAN_POINT('',(473.634739980853,-357.879167394969,9.58230387088594));
#2102=CARTESIAN_POINT('',(473.52917003714,-357.877026481878,9.52016019824945));
#2103=CARTESIAN_POINT('',(473.438274324902,-357.875183155895,9.43970788272604));
#2104=CARTESIAN_POINT('',(473.36059150264,-357.873607781643,9.37095037179981));
#2105=CARTESIAN_POINT('',(473.294783928013,-357.87227323231,9.2898434305584));
#2106=CARTESIAN_POINT('',(473.243503286706,-357.871233282942,9.1996552255655));
#2107=CARTESIAN_POINT('',(473.227305294284,-357.870904794616,9.17116751902056));
#2108=CARTESIAN_POINT('',(473.212602842668,-357.870606635216,9.14185472785331));
#2109=CARTESIAN_POINT('',(473.199455764012,-357.87034001811,9.11183614152074));
#2110=CARTESIAN_POINT('',(473.15011388271,-357.869339385962,8.999174343224));
#2111=CARTESIAN_POINT('',(473.123280548284,-357.868795217471,8.87794709131003));
#2112=CARTESIAN_POINT('',(473.120467061645,-357.868738161171,8.75498211927274));
#2113=CARTESIAN_POINT('',(473.117655678657,-357.868681147532,8.63210908844084));
#2114=CARTESIAN_POINT('',(473.138882473271,-357.869111617805,8.50987106063299));
#2115=CARTESIAN_POINT('',(473.182953668459,-357.870005362704,8.39514259944989));
#2116=CARTESIAN_POINT('',(473.194437139285,-357.870238242558,8.36524822215237));
#2117=CARTESIAN_POINT('',(473.207435462295,-357.870501842962,8.33595825604643));
#2118=CARTESIAN_POINT('',(473.221898122676,-357.8707951395,8.30738652944352));
#2119=CARTESIAN_POINT('',(473.269057331196,-357.871751507982,8.21422109672667));
#2120=CARTESIAN_POINT('',(473.331358244171,-357.873014943724,8.12953593572265));
#2121=CARTESIAN_POINT('',(473.406258269343,-357.874533884047,8.05678717290339));
#2122=CARTESIAN_POINT('',(473.493167329107,-357.876296362431,7.9723742963914));
#2123=CARTESIAN_POINT('',(473.595524654884,-357.878372125011,7.90550242471139));
#2124=CARTESIAN_POINT('',(473.707732337948,-357.880647648603,7.85982877175842));
#2125=CARTESIAN_POINT('',(473.745945927294,-357.881422603773,7.84427409519591));
#2126=CARTESIAN_POINT('',(473.78513895638,-357.88221742156,7.83124463204891));
#2127=CARTESIAN_POINT('',(473.825058750286,-357.883026977825,7.82082438242218));
#2128=CARTESIAN_POINT('',(473.893585324038,-357.884416667292,7.80293691521161));
#2129=CARTESIAN_POINT('',(473.963908539352,-357.885842791878,7.79282808295601));
#2130=CARTESIAN_POINT('',(474.034698001912,-357.887278371758,7.79068912738));
#2131=CARTESIAN_POINT('',(474.109998195869,-357.888805427332,7.78841387674363));
#2132=CARTESIAN_POINT('',(474.185299681115,-357.890332509093,7.79517242623376));
#2133=CARTESIAN_POINT('',(474.258991885567,-357.89182695533,7.81082022184709));
#2134=CARTESIAN_POINT('',(474.29388076902,-357.892534486894,7.81822852400742));
#2135=CARTESIAN_POINT('',(474.328321319092,-357.893232926449,7.82761073539946));
#2136=CARTESIAN_POINT('',(474.36214750574,-357.893918906977,7.83892162651996));
#2137=CARTESIAN_POINT('',(474.482389139347,-357.896357355634,7.87912834683486));
#2138=CARTESIAN_POINT('',(474.593289586334,-357.898606369041,7.94317509271423));
#2139=CARTESIAN_POINT('',(474.688217402115,-357.900531464351,8.02723210099893));
#2140=CARTESIAN_POINT('',(477.488767897378,-357.957325424886,7.95885389737892));
#2141=CARTESIAN_POINT('',(477.533505077212,-357.958232675668,7.99839291285879));
#2142=CARTESIAN_POINT('',(477.5744052298,-357.959062113186,8.04207328474084));
#2143=CARTESIAN_POINT('',(477.610922565771,-357.959802669066,8.08931212320219));
#2144=CARTESIAN_POINT('',(477.658201023585,-357.960761455873,8.1504715526063));
#2145=CARTESIAN_POINT('',(477.697818280161,-357.961564876812,8.21718851054357));
#2146=CARTESIAN_POINT('',(477.728890830878,-357.962195014787,8.28797514182697));
#2147=CARTESIAN_POINT('',(477.77862133244,-357.963203527987,8.40126660314373));
#2148=CARTESIAN_POINT('',(477.805685783117,-357.963752383416,8.52320342325507));
#2149=CARTESIAN_POINT('',(477.808555901022,-357.963810588174,8.64690004457982));
#2150=CARTESIAN_POINT('',(477.811428149716,-357.963868836143,8.77068849884759));
#2151=CARTESIAN_POINT('',(477.790014458117,-357.96343457568,8.89383980989346));
#2152=CARTESIAN_POINT('',(477.745525781931,-357.962532364445,9.00938970526964));
#2153=CARTESIAN_POINT('',(477.717492169336,-357.961963854829,9.08220106492455));
#2154=CARTESIAN_POINT('',(477.680574260673,-357.961215175507,9.1512703032618));
#2155=CARTESIAN_POINT('',(477.635610544562,-357.960303330667,9.21502870275244));
#2156=CARTESIAN_POINT('',(477.601564981,-357.959612901268,9.26330519834171));
#2157=CARTESIAN_POINT('',(477.563079865029,-357.958832439655,9.30829110441974));
#2158=CARTESIAN_POINT('',(477.520657949483,-357.957972141438,9.34939874465648));
#2159=CARTESIAN_POINT('',(477.425746874784,-357.95604738563,9.44136937500283));
#2160=CARTESIAN_POINT('',(477.312647327215,-357.953753775409,9.5124609917676));
#2161=CARTESIAN_POINT('',(477.188628166693,-357.95123872013,9.55810456691654));
#2162=CARTESIAN_POINT('',(477.161388850921,-357.950686318512,9.56812962877999));
#2163=CARTESIAN_POINT('',(477.133703286063,-357.950124867154,9.57689725470141));
#2164=CARTESIAN_POINT('',(477.105659089857,-357.949556142907,9.58437969738607));
#2165=CARTESIAN_POINT('',(477.030977580221,-357.948041633985,9.60430539293233));
#2166=CARTESIAN_POINT('',(476.954138643032,-357.946483373359,9.61501436030449));
#2167=CARTESIAN_POINT('',(476.876855866192,-357.944916111857,9.6162677784362));
#2168=CARTESIAN_POINT('',(476.803902458086,-357.943436648091,9.61745098028566));
#2169=CARTESIAN_POINT('',(476.731056623312,-357.941959365867,9.6102001726579));
#2170=CARTESIAN_POINT('',(476.659767157806,-357.940513646142,9.59465956339463));
#2171=CARTESIAN_POINT('',(476.62498341587,-357.939808246804,9.58707694879215));
#2172=CARTESIAN_POINT('',(476.590654674909,-357.939112074689,9.57753918808956));
#2173=CARTESIAN_POINT('',(476.556944300869,-357.938428442791,9.56609167023102));
#2174=CARTESIAN_POINT('',(476.438098233871,-357.936018295625,9.52573339735048));
#2175=CARTESIAN_POINT('',(476.328455023889,-357.933794778444,9.46215608158893));
#2176=CARTESIAN_POINT('',(476.23438445428,-357.931887067719,9.37905328251783));
#2177=CARTESIAN_POINT('',(476.164781326249,-357.930475546193,9.3175652444682));
#2178=CARTESIAN_POINT('',(476.10459576375,-357.92925500885,9.24617482190359));
#2179=CARTESIAN_POINT('',(476.055758876751,-357.928264617769,9.16717264318902));
#2180=CARTESIAN_POINT('',(476.032487111163,-357.927792676364,9.12952650526029));
#2181=CARTESIAN_POINT('',(476.011881241811,-357.927374798188,9.09029565992641));
#2182=CARTESIAN_POINT('',(475.994092650768,-357.927014053206,9.04976831859985));
#2183=CARTESIAN_POINT('',(475.944328324874,-357.926004854063,8.9363913897263));
#2184=CARTESIAN_POINT('',(475.917264311995,-357.925456007512,8.81435771340498));
#2185=CARTESIAN_POINT('',(475.91443109652,-357.92539855112,8.69056835924129));
#2186=CARTESIAN_POINT('',(475.911599982877,-357.925341137352,8.56687083869059));
#2187=CARTESIAN_POINT('',(475.933018573564,-357.925775497167,8.44381626081163));
#2188=CARTESIAN_POINT('',(475.977477398469,-357.92667710303,8.32835330101004));
#2189=CARTESIAN_POINT('',(475.993106588058,-357.926994056278,8.28776310337879));
#2190=CARTESIAN_POINT('',(476.011511654583,-357.927367303118,8.24829750946043));
#2191=CARTESIAN_POINT('',(476.032562004167,-357.927794195162,8.21023654893743));
#2192=CARTESIAN_POINT('',(476.077846674795,-357.928712548821,8.12835771579746));
#2193=CARTESIAN_POINT('',(476.135007717018,-357.929871750193,8.05363984136175));
#2194=CARTESIAN_POINT('',(476.20218408211,-357.931234058009,7.98851558954932));
#2195=CARTESIAN_POINT('',(476.292140202523,-357.933058329473,7.90130746166382));
#2196=CARTESIAN_POINT('',(476.398496883653,-357.935215197261,7.83281163572722));
#2197=CARTESIAN_POINT('',(476.515097691367,-357.937579811533,7.78699297822636));
#2198=CARTESIAN_POINT('',(476.548449065501,-357.938256163068,7.77388744989801));
#2199=CARTESIAN_POINT('',(476.582517013822,-357.93894704642,7.76268517990085));
#2200=CARTESIAN_POINT('',(476.617137289171,-357.939649130726,7.75344017621425));
#2201=CARTESIAN_POINT('',(476.687691345092,-357.94107993666,7.73459941020264));
#2202=CARTESIAN_POINT('',(476.760186876154,-357.942550114876,7.72398159122275));
#2203=CARTESIAN_POINT('',(476.833179604064,-357.94403037603,7.72179825073377));
#2204=CARTESIAN_POINT('',(476.910512366854,-357.945598651226,7.71948509219104));
#2205=CARTESIAN_POINT('',(476.987837221333,-357.947166766046,7.72665613519421));
#2206=CARTESIAN_POINT('',(477.063426446527,-357.948699683049,7.74315115232992));
#2207=CARTESIAN_POINT('',(477.091994636969,-357.949279033674,7.7493852788166));
#2208=CARTESIAN_POINT('',(477.120258927605,-357.949852221342,7.75693903079118));
#2209=CARTESIAN_POINT('',(477.148128538249,-357.950417405069,7.7657881468629));
#2210=CARTESIAN_POINT('',(477.273877603985,-357.952967542083,7.80571579755053));
#2211=CARTESIAN_POINT('',(477.3899017467,-357.955320461837,7.8714753393973));
#2212=CARTESIAN_POINT('',(477.488767897378,-357.957325424886,7.95885389737892));
#2213=CARTESIAN_POINT('',(480.210678731642,-358.012524606891,7.90178008135212));
#2214=CARTESIAN_POINT('',(480.265887925004,-358.013644225607,7.95104552976584));
#2215=CARTESIAN_POINT('',(480.31511353636,-358.014642499851,8.00663361129368));
#2216=CARTESIAN_POINT('',(480.357341513683,-358.015498865084,8.06739920645181));
#2217=CARTESIAN_POINT('',(480.392592475566,-358.016213739442,8.11812495308871));
#2218=CARTESIAN_POINT('',(480.422779877404,-358.016825926979,8.17218930260564));
#2219=CARTESIAN_POINT('',(480.447469467277,-358.017326621251,8.22881452832761));
#2220=CARTESIAN_POINT('',(480.49642030549,-358.018319323214,8.34108258451575));
#2221=CARTESIAN_POINT('',(480.523059372268,-358.01885955204,8.46180594754686));
#2222=CARTESIAN_POINT('',(480.525901188828,-358.018917182859,8.58425270012341));
#2223=CARTESIAN_POINT('',(480.528745140716,-358.018974856981,8.70679145859398));
#2224=CARTESIAN_POINT('',(480.50770165164,-358.018548104066,8.82871132017892));
#2225=CARTESIAN_POINT('',(480.463945904512,-358.017660756318,8.94320361652867));
#2226=CARTESIAN_POINT('',(480.441638139125,-358.017208364422,9.00157462955646));
#2227=CARTESIAN_POINT('',(480.413590480648,-358.016639569961,9.05758579383297));
#2228=CARTESIAN_POINT('',(480.380215739861,-358.015962744561,9.11041272637364));
#2229=CARTESIAN_POINT('',(480.341031689441,-358.015168108857,9.17243487664086));
#2230=CARTESIAN_POINT('',(480.29475197965,-358.014229576231,9.22967642520987));
#2231=CARTESIAN_POINT('',(480.242313787943,-358.013166152238,9.28097821423275));
#2232=CARTESIAN_POINT('',(480.149935292876,-358.011292756057,9.37135474915683));
#2233=CARTESIAN_POINT('',(480.039984978848,-358.009063010938,9.44179368550967));
#2234=CARTESIAN_POINT('',(479.919276052685,-358.006615085789,9.48793018771709));
#2235=CARTESIAN_POINT('',(479.88998364213,-358.006021048291,9.49912612332196));
#2236=CARTESIAN_POINT('',(479.860151545024,-358.005416066182,9.50885486096968));
#2237=CARTESIAN_POINT('',(479.829890771765,-358.004802390704,9.51708019834397));
#2238=CARTESIAN_POINT('',(479.754084847617,-358.003265079139,9.53768539886989));
#2239=CARTESIAN_POINT('',(479.676003410406,-358.001681621147,9.54874350060238));
#2240=CARTESIAN_POINT('',(479.59745810545,-358.000088756117,9.54999793349144));
#2241=CARTESIAN_POINT('',(479.523382947877,-357.998586543755,9.55118097446345));
#2242=CARTESIAN_POINT('',(479.449426157684,-357.997086731832,9.54363597321888));
#2243=CARTESIAN_POINT('',(479.377115229656,-357.995620297286,9.52751876331963));
#2244=CARTESIAN_POINT('',(479.34170179194,-357.994902127988,9.5196255468378));
#2245=CARTESIAN_POINT('',(479.306772895279,-357.994193784974,9.50969632945403));
#2246=CARTESIAN_POINT('',(479.272502477349,-357.993498795626,9.49778055633114));
#2247=CARTESIAN_POINT('',(479.155139662446,-357.991118728175,9.45697368090048));
#2248=CARTESIAN_POINT('',(479.046988235044,-357.988925463704,9.39338862330643));
#2249=CARTESIAN_POINT('',(478.954253992755,-357.987044853122,9.31067393454925));
#2250=CARTESIAN_POINT('',(478.885532186826,-357.98565120443,9.24937723714961));
#2251=CARTESIAN_POINT('',(478.826148800188,-357.984446934869,9.17835143689604));
#2252=CARTESIAN_POINT('',(478.777991386627,-357.983470323217,9.0998541520536));
#2253=CARTESIAN_POINT('',(478.755084574,-357.983005782901,9.06251571415573));
#2254=CARTESIAN_POINT('',(478.734804225782,-357.982594506154,9.02362764168795));
#2255=CARTESIAN_POINT('',(478.717297400033,-357.982239475252,8.98347192214153));
#2256=CARTESIAN_POINT('',(478.668313943947,-357.981246111812,8.87111769224603));
#2257=CARTESIAN_POINT('',(478.641676468124,-357.98070591525,8.75029709686519));
#2258=CARTESIAN_POINT('',(478.638872554128,-357.980649053079,8.62775741533511));
#2259=CARTESIAN_POINT('',(478.636070745398,-357.980592233602,8.50530974038994));
#2260=CARTESIAN_POINT('',(478.657120302824,-357.981019109581,8.38348693458199));
#2261=CARTESIAN_POINT('',(478.700847436382,-357.981905877058,8.26908222360223));
#2262=CARTESIAN_POINT('',(478.716223244923,-357.982217691847,8.22885399940493));
#2263=CARTESIAN_POINT('',(478.734333547941,-357.98258496101,8.18972541847174));
#2264=CARTESIAN_POINT('',(478.755051410901,-357.983005110367,8.15197073177315));
#2265=CARTESIAN_POINT('',(478.799674122663,-357.983910039786,8.07065363331274));
#2266=CARTESIAN_POINT('',(478.85603656246,-357.985053045844,7.99635918442838));
#2267=CARTESIAN_POINT('',(478.922321591045,-357.986397277738,7.93148265685201));
#2268=CARTESIAN_POINT('',(479.010964561588,-357.988194919087,7.84472327474621));
#2269=CARTESIAN_POINT('',(479.11583518147,-357.990321650192,7.7762898431971));
#2270=CARTESIAN_POINT('',(479.230937653661,-357.992655878863,7.73009492576314));
#2271=CARTESIAN_POINT('',(479.264819506772,-357.993342988284,7.71649687372138));
#2272=CARTESIAN_POINT('',(479.299461675136,-357.994045516571,7.70487665867394));
#2273=CARTESIAN_POINT('',(479.334689500441,-357.99475992173,7.69529286722858));
#2274=CARTESIAN_POINT('',(479.406238216466,-357.996210898943,7.67582791398151));
#2275=CARTESIAN_POINT('',(479.479831088532,-357.997703330763,7.66486439020308));
#2276=CARTESIAN_POINT('',(479.553945547578,-357.999206340142,7.66262912115007));
#2277=CARTESIAN_POINT('',(479.632540683388,-358.000800215721,7.66025871627824));
#2278=CARTESIAN_POINT('',(479.71112392335,-358.002393850057,7.66772183946626));
#2279=CARTESIAN_POINT('',(479.787868498166,-358.003950197054,7.68484500073976));
#2280=CARTESIAN_POINT('',(479.818682609959,-358.004575094,7.69172020992543));
#2281=CARTESIAN_POINT('',(479.849132387906,-358.005192602411,7.70013762735467));
#2282=CARTESIAN_POINT('',(479.879102979276,-358.005800393124,7.71006550358775));
#2283=CARTESIAN_POINT('',(480.001566841708,-358.008283907627,7.75063213953574));
#2284=CARTESIAN_POINT('',(480.11441537277,-358.010572427341,7.81588030177183));
#2285=CARTESIAN_POINT('',(480.210678731642,-358.012524606891,7.90178008135212));
#2286=CARTESIAN_POINT('',(469.05240802915,-357.7862396722,5.41754569065441));
#2287=CARTESIAN_POINT('',(716.414006606396,-362.802626590169,5.41754569065442));
#2288=CARTESIAN_POINT('',(469.05238515988,-357.786239208421,12.9743363647081));
#2289=CARTESIAN_POINT('',(469.05238515988,-354.556088727611,12.9743363647081));
#2290=CARTESIAN_POINT('',(716.414006606396,-362.802626590169,5.41754569065442));
#2291=CARTESIAN_POINT('',(716.55237746791,-362.805264406001,5.41754569065442));
#2292=CARTESIAN_POINT('',(716.55237746791,-362.805264406001,5.41754569065442));
#2293=CARTESIAN_POINT('',(716.55237746791,-362.805432691777,7.26831978277205));
#2294=CARTESIAN_POINT('',(444.241275860393,-378.392947225131,13.547029280432));
#2295=CARTESIAN_POINT('',(469.053552041035,-367.841524479526,13.7920157104071));
#2296=CARTESIAN_POINT('',(444.24133895559,-368.206691061897,4.09986553314053));
#2297=CARTESIAN_POINT('',(741.793399186252,-378.0291580373,13.7926359243239));
#2298=CARTESIAN_POINT('',(473.95381435186,-371.923977125579,7.85990106722511));
#2299=CARTESIAN_POINT('',(473.95381435186,-371.923977125579,7.85990106722511));
#2300=CARTESIAN_POINT('',(473.95381435186,-371.923977125579,7.85990106722511));
#2301=CARTESIAN_POINT('',(473.95381435186,-371.923977125579,7.85990106722511));
#2302=CARTESIAN_POINT('',(473.95381435186,-371.923977125579,7.85990106722511));
#2303=CARTESIAN_POINT('',(473.95381435186,-371.923977125579,7.85990106722511));
#2304=CARTESIAN_POINT('',(473.95381435186,-371.923977125579,7.85990106722511));
#2305=CARTESIAN_POINT('',(473.95381435186,-371.923977125579,7.85990106722511));
#2306=CARTESIAN_POINT('',(473.95381435186,-371.923977125579,7.85990106722511));
#2307=CARTESIAN_POINT('',(474.95354809084,-371.923977125579,7.83682616392354));
#2308=CARTESIAN_POINT('',(474.95354809084,-370.923977125579,7.83682616392353));
#2309=CARTESIAN_POINT('',(473.95381435186,-370.923977125579,7.85990106722498));
#2310=CARTESIAN_POINT('',(472.95408061289,-370.923977125579,7.88297597052642));
#2311=CARTESIAN_POINT('',(472.95408061289,-371.923977125579,7.88297597052642));
#2312=CARTESIAN_POINT('',(472.95408061289,-372.923977125579,7.88297597052642));
#2313=CARTESIAN_POINT('',(473.95381435186,-372.923977125579,7.85990106722498));
#2314=CARTESIAN_POINT('',(474.95354809084,-372.923977125579,7.83682616392353));
#2315=CARTESIAN_POINT('',(474.95354809084,-371.923977125579,7.83682616392354));
#2316=CARTESIAN_POINT('',(474.97662299414,-371.923977125579,8.83655990289488));
#2317=CARTESIAN_POINT('',(474.97662299414,-370.923977125579,8.83655990289487));
#2318=CARTESIAN_POINT('',(473.97688925517,-370.923977125579,8.85963480619633));
#2319=CARTESIAN_POINT('',(472.97715551619,-370.923977125579,8.88270970949777));
#2320=CARTESIAN_POINT('',(472.97715551619,-371.923977125579,8.88270970949777));
#2321=CARTESIAN_POINT('',(472.97715551619,-372.923977125579,8.88270970949777));
#2322=CARTESIAN_POINT('',(473.97688925517,-372.923977125579,8.85963480619633));
#2323=CARTESIAN_POINT('',(474.97662299414,-372.923977125579,8.83655990289487));
#2324=CARTESIAN_POINT('',(474.97662299414,-371.923977125579,8.83655990289488));
#2325=CARTESIAN_POINT('',(474.99969789744,-371.923977125579,9.83629364186622));
#2326=CARTESIAN_POINT('',(474.99969789744,-370.923977125579,9.83629364186622));
#2327=CARTESIAN_POINT('',(473.99996415847,-370.923977125579,9.85936854516767));
#2328=CARTESIAN_POINT('',(473.0002304195,-370.923977125579,9.88244344846913));
#2329=CARTESIAN_POINT('',(473.0002304195,-371.923977125579,9.88244344846913));
#2330=CARTESIAN_POINT('',(473.0002304195,-372.923977125579,9.88244344846913));
#2331=CARTESIAN_POINT('',(473.99996415847,-372.923977125579,9.85936854516767));
#2332=CARTESIAN_POINT('',(474.99969789744,-372.923977125579,9.83629364186622));
#2333=CARTESIAN_POINT('',(474.99969789744,-371.923977125579,9.83629364186622));
#2334=CARTESIAN_POINT('',(473.99996415847,-371.923977125579,9.85936854516781));
#2335=CARTESIAN_POINT('',(473.99996415847,-371.923977125579,9.85936854516781));
#2336=CARTESIAN_POINT('',(473.99996415847,-371.923977125579,9.85936854516781));
#2337=CARTESIAN_POINT('',(473.99996415847,-371.923977125579,9.85936854516781));
#2338=CARTESIAN_POINT('',(473.99996415847,-371.923977125579,9.85936854516781));
#2339=CARTESIAN_POINT('',(473.99996415847,-371.923977125579,9.85936854516781));
#2340=CARTESIAN_POINT('',(473.99996415847,-371.923977125579,9.85936854516781));
#2341=CARTESIAN_POINT('',(473.99996415847,-371.923977125579,9.85936854516781));
#2342=CARTESIAN_POINT('',(473.99996415847,-371.923977125579,9.85936854516781));
#2343=CARTESIAN_POINT('',(477.95274930775,-372.,7.76760145401879));
#2344=CARTESIAN_POINT('',(477.95274930775,-372.,7.76760145401879));
#2345=CARTESIAN_POINT('',(477.95274930775,-372.,7.76760145401879));
#2346=CARTESIAN_POINT('',(477.95274930775,-372.,7.76760145401879));
#2347=CARTESIAN_POINT('',(477.95274930775,-372.,7.76760145401879));
#2348=CARTESIAN_POINT('',(477.95274930775,-372.,7.76760145401879));
#2349=CARTESIAN_POINT('',(477.95274930775,-372.,7.76760145401879));
#2350=CARTESIAN_POINT('',(477.95274930775,-372.,7.76760145401879));
#2351=CARTESIAN_POINT('',(477.95274930775,-372.,7.76760145401879));
#2352=CARTESIAN_POINT('',(478.95248304672,-372.,7.74452655071721));
#2353=CARTESIAN_POINT('',(478.95248304672,-371.,7.74452655071721));
#2354=CARTESIAN_POINT('',(477.95274930775,-371.,7.76760145401865));
#2355=CARTESIAN_POINT('',(476.95301556878,-371.,7.79067635732009));
#2356=CARTESIAN_POINT('',(476.95301556878,-372.,7.79067635732009));
#2357=CARTESIAN_POINT('',(476.95301556878,-373.,7.79067635732009));
#2358=CARTESIAN_POINT('',(477.95274930775,-373.,7.76760145401865));
#2359=CARTESIAN_POINT('',(478.95248304672,-373.,7.74452655071721));
#2360=CARTESIAN_POINT('',(478.95248304672,-372.,7.74452655071721));
#2361=CARTESIAN_POINT('',(478.97555795002,-372.,8.74426028968855));
#2362=CARTESIAN_POINT('',(478.97555795002,-371.,8.74426028968856));
#2363=CARTESIAN_POINT('',(477.97582421105,-371.,8.76733519299));
#2364=CARTESIAN_POINT('',(476.97609047208,-371.,8.79041009629146));
#2365=CARTESIAN_POINT('',(476.97609047208,-372.,8.79041009629145));
#2366=CARTESIAN_POINT('',(476.97609047208,-373.,8.79041009629146));
#2367=CARTESIAN_POINT('',(477.97582421105,-373.,8.76733519299));
#2368=CARTESIAN_POINT('',(478.97555795002,-373.,8.74426028968856));
#2369=CARTESIAN_POINT('',(478.97555795002,-372.,8.74426028968855));
#2370=CARTESIAN_POINT('',(478.99863285332,-372.,9.74399402865991));
#2371=CARTESIAN_POINT('',(478.99863285332,-371.,9.7439940286599));
#2372=CARTESIAN_POINT('',(477.99889911435,-371.,9.76706893196136));
#2373=CARTESIAN_POINT('',(476.99916537538,-371.,9.79014383526281));
#2374=CARTESIAN_POINT('',(476.99916537538,-372.,9.79014383526282));
#2375=CARTESIAN_POINT('',(476.99916537538,-373.,9.79014383526281));
#2376=CARTESIAN_POINT('',(477.99889911435,-373.,9.76706893196136));
#2377=CARTESIAN_POINT('',(478.99863285332,-373.,9.7439940286599));
#2378=CARTESIAN_POINT('',(478.99863285332,-372.,9.74399402865991));
#2379=CARTESIAN_POINT('',(477.99889911435,-372.,9.76706893196149));
#2380=CARTESIAN_POINT('',(477.99889911435,-372.,9.76706893196149));
#2381=CARTESIAN_POINT('',(477.99889911435,-372.,9.76706893196149));
#2382=CARTESIAN_POINT('',(477.99889911435,-372.,9.76706893196149));
#2383=CARTESIAN_POINT('',(477.99889911435,-372.,9.76706893196149));
#2384=CARTESIAN_POINT('',(477.99889911435,-372.,9.76706893196149));
#2385=CARTESIAN_POINT('',(477.99889911435,-372.,9.76706893196149));
#2386=CARTESIAN_POINT('',(477.99889911435,-372.,9.76706893196149));
#2387=CARTESIAN_POINT('',(477.99889911435,-372.,9.76706893196149));
#2388=CARTESIAN_POINT('',(481.95168426364,-372.087725506952,7.67530184081248));
#2389=CARTESIAN_POINT('',(481.95168426364,-372.087725506951,7.67530184081247));
#2390=CARTESIAN_POINT('',(481.95168426364,-372.087725506952,7.67530184081248));
#2391=CARTESIAN_POINT('',(481.95168426364,-372.087725506951,7.67530184081247));
#2392=CARTESIAN_POINT('',(481.95168426364,-372.087725506952,7.67530184081248));
#2393=CARTESIAN_POINT('',(481.95168426364,-372.087725506951,7.67530184081247));
#2394=CARTESIAN_POINT('',(481.95168426364,-372.087725506952,7.67530184081248));
#2395=CARTESIAN_POINT('',(481.95168426364,-372.087725506951,7.67530184081247));
#2396=CARTESIAN_POINT('',(481.95168426364,-372.087725506952,7.67530184081248));
#2397=CARTESIAN_POINT('',(482.95141800261,-372.087725506951,7.65222693751091));
#2398=CARTESIAN_POINT('',(482.95141800261,-371.087725506952,7.6522269375109));
#2399=CARTESIAN_POINT('',(481.95168426364,-371.087725506952,7.67530184081235));
#2400=CARTESIAN_POINT('',(480.95195052466,-371.087725506952,7.6983767441138));
#2401=CARTESIAN_POINT('',(480.95195052466,-372.087725506951,7.6983767441138));
#2402=CARTESIAN_POINT('',(480.95195052466,-373.087725506951,7.6983767441138));
#2403=CARTESIAN_POINT('',(481.95168426364,-373.087725506951,7.67530184081235));
#2404=CARTESIAN_POINT('',(482.95141800261,-373.087725506951,7.6522269375109));
#2405=CARTESIAN_POINT('',(482.95141800261,-372.087725506951,7.65222693751091));
#2406=CARTESIAN_POINT('',(482.97449290591,-372.087725506952,8.65196067648225));
#2407=CARTESIAN_POINT('',(482.97449290591,-371.087725506951,8.65196067648225));
#2408=CARTESIAN_POINT('',(481.97475916694,-371.087725506951,8.6750355797837));
#2409=CARTESIAN_POINT('',(480.97502542797,-371.087725506951,8.69811048308515));
#2410=CARTESIAN_POINT('',(480.97502542797,-372.087725506952,8.69811048308515));
#2411=CARTESIAN_POINT('',(480.97502542797,-373.087725506951,8.69811048308515));
#2412=CARTESIAN_POINT('',(481.97475916694,-373.087725506952,8.6750355797837));
#2413=CARTESIAN_POINT('',(482.97449290591,-373.087725506951,8.65196067648225));
#2414=CARTESIAN_POINT('',(482.97449290591,-372.087725506952,8.65196067648225));
#2415=CARTESIAN_POINT('',(482.99756780921,-372.087725506951,9.65169441545358));
#2416=CARTESIAN_POINT('',(482.99756780921,-371.087725506951,9.65169441545359));
#2417=CARTESIAN_POINT('',(481.99783407024,-371.087725506951,9.67476931875504));
#2418=CARTESIAN_POINT('',(480.99810033127,-371.087725506951,9.69784422205649));
#2419=CARTESIAN_POINT('',(480.99810033127,-372.087725506951,9.69784422205649));
#2420=CARTESIAN_POINT('',(480.99810033127,-373.087725506952,9.69784422205649));
#2421=CARTESIAN_POINT('',(481.99783407024,-373.087725506952,9.67476931875504));
#2422=CARTESIAN_POINT('',(482.99756780921,-373.087725506952,9.65169441545359));
#2423=CARTESIAN_POINT('',(482.99756780921,-372.087725506951,9.65169441545358));
#2424=CARTESIAN_POINT('',(481.99783407024,-372.087725506952,9.67476931875518));
#2425=CARTESIAN_POINT('',(481.99783407024,-372.087725506951,9.67476931875517));
#2426=CARTESIAN_POINT('',(481.99783407024,-372.087725506952,9.67476931875518));
#2427=CARTESIAN_POINT('',(481.99783407024,-372.087725506951,9.67476931875517));
#2428=CARTESIAN_POINT('',(481.99783407024,-372.087725506952,9.67476931875518));
#2429=CARTESIAN_POINT('',(481.99783407024,-372.087725506951,9.67476931875517));
#2430=CARTESIAN_POINT('',(481.99783407024,-372.087725506952,9.67476931875518));
#2431=CARTESIAN_POINT('',(481.99783407024,-372.087725506951,9.67476931875517));
#2432=CARTESIAN_POINT('',(481.99783407024,-372.087725506952,9.67476931875518));
#2433=CARTESIAN_POINT('',(485.95061921952,-372.18245489861,7.58300222760617));
#2434=CARTESIAN_POINT('',(485.95061921952,-372.18245489861,7.58300222760617));
#2435=CARTESIAN_POINT('',(485.95061921952,-372.18245489861,7.58300222760617));
#2436=CARTESIAN_POINT('',(485.95061921952,-372.18245489861,7.58300222760617));
#2437=CARTESIAN_POINT('',(485.95061921952,-372.18245489861,7.58300222760617));
#2438=CARTESIAN_POINT('',(485.95061921952,-372.18245489861,7.58300222760617));
#2439=CARTESIAN_POINT('',(485.95061921952,-372.18245489861,7.58300222760617));
#2440=CARTESIAN_POINT('',(485.95061921952,-372.18245489861,7.58300222760617));
#2441=CARTESIAN_POINT('',(485.95061921952,-372.18245489861,7.58300222760617));
#2442=CARTESIAN_POINT('',(486.95035295849,-372.18245489861,7.5599273243046));
#2443=CARTESIAN_POINT('',(486.95035295849,-371.18245489861,7.5599273243046));
#2444=CARTESIAN_POINT('',(485.95061921952,-371.18245489861,7.58300222760604));
#2445=CARTESIAN_POINT('',(484.95088548055,-371.18245489861,7.60607713090748));
#2446=CARTESIAN_POINT('',(484.95088548055,-372.18245489861,7.60607713090748));
#2447=CARTESIAN_POINT('',(484.95088548055,-373.182454898609,7.60607713090748));
#2448=CARTESIAN_POINT('',(485.95061921952,-373.182454898609,7.58300222760604));
#2449=CARTESIAN_POINT('',(486.95035295849,-373.182454898609,7.5599273243046));
#2450=CARTESIAN_POINT('',(486.95035295849,-372.18245489861,7.5599273243046));
#2451=CARTESIAN_POINT('',(486.97342786179,-372.18245489861,8.55966106327594));
#2452=CARTESIAN_POINT('',(486.97342786179,-371.18245489861,8.55966106327593));
#2453=CARTESIAN_POINT('',(485.97369412282,-371.18245489861,8.58273596657739));
#2454=CARTESIAN_POINT('',(484.97396038385,-371.18245489861,8.60581086987883));
#2455=CARTESIAN_POINT('',(484.97396038385,-372.18245489861,8.60581086987884));
#2456=CARTESIAN_POINT('',(484.97396038385,-373.18245489861,8.60581086987883));
#2457=CARTESIAN_POINT('',(485.97369412282,-373.18245489861,8.58273596657739));
#2458=CARTESIAN_POINT('',(486.97342786179,-373.18245489861,8.55966106327593));
#2459=CARTESIAN_POINT('',(486.97342786179,-372.18245489861,8.55966106327594));
#2460=CARTESIAN_POINT('',(486.99650276509,-372.18245489861,9.55939480224729));
#2461=CARTESIAN_POINT('',(486.99650276509,-371.18245489861,9.55939480224728));
#2462=CARTESIAN_POINT('',(485.99676902612,-371.18245489861,9.58246970554874));
#2463=CARTESIAN_POINT('',(484.99703528715,-371.18245489861,9.60554460885018));
#2464=CARTESIAN_POINT('',(484.99703528715,-372.18245489861,9.60554460885019));
#2465=CARTESIAN_POINT('',(484.99703528715,-373.18245489861,9.60554460885018));
#2466=CARTESIAN_POINT('',(485.99676902612,-373.18245489861,9.58246970554874));
#2467=CARTESIAN_POINT('',(486.99650276509,-373.18245489861,9.55939480224728));
#2468=CARTESIAN_POINT('',(486.99650276509,-372.18245489861,9.55939480224729));
#2469=CARTESIAN_POINT('',(485.99676902612,-372.18245489861,9.58246970554886));
#2470=CARTESIAN_POINT('',(485.99676902612,-372.18245489861,9.58246970554886));
#2471=CARTESIAN_POINT('',(485.99676902612,-372.18245489861,9.58246970554886));
#2472=CARTESIAN_POINT('',(485.99676902612,-372.18245489861,9.58246970554886));
#2473=CARTESIAN_POINT('',(485.99676902612,-372.18245489861,9.58246970554886));
#2474=CARTESIAN_POINT('',(485.99676902612,-372.18245489861,9.58246970554886));
#2475=CARTESIAN_POINT('',(485.99676902612,-372.18245489861,9.58246970554886));
#2476=CARTESIAN_POINT('',(485.99676902612,-372.18245489861,9.58246970554886));
#2477=CARTESIAN_POINT('',(485.99676902612,-372.18245489861,9.58246970554886));
#2478=CARTESIAN_POINT('',(716.55237746791,-318.884132708841,-9.51578488147885));
#2479=CARTESIAN_POINT('',(724.,-320.,5.41754569065441));
#2480=CARTESIAN_POINT('',(469.05353291116,-368.207497533784,12.9743363624864));
#2481=CARTESIAN_POINT('',(469.05353291116,-371.73917479031,12.9743363624864));
#2482=CARTESIAN_POINT('',(474.02453403342,-371.853354017226,7.86327023854463));
#2483=CARTESIAN_POINT('',(478.00760133373,-371.945202775828,7.76934347023038));
#2484=CARTESIAN_POINT('',(482.00213888397,-372.037316174921,7.67668231047506));
#2485=CARTESIAN_POINT('',(486.00353678717,-372.129587837554,7.58458042296712));
#2486=CARTESIAN_POINT('',(716.55237746791,-377.44600344082,7.26180343219266));
#2487=CARTESIAN_POINT('',(716.55237746791,-368.20697896467,7.26180343219276));
#2488=CARTESIAN_POINT('',(469.053356117489,-368.206810851644,5.41754569065441));
#2489=CARTESIAN_POINT('',(469.053356117489,-371.738488108169,5.41754569065441));
#2490=CARTESIAN_POINT('',(716.55237746791,-368.206811377806,5.41754569065441));
#2491=CARTESIAN_POINT('',(716.55237746791,-377.446272714941,5.41754569065441));
#2492=CARTESIAN_POINT('',(469.05353291116,-368.207497533784,12.9743363624864));
#2493=CARTESIAN_POINT('',(469.05353291116,-371.73917479031,12.9743363624864));
#2494=CARTESIAN_POINT('',(469.05353291116,-371.73917479031,12.9743363624864));
#2495=CARTESIAN_POINT('',(716.55237746791,-377.44600344082,7.26180343219266));
#2496=CARTESIAN_POINT('',(469.05353291116,-368.207497533784,12.9743363624864));
#2497=CARTESIAN_POINT('',(469.053356117489,-368.206810851644,5.41754569065441));
#2498=CARTESIAN_POINT('',(474.02453403342,-371.853354017226,7.86327023854463));
#2499=CARTESIAN_POINT('',(474.00099724005,-371.852811115014,7.86218322291384));
#2500=CARTESIAN_POINT('',(473.97742932219,-371.852267570418,7.86193098991933));
#2501=CARTESIAN_POINT('',(473.95387466143,-371.851724407004,7.86251401455));
#2502=CARTESIAN_POINT('',(473.92920321074,-371.85115549075,7.86312468194912));
#2503=CARTESIAN_POINT('',(473.90456292584,-371.850587375975,7.86465127678549));
#2504=CARTESIAN_POINT('',(473.88000470877,-371.850021236294,7.86709064541097));
#2505=CARTESIAN_POINT('',(473.83129941318,-371.848898434893,7.87192854425274));
#2506=CARTESIAN_POINT('',(473.7830163031,-371.847785693321,7.88034679142579));
#2507=CARTESIAN_POINT('',(473.68807752514,-371.845598376637,7.90420745255939));
#2508=CARTESIAN_POINT('',(473.64155069104,-371.844526769757,7.91961748713531));
#2509=CARTESIAN_POINT('',(473.59634370548,-371.843485904173,7.93838226324502));
#2510=CARTESIAN_POINT('',(473.46925997854,-371.840559872367,7.99113290906132));
#2511=CARTESIAN_POINT('',(473.35446516812,-371.837919571516,8.06961973089099));
#2512=CARTESIAN_POINT('',(473.25918096116,-371.83573110169,8.16890516010666));
#2513=CARTESIAN_POINT('',(473.16447038741,-371.833555806964,8.26759286782314));
#2514=CARTESIAN_POINT('',(473.09106731353,-371.831873569457,8.38471322213459));
#2515=CARTESIAN_POINT('',(473.04353520798,-371.83078897386,8.51298485164594));
#2516=CARTESIAN_POINT('',(472.99973953697,-371.829789636856,8.63117322184864));
#2517=CARTESIAN_POINT('',(472.9787362132,-371.829316588794,8.75659385357059));
#2518=CARTESIAN_POINT('',(472.98163727199,-371.829394875528,8.88260626587342));
#2519=CARTESIAN_POINT('',(472.98453827838,-371.829473160848,9.00861640212885));
#2520=CARTESIAN_POINT('',(473.01129023122,-371.830101342345,9.13293471232416));
#2521=CARTESIAN_POINT('',(473.06047678039,-371.831246161701,9.2489793122669));
#2522=CARTESIAN_POINT('',(473.11385664582,-371.8324885807,9.37491709881195));
#2523=CARTESIAN_POINT('',(473.1925632024,-371.834313968582,9.48852624431737));
#2524=CARTESIAN_POINT('',(473.29170398333,-371.836608857677,9.58274470726046));
#2525=CARTESIAN_POINT('',(473.39142345205,-371.838917142111,9.67751312627135));
#2526=CARTESIAN_POINT('',(473.50966595838,-371.841650646988,9.75062026944651));
#2527=CARTESIAN_POINT('',(473.63899719492,-371.844637507587,9.79746964274365));
#2528=CARTESIAN_POINT('',(473.68525974399,-371.845705925308,9.81422794096055));
#2529=CARTESIAN_POINT('',(473.73269887138,-371.846801165749,9.82753827928254));
#2530=CARTESIAN_POINT('',(473.82915278986,-371.849027341872,9.84704488932329));
#2531=CARTESIAN_POINT('',(473.87803530576,-371.850155224616,9.85321441002631));
#2532=CARTESIAN_POINT('',(473.92717280378,-371.851288659452,9.85574958941882));
#2533=CARTESIAN_POINT('',(473.95139578504,-371.851847401184,9.85699933971878));
#2534=CARTESIAN_POINT('',(473.97565628999,-371.852406928393,9.85736463614063));
#2535=CARTESIAN_POINT('',(473.99990590662,-371.852966124537,9.85684474973233));
#2536=CARTESIAN_POINT('',(474.02305775646,-371.853500006181,9.85634839829541));
#2537=CARTESIAN_POINT('',(474.04618529686,-371.854033254345,9.85504550185324));
#2538=CARTESIAN_POINT('',(474.06924645791,-371.854564899033,9.85293843042544));
#2539=CARTESIAN_POINT('',(474.11933652111,-371.855719659452,9.8483617596883));
#2540=CARTESIAN_POINT('',(474.16900861324,-371.856864438807,9.84000072428334));
#2541=CARTESIAN_POINT('',(474.26666620638,-371.859114430712,9.81585310929411));
#2542=CARTESIAN_POINT('',(474.31451174135,-371.8602164185,9.80010113885857));
#2543=CARTESIAN_POINT('',(474.36096433046,-371.861285962195,9.78080588399469));
#2544=CARTESIAN_POINT('',(474.48799775676,-371.864210832535,9.72803934538213));
#2545=CARTESIAN_POINT('',(474.60274353837,-371.866850002874,9.64955458814279));
#2546=CARTESIAN_POINT('',(474.69798721883,-371.869037539621,9.55028621515511));
#2547=CARTESIAN_POINT('',(474.79267818521,-371.871212381748,9.45159391217555));
#2548=CARTESIAN_POINT('',(474.8660625921,-371.872894188829,9.33447434771068));
#2549=CARTESIAN_POINT('',(474.91357880209,-371.873978418301,9.20620777391433));
#2550=CARTESIAN_POINT('',(474.95736232196,-371.874977474889,9.08801732726789));
#2551=CARTESIAN_POINT('',(474.97835363006,-371.875450245878,8.96259705252362));
#2552=CARTESIAN_POINT('',(474.9754413667,-371.875371700974,8.83658717609555));
#2553=CARTESIAN_POINT('',(474.97252905073,-371.875293154651,8.71057502362268));
#2554=CARTESIAN_POINT('',(474.94576507855,-371.874664695983,8.58625691118912));
#2555=CARTESIAN_POINT('',(474.89656648691,-371.873519599142,8.47021494611077));
#2556=CARTESIAN_POINT('',(474.84317050973,-371.872276808185,8.34427284260869));
#2557=CARTESIAN_POINT('',(474.76444526962,-371.870450989431,8.23066376935337));
#2558=CARTESIAN_POINT('',(474.66528511406,-371.868155654016,8.13645080141571));
#2559=CARTESIAN_POINT('',(474.56552437553,-371.86584641645,8.04166721412163));
#2560=CARTESIAN_POINT('',(474.44723279737,-371.8631117799,7.96856027062131));
#2561=CARTESIAN_POINT('',(474.31785204651,-371.860123779048,7.9217290939546));
#2562=CARTESIAN_POINT('',(474.27077961661,-371.859036658594,7.90469056800522));
#2563=CARTESIAN_POINT('',(474.2224912987,-371.857921819871,7.89122185726704));
#2564=CARTESIAN_POINT('',(474.12430202408,-371.855655617411,7.87165254221797));
#2565=CARTESIAN_POINT('',(474.07454045998,-371.854507470848,7.86557971912954));
#2566=CARTESIAN_POINT('',(474.02453403342,-371.853354017226,7.86327023854463));
#2567=CARTESIAN_POINT('',(478.00760133373,-371.945202775828,7.76934347023038));
#2568=CARTESIAN_POINT('',(477.98933442129,-371.944781455013,7.76878496589208));
#2569=CARTESIAN_POINT('',(477.97105561884,-371.944359905328,7.76872835848424));
#2570=CARTESIAN_POINT('',(477.95278559711,-371.943938603486,7.76917371202191));
#2571=CARTESIAN_POINT('',(477.93365094973,-371.943497363606,7.76964014183977));
#2572=CARTESIAN_POINT('',(477.91453367165,-371.943056574014,7.77065697862197));
#2573=CARTESIAN_POINT('',(477.89545747545,-371.942616781454,7.77222296110963));
#2574=CARTESIAN_POINT('',(477.84334335671,-371.941415315425,7.77650105704019));
#2575=CARTESIAN_POINT('',(477.79164585669,-371.940223826823,7.7848685167593));
#2576=CARTESIAN_POINT('',(477.69003870801,-371.93788280576,7.80962765546576));
#2577=CARTESIAN_POINT('',(477.64028613419,-371.936736892292,7.82598105921267));
#2578=CARTESIAN_POINT('',(477.59204391091,-371.935626155749,7.84615731147227));
#2579=CARTESIAN_POINT('',(477.46547511184,-371.932712015795,7.89909193687275));
#2580=CARTESIAN_POINT('',(477.35117330852,-371.930083082476,7.97755477902382));
#2581=CARTESIAN_POINT('',(477.25627338385,-371.927903457588,8.07664807449913));
#2582=CARTESIAN_POINT('',(477.16171550043,-371.925731688572,8.17538421485486));
#2583=CARTESIAN_POINT('',(477.08843885539,-371.924052365827,8.29249424832051));
#2584=CARTESIAN_POINT('',(477.04098524984,-371.922969576403,8.42071951181299));
#2585=CARTESIAN_POINT('',(476.9972419344,-371.921971447836,8.5389191318946));
#2586=CARTESIAN_POINT('',(476.97626728926,-371.921499060664,8.66433428659559));
#2587=CARTESIAN_POINT('',(476.97916944891,-371.921577372094,8.79033903027701));
#2588=CARTESIAN_POINT('',(476.98207156808,-371.92165568243,8.91634201648723));
#2589=CARTESIAN_POINT('',(477.0087973487,-371.922283259966,9.04065613396074));
#2590=CARTESIAN_POINT('',(477.05793485043,-371.923426949373,9.15671378713489));
#2591=CARTESIAN_POINT('',(477.1112378327,-371.92466759153,9.28260987081087));
#2592=CARTESIAN_POINT('',(477.18982188255,-371.926490153764,9.39621452409351));
#2593=CARTESIAN_POINT('',(477.28881678985,-371.928781683624,9.4904871511727));
#2594=CARTESIAN_POINT('',(477.38815320517,-371.931081118696,9.58508499557225));
#2595=CARTESIAN_POINT('',(477.50591366857,-371.933803506617,9.65819088798382));
#2596=CARTESIAN_POINT('',(477.63475063824,-371.936778986821,9.70524346218441));
#2597=CARTESIAN_POINT('',(477.6841020887,-371.937918754887,9.72326711479175));
#2598=CARTESIAN_POINT('',(477.73479910109,-371.939089199633,9.7373653407454));
#2599=CARTESIAN_POINT('',(477.8379392101,-371.941469624301,9.75744813524449));
#2600=CARTESIAN_POINT('',(477.89022133908,-371.942675889166,9.7634013611801));
#2601=CARTESIAN_POINT('',(477.94272824861,-371.94388696361,9.76521092894986));
#2602=CARTESIAN_POINT('',(477.96143327871,-371.944318396046,9.76585556829167));
#2603=CARTESIAN_POINT('',(477.98015273561,-371.944750113648,9.76597386326988));
#2604=CARTESIAN_POINT('',(477.99886441757,-371.945181604387,9.76556567358365));
#2605=CARTESIAN_POINT('',(478.01673054335,-371.94559359663,9.76517592945001));
#2606=CARTESIAN_POINT('',(478.03458298506,-371.946005229949,9.76430635173688));
#2607=CARTESIAN_POINT('',(478.05240243885,-371.946416059244,9.76295788071894));
#2608=CARTESIAN_POINT('',(478.07900730637,-371.947029437133,9.76094458147854));
#2609=CARTESIAN_POINT('',(478.10552078105,-371.947640611021,9.75786512322907));
#2610=CARTESIAN_POINT('',(478.15823718648,-371.94885560578,9.74958872743196));
#2611=CARTESIAN_POINT('',(478.184418923,-371.949458938172,9.74439511735851));
#2612=CARTESIAN_POINT('',(478.26226635539,-371.951252560188,9.72568057469988));
#2613=CARTESIAN_POINT('',(478.31308725459,-371.952423086971,9.7090577436369));
#2614=CARTESIAN_POINT('',(478.36233482416,-371.953556969774,9.68845005602094));
#2615=CARTESIAN_POINT('',(478.48886514025,-371.956470221143,9.63550333701419));
#2616=CARTESIAN_POINT('',(478.6031294496,-371.959098289921,9.55704206947912));
#2617=CARTESIAN_POINT('',(478.69799834933,-371.961277200487,9.45796176270994));
#2618=CARTESIAN_POINT('',(478.79254109988,-371.96344862019,9.35922208348434));
#2619=CARTESIAN_POINT('',(478.86580333754,-371.965127610728,9.24211265862705));
#2620=CARTESIAN_POINT('',(478.91324466907,-371.966210117441,9.11389129051339));
#2621=CARTESIAN_POINT('',(478.95697859183,-371.96720802925,8.99569006744575));
#2622=CARTESIAN_POINT('',(478.97794394889,-371.967680202246,8.87027518850162));
#2623=CARTESIAN_POINT('',(478.9750331268,-371.967601691221,8.744272403159));
#2624=CARTESIAN_POINT('',(478.97212226411,-371.967523179101,8.61826786035269));
#2625=CARTESIAN_POINT('',(478.94538719258,-371.966895387312,8.4939538959551));
#2626=CARTESIAN_POINT('',(478.89624038208,-371.965751483412,8.37789827741075));
#2627=CARTESIAN_POINT('',(478.84292495923,-371.96451055405,8.25199886879082));
#2628=CARTESIAN_POINT('',(478.76432648929,-371.962687659266,8.13839427227521));
#2629=CARTESIAN_POINT('',(478.66531662839,-371.96039578493,8.04412587849029));
#2630=CARTESIAN_POINT('',(478.56594862225,-371.958095620269,7.94951649062268));
#2631=CARTESIAN_POINT('',(478.44815063218,-371.955372366924,7.87641075514952));
#2632=CARTESIAN_POINT('',(478.31927577811,-371.952396014285,7.82937203719439));
#2633=CARTESIAN_POINT('',(478.26934266959,-371.951242813838,7.81114668652249));
#2634=CARTESIAN_POINT('',(478.21803397342,-371.950058252672,7.7969398810217));
#2635=CARTESIAN_POINT('',(478.1397521302,-371.948251559902,7.78186278069229));
#2636=CARTESIAN_POINT('',(478.11347498465,-371.947645198481,7.77788212264481));
#2637=CARTESIAN_POINT('',(478.06066596735,-371.946426791435,7.77202723721153));
#2638=CARTESIAN_POINT('',(478.03415514483,-371.945815231455,7.77015534354176));
#2639=CARTESIAN_POINT('',(478.00760133373,-371.945202775828,7.76934347023038));
#2640=CARTESIAN_POINT('',(482.00213888397,-372.037316174921,7.67668231047506));
#2641=CARTESIAN_POINT('',(481.98533401533,-372.036928582254,7.67624100951049));
#2642=CARTESIAN_POINT('',(481.96852068373,-372.036540832769,7.6762243067994));
#2643=CARTESIAN_POINT('',(481.95171497014,-372.036153297325,7.67663221831694));
#2644=CARTESIAN_POINT('',(481.93411427004,-372.035747429696,7.67705942590031));
#2645=CARTESIAN_POINT('',(481.91652794481,-372.035341935636,7.67795222413845));
#2646=CARTESIAN_POINT('',(481.89897444305,-372.034937240521,7.67930967645836));
#2647=CARTESIAN_POINT('',(481.8724677067,-372.034326129026,7.68135950282641));
#2648=CARTESIAN_POINT('',(481.84605339464,-372.033717244598,7.68446750332788));
#2649=CARTESIAN_POINT('',(481.7935359345,-372.032506841614,7.6927849898901));
#2650=CARTESIAN_POINT('',(481.76745374024,-372.031905805994,7.69799115737011));
#2651=CARTESIAN_POINT('',(481.68990323259,-372.03011903289,7.71671956835119));
#2652=CARTESIAN_POINT('',(481.63927634012,-372.028952978264,7.73332009741287));
#2653=CARTESIAN_POINT('',(481.59021320094,-372.027823344048,7.75387537063692));
#2654=CARTESIAN_POINT('',(481.46376317515,-372.024911947058,7.80685230755863));
#2655=CARTESIAN_POINT('',(481.34957504562,-372.022285634777,7.88530962814788));
#2656=CARTESIAN_POINT('',(481.25476377945,-372.020108050534,7.98435872221052));
#2657=CARTESIAN_POINT('',(481.16024133615,-372.017937099849,8.08310608374325));
#2658=CARTESIAN_POINT('',(481.08699404351,-372.016258453811,8.20021372616567));
#2659=CARTESIAN_POINT('',(481.03955868831,-372.015176084305,8.3284282428078));
#2660=CARTESIAN_POINT('',(480.99582756377,-372.01417823712,8.44663047762721));
#2661=CARTESIAN_POINT('',(480.97485962315,-372.013706004453,8.57204436245068));
#2662=CARTESIAN_POINT('',(480.97776209512,-372.013784322923,8.69804731793704));
#2663=CARTESIAN_POINT('',(480.98066452991,-372.01386264039,8.82404865913564));
#2664=CARTESIAN_POINT('',(481.0073843094,-372.01449007944,8.94836180502112));
#2665=CARTESIAN_POINT('',(481.05651051002,-372.015633508493,9.06442246686393));
#2666=CARTESIAN_POINT('',(481.10979577944,-372.016873741289,9.19030892983325));
#2667=CARTESIAN_POINT('',(481.18835157409,-372.018695651809,9.30391254444451));
#2668=CARTESIAN_POINT('',(481.28731281609,-372.020986406411,9.39819766892289));
#2669=CARTESIAN_POINT('',(481.38656126088,-372.023283809182,9.49275642528114));
#2670=CARTESIAN_POINT('',(481.5042110507,-372.02600364473,9.56586203442372));
#2671=CARTESIAN_POINT('',(481.63293448409,-372.028976510774,9.61296118538563));
#2672=CARTESIAN_POINT('',(481.68312123968,-372.030135573252,9.63132422555462));
#2673=CARTESIAN_POINT('',(481.73470086936,-372.03132639137,9.64562736247821));
#2674=CARTESIAN_POINT('',(481.81340343426,-372.033142793928,9.66078341458491));
#2675=CARTESIAN_POINT('',(481.83982263101,-372.033752432707,9.6647793735861));
#2676=CARTESIAN_POINT('',(481.89291761472,-372.034977435446,9.6706426007117));
#2677=CARTESIAN_POINT('',(481.91957202091,-372.035592306112,9.6725075077706));
#2678=CARTESIAN_POINT('',(481.94626901928,-372.036208062274,9.67330120795125));
#2679=CARTESIAN_POINT('',(481.96344302934,-372.036604174315,9.67381179025338));
#2680=CARTESIAN_POINT('',(481.98062735495,-372.03700048419,9.67387886111271));
#2681=CARTESIAN_POINT('',(481.99780482735,-372.037396595949,9.6735023535191));
#2682=CARTESIAN_POINT('',(482.01420639344,-372.037774815342,9.67314285277087));
#2683=CARTESIAN_POINT('',(482.03059661086,-372.038152736492,9.67237905318983));
#2684=CARTESIAN_POINT('',(482.04696054966,-372.038530015149,9.67121165052616));
#2685=CARTESIAN_POINT('',(482.07398811571,-372.039153148978,9.66928350516925));
#2686=CARTESIAN_POINT('',(482.1009260123,-372.039774115516,9.66625562929721));
#2687=CARTESIAN_POINT('',(482.15448865812,-372.041008629489,9.65801545686038));
#2688=CARTESIAN_POINT('',(482.18109120728,-372.041621665255,9.65280657561422));
#2689=CARTESIAN_POINT('',(482.26018617085,-372.043444044668,9.6339471477487));
#2690=CARTESIAN_POINT('',(482.3118118988,-372.044633111806,9.61709678749038));
#2691=CARTESIAN_POINT('',(482.36181406334,-372.045784365305,9.59613788018528));
#2692=CARTESIAN_POINT('',(482.48822881637,-372.048694947837,9.54314987227033));
#2693=CARTESIAN_POINT('',(482.60238258299,-372.051320467772,9.46469399390912));
#2694=CARTESIAN_POINT('',(482.69716540811,-372.053497397185,9.36565679232524));
#2695=CARTESIAN_POINT('',(482.79167395295,-372.055668027051,9.26690618223657));
#2696=CARTESIAN_POINT('',(482.86490801338,-372.057346367979,9.14979909856488));
#2697=CARTESIAN_POINT('',(482.91233209451,-372.058428477806,9.02158815814987));
#2698=CARTESIAN_POINT('',(482.95605458947,-372.059426125843,8.90338445102375));
#2699=CARTESIAN_POINT('',(482.97701399657,-372.059898161734,8.77797081950477));
#2700=CARTESIAN_POINT('',(482.97410356562,-372.059819659876,8.6519696628645));
#2701=CARTESIAN_POINT('',(482.97119309738,-372.059741157013,8.52596689194294));
#2702=CARTESIAN_POINT('',(482.94446478177,-372.059113521116,8.40165388673633));
#2703=CARTESIAN_POINT('',(482.89533002864,-372.057969894995,8.28559509378145));
#2704=CARTESIAN_POINT('',(482.84203333224,-372.056729398395,8.15970557854861));
#2705=CARTESIAN_POINT('',(482.76346429371,-372.05490718245,8.04610201628388));
#2706=CARTESIAN_POINT('',(482.66448931782,-372.052616111469,7.95182077814442));
#2707=CARTESIAN_POINT('',(482.5652119139,-372.05031803989,7.85725145416525));
#2708=CARTESIAN_POINT('',(482.44752773124,-372.047597411189,7.78414598974734));
#2709=CARTESIAN_POINT('',(482.3187695731,-372.044623745471,7.73705952539525));
#2710=CARTESIAN_POINT('',(482.26806427159,-372.043452708086,7.71851675182063));
#2711=CARTESIAN_POINT('',(482.21593891717,-372.042249295883,7.70411824257897));
#2712=CARTESIAN_POINT('',(482.13640072075,-372.040413621068,7.68895137801212));
#2713=CARTESIAN_POINT('',(482.10970131062,-372.039797521702,7.68497397284436));
#2714=CARTESIAN_POINT('',(482.05604612489,-372.038559606997,7.67919241733978));
#2715=CARTESIAN_POINT('',(482.02911240177,-372.037938300445,7.67739064326099));
#2716=CARTESIAN_POINT('',(482.00213888397,-372.037316174921,7.67668231047506));
#2717=CARTESIAN_POINT('',(486.00353678717,-372.129587837554,7.58458042296712));
#2718=CARTESIAN_POINT('',(485.98591296411,-372.129181352424,7.58407503864602));
#2719=CARTESIAN_POINT('',(485.968278848,-372.128774672109,7.5840367486625));
#2720=CARTESIAN_POINT('',(485.95065299554,-372.128368224566,7.5844655933097));
#2721=CARTESIAN_POINT('',(485.93219316374,-372.127942545678,7.58491472903623));
#2722=CARTESIAN_POINT('',(485.91374934221,-372.127517282286,7.58587608178682));
#2723=CARTESIAN_POINT('',(485.89534281898,-372.127092925233,7.58734854195863));
#2724=CARTESIAN_POINT('',(485.84282246781,-372.125882083775,7.59154999403779));
#2725=CARTESIAN_POINT('',(485.79071705036,-372.124681186572,7.59990378620644));
#2726=CARTESIAN_POINT('',(485.68831270229,-372.12232178927,7.62475947438155));
#2727=CARTESIAN_POINT('',(485.63817447143,-372.121166991693,7.64122236517704));
#2728=CARTESIAN_POINT('',(485.5895700578,-372.120047917461,7.66156601951363));
#2729=CARTESIAN_POINT('',(485.46305477081,-372.117135013322,7.71451971392784));
#2730=CARTESIAN_POINT('',(485.34880418396,-372.114507260929,7.79298006792699));
#2731=CARTESIAN_POINT('',(485.25394420228,-372.112328555404,7.89205344336975));
#2732=CARTESIAN_POINT('',(485.15940227536,-372.110157154833,7.9907946370147));
#2733=CARTESIAN_POINT('',(485.08613884533,-372.108478136753,8.10790359368869));
#2734=CARTESIAN_POINT('',(485.03869345487,-372.107395536349,8.23612401776154));
#2735=CARTESIAN_POINT('',(484.99495562595,-372.106397534418,8.35432481487604));
#2736=CARTESIAN_POINT('',(484.97398399647,-372.105925216741,8.47973939773647));
#2737=CARTESIAN_POINT('',(484.97688629313,-372.106003531257,8.60574333682409));
#2738=CARTESIAN_POINT('',(484.97978855075,-372.10608184472,8.73174558145242));
#2739=CARTESIAN_POINT('',(485.00651162466,-372.106709359795,8.85605926137984));
#2740=CARTESIAN_POINT('',(485.05564403273,-372.107852931854,8.97211827052716));
#2741=CARTESIAN_POINT('',(485.10893903158,-372.109093389507,9.09801001902383));
#2742=CARTESIAN_POINT('',(485.1875103485,-372.110915658052,9.21161420442142));
#2743=CARTESIAN_POINT('',(485.28649008611,-372.113206838578,9.30589246285228));
#2744=CARTESIAN_POINT('',(485.38578684256,-372.115505357448,9.40047268192491));
#2745=CARTESIAN_POINT('',(485.50349741096,-372.118226594683,9.4735784464806));
#2746=CARTESIAN_POINT('',(485.63228319771,-372.121200896406,9.52065202221685));
#2747=CARTESIAN_POINT('',(485.68200319537,-372.122349177427,9.5388255966036));
#2748=CARTESIAN_POINT('',(485.73308954873,-372.123528609337,9.55301469296475));
#2749=CARTESIAN_POINT('',(485.83702845461,-372.125927461046,9.57315548347745));
#2750=CARTESIAN_POINT('',(485.88971636002,-372.127143080881,9.57907527308687));
#2751=CARTESIAN_POINT('',(485.94262431169,-372.128363395427,9.58078845824309));
#2752=CARTESIAN_POINT('',(485.96065591927,-372.128779291947,9.58137233044872));
#2753=CARTESIAN_POINT('',(485.97870003771,-372.129195432818,9.5814671730931));
#2754=CARTESIAN_POINT('',(485.99673678596,-372.129611359535,9.58107288167852));
#2755=CARTESIAN_POINT('',(486.0139586292,-372.130008494574,9.58069640445346));
#2756=CARTESIAN_POINT('',(486.03116784677,-372.130405298171,9.57987412224378));
#2757=CARTESIAN_POINT('',(486.04834715149,-372.130801371724,9.57860686105674));
#2758=CARTESIAN_POINT('',(486.07513861227,-372.131419056156,9.57663054251877));
#2759=CARTESIAN_POINT('',(486.1018394056,-372.132034551982,9.57357331190141));
#2760=CARTESIAN_POINT('',(486.15492925198,-372.133258160371,9.56531195786539));
#2761=CARTESIAN_POINT('',(486.18129667077,-372.133865774311,9.5601112009863));
#2762=CARTESIAN_POINT('',(486.25969454231,-372.13567208465,9.54133169039689));
#2763=CARTESIAN_POINT('',(486.31087053595,-372.136850791489,9.5246080200951));
#2764=CARTESIAN_POINT('',(486.36045110835,-372.137992339964,9.50384514307461));
#2765=CARTESIAN_POINT('',(486.48692932762,-372.140904388198,9.45087980633603));
#2766=CARTESIAN_POINT('',(486.60114380097,-372.143531307881,9.37242096855626));
#2767=CARTESIAN_POINT('',(486.69597389672,-372.145709325308,9.27336009811644));
#2768=CARTESIAN_POINT('',(486.79050123406,-372.147880389107,9.1746154934287));
#2769=CARTESIAN_POINT('',(486.86375077393,-372.149559086905,9.05750712341445));
#2770=CARTESIAN_POINT('',(486.91118433042,-372.150641414735,8.92929045420718));
#2771=CARTESIAN_POINT('',(486.95491310242,-372.151639207657,8.81108811162069));
#2772=CARTESIAN_POINT('',(486.97587577582,-372.152111318812,8.6856737946335));
#2773=CARTESIAN_POINT('',(486.97296512623,-372.152032811832,8.55967174369802));
#2774=CARTESIAN_POINT('',(486.97005443751,-372.151954303796,8.43366799830898));
#2775=CARTESIAN_POINT('',(486.94332240479,-372.151326582127,8.30935446600654));
#2776=CARTESIAN_POINT('',(486.8941810207,-372.150182803241,8.19329741854828));
#2777=CARTESIAN_POINT('',(486.84087402734,-372.148942068682,8.06740246516949));
#2778=CARTESIAN_POINT('',(486.762288808,-372.147119479525,7.9537983345986));
#2779=CARTESIAN_POINT('',(486.66329465362,-372.144827966889,7.85952415670573));
#2780=CARTESIAN_POINT('',(486.56396746643,-372.142528745223,7.76493282479947));
#2781=CARTESIAN_POINT('',(486.44622075307,-372.13980667443,7.69182721182931));
#2782=CARTESIAN_POINT('',(486.31739847487,-372.136831532348,7.64476697623911));
#2783=CARTESIAN_POINT('',(486.26712458888,-372.135670460243,7.62640135694286));
#2784=CARTESIAN_POINT('',(486.21545555971,-372.134477581419,7.61210952332374));
#2785=CARTESIAN_POINT('',(486.13661934078,-372.132658100001,7.59699178045787));
#2786=CARTESIAN_POINT('',(486.11015585506,-372.132047441308,7.59301215047978));
#2787=CARTESIAN_POINT('',(486.05697338883,-372.130820424644,7.58718868331457));
#2788=CARTESIAN_POINT('',(486.03027589644,-372.130204562443,7.58534719908279));
#2789=CARTESIAN_POINT('',(486.00353678717,-372.129587837554,7.58458042296712));
#2790=CARTESIAN_POINT('',(716.55237746791,-377.44600344082,7.26180343219266));
#2791=CARTESIAN_POINT('',(716.55237746791,-368.20697896467,7.26180343219276));
#2792=CARTESIAN_POINT('',(716.55237746791,-368.20697896467,7.26180343219276));
#2793=CARTESIAN_POINT('',(716.55237746791,-368.206811377806,5.41754569065441));
#2794=CARTESIAN_POINT('',(716.55237746791,-368.20697896467,7.26180343219276));
#2795=CARTESIAN_POINT('',(469.05353291116,-368.207497533784,12.9743363624864));
#2796=CARTESIAN_POINT('',(469.053356117489,-368.206810851644,5.41754569065441));
#2797=CARTESIAN_POINT('',(469.053356117489,-371.738488108169,5.41754569065441));
#2798=CARTESIAN_POINT('',(716.55237746791,-368.206811377806,5.41754569065441));
#2799=CARTESIAN_POINT('',(469.053356117489,-368.206810851644,5.41754569065441));
#2800=CARTESIAN_POINT('',(469.053356117489,-371.738488108169,5.41754569065441));
#2801=CARTESIAN_POINT('',(716.55237746791,-377.446272714941,5.41754569065441));
#2802=CARTESIAN_POINT('',(716.55237746791,-368.206811377806,5.41754569065441));
#2803=CARTESIAN_POINT('',(716.55237746791,-377.446272714941,5.41754569065441));
#2804=CARTESIAN_POINT('',(469.053356117489,-371.738488108169,5.41754569065441));
#2805=CARTESIAN_POINT('',(469.05353291116,-371.73917479031,12.9743363624864));
#2806=CARTESIAN_POINT('',(716.55237746791,-377.446272714941,5.41754569065441));
#2807=CARTESIAN_POINT('',(716.55237746791,-377.446329391721,6.03229818625987));
#2808=CARTESIAN_POINT('',(716.55237746791,-377.446308098735,6.64705072105829));
#2809=CARTESIAN_POINT('',(716.55237746791,-377.44600344082,7.26180343219266));
#2810=CARTESIAN_POINT('',(469.05236362489,-340.566350714533,13.7949966851701));
#2811=CARTESIAN_POINT('',(444.240363661091,-340.931517356476,4.09959451320241));
#2812=CARTESIAN_POINT('',(741.864608213351,-349.664798205504,13.7955133838711));
#2813=CARTESIAN_POINT('',(444.240140396504,-350.029228623194,13.449954813519));
#2814=CARTESIAN_POINT('',(476.84339868286,-344.646359669646,7.82764541304999));
#2815=CARTESIAN_POINT('',(476.84339868286,-344.646359669646,7.82764541304998));
#2816=CARTESIAN_POINT('',(476.84339868286,-344.646359669646,7.82764541304999));
#2817=CARTESIAN_POINT('',(476.84339868286,-344.646359669646,7.82764541304998));
#2818=CARTESIAN_POINT('',(476.84339868286,-344.646359669646,7.82764541304999));
#2819=CARTESIAN_POINT('',(476.84339868286,-344.646359669646,7.82764541304998));
#2820=CARTESIAN_POINT('',(476.84339868286,-344.646359669646,7.82764541304999));
#2821=CARTESIAN_POINT('',(476.84339868286,-344.646359669646,7.82764541304998));
#2822=CARTESIAN_POINT('',(476.84339868286,-344.646359669646,7.82764541304999));
#2823=CARTESIAN_POINT('',(477.84321710034,-344.646359669646,7.80858938859065));
#2824=CARTESIAN_POINT('',(477.84321710034,-343.646359669646,7.80858938859066));
#2825=CARTESIAN_POINT('',(476.84339868286,-343.646359669646,7.82764541305003));
#2826=CARTESIAN_POINT('',(475.84358026538,-343.646359669646,7.84670143750938));
#2827=CARTESIAN_POINT('',(475.84358026538,-344.646359669646,7.84670143750939));
#2828=CARTESIAN_POINT('',(475.84358026538,-345.646359669646,7.84670143750938));
#2829=CARTESIAN_POINT('',(476.84339868286,-345.646359669646,7.82764541305003));
#2830=CARTESIAN_POINT('',(477.84321710034,-345.646359669646,7.80858938859066));
#2831=CARTESIAN_POINT('',(477.84321710034,-344.646359669646,7.80858938859065));
#2832=CARTESIAN_POINT('',(477.8622731248,-344.646359669646,8.80840780607045));
#2833=CARTESIAN_POINT('',(477.8622731248,-343.646359669646,8.80840780607046));
#2834=CARTESIAN_POINT('',(476.86245470732,-343.646359669646,8.82746383052982));
#2835=CARTESIAN_POINT('',(475.86263628984,-343.646359669646,8.84651985498918));
#2836=CARTESIAN_POINT('',(475.86263628984,-344.646359669646,8.84651985498918));
#2837=CARTESIAN_POINT('',(475.86263628984,-345.646359669646,8.84651985498918));
#2838=CARTESIAN_POINT('',(476.86245470732,-345.646359669646,8.82746383052982));
#2839=CARTESIAN_POINT('',(477.8622731248,-345.646359669646,8.80840780607046));
#2840=CARTESIAN_POINT('',(477.8622731248,-344.646359669646,8.80840780607045));
#2841=CARTESIAN_POINT('',(477.88132914926,-344.646359669646,9.80822622355026));
#2842=CARTESIAN_POINT('',(477.88132914926,-343.646359669646,9.80822622355025));
#2843=CARTESIAN_POINT('',(476.88151073178,-343.646359669646,9.82728224800961));
#2844=CARTESIAN_POINT('',(475.8816923143,-343.646359669646,9.84633827246897));
#2845=CARTESIAN_POINT('',(475.8816923143,-344.646359669646,9.84633827246897));
#2846=CARTESIAN_POINT('',(475.8816923143,-345.646359669646,9.84633827246897));
#2847=CARTESIAN_POINT('',(476.88151073178,-345.646359669646,9.82728224800961));
#2848=CARTESIAN_POINT('',(477.88132914926,-345.646359669646,9.80822622355025));
#2849=CARTESIAN_POINT('',(477.88132914926,-344.646359669646,9.80822622355026));
#2850=CARTESIAN_POINT('',(476.88151073178,-344.646359669646,9.82728224800958));
#2851=CARTESIAN_POINT('',(476.88151073178,-344.646359669646,9.82728224800959));
#2852=CARTESIAN_POINT('',(476.88151073178,-344.646359669646,9.82728224800958));
#2853=CARTESIAN_POINT('',(476.88151073178,-344.646359669646,9.82728224800959));
#2854=CARTESIAN_POINT('',(476.88151073178,-344.646359669646,9.82728224800958));
#2855=CARTESIAN_POINT('',(476.88151073178,-344.646359669646,9.82728224800959));
#2856=CARTESIAN_POINT('',(476.88151073178,-344.646359669646,9.82728224800958));
#2857=CARTESIAN_POINT('',(476.88151073178,-344.646359669646,9.82728224800959));
#2858=CARTESIAN_POINT('',(476.88151073178,-344.646359669646,9.82728224800958));
#2859=CARTESIAN_POINT('',(474.04458098018,-344.597292593337,7.88098943799196));
#2860=CARTESIAN_POINT('',(474.04458098018,-344.597292593337,7.88098943799195));
#2861=CARTESIAN_POINT('',(474.04458098018,-344.597292593337,7.88098943799196));
#2862=CARTESIAN_POINT('',(474.04458098018,-344.597292593337,7.88098943799195));
#2863=CARTESIAN_POINT('',(474.04458098018,-344.597292593337,7.88098943799196));
#2864=CARTESIAN_POINT('',(474.04458098018,-344.597292593337,7.88098943799195));
#2865=CARTESIAN_POINT('',(474.04458098018,-344.597292593337,7.88098943799196));
#2866=CARTESIAN_POINT('',(474.04458098018,-344.597292593337,7.88098943799195));
#2867=CARTESIAN_POINT('',(474.04458098018,-344.597292593337,7.88098943799196));
#2868=CARTESIAN_POINT('',(475.04439939766,-344.597292593337,7.86193341353262));
#2869=CARTESIAN_POINT('',(475.04439939766,-343.597292593337,7.86193341353263));
#2870=CARTESIAN_POINT('',(474.04458098018,-343.597292593337,7.88098943799198));
#2871=CARTESIAN_POINT('',(473.0447625627,-343.597292593337,7.90004546245133));
#2872=CARTESIAN_POINT('',(473.0447625627,-344.597292593337,7.90004546245134));
#2873=CARTESIAN_POINT('',(473.0447625627,-345.597292593337,7.90004546245133));
#2874=CARTESIAN_POINT('',(474.04458098018,-345.597292593337,7.88098943799198));
#2875=CARTESIAN_POINT('',(475.04439939766,-345.597292593337,7.86193341353263));
#2876=CARTESIAN_POINT('',(475.04439939766,-344.597292593337,7.86193341353262));
#2877=CARTESIAN_POINT('',(475.06345542212,-344.597292593337,8.86175183101241));
#2878=CARTESIAN_POINT('',(475.06345542212,-343.597292593337,8.86175183101241));
#2879=CARTESIAN_POINT('',(474.06363700464,-343.597292593337,8.88080785547179));
#2880=CARTESIAN_POINT('',(473.06381858716,-343.597292593337,8.89986387993115));
#2881=CARTESIAN_POINT('',(473.06381858716,-344.597292593337,8.89986387993115));
#2882=CARTESIAN_POINT('',(473.06381858716,-345.597292593337,8.89986387993115));
#2883=CARTESIAN_POINT('',(474.06363700464,-345.597292593337,8.88080785547179));
#2884=CARTESIAN_POINT('',(475.06345542212,-345.597292593337,8.86175183101241));
#2885=CARTESIAN_POINT('',(475.06345542212,-344.597292593337,8.86175183101241));
#2886=CARTESIAN_POINT('',(475.08251144658,-344.597292593337,9.86157024849222));
#2887=CARTESIAN_POINT('',(475.08251144658,-343.597292593337,9.86157024849221));
#2888=CARTESIAN_POINT('',(474.0826930291,-343.597292593337,9.88062627295158));
#2889=CARTESIAN_POINT('',(473.08287461162,-343.597292593337,9.89968229741093));
#2890=CARTESIAN_POINT('',(473.08287461162,-344.597292593337,9.89968229741094));
#2891=CARTESIAN_POINT('',(473.08287461162,-345.597292593337,9.89968229741093));
#2892=CARTESIAN_POINT('',(474.0826930291,-345.597292593337,9.88062627295158));
#2893=CARTESIAN_POINT('',(475.08251144658,-345.597292593337,9.86157024849221));
#2894=CARTESIAN_POINT('',(475.08251144658,-344.597292593337,9.86157024849222));
#2895=CARTESIAN_POINT('',(474.0826930291,-344.597292593337,9.88062627295155));
#2896=CARTESIAN_POINT('',(474.0826930291,-344.597292593337,9.88062627295155));
#2897=CARTESIAN_POINT('',(474.0826930291,-344.597292593337,9.88062627295155));
#2898=CARTESIAN_POINT('',(474.0826930291,-344.597292593337,9.88062627295155));
#2899=CARTESIAN_POINT('',(474.0826930291,-344.597292593337,9.88062627295155));
#2900=CARTESIAN_POINT('',(474.0826930291,-344.597292593337,9.88062627295155));
#2901=CARTESIAN_POINT('',(474.0826930291,-344.597292593337,9.88062627295155));
#2902=CARTESIAN_POINT('',(474.0826930291,-344.597292593337,9.88062627295155));
#2903=CARTESIAN_POINT('',(474.0826930291,-344.597292593337,9.88062627295155));
#2904=CARTESIAN_POINT('',(716.55237746791,-318.884132708841,-9.51578488147885));
#2905=CARTESIAN_POINT('',(724.,-320.,5.41754569065441));
#2906=CARTESIAN_POINT('',(469.05236610027,-344.464001296218,12.9770465617453));
#2907=CARTESIAN_POINT('',(469.05236610027,-340.932324039693,12.9770465617453));
#2908=CARTESIAN_POINT('',(476.87707534579,-344.612698498576,7.82813747618253));
#2909=CARTESIAN_POINT('',(474.08246537095,-344.559428666929,7.88170234768039));
#2910=CARTESIAN_POINT('',(716.55237746791,-340.931895319729,8.25982372622803));
#2911=CARTESIAN_POINT('',(716.55237746791,-349.181758275484,8.25982372622798));
#2912=CARTESIAN_POINT('',(469.05238897774,-340.931637111278,5.41754569065441));
#2913=CARTESIAN_POINT('',(469.05238897774,-344.463314367804,5.41754569065441));
#2914=CARTESIAN_POINT('',(716.55237746791,-340.931637043214,5.41754569065441));
#2915=CARTESIAN_POINT('',(716.55237746791,-349.181499834992,5.41754569065441));
#2916=CARTESIAN_POINT('',(469.05236610027,-344.464001296218,12.9770465617453));
#2917=CARTESIAN_POINT('',(469.05236610027,-340.932324039693,12.9770465617453));
#2918=CARTESIAN_POINT('',(469.05236610027,-340.932324039693,12.9770465617453));
#2919=CARTESIAN_POINT('',(469.05238897774,-340.931637111278,5.41754569065441));
#2920=CARTESIAN_POINT('',(469.05236610027,-340.932324039693,12.9770465617453));
#2921=CARTESIAN_POINT('',(551.552369889487,-340.932181133038,11.4046389499063));
#2922=CARTESIAN_POINT('',(634.052373678693,-340.932038226384,9.83223133806713));
#2923=CARTESIAN_POINT('',(716.55237746791,-340.931895319729,8.25982372622803));
#2924=CARTESIAN_POINT('',(476.87707534579,-344.612698498576,7.82813747618253));
#2925=CARTESIAN_POINT('',(476.86585378532,-344.612484563471,7.82798050536725));
#2926=CARTESIAN_POINT('',(476.85463037691,-344.612270610331,7.82801262625996));
#2927=CARTESIAN_POINT('',(476.84340989769,-344.612056730224,7.828233825189));
#2928=CARTESIAN_POINT('',(476.83175298404,-344.611834530986,7.82846362792412));
#2929=CARTESIAN_POINT('',(476.82010098418,-344.611612443973,7.82889746905829));
#2930=CARTESIAN_POINT('',(476.80845925089,-344.611390571211,7.82953514929039));
#2931=CARTESIAN_POINT('',(476.79433184631,-344.611121325541,7.83030898308374));
#2932=CARTESIAN_POINT('',(476.78022246695,-344.610852450772,7.83138283436352));
#2933=CARTESIAN_POINT('',(476.75205884803,-344.610315806813,7.83412911902464));
#2934=CARTESIAN_POINT('',(476.73800778532,-344.610048098155,7.83580124262197));
#2935=CARTESIAN_POINT('',(476.69597218995,-344.609247295187,7.84171160846033));
#2936=CARTESIAN_POINT('',(476.66812742465,-344.608716946344,7.84684100148823));
#2937=CARTESIAN_POINT('',(476.58533419734,-344.607140348155,7.86576025747084));
#2938=CARTESIAN_POINT('',(476.5313023995,-344.606111891349,7.8830455121808));
#2939=CARTESIAN_POINT('',(476.47902609968,-344.605117307968,7.90481461742364));
#2940=CARTESIAN_POINT('',(476.35271587235,-344.602714191193,7.95741322599234));
#2941=CARTESIAN_POINT('',(476.23855112334,-344.600544916326,8.03539565897232));
#2942=CARTESIAN_POINT('',(476.14360640577,-344.598743908838,8.13392950644963));
#2943=CARTESIAN_POINT('',(476.09632178725,-344.597846966341,8.18300159290541));
#2944=CARTESIAN_POINT('',(476.05417963935,-344.597048484851,8.23678241818966));
#2945=CARTESIAN_POINT('',(475.98149614791,-344.595673375984,8.35208227266331));
#2946=CARTESIAN_POINT('',(475.95114541191,-344.595100354739,8.41329893575876));
#2947=CARTESIAN_POINT('',(475.92725952732,-344.594650812801,8.47712660807632));
#2948=CARTESIAN_POINT('',(475.88308837313,-344.593819493946,8.59516041776014));
#2949=CARTESIAN_POINT('',(475.86163657223,-344.593421945628,8.72048523441239));
#2950=CARTESIAN_POINT('',(475.86403519039,-344.593479128945,8.84649319266471));
#2951=CARTESIAN_POINT('',(475.86643379367,-344.593536311907,8.97250036947115));
#2952=CARTESIAN_POINT('',(475.89263923663,-344.594047188979,9.09691683635705));
#2953=CARTESIAN_POINT('',(475.94126983019,-344.594984824028,9.21318270144647));
#2954=CARTESIAN_POINT('',(475.96756668065,-344.595491847423,9.27605312609796));
#2955=CARTESIAN_POINT('',(476.0002240126,-344.596119863466,9.33606845366235));
#2956=CARTESIAN_POINT('',(476.07723998594,-344.597598272423,9.44851506769744));
#2957=CARTESIAN_POINT('',(476.12139666849,-344.598444788509,9.50065148561954));
#2958=CARTESIAN_POINT('',(476.17051269915,-344.599385400897,9.54788709181983));
#2959=CARTESIAN_POINT('',(476.26912751944,-344.601273955823,9.64272640912719));
#2960=CARTESIAN_POINT('',(476.38616303595,-344.603511737962,9.71630197331136));
#2961=CARTESIAN_POINT('',(476.51436820948,-344.605960103538,9.76405534505646));
#2962=CARTESIAN_POINT('',(476.56759466918,-344.606976582266,9.78388093279679));
#2963=CARTESIAN_POINT('',(476.62241426294,-344.608023015513,9.79913148419763));
#2964=CARTESIAN_POINT('',(476.70612729749,-344.609620301836,9.81489383482092));
#2965=CARTESIAN_POINT('',(476.73423430261,-344.610156485536,9.81895508659885));
#2966=CARTESIAN_POINT('',(476.77659515369,-344.610964416306,9.82324331452911));
#2967=CARTESIAN_POINT('',(476.79074320998,-344.611234228623,9.82437161573546));
#2968=CARTESIAN_POINT('',(476.81907774861,-344.61177453091,9.82602468260063));
#2969=CARTESIAN_POINT('',(476.83326101534,-344.612044959562,9.8265492606492));
#2970=CARTESIAN_POINT('',(476.84745062676,-344.612315481678,9.82677152630326));
#2971=CARTESIAN_POINT('',(476.85879989466,-344.612531853209,9.82694930090021));
#2972=CARTESIAN_POINT('',(476.87015136751,-344.612748249187,9.82693364905293));
#2973=CARTESIAN_POINT('',(476.88150010287,-344.612964575392,9.82672457757637));
#2974=CARTESIAN_POINT('',(476.89242393236,-344.613172802168,9.8265233339055));
#2975=CARTESIAN_POINT('',(476.90334372746,-344.613380935742,9.82614291064023));
#2976=CARTESIAN_POINT('',(476.91425508295,-344.613588892151,9.82558346124864));
#2977=CARTESIAN_POINT('',(476.92853383579,-344.613861026824,9.82485135792821));
#2978=CARTESIAN_POINT('',(476.94279523478,-344.614132802812,9.82381282637195));
#2979=CARTESIAN_POINT('',(476.97126362196,-344.614675261939,9.82112434158404));
#2980=CARTESIAN_POINT('',(476.98546733036,-344.614945882582,9.8194746981012));
#2981=CARTESIAN_POINT('',(477.0279608318,-344.615755419169,9.81361253244957));
#2982=CARTESIAN_POINT('',(477.05611011283,-344.616291573702,9.80848964731989));
#2983=CARTESIAN_POINT('',(477.13980800968,-344.617885412796,9.78951373510411));
#2984=CARTESIAN_POINT('',(477.19442540873,-344.618925020539,9.7720899205557));
#2985=CARTESIAN_POINT('',(477.24725075391,-344.619930049317,9.7500869809532));
#2986=CARTESIAN_POINT('',(477.37354403662,-344.622332842581,9.69748299961928));
#2987=CARTESIAN_POINT('',(477.48769225951,-344.624501802462,9.61950119233397));
#2988=CARTESIAN_POINT('',(477.58262326818,-344.626302549126,9.52097299114679));
#2989=CARTESIAN_POINT('',(477.62990454212,-344.62719942779,9.47190010193465));
#2990=CARTESIAN_POINT('',(477.67204340684,-344.627997846661,9.41811893529355));
#2991=CARTESIAN_POINT('',(477.7447206242,-344.629372835937,9.3028192460892));
#2992=CARTESIAN_POINT('',(477.77506839552,-344.629945800711,9.24160307367978));
#2993=CARTESIAN_POINT('',(477.7989515582,-344.630395290836,9.17777624380588));
#2994=CARTESIAN_POINT('',(477.84311853473,-344.631226529984,9.0597417047897));
#2995=CARTESIAN_POINT('',(477.86456620111,-344.631623999494,8.93441699416806));
#2996=CARTESIAN_POINT('',(477.86216372334,-344.631566742678,8.80840989120594));
#2997=CARTESIAN_POINT('',(477.85976123066,-344.631509485506,8.6824020068003));
#2998=CARTESIAN_POINT('',(477.83355165214,-344.630998529602,8.55798559150925));
#2999=CARTESIAN_POINT('',(477.78491691173,-344.630060815581,8.44172061441233));
#3000=CARTESIAN_POINT('',(477.75861730925,-344.629553739655,8.37884945165112));
#3001=CARTESIAN_POINT('',(477.72595699609,-344.628925666746,8.31883374671908));
#3002=CARTESIAN_POINT('',(477.64893474693,-344.627447138157,8.20638720661428));
#3003=CARTESIAN_POINT('',(477.60477479658,-344.626600559819,8.15425125490472));
#3004=CARTESIAN_POINT('',(477.55565545435,-344.625659884385,8.10701657832483));
#3005=CARTESIAN_POINT('',(477.45702672007,-344.623771063746,8.01217214122006));
#3006=CARTESIAN_POINT('',(477.33997466557,-344.621532966337,7.93859658150353));
#3007=CARTESIAN_POINT('',(477.21175276437,-344.619084282422,7.89084922430774));
#3008=CARTESIAN_POINT('',(477.15827585623,-344.618063021284,7.8709354575398));
#3009=CARTESIAN_POINT('',(477.10319173288,-344.617011541118,7.8556398996338));
#3010=CARTESIAN_POINT('',(477.01907365525,-344.615406533336,7.83987788103272));
#3011=CARTESIAN_POINT('',(476.99083089429,-344.614867762714,7.8358281042875));
#3012=CARTESIAN_POINT('',(476.94826678025,-344.614055960189,7.83157422233735));
#3013=CARTESIAN_POINT('',(476.93405111023,-344.613784860227,7.83046022467313));
#3014=CARTESIAN_POINT('',(476.90558186803,-344.613241993155,7.82884146911627));
#3015=CARTESIAN_POINT('',(476.89133155722,-344.612970288235,7.82833689667642));
#3016=CARTESIAN_POINT('',(476.87707534579,-344.612698498576,7.82813747618253));
#3017=CARTESIAN_POINT('',(474.08246537095,-344.559428666929,7.88170234768039));
#3018=CARTESIAN_POINT('',(474.06984290522,-344.559188019312,7.88147359451753));
#3019=CARTESIAN_POINT('',(474.05721723791,-344.558947332422,7.8814841519396));
#3020=CARTESIAN_POINT('',(474.04459517142,-344.558706735936,7.88173401425864));
#3021=CARTESIAN_POINT('',(474.03148201923,-344.558456778582,7.88199359794994));
#3022=CARTESIAN_POINT('',(474.01837524868,-344.558206966364,7.88251142062181));
#3023=CARTESIAN_POINT('',(474.00528248132,-344.557957444548,7.88328718116074));
#3024=CARTESIAN_POINT('',(473.97743991233,-344.557426821175,7.88493688330024));
#3025=CARTESIAN_POINT('',(473.94967862123,-344.5568978532,7.88775198415948));
#3026=CARTESIAN_POINT('',(473.8944645067,-344.555846008272,7.89569818732026));
#3027=CARTESIAN_POINT('',(473.86703590033,-344.555323592662,7.90082580434796));
#3028=CARTESIAN_POINT('',(473.78547783265,-344.553770530985,7.919637275887));
#3029=CARTESIAN_POINT('',(473.7322441707,-344.552757270491,7.93671518387339));
#3030=CARTESIAN_POINT('',(473.68071544786,-344.551776907962,7.95814897823699));
#3031=CARTESIAN_POINT('',(473.55432935213,-344.549372342399,8.01072031004641));
#3032=CARTESIAN_POINT('',(473.44009191021,-344.547201682054,8.08870597573275));
#3033=CARTESIAN_POINT('',(473.34509035822,-344.545399593652,8.18726778200002));
#3034=CARTESIAN_POINT('',(473.29779442591,-344.544502435139,8.23633616477633));
#3035=CARTESIAN_POINT('',(473.25564182866,-344.543703754314,8.29011550895696));
#3036=CARTESIAN_POINT('',(473.18294009711,-344.542328297799,8.40541612269587));
#3037=CARTESIAN_POINT('',(473.15258170629,-344.541755130817,8.466634884466));
#3038=CARTESIAN_POINT('',(473.12868996893,-344.541305477611,8.53046590351586));
#3039=CARTESIAN_POINT('',(473.0845109507,-344.540474008685,8.648497996033));
#3040=CARTESIAN_POINT('',(473.06305480992,-344.540076377707,8.77382361303077));
#3041=CARTESIAN_POINT('',(473.06545320448,-344.540133556866,8.8998327249662));
#3042=CARTESIAN_POINT('',(473.06785158229,-344.540190735625,9.02584095627354));
#3043=CARTESIAN_POINT('',(473.09406086831,-344.540701686017,9.15025806407391));
#3044=CARTESIAN_POINT('',(473.14269872923,-344.541639459433,9.26652202628658));
#3045=CARTESIAN_POINT('',(473.16900120639,-344.542146590368,9.32939547823119));
#3046=CARTESIAN_POINT('',(473.20166588903,-344.5427747467,9.38941256318449));
#3047=CARTESIAN_POINT('',(473.27869932122,-344.544253488488,9.50185925024904));
#3048=CARTESIAN_POINT('',(473.32286597413,-344.545100194477,9.55399384931033));
#3049=CARTESIAN_POINT('',(473.37199274874,-344.546041011316,9.60122544175664));
#3050=CARTESIAN_POINT('',(473.47066364109,-344.547930637448,9.69608986976121));
#3051=CARTESIAN_POINT('',(473.58776979542,-344.550169766225,9.76966589461051));
#3052=CARTESIAN_POINT('',(473.71604759489,-344.552619513626,9.81738989575531));
#3053=CARTESIAN_POINT('',(473.76851573211,-344.553621508385,9.83690994872502));
#3054=CARTESIAN_POINT('',(473.82253135436,-344.554652599252,9.85198489298389));
#3055=CARTESIAN_POINT('',(473.90500839827,-344.556226318087,9.86768858307805));
#3056=CARTESIAN_POINT('',(473.93270030502,-344.556754589954,9.87176461296205));
#3057=CARTESIAN_POINT('',(473.98835296302,-344.557816046407,9.87758112935461));
#3058=CARTESIAN_POINT('',(474.016289153,-344.558348762539,9.87931904879606));
#3059=CARTESIAN_POINT('',(474.04426133293,-344.558882057928,9.87988203395662));
#3060=CARTESIAN_POINT('',(474.05706598408,-344.559126181247,9.88013974817841));
#3061=CARTESIAN_POINT('',(474.06987440638,-344.559370354064,9.88015118170736));
#3062=CARTESIAN_POINT('',(474.08267949792,-344.55961444099,9.87991632820402));
#3063=CARTESIAN_POINT('',(474.09500502836,-344.559849386663,9.87969027015525));
#3064=CARTESIAN_POINT('',(474.10732532033,-344.560084211728,9.87923606641766));
#3065=CARTESIAN_POINT('',(474.1196340445,-344.560318795548,9.87855395032959));
#3066=CARTESIAN_POINT('',(474.14780831953,-344.560855750393,9.87699260847104));
#3067=CARTESIAN_POINT('',(474.17590381561,-344.561391094958,9.87423815572009));
#3068=CARTESIAN_POINT('',(474.23178611065,-344.562455683654,9.86635784596176));
#3069=CARTESIAN_POINT('',(474.25954782442,-344.562984449898,9.86123552637295));
#3070=CARTESIAN_POINT('',(474.34209534511,-344.564556367861,9.84235775888264));
#3071=CARTESIAN_POINT('',(474.39596944013,-344.565581823267,9.82512692441233));
#3072=CARTESIAN_POINT('',(474.4480991262,-344.566573618928,9.80343737033449));
#3073=CARTESIAN_POINT('',(474.57446610078,-344.568977819426,9.75085997085891));
#3074=CARTESIAN_POINT('',(474.68868489267,-344.571148124303,9.67287501157834));
#3075=CARTESIAN_POINT('',(474.78367097629,-344.572949918406,9.57431958129001));
#3076=CARTESIAN_POINT('',(474.83096313926,-344.57384700498,9.52525029351801));
#3077=CARTESIAN_POINT('',(474.87311203637,-344.574645615233,9.47147056449589));
#3078=CARTESIAN_POINT('',(474.94580669712,-344.576020936972,9.35617013704457));
#3079=CARTESIAN_POINT('',(474.97616174687,-344.576594040311,9.29495192841975));
#3080=CARTESIAN_POINT('',(475.00005041686,-344.577043635129,9.23112185904584));
#3081=CARTESIAN_POINT('',(475.04422472794,-344.577875014247,9.11308894460133));
#3082=CARTESIAN_POINT('',(475.06567621019,-344.578272556428,8.9877634470904));
#3083=CARTESIAN_POINT('',(475.06327346694,-344.578215294456,8.86175529898456));
#3084=CARTESIAN_POINT('',(475.06087070689,-344.578158032084,8.7357462702533));
#3085=CARTESIAN_POINT('',(475.03465676117,-344.577646992868,8.61132922056906));
#3086=CARTESIAN_POINT('',(474.98601422782,-344.57670913047,8.49506625905296));
#3087=CARTESIAN_POINT('',(474.95970864934,-344.576201940338,8.43219197501061));
#3088=CARTESIAN_POINT('',(474.92704060698,-344.575573719921,8.37217446461359));
#3089=CARTESIAN_POINT('',(474.85000010204,-344.574094843309,8.25972786083763));
#3090=CARTESIAN_POINT('',(474.80582976633,-344.573248067161,8.2075937873297));
#3091=CARTESIAN_POINT('',(474.75669925959,-344.57230717927,8.16036324285457));
#3092=CARTESIAN_POINT('',(474.65801266726,-344.570417253318,8.06549303294112));
#3093=CARTESIAN_POINT('',(474.5408878495,-344.568177768754,7.9919170128353));
#3094=CARTESIAN_POINT('',(474.41259117389,-344.565727662127,7.94419980357429));
#3095=CARTESIAN_POINT('',(474.35982283685,-344.564719934907,7.92457374725815));
#3096=CARTESIAN_POINT('',(474.30549032716,-344.563682798098,7.90944384180733));
#3097=CARTESIAN_POINT('',(474.22252792925,-344.562099826571,7.8937378934736));
#3098=CARTESIAN_POINT('',(474.19467330743,-344.561568453959,7.88967454463493));
#3099=CARTESIAN_POINT('',(474.13869562158,-344.56050080614,7.88391040083974));
#3100=CARTESIAN_POINT('',(474.11059754197,-344.559965007454,7.88221217858299));
#3101=CARTESIAN_POINT('',(474.08246537095,-344.559428666929,7.88170234768039));
#3102=CARTESIAN_POINT('',(716.55237746791,-340.931895319729,8.25982372622803));
#3103=CARTESIAN_POINT('',(716.55237746791,-340.931637043214,5.41754569065441));
#3104=CARTESIAN_POINT('',(716.55237746791,-349.181758275484,8.25982372622798));
#3105=CARTESIAN_POINT('',(716.55237746791,-340.931895319729,8.25982372622803));
#3106=CARTESIAN_POINT('',(716.55237746791,-349.181758275484,8.25982372622798));
#3107=CARTESIAN_POINT('',(634.052373678693,-347.609172615729,9.83223133806713));
#3108=CARTESIAN_POINT('',(551.552369889487,-346.036586955974,11.4046389499062));
#3109=CARTESIAN_POINT('',(469.05236610027,-344.464001296218,12.9770465617453));
#3110=CARTESIAN_POINT('',(469.05238897774,-340.931637111278,5.41754569065441));
#3111=CARTESIAN_POINT('',(469.05238897774,-344.463314367804,5.41754569065441));
#3112=CARTESIAN_POINT('',(716.55237746791,-340.931637043214,5.41754569065441));
#3113=CARTESIAN_POINT('',(469.05238897774,-340.931637111278,5.41754569065441));
#3114=CARTESIAN_POINT('',(469.05238897774,-344.463314367804,5.41754569065441));
#3115=CARTESIAN_POINT('',(716.55237746791,-349.181499834992,5.41754569065441));
#3116=CARTESIAN_POINT('',(716.55237746791,-340.931637043214,5.41754569065441));
#3117=CARTESIAN_POINT('',(716.55237746791,-349.181499834992,5.41754569065441));
#3118=CARTESIAN_POINT('',(469.05238897774,-344.463314367804,5.41754569065441));
#3119=CARTESIAN_POINT('',(469.05236610027,-344.464001296218,12.9770465617453));
#3120=CARTESIAN_POINT('',(716.55237746791,-349.181499834992,5.41754569065441));
#3121=CARTESIAN_POINT('',(716.55237746791,-349.181585981823,6.36497170251226));
#3122=CARTESIAN_POINT('',(716.55237746791,-349.181672128653,7.31239771437014));
#3123=CARTESIAN_POINT('',(716.55237746791,-349.181758275484,8.25982372622798));
#3124=CARTESIAN_POINT('',(469.052367271012,-325.518187232336,15.8532448892351));
#3125=CARTESIAN_POINT('',(444.240367307214,-325.883353874279,3.91248104010559));
#3126=CARTESIAN_POINT('',(741.864623152862,-334.616838973596,15.8537616094031));
#3127=CARTESIAN_POINT('',(444.240256312307,-334.981466878411,15.0846933754341));
#3128=CARTESIAN_POINT('',(474.02163076196,-329.532174589208,8.70395445436223));
#3129=CARTESIAN_POINT('',(474.02163076196,-329.532174589208,8.70395445436224));
#3130=CARTESIAN_POINT('',(474.02163076196,-329.532174589208,8.70395445436223));
#3131=CARTESIAN_POINT('',(474.02163076196,-329.532174589208,8.70395445436224));
#3132=CARTESIAN_POINT('',(474.02163076196,-329.532174589208,8.70395445436223));
#3133=CARTESIAN_POINT('',(474.02163076196,-329.532174589208,8.70395445436224));
#3134=CARTESIAN_POINT('',(474.02163076196,-329.532174589208,8.70395445436223));
#3135=CARTESIAN_POINT('',(474.02163076196,-329.532174589208,8.70395445436224));
#3136=CARTESIAN_POINT('',(474.02163076196,-329.532174589208,8.70395445436223));
#3137=CARTESIAN_POINT('',(475.02158533439,-329.532174589208,8.69442276598827));
#3138=CARTESIAN_POINT('',(475.02158533439,-328.532174589208,8.69442276598826));
#3139=CARTESIAN_POINT('',(474.02163076196,-328.532174589208,8.70395445436222));
#3140=CARTESIAN_POINT('',(473.02167618954,-328.532174589208,8.71348614273617));
#3141=CARTESIAN_POINT('',(473.02167618954,-329.532174589208,8.71348614273618));
#3142=CARTESIAN_POINT('',(473.02167618954,-330.532174589208,8.71348614273617));
#3143=CARTESIAN_POINT('',(474.02163076196,-330.532174589208,8.70395445436222));
#3144=CARTESIAN_POINT('',(475.02158533439,-330.532174589208,8.69442276598826));
#3145=CARTESIAN_POINT('',(475.02158533439,-329.532174589208,8.69442276598827));
#3146=CARTESIAN_POINT('',(475.03111702276,-329.532174589208,9.69437733841481));
#3147=CARTESIAN_POINT('',(475.03111702276,-328.532174589208,9.69437733841481));
#3148=CARTESIAN_POINT('',(474.03116245034,-328.532174589208,9.70390902678875));
#3149=CARTESIAN_POINT('',(473.03120787791,-328.532174589208,9.71344071516272));
#3150=CARTESIAN_POINT('',(473.03120787791,-329.532174589208,9.71344071516272));
#3151=CARTESIAN_POINT('',(473.03120787791,-330.532174589208,9.71344071516272));
#3152=CARTESIAN_POINT('',(474.03116245034,-330.532174589208,9.70390902678875));
#3153=CARTESIAN_POINT('',(475.03111702276,-330.532174589208,9.69437733841481));
#3154=CARTESIAN_POINT('',(475.03111702276,-329.532174589208,9.69437733841481));
#3155=CARTESIAN_POINT('',(475.04064871114,-329.532174589208,10.6943319108413));
#3156=CARTESIAN_POINT('',(475.04064871114,-328.532174589207,10.6943319108413));
#3157=CARTESIAN_POINT('',(474.04069413871,-328.532174589207,10.7038635992153));
#3158=CARTESIAN_POINT('',(473.04073956628,-328.532174589207,10.7133952875893));
#3159=CARTESIAN_POINT('',(473.04073956628,-329.532174589208,10.7133952875893));
#3160=CARTESIAN_POINT('',(473.04073956628,-330.532174589208,10.7133952875893));
#3161=CARTESIAN_POINT('',(474.04069413871,-330.532174589208,10.7038635992153));
#3162=CARTESIAN_POINT('',(475.04064871114,-330.532174589208,10.6943319108413));
#3163=CARTESIAN_POINT('',(475.04064871114,-329.532174589208,10.6943319108413));
#3164=CARTESIAN_POINT('',(474.04069413871,-329.532174589208,10.7038635992153));
#3165=CARTESIAN_POINT('',(474.04069413871,-329.532174589208,10.7038635992153));
#3166=CARTESIAN_POINT('',(474.04069413871,-329.532174589208,10.7038635992153));
#3167=CARTESIAN_POINT('',(474.04069413871,-329.532174589208,10.7038635992153));
#3168=CARTESIAN_POINT('',(474.04069413871,-329.532174589208,10.7038635992153));
#3169=CARTESIAN_POINT('',(474.04069413871,-329.532174589208,10.7038635992153));
#3170=CARTESIAN_POINT('',(474.04069413871,-329.532174589208,10.7038635992153));
#3171=CARTESIAN_POINT('',(474.04069413871,-329.532174589208,10.7038635992153));
#3172=CARTESIAN_POINT('',(474.04069413871,-329.532174589208,10.7038635992153));
#3173=CARTESIAN_POINT('',(716.55237746791,-318.884132708841,-9.51578488147885));
#3174=CARTESIAN_POINT('',(724.,-320.,5.41754569065441));
#3175=CARTESIAN_POINT('',(469.05237031266,-329.416024846102,14.8481812927134));
#3176=CARTESIAN_POINT('',(469.05237031266,-325.884347589576,14.8481812927134));
#3177=CARTESIAN_POINT('',(474.04320053792,-329.510608267821,8.70421408420428));
#3178=CARTESIAN_POINT('',(716.55237746791,-325.884133142068,12.4889811792187));
#3179=CARTESIAN_POINT('',(716.55237746791,-334.133996153559,12.4889811792188));
#3180=CARTESIAN_POINT('',(469.05239885278,-325.883490631997,5.41754569065441));
#3181=CARTESIAN_POINT('',(469.05239885278,-329.415167888523,5.41754569065441));
#3182=CARTESIAN_POINT('',(716.55237746791,-325.883490563933,5.41754569065441));
#3183=CARTESIAN_POINT('',(716.55237746791,-334.13335316746,5.41754569065439));
#3184=CARTESIAN_POINT('',(469.05237031266,-329.416024846102,14.8481812927134));
#3185=CARTESIAN_POINT('',(469.05237031266,-325.884347589576,14.8481812927134));
#3186=CARTESIAN_POINT('',(469.05237031266,-325.884347589576,14.8481812927134));
#3187=CARTESIAN_POINT('',(469.05239885278,-325.883490631997,5.41754569065441));
#3188=CARTESIAN_POINT('',(469.05237031266,-325.884347589576,14.8481812927134));
#3189=CARTESIAN_POINT('',(551.552372697743,-325.884276107074,14.0617812548819));
#3190=CARTESIAN_POINT('',(634.052375082827,-325.884204624571,13.2753812170503));
#3191=CARTESIAN_POINT('',(716.55237746791,-325.884133142068,12.4889811792187));
#3192=CARTESIAN_POINT('',(474.04320053792,-329.510608267821,8.70421408420428));
#3193=CARTESIAN_POINT('',(474.03601165442,-329.510471215826,8.70413047399657));
#3194=CARTESIAN_POINT('',(474.02882207816,-329.510334157678,8.70412443797551));
#3195=CARTESIAN_POINT('',(474.02163306419,-329.510197117303,8.7041959771949));
#3196=CARTESIAN_POINT('',(474.01416453939,-329.51005474876,8.70427029787867));
#3197=CARTESIAN_POINT('',(474.00669708194,-329.509912408177,8.70442833878134));
#3198=CARTESIAN_POINT('',(473.99923209863,-329.50977012237,8.70467007012931));
#3199=CARTESIAN_POINT('',(473.98451565997,-329.50948962069,8.70514661835625));
#3200=CARTESIAN_POINT('',(473.96981154472,-329.5092093835,8.70594833364777));
#3201=CARTESIAN_POINT('',(473.94044949204,-329.508649848456,8.70820092442372));
#3202=CARTESIAN_POINT('',(473.92579513848,-329.508370618887,8.70965152496201));
#3203=CARTESIAN_POINT('',(473.88194071564,-329.507535089424,8.71497348887922));
#3204=CARTESIAN_POINT('',(473.85287431145,-329.506981425608,8.71981229717815));
#3205=CARTESIAN_POINT('',(473.76641539123,-329.505334895354,8.73816427030796));
#3206=CARTESIAN_POINT('',(473.70996160891,-329.504260269758,8.7554760458263));
#3207=CARTESIAN_POINT('',(473.65536240576,-329.503221441776,8.77766065742648));
#3208=CARTESIAN_POINT('',(473.52872487891,-329.500811981587,8.82911570044334));
#3209=CARTESIAN_POINT('',(473.41398419972,-329.498631627834,8.90600153411826));
#3210=CARTESIAN_POINT('',(473.3182324716,-329.496815147844,9.00356585710112));
#3211=CARTESIAN_POINT('',(473.22253340878,-329.494999666953,9.10107651783156));
#3212=CARTESIAN_POINT('',(473.14783444287,-329.493586208722,9.21717244127845));
#3213=CARTESIAN_POINT('',(473.09874773256,-329.492662044691,9.34468548509811));
#3214=CARTESIAN_POINT('',(473.05347256527,-329.491809641243,9.46229724506807));
#3215=CARTESIAN_POINT('',(473.0308386349,-329.491389538297,9.58741036864332));
#3216=CARTESIAN_POINT('',(473.0320384957,-329.491423870567,9.71343279761315));
#3217=CARTESIAN_POINT('',(473.03323835364,-329.491458202754,9.8394549259902));
#3218=CARTESIAN_POINT('',(473.05825025274,-329.491946348898,9.96411387326839));
#3219=CARTESIAN_POINT('',(473.10575635266,-329.492862589292,10.0808415420226));
#3220=CARTESIAN_POINT('',(473.15726142291,-329.493855957006,10.2073951170554));
#3221=CARTESIAN_POINT('',(473.23415623208,-329.495332256591,10.3220459832811));
#3222=CARTESIAN_POINT('',(473.33169313487,-329.497200338245,10.4177153580071));
#3223=CARTESIAN_POINT('',(473.4292809634,-329.499069395257,10.5134346834088));
#3224=CARTESIAN_POINT('',(473.5454593023,-329.501290937535,10.5881192500689));
#3225=CARTESIAN_POINT('',(473.67304772212,-329.503727662139,10.6371531608591));
#3226=CARTESIAN_POINT('',(473.72815225591,-329.504780066216,10.6583305592275));
#3227=CARTESIAN_POINT('',(473.78502414603,-329.50586571435,10.6745839866272));
#3228=CARTESIAN_POINT('',(473.87196856816,-329.507524687598,10.6912895822082));
#3229=CARTESIAN_POINT('',(473.90117277312,-329.508081807609,10.6955707093651));
#3230=CARTESIAN_POINT('',(473.94519692194,-329.508921463367,10.7000449786081));
#3231=CARTESIAN_POINT('',(473.95990164438,-329.509201891086,10.701211271403));
#3232=CARTESIAN_POINT('',(473.98935189238,-329.509763465087,10.7028921263443));
#3233=CARTESIAN_POINT('',(474.00409381114,-329.510044542608,10.7034064826368));
#3234=CARTESIAN_POINT('',(474.01884169494,-329.510325704155,10.7035943898946));
#3235=CARTESIAN_POINT('',(474.02612475145,-329.510464552242,10.7036871855252));
#3236=CARTESIAN_POINT('',(474.03340860458,-329.510603408274,10.703700359891));
#3237=CARTESIAN_POINT('',(474.04069194929,-329.510742247375,10.7036339106311));
#3238=CARTESIAN_POINT('',(474.0477027112,-329.510875890353,10.7035699482677));
#3239=CARTESIAN_POINT('',(474.05471260639,-329.5110095101,10.703432214269));
#3240=CARTESIAN_POINT('',(474.06172047105,-329.511143084433,10.7032207315022));
#3241=CARTESIAN_POINT('',(474.0765309264,-329.51142538108,10.7027737827913));
#3242=CARTESIAN_POINT('',(474.0913296156,-329.511707423459,10.7019975180548));
#3243=CARTESIAN_POINT('',(474.12088151676,-329.512270581528,10.6997875076498));
#3244=CARTESIAN_POINT('',(474.13563107689,-329.512551627569,10.69835403507));
#3245=CARTESIAN_POINT('',(474.17977141137,-329.51339261101,10.6930709687392));
#3246=CARTESIAN_POINT('',(474.20902833333,-329.51394990765,10.6882414513431));
#3247=CARTESIAN_POINT('',(474.29605408167,-329.515607241592,10.6698678039608));
#3248=CARTESIAN_POINT('',(474.35287561077,-329.516688870404,10.6524759709076));
#3249=CARTESIAN_POINT('',(474.40781954775,-329.517734257252,10.6301492266195));
#3250=CARTESIAN_POINT('',(474.53445059655,-329.520143593756,10.5786920649945));
#3251=CARTESIAN_POINT('',(474.64918493717,-329.52232382669,10.501806410638));
#3252=CARTESIAN_POINT('',(474.74493138679,-329.524140206246,10.4042441994294));
#3253=CARTESIAN_POINT('',(474.84062787159,-329.525955637934,10.3067329005953));
#3254=CARTESIAN_POINT('',(474.91532437383,-329.527369049205,10.1906370475868));
#3255=CARTESIAN_POINT('',(474.96440897625,-329.528293173111,10.0631246395831));
#3256=CARTESIAN_POINT('',(475.00968253894,-329.529145545943,9.9455125838212));
#3257=CARTESIAN_POINT('',(475.03231487824,-329.52956561856,9.82039948588027));
#3258=CARTESIAN_POINT('',(475.03111352932,-329.52953125795,9.69437737171482));
#3259=CARTESIAN_POINT('',(475.02991217753,-329.529496897258,9.56835495695499));
#3260=CARTESIAN_POINT('',(475.00489868716,-329.52900872078,9.4436960143827));
#3261=CARTESIAN_POINT('',(474.95739098857,-329.52809244994,9.32696867195166));
#3262=CARTESIAN_POINT('',(474.9058837987,-329.527099041765,9.2004145014009));
#3263=CARTESIAN_POINT('',(474.82898652496,-329.525622695195,9.08576361171204));
#3264=CARTESIAN_POINT('',(474.73144705678,-329.523754564698,8.99009492411804));
#3265=CARTESIAN_POINT('',(474.63385391048,-329.521885406129,8.89437358795129));
#3266=CARTESIAN_POINT('',(474.51766923073,-329.519663742967,8.81968896282771));
#3267=CARTESIAN_POINT('',(474.39007437441,-329.517226895866,8.77065729375073));
#3268=CARTESIAN_POINT('',(474.33480114535,-329.516171270178,8.74941710621769));
#3269=CARTESIAN_POINT('',(474.27775025948,-329.515082206823,8.73313114662734));
#3270=CARTESIAN_POINT('',(474.19053127676,-329.513417999424,8.71642446963));
#3271=CARTESIAN_POINT('',(474.16123500502,-329.512859124944,8.71215097842024));
#3272=CARTESIAN_POINT('',(474.11707301406,-329.512016843588,8.70770022229148));
#3273=CARTESIAN_POINT('',(474.10232244498,-329.511735542813,8.70654377656109));
#3274=CARTESIAN_POINT('',(474.07278088437,-329.511172230241,8.70488663029924));
#3275=CARTESIAN_POINT('',(474.05799353225,-329.510890287886,8.70438613391536));
#3276=CARTESIAN_POINT('',(474.04320053792,-329.510608267821,8.70421408420428));
#3277=CARTESIAN_POINT('',(716.55237746791,-325.884133142068,12.4889811792187));
#3278=CARTESIAN_POINT('',(716.55237746791,-325.883490563933,5.41754569065441));
#3279=CARTESIAN_POINT('',(716.55237746791,-334.133996153559,12.4889811792188));
#3280=CARTESIAN_POINT('',(716.55237746791,-325.884133142068,12.4889811792187));
#3281=CARTESIAN_POINT('',(716.55237746791,-334.133996153559,12.4889811792188));
#3282=CARTESIAN_POINT('',(634.05237508282,-332.561339051073,13.2753812170503));
#3283=CARTESIAN_POINT('',(551.55237269774,-330.988681948588,14.0617812548819));
#3284=CARTESIAN_POINT('',(469.05237031266,-329.416024846102,14.8481812927134));
#3285=CARTESIAN_POINT('',(469.05239885278,-325.883490631997,5.41754569065441));
#3286=CARTESIAN_POINT('',(469.05239885278,-329.415167888523,5.41754569065441));
#3287=CARTESIAN_POINT('',(716.55237746791,-325.883490563933,5.41754569065441));
#3288=CARTESIAN_POINT('',(469.05239885278,-325.883490631997,5.41754569065441));
#3289=CARTESIAN_POINT('',(469.05239885278,-329.415167888523,5.41754569065441));
#3290=CARTESIAN_POINT('',(716.55237746791,-334.13335316746,5.41754569065439));
#3291=CARTESIAN_POINT('',(716.55237746791,-325.883490563933,5.41754569065441));
#3292=CARTESIAN_POINT('',(716.55237746791,-334.13335316746,5.41754569065439));
#3293=CARTESIAN_POINT('',(469.05239885278,-329.415167888523,5.41754569065441));
#3294=CARTESIAN_POINT('',(469.05237031266,-329.416024846102,14.8481812927134));
#3295=CARTESIAN_POINT('',(716.55237746791,-334.13335316746,5.41754569065439));
#3296=CARTESIAN_POINT('',(716.55237746791,-334.133567496159,7.7746908535092));
#3297=CARTESIAN_POINT('',(716.55237746791,-334.133781824859,10.131836016364));
#3298=CARTESIAN_POINT('',(716.55237746791,-334.133996153559,12.4889811792188));
#3299=CARTESIAN_POINT('',(763.525329096068,-439.212,-2.68118901658454E-6));
#3300=CARTESIAN_POINT('',(728.87916829134,-424.788,9.6462276203578));
#3301=CARTESIAN_POINT('',(482.30279758988,-432.,7.86915287349211));
#3302=CARTESIAN_POINT('',(444.074670903932,-426.,-1.76200294930804));
#3303=CARTESIAN_POINT('',(444.074670903932,-438.,19.2620002681189));
#3304=CARTESIAN_POINT('',(739.09444091339,-439.212,0.587997318810977));
#3305=CARTESIAN_POINT('',(470.90555908661,-424.788,0.587997318811034));
#3306=CARTESIAN_POINT('',(480.75279758988,-439.212,7.04406842896059));
#3307=CARTESIAN_POINT('',(480.75279758988,-440.,15.9999973188112));
#3308=CARTESIAN_POINT('',(480.75279758988,-440.,16.7999973188111));
#3309=CARTESIAN_POINT('',(480.75279758988,-440.,17.5999973188109));
#3310=CARTESIAN_POINT('',(480.35279758988,-440.,17.9999973188109));
#3311=CARTESIAN_POINT('',(479.55279758988,-440.,17.9999973188109));
#3312=CARTESIAN_POINT('',(478.75279758988,-440.,17.9999973188109));
#3313=CARTESIAN_POINT('',(480.75279758988,-424.,15.9999973188111));
#3314=CARTESIAN_POINT('',(480.75279758988,-424.,16.799997318811));
#3315=CARTESIAN_POINT('',(480.75279758988,-424.,17.5999973188109));
#3316=CARTESIAN_POINT('',(480.35279758988,-424.,17.9999973188109));
#3317=CARTESIAN_POINT('',(479.55279758988,-424.,17.9999973188109));
#3318=CARTESIAN_POINT('',(478.75279758988,-424.,17.9999973188109));
#3319=CARTESIAN_POINT('',(472.90555908661,-424.,17.999997318811));
#3320=CARTESIAN_POINT('',(472.90555908661,-440.,17.999997318811));
#3321=CARTESIAN_POINT('',(472.10555908661,-424.,17.999997318811));
#3322=CARTESIAN_POINT('',(472.10555908661,-440.,17.999997318811));
#3323=CARTESIAN_POINT('',(471.305559086609,-424.,17.999997318811));
#3324=CARTESIAN_POINT('',(471.30555908661,-440.,17.999997318811));
#3325=CARTESIAN_POINT('',(470.90555908661,-424.,17.5999973188111));
#3326=CARTESIAN_POINT('',(470.90555908661,-440.,17.5999973188111));
#3327=CARTESIAN_POINT('',(470.90555908661,-424.,16.7999973188111));
#3328=CARTESIAN_POINT('',(470.90555908661,-440.,16.799997318811));
#3329=CARTESIAN_POINT('',(470.90555908661,-424.,15.999997318811));
#3330=CARTESIAN_POINT('',(470.90555908661,-440.,15.999997318811));
#3331=CARTESIAN_POINT('',(472.90555908661,-440.,-2.68118890289682E-6));
#3332=CARTESIAN_POINT('',(472.90555908661,-424.,-2.6811889313193E-6));
#3333=CARTESIAN_POINT('',(472.10555908661,-440.,-2.68118890289203E-6));
#3334=CARTESIAN_POINT('',(472.10555908661,-424.,-2.68118893131987E-6));
#3335=CARTESIAN_POINT('',(471.30555908661,-440.,-2.68118902624348E-6));
#3336=CARTESIAN_POINT('',(471.30555908661,-424.,-2.68118905469295E-6));
#3337=CARTESIAN_POINT('',(470.90555908661,-440.,0.399997318810881));
#3338=CARTESIAN_POINT('',(470.90555908661,-424.,0.399997318810909));
#3339=CARTESIAN_POINT('',(470.90555908661,-440.,1.19999731881101));
#3340=CARTESIAN_POINT('',(470.90555908661,-424.,1.19999731881101));
#3341=CARTESIAN_POINT('',(470.90555908661,-440.,1.99999731881115));
#3342=CARTESIAN_POINT('',(470.90555908661,-424.,1.99999731881115));
#3343=CARTESIAN_POINT('',(737.09444091339,-424.,-2.68118921553763E-6));
#3344=CARTESIAN_POINT('',(737.09444091339,-440.,-2.68118918711531E-6));
#3345=CARTESIAN_POINT('',(737.89444091339,-424.,-2.68118921554393E-6));
#3346=CARTESIAN_POINT('',(737.89444091339,-440.,-2.68118918711875E-6));
#3347=CARTESIAN_POINT('',(738.69444091339,-424.,-2.68118925081888E-6));
#3348=CARTESIAN_POINT('',(738.69444091339,-440.,-2.68118922238363E-6));
#3349=CARTESIAN_POINT('',(739.09444091339,-424.,0.399997318811027));
#3350=CARTESIAN_POINT('',(739.09444091339,-440.,0.399997318811027));
#3351=CARTESIAN_POINT('',(739.09444091339,-424.,1.19999731881101));
#3352=CARTESIAN_POINT('',(739.09444091339,-440.,1.19999731881101));
#3353=CARTESIAN_POINT('',(739.09444091339,-424.,1.99999731881098));
#3354=CARTESIAN_POINT('',(739.09444091339,-440.,1.99999731881098));
#3355=CARTESIAN_POINT('',(730.87916829134,-440.,17.999997318811));
#3356=CARTESIAN_POINT('',(730.07916829134,-440.,17.999997318811));
#3357=CARTESIAN_POINT('',(729.27916829134,-440.,17.999997318811));
#3358=CARTESIAN_POINT('',(728.87916829134,-440.,17.5999973188109));
#3359=CARTESIAN_POINT('',(728.879168291339,-440.,16.7999973188108));
#3360=CARTESIAN_POINT('',(728.87916829134,-440.,15.9999973188108));
#3361=CARTESIAN_POINT('',(730.87916829134,-424.,17.999997318811));
#3362=CARTESIAN_POINT('',(730.07916829134,-424.,17.999997318811));
#3363=CARTESIAN_POINT('',(729.27916829134,-424.,17.999997318811));
#3364=CARTESIAN_POINT('',(728.87916829134,-424.,17.5999973188108));
#3365=CARTESIAN_POINT('',(728.879168291339,-424.,16.7999973188108));
#3366=CARTESIAN_POINT('',(728.87916829134,-424.,15.9999973188108));
#3367=CARTESIAN_POINT('',(737.09444091339,-440.,17.999997318811));
#3368=CARTESIAN_POINT('',(737.09444091339,-424.,17.999997318811));
#3369=CARTESIAN_POINT('',(737.89444091339,-440.,17.999997318811));
#3370=CARTESIAN_POINT('',(737.89444091339,-424.,17.999997318811));
#3371=CARTESIAN_POINT('',(738.69444091339,-440.,17.999997318811));
#3372=CARTESIAN_POINT('',(738.69444091339,-424.,17.999997318811));
#3373=CARTESIAN_POINT('',(739.09444091339,-440.,17.5999973188111));
#3374=CARTESIAN_POINT('',(739.09444091339,-424.,17.5999973188111));
#3375=CARTESIAN_POINT('',(739.09444091339,-440.,16.7999973188111));
#3376=CARTESIAN_POINT('',(739.09444091339,-424.,16.7999973188111));
#3377=CARTESIAN_POINT('',(739.09444091339,-440.,15.999997318811));
#3378=CARTESIAN_POINT('',(739.09444091339,-424.,15.999997318811));
#3379=CARTESIAN_POINT('',(727.32916829134,-432.,10.234752138399));
#3380=CARTESIAN_POINT('',(725.91313592676,-439.,9.60439323867411));
#3381=CARTESIAN_POINT('',(725.80638170914,-439.,9.84420491939557));
#3382=CARTESIAN_POINT('',(725.75039402382,-439.,10.106615755503));
#3383=CARTESIAN_POINT('',(725.51500648808,-439.,10.2026708746354));
#3384=CARTESIAN_POINT('',(725.2525186988,-439.,10.2001677429506));
#3385=CARTESIAN_POINT('',(724.99003090952,-439.,10.1976646112657));
#3386=CARTESIAN_POINT('',(725.91313592676,-425.,9.60439323867411));
#3387=CARTESIAN_POINT('',(725.80638170914,-425.,9.84420491939562));
#3388=CARTESIAN_POINT('',(725.75039402382,-425.,10.106615755503));
#3389=CARTESIAN_POINT('',(725.51500648808,-425.,10.2026708746354));
#3390=CARTESIAN_POINT('',(725.2525186988,-425.,10.2001677429506));
#3391=CARTESIAN_POINT('',(724.99003090952,-425.,10.1976646112658));
#3392=CARTESIAN_POINT('',(460.608612926144,-439.212,7.67647493593533));
#3393=CARTESIAN_POINT('',(484.65429940884,-439.,7.90577901092973));
#3394=CARTESIAN_POINT('',(484.388261963831,-439.,7.90324202907698));
#3395=CARTESIAN_POINT('',(484.12222451882,-439.,7.90070504722435));
#3396=CARTESIAN_POINT('',(483.88609968759,-439.,7.79783371609987));
#3397=CARTESIAN_POINT('',(483.83844516222,-439.,7.5299348138582));
#3398=CARTESIAN_POINT('',(483.73793807283,-439.,7.28360031889849));
#3399=CARTESIAN_POINT('',(484.65429940884,-425.,7.90577901092968));
#3400=CARTESIAN_POINT('',(484.388261963831,-425.,7.90324202907698));
#3401=CARTESIAN_POINT('',(484.12222451882,-425.,7.9007050472243));
#3402=CARTESIAN_POINT('',(483.88609968759,-425.,7.7978337161001));
#3403=CARTESIAN_POINT('',(483.83844516222,-425.,7.52993481385842));
#3404=CARTESIAN_POINT('',(483.73793807283,-425.,7.28360031889861));
#3405=CARTESIAN_POINT('',(733.43325793871,-432.,-1.00000134059492));
#3406=CARTESIAN_POINT('',(733.43325793871,-432.,-1.00000134059492));
#3407=CARTESIAN_POINT('',(733.43325793871,-432.,-1.00000134059492));
#3408=CARTESIAN_POINT('',(733.43325793871,-432.,-1.00000134059492));
#3409=CARTESIAN_POINT('',(733.43325793871,-432.,-1.00000134059492));
#3410=CARTESIAN_POINT('',(732.43325793871,-432.,-1.00000134059492));
#3411=CARTESIAN_POINT('',(732.43325793871,-433.,-1.00000134059492));
#3412=CARTESIAN_POINT('',(733.43325793871,-433.,-1.00000134059492));
#3413=CARTESIAN_POINT('',(734.43325793871,-433.,-1.00000134059492));
#3414=CARTESIAN_POINT('',(734.43325793871,-432.,-1.00000134059492));
#3415=CARTESIAN_POINT('',(732.43325793871,-432.,-1.34059491691558E-6));
#3416=CARTESIAN_POINT('',(732.43325793871,-433.,-1.34059491691558E-6));
#3417=CARTESIAN_POINT('',(733.43325793871,-433.,-1.34059491691558E-6));
#3418=CARTESIAN_POINT('',(734.43325793871,-433.,-1.34059491691558E-6));
#3419=CARTESIAN_POINT('',(734.43325793871,-432.,-1.34059491691558E-6));
#3420=CARTESIAN_POINT('',(732.43325793871,-432.,0.999998659405083));
#3421=CARTESIAN_POINT('',(732.43325793871,-433.,0.999998659405083));
#3422=CARTESIAN_POINT('',(733.43325793871,-433.,0.999998659405083));
#3423=CARTESIAN_POINT('',(734.43325793871,-433.,0.999998659405083));
#3424=CARTESIAN_POINT('',(734.43325793871,-432.,0.999998659405083));
#3425=CARTESIAN_POINT('',(733.43325793871,-432.,0.999998659405083));
#3426=CARTESIAN_POINT('',(733.43325793871,-432.,0.999998659405083));
#3427=CARTESIAN_POINT('',(733.43325793871,-432.,0.999998659405083));
#3428=CARTESIAN_POINT('',(733.43325793871,-432.,0.999998659405083));
#3429=CARTESIAN_POINT('',(733.43325793871,-432.,0.999998659405083));
#3430=CARTESIAN_POINT('',(465.829178338245,-410.5,16.5));
#3431=CARTESIAN_POINT('',(721.829178338231,-412.5,16.5));
#3432=CARTESIAN_POINT('',(733.43325793871,-432.,-1.00000134059492));
#3433=CARTESIAN_POINT('',(733.43325793871,-432.,-1.00000134059492));
#3434=CARTESIAN_POINT('',(733.43325793871,-432.,-1.00000134059492));
#3435=CARTESIAN_POINT('',(733.43325793871,-432.,-1.00000134059492));
#3436=CARTESIAN_POINT('',(733.43325793871,-432.,-1.00000134059492));
#3437=CARTESIAN_POINT('',(734.43325793871,-432.,-1.00000134059492));
#3438=CARTESIAN_POINT('',(734.43325793871,-431.,-1.00000134059492));
#3439=CARTESIAN_POINT('',(733.43325793871,-431.,-1.00000134059492));
#3440=CARTESIAN_POINT('',(732.43325793871,-431.,-1.00000134059492));
#3441=CARTESIAN_POINT('',(732.43325793871,-432.,-1.00000134059492));
#3442=CARTESIAN_POINT('',(734.43325793871,-432.,-1.34059491691558E-6));
#3443=CARTESIAN_POINT('',(734.43325793871,-431.,-1.34059491691558E-6));
#3444=CARTESIAN_POINT('',(733.43325793871,-431.,-1.34059491691558E-6));
#3445=CARTESIAN_POINT('',(732.43325793871,-431.,-1.34059491691558E-6));
#3446=CARTESIAN_POINT('',(732.43325793871,-432.,-1.34059491691558E-6));
#3447=CARTESIAN_POINT('',(734.43325793871,-432.,0.999998659405083));
#3448=CARTESIAN_POINT('',(734.43325793871,-431.,0.999998659405083));
#3449=CARTESIAN_POINT('',(733.43325793871,-431.,0.999998659405083));
#3450=CARTESIAN_POINT('',(732.43325793871,-431.,0.999998659405083));
#3451=CARTESIAN_POINT('',(732.43325793871,-432.,0.999998659405083));
#3452=CARTESIAN_POINT('',(733.43325793871,-432.,0.999998659405083));
#3453=CARTESIAN_POINT('',(733.43325793871,-432.,0.999998659405083));
#3454=CARTESIAN_POINT('',(733.43325793871,-432.,0.999998659405083));
#3455=CARTESIAN_POINT('',(733.43325793871,-432.,0.999998659405083));
#3456=CARTESIAN_POINT('',(733.43325793871,-432.,0.999998659405083));
#3457=CARTESIAN_POINT('',(737.09444091339,-426.,-2.68118910184967E-6));
#3458=CARTESIAN_POINT('',(737.09444091339,-438.,-2.68118910184967E-6));
#3459=CARTESIAN_POINT('',(472.90555908661,-438.,-2.68118901658454E-6));
#3460=CARTESIAN_POINT('',(472.90555908661,-426.,-2.68118895974112E-6));
#3461=CARTESIAN_POINT('',(734.43325793871,-432.,-2.68118901661496E-6));
#3462=CARTESIAN_POINT('',(728.87916829134,-438.,15.999997318811));
#3463=CARTESIAN_POINT('',(728.87916829134,-426.,15.999997318811));
#3464=CARTESIAN_POINT('',(728.87916829134,-426.,10.234752138399));
#3465=CARTESIAN_POINT('',(728.87916829134,-438.,10.234752138399));
#3466=CARTESIAN_POINT('',(483.73793807283,-426.,7.28360031889883));
#3467=CARTESIAN_POINT('',(483.73793807283,-438.,7.28360031889881));
#3468=CARTESIAN_POINT('',(480.75279758988,-426.,7.86915287349245));
#3469=CARTESIAN_POINT('',(480.75279758988,-438.,7.86915287349245));
#3470=CARTESIAN_POINT('',(739.09444091339,-426.,15.999997318811));
#3471=CARTESIAN_POINT('',(739.09444091339,-426.,1.99999731881104));
#3472=CARTESIAN_POINT('',(470.90555908661,-426.,1.9999973188111));
#3473=CARTESIAN_POINT('',(470.90555908661,-426.,15.999997318811));
#3474=CARTESIAN_POINT('',(480.75279758988,-426.,15.999997318811));
#3475=CARTESIAN_POINT('',(484.65429940884,-426.,7.90577901092968));
#3476=CARTESIAN_POINT('',(724.99003090952,-426.,10.1976646112658));
#3477=CARTESIAN_POINT('',(725.91313592676,-426.,9.60439323867407));
#3478=CARTESIAN_POINT('',(725.91313592676,-438.,9.60439323867408));
#3479=CARTESIAN_POINT('',(724.99003090952,-438.,10.1976646112657));
#3480=CARTESIAN_POINT('',(484.65429940884,-438.,7.90577901092979));
#3481=CARTESIAN_POINT('',(480.75279758988,-438.,15.999997318811));
#3482=CARTESIAN_POINT('',(470.90555908661,-438.,15.999997318811));
#3483=CARTESIAN_POINT('',(470.90555908661,-438.,1.99999731881104));
#3484=CARTESIAN_POINT('',(739.09444091339,-438.,1.99999731881098));
#3485=CARTESIAN_POINT('',(739.09444091339,-438.,15.999997318811));
#3486=CARTESIAN_POINT('',(733.43325793871,-432.,0.999998659405026));
#3487=CARTESIAN_POINT('',(470.913217320748,-426.,16.5));
#3488=CARTESIAN_POINT('',(480.745139355743,-426.,16.5));
#3489=CARTESIAN_POINT('',(480.745139355743,-438.,16.5));
#3490=CARTESIAN_POINT('',(470.913217320748,-438.,16.5));
#3491=CARTESIAN_POINT('',(728.886826525478,-426.,16.5));
#3492=CARTESIAN_POINT('',(739.086782679252,-426.,16.5));
#3493=CARTESIAN_POINT('',(739.086782679252,-438.,16.5));
#3494=CARTESIAN_POINT('',(728.886826525478,-438.,16.5));
#3495=CARTESIAN_POINT('',(732.43325793871,-432.,-1.34059491685434E-6));
#3496=CARTESIAN_POINT('',(737.09444091339,-426.,-2.68118910184967E-6));
#3497=CARTESIAN_POINT('',(737.09444091339,-438.,-2.68118910184967E-6));
#3498=CARTESIAN_POINT('',(737.09444091339,-438.,-2.68118910184967E-6));
#3499=CARTESIAN_POINT('',(605.,-438.,-2.68118907342796E-6));
#3500=CARTESIAN_POINT('',(472.90555908661,-438.,-2.68118901658454E-6));
#3501=CARTESIAN_POINT('',(472.90555908661,-438.,-2.68118901658454E-6));
#3502=CARTESIAN_POINT('',(472.90555908661,-426.,-2.68118895974112E-6));
#3503=CARTESIAN_POINT('',(472.90555908661,-426.,-2.68118895974112E-6));
#3504=CARTESIAN_POINT('',(605.,-426.,-2.68118907342796E-6));
#3505=CARTESIAN_POINT('',(737.09444091339,-426.,-2.68118910184967E-6));
#3506=CARTESIAN_POINT('',(734.43325793871,-432.,-2.68118901661496E-6));
#3507=CARTESIAN_POINT('',(734.43325793871,-431.,-1.34059491685434E-6));
#3508=CARTESIAN_POINT('',(733.43325793871,-431.,-1.34059491685434E-6));
#3509=CARTESIAN_POINT('',(732.43325793871,-431.,-1.34059491685434E-6));
#3510=CARTESIAN_POINT('',(732.43325793871,-432.,-1.34059491685434E-6));
#3511=CARTESIAN_POINT('',(728.87916829134,-438.,15.999997318811));
#3512=CARTESIAN_POINT('',(728.87916829134,-426.,15.999997318811));
#3513=CARTESIAN_POINT('',(728.87916829134,-426.,15.999997318811));
#3514=CARTESIAN_POINT('',(728.87916829134,-426.,13.117374728605));
#3515=CARTESIAN_POINT('',(728.87916829134,-426.,10.234752138399));
#3516=CARTESIAN_POINT('',(728.87916829134,-426.,10.234752138399));
#3517=CARTESIAN_POINT('',(728.87916829134,-438.,10.234752138399));
#3518=CARTESIAN_POINT('',(728.87916829134,-438.,10.234752138399));
#3519=CARTESIAN_POINT('',(728.87916829134,-438.,13.117374728605));
#3520=CARTESIAN_POINT('',(728.87916829134,-438.,15.999997318811));
#3521=CARTESIAN_POINT('',(483.73793807283,-426.,7.28360031889883));
#3522=CARTESIAN_POINT('',(483.73793807283,-438.,7.28360031889881));
#3523=CARTESIAN_POINT('',(480.75279758988,-426.,7.86915287349245));
#3524=CARTESIAN_POINT('',(480.752797589879,-426.,6.59365604054028));
#3525=CARTESIAN_POINT('',(482.004441886545,-426.,6.34813877944615));
#3526=CARTESIAN_POINT('',(483.25608618321,-426.,6.10262151835202));
#3527=CARTESIAN_POINT('',(483.73793807283,-426.,7.28360031889883));
#3528=CARTESIAN_POINT('',(480.75279758988,-438.,7.86915287349245));
#3529=CARTESIAN_POINT('',(480.75279758988,-426.,7.86915287349245));
#3530=CARTESIAN_POINT('',(483.73793807283,-438.,7.28360031889881));
#3531=CARTESIAN_POINT('',(483.256086183211,-438.,6.10262151835172));
#3532=CARTESIAN_POINT('',(482.004441886544,-438.,6.3481387794459));
#3533=CARTESIAN_POINT('',(480.752797589879,-438.,6.59365604054008));
#3534=CARTESIAN_POINT('',(480.75279758988,-438.,7.86915287349245));
#3535=CARTESIAN_POINT('',(739.09444091339,-426.,15.999997318811));
#3536=CARTESIAN_POINT('',(739.09444091339,-426.,1.99999731881104));
#3537=CARTESIAN_POINT('',(470.90555908661,-426.,1.9999973188111));
#3538=CARTESIAN_POINT('',(470.90555908661,-426.,15.999997318811));
#3539=CARTESIAN_POINT('',(480.75279758988,-426.,15.999997318811));
#3540=CARTESIAN_POINT('',(480.75279758988,-426.,11.9345750961517));
#3541=CARTESIAN_POINT('',(480.75279758988,-426.,7.86915287349245));
#3542=CARTESIAN_POINT('',(480.75279758988,-438.,7.86915287349245));
#3543=CARTESIAN_POINT('',(480.75279758988,-438.,11.9345750961518));
#3544=CARTESIAN_POINT('',(480.75279758988,-438.,15.999997318811));
#3545=CARTESIAN_POINT('',(470.90555908661,-438.,15.999997318811));
#3546=CARTESIAN_POINT('',(470.90555908661,-438.,1.99999731881104));
#3547=CARTESIAN_POINT('',(739.09444091339,-438.,1.99999731881098));
#3548=CARTESIAN_POINT('',(739.09444091339,-438.,15.999997318811));
#3549=CARTESIAN_POINT('',(739.09444091339,-438.,1.99999731881098));
#3550=CARTESIAN_POINT('',(739.09444091339,-426.,1.99999731881104));
#3551=CARTESIAN_POINT('',(739.09444091339,-426.,15.999997318811));
#3552=CARTESIAN_POINT('',(739.09444091339,-438.,15.999997318811));
#3553=CARTESIAN_POINT('',(470.90555908661,-438.,15.999997318811));
#3554=CARTESIAN_POINT('',(470.90555908661,-426.,15.999997318811));
#3555=CARTESIAN_POINT('',(470.90555908661,-426.,1.9999973188111));
#3556=CARTESIAN_POINT('',(470.90555908661,-438.,1.99999731881104));
#3557=CARTESIAN_POINT('',(480.75279758988,-426.,15.999997318811));
#3558=CARTESIAN_POINT('',(480.75279758988,-438.,15.999997318811));
#3559=CARTESIAN_POINT('',(480.75279758988,-438.,15.999997318811));
#3560=CARTESIAN_POINT('',(480.75279758988,-438.,16.1015295018763));
#3561=CARTESIAN_POINT('',(480.75279758988,-438.,16.2030616849416));
#3562=CARTESIAN_POINT('',(480.751979876314,-438.,16.3037761544409));
#3563=CARTESIAN_POINT('',(480.749630515921,-438.,16.4029589771128));
#3564=CARTESIAN_POINT('',(480.745139355743,-438.,16.5));
#3565=CARTESIAN_POINT('',(470.90555908661,-426.,15.999997318811));
#3566=CARTESIAN_POINT('',(470.90555908661,-426.,16.1015295018763));
#3567=CARTESIAN_POINT('',(470.90555908661,-426.,16.2030616849416));
#3568=CARTESIAN_POINT('',(470.906376800176,-426.,16.3037761544409));
#3569=CARTESIAN_POINT('',(470.90872616057,-426.,16.4029589771128));
#3570=CARTESIAN_POINT('',(470.913217320748,-426.,16.5));
#3571=CARTESIAN_POINT('',(470.90555908661,-438.,1.99999731881104));
#3572=CARTESIAN_POINT('',(470.90555908661,-438.,1.199997318811));
#3573=CARTESIAN_POINT('',(470.90555908661,-438.,0.399997318810932));
#3574=CARTESIAN_POINT('',(471.30555908661,-438.,-2.68118901667336E-6));
#3575=CARTESIAN_POINT('',(472.10555908661,-438.,-2.68118901662895E-6));
#3576=CARTESIAN_POINT('',(472.90555908661,-438.,-2.68118901658454E-6));
#3577=CARTESIAN_POINT('',(472.90555908661,-426.,-2.68118895974112E-6));
#3578=CARTESIAN_POINT('',(472.10555908661,-426.,-2.68118895974112E-6));
#3579=CARTESIAN_POINT('',(471.30555908661,-426.,-2.68118898816283E-6));
#3580=CARTESIAN_POINT('',(470.90555908661,-426.,0.399997318811046));
#3581=CARTESIAN_POINT('',(470.90555908661,-426.,1.19999731881103));
#3582=CARTESIAN_POINT('',(470.90555908661,-426.,1.9999973188111));
#3583=CARTESIAN_POINT('',(739.09444091339,-426.,1.99999731881104));
#3584=CARTESIAN_POINT('',(739.09444091339,-426.,1.19999731881109));
#3585=CARTESIAN_POINT('',(739.09444091339,-426.,0.399997318811103));
#3586=CARTESIAN_POINT('',(738.69444091339,-426.,-2.6811891303602E-6));
#3587=CARTESIAN_POINT('',(737.89444091339,-426.,-2.68118913031579E-6));
#3588=CARTESIAN_POINT('',(737.09444091339,-426.,-2.68118910184967E-6));
#3589=CARTESIAN_POINT('',(737.09444091339,-438.,-2.68118910184967E-6));
#3590=CARTESIAN_POINT('',(737.89444091339,-438.,-2.68118913027138E-6));
#3591=CARTESIAN_POINT('',(738.69444091339,-438.,-2.68118913027138E-6));
#3592=CARTESIAN_POINT('',(739.09444091339,-438.,0.399997318811018));
#3593=CARTESIAN_POINT('',(739.09444091339,-438.,1.199997318811));
#3594=CARTESIAN_POINT('',(739.09444091339,-438.,1.99999731881098));
#3595=CARTESIAN_POINT('',(728.87916829134,-426.,15.999997318811));
#3596=CARTESIAN_POINT('',(728.87916829134,-426.,16.1015295018763));
#3597=CARTESIAN_POINT('',(728.87916829134,-426.,16.2030616849416));
#3598=CARTESIAN_POINT('',(728.879986004906,-426.,16.3037761544409));
#3599=CARTESIAN_POINT('',(728.8823353653,-426.,16.4029589771128));
#3600=CARTESIAN_POINT('',(728.886826525478,-426.,16.5));
#3601=CARTESIAN_POINT('',(739.09444091339,-438.,15.999997318811));
#3602=CARTESIAN_POINT('',(739.09444091339,-438.,16.1015295018763));
#3603=CARTESIAN_POINT('',(739.09444091339,-438.,16.2030616849416));
#3604=CARTESIAN_POINT('',(739.093623199824,-438.,16.3037761544409));
#3605=CARTESIAN_POINT('',(739.09127383943,-438.,16.4029589771128));
#3606=CARTESIAN_POINT('',(739.086782679252,-438.,16.5));
#3607=CARTESIAN_POINT('',(728.87916829134,-438.,10.234752138399));
#3608=CARTESIAN_POINT('',(728.87916829134,-438.,8.97954932542415));
#3609=CARTESIAN_POINT('',(727.651387032959,-438.,8.71861392486059));
#3610=CARTESIAN_POINT('',(726.423605774578,-438.,8.45767852429702));
#3611=CARTESIAN_POINT('',(725.91313592676,-438.,9.60439323867408));
#3612=CARTESIAN_POINT('',(725.91313592676,-426.,9.60439323867407));
#3613=CARTESIAN_POINT('',(726.423605774578,-426.,8.45767852429705));
#3614=CARTESIAN_POINT('',(727.651387032959,-426.,8.71861392486063));
#3615=CARTESIAN_POINT('',(728.879168291341,-426.,8.97954932542422));
#3616=CARTESIAN_POINT('',(728.87916829134,-426.,10.234752138399));
#3617=CARTESIAN_POINT('',(725.91313592676,-438.,9.60439323867408));
#3618=CARTESIAN_POINT('',(725.91313592676,-426.,9.60439323867407));
#3619=CARTESIAN_POINT('',(724.99003090952,-426.,10.1976646112658));
#3620=CARTESIAN_POINT('',(725.2525186988,-426.,10.2001677429506));
#3621=CARTESIAN_POINT('',(725.51500648808,-426.,10.2026708746354));
#3622=CARTESIAN_POINT('',(725.75039402382,-426.,10.1066157555029));
#3623=CARTESIAN_POINT('',(725.80638170914,-426.,9.84420491939559));
#3624=CARTESIAN_POINT('',(725.91313592676,-426.,9.60439323867407));
#3625=CARTESIAN_POINT('',(724.99003090952,-426.,10.1976646112658));
#3626=CARTESIAN_POINT('',(724.99003090952,-438.,10.1976646112657));
#3627=CARTESIAN_POINT('',(725.91313592676,-438.,9.60439323867408));
#3628=CARTESIAN_POINT('',(725.80638170914,-438.,9.8442049193956));
#3629=CARTESIAN_POINT('',(725.75039402382,-438.,10.106615755503));
#3630=CARTESIAN_POINT('',(725.51500648808,-438.,10.2026708746354));
#3631=CARTESIAN_POINT('',(725.2525186988,-438.,10.2001677429505));
#3632=CARTESIAN_POINT('',(724.99003090952,-438.,10.1976646112657));
#3633=CARTESIAN_POINT('',(724.99003090952,-438.,10.1976646112657));
#3634=CARTESIAN_POINT('',(604.82216515918,-438.,9.05172181109776));
#3635=CARTESIAN_POINT('',(484.65429940884,-438.,7.90577901092979));
#3636=CARTESIAN_POINT('',(484.65429940884,-426.,7.90577901092968));
#3637=CARTESIAN_POINT('',(604.82216515918,-426.,9.05172181109776));
#3638=CARTESIAN_POINT('',(724.99003090952,-426.,10.1976646112658));
#3639=CARTESIAN_POINT('',(484.65429940884,-426.,7.90577901092968));
#3640=CARTESIAN_POINT('',(484.65429940884,-438.,7.90577901092979));
#3641=CARTESIAN_POINT('',(483.73793807283,-426.,7.28360031889883));
#3642=CARTESIAN_POINT('',(483.83844516222,-426.,7.52993481385852));
#3643=CARTESIAN_POINT('',(483.88609968759,-426.,7.79783371610017));
#3644=CARTESIAN_POINT('',(484.12222451882,-426.,7.90070504722439));
#3645=CARTESIAN_POINT('',(484.38826196383,-426.,7.90324202907709));
#3646=CARTESIAN_POINT('',(484.65429940884,-426.,7.90577901092968));
#3647=CARTESIAN_POINT('',(484.65429940884,-438.,7.90577901092979));
#3648=CARTESIAN_POINT('',(484.38826196383,-438.,7.90324202907709));
#3649=CARTESIAN_POINT('',(484.12222451882,-438.,7.90070504722451));
#3650=CARTESIAN_POINT('',(483.88609968759,-438.,7.79783371610006));
#3651=CARTESIAN_POINT('',(483.83844516222,-438.,7.52993481385846));
#3652=CARTESIAN_POINT('',(483.73793807283,-438.,7.28360031889881));
#3653=CARTESIAN_POINT('',(734.43325793871,-432.,-2.68118901661496E-6));
#3654=CARTESIAN_POINT('',(734.433258494003,-432.,0.414211273835203));
#3655=CARTESIAN_POINT('',(734.140365193869,-432.,0.707104966620633));
#3656=CARTESIAN_POINT('',(733.847471893735,-432.,0.999998659406062));
#3657=CARTESIAN_POINT('',(733.43325793871,-432.,0.999998659405026));
#3658=CARTESIAN_POINT('',(470.913217320748,-426.,16.5));
#3659=CARTESIAN_POINT('',(480.745139355743,-426.,16.5));
#3660=CARTESIAN_POINT('',(480.745139355743,-438.,16.5));
#3661=CARTESIAN_POINT('',(470.913217320748,-438.,16.5));
#3662=CARTESIAN_POINT('',(480.745139355743,-426.,16.5));
#3663=CARTESIAN_POINT('',(480.745139355743,-438.,16.5));
#3664=CARTESIAN_POINT('',(470.913217320748,-438.,16.5));
#3665=CARTESIAN_POINT('',(470.913217320748,-426.,16.5));
#3666=CARTESIAN_POINT('',(480.745139355743,-426.,16.5));
#3667=CARTESIAN_POINT('',(480.749630515921,-426.,16.4029589771128));
#3668=CARTESIAN_POINT('',(480.751979876314,-426.,16.3037761544409));
#3669=CARTESIAN_POINT('',(480.75279758988,-426.,16.2030616849416));
#3670=CARTESIAN_POINT('',(480.75279758988,-426.,16.1015295018763));
#3671=CARTESIAN_POINT('',(480.75279758988,-426.,15.999997318811));
#3672=CARTESIAN_POINT('',(470.913217320748,-438.,16.5));
#3673=CARTESIAN_POINT('',(470.90872616057,-438.,16.4029589771128));
#3674=CARTESIAN_POINT('',(470.906376800176,-438.,16.3037761544409));
#3675=CARTESIAN_POINT('',(470.90555908661,-438.,16.2030616849416));
#3676=CARTESIAN_POINT('',(470.90555908661,-438.,16.1015295018763));
#3677=CARTESIAN_POINT('',(470.90555908661,-438.,15.999997318811));
#3678=CARTESIAN_POINT('',(728.886826525478,-426.,16.5));
#3679=CARTESIAN_POINT('',(739.086782679252,-426.,16.5));
#3680=CARTESIAN_POINT('',(739.086782679252,-438.,16.5));
#3681=CARTESIAN_POINT('',(728.886826525478,-438.,16.5));
#3682=CARTESIAN_POINT('',(728.886826525478,-438.,16.5));
#3683=CARTESIAN_POINT('',(728.886826525478,-426.,16.5));
#3684=CARTESIAN_POINT('',(739.086782679252,-426.,16.5));
#3685=CARTESIAN_POINT('',(739.086782679252,-438.,16.5));
#3686=CARTESIAN_POINT('',(728.886826525478,-438.,16.5));
#3687=CARTESIAN_POINT('',(728.8823353653,-438.,16.4029589771128));
#3688=CARTESIAN_POINT('',(728.879986004906,-438.,16.3037761544409));
#3689=CARTESIAN_POINT('',(728.87916829134,-438.,16.2030616849416));
#3690=CARTESIAN_POINT('',(728.87916829134,-438.,16.1015295018763));
#3691=CARTESIAN_POINT('',(728.87916829134,-438.,15.999997318811));
#3692=CARTESIAN_POINT('',(739.086782679252,-426.,16.5));
#3693=CARTESIAN_POINT('',(739.09127383943,-426.,16.4029589771128));
#3694=CARTESIAN_POINT('',(739.093623199824,-426.,16.3037761544409));
#3695=CARTESIAN_POINT('',(739.09444091339,-426.,16.2030616849416));
#3696=CARTESIAN_POINT('',(739.09444091339,-426.,16.1015295018763));
#3697=CARTESIAN_POINT('',(739.09444091339,-426.,15.999997318811));
#3698=CARTESIAN_POINT('',(732.43325793871,-432.,-1.34059603348299E-6));
#3699=CARTESIAN_POINT('',(732.433257938709,-432.,0.999998659405083));
#3700=CARTESIAN_POINT('',(733.43325793871,-432.,0.999998659405083));
#3701=CARTESIAN_POINT('',(732.43325793871,-432.,-1.34059491685434E-6));
#3702=CARTESIAN_POINT('',(732.43325793871,-433.,-1.34059491685434E-6));
#3703=CARTESIAN_POINT('',(733.43325793871,-433.,-1.34059491685434E-6));
#3704=CARTESIAN_POINT('',(734.43325793871,-433.,-1.34059491685434E-6));
#3705=CARTESIAN_POINT('',(734.43325793871,-432.,-2.68118901661496E-6));
#3706=CARTESIAN_POINT('',(763.525325540128,-493.212,-2.68118901658454E-6));
#3707=CARTESIAN_POINT('',(481.19204232194,-493.212,9.09940809673402));
#3708=CARTESIAN_POINT('',(460.15788489986,-493.212,9.33666141388834));
#3709=CARTESIAN_POINT('',(444.074667347992,-492.,19.2620002681189));
#3710=CARTESIAN_POINT('',(444.074667347992,-480.,-1.76200294930801));
#3711=CARTESIAN_POINT('',(727.83092414872,-486.,14.4689616295411));
#3712=CARTESIAN_POINT('',(482.74204232194,-486.,9.73764348055927));
#3713=CARTESIAN_POINT('',(482.74204232194,-486.,9.73764348055927));
#3714=CARTESIAN_POINT('',(739.09443735745,-493.212,0.587997318811034));
#3715=CARTESIAN_POINT('',(470.90555553067,-478.788,0.587997318810839));
#3716=CARTESIAN_POINT('',(729.38092414872,-478.788,14.3038580606142));
#3717=CARTESIAN_POINT('',(729.38092414872,-478.,15.9999973188112));
#3718=CARTESIAN_POINT('',(729.38092414872,-478.,16.7999973188112));
#3719=CARTESIAN_POINT('',(729.38092414872,-478.,17.5999973188112));
#3720=CARTESIAN_POINT('',(729.78092414872,-478.,17.9999973188112));
#3721=CARTESIAN_POINT('',(730.58092414872,-478.,17.9999973188112));
#3722=CARTESIAN_POINT('',(731.38092414872,-478.,17.9999973188112));
#3723=CARTESIAN_POINT('',(729.38092414872,-494.,15.9999973188112));
#3724=CARTESIAN_POINT('',(729.38092414872,-494.,16.7999973188112));
#3725=CARTESIAN_POINT('',(729.38092414872,-494.,17.5999973188112));
#3726=CARTESIAN_POINT('',(729.78092414872,-494.,17.9999973188112));
#3727=CARTESIAN_POINT('',(730.58092414872,-494.,17.9999973188112));
#3728=CARTESIAN_POINT('',(731.38092414872,-494.,17.9999973188112));
#3729=CARTESIAN_POINT('',(737.09443735745,-494.000000000001,17.999997318811));
#3730=CARTESIAN_POINT('',(737.09443735745,-478.,17.999997318811));
#3731=CARTESIAN_POINT('',(737.89443735745,-494.000000000001,17.999997318811));
#3732=CARTESIAN_POINT('',(737.89443735745,-478.,17.999997318811));
#3733=CARTESIAN_POINT('',(738.69443735745,-494.000000000001,17.999997318811));
#3734=CARTESIAN_POINT('',(738.69443735745,-478.,17.999997318811));
#3735=CARTESIAN_POINT('',(739.09443735745,-494.,17.5999973188109));
#3736=CARTESIAN_POINT('',(739.09443735745,-478.,17.599997318811));
#3737=CARTESIAN_POINT('',(739.09443735745,-494.,16.7999973188109));
#3738=CARTESIAN_POINT('',(739.09443735745,-478.,16.7999973188109));
#3739=CARTESIAN_POINT('',(739.09443735745,-494.,15.999997318811));
#3740=CARTESIAN_POINT('',(739.09443735745,-478.,15.999997318811));
#3741=CARTESIAN_POINT('',(737.09443735745,-478.,-2.68118904500534E-6));
#3742=CARTESIAN_POINT('',(737.09443735745,-494.,-2.68118907342855E-6));
#3743=CARTESIAN_POINT('',(737.89443735745,-478.,-2.68118904500034E-6));
#3744=CARTESIAN_POINT('',(737.89443735745,-494.,-2.68118907343085E-6));
#3745=CARTESIAN_POINT('',(738.694437357449,-478.,-2.68118904497912E-6));
#3746=CARTESIAN_POINT('',(738.694437357449,-494.,-2.68118907343427E-6));
#3747=CARTESIAN_POINT('',(739.09443735745,-478.,0.399997318810863));
#3748=CARTESIAN_POINT('',(739.09443735745,-494.000000000001,0.399997318810863));
#3749=CARTESIAN_POINT('',(739.09443735745,-478.,1.19999731881098));
#3750=CARTESIAN_POINT('',(739.09443735745,-494.000000000001,1.19999731881096));
#3751=CARTESIAN_POINT('',(739.09443735745,-478.,1.99999731881112));
#3752=CARTESIAN_POINT('',(739.09443735745,-494.000000000001,1.99999731881106));
#3753=CARTESIAN_POINT('',(472.90555553067,-494.,-2.68118907342758E-6));
#3754=CARTESIAN_POINT('',(472.90555553067,-478.,-2.68118907342753E-6));
#3755=CARTESIAN_POINT('',(472.10555553067,-494.,-2.68118907342675E-6));
#3756=CARTESIAN_POINT('',(472.10555553067,-478.,-2.6811890734251E-6));
#3757=CARTESIAN_POINT('',(471.305555530671,-494.,-2.68118913648391E-6));
#3758=CARTESIAN_POINT('',(471.305555530671,-478.,-2.68118913647253E-6));
#3759=CARTESIAN_POINT('',(470.90555553067,-494.,0.399997318810877));
#3760=CARTESIAN_POINT('',(470.90555553067,-478.,0.399997318810877));
#3761=CARTESIAN_POINT('',(470.90555553067,-494.,1.19999731881093));
#3762=CARTESIAN_POINT('',(470.90555553067,-478.,1.1999973188109));
#3763=CARTESIAN_POINT('',(470.90555553067,-494.,1.99999731881095));
#3764=CARTESIAN_POINT('',(470.90555553067,-478.,1.99999731881093));
#3765=CARTESIAN_POINT('',(472.90555553067,-478.,17.999997318811));
#3766=CARTESIAN_POINT('',(472.90555553067,-494.,17.9999973188111));
#3767=CARTESIAN_POINT('',(472.10555553067,-478.,17.999997318811));
#3768=CARTESIAN_POINT('',(472.10555553067,-494.,17.9999973188111));
#3769=CARTESIAN_POINT('',(471.30555553067,-478.,17.999997318811));
#3770=CARTESIAN_POINT('',(471.30555553067,-494.,17.9999973188111));
#3771=CARTESIAN_POINT('',(470.90555553067,-478.,17.5999973188112));
#3772=CARTESIAN_POINT('',(470.90555553067,-494.,17.5999973188112));
#3773=CARTESIAN_POINT('',(470.90555553067,-478.,16.7999973188112));
#3774=CARTESIAN_POINT('',(470.90555553067,-494.,16.7999973188112));
#3775=CARTESIAN_POINT('',(470.90555553067,-478.,15.9999973188112));
#3776=CARTESIAN_POINT('',(470.90555553067,-494.,15.9999973188112));
#3777=CARTESIAN_POINT('',(479.19204232194,-478.,17.9999973188109));
#3778=CARTESIAN_POINT('',(479.99204232194,-478.,17.9999973188109));
#3779=CARTESIAN_POINT('',(480.79204232194,-478.,17.9999973188109));
#3780=CARTESIAN_POINT('',(481.19204232194,-478.,17.5999973188109));
#3781=CARTESIAN_POINT('',(481.19204232194,-478.,16.7999973188109));
#3782=CARTESIAN_POINT('',(481.19204232194,-478.,15.9999973188109));
#3783=CARTESIAN_POINT('',(479.19204232194,-494.,17.9999973188109));
#3784=CARTESIAN_POINT('',(479.99204232194,-494.,17.9999973188109));
#3785=CARTESIAN_POINT('',(480.79204232194,-494.,17.9999973188109));
#3786=CARTESIAN_POINT('',(481.19204232194,-494.,17.5999973188109));
#3787=CARTESIAN_POINT('',(481.19204232194,-494.,16.7999973188109));
#3788=CARTESIAN_POINT('',(481.19204232194,-494.,15.9999973188109));
#3789=CARTESIAN_POINT('',(725.49898550365,-493.000000000001,14.3949587707932));
#3790=CARTESIAN_POINT('',(725.49898550365,-479.,14.3949587707931));
#3791=CARTESIAN_POINT('',(725.75963350443,-493.000000000001,14.3999276018203));
#3792=CARTESIAN_POINT('',(725.75963350443,-479.,14.3999276018203));
#3793=CARTESIAN_POINT('',(726.02028150522,-493.000000000001,14.4048964328475));
#3794=CARTESIAN_POINT('',(726.02028150522,-479.,14.4048964328474));
#3795=CARTESIAN_POINT('',(726.25520732436,-493.,14.3122340827707));
#3796=CARTESIAN_POINT('',(726.25520732436,-478.999999999999,14.3122340827707));
#3797=CARTESIAN_POINT('',(726.31527621298,-493.,14.0527004080705));
#3798=CARTESIAN_POINT('',(726.31527621298,-478.999999999999,14.0527004080705));
#3799=CARTESIAN_POINT('',(726.42505668456,-493.,13.8162467812102));
#3800=CARTESIAN_POINT('',(726.42505668456,-478.999999999999,13.8162467812101));
#3801=CARTESIAN_POINT('',(729.550722647348,-492.3,17.3251651902611));
#3802=CARTESIAN_POINT('',(729.550722647348,-479.7,17.3251651902611));
#3803=CARTESIAN_POINT('',(729.582828089679,-492.3,17.395099114156));
#3804=CARTESIAN_POINT('',(729.582828089679,-479.7,17.395099114156));
#3805=CARTESIAN_POINT('',(729.620440147219,-492.3,17.4625050472394));
#3806=CARTESIAN_POINT('',(729.620440147219,-479.7,17.4625050472394));
#3807=CARTESIAN_POINT('',(729.669461937508,-492.3,17.5));
#3808=CARTESIAN_POINT('',(729.669461937509,-479.7,17.5));
#3809=CARTESIAN_POINT('',(729.746413306159,-492.3,17.5));
#3810=CARTESIAN_POINT('',(729.746413306159,-479.7,17.5));
#3811=CARTESIAN_POINT('',(729.82336467482,-492.3,17.5));
#3812=CARTESIAN_POINT('',(729.82336467482,-479.7,17.5));
#3813=CARTESIAN_POINT('',(728.928501459168,-493.212,17.5));
#3814=CARTESIAN_POINT('',(738.924638858814,-492.3,17.3251651902572));
#3815=CARTESIAN_POINT('',(738.892533416483,-492.3,17.395099114153));
#3816=CARTESIAN_POINT('',(738.854921358943,-492.3,17.4625050472381));
#3817=CARTESIAN_POINT('',(738.805899568663,-492.3,17.5));
#3818=CARTESIAN_POINT('',(738.728948200002,-492.3,17.5));
#3819=CARTESIAN_POINT('',(738.65199683134,-492.3,17.5));
#3820=CARTESIAN_POINT('',(738.924638858814,-479.7,17.3251651902572));
#3821=CARTESIAN_POINT('',(738.892533416483,-479.7,17.395099114153));
#3822=CARTESIAN_POINT('',(738.854921358943,-479.7,17.4625050472382));
#3823=CARTESIAN_POINT('',(738.805899568663,-479.7,17.5));
#3824=CARTESIAN_POINT('',(738.728948200002,-479.7,17.5));
#3825=CARTESIAN_POINT('',(738.65199683134,-479.7,17.5));
#3826=CARTESIAN_POINT('',(729.43325793871,-486.,-1.00000134059492));
#3827=CARTESIAN_POINT('',(729.43325793871,-486.,-1.00000134059492));
#3828=CARTESIAN_POINT('',(729.43325793871,-486.,-1.00000134059492));
#3829=CARTESIAN_POINT('',(729.43325793871,-486.,-1.00000134059492));
#3830=CARTESIAN_POINT('',(729.43325793871,-486.,-1.00000134059492));
#3831=CARTESIAN_POINT('',(728.43325793871,-486.,-1.00000134059492));
#3832=CARTESIAN_POINT('',(728.43325793871,-487.,-1.00000134059492));
#3833=CARTESIAN_POINT('',(729.43325793871,-487.,-1.00000134059492));
#3834=CARTESIAN_POINT('',(730.43325793871,-487.,-1.00000134059492));
#3835=CARTESIAN_POINT('',(730.43325793871,-486.,-1.00000134059492));
#3836=CARTESIAN_POINT('',(728.43325793871,-486.,-1.34059491691558E-6));
#3837=CARTESIAN_POINT('',(728.43325793871,-487.,-1.34059491691558E-6));
#3838=CARTESIAN_POINT('',(729.43325793871,-487.,-1.34059491691558E-6));
#3839=CARTESIAN_POINT('',(730.43325793871,-487.,-1.34059491691558E-6));
#3840=CARTESIAN_POINT('',(730.43325793871,-486.,-1.34059491691558E-6));
#3841=CARTESIAN_POINT('',(728.43325793871,-486.,0.999998659405083));
#3842=CARTESIAN_POINT('',(728.43325793871,-487.,0.999998659405083));
#3843=CARTESIAN_POINT('',(729.43325793871,-487.,0.999998659405083));
#3844=CARTESIAN_POINT('',(730.43325793871,-487.,0.999998659405083));
#3845=CARTESIAN_POINT('',(730.43325793871,-486.,0.999998659405083));
#3846=CARTESIAN_POINT('',(729.43325793871,-486.,0.999998659405083));
#3847=CARTESIAN_POINT('',(729.43325793871,-486.,0.999998659405083));
#3848=CARTESIAN_POINT('',(729.43325793871,-486.,0.999998659405083));
#3849=CARTESIAN_POINT('',(729.43325793871,-486.,0.999998659405083));
#3850=CARTESIAN_POINT('',(729.43325793871,-486.,0.999998659405083));
#3851=CARTESIAN_POINT('',(733.43325793871,-486.,-1.00000134059492));
#3852=CARTESIAN_POINT('',(733.43325793871,-486.,-1.00000134059492));
#3853=CARTESIAN_POINT('',(733.43325793871,-486.,-1.00000134059492));
#3854=CARTESIAN_POINT('',(733.43325793871,-486.,-1.00000134059492));
#3855=CARTESIAN_POINT('',(733.43325793871,-486.,-1.00000134059492));
#3856=CARTESIAN_POINT('',(732.43325793871,-486.,-1.00000134059492));
#3857=CARTESIAN_POINT('',(732.43325793871,-487.,-1.00000134059492));
#3858=CARTESIAN_POINT('',(733.43325793871,-487.,-1.00000134059492));
#3859=CARTESIAN_POINT('',(734.43325793871,-487.,-1.00000134059492));
#3860=CARTESIAN_POINT('',(734.43325793871,-486.,-1.00000134059492));
#3861=CARTESIAN_POINT('',(732.43325793871,-486.,-1.34059491691558E-6));
#3862=CARTESIAN_POINT('',(732.43325793871,-487.,-1.34059491691558E-6));
#3863=CARTESIAN_POINT('',(733.43325793871,-487.,-1.34059491691558E-6));
#3864=CARTESIAN_POINT('',(734.43325793871,-487.,-1.34059491691558E-6));
#3865=CARTESIAN_POINT('',(734.43325793871,-486.,-1.34059491691558E-6));
#3866=CARTESIAN_POINT('',(732.43325793871,-486.,0.999998659405083));
#3867=CARTESIAN_POINT('',(732.43325793871,-487.,0.999998659405083));
#3868=CARTESIAN_POINT('',(733.43325793871,-487.,0.999998659405083));
#3869=CARTESIAN_POINT('',(734.43325793871,-487.,0.999998659405083));
#3870=CARTESIAN_POINT('',(734.43325793871,-486.,0.999998659405083));
#3871=CARTESIAN_POINT('',(733.43325793871,-486.,0.999998659405083));
#3872=CARTESIAN_POINT('',(733.43325793871,-486.,0.999998659405083));
#3873=CARTESIAN_POINT('',(733.43325793871,-486.,0.999998659405083));
#3874=CARTESIAN_POINT('',(733.43325793871,-486.,0.999998659405083));
#3875=CARTESIAN_POINT('',(733.43325793871,-486.,0.999998659405083));
#3876=CARTESIAN_POINT('',(465.829178338245,-410.5,16.5));
#3877=CARTESIAN_POINT('',(729.43325793871,-486.,-1.00000134059492));
#3878=CARTESIAN_POINT('',(729.43325793871,-486.,-1.00000134059492));
#3879=CARTESIAN_POINT('',(729.43325793871,-486.,-1.00000134059492));
#3880=CARTESIAN_POINT('',(729.43325793871,-486.,-1.00000134059492));
#3881=CARTESIAN_POINT('',(729.43325793871,-486.,-1.00000134059492));
#3882=CARTESIAN_POINT('',(730.43325793871,-486.,-1.00000134059492));
#3883=CARTESIAN_POINT('',(730.43325793871,-485.,-1.00000134059492));
#3884=CARTESIAN_POINT('',(729.43325793871,-485.,-1.00000134059492));
#3885=CARTESIAN_POINT('',(728.43325793871,-485.,-1.00000134059492));
#3886=CARTESIAN_POINT('',(728.43325793871,-486.,-1.00000134059492));
#3887=CARTESIAN_POINT('',(730.43325793871,-486.,-1.34059491691558E-6));
#3888=CARTESIAN_POINT('',(730.43325793871,-485.,-1.34059491691558E-6));
#3889=CARTESIAN_POINT('',(729.43325793871,-485.,-1.34059491691558E-6));
#3890=CARTESIAN_POINT('',(728.43325793871,-485.,-1.34059491691558E-6));
#3891=CARTESIAN_POINT('',(728.43325793871,-486.,-1.34059491691558E-6));
#3892=CARTESIAN_POINT('',(730.43325793871,-486.,0.999998659405083));
#3893=CARTESIAN_POINT('',(730.43325793871,-485.,0.999998659405083));
#3894=CARTESIAN_POINT('',(729.43325793871,-485.,0.999998659405083));
#3895=CARTESIAN_POINT('',(728.43325793871,-485.,0.999998659405083));
#3896=CARTESIAN_POINT('',(728.43325793871,-486.,0.999998659405083));
#3897=CARTESIAN_POINT('',(729.43325793871,-486.,0.999998659405083));
#3898=CARTESIAN_POINT('',(729.43325793871,-486.,0.999998659405083));
#3899=CARTESIAN_POINT('',(729.43325793871,-486.,0.999998659405083));
#3900=CARTESIAN_POINT('',(729.43325793871,-486.,0.999998659405083));
#3901=CARTESIAN_POINT('',(729.43325793871,-486.,0.999998659405083));
#3902=CARTESIAN_POINT('',(733.43325793871,-486.,-1.00000134059492));
#3903=CARTESIAN_POINT('',(733.43325793871,-486.,-1.00000134059492));
#3904=CARTESIAN_POINT('',(733.43325793871,-486.,-1.00000134059492));
#3905=CARTESIAN_POINT('',(733.43325793871,-486.,-1.00000134059492));
#3906=CARTESIAN_POINT('',(733.43325793871,-486.,-1.00000134059492));
#3907=CARTESIAN_POINT('',(734.43325793871,-486.,-1.00000134059492));
#3908=CARTESIAN_POINT('',(734.43325793871,-485.,-1.00000134059492));
#3909=CARTESIAN_POINT('',(733.43325793871,-485.,-1.00000134059492));
#3910=CARTESIAN_POINT('',(732.43325793871,-485.,-1.00000134059492));
#3911=CARTESIAN_POINT('',(732.43325793871,-486.,-1.00000134059492));
#3912=CARTESIAN_POINT('',(734.43325793871,-486.,-1.34059491691558E-6));
#3913=CARTESIAN_POINT('',(734.43325793871,-485.,-1.34059491691558E-6));
#3914=CARTESIAN_POINT('',(733.43325793871,-485.,-1.34059491691558E-6));
#3915=CARTESIAN_POINT('',(732.43325793871,-485.,-1.34059491691558E-6));
#3916=CARTESIAN_POINT('',(732.43325793871,-486.,-1.34059491691558E-6));
#3917=CARTESIAN_POINT('',(734.43325793871,-486.,0.999998659405083));
#3918=CARTESIAN_POINT('',(734.43325793871,-485.,0.999998659405083));
#3919=CARTESIAN_POINT('',(733.43325793871,-485.,0.999998659405083));
#3920=CARTESIAN_POINT('',(732.43325793871,-485.,0.999998659405083));
#3921=CARTESIAN_POINT('',(732.43325793871,-486.,0.999998659405083));
#3922=CARTESIAN_POINT('',(733.43325793871,-486.,0.999998659405083));
#3923=CARTESIAN_POINT('',(733.43325793871,-486.,0.999998659405083));
#3924=CARTESIAN_POINT('',(733.43325793871,-486.,0.999998659405083));
#3925=CARTESIAN_POINT('',(733.43325793871,-486.,0.999998659405083));
#3926=CARTESIAN_POINT('',(733.43325793871,-486.,0.999998659405083));
#3927=CARTESIAN_POINT('',(472.90555553067,-492.,-2.68118901658454E-6));
#3928=CARTESIAN_POINT('',(472.90555553067,-480.,-2.68118910184967E-6));
#3929=CARTESIAN_POINT('',(737.09443735745,-480.,-2.68118901658454E-6));
#3930=CARTESIAN_POINT('',(737.09443735745,-492.,-2.68118901658454E-6));
#3931=CARTESIAN_POINT('',(730.43325793871,-486.,-2.68118901661496E-6));
#3932=CARTESIAN_POINT('',(734.43325793871,-486.,-2.68118901661496E-6));
#3933=CARTESIAN_POINT('',(481.19204232194,-480.,15.999997318811));
#3934=CARTESIAN_POINT('',(481.19204232194,-492.,15.999997318811));
#3935=CARTESIAN_POINT('',(481.19204232194,-492.,9.7376434805592));
#3936=CARTESIAN_POINT('',(481.19204232194,-480.,9.7376434805592));
#3937=CARTESIAN_POINT('',(725.49898550365,-492.,14.3949587707932));
#3938=CARTESIAN_POINT('',(725.49898550365,-480.,14.3949587707932));
#3939=CARTESIAN_POINT('',(484.29091615298,-480.,9.79671847977056));
#3940=CARTESIAN_POINT('',(484.29091615298,-492.,9.79671847977056));
#3941=CARTESIAN_POINT('',(470.90555553067,-492.,15.9999973188112));
#3942=CARTESIAN_POINT('',(470.90555553067,-492.,1.99999731881087));
#3943=CARTESIAN_POINT('',(739.09443735745,-492.,1.99999731881104));
#3944=CARTESIAN_POINT('',(739.09443735745,-492.,15.9999973188111));
#3945=CARTESIAN_POINT('',(738.92463885882,-492.,17.3251651902603));
#3946=CARTESIAN_POINT('',(738.65199683134,-492.,17.5));
#3947=CARTESIAN_POINT('',(729.82336467482,-492.,17.5));
#3948=CARTESIAN_POINT('',(729.55072264735,-492.,17.3251651902602));
#3949=CARTESIAN_POINT('',(729.38092414872,-492.,15.999997318811));
#3950=CARTESIAN_POINT('',(729.38092414872,-492.,14.4689616295412));
#3951=CARTESIAN_POINT('',(726.42505668456,-492.,13.8162467812101));
#3952=CARTESIAN_POINT('',(484.29204232194,-492.,9.7376434805592));
#3953=CARTESIAN_POINT('',(484.29204232194,-480.,9.7376434805592));
#3954=CARTESIAN_POINT('',(726.42505668456,-480.,13.8162467812102));
#3955=CARTESIAN_POINT('',(729.38092414872,-480.,14.4689616295412));
#3956=CARTESIAN_POINT('',(729.38092414872,-480.,15.9999973188112));
#3957=CARTESIAN_POINT('',(729.55072264735,-480.,17.3251651902602));
#3958=CARTESIAN_POINT('',(729.82336467482,-480.,17.5));
#3959=CARTESIAN_POINT('',(738.65199683134,-480.,17.5));
#3960=CARTESIAN_POINT('',(738.92463885882,-480.,17.3251651902603));
#3961=CARTESIAN_POINT('',(739.09443735745,-480.,15.9999973188111));
#3962=CARTESIAN_POINT('',(739.09443735745,-480.,1.9999973188111));
#3963=CARTESIAN_POINT('',(470.90555553067,-480.,1.99999731881104));
#3964=CARTESIAN_POINT('',(470.90555553067,-480.,15.9999973188111));
#3965=CARTESIAN_POINT('',(729.43325793871,-486.,0.999998659405253));
#3966=CARTESIAN_POINT('',(733.43325793871,-486.,0.999998659405026));
#3967=CARTESIAN_POINT('',(481.184384087802,-492.,16.5));
#3968=CARTESIAN_POINT('',(470.913213764808,-492.,16.5));
#3969=CARTESIAN_POINT('',(470.913213764808,-480.,16.5));
#3970=CARTESIAN_POINT('',(481.184384087802,-480.,16.5));
#3971=CARTESIAN_POINT('',(728.43325793871,-486.,-1.34059491685434E-6));
#3972=CARTESIAN_POINT('',(732.43325793871,-486.,-1.34059491685434E-6));
#3973=CARTESIAN_POINT('',(472.90555553067,-492.,-2.68118901658454E-6));
#3974=CARTESIAN_POINT('',(472.90555553067,-480.,-2.68118910184967E-6));
#3975=CARTESIAN_POINT('',(472.90555553067,-480.,-2.68118910184967E-6));
#3976=CARTESIAN_POINT('',(737.09443735745,-480.,-2.68118901658454E-6));
#3977=CARTESIAN_POINT('',(737.09443735745,-480.,-2.68118901658454E-6));
#3978=CARTESIAN_POINT('',(737.09443735745,-492.,-2.68118901658454E-6));
#3979=CARTESIAN_POINT('',(737.09443735745,-492.,-2.68118901658454E-6));
#3980=CARTESIAN_POINT('',(472.90555553067,-492.,-2.68118901658454E-6));
#3981=CARTESIAN_POINT('',(730.43325793871,-486.,-2.68118901661496E-6));
#3982=CARTESIAN_POINT('',(730.43325793871,-485.,-1.34059491685434E-6));
#3983=CARTESIAN_POINT('',(729.43325793871,-485.,-1.34059491685434E-6));
#3984=CARTESIAN_POINT('',(728.43325793871,-485.,-1.34059491685434E-6));
#3985=CARTESIAN_POINT('',(728.43325793871,-486.,-1.34059491685434E-6));
#3986=CARTESIAN_POINT('',(734.43325793871,-486.,-2.68118901661496E-6));
#3987=CARTESIAN_POINT('',(734.43325793871,-485.,-1.34059491685434E-6));
#3988=CARTESIAN_POINT('',(733.43325793871,-485.,-1.34059491685434E-6));
#3989=CARTESIAN_POINT('',(732.43325793871,-485.,-1.34059491685434E-6));
#3990=CARTESIAN_POINT('',(732.43325793871,-486.,-1.34059491685434E-6));
#3991=CARTESIAN_POINT('',(481.19204232194,-480.,15.999997318811));
#3992=CARTESIAN_POINT('',(481.19204232194,-492.,15.999997318811));
#3993=CARTESIAN_POINT('',(481.19204232194,-492.,15.999997318811));
#3994=CARTESIAN_POINT('',(481.19204232194,-492.,9.7376434805592));
#3995=CARTESIAN_POINT('',(481.19204232194,-492.,9.7376434805592));
#3996=CARTESIAN_POINT('',(481.19204232194,-480.,9.7376434805592));
#3997=CARTESIAN_POINT('',(481.19204232194,-480.,9.7376434805592));
#3998=CARTESIAN_POINT('',(481.19204232194,-480.,15.999997318811));
#3999=CARTESIAN_POINT('',(725.49898550365,-492.,14.3949587707932));
#4000=CARTESIAN_POINT('',(725.49898550365,-480.,14.3949587707932));
#4001=CARTESIAN_POINT('',(725.49898550365,-480.,14.3949587707932));
#4002=CARTESIAN_POINT('',(484.29091615298,-480.,9.79671847977056));
#4003=CARTESIAN_POINT('',(484.29091615298,-480.,9.79671847977056));
#4004=CARTESIAN_POINT('',(484.29091615298,-492.,9.79671847977056));
#4005=CARTESIAN_POINT('',(484.29091615298,-492.,9.79671847977056));
#4006=CARTESIAN_POINT('',(725.49898550365,-492.,14.3949587707932));
#4007=CARTESIAN_POINT('',(470.90555553067,-492.,15.9999973188112));
#4008=CARTESIAN_POINT('',(470.90555553067,-492.,1.99999731881087));
#4009=CARTESIAN_POINT('',(739.09443735745,-492.,1.99999731881104));
#4010=CARTESIAN_POINT('',(739.09443735745,-492.,15.9999973188111));
#4011=CARTESIAN_POINT('',(738.65199683134,-492.,17.5));
#4012=CARTESIAN_POINT('',(729.82336467482,-492.,17.5));
#4013=CARTESIAN_POINT('',(729.38092414872,-492.,15.999997318811));
#4014=CARTESIAN_POINT('',(729.38092414872,-492.,14.4689616295412));
#4015=CARTESIAN_POINT('',(729.38092414872,-480.,14.4689616295412));
#4016=CARTESIAN_POINT('',(729.38092414872,-480.,15.9999973188112));
#4017=CARTESIAN_POINT('',(729.82336467482,-480.,17.5));
#4018=CARTESIAN_POINT('',(738.65199683134,-480.,17.5));
#4019=CARTESIAN_POINT('',(739.09443735745,-480.,15.9999973188111));
#4020=CARTESIAN_POINT('',(739.09443735745,-480.,1.9999973188111));
#4021=CARTESIAN_POINT('',(470.90555553067,-480.,1.99999731881104));
#4022=CARTESIAN_POINT('',(470.90555553067,-480.,15.9999973188111));
#4023=CARTESIAN_POINT('',(729.38092414872,-492.,14.4689616295412));
#4024=CARTESIAN_POINT('',(729.380924148718,-491.999999999999,13.2238923437321));
#4025=CARTESIAN_POINT('',(728.165143710203,-491.999999999999,12.9554236271367));
#4026=CARTESIAN_POINT('',(726.949363271689,-491.999999999999,12.6869549105414));
#4027=CARTESIAN_POINT('',(726.42505668456,-492.,13.8162467812101));
#4028=CARTESIAN_POINT('',(729.38092414872,-480.,14.4689616295412));
#4029=CARTESIAN_POINT('',(729.38092414872,-492.,14.4689616295412));
#4030=CARTESIAN_POINT('',(726.42505668456,-480.,13.8162467812102));
#4031=CARTESIAN_POINT('',(726.94936327169,-480.,12.6869549105426));
#4032=CARTESIAN_POINT('',(728.165143710203,-480.,12.9554236271377));
#4033=CARTESIAN_POINT('',(729.380924148717,-480.,13.2238923437329));
#4034=CARTESIAN_POINT('',(729.38092414872,-480.,14.4689616295412));
#4035=CARTESIAN_POINT('',(726.42505668456,-492.,13.8162467812101));
#4036=CARTESIAN_POINT('',(726.42505668456,-480.,13.8162467812102));
#4037=CARTESIAN_POINT('',(484.29204232194,-492.,9.7376434805592));
#4038=CARTESIAN_POINT('',(484.29204232194,-480.,9.7376434805592));
#4039=CARTESIAN_POINT('',(484.29091615298,-492.,9.79671847977056));
#4040=CARTESIAN_POINT('',(484.292042321939,-492.,9.7671917144564));
#4041=CARTESIAN_POINT('',(484.29204232194,-492.,9.7376434805592));
#4042=CARTESIAN_POINT('',(484.29204232194,-480.,9.7376434805592));
#4043=CARTESIAN_POINT('',(484.292042321938,-480.,9.76719171445638));
#4044=CARTESIAN_POINT('',(484.29091615298,-480.,9.79671847977056));
#4045=CARTESIAN_POINT('',(484.29204232194,-492.,9.7376434805592));
#4046=CARTESIAN_POINT('',(484.29204232194,-492.,8.18764348055925));
#4047=CARTESIAN_POINT('',(482.74204232194,-492.,8.18764348055925));
#4048=CARTESIAN_POINT('',(481.19204232194,-492.,8.18764348055925));
#4049=CARTESIAN_POINT('',(481.19204232194,-492.,9.7376434805592));
#4050=CARTESIAN_POINT('',(481.19204232194,-480.,9.7376434805592));
#4051=CARTESIAN_POINT('',(481.19204232194,-480.,8.18764348055939));
#4052=CARTESIAN_POINT('',(482.74204232194,-480.,8.18764348055939));
#4053=CARTESIAN_POINT('',(484.292042321939,-480.,8.18764348055939));
#4054=CARTESIAN_POINT('',(484.29204232194,-480.,9.7376434805592));
#4055=CARTESIAN_POINT('',(739.09443735745,-480.,15.9999973188111));
#4056=CARTESIAN_POINT('',(739.09443735745,-492.,15.9999973188111));
#4057=CARTESIAN_POINT('',(739.09443735745,-492.,1.99999731881104));
#4058=CARTESIAN_POINT('',(739.09443735745,-480.,1.9999973188111));
#4059=CARTESIAN_POINT('',(470.90555553067,-480.,1.99999731881104));
#4060=CARTESIAN_POINT('',(470.90555553067,-492.,1.99999731881087));
#4061=CARTESIAN_POINT('',(470.90555553067,-492.,15.9999973188112));
#4062=CARTESIAN_POINT('',(470.90555553067,-480.,15.9999973188111));
#4063=CARTESIAN_POINT('',(729.38092414872,-492.,15.999997318811));
#4064=CARTESIAN_POINT('',(729.38092414872,-480.,15.9999973188112));
#4065=CARTESIAN_POINT('',(729.55072264735,-492.,17.3251651902602));
#4066=CARTESIAN_POINT('',(729.55072264735,-480.,17.3251651902602));
#4067=CARTESIAN_POINT('',(729.38092414872,-480.,15.9999973188112));
#4068=CARTESIAN_POINT('',(729.38092414872,-480.,16.2989905928268));
#4069=CARTESIAN_POINT('',(729.38092414872,-480.,16.5979838668424));
#4070=CARTESIAN_POINT('',(729.40180625427,-480.,16.8760950353024));
#4071=CARTESIAN_POINT('',(729.45664805955,-480.,17.1202465040365));
#4072=CARTESIAN_POINT('',(729.55072264735,-480.,17.3251651902602));
#4073=CARTESIAN_POINT('',(729.55072264735,-492.,17.3251651902602));
#4074=CARTESIAN_POINT('',(729.45664805955,-492.,17.1202465040365));
#4075=CARTESIAN_POINT('',(729.40180625427,-492.,16.8760950353023));
#4076=CARTESIAN_POINT('',(729.38092414872,-492.,16.5979838668424));
#4077=CARTESIAN_POINT('',(729.38092414872,-492.,16.2989905928267));
#4078=CARTESIAN_POINT('',(729.38092414872,-492.,15.999997318811));
#4079=CARTESIAN_POINT('',(739.09443735745,-492.,15.9999973188111));
#4080=CARTESIAN_POINT('',(739.09443735745,-492.,16.2989905928268));
#4081=CARTESIAN_POINT('',(739.09443735745,-492.,16.5979838668425));
#4082=CARTESIAN_POINT('',(739.07355525189,-492.,16.8760950353025));
#4083=CARTESIAN_POINT('',(739.01871344661,-492.,17.1202465040367));
#4084=CARTESIAN_POINT('',(738.92463885882,-492.,17.3251651902603));
#4085=CARTESIAN_POINT('',(738.92463885882,-480.,17.3251651902603));
#4086=CARTESIAN_POINT('',(739.01871344661,-480.,17.1202465040367));
#4087=CARTESIAN_POINT('',(739.07355525189,-480.,16.8760950353025));
#4088=CARTESIAN_POINT('',(739.09443735745,-480.,16.5979838668425));
#4089=CARTESIAN_POINT('',(739.09443735745,-480.,16.2989905928268));
#4090=CARTESIAN_POINT('',(739.09443735745,-480.,15.9999973188111));
#4091=CARTESIAN_POINT('',(738.92463885882,-480.,17.3251651902603));
#4092=CARTESIAN_POINT('',(738.92463885882,-492.,17.3251651902603));
#4093=CARTESIAN_POINT('',(739.09443735745,-480.,1.9999973188111));
#4094=CARTESIAN_POINT('',(739.09443735745,-480.,1.19999731881097));
#4095=CARTESIAN_POINT('',(739.09443735745,-480.,0.399997318810932));
#4096=CARTESIAN_POINT('',(738.69443735745,-480.,-2.68118901658454E-6));
#4097=CARTESIAN_POINT('',(737.89443735745,-480.,-2.68118898816283E-6));
#4098=CARTESIAN_POINT('',(737.09443735745,-480.,-2.68118901658454E-6));
#4099=CARTESIAN_POINT('',(737.09443735745,-492.,-2.68118901658454E-6));
#4100=CARTESIAN_POINT('',(737.89443735745,-492.,-2.68118901662895E-6));
#4101=CARTESIAN_POINT('',(738.69443735745,-492.,-2.68118904509507E-6));
#4102=CARTESIAN_POINT('',(739.09443735745,-492.,0.399997318810904));
#4103=CARTESIAN_POINT('',(739.09443735745,-492.,1.19999731881094));
#4104=CARTESIAN_POINT('',(739.09443735745,-492.,1.99999731881104));
#4105=CARTESIAN_POINT('',(470.90555553067,-492.,1.99999731881087));
#4106=CARTESIAN_POINT('',(470.90555553067,-492.,1.19999731881089));
#4107=CARTESIAN_POINT('',(470.90555553067,-492.,0.399997318810932));
#4108=CARTESIAN_POINT('',(471.30555553067,-492.,-2.68118910184967E-6));
#4109=CARTESIAN_POINT('',(472.10555553067,-492.,-2.68118904500625E-6));
#4110=CARTESIAN_POINT('',(472.90555553067,-492.,-2.68118901658454E-6));
#4111=CARTESIAN_POINT('',(472.90555553067,-480.,-2.68118910184967E-6));
#4112=CARTESIAN_POINT('',(472.10555553067,-480.,-2.68118907347237E-6));
#4113=CARTESIAN_POINT('',(471.30555553067,-480.,-2.68118904509507E-6));
#4114=CARTESIAN_POINT('',(470.90555553067,-480.,0.399997318811018));
#4115=CARTESIAN_POINT('',(470.90555553067,-480.,1.19999731881103));
#4116=CARTESIAN_POINT('',(470.90555553067,-480.,1.99999731881104));
#4117=CARTESIAN_POINT('',(470.90555553067,-480.,15.9999973188111));
#4118=CARTESIAN_POINT('',(470.90555553067,-480.,16.1015295018764));
#4119=CARTESIAN_POINT('',(470.90555553067,-480.,16.2030616849416));
#4120=CARTESIAN_POINT('',(470.906373244236,-480.,16.303776154441));
#4121=CARTESIAN_POINT('',(470.90872260463,-480.,16.4029589771128));
#4122=CARTESIAN_POINT('',(470.913213764808,-480.,16.5));
#4123=CARTESIAN_POINT('',(481.19204232194,-492.,15.999997318811));
#4124=CARTESIAN_POINT('',(481.19204232194,-492.,16.1015295018763));
#4125=CARTESIAN_POINT('',(481.19204232194,-492.,16.2030616849416));
#4126=CARTESIAN_POINT('',(481.191224608374,-492.,16.303776154441));
#4127=CARTESIAN_POINT('',(481.18887524798,-492.,16.4029589771129));
#4128=CARTESIAN_POINT('',(481.184384087802,-492.,16.5));
#4129=CARTESIAN_POINT('',(726.42505668456,-492.,13.8162467812101));
#4130=CARTESIAN_POINT('',(726.31527621298,-492.,14.0527004080704));
#4131=CARTESIAN_POINT('',(726.25520732436,-492.,14.3122340827706));
#4132=CARTESIAN_POINT('',(726.02028150522,-492.,14.4048964328475));
#4133=CARTESIAN_POINT('',(725.75963350443,-492.,14.3999276018203));
#4134=CARTESIAN_POINT('',(725.49898550365,-492.,14.3949587707932));
#4135=CARTESIAN_POINT('',(725.49898550365,-480.,14.3949587707932));
#4136=CARTESIAN_POINT('',(725.75963350443,-480.,14.3999276018203));
#4137=CARTESIAN_POINT('',(726.02028150522,-480.,14.4048964328475));
#4138=CARTESIAN_POINT('',(726.25520732436,-480.,14.3122340827708));
#4139=CARTESIAN_POINT('',(726.31527621298,-480.,14.0527004080705));
#4140=CARTESIAN_POINT('',(726.42505668456,-480.,13.8162467812102));
#4141=CARTESIAN_POINT('',(729.82336467482,-492.,17.5));
#4142=CARTESIAN_POINT('',(729.74641330616,-492.,17.4999999999991));
#4143=CARTESIAN_POINT('',(729.6694619375,-492.,17.4999999999981));
#4144=CARTESIAN_POINT('',(729.62044014722,-492.,17.4625050472379));
#4145=CARTESIAN_POINT('',(729.58282808968,-492.,17.3950991141552));
#4146=CARTESIAN_POINT('',(729.55072264735,-492.,17.3251651902602));
#4147=CARTESIAN_POINT('',(729.82336467482,-492.,17.5));
#4148=CARTESIAN_POINT('',(729.82336467482,-480.,17.5));
#4149=CARTESIAN_POINT('',(729.55072264735,-480.,17.3251651902602));
#4150=CARTESIAN_POINT('',(729.58282808968,-480.,17.3950991141552));
#4151=CARTESIAN_POINT('',(729.62044014722,-480.,17.4625050472379));
#4152=CARTESIAN_POINT('',(729.6694619375,-480.,17.4999999999981));
#4153=CARTESIAN_POINT('',(729.74641330616,-480.,17.4999999999991));
#4154=CARTESIAN_POINT('',(729.82336467482,-480.,17.5));
#4155=CARTESIAN_POINT('',(738.65199683134,-492.,17.5));
#4156=CARTESIAN_POINT('',(738.65199683134,-480.,17.5));
#4157=CARTESIAN_POINT('',(738.65199683134,-480.,17.5));
#4158=CARTESIAN_POINT('',(738.7289482,-480.,17.4999999999991));
#4159=CARTESIAN_POINT('',(738.80589956866,-480.,17.4999999999982));
#4160=CARTESIAN_POINT('',(738.85492135894,-480.,17.462505047238));
#4161=CARTESIAN_POINT('',(738.89253341649,-480.,17.3950991141553));
#4162=CARTESIAN_POINT('',(738.92463885882,-480.,17.3251651902603));
#4163=CARTESIAN_POINT('',(738.92463885882,-492.,17.3251651902603));
#4164=CARTESIAN_POINT('',(738.89253341649,-492.,17.3950991141553));
#4165=CARTESIAN_POINT('',(738.85492135894,-492.,17.4625050472379));
#4166=CARTESIAN_POINT('',(738.80589956866,-492.,17.4999999999982));
#4167=CARTESIAN_POINT('',(738.7289482,-492.,17.4999999999991));
#4168=CARTESIAN_POINT('',(738.65199683134,-492.,17.5));
#4169=CARTESIAN_POINT('',(730.43325793871,-486.,-2.68118901661496E-6));
#4170=CARTESIAN_POINT('',(730.433258494004,-486.,0.414211273835231));
#4171=CARTESIAN_POINT('',(730.140365193869,-486.,0.707104966620713));
#4172=CARTESIAN_POINT('',(729.847471893735,-486.,0.999998659406195));
#4173=CARTESIAN_POINT('',(729.43325793871,-486.,0.999998659405253));
#4174=CARTESIAN_POINT('',(734.43325793871,-486.,-2.68118901661496E-6));
#4175=CARTESIAN_POINT('',(734.433258494004,-486.,0.414211273835203));
#4176=CARTESIAN_POINT('',(734.140365193869,-486.,0.707104966620633));
#4177=CARTESIAN_POINT('',(733.847471893735,-486.,0.999998659406062));
#4178=CARTESIAN_POINT('',(733.43325793871,-486.,0.999998659405026));
#4179=CARTESIAN_POINT('',(481.184384087802,-492.,16.5));
#4180=CARTESIAN_POINT('',(470.913213764808,-492.,16.5));
#4181=CARTESIAN_POINT('',(470.913213764808,-480.,16.5));
#4182=CARTESIAN_POINT('',(481.184384087802,-480.,16.5));
#4183=CARTESIAN_POINT('',(470.913213764808,-492.,16.5));
#4184=CARTESIAN_POINT('',(470.913213764808,-480.,16.5));
#4185=CARTESIAN_POINT('',(481.184384087802,-480.,16.5));
#4186=CARTESIAN_POINT('',(481.184384087802,-492.,16.5));
#4187=CARTESIAN_POINT('',(470.913213764808,-492.,16.5));
#4188=CARTESIAN_POINT('',(470.90872260463,-492.,16.4029589771129));
#4189=CARTESIAN_POINT('',(470.906373244236,-492.,16.303776154441));
#4190=CARTESIAN_POINT('',(470.90555553067,-492.,16.2030616849417));
#4191=CARTESIAN_POINT('',(470.90555553067,-492.,16.1015295018764));
#4192=CARTESIAN_POINT('',(470.90555553067,-492.,15.9999973188112));
#4193=CARTESIAN_POINT('',(481.184384087802,-480.,16.5));
#4194=CARTESIAN_POINT('',(481.18887524798,-480.,16.4029589771128));
#4195=CARTESIAN_POINT('',(481.191224608374,-480.,16.3037761544409));
#4196=CARTESIAN_POINT('',(481.19204232194,-480.,16.2030616849416));
#4197=CARTESIAN_POINT('',(481.19204232194,-480.,16.1015295018763));
#4198=CARTESIAN_POINT('',(481.19204232194,-480.,15.999997318811));
#4199=CARTESIAN_POINT('',(728.43325793871,-486.,-1.34059603348298E-6));
#4200=CARTESIAN_POINT('',(728.433257938709,-486.,0.999998659405083));
#4201=CARTESIAN_POINT('',(729.43325793871,-486.,0.999998659405083));
#4202=CARTESIAN_POINT('',(728.43325793871,-486.,-1.34059491685434E-6));
#4203=CARTESIAN_POINT('',(728.43325793871,-487.,-1.34059491685434E-6));
#4204=CARTESIAN_POINT('',(729.43325793871,-487.,-1.34059491685434E-6));
#4205=CARTESIAN_POINT('',(730.43325793871,-487.,-1.34059491685434E-6));
#4206=CARTESIAN_POINT('',(730.43325793871,-486.,-2.68118901661496E-6));
#4207=CARTESIAN_POINT('',(732.43325793871,-486.,-1.34059603348298E-6));
#4208=CARTESIAN_POINT('',(732.433257938709,-486.,0.999998659405083));
#4209=CARTESIAN_POINT('',(733.43325793871,-486.,0.999998659405083));
#4210=CARTESIAN_POINT('',(732.43325793871,-486.,-1.34059491685434E-6));
#4211=CARTESIAN_POINT('',(732.43325793871,-487.,-1.34059491685434E-6));
#4212=CARTESIAN_POINT('',(733.43325793871,-487.,-1.34059491685434E-6));
#4213=CARTESIAN_POINT('',(734.43325793871,-487.,-1.34059491685434E-6));
#4214=CARTESIAN_POINT('',(734.43325793871,-486.,-2.68118901661496E-6));
#4215=CARTESIAN_POINT('',(485.01980656187,-534.,8.82577112196212));
#4216=CARTESIAN_POINT('',(460.925380139056,-541.212,9.26963558587611));
#4217=CARTESIAN_POINT('',(725.610501004221,-534.,14.3816276268324));
#4218=CARTESIAN_POINT('',(727.86186916044,-534.,15.4685229415597));
#4219=CARTESIAN_POINT('',(728.74785301033,-541.212,15.4543437330509));
#4220=CARTESIAN_POINT('',(729.38092414872,-526.788,15.3038591330894));
#4221=CARTESIAN_POINT('',(729.88092414872,-534.,17.0000013405947));
#4222=CARTESIAN_POINT('',(729.047572827847,-541.212,17.5000013405941));
#4223=CARTESIAN_POINT('',(738.09443735745,-534.,16.5000013405938));
#4224=CARTESIAN_POINT('',(739.09443735745,-541.212,0.537998391286255));
#4225=CARTESIAN_POINT('',(739.09443735745,-540.,1.99999865940514));
#4226=CARTESIAN_POINT('',(739.09443735745,-528.,1.99999865940514));
#4227=CARTESIAN_POINT('',(739.09443735745,-540.,1.19999865940504));
#4228=CARTESIAN_POINT('',(739.09443735745,-528.,1.19999865940504));
#4229=CARTESIAN_POINT('',(739.09443735745,-540.,0.399998659405004));
#4230=CARTESIAN_POINT('',(739.09443735745,-528.,0.399998659405004));
#4231=CARTESIAN_POINT('',(738.69443735745,-540.,-1.34059494527605E-6));
#4232=CARTESIAN_POINT('',(738.69443735745,-528.,-1.34059494527605E-6));
#4233=CARTESIAN_POINT('',(737.89443735745,-540.,-1.34059491685434E-6));
#4234=CARTESIAN_POINT('',(737.89443735745,-528.,-1.34059491685434E-6));
#4235=CARTESIAN_POINT('',(737.09443735745,-540.,-1.34059491685434E-6));
#4236=CARTESIAN_POINT('',(737.09443735745,-528.,-1.34059491685434E-6));
#4237=CARTESIAN_POINT('',(763.525325540128,-541.212,-1.34059491685434E-6));
#4238=CARTESIAN_POINT('',(472.90555553067,-540.,-1.34059491685434E-6));
#4239=CARTESIAN_POINT('',(472.90555553067,-528.,-1.34059491685434E-6));
#4240=CARTESIAN_POINT('',(472.10555553067,-540.,-1.34059494527605E-6));
#4241=CARTESIAN_POINT('',(472.10555553067,-528.,-1.34059494527605E-6));
#4242=CARTESIAN_POINT('',(471.30555553067,-540.,-1.34059500211947E-6));
#4243=CARTESIAN_POINT('',(471.30555553067,-528.,-1.34059500211947E-6));
#4244=CARTESIAN_POINT('',(470.90555553067,-540.,0.399998659405032));
#4245=CARTESIAN_POINT('',(470.90555553067,-528.,0.399998659405032));
#4246=CARTESIAN_POINT('',(470.90555553067,-540.,1.19999865940499));
#4247=CARTESIAN_POINT('',(470.90555553067,-528.,1.19999865940499));
#4248=CARTESIAN_POINT('',(470.90555553067,-540.,1.99999865940497));
#4249=CARTESIAN_POINT('',(470.90555553067,-528.,1.99999865940497));
#4250=CARTESIAN_POINT('',(470.90555553067,-526.788,0.537998391285967));
#4251=CARTESIAN_POINT('',(481.19204232194,-541.212,9.04940954906073));
#4252=CARTESIAN_POINT('',(482.69204232194,-534.,9.73764482115336));
#4253=CARTESIAN_POINT('',(444.074667347992,-540.,19.2620016087141));
#4254=CARTESIAN_POINT('',(444.074667347992,-528.,-1.76200160871401));
#4255=CARTESIAN_POINT('',(725.43325793871,-534.,-1.00000134059492));
#4256=CARTESIAN_POINT('',(725.43325793871,-534.,-1.00000134059492));
#4257=CARTESIAN_POINT('',(725.43325793871,-534.,-1.00000134059492));
#4258=CARTESIAN_POINT('',(725.43325793871,-534.,-1.00000134059492));
#4259=CARTESIAN_POINT('',(725.43325793871,-534.,-1.00000134059492));
#4260=CARTESIAN_POINT('',(724.43325793871,-534.,-1.00000134059492));
#4261=CARTESIAN_POINT('',(724.43325793871,-535.,-1.00000134059492));
#4262=CARTESIAN_POINT('',(725.43325793871,-535.,-1.00000134059492));
#4263=CARTESIAN_POINT('',(726.43325793871,-535.,-1.00000134059492));
#4264=CARTESIAN_POINT('',(726.43325793871,-534.,-1.00000134059492));
#4265=CARTESIAN_POINT('',(724.43325793871,-534.,-1.34059491691558E-6));
#4266=CARTESIAN_POINT('',(724.43325793871,-535.,-1.34059491691558E-6));
#4267=CARTESIAN_POINT('',(725.43325793871,-535.,-1.34059491691558E-6));
#4268=CARTESIAN_POINT('',(726.43325793871,-535.,-1.34059491691558E-6));
#4269=CARTESIAN_POINT('',(726.43325793871,-534.,-1.34059491691558E-6));
#4270=CARTESIAN_POINT('',(724.43325793871,-534.,0.999998659405083));
#4271=CARTESIAN_POINT('',(724.43325793871,-535.,0.999998659405083));
#4272=CARTESIAN_POINT('',(725.43325793871,-535.,0.999998659405083));
#4273=CARTESIAN_POINT('',(726.43325793871,-535.,0.999998659405083));
#4274=CARTESIAN_POINT('',(726.43325793871,-534.,0.999998659405083));
#4275=CARTESIAN_POINT('',(725.43325793871,-534.,0.999998659405083));
#4276=CARTESIAN_POINT('',(725.43325793871,-534.,0.999998659405083));
#4277=CARTESIAN_POINT('',(725.43325793871,-534.,0.999998659405083));
#4278=CARTESIAN_POINT('',(725.43325793871,-534.,0.999998659405083));
#4279=CARTESIAN_POINT('',(725.43325793871,-534.,0.999998659405083));
#4280=CARTESIAN_POINT('',(733.43325793871,-534.,-1.00000134059492));
#4281=CARTESIAN_POINT('',(733.43325793871,-534.,-1.00000134059492));
#4282=CARTESIAN_POINT('',(733.43325793871,-534.,-1.00000134059492));
#4283=CARTESIAN_POINT('',(733.43325793871,-534.,-1.00000134059492));
#4284=CARTESIAN_POINT('',(733.43325793871,-534.,-1.00000134059492));
#4285=CARTESIAN_POINT('',(732.43325793871,-534.,-1.00000134059492));
#4286=CARTESIAN_POINT('',(732.43325793871,-535.,-1.00000134059492));
#4287=CARTESIAN_POINT('',(733.43325793871,-535.,-1.00000134059492));
#4288=CARTESIAN_POINT('',(734.43325793871,-535.,-1.00000134059492));
#4289=CARTESIAN_POINT('',(734.43325793871,-534.,-1.00000134059492));
#4290=CARTESIAN_POINT('',(732.43325793871,-534.,-1.34059491691558E-6));
#4291=CARTESIAN_POINT('',(732.43325793871,-535.,-1.34059491691558E-6));
#4292=CARTESIAN_POINT('',(733.43325793871,-535.,-1.34059491691558E-6));
#4293=CARTESIAN_POINT('',(734.43325793871,-535.,-1.34059491691558E-6));
#4294=CARTESIAN_POINT('',(734.43325793871,-534.,-1.34059491691558E-6));
#4295=CARTESIAN_POINT('',(732.43325793871,-534.,0.999998659405083));
#4296=CARTESIAN_POINT('',(732.43325793871,-535.,0.999998659405083));
#4297=CARTESIAN_POINT('',(733.43325793871,-535.,0.999998659405083));
#4298=CARTESIAN_POINT('',(734.43325793871,-535.,0.999998659405083));
#4299=CARTESIAN_POINT('',(734.43325793871,-534.,0.999998659405083));
#4300=CARTESIAN_POINT('',(733.43325793871,-534.,0.999998659405083));
#4301=CARTESIAN_POINT('',(733.43325793871,-534.,0.999998659405083));
#4302=CARTESIAN_POINT('',(733.43325793871,-534.,0.999998659405083));
#4303=CARTESIAN_POINT('',(733.43325793871,-534.,0.999998659405083));
#4304=CARTESIAN_POINT('',(733.43325793871,-534.,0.999998659405083));
#4305=CARTESIAN_POINT('',(729.43325793871,-534.,-1.00000134059492));
#4306=CARTESIAN_POINT('',(729.43325793871,-534.,-1.00000134059492));
#4307=CARTESIAN_POINT('',(729.43325793871,-534.,-1.00000134059492));
#4308=CARTESIAN_POINT('',(729.43325793871,-534.,-1.00000134059492));
#4309=CARTESIAN_POINT('',(729.43325793871,-534.,-1.00000134059492));
#4310=CARTESIAN_POINT('',(728.43325793871,-534.,-1.00000134059492));
#4311=CARTESIAN_POINT('',(728.43325793871,-535.,-1.00000134059492));
#4312=CARTESIAN_POINT('',(729.43325793871,-535.,-1.00000134059492));
#4313=CARTESIAN_POINT('',(730.43325793871,-535.,-1.00000134059492));
#4314=CARTESIAN_POINT('',(730.43325793871,-534.,-1.00000134059492));
#4315=CARTESIAN_POINT('',(728.43325793871,-534.,-1.34059491691558E-6));
#4316=CARTESIAN_POINT('',(728.43325793871,-535.,-1.34059491691558E-6));
#4317=CARTESIAN_POINT('',(729.43325793871,-535.,-1.34059491691558E-6));
#4318=CARTESIAN_POINT('',(730.43325793871,-535.,-1.34059491691558E-6));
#4319=CARTESIAN_POINT('',(730.43325793871,-534.,-1.34059491691558E-6));
#4320=CARTESIAN_POINT('',(728.43325793871,-534.,0.999998659405083));
#4321=CARTESIAN_POINT('',(728.43325793871,-535.,0.999998659405083));
#4322=CARTESIAN_POINT('',(729.43325793871,-535.,0.999998659405083));
#4323=CARTESIAN_POINT('',(730.43325793871,-535.,0.999998659405083));
#4324=CARTESIAN_POINT('',(730.43325793871,-534.,0.999998659405083));
#4325=CARTESIAN_POINT('',(729.43325793871,-534.,0.999998659405083));
#4326=CARTESIAN_POINT('',(729.43325793871,-534.,0.999998659405083));
#4327=CARTESIAN_POINT('',(729.43325793871,-534.,0.999998659405083));
#4328=CARTESIAN_POINT('',(729.43325793871,-534.,0.999998659405083));
#4329=CARTESIAN_POINT('',(729.43325793871,-534.,0.999998659405083));
#4330=CARTESIAN_POINT('',(465.829178338245,-410.5,16.5));
#4331=CARTESIAN_POINT('',(725.43325793871,-534.,-1.00000134059492));
#4332=CARTESIAN_POINT('',(725.43325793871,-534.,-1.00000134059492));
#4333=CARTESIAN_POINT('',(725.43325793871,-534.,-1.00000134059492));
#4334=CARTESIAN_POINT('',(725.43325793871,-534.,-1.00000134059492));
#4335=CARTESIAN_POINT('',(725.43325793871,-534.,-1.00000134059492));
#4336=CARTESIAN_POINT('',(726.43325793871,-534.,-1.00000134059492));
#4337=CARTESIAN_POINT('',(726.43325793871,-533.,-1.00000134059492));
#4338=CARTESIAN_POINT('',(725.43325793871,-533.,-1.00000134059492));
#4339=CARTESIAN_POINT('',(724.43325793871,-533.,-1.00000134059492));
#4340=CARTESIAN_POINT('',(724.43325793871,-534.,-1.00000134059492));
#4341=CARTESIAN_POINT('',(726.43325793871,-534.,-1.34059491691558E-6));
#4342=CARTESIAN_POINT('',(726.43325793871,-533.,-1.34059491691558E-6));
#4343=CARTESIAN_POINT('',(725.43325793871,-533.,-1.34059491691558E-6));
#4344=CARTESIAN_POINT('',(724.43325793871,-533.,-1.34059491691558E-6));
#4345=CARTESIAN_POINT('',(724.43325793871,-534.,-1.34059491691558E-6));
#4346=CARTESIAN_POINT('',(726.43325793871,-534.,0.999998659405083));
#4347=CARTESIAN_POINT('',(726.43325793871,-533.,0.999998659405083));
#4348=CARTESIAN_POINT('',(725.43325793871,-533.,0.999998659405083));
#4349=CARTESIAN_POINT('',(724.43325793871,-533.,0.999998659405083));
#4350=CARTESIAN_POINT('',(724.43325793871,-534.,0.999998659405083));
#4351=CARTESIAN_POINT('',(725.43325793871,-534.,0.999998659405083));
#4352=CARTESIAN_POINT('',(725.43325793871,-534.,0.999998659405083));
#4353=CARTESIAN_POINT('',(725.43325793871,-534.,0.999998659405083));
#4354=CARTESIAN_POINT('',(725.43325793871,-534.,0.999998659405083));
#4355=CARTESIAN_POINT('',(725.43325793871,-534.,0.999998659405083));
#4356=CARTESIAN_POINT('',(733.43325793871,-534.,-1.00000134059492));
#4357=CARTESIAN_POINT('',(733.43325793871,-534.,-1.00000134059492));
#4358=CARTESIAN_POINT('',(733.43325793871,-534.,-1.00000134059492));
#4359=CARTESIAN_POINT('',(733.43325793871,-534.,-1.00000134059492));
#4360=CARTESIAN_POINT('',(733.43325793871,-534.,-1.00000134059492));
#4361=CARTESIAN_POINT('',(734.43325793871,-534.,-1.00000134059492));
#4362=CARTESIAN_POINT('',(734.43325793871,-533.,-1.00000134059492));
#4363=CARTESIAN_POINT('',(733.43325793871,-533.,-1.00000134059492));
#4364=CARTESIAN_POINT('',(732.43325793871,-533.,-1.00000134059492));
#4365=CARTESIAN_POINT('',(732.43325793871,-534.,-1.00000134059492));
#4366=CARTESIAN_POINT('',(734.43325793871,-534.,-1.34059491691558E-6));
#4367=CARTESIAN_POINT('',(734.43325793871,-533.,-1.34059491691558E-6));
#4368=CARTESIAN_POINT('',(733.43325793871,-533.,-1.34059491691558E-6));
#4369=CARTESIAN_POINT('',(732.43325793871,-533.,-1.34059491691558E-6));
#4370=CARTESIAN_POINT('',(732.43325793871,-534.,-1.34059491691558E-6));
#4371=CARTESIAN_POINT('',(734.43325793871,-534.,0.999998659405083));
#4372=CARTESIAN_POINT('',(734.43325793871,-533.,0.999998659405083));
#4373=CARTESIAN_POINT('',(733.43325793871,-533.,0.999998659405083));
#4374=CARTESIAN_POINT('',(732.43325793871,-533.,0.999998659405083));
#4375=CARTESIAN_POINT('',(732.43325793871,-534.,0.999998659405083));
#4376=CARTESIAN_POINT('',(733.43325793871,-534.,0.999998659405083));
#4377=CARTESIAN_POINT('',(733.43325793871,-534.,0.999998659405083));
#4378=CARTESIAN_POINT('',(733.43325793871,-534.,0.999998659405083));
#4379=CARTESIAN_POINT('',(733.43325793871,-534.,0.999998659405083));
#4380=CARTESIAN_POINT('',(733.43325793871,-534.,0.999998659405083));
#4381=CARTESIAN_POINT('',(729.43325793871,-534.,-1.00000134059492));
#4382=CARTESIAN_POINT('',(729.43325793871,-534.,-1.00000134059492));
#4383=CARTESIAN_POINT('',(729.43325793871,-534.,-1.00000134059492));
#4384=CARTESIAN_POINT('',(729.43325793871,-534.,-1.00000134059492));
#4385=CARTESIAN_POINT('',(729.43325793871,-534.,-1.00000134059492));
#4386=CARTESIAN_POINT('',(730.43325793871,-534.,-1.00000134059492));
#4387=CARTESIAN_POINT('',(730.43325793871,-533.,-1.00000134059492));
#4388=CARTESIAN_POINT('',(729.43325793871,-533.,-1.00000134059492));
#4389=CARTESIAN_POINT('',(728.43325793871,-533.,-1.00000134059492));
#4390=CARTESIAN_POINT('',(728.43325793871,-534.,-1.00000134059492));
#4391=CARTESIAN_POINT('',(730.43325793871,-534.,-1.34059491691558E-6));
#4392=CARTESIAN_POINT('',(730.43325793871,-533.,-1.34059491691558E-6));
#4393=CARTESIAN_POINT('',(729.43325793871,-533.,-1.34059491691558E-6));
#4394=CARTESIAN_POINT('',(728.43325793871,-533.,-1.34059491691558E-6));
#4395=CARTESIAN_POINT('',(728.43325793871,-534.,-1.34059491691558E-6));
#4396=CARTESIAN_POINT('',(730.43325793871,-534.,0.999998659405083));
#4397=CARTESIAN_POINT('',(730.43325793871,-533.,0.999998659405083));
#4398=CARTESIAN_POINT('',(729.43325793871,-533.,0.999998659405083));
#4399=CARTESIAN_POINT('',(728.43325793871,-533.,0.999998659405083));
#4400=CARTESIAN_POINT('',(728.43325793871,-534.,0.999998659405083));
#4401=CARTESIAN_POINT('',(729.43325793871,-534.,0.999998659405083));
#4402=CARTESIAN_POINT('',(729.43325793871,-534.,0.999998659405083));
#4403=CARTESIAN_POINT('',(729.43325793871,-534.,0.999998659405083));
#4404=CARTESIAN_POINT('',(729.43325793871,-534.,0.999998659405083));
#4405=CARTESIAN_POINT('',(729.43325793871,-534.,0.999998659405083));
#4406=CARTESIAN_POINT('',(484.0887008659,-540.,9.19052060163744));
#4407=CARTESIAN_POINT('',(484.9967201506,-540.,9.82550459524926));
#4408=CARTESIAN_POINT('',(484.9967201506,-528.,9.82550459524926));
#4409=CARTESIAN_POINT('',(484.0887008659,-528.,9.19052060163744));
#4410=CARTESIAN_POINT('',(725.58741459295,-540.,15.3813611001191));
#4411=CARTESIAN_POINT('',(725.58741459295,-528.,15.3813611001191));
#4412=CARTESIAN_POINT('',(726.51104826671,-540.,14.816385752722));
#4413=CARTESIAN_POINT('',(726.51104826671,-528.,14.816385752722));
#4414=CARTESIAN_POINT('',(729.36186916044,-540.,15.4685229415597));
#4415=CARTESIAN_POINT('',(729.36186916044,-528.,15.4685229415597));
#4416=CARTESIAN_POINT('',(729.38092414872,-540.,15.4689629701353));
#4417=CARTESIAN_POINT('',(729.38092414872,-528.,15.4689629701353));
#4418=CARTESIAN_POINT('',(729.38092414872,-540.,17.0000013405941));
#4419=CARTESIAN_POINT('',(729.38092414872,-528.,17.0000013405941));
#4420=CARTESIAN_POINT('',(729.88092414872,-540.,17.5000013405941));
#4421=CARTESIAN_POINT('',(729.88092414872,-528.,17.5000013405941));
#4422=CARTESIAN_POINT('',(738.09443735745,-540.,17.5000013405941));
#4423=CARTESIAN_POINT('',(738.09443735745,-528.,17.5000013405941));
#4424=CARTESIAN_POINT('',(739.09443735745,-540.,16.500001340594));
#4425=CARTESIAN_POINT('',(739.09443735745,-528.,16.500001340594));
#4426=CARTESIAN_POINT('',(739.09443735745,-540.,1.99999865940514));
#4427=CARTESIAN_POINT('',(739.09443735745,-528.,1.99999865940514));
#4428=CARTESIAN_POINT('',(737.09443735745,-540.,-1.34059491685434E-6));
#4429=CARTESIAN_POINT('',(737.09443735745,-528.,-1.34059491685434E-6));
#4430=CARTESIAN_POINT('',(472.90555553067,-540.,-1.34059491685434E-6));
#4431=CARTESIAN_POINT('',(472.90555553067,-528.,-1.34059491685434E-6));
#4432=CARTESIAN_POINT('',(726.43325793871,-534.,-1.34059491685434E-6));
#4433=CARTESIAN_POINT('',(734.43325793871,-534.,-1.34059491685434E-6));
#4434=CARTESIAN_POINT('',(730.43325793871,-534.,-1.34059491685434E-6));
#4435=CARTESIAN_POINT('',(470.90555553067,-540.,1.99999865940497));
#4436=CARTESIAN_POINT('',(470.90555553067,-528.,1.99999865940497));
#4437=CARTESIAN_POINT('',(470.90555553067,-540.,16.500001340595));
#4438=CARTESIAN_POINT('',(470.90555553067,-528.,16.500001340595));
#4439=CARTESIAN_POINT('',(481.19204232194,-540.,16.5000013405941));
#4440=CARTESIAN_POINT('',(481.19204232194,-528.,16.5000013405941));
#4441=CARTESIAN_POINT('',(481.19204232194,-540.,9.73764516647285));
#4442=CARTESIAN_POINT('',(481.19204232194,-528.,9.73764516647285));
#4443=CARTESIAN_POINT('',(725.43325793871,-534.,0.999998659405151));
#4444=CARTESIAN_POINT('',(733.43325793871,-534.,0.999998659405117));
#4445=CARTESIAN_POINT('',(729.43325793871,-534.,0.999998659404987));
#4446=CARTESIAN_POINT('',(724.43325793871,-534.,-1.34059491685434E-6));
#4447=CARTESIAN_POINT('',(732.43325793871,-534.,-1.34059491685434E-6));
#4448=CARTESIAN_POINT('',(728.43325793871,-534.,-1.34059491685434E-6));
#4449=CARTESIAN_POINT('',(484.0887008659,-540.,9.19052060163744));
#4450=CARTESIAN_POINT('',(484.331429850465,-540.,9.81014133504605));
#4451=CARTESIAN_POINT('',(484.9967201506,-540.,9.82550459524926));
#4452=CARTESIAN_POINT('',(484.9967201506,-540.,9.82550459524926));
#4453=CARTESIAN_POINT('',(484.9967201506,-528.,9.82550459524926));
#4454=CARTESIAN_POINT('',(484.9967201506,-528.,9.82550459524926));
#4455=CARTESIAN_POINT('',(484.331429850465,-528.,9.81014133504605));
#4456=CARTESIAN_POINT('',(484.0887008659,-528.,9.19052060163744));
#4457=CARTESIAN_POINT('',(484.0887008659,-528.,9.19052060163744));
#4458=CARTESIAN_POINT('',(484.0887008659,-540.,9.19052060163744));
#4459=CARTESIAN_POINT('',(484.9967201506,-540.,9.82550459524926));
#4460=CARTESIAN_POINT('',(533.11485903907,-540.,10.9366758962232));
#4461=CARTESIAN_POINT('',(581.23299792754,-540.,12.0478471971972));
#4462=CARTESIAN_POINT('',(629.35113681601,-540.,13.1590184981712));
#4463=CARTESIAN_POINT('',(677.46927570448,-540.,14.2701897991452));
#4464=CARTESIAN_POINT('',(725.58741459295,-540.,15.3813611001191));
#4465=CARTESIAN_POINT('',(725.58741459295,-540.,15.3813611001191));
#4466=CARTESIAN_POINT('',(725.58741459295,-528.,15.3813611001191));
#4467=CARTESIAN_POINT('',(725.58741459295,-528.,15.3813611001191));
#4468=CARTESIAN_POINT('',(677.46927570448,-528.,14.2701897991452));
#4469=CARTESIAN_POINT('',(629.35113681601,-528.,13.1590184981712));
#4470=CARTESIAN_POINT('',(581.23299792754,-528.,12.0478471971972));
#4471=CARTESIAN_POINT('',(533.11485903907,-528.,10.9366758962232));
#4472=CARTESIAN_POINT('',(484.9967201506,-528.,9.82550459524926));
#4473=CARTESIAN_POINT('',(725.58741459295,-540.,15.3813611001191));
#4474=CARTESIAN_POINT('',(726.231118258587,-540.,15.3962258695444));
#4475=CARTESIAN_POINT('',(726.51104826671,-540.,14.816385752722));
#4476=CARTESIAN_POINT('',(726.51104826671,-540.,14.816385752722));
#4477=CARTESIAN_POINT('',(726.51104826671,-528.,14.816385752722));
#4478=CARTESIAN_POINT('',(726.51104826671,-528.,14.816385752722));
#4479=CARTESIAN_POINT('',(726.231118258587,-528.,15.3962258695444));
#4480=CARTESIAN_POINT('',(725.58741459295,-528.,15.3813611001191));
#4481=CARTESIAN_POINT('',(729.36186916044,-540.,15.4685229415597));
#4482=CARTESIAN_POINT('',(729.361869160439,-540.,14.2729082684939));
#4483=CARTESIAN_POINT('',(728.19636031085,-540.,14.0062932501993));
#4484=CARTESIAN_POINT('',(727.030851461261,-540.,13.7396782319047));
#4485=CARTESIAN_POINT('',(726.51104826671,-540.,14.816385752722));
#4486=CARTESIAN_POINT('',(729.36186916044,-528.,15.4685229415597));
#4487=CARTESIAN_POINT('',(729.36186916044,-540.,15.4685229415597));
#4488=CARTESIAN_POINT('',(726.51104826671,-528.,14.816385752722));
#4489=CARTESIAN_POINT('',(727.030851461261,-528.,13.7396782319045));
#4490=CARTESIAN_POINT('',(728.19636031085,-528.,14.0062932501991));
#4491=CARTESIAN_POINT('',(729.361869160439,-528.,14.2729082684937));
#4492=CARTESIAN_POINT('',(729.36186916044,-528.,15.4685229415597));
#4493=CARTESIAN_POINT('',(729.36186916044,-540.,15.4685229415597));
#4494=CARTESIAN_POINT('',(729.36568015809,-540.,15.4686109472748));
#4495=CARTESIAN_POINT('',(729.36949115575,-540.,15.4686989529899));
#4496=CARTESIAN_POINT('',(729.3733021534,-540.,15.468786958705));
#4497=CARTESIAN_POINT('',(729.37711315106,-540.,15.4688749644202));
#4498=CARTESIAN_POINT('',(729.38092414872,-540.,15.4689629701353));
#4499=CARTESIAN_POINT('',(729.38092414872,-540.,15.4689629701353));
#4500=CARTESIAN_POINT('',(729.38092414872,-528.,15.4689629701353));
#4501=CARTESIAN_POINT('',(729.38092414872,-528.,15.4689629701353));
#4502=CARTESIAN_POINT('',(729.37711315106,-528.,15.4688749644202));
#4503=CARTESIAN_POINT('',(729.3733021534,-528.,15.468786958705));
#4504=CARTESIAN_POINT('',(729.36949115575,-528.,15.4686989529899));
#4505=CARTESIAN_POINT('',(729.36568015809,-528.,15.4686109472748));
#4506=CARTESIAN_POINT('',(729.36186916044,-528.,15.4685229415597));
#4507=CARTESIAN_POINT('',(729.38092414872,-540.,15.4689629701353));
#4508=CARTESIAN_POINT('',(729.38092414872,-540.,15.775170644227));
#4509=CARTESIAN_POINT('',(729.38092414872,-540.,16.0813783183188));
#4510=CARTESIAN_POINT('',(729.38092414872,-540.,16.3875859924106));
#4511=CARTESIAN_POINT('',(729.38092414872,-540.,16.6937936665023));
#4512=CARTESIAN_POINT('',(729.38092414872,-540.,17.0000013405941));
#4513=CARTESIAN_POINT('',(729.38092414872,-540.,17.0000013405941));
#4514=CARTESIAN_POINT('',(729.38092414872,-528.,17.0000013405941));
#4515=CARTESIAN_POINT('',(729.38092414872,-528.,17.0000013405941));
#4516=CARTESIAN_POINT('',(729.38092414872,-528.,16.6937936665023));
#4517=CARTESIAN_POINT('',(729.38092414872,-528.,16.3875859924106));
#4518=CARTESIAN_POINT('',(729.38092414872,-528.,16.0813783183188));
#4519=CARTESIAN_POINT('',(729.38092414872,-528.,15.775170644227));
#4520=CARTESIAN_POINT('',(729.38092414872,-528.,15.4689629701353));
#4521=CARTESIAN_POINT('',(729.38092414872,-540.,17.0000013405941));
#4522=CARTESIAN_POINT('',(729.38092414872,-540.,17.5000013405944));
#4523=CARTESIAN_POINT('',(729.88092414872,-540.,17.5000013405941));
#4524=CARTESIAN_POINT('',(729.88092414872,-540.,17.5000013405941));
#4525=CARTESIAN_POINT('',(729.88092414872,-528.,17.5000013405941));
#4526=CARTESIAN_POINT('',(729.88092414872,-528.,17.5000013405941));
#4527=CARTESIAN_POINT('',(729.38092414872,-528.,17.5000013405944));
#4528=CARTESIAN_POINT('',(729.38092414872,-528.,17.0000013405941));
#4529=CARTESIAN_POINT('',(729.88092414872,-540.,17.5000013405941));
#4530=CARTESIAN_POINT('',(731.52362679046,-540.,17.5000013405941));
#4531=CARTESIAN_POINT('',(733.16632943221,-540.,17.5000013405941));
#4532=CARTESIAN_POINT('',(734.80903207395,-540.,17.5000013405941));
#4533=CARTESIAN_POINT('',(736.4517347157,-540.,17.5000013405941));
#4534=CARTESIAN_POINT('',(738.09443735745,-540.,17.5000013405941));
#4535=CARTESIAN_POINT('',(738.09443735745,-540.,17.5000013405941));
#4536=CARTESIAN_POINT('',(738.09443735745,-528.,17.5000013405941));
#4537=CARTESIAN_POINT('',(738.09443735745,-528.,17.5000013405941));
#4538=CARTESIAN_POINT('',(736.4517347157,-528.,17.5000013405941));
#4539=CARTESIAN_POINT('',(734.80903207395,-528.,17.5000013405941));
#4540=CARTESIAN_POINT('',(733.16632943221,-528.,17.5000013405941));
#4541=CARTESIAN_POINT('',(731.52362679046,-528.,17.5000013405941));
#4542=CARTESIAN_POINT('',(729.88092414872,-528.,17.5000013405941));
#4543=CARTESIAN_POINT('',(738.09443735745,-540.,17.5000013405941));
#4544=CARTESIAN_POINT('',(739.094437357447,-540.,17.5000013405907));
#4545=CARTESIAN_POINT('',(739.09443735745,-540.,16.500001340594));
#4546=CARTESIAN_POINT('',(739.09443735745,-540.,16.500001340594));
#4547=CARTESIAN_POINT('',(739.09443735745,-528.,16.500001340594));
#4548=CARTESIAN_POINT('',(739.09443735745,-528.,16.500001340594));
#4549=CARTESIAN_POINT('',(739.094437357447,-528.,17.5000013405907));
#4550=CARTESIAN_POINT('',(738.09443735745,-528.,17.5000013405941));
#4551=CARTESIAN_POINT('',(739.09443735745,-540.,16.500001340594));
#4552=CARTESIAN_POINT('',(739.09443735745,-540.,13.6000008043563));
#4553=CARTESIAN_POINT('',(739.09443735745,-540.,10.7000002681185));
#4554=CARTESIAN_POINT('',(739.09443735745,-540.,7.79999973188069));
#4555=CARTESIAN_POINT('',(739.09443735745,-540.,4.89999919564292));
#4556=CARTESIAN_POINT('',(739.09443735745,-540.,1.99999865940514));
#4557=CARTESIAN_POINT('',(739.09443735745,-540.,1.99999865940514));
#4558=CARTESIAN_POINT('',(739.09443735745,-528.,1.99999865940514));
#4559=CARTESIAN_POINT('',(739.09443735745,-528.,1.99999865940514));
#4560=CARTESIAN_POINT('',(739.09443735745,-528.,4.89999919564292));
#4561=CARTESIAN_POINT('',(739.09443735745,-528.,7.79999973188069));
#4562=CARTESIAN_POINT('',(739.09443735745,-528.,10.7000002681185));
#4563=CARTESIAN_POINT('',(739.09443735745,-528.,13.6000008043563));
#4564=CARTESIAN_POINT('',(739.09443735745,-528.,16.500001340594));
#4565=CARTESIAN_POINT('',(739.09443735745,-540.,1.99999865940514));
#4566=CARTESIAN_POINT('',(739.09443735745,-540.,1.19999865940504));
#4567=CARTESIAN_POINT('',(739.09443735745,-540.,0.399998659405004));
#4568=CARTESIAN_POINT('',(738.69443735745,-540.,-1.34059494527605E-6));
#4569=CARTESIAN_POINT('',(737.89443735745,-540.,-1.34059491685434E-6));
#4570=CARTESIAN_POINT('',(737.09443735745,-540.,-1.34059491685434E-6));
#4571=CARTESIAN_POINT('',(737.09443735745,-540.,-1.34059491685434E-6));
#4572=CARTESIAN_POINT('',(737.09443735745,-528.,-1.34059491685434E-6));
#4573=CARTESIAN_POINT('',(737.09443735745,-528.,-1.34059491685434E-6));
#4574=CARTESIAN_POINT('',(737.89443735745,-528.,-1.34059491685434E-6));
#4575=CARTESIAN_POINT('',(738.69443735745,-528.,-1.34059494527605E-6));
#4576=CARTESIAN_POINT('',(739.09443735745,-528.,0.399998659405004));
#4577=CARTESIAN_POINT('',(739.09443735745,-528.,1.19999865940504));
#4578=CARTESIAN_POINT('',(739.09443735745,-528.,1.99999865940514));
#4579=CARTESIAN_POINT('',(737.09443735745,-540.,-1.34059491685434E-6));
#4580=CARTESIAN_POINT('',(684.25666099209,-540.,-1.34059491685434E-6));
#4581=CARTESIAN_POINT('',(631.41888462674,-540.,-1.34059491685434E-6));
#4582=CARTESIAN_POINT('',(578.58110826138,-540.,-1.34059491685434E-6));
#4583=CARTESIAN_POINT('',(525.74333189603,-540.,-1.34059491685434E-6));
#4584=CARTESIAN_POINT('',(472.90555553067,-540.,-1.34059491685434E-6));
#4585=CARTESIAN_POINT('',(472.90555553067,-540.,-1.34059491685434E-6));
#4586=CARTESIAN_POINT('',(472.90555553067,-528.,-1.34059491685434E-6));
#4587=CARTESIAN_POINT('',(472.90555553067,-528.,-1.34059491685434E-6));
#4588=CARTESIAN_POINT('',(525.74333189603,-528.,-1.34059491685434E-6));
#4589=CARTESIAN_POINT('',(578.58110826138,-528.,-1.34059491685434E-6));
#4590=CARTESIAN_POINT('',(631.41888462674,-528.,-1.34059491685434E-6));
#4591=CARTESIAN_POINT('',(684.25666099209,-528.,-1.34059491685434E-6));
#4592=CARTESIAN_POINT('',(737.09443735745,-528.,-1.34059491685434E-6));
#4593=CARTESIAN_POINT('',(472.90555553067,-540.,-1.34059491685434E-6));
#4594=CARTESIAN_POINT('',(472.10555553067,-540.,-1.34059494527605E-6));
#4595=CARTESIAN_POINT('',(471.30555553067,-540.,-1.34059500211947E-6));
#4596=CARTESIAN_POINT('',(470.90555553067,-540.,0.399998659405032));
#4597=CARTESIAN_POINT('',(470.90555553067,-540.,1.19999865940499));
#4598=CARTESIAN_POINT('',(470.90555553067,-540.,1.99999865940497));
#4599=CARTESIAN_POINT('',(470.90555553067,-540.,1.99999865940497));
#4600=CARTESIAN_POINT('',(470.90555553067,-528.,1.99999865940497));
#4601=CARTESIAN_POINT('',(470.90555553067,-528.,1.99999865940497));
#4602=CARTESIAN_POINT('',(470.90555553067,-528.,1.19999865940499));
#4603=CARTESIAN_POINT('',(470.90555553067,-528.,0.399998659405032));
#4604=CARTESIAN_POINT('',(471.30555553067,-528.,-1.34059500211947E-6));
#4605=CARTESIAN_POINT('',(472.10555553067,-528.,-1.34059494527605E-6));
#4606=CARTESIAN_POINT('',(472.90555553067,-528.,-1.34059491685434E-6));
#4607=CARTESIAN_POINT('',(470.90555553067,-540.,1.99999865940497));
#4608=CARTESIAN_POINT('',(470.90555553067,-540.,4.89999919564298));
#4609=CARTESIAN_POINT('',(470.90555553067,-540.,7.79999973188099));
#4610=CARTESIAN_POINT('',(470.90555553067,-540.,10.700000268119));
#4611=CARTESIAN_POINT('',(470.90555553067,-540.,13.600000804357));
#4612=CARTESIAN_POINT('',(470.90555553067,-540.,16.500001340595));
#4613=CARTESIAN_POINT('',(470.90555553067,-540.,16.500001340595));
#4614=CARTESIAN_POINT('',(470.90555553067,-528.,16.500001340595));
#4615=CARTESIAN_POINT('',(470.90555553067,-528.,16.500001340595));
#4616=CARTESIAN_POINT('',(470.90555553067,-528.,13.600000804357));
#4617=CARTESIAN_POINT('',(470.90555553067,-528.,10.700000268119));
#4618=CARTESIAN_POINT('',(470.90555553067,-528.,7.79999973188099));
#4619=CARTESIAN_POINT('',(470.90555553067,-528.,4.89999919564298));
#4620=CARTESIAN_POINT('',(470.90555553067,-528.,1.99999865940497));
#4621=CARTESIAN_POINT('',(481.19204232194,-540.,16.5000013405941));
#4622=CARTESIAN_POINT('',(481.19204232194,-528.,16.5000013405941));
#4623=CARTESIAN_POINT('',(481.19204232194,-540.,16.5000013405941));
#4624=CARTESIAN_POINT('',(481.19204232194,-540.,15.1475301057698));
#4625=CARTESIAN_POINT('',(481.19204232194,-540.,13.7950588709456));
#4626=CARTESIAN_POINT('',(481.19204232194,-540.,12.4425876361213));
#4627=CARTESIAN_POINT('',(481.19204232194,-540.,11.0901164012971));
#4628=CARTESIAN_POINT('',(481.19204232194,-540.,9.73764516647285));
#4629=CARTESIAN_POINT('',(481.19204232194,-540.,9.73764516647285));
#4630=CARTESIAN_POINT('',(481.19204232194,-528.,9.73764516647285));
#4631=CARTESIAN_POINT('',(481.19204232194,-528.,9.73764516647285));
#4632=CARTESIAN_POINT('',(481.19204232194,-528.,11.0901164012971));
#4633=CARTESIAN_POINT('',(481.19204232194,-528.,12.4425876361213));
#4634=CARTESIAN_POINT('',(481.19204232194,-528.,13.7950588709456));
#4635=CARTESIAN_POINT('',(481.19204232194,-528.,15.1475301057698));
#4636=CARTESIAN_POINT('',(481.19204232194,-528.,16.5000013405941));
#4637=CARTESIAN_POINT('',(484.0887008659,-540.,9.19052060163744));
#4638=CARTESIAN_POINT('',(483.635243949752,-540.,8.03296907373024));
#4639=CARTESIAN_POINT('',(482.413642992745,-540.,8.26370662248215));
#4640=CARTESIAN_POINT('',(481.192042035739,-540.,8.49444417123406));
#4641=CARTESIAN_POINT('',(481.19204232194,-540.,9.73764516647285));
#4642=CARTESIAN_POINT('',(481.19204232194,-528.,9.73764516647285));
#4643=CARTESIAN_POINT('',(481.192042035739,-528.,8.49444417123406));
#4644=CARTESIAN_POINT('',(482.413642992745,-528.,8.26370662248215));
#4645=CARTESIAN_POINT('',(483.635243949752,-528.,8.03296907373024));
#4646=CARTESIAN_POINT('',(484.0887008659,-528.,9.19052060163744));
#4647=CARTESIAN_POINT('',(726.43325793871,-534.,-1.34059491685434E-6));
#4648=CARTESIAN_POINT('',(726.43325793871,-533.,-1.34059491685434E-6));
#4649=CARTESIAN_POINT('',(725.43325793871,-533.,-1.34059491685434E-6));
#4650=CARTESIAN_POINT('',(724.43325793871,-533.,-1.34059491685434E-6));
#4651=CARTESIAN_POINT('',(724.43325793871,-534.,-1.34059491685434E-6));
#4652=CARTESIAN_POINT('',(726.43325793871,-534.,-1.34059491685434E-6));
#4653=CARTESIAN_POINT('',(726.433257938711,-534.,0.999998659405605));
#4654=CARTESIAN_POINT('',(725.43325793871,-534.,0.999998659405151));
#4655=CARTESIAN_POINT('',(734.43325793871,-534.,-1.34059491685434E-6));
#4656=CARTESIAN_POINT('',(734.43325793871,-533.,-1.34059491685434E-6));
#4657=CARTESIAN_POINT('',(733.43325793871,-533.,-1.34059491685434E-6));
#4658=CARTESIAN_POINT('',(732.43325793871,-533.,-1.34059491685434E-6));
#4659=CARTESIAN_POINT('',(732.43325793871,-534.,-1.34059491685434E-6));
#4660=CARTESIAN_POINT('',(734.43325793871,-534.,-1.34059491685434E-6));
#4661=CARTESIAN_POINT('',(734.43325793871,-534.,0.999998659405117));
#4662=CARTESIAN_POINT('',(733.43325793871,-534.,0.999998659405117));
#4663=CARTESIAN_POINT('',(730.43325793871,-534.,-1.34059491685434E-6));
#4664=CARTESIAN_POINT('',(730.43325793871,-533.,-1.34059491685434E-6));
#4665=CARTESIAN_POINT('',(729.43325793871,-533.,-1.34059491685434E-6));
#4666=CARTESIAN_POINT('',(728.43325793871,-533.,-1.34059491685434E-6));
#4667=CARTESIAN_POINT('',(728.43325793871,-534.,-1.34059491685434E-6));
#4668=CARTESIAN_POINT('',(730.43325793871,-534.,-1.34059491685434E-6));
#4669=CARTESIAN_POINT('',(730.433257938709,-534.,0.999998659404077));
#4670=CARTESIAN_POINT('',(729.43325793871,-534.,0.999998659404987));
#4671=CARTESIAN_POINT('',(481.19204232194,-540.,16.5000013405941));
#4672=CARTESIAN_POINT('',(470.90555553067,-540.,16.500001340595));
#4673=CARTESIAN_POINT('',(470.90555553067,-528.,16.500001340595));
#4674=CARTESIAN_POINT('',(481.19204232194,-528.,16.5000013405941));
#4675=CARTESIAN_POINT('',(724.43325793871,-534.,-1.34059491691558E-6));
#4676=CARTESIAN_POINT('',(724.43325793871,-534.,0.999998659405083));
#4677=CARTESIAN_POINT('',(725.43325793871,-534.,0.999998659405083));
#4678=CARTESIAN_POINT('',(724.43325793871,-534.,-1.34059491685434E-6));
#4679=CARTESIAN_POINT('',(724.43325793871,-535.,-1.34059491685434E-6));
#4680=CARTESIAN_POINT('',(725.43325793871,-535.,-1.34059491685434E-6));
#4681=CARTESIAN_POINT('',(726.43325793871,-535.,-1.34059491685434E-6));
#4682=CARTESIAN_POINT('',(726.43325793871,-534.,-1.34059491685434E-6));
#4683=CARTESIAN_POINT('',(732.43325793871,-534.,-1.34059491691558E-6));
#4684=CARTESIAN_POINT('',(732.43325793871,-534.,0.999998659405083));
#4685=CARTESIAN_POINT('',(733.43325793871,-534.,0.999998659405083));
#4686=CARTESIAN_POINT('',(732.43325793871,-534.,-1.34059491685434E-6));
#4687=CARTESIAN_POINT('',(732.43325793871,-535.,-1.34059491685434E-6));
#4688=CARTESIAN_POINT('',(733.43325793871,-535.,-1.34059491685434E-6));
#4689=CARTESIAN_POINT('',(734.43325793871,-535.,-1.34059491685434E-6));
#4690=CARTESIAN_POINT('',(734.43325793871,-534.,-1.34059491685434E-6));
#4691=CARTESIAN_POINT('',(728.43325793871,-534.,-1.34059491691558E-6));
#4692=CARTESIAN_POINT('',(728.43325793871,-534.,0.999998659405083));
#4693=CARTESIAN_POINT('',(729.43325793871,-534.,0.999998659405083));
#4694=CARTESIAN_POINT('',(728.43325793871,-534.,-1.34059491685434E-6));
#4695=CARTESIAN_POINT('',(728.43325793871,-535.,-1.34059491685434E-6));
#4696=CARTESIAN_POINT('',(729.43325793871,-535.,-1.34059491685434E-6));
#4697=CARTESIAN_POINT('',(730.43325793871,-535.,-1.34059491685434E-6));
#4698=CARTESIAN_POINT('',(730.43325793871,-534.,-1.34059491685434E-6));
#4699=CARTESIAN_POINT('',(0.,0.,0.));
ENDSEC;
END-ISO-10303-21;
