ISO-10303-21;
HEADER;
/* Generated by software containing ST-Developer
 * from STEP Tools, Inc. (www.steptools.com) 
 */
/* OPTION: using custom schema-name function */

FILE_DESCRIPTION(
/* description */ (''),
/* implementation_level */ '2;1');

FILE_NAME(
/* name */ 'TailLog3_parts',
/* time_stamp */ '2026-04-09T19:02:48+03:00',
/* author */ (''),
/* organization */ (''),
/* preprocessor_version */ 'ST-DEVELOPER v16.5',
/* originating_system */ 'Rhino 7.23',
/* authorisation */ '');

FILE_SCHEMA (('CONFIG_CONTROL_DESIGN'));
ENDSEC;

DATA;
#10=SHAPE_REPRESENTATION_RELATIONSHIP('','',#2442,#15);
#11=(
BOUNDED_SURFACE()
B_SPLINE_SURFACE(5,2,((#4108,#4109,#4110,#4111,#4112,#4113,#4114,#4115,
#4116),(#4117,#4118,#4119,#4120,#4121,#4122,#4123,#4124,#4125),(#4126,#4127,
#4128,#4129,#4130,#4131,#4132,#4133,#4134),(#4135,#4136,#4137,#4138,#4139,
#4140,#4141,#4142,#4143),(#4144,#4145,#4146,#4147,#4148,#4149,#4150,#4151,
#4152),(#4153,#4154,#4155,#4156,#4157,#4158,#4159,#4160,#4161)),
 .UNSPECIFIED.,.F.,.F.,.F.)
B_SPLINE_SURFACE_WITH_KNOTS((6,6),(3,2,2,2,3),(0.,1.),(0.,5.49764824431264,
10.9952964886253,16.4929447329379,21.9905929772506),.UNSPECIFIED.)
GEOMETRIC_REPRESENTATION_ITEM()
RATIONAL_B_SPLINE_SURFACE(((1.,0.707106781186548,1.,0.707106781186548,1.,
0.707106781186548,1.,0.707106781186548,1.),(1.,0.707106781186548,1.,0.707106781186548,
1.,0.707106781186548,1.,0.707106781186548,1.),(1.,0.707106781186548,1.,
0.707106781186548,1.,0.707106781186548,1.,0.707106781186548,1.),(1.,0.707106781186548,
1.,0.707106781186548,1.,0.707106781186548,1.,0.707106781186548,1.),(1.,
0.707106781186548,1.,0.707106781186548,1.,0.707106781186548,1.,0.707106781186548,
1.),(1.,0.707106781186548,1.,0.707106781186548,1.,0.707106781186548,1.,
0.707106781186548,1.)))
REPRESENTATION_ITEM('')
SURFACE()
);
#12=MANIFOLD_SOLID_BREP('brep_1',#16);
#13=MANIFOLD_SOLID_BREP('brep_2',#17);
#14=MANIFOLD_SOLID_BREP('brep_3',#18);
#15=ADVANCED_BREP_SHAPE_REPRESENTATION('brep_rep_0',(#12,#13,#14,#2535),
#2441);
#16=CLOSED_SHELL('',(#31,#32,#33,#34,#35,#36,#37,#38,#39,#40,#41,#42,#43,
#44,#45,#46,#47,#48,#49,#50,#51,#52,#53,#54,#55,#56,#57,#58,#59,#60,#61,
#62,#63,#64,#65,#66,#67,#68,#69,#70,#71,#72,#73,#74,#75,#76,#77,#78,#79,
#80,#81,#82,#83,#84,#85,#86,#87,#88,#89,#90,#91,#92,#93,#94,#95,#96,#97,
#98,#99,#100,#101,#102));
#17=CLOSED_SHELL('',(#103,#104,#105));
#18=CLOSED_SHELL('',(#106,#107,#108,#109,#110,#111,#112,#113,#114,#115,
#116,#117,#118,#119,#120,#121,#122,#123,#124,#125,#126,#127,#128,#129,#130,
#131,#132,#133,#134,#135,#136,#137,#138,#139,#140,#141,#142,#143,#144,#145,
#146,#147,#148,#149,#150,#151,#152,#153,#154,#155,#156,#157,#158,#159,#160,
#161,#162,#163,#164,#165,#166,#167,#168));
#19=FACE_BOUND('',#370,.T.);
#20=FACE_BOUND('',#385,.T.);
#21=FACE_BOUND('',#395,.T.);
#22=FACE_BOUND('',#397,.T.);
#23=FACE_BOUND('',#398,.T.);
#24=FACE_BOUND('',#416,.T.);
#25=FACE_BOUND('',#418,.T.);
#26=FACE_BOUND('',#428,.T.);
#27=FACE_BOUND('',#429,.T.);
#28=FACE_BOUND('',#434,.T.);
#29=FACE_BOUND('',#438,.T.);
#30=FACE_BOUND('',#444,.T.);
#31=ADVANCED_FACE('',(#169),#2265,.T.);
#32=ADVANCED_FACE('',(#170),#2277,.T.);
#33=ADVANCED_FACE('',(#171),#2318,.T.);
#34=ADVANCED_FACE('',(#172),#2319,.T.);
#35=ADVANCED_FACE('',(#173),#2320,.T.);
#36=ADVANCED_FACE('',(#174),#2321,.F.);
#37=ADVANCED_FACE('',(#175),#2322,.F.);
#38=ADVANCED_FACE('',(#176),#2323,.F.);
#39=ADVANCED_FACE('',(#177),#2336,.F.);
#40=ADVANCED_FACE('',(#178),#2324,.F.);
#41=ADVANCED_FACE('',(#179),#2228,.T.);
#42=ADVANCED_FACE('',(#180),#2229,.T.);
#43=ADVANCED_FACE('',(#181),#2278,.T.);
#44=ADVANCED_FACE('',(#182),#2230,.T.);
#45=ADVANCED_FACE('',(#183),#2231,.T.);
#46=ADVANCED_FACE('',(#184),#2279,.T.);
#47=ADVANCED_FACE('',(#185),#2232,.T.);
#48=ADVANCED_FACE('',(#186),#2280,.T.);
#49=ADVANCED_FACE('',(#187),#2233,.T.);
#50=ADVANCED_FACE('',(#188),#2234,.T.);
#51=ADVANCED_FACE('',(#189),#2314,.F.);
#52=ADVANCED_FACE('',(#190),#2315,.T.);
#53=ADVANCED_FACE('',(#191),#2316,.T.);
#54=ADVANCED_FACE('',(#192),#2317,.T.);
#55=ADVANCED_FACE('',(#193),#2317,.T.);
#56=ADVANCED_FACE('',(#194),#2222,.T.);
#57=ADVANCED_FACE('',(#195),#2223,.T.);
#58=ADVANCED_FACE('',(#196),#2224,.T.);
#59=ADVANCED_FACE('',(#197),#2225,.T.);
#60=ADVANCED_FACE('',(#198),#2226,.T.);
#61=ADVANCED_FACE('',(#199),#2227,.T.);
#62=ADVANCED_FACE('',(#200),#2266,.T.);
#63=ADVANCED_FACE('',(#201),#2281,.T.);
#64=ADVANCED_FACE('',(#202),#2329,.T.);
#65=ADVANCED_FACE('',(#203),#2330,.T.);
#66=ADVANCED_FACE('',(#204),#2331,.T.);
#67=ADVANCED_FACE('',(#205),#2332,.F.);
#68=ADVANCED_FACE('',(#206),#2333,.F.);
#69=ADVANCED_FACE('',(#207),#2334,.F.);
#70=ADVANCED_FACE('',(#208),#2335,.F.);
#71=ADVANCED_FACE('',(#209),#2335,.F.);
#72=ADVANCED_FACE('',(#210),#2241,.T.);
#73=ADVANCED_FACE('',(#211),#2242,.T.);
#74=ADVANCED_FACE('',(#212),#2282,.T.);
#75=ADVANCED_FACE('',(#213),#2243,.T.);
#76=ADVANCED_FACE('',(#214),#2244,.T.);
#77=ADVANCED_FACE('',(#215),#2283,.T.);
#78=ADVANCED_FACE('',(#216),#2245,.T.);
#79=ADVANCED_FACE('',(#217),#2284,.T.);
#80=ADVANCED_FACE('',(#218),#2246,.T.);
#81=ADVANCED_FACE('',(#219),#2247,.T.);
#82=ADVANCED_FACE('',(#220),#2325,.F.);
#83=ADVANCED_FACE('',(#221),#2326,.T.);
#84=ADVANCED_FACE('',(#222),#2327,.T.);
#85=ADVANCED_FACE('',(#223),#2337,.T.);
#86=ADVANCED_FACE('',(#224),#2328,.T.);
#87=ADVANCED_FACE('',(#225),#2235,.T.);
#88=ADVANCED_FACE('',(#226),#2236,.T.);
#89=ADVANCED_FACE('',(#227),#2237,.T.);
#90=ADVANCED_FACE('',(#228),#2238,.T.);
#91=ADVANCED_FACE('',(#229),#2239,.T.);
#92=ADVANCED_FACE('',(#230),#2240,.T.);
#93=ADVANCED_FACE('',(#231,#19),#2267,.T.);
#94=ADVANCED_FACE('',(#232),#2268,.T.);
#95=ADVANCED_FACE('',(#233),#2269,.T.);
#96=ADVANCED_FACE('',(#234),#2270,.T.);
#97=ADVANCED_FACE('',(#235),#2271,.T.);
#98=ADVANCED_FACE('',(#236),#2272,.T.);
#99=ADVANCED_FACE('',(#237),#2273,.T.);
#100=ADVANCED_FACE('',(#238),#2274,.T.);
#101=ADVANCED_FACE('',(#239),#2275,.T.);
#102=ADVANCED_FACE('',(#240),#2276,.T.);
#103=ADVANCED_FACE('',(#241),#2338,.T.);
#104=ADVANCED_FACE('',(#242),#2285,.T.);
#105=ADVANCED_FACE('',(#243),#2286,.T.);
#106=ADVANCED_FACE('',(#244),#2306,.T.);
#107=ADVANCED_FACE('',(#245,#20),#2307,.T.);
#108=ADVANCED_FACE('',(#246),#2289,.T.);
#109=ADVANCED_FACE('',(#247),#2248,.T.);
#110=ADVANCED_FACE('',(#248),#2290,.T.);
#111=ADVANCED_FACE('',(#249),#2249,.T.);
#112=ADVANCED_FACE('',(#250),#2291,.T.);
#113=ADVANCED_FACE('',(#251),#2250,.T.);
#114=ADVANCED_FACE('',(#252),#2292,.T.);
#115=ADVANCED_FACE('',(#253),#2251,.T.);
#116=ADVANCED_FACE('',(#254,#21),#2293,.T.);
#117=ADVANCED_FACE('',(#255,#22,#23),#2294,.T.);
#118=ADVANCED_FACE('',(#256),#2295,.T.);
#119=ADVANCED_FACE('',(#257),#2350,.F.);
#120=ADVANCED_FACE('',(#258),#2351,.F.);
#121=ADVANCED_FACE('',(#259),#2352,.F.);
#122=ADVANCED_FACE('',(#260),#2353,.F.);
#123=ADVANCED_FACE('',(#261),#2354,.F.);
#124=ADVANCED_FACE('',(#262),#2343,.F.);
#125=ADVANCED_FACE('',(#263),#2342,.F.);
#126=ADVANCED_FACE('',(#264),#2341,.F.);
#127=ADVANCED_FACE('',(#265),#2340,.F.);
#128=ADVANCED_FACE('',(#266),#2252,.T.);
#129=ADVANCED_FACE('',(#267),#2253,.T.);
#130=ADVANCED_FACE('',(#268),#2254,.T.);
#131=ADVANCED_FACE('',(#269),#2297,.T.);
#132=ADVANCED_FACE('',(#270),#2298,.T.);
#133=ADVANCED_FACE('',(#271),#2299,.T.);
#134=ADVANCED_FACE('',(#272,#24),#2300,.T.);
#135=ADVANCED_FACE('',(#273,#25),#2301,.T.);
#136=ADVANCED_FACE('',(#274),#2255,.T.);
#137=ADVANCED_FACE('',(#275),#2256,.T.);
#138=ADVANCED_FACE('',(#276),#2339,.F.);
#139=ADVANCED_FACE('',(#277),#11,.T.);
#140=ADVANCED_FACE('',(#278),#2308,.T.);
#141=ADVANCED_FACE('',(#279),#2309,.T.);
#142=ADVANCED_FACE('',(#280),#2302,.T.);
#143=ADVANCED_FACE('',(#281),#2303,.T.);
#144=ADVANCED_FACE('',(#282,#26,#27),#2305,.T.);
#145=ADVANCED_FACE('',(#283),#2304,.T.);
#146=ADVANCED_FACE('',(#284),#2257,.T.);
#147=ADVANCED_FACE('',(#285),#2344,.F.);
#148=ADVANCED_FACE('',(#286,#28),#2310,.T.);
#149=ADVANCED_FACE('',(#287),#2345,.F.);
#150=ADVANCED_FACE('',(#288),#2346,.F.);
#151=ADVANCED_FACE('',(#289,#29),#2311,.T.);
#152=ADVANCED_FACE('',(#290),#2347,.F.);
#153=ADVANCED_FACE('',(#291),#2296,.T.);
#154=ADVANCED_FACE('',(#292),#2258,.T.);
#155=ADVANCED_FACE('',(#293),#2355,.F.);
#156=ADVANCED_FACE('',(#294,#30),#2312,.T.);
#157=ADVANCED_FACE('',(#295),#2313,.T.);
#158=ADVANCED_FACE('',(#296),#2304,.T.);
#159=ADVANCED_FACE('',(#297),#2348,.F.);
#160=ADVANCED_FACE('',(#298),#2259,.T.);
#161=ADVANCED_FACE('',(#299),#2260,.T.);
#162=ADVANCED_FACE('',(#300),#2288,.T.);
#163=ADVANCED_FACE('',(#301),#2261,.T.);
#164=ADVANCED_FACE('',(#302),#2262,.T.);
#165=ADVANCED_FACE('',(#303),#2287,.T.);
#166=ADVANCED_FACE('',(#304),#2263,.T.);
#167=ADVANCED_FACE('',(#305),#2264,.T.);
#168=ADVANCED_FACE('',(#306),#2349,.F.);
#169=FACE_OUTER_BOUND('',#307,.T.);
#170=FACE_OUTER_BOUND('',#308,.T.);
#171=FACE_OUTER_BOUND('',#309,.T.);
#172=FACE_OUTER_BOUND('',#310,.T.);
#173=FACE_OUTER_BOUND('',#311,.T.);
#174=FACE_OUTER_BOUND('',#312,.T.);
#175=FACE_OUTER_BOUND('',#313,.T.);
#176=FACE_OUTER_BOUND('',#314,.T.);
#177=FACE_OUTER_BOUND('',#315,.T.);
#178=FACE_OUTER_BOUND('',#316,.T.);
#179=FACE_OUTER_BOUND('',#317,.T.);
#180=FACE_OUTER_BOUND('',#318,.T.);
#181=FACE_OUTER_BOUND('',#319,.T.);
#182=FACE_OUTER_BOUND('',#320,.T.);
#183=FACE_OUTER_BOUND('',#321,.T.);
#184=FACE_OUTER_BOUND('',#322,.T.);
#185=FACE_OUTER_BOUND('',#323,.T.);
#186=FACE_OUTER_BOUND('',#324,.T.);
#187=FACE_OUTER_BOUND('',#325,.T.);
#188=FACE_OUTER_BOUND('',#326,.T.);
#189=FACE_OUTER_BOUND('',#327,.T.);
#190=FACE_OUTER_BOUND('',#328,.T.);
#191=FACE_OUTER_BOUND('',#329,.T.);
#192=FACE_OUTER_BOUND('',#330,.T.);
#193=FACE_OUTER_BOUND('',#331,.T.);
#194=FACE_OUTER_BOUND('',#332,.T.);
#195=FACE_OUTER_BOUND('',#333,.T.);
#196=FACE_OUTER_BOUND('',#334,.T.);
#197=FACE_OUTER_BOUND('',#335,.T.);
#198=FACE_OUTER_BOUND('',#336,.T.);
#199=FACE_OUTER_BOUND('',#337,.T.);
#200=FACE_OUTER_BOUND('',#338,.T.);
#201=FACE_OUTER_BOUND('',#339,.T.);
#202=FACE_OUTER_BOUND('',#340,.T.);
#203=FACE_OUTER_BOUND('',#341,.T.);
#204=FACE_OUTER_BOUND('',#342,.T.);
#205=FACE_OUTER_BOUND('',#343,.T.);
#206=FACE_OUTER_BOUND('',#344,.T.);
#207=FACE_OUTER_BOUND('',#345,.T.);
#208=FACE_OUTER_BOUND('',#346,.T.);
#209=FACE_OUTER_BOUND('',#347,.T.);
#210=FACE_OUTER_BOUND('',#348,.T.);
#211=FACE_OUTER_BOUND('',#349,.T.);
#212=FACE_OUTER_BOUND('',#350,.T.);
#213=FACE_OUTER_BOUND('',#351,.T.);
#214=FACE_OUTER_BOUND('',#352,.T.);
#215=FACE_OUTER_BOUND('',#353,.T.);
#216=FACE_OUTER_BOUND('',#354,.T.);
#217=FACE_OUTER_BOUND('',#355,.T.);
#218=FACE_OUTER_BOUND('',#356,.T.);
#219=FACE_OUTER_BOUND('',#357,.T.);
#220=FACE_OUTER_BOUND('',#358,.T.);
#221=FACE_OUTER_BOUND('',#359,.T.);
#222=FACE_OUTER_BOUND('',#360,.T.);
#223=FACE_OUTER_BOUND('',#361,.T.);
#224=FACE_OUTER_BOUND('',#362,.T.);
#225=FACE_OUTER_BOUND('',#363,.T.);
#226=FACE_OUTER_BOUND('',#364,.T.);
#227=FACE_OUTER_BOUND('',#365,.T.);
#228=FACE_OUTER_BOUND('',#366,.T.);
#229=FACE_OUTER_BOUND('',#367,.T.);
#230=FACE_OUTER_BOUND('',#368,.T.);
#231=FACE_OUTER_BOUND('',#369,.T.);
#232=FACE_OUTER_BOUND('',#371,.T.);
#233=FACE_OUTER_BOUND('',#372,.T.);
#234=FACE_OUTER_BOUND('',#373,.T.);
#235=FACE_OUTER_BOUND('',#374,.T.);
#236=FACE_OUTER_BOUND('',#375,.T.);
#237=FACE_OUTER_BOUND('',#376,.T.);
#238=FACE_OUTER_BOUND('',#377,.T.);
#239=FACE_OUTER_BOUND('',#378,.T.);
#240=FACE_OUTER_BOUND('',#379,.T.);
#241=FACE_OUTER_BOUND('',#380,.T.);
#242=FACE_OUTER_BOUND('',#381,.T.);
#243=FACE_OUTER_BOUND('',#382,.T.);
#244=FACE_OUTER_BOUND('',#383,.T.);
#245=FACE_OUTER_BOUND('',#384,.T.);
#246=FACE_OUTER_BOUND('',#386,.T.);
#247=FACE_OUTER_BOUND('',#387,.T.);
#248=FACE_OUTER_BOUND('',#388,.T.);
#249=FACE_OUTER_BOUND('',#389,.T.);
#250=FACE_OUTER_BOUND('',#390,.T.);
#251=FACE_OUTER_BOUND('',#391,.T.);
#252=FACE_OUTER_BOUND('',#392,.T.);
#253=FACE_OUTER_BOUND('',#393,.T.);
#254=FACE_OUTER_BOUND('',#394,.T.);
#255=FACE_OUTER_BOUND('',#396,.T.);
#256=FACE_OUTER_BOUND('',#399,.T.);
#257=FACE_OUTER_BOUND('',#400,.T.);
#258=FACE_OUTER_BOUND('',#401,.T.);
#259=FACE_OUTER_BOUND('',#402,.T.);
#260=FACE_OUTER_BOUND('',#403,.T.);
#261=FACE_OUTER_BOUND('',#404,.T.);
#262=FACE_OUTER_BOUND('',#405,.T.);
#263=FACE_OUTER_BOUND('',#406,.T.);
#264=FACE_OUTER_BOUND('',#407,.T.);
#265=FACE_OUTER_BOUND('',#408,.T.);
#266=FACE_OUTER_BOUND('',#409,.T.);
#267=FACE_OUTER_BOUND('',#410,.T.);
#268=FACE_OUTER_BOUND('',#411,.T.);
#269=FACE_OUTER_BOUND('',#412,.T.);
#270=FACE_OUTER_BOUND('',#413,.T.);
#271=FACE_OUTER_BOUND('',#414,.T.);
#272=FACE_OUTER_BOUND('',#415,.T.);
#273=FACE_OUTER_BOUND('',#417,.T.);
#274=FACE_OUTER_BOUND('',#419,.T.);
#275=FACE_OUTER_BOUND('',#420,.T.);
#276=FACE_OUTER_BOUND('',#421,.T.);
#277=FACE_OUTER_BOUND('',#422,.T.);
#278=FACE_OUTER_BOUND('',#423,.T.);
#279=FACE_OUTER_BOUND('',#424,.T.);
#280=FACE_OUTER_BOUND('',#425,.T.);
#281=FACE_OUTER_BOUND('',#426,.T.);
#282=FACE_OUTER_BOUND('',#427,.T.);
#283=FACE_OUTER_BOUND('',#430,.T.);
#284=FACE_OUTER_BOUND('',#431,.T.);
#285=FACE_OUTER_BOUND('',#432,.T.);
#286=FACE_OUTER_BOUND('',#433,.T.);
#287=FACE_OUTER_BOUND('',#435,.T.);
#288=FACE_OUTER_BOUND('',#436,.T.);
#289=FACE_OUTER_BOUND('',#437,.T.);
#290=FACE_OUTER_BOUND('',#439,.T.);
#291=FACE_OUTER_BOUND('',#440,.T.);
#292=FACE_OUTER_BOUND('',#441,.T.);
#293=FACE_OUTER_BOUND('',#442,.T.);
#294=FACE_OUTER_BOUND('',#443,.T.);
#295=FACE_OUTER_BOUND('',#445,.T.);
#296=FACE_OUTER_BOUND('',#446,.T.);
#297=FACE_OUTER_BOUND('',#447,.T.);
#298=FACE_OUTER_BOUND('',#448,.T.);
#299=FACE_OUTER_BOUND('',#449,.T.);
#300=FACE_OUTER_BOUND('',#450,.T.);
#301=FACE_OUTER_BOUND('',#451,.T.);
#302=FACE_OUTER_BOUND('',#452,.T.);
#303=FACE_OUTER_BOUND('',#453,.T.);
#304=FACE_OUTER_BOUND('',#454,.T.);
#305=FACE_OUTER_BOUND('',#455,.T.);
#306=FACE_OUTER_BOUND('',#456,.T.);
#307=EDGE_LOOP('',(#457,#458,#459,#460));
#308=EDGE_LOOP('',(#461,#462,#463,#464,#465,#466,#467,#468,#469,#470,#471,
#472,#473,#474,#475,#476,#477,#478,#479,#480));
#309=EDGE_LOOP('',(#481,#482,#483));
#310=EDGE_LOOP('',(#484,#485,#486));
#311=EDGE_LOOP('',(#487,#488,#489,#490));
#312=EDGE_LOOP('',(#491,#492,#493,#494));
#313=EDGE_LOOP('',(#495,#496,#497,#498));
#314=EDGE_LOOP('',(#499,#500,#501,#502));
#315=EDGE_LOOP('',(#503,#504,#505,#506));
#316=EDGE_LOOP('',(#507,#508,#509,#510));
#317=EDGE_LOOP('',(#511,#512,#513,#514));
#318=EDGE_LOOP('',(#515,#516,#517,#518));
#319=EDGE_LOOP('',(#519,#520,#521,#522));
#320=EDGE_LOOP('',(#523,#524,#525,#526));
#321=EDGE_LOOP('',(#527,#528,#529,#530));
#322=EDGE_LOOP('',(#531,#532,#533,#534));
#323=EDGE_LOOP('',(#535,#536,#537,#538));
#324=EDGE_LOOP('',(#539,#540,#541,#542));
#325=EDGE_LOOP('',(#543,#544,#545,#546));
#326=EDGE_LOOP('',(#547,#548,#549,#550));
#327=EDGE_LOOP('',(#551,#552,#553,#554));
#328=EDGE_LOOP('',(#555,#556,#557,#558));
#329=EDGE_LOOP('',(#559,#560,#561,#562));
#330=EDGE_LOOP('',(#563,#564,#565,#566,#567,#568,#569));
#331=EDGE_LOOP('',(#570,#571,#572,#573,#574,#575));
#332=EDGE_LOOP('',(#576,#577,#578,#579));
#333=EDGE_LOOP('',(#580,#581,#582,#583));
#334=EDGE_LOOP('',(#584,#585,#586,#587));
#335=EDGE_LOOP('',(#588,#589,#590,#591));
#336=EDGE_LOOP('',(#592,#593,#594,#595));
#337=EDGE_LOOP('',(#596,#597,#598,#599));
#338=EDGE_LOOP('',(#600,#601,#602,#603));
#339=EDGE_LOOP('',(#604,#605,#606,#607,#608,#609,#610,#611,#612,#613,#614,
#615,#616,#617,#618,#619,#620,#621,#622,#623));
#340=EDGE_LOOP('',(#624,#625,#626));
#341=EDGE_LOOP('',(#627,#628,#629));
#342=EDGE_LOOP('',(#630,#631,#632,#633));
#343=EDGE_LOOP('',(#634,#635,#636,#637));
#344=EDGE_LOOP('',(#638,#639,#640,#641));
#345=EDGE_LOOP('',(#642,#643,#644,#645));
#346=EDGE_LOOP('',(#646,#647,#648,#649));
#347=EDGE_LOOP('',(#650,#651,#652,#653));
#348=EDGE_LOOP('',(#654,#655,#656,#657));
#349=EDGE_LOOP('',(#658,#659,#660,#661));
#350=EDGE_LOOP('',(#662,#663,#664,#665));
#351=EDGE_LOOP('',(#666,#667,#668,#669));
#352=EDGE_LOOP('',(#670,#671,#672,#673));
#353=EDGE_LOOP('',(#674,#675,#676,#677));
#354=EDGE_LOOP('',(#678,#679,#680,#681));
#355=EDGE_LOOP('',(#682,#683,#684,#685));
#356=EDGE_LOOP('',(#686,#687,#688,#689));
#357=EDGE_LOOP('',(#690,#691,#692,#693));
#358=EDGE_LOOP('',(#694,#695,#696,#697));
#359=EDGE_LOOP('',(#698,#699,#700,#701));
#360=EDGE_LOOP('',(#702,#703,#704,#705));
#361=EDGE_LOOP('',(#706,#707,#708,#709,#710,#711,#712));
#362=EDGE_LOOP('',(#713,#714,#715,#716,#717,#718));
#363=EDGE_LOOP('',(#719,#720,#721,#722));
#364=EDGE_LOOP('',(#723,#724,#725,#726));
#365=EDGE_LOOP('',(#727,#728,#729,#730));
#366=EDGE_LOOP('',(#731,#732,#733,#734));
#367=EDGE_LOOP('',(#735,#736,#737,#738));
#368=EDGE_LOOP('',(#739,#740,#741,#742));
#369=EDGE_LOOP('',(#743,#744,#745,#746));
#370=EDGE_LOOP('',(#747,#748,#749,#750,#751,#752,#753,#754,#755,#756,#757,
#758,#759,#760,#761,#762,#763,#764,#765,#766,#767,#768,#769,#770,#771,#772,
#773,#774,#775,#776,#777,#778));
#371=EDGE_LOOP('',(#779,#780,#781,#782,#783,#784));
#372=EDGE_LOOP('',(#785,#786,#787,#788,#789,#790));
#373=EDGE_LOOP('',(#791,#792,#793,#794,#795,#796));
#374=EDGE_LOOP('',(#797,#798,#799,#800,#801,#802));
#375=EDGE_LOOP('',(#803,#804,#805,#806,#807,#808));
#376=EDGE_LOOP('',(#809,#810,#811,#812,#813,#814));
#377=EDGE_LOOP('',(#815,#816,#817,#818,#819,#820,#821,#822,#823,#824,#825,
#826,#827,#828,#829,#830,#831,#832,#833,#834,#835,#836,#837,#838,#839,#840,
#841,#842,#843,#844,#845,#846));
#378=EDGE_LOOP('',(#847,#848,#849,#850));
#379=EDGE_LOOP('',(#851,#852,#853,#854));
#380=EDGE_LOOP('',(#855,#856,#857,#858));
#381=EDGE_LOOP('',(#859));
#382=EDGE_LOOP('',(#860));
#383=EDGE_LOOP('',(#861,#862,#863,#864));
#384=EDGE_LOOP('',(#865,#866,#867,#868));
#385=EDGE_LOOP('',(#869));
#386=EDGE_LOOP('',(#870,#871,#872,#873));
#387=EDGE_LOOP('',(#874,#875,#876,#877));
#388=EDGE_LOOP('',(#878,#879,#880,#881));
#389=EDGE_LOOP('',(#882,#883,#884,#885));
#390=EDGE_LOOP('',(#886,#887,#888,#889));
#391=EDGE_LOOP('',(#890,#891,#892,#893));
#392=EDGE_LOOP('',(#894,#895,#896,#897));
#393=EDGE_LOOP('',(#898,#899,#900,#901));
#394=EDGE_LOOP('',(#902,#903,#904,#905));
#395=EDGE_LOOP('',(#906,#907,#908,#909));
#396=EDGE_LOOP('',(#910,#911,#912,#913,#914,#915,#916,#917,#918,#919,#920,
#921));
#397=EDGE_LOOP('',(#922));
#398=EDGE_LOOP('',(#923));
#399=EDGE_LOOP('',(#924,#925,#926,#927,#928,#929,#930));
#400=EDGE_LOOP('',(#931,#932,#933,#934));
#401=EDGE_LOOP('',(#935,#936,#937,#938));
#402=EDGE_LOOP('',(#939,#940,#941,#942));
#403=EDGE_LOOP('',(#943,#944,#945,#946));
#404=EDGE_LOOP('',(#947,#948,#949,#950));
#405=EDGE_LOOP('',(#951,#952,#953,#954));
#406=EDGE_LOOP('',(#955,#956,#957,#958));
#407=EDGE_LOOP('',(#959,#960,#961,#962));
#408=EDGE_LOOP('',(#963,#964,#965,#966));
#409=EDGE_LOOP('',(#967,#968,#969,#970));
#410=EDGE_LOOP('',(#971,#972,#973,#974));
#411=EDGE_LOOP('',(#975,#976,#977,#978));
#412=EDGE_LOOP('',(#979,#980,#981,#982));
#413=EDGE_LOOP('',(#983,#984,#985,#986));
#414=EDGE_LOOP('',(#987,#988,#989,#990));
#415=EDGE_LOOP('',(#991,#992,#993,#994,#995,#996,#997,#998,#999,#1000,#1001,
#1002,#1003,#1004,#1005,#1006,#1007,#1008,#1009));
#416=EDGE_LOOP('',(#1010));
#417=EDGE_LOOP('',(#1011,#1012,#1013,#1014,#1015,#1016,#1017,#1018,#1019,
#1020,#1021,#1022,#1023,#1024,#1025,#1026,#1027,#1028,#1029));
#418=EDGE_LOOP('',(#1030));
#419=EDGE_LOOP('',(#1031,#1032,#1033,#1034));
#420=EDGE_LOOP('',(#1035,#1036,#1037,#1038));
#421=EDGE_LOOP('',(#1039,#1040,#1041,#1042));
#422=EDGE_LOOP('',(#1043,#1044,#1045,#1046));
#423=EDGE_LOOP('',(#1047,#1048,#1049,#1050));
#424=EDGE_LOOP('',(#1051,#1052,#1053,#1054));
#425=EDGE_LOOP('',(#1055,#1056,#1057,#1058));
#426=EDGE_LOOP('',(#1059,#1060,#1061,#1062));
#427=EDGE_LOOP('',(#1063,#1064,#1065,#1066,#1067,#1068,#1069,#1070,#1071,
#1072,#1073,#1074,#1075,#1076,#1077,#1078,#1079,#1080,#1081));
#428=EDGE_LOOP('',(#1082));
#429=EDGE_LOOP('',(#1083));
#430=EDGE_LOOP('',(#1084,#1085,#1086,#1087,#1088,#1089,#1090,#1091,#1092,
#1093,#1094,#1095,#1096,#1097));
#431=EDGE_LOOP('',(#1098,#1099,#1100,#1101,#1102,#1103,#1104));
#432=EDGE_LOOP('',(#1105,#1106,#1107,#1108,#1109,#1110));
#433=EDGE_LOOP('',(#1111));
#434=EDGE_LOOP('',(#1112));
#435=EDGE_LOOP('',(#1113,#1114,#1115,#1116));
#436=EDGE_LOOP('',(#1117,#1118,#1119,#1120,#1121,#1122));
#437=EDGE_LOOP('',(#1123));
#438=EDGE_LOOP('',(#1124));
#439=EDGE_LOOP('',(#1125,#1126,#1127,#1128));
#440=EDGE_LOOP('',(#1129,#1130,#1131,#1132,#1133,#1134,#1135));
#441=EDGE_LOOP('',(#1136,#1137,#1138,#1139,#1140,#1141,#1142));
#442=EDGE_LOOP('',(#1143,#1144,#1145,#1146,#1147,#1148,#1149,#1150));
#443=EDGE_LOOP('',(#1151,#1152,#1153,#1154));
#444=EDGE_LOOP('',(#1155));
#445=EDGE_LOOP('',(#1156,#1157,#1158,#1159));
#446=EDGE_LOOP('',(#1160,#1161,#1162,#1163,#1164,#1165,#1166,#1167,#1168,
#1169,#1170,#1171,#1172,#1173,#1174));
#447=EDGE_LOOP('',(#1175,#1176,#1177,#1178));
#448=EDGE_LOOP('',(#1179,#1180,#1181,#1182));
#449=EDGE_LOOP('',(#1183,#1184,#1185,#1186));
#450=EDGE_LOOP('',(#1187,#1188,#1189,#1190));
#451=EDGE_LOOP('',(#1191,#1192,#1193,#1194));
#452=EDGE_LOOP('',(#1195,#1196,#1197,#1198));
#453=EDGE_LOOP('',(#1199,#1200,#1201,#1202));
#454=EDGE_LOOP('',(#1203,#1204,#1205,#1206));
#455=EDGE_LOOP('',(#1207,#1208,#1209,#1210));
#456=EDGE_LOOP('',(#1211,#1212,#1213,#1214));
#457=ORIENTED_EDGE('',*,*,#1238,.F.);
#458=ORIENTED_EDGE('',*,*,#1240,.F.);
#459=ORIENTED_EDGE('',*,*,#1235,.T.);
#460=ORIENTED_EDGE('',*,*,#1239,.F.);
#461=ORIENTED_EDGE('',*,*,#1269,.T.);
#462=ORIENTED_EDGE('',*,*,#1219,.T.);
#463=ORIENTED_EDGE('',*,*,#1221,.T.);
#464=ORIENTED_EDGE('',*,*,#1266,.T.);
#465=ORIENTED_EDGE('',*,*,#1258,.T.);
#466=ORIENTED_EDGE('',*,*,#1267,.T.);
#467=ORIENTED_EDGE('',*,*,#1260,.T.);
#468=ORIENTED_EDGE('',*,*,#1251,.T.);
#469=ORIENTED_EDGE('',*,*,#1247,.T.);
#470=ORIENTED_EDGE('',*,*,#1225,.T.);
#471=ORIENTED_EDGE('',*,*,#1234,.T.);
#472=ORIENTED_EDGE('',*,*,#1235,.F.);
#473=ORIENTED_EDGE('',*,*,#1233,.F.);
#474=ORIENTED_EDGE('',*,*,#1224,.F.);
#475=ORIENTED_EDGE('',*,*,#1231,.T.);
#476=ORIENTED_EDGE('',*,*,#1246,.T.);
#477=ORIENTED_EDGE('',*,*,#1243,.T.);
#478=ORIENTED_EDGE('',*,*,#1257,.T.);
#479=ORIENTED_EDGE('',*,*,#1253,.T.);
#480=ORIENTED_EDGE('',*,*,#1271,.T.);
#481=ORIENTED_EDGE('',*,*,#1238,.T.);
#482=ORIENTED_EDGE('',*,*,#1236,.T.);
#483=ORIENTED_EDGE('',*,*,#1241,.T.);
#484=ORIENTED_EDGE('',*,*,#1239,.T.);
#485=ORIENTED_EDGE('',*,*,#1234,.F.);
#486=ORIENTED_EDGE('',*,*,#1237,.T.);
#487=ORIENTED_EDGE('',*,*,#1215,.T.);
#488=ORIENTED_EDGE('',*,*,#1233,.T.);
#489=ORIENTED_EDGE('',*,*,#1240,.T.);
#490=ORIENTED_EDGE('',*,*,#1241,.F.);
#491=ORIENTED_EDGE('',*,*,#1307,.T.);
#492=ORIENTED_EDGE('',*,*,#1301,.F.);
#493=ORIENTED_EDGE('',*,*,#1300,.T.);
#494=ORIENTED_EDGE('',*,*,#1256,.F.);
#495=ORIENTED_EDGE('',*,*,#1308,.T.);
#496=ORIENTED_EDGE('',*,*,#1278,.F.);
#497=ORIENTED_EDGE('',*,*,#1277,.T.);
#498=ORIENTED_EDGE('',*,*,#1230,.F.);
#499=ORIENTED_EDGE('',*,*,#1309,.T.);
#500=ORIENTED_EDGE('',*,*,#1293,.F.);
#501=ORIENTED_EDGE('',*,*,#1292,.T.);
#502=ORIENTED_EDGE('',*,*,#1284,.F.);
#503=ORIENTED_EDGE('',*,*,#1310,.T.);
#504=ORIENTED_EDGE('',*,*,#1282,.T.);
#505=ORIENTED_EDGE('',*,*,#1274,.T.);
#506=ORIENTED_EDGE('',*,*,#1283,.F.);
#507=ORIENTED_EDGE('',*,*,#1311,.T.);
#508=ORIENTED_EDGE('',*,*,#1287,.F.);
#509=ORIENTED_EDGE('',*,*,#1286,.T.);
#510=ORIENTED_EDGE('',*,*,#1282,.F.);
#511=ORIENTED_EDGE('',*,*,#1279,.F.);
#512=ORIENTED_EDGE('',*,*,#1280,.T.);
#513=ORIENTED_EDGE('',*,*,#1278,.T.);
#514=ORIENTED_EDGE('',*,*,#1315,.F.);
#515=ORIENTED_EDGE('',*,*,#1288,.F.);
#516=ORIENTED_EDGE('',*,*,#1289,.T.);
#517=ORIENTED_EDGE('',*,*,#1287,.T.);
#518=ORIENTED_EDGE('',*,*,#1273,.F.);
#519=ORIENTED_EDGE('',*,*,#1220,.T.);
#520=ORIENTED_EDGE('',*,*,#1285,.T.);
#521=ORIENTED_EDGE('',*,*,#1290,.T.);
#522=ORIENTED_EDGE('',*,*,#1288,.T.);
#523=ORIENTED_EDGE('',*,*,#1284,.T.);
#524=ORIENTED_EDGE('',*,*,#1291,.T.);
#525=ORIENTED_EDGE('',*,*,#1285,.F.);
#526=ORIENTED_EDGE('',*,*,#1275,.F.);
#527=ORIENTED_EDGE('',*,*,#1294,.F.);
#528=ORIENTED_EDGE('',*,*,#1295,.T.);
#529=ORIENTED_EDGE('',*,*,#1293,.T.);
#530=ORIENTED_EDGE('',*,*,#1276,.F.);
#531=ORIENTED_EDGE('',*,*,#1250,.T.);
#532=ORIENTED_EDGE('',*,*,#1217,.T.);
#533=ORIENTED_EDGE('',*,*,#1296,.T.);
#534=ORIENTED_EDGE('',*,*,#1294,.T.);
#535=ORIENTED_EDGE('',*,*,#1230,.T.);
#536=ORIENTED_EDGE('',*,*,#1297,.T.);
#537=ORIENTED_EDGE('',*,*,#1217,.F.);
#538=ORIENTED_EDGE('',*,*,#1228,.F.);
#539=ORIENTED_EDGE('',*,*,#1252,.T.);
#540=ORIENTED_EDGE('',*,*,#1312,.T.);
#541=ORIENTED_EDGE('',*,*,#1298,.T.);
#542=ORIENTED_EDGE('',*,*,#1279,.T.);
#543=ORIENTED_EDGE('',*,*,#1256,.T.);
#544=ORIENTED_EDGE('',*,*,#1299,.T.);
#545=ORIENTED_EDGE('',*,*,#1312,.F.);
#546=ORIENTED_EDGE('',*,*,#1229,.F.);
#547=ORIENTED_EDGE('',*,*,#1302,.F.);
#548=ORIENTED_EDGE('',*,*,#1303,.T.);
#549=ORIENTED_EDGE('',*,*,#1301,.T.);
#550=ORIENTED_EDGE('',*,*,#1281,.F.);
#551=ORIENTED_EDGE('',*,*,#1218,.T.);
#552=ORIENTED_EDGE('',*,*,#1219,.F.);
#553=ORIENTED_EDGE('',*,*,#1216,.F.);
#554=ORIENTED_EDGE('',*,*,#1259,.F.);
#555=ORIENTED_EDGE('',*,*,#1265,.T.);
#556=ORIENTED_EDGE('',*,*,#1221,.F.);
#557=ORIENTED_EDGE('',*,*,#1218,.F.);
#558=ORIENTED_EDGE('',*,*,#1223,.F.);
#559=ORIENTED_EDGE('',*,*,#1216,.T.);
#560=ORIENTED_EDGE('',*,*,#1269,.F.);
#561=ORIENTED_EDGE('',*,*,#1272,.T.);
#562=ORIENTED_EDGE('',*,*,#1314,.F.);
#563=ORIENTED_EDGE('',*,*,#1232,.T.);
#564=ORIENTED_EDGE('',*,*,#1242,.T.);
#565=ORIENTED_EDGE('',*,*,#1236,.F.);
#566=ORIENTED_EDGE('',*,*,#1237,.F.);
#567=ORIENTED_EDGE('',*,*,#1225,.F.);
#568=ORIENTED_EDGE('',*,*,#1227,.T.);
#569=ORIENTED_EDGE('',*,*,#1316,.F.);
#570=ORIENTED_EDGE('',*,*,#1226,.T.);
#571=ORIENTED_EDGE('',*,*,#1224,.T.);
#572=ORIENTED_EDGE('',*,*,#1215,.F.);
#573=ORIENTED_EDGE('',*,*,#1242,.F.);
#574=ORIENTED_EDGE('',*,*,#1222,.T.);
#575=ORIENTED_EDGE('',*,*,#1264,.F.);
#576=ORIENTED_EDGE('',*,*,#1313,.T.);
#577=ORIENTED_EDGE('',*,*,#1245,.T.);
#578=ORIENTED_EDGE('',*,*,#1246,.F.);
#579=ORIENTED_EDGE('',*,*,#1244,.F.);
#580=ORIENTED_EDGE('',*,*,#1268,.T.);
#581=ORIENTED_EDGE('',*,*,#1248,.F.);
#582=ORIENTED_EDGE('',*,*,#1251,.F.);
#583=ORIENTED_EDGE('',*,*,#1249,.T.);
#584=ORIENTED_EDGE('',*,*,#1255,.F.);
#585=ORIENTED_EDGE('',*,*,#1257,.F.);
#586=ORIENTED_EDGE('',*,*,#1254,.T.);
#587=ORIENTED_EDGE('',*,*,#1317,.F.);
#588=ORIENTED_EDGE('',*,*,#1304,.T.);
#589=ORIENTED_EDGE('',*,*,#1263,.T.);
#590=ORIENTED_EDGE('',*,*,#1266,.F.);
#591=ORIENTED_EDGE('',*,*,#1265,.F.);
#592=ORIENTED_EDGE('',*,*,#1261,.T.);
#593=ORIENTED_EDGE('',*,*,#1267,.F.);
#594=ORIENTED_EDGE('',*,*,#1262,.F.);
#595=ORIENTED_EDGE('',*,*,#1305,.F.);
#596=ORIENTED_EDGE('',*,*,#1306,.T.);
#597=ORIENTED_EDGE('',*,*,#1272,.F.);
#598=ORIENTED_EDGE('',*,*,#1271,.F.);
#599=ORIENTED_EDGE('',*,*,#1270,.T.);
#600=ORIENTED_EDGE('',*,*,#1341,.T.);
#601=ORIENTED_EDGE('',*,*,#1337,.F.);
#602=ORIENTED_EDGE('',*,*,#1342,.T.);
#603=ORIENTED_EDGE('',*,*,#1340,.T.);
#604=ORIENTED_EDGE('',*,*,#1370,.F.);
#605=ORIENTED_EDGE('',*,*,#1355,.F.);
#606=ORIENTED_EDGE('',*,*,#1359,.F.);
#607=ORIENTED_EDGE('',*,*,#1345,.F.);
#608=ORIENTED_EDGE('',*,*,#1348,.F.);
#609=ORIENTED_EDGE('',*,*,#1333,.F.);
#610=ORIENTED_EDGE('',*,*,#1326,.T.);
#611=ORIENTED_EDGE('',*,*,#1335,.T.);
#612=ORIENTED_EDGE('',*,*,#1337,.T.);
#613=ORIENTED_EDGE('',*,*,#1336,.F.);
#614=ORIENTED_EDGE('',*,*,#1327,.F.);
#615=ORIENTED_EDGE('',*,*,#1349,.F.);
#616=ORIENTED_EDGE('',*,*,#1353,.F.);
#617=ORIENTED_EDGE('',*,*,#1361,.F.);
#618=ORIENTED_EDGE('',*,*,#1367,.F.);
#619=ORIENTED_EDGE('',*,*,#1360,.F.);
#620=ORIENTED_EDGE('',*,*,#1366,.F.);
#621=ORIENTED_EDGE('',*,*,#1324,.F.);
#622=ORIENTED_EDGE('',*,*,#1322,.F.);
#623=ORIENTED_EDGE('',*,*,#1368,.F.);
#624=ORIENTED_EDGE('',*,*,#1343,.F.);
#625=ORIENTED_EDGE('',*,*,#1338,.F.);
#626=ORIENTED_EDGE('',*,*,#1340,.F.);
#627=ORIENTED_EDGE('',*,*,#1339,.F.);
#628=ORIENTED_EDGE('',*,*,#1336,.T.);
#629=ORIENTED_EDGE('',*,*,#1341,.F.);
#630=ORIENTED_EDGE('',*,*,#1343,.T.);
#631=ORIENTED_EDGE('',*,*,#1342,.F.);
#632=ORIENTED_EDGE('',*,*,#1335,.F.);
#633=ORIENTED_EDGE('',*,*,#1318,.F.);
#634=ORIENTED_EDGE('',*,*,#1358,.T.);
#635=ORIENTED_EDGE('',*,*,#1399,.F.);
#636=ORIENTED_EDGE('',*,*,#1400,.T.);
#637=ORIENTED_EDGE('',*,*,#1403,.F.);
#638=ORIENTED_EDGE('',*,*,#1332,.T.);
#639=ORIENTED_EDGE('',*,*,#1376,.F.);
#640=ORIENTED_EDGE('',*,*,#1377,.T.);
#641=ORIENTED_EDGE('',*,*,#1404,.F.);
#642=ORIENTED_EDGE('',*,*,#1383,.T.);
#643=ORIENTED_EDGE('',*,*,#1391,.F.);
#644=ORIENTED_EDGE('',*,*,#1392,.T.);
#645=ORIENTED_EDGE('',*,*,#1405,.F.);
#646=ORIENTED_EDGE('',*,*,#1382,.T.);
#647=ORIENTED_EDGE('',*,*,#1373,.F.);
#648=ORIENTED_EDGE('',*,*,#1381,.F.);
#649=ORIENTED_EDGE('',*,*,#1406,.F.);
#650=ORIENTED_EDGE('',*,*,#1381,.T.);
#651=ORIENTED_EDGE('',*,*,#1385,.F.);
#652=ORIENTED_EDGE('',*,*,#1386,.T.);
#653=ORIENTED_EDGE('',*,*,#1407,.F.);
#654=ORIENTED_EDGE('',*,*,#1409,.T.);
#655=ORIENTED_EDGE('',*,*,#1377,.F.);
#656=ORIENTED_EDGE('',*,*,#1379,.F.);
#657=ORIENTED_EDGE('',*,*,#1378,.T.);
#658=ORIENTED_EDGE('',*,*,#1372,.T.);
#659=ORIENTED_EDGE('',*,*,#1386,.F.);
#660=ORIENTED_EDGE('',*,*,#1388,.F.);
#661=ORIENTED_EDGE('',*,*,#1387,.T.);
#662=ORIENTED_EDGE('',*,*,#1387,.F.);
#663=ORIENTED_EDGE('',*,*,#1389,.F.);
#664=ORIENTED_EDGE('',*,*,#1384,.F.);
#665=ORIENTED_EDGE('',*,*,#1323,.F.);
#666=ORIENTED_EDGE('',*,*,#1374,.T.);
#667=ORIENTED_EDGE('',*,*,#1384,.T.);
#668=ORIENTED_EDGE('',*,*,#1390,.F.);
#669=ORIENTED_EDGE('',*,*,#1383,.F.);
#670=ORIENTED_EDGE('',*,*,#1375,.T.);
#671=ORIENTED_EDGE('',*,*,#1392,.F.);
#672=ORIENTED_EDGE('',*,*,#1394,.F.);
#673=ORIENTED_EDGE('',*,*,#1393,.T.);
#674=ORIENTED_EDGE('',*,*,#1393,.F.);
#675=ORIENTED_EDGE('',*,*,#1395,.F.);
#676=ORIENTED_EDGE('',*,*,#1320,.F.);
#677=ORIENTED_EDGE('',*,*,#1352,.F.);
#678=ORIENTED_EDGE('',*,*,#1330,.T.);
#679=ORIENTED_EDGE('',*,*,#1320,.T.);
#680=ORIENTED_EDGE('',*,*,#1396,.F.);
#681=ORIENTED_EDGE('',*,*,#1332,.F.);
#682=ORIENTED_EDGE('',*,*,#1378,.F.);
#683=ORIENTED_EDGE('',*,*,#1397,.F.);
#684=ORIENTED_EDGE('',*,*,#1408,.F.);
#685=ORIENTED_EDGE('',*,*,#1354,.F.);
#686=ORIENTED_EDGE('',*,*,#1331,.T.);
#687=ORIENTED_EDGE('',*,*,#1408,.T.);
#688=ORIENTED_EDGE('',*,*,#1398,.F.);
#689=ORIENTED_EDGE('',*,*,#1358,.F.);
#690=ORIENTED_EDGE('',*,*,#1380,.T.);
#691=ORIENTED_EDGE('',*,*,#1400,.F.);
#692=ORIENTED_EDGE('',*,*,#1402,.F.);
#693=ORIENTED_EDGE('',*,*,#1401,.T.);
#694=ORIENTED_EDGE('',*,*,#1259,.T.);
#695=ORIENTED_EDGE('',*,*,#1319,.T.);
#696=ORIENTED_EDGE('',*,*,#1322,.T.);
#697=ORIENTED_EDGE('',*,*,#1321,.F.);
#698=ORIENTED_EDGE('',*,*,#1223,.T.);
#699=ORIENTED_EDGE('',*,*,#1321,.T.);
#700=ORIENTED_EDGE('',*,*,#1324,.T.);
#701=ORIENTED_EDGE('',*,*,#1365,.F.);
#702=ORIENTED_EDGE('',*,*,#1314,.T.);
#703=ORIENTED_EDGE('',*,*,#1371,.F.);
#704=ORIENTED_EDGE('',*,*,#1368,.T.);
#705=ORIENTED_EDGE('',*,*,#1319,.F.);
#706=ORIENTED_EDGE('',*,*,#1316,.T.);
#707=ORIENTED_EDGE('',*,*,#1329,.F.);
#708=ORIENTED_EDGE('',*,*,#1327,.T.);
#709=ORIENTED_EDGE('',*,*,#1339,.T.);
#710=ORIENTED_EDGE('',*,*,#1338,.T.);
#711=ORIENTED_EDGE('',*,*,#1344,.F.);
#712=ORIENTED_EDGE('',*,*,#1334,.F.);
#713=ORIENTED_EDGE('',*,*,#1264,.T.);
#714=ORIENTED_EDGE('',*,*,#1325,.F.);
#715=ORIENTED_EDGE('',*,*,#1344,.T.);
#716=ORIENTED_EDGE('',*,*,#1318,.T.);
#717=ORIENTED_EDGE('',*,*,#1326,.F.);
#718=ORIENTED_EDGE('',*,*,#1328,.F.);
#719=ORIENTED_EDGE('',*,*,#1346,.T.);
#720=ORIENTED_EDGE('',*,*,#1348,.T.);
#721=ORIENTED_EDGE('',*,*,#1347,.F.);
#722=ORIENTED_EDGE('',*,*,#1313,.F.);
#723=ORIENTED_EDGE('',*,*,#1351,.F.);
#724=ORIENTED_EDGE('',*,*,#1353,.T.);
#725=ORIENTED_EDGE('',*,*,#1350,.T.);
#726=ORIENTED_EDGE('',*,*,#1268,.F.);
#727=ORIENTED_EDGE('',*,*,#1317,.T.);
#728=ORIENTED_EDGE('',*,*,#1356,.F.);
#729=ORIENTED_EDGE('',*,*,#1359,.T.);
#730=ORIENTED_EDGE('',*,*,#1357,.T.);
#731=ORIENTED_EDGE('',*,*,#1365,.T.);
#732=ORIENTED_EDGE('',*,*,#1366,.T.);
#733=ORIENTED_EDGE('',*,*,#1364,.F.);
#734=ORIENTED_EDGE('',*,*,#1304,.F.);
#735=ORIENTED_EDGE('',*,*,#1305,.T.);
#736=ORIENTED_EDGE('',*,*,#1363,.T.);
#737=ORIENTED_EDGE('',*,*,#1367,.T.);
#738=ORIENTED_EDGE('',*,*,#1362,.F.);
#739=ORIENTED_EDGE('',*,*,#1369,.F.);
#740=ORIENTED_EDGE('',*,*,#1370,.T.);
#741=ORIENTED_EDGE('',*,*,#1371,.T.);
#742=ORIENTED_EDGE('',*,*,#1306,.F.);
#743=ORIENTED_EDGE('',*,*,#1334,.T.);
#744=ORIENTED_EDGE('',*,*,#1325,.T.);
#745=ORIENTED_EDGE('',*,*,#1222,.F.);
#746=ORIENTED_EDGE('',*,*,#1232,.F.);
#747=ORIENTED_EDGE('',*,*,#1406,.T.);
#748=ORIENTED_EDGE('',*,*,#1407,.T.);
#749=ORIENTED_EDGE('',*,*,#1372,.F.);
#750=ORIENTED_EDGE('',*,*,#1323,.T.);
#751=ORIENTED_EDGE('',*,*,#1374,.F.);
#752=ORIENTED_EDGE('',*,*,#1405,.T.);
#753=ORIENTED_EDGE('',*,*,#1375,.F.);
#754=ORIENTED_EDGE('',*,*,#1352,.T.);
#755=ORIENTED_EDGE('',*,*,#1330,.F.);
#756=ORIENTED_EDGE('',*,*,#1404,.T.);
#757=ORIENTED_EDGE('',*,*,#1409,.F.);
#758=ORIENTED_EDGE('',*,*,#1354,.T.);
#759=ORIENTED_EDGE('',*,*,#1331,.F.);
#760=ORIENTED_EDGE('',*,*,#1403,.T.);
#761=ORIENTED_EDGE('',*,*,#1380,.F.);
#762=ORIENTED_EDGE('',*,*,#1412,.F.);
#763=ORIENTED_EDGE('',*,*,#1281,.T.);
#764=ORIENTED_EDGE('',*,*,#1307,.F.);
#765=ORIENTED_EDGE('',*,*,#1229,.T.);
#766=ORIENTED_EDGE('',*,*,#1252,.F.);
#767=ORIENTED_EDGE('',*,*,#1315,.T.);
#768=ORIENTED_EDGE('',*,*,#1308,.F.);
#769=ORIENTED_EDGE('',*,*,#1228,.T.);
#770=ORIENTED_EDGE('',*,*,#1250,.F.);
#771=ORIENTED_EDGE('',*,*,#1276,.T.);
#772=ORIENTED_EDGE('',*,*,#1309,.F.);
#773=ORIENTED_EDGE('',*,*,#1275,.T.);
#774=ORIENTED_EDGE('',*,*,#1220,.F.);
#775=ORIENTED_EDGE('',*,*,#1273,.T.);
#776=ORIENTED_EDGE('',*,*,#1311,.F.);
#777=ORIENTED_EDGE('',*,*,#1310,.F.);
#778=ORIENTED_EDGE('',*,*,#1411,.F.);
#779=ORIENTED_EDGE('',*,*,#1244,.T.);
#780=ORIENTED_EDGE('',*,*,#1231,.F.);
#781=ORIENTED_EDGE('',*,*,#1226,.F.);
#782=ORIENTED_EDGE('',*,*,#1328,.T.);
#783=ORIENTED_EDGE('',*,*,#1333,.T.);
#784=ORIENTED_EDGE('',*,*,#1346,.F.);
#785=ORIENTED_EDGE('',*,*,#1227,.F.);
#786=ORIENTED_EDGE('',*,*,#1247,.F.);
#787=ORIENTED_EDGE('',*,*,#1248,.T.);
#788=ORIENTED_EDGE('',*,*,#1350,.F.);
#789=ORIENTED_EDGE('',*,*,#1349,.T.);
#790=ORIENTED_EDGE('',*,*,#1329,.T.);
#791=ORIENTED_EDGE('',*,*,#1347,.T.);
#792=ORIENTED_EDGE('',*,*,#1345,.T.);
#793=ORIENTED_EDGE('',*,*,#1356,.T.);
#794=ORIENTED_EDGE('',*,*,#1254,.F.);
#795=ORIENTED_EDGE('',*,*,#1243,.F.);
#796=ORIENTED_EDGE('',*,*,#1245,.F.);
#797=ORIENTED_EDGE('',*,*,#1362,.T.);
#798=ORIENTED_EDGE('',*,*,#1361,.T.);
#799=ORIENTED_EDGE('',*,*,#1351,.T.);
#800=ORIENTED_EDGE('',*,*,#1249,.F.);
#801=ORIENTED_EDGE('',*,*,#1260,.F.);
#802=ORIENTED_EDGE('',*,*,#1261,.F.);
#803=ORIENTED_EDGE('',*,*,#1357,.F.);
#804=ORIENTED_EDGE('',*,*,#1355,.T.);
#805=ORIENTED_EDGE('',*,*,#1369,.T.);
#806=ORIENTED_EDGE('',*,*,#1270,.F.);
#807=ORIENTED_EDGE('',*,*,#1253,.F.);
#808=ORIENTED_EDGE('',*,*,#1255,.T.);
#809=ORIENTED_EDGE('',*,*,#1364,.T.);
#810=ORIENTED_EDGE('',*,*,#1360,.T.);
#811=ORIENTED_EDGE('',*,*,#1363,.F.);
#812=ORIENTED_EDGE('',*,*,#1262,.T.);
#813=ORIENTED_EDGE('',*,*,#1258,.F.);
#814=ORIENTED_EDGE('',*,*,#1263,.F.);
#815=ORIENTED_EDGE('',*,*,#1402,.T.);
#816=ORIENTED_EDGE('',*,*,#1399,.T.);
#817=ORIENTED_EDGE('',*,*,#1398,.T.);
#818=ORIENTED_EDGE('',*,*,#1397,.T.);
#819=ORIENTED_EDGE('',*,*,#1379,.T.);
#820=ORIENTED_EDGE('',*,*,#1376,.T.);
#821=ORIENTED_EDGE('',*,*,#1396,.T.);
#822=ORIENTED_EDGE('',*,*,#1395,.T.);
#823=ORIENTED_EDGE('',*,*,#1394,.T.);
#824=ORIENTED_EDGE('',*,*,#1391,.T.);
#825=ORIENTED_EDGE('',*,*,#1390,.T.);
#826=ORIENTED_EDGE('',*,*,#1389,.T.);
#827=ORIENTED_EDGE('',*,*,#1388,.T.);
#828=ORIENTED_EDGE('',*,*,#1385,.T.);
#829=ORIENTED_EDGE('',*,*,#1373,.T.);
#830=ORIENTED_EDGE('',*,*,#1410,.F.);
#831=ORIENTED_EDGE('',*,*,#1274,.F.);
#832=ORIENTED_EDGE('',*,*,#1286,.F.);
#833=ORIENTED_EDGE('',*,*,#1289,.F.);
#834=ORIENTED_EDGE('',*,*,#1290,.F.);
#835=ORIENTED_EDGE('',*,*,#1291,.F.);
#836=ORIENTED_EDGE('',*,*,#1292,.F.);
#837=ORIENTED_EDGE('',*,*,#1295,.F.);
#838=ORIENTED_EDGE('',*,*,#1296,.F.);
#839=ORIENTED_EDGE('',*,*,#1297,.F.);
#840=ORIENTED_EDGE('',*,*,#1277,.F.);
#841=ORIENTED_EDGE('',*,*,#1280,.F.);
#842=ORIENTED_EDGE('',*,*,#1298,.F.);
#843=ORIENTED_EDGE('',*,*,#1299,.F.);
#844=ORIENTED_EDGE('',*,*,#1300,.F.);
#845=ORIENTED_EDGE('',*,*,#1303,.F.);
#846=ORIENTED_EDGE('',*,*,#1413,.F.);
#847=ORIENTED_EDGE('',*,*,#1382,.F.);
#848=ORIENTED_EDGE('',*,*,#1411,.T.);
#849=ORIENTED_EDGE('',*,*,#1283,.T.);
#850=ORIENTED_EDGE('',*,*,#1410,.T.);
#851=ORIENTED_EDGE('',*,*,#1401,.F.);
#852=ORIENTED_EDGE('',*,*,#1413,.T.);
#853=ORIENTED_EDGE('',*,*,#1302,.T.);
#854=ORIENTED_EDGE('',*,*,#1412,.T.);
#855=ORIENTED_EDGE('',*,*,#1414,.T.);
#856=ORIENTED_EDGE('',*,*,#1415,.T.);
#857=ORIENTED_EDGE('',*,*,#1416,.F.);
#858=ORIENTED_EDGE('',*,*,#1415,.F.);
#859=ORIENTED_EDGE('',*,*,#1414,.F.);
#860=ORIENTED_EDGE('',*,*,#1416,.T.);
#861=ORIENTED_EDGE('',*,*,#1521,.F.);
#862=ORIENTED_EDGE('',*,*,#1524,.F.);
#863=ORIENTED_EDGE('',*,*,#1581,.F.);
#864=ORIENTED_EDGE('',*,*,#1585,.F.);
#865=ORIENTED_EDGE('',*,*,#1573,.T.);
#866=ORIENTED_EDGE('',*,*,#1568,.T.);
#867=ORIENTED_EDGE('',*,*,#1563,.T.);
#868=ORIENTED_EDGE('',*,*,#1562,.T.);
#869=ORIENTED_EDGE('',*,*,#1531,.T.);
#870=ORIENTED_EDGE('',*,*,#1500,.T.);
#871=ORIENTED_EDGE('',*,*,#1505,.T.);
#872=ORIENTED_EDGE('',*,*,#1423,.T.);
#873=ORIENTED_EDGE('',*,*,#1504,.F.);
#874=ORIENTED_EDGE('',*,*,#1419,.F.);
#875=ORIENTED_EDGE('',*,*,#1418,.F.);
#876=ORIENTED_EDGE('',*,*,#1417,.T.);
#877=ORIENTED_EDGE('',*,*,#1438,.F.);
#878=ORIENTED_EDGE('',*,*,#1421,.F.);
#879=ORIENTED_EDGE('',*,*,#1420,.F.);
#880=ORIENTED_EDGE('',*,*,#1419,.T.);
#881=ORIENTED_EDGE('',*,*,#1439,.F.);
#882=ORIENTED_EDGE('',*,*,#1422,.F.);
#883=ORIENTED_EDGE('',*,*,#1421,.T.);
#884=ORIENTED_EDGE('',*,*,#1440,.F.);
#885=ORIENTED_EDGE('',*,*,#1423,.F.);
#886=ORIENTED_EDGE('',*,*,#1501,.T.);
#887=ORIENTED_EDGE('',*,*,#1506,.T.);
#888=ORIENTED_EDGE('',*,*,#1429,.T.);
#889=ORIENTED_EDGE('',*,*,#1507,.F.);
#890=ORIENTED_EDGE('',*,*,#1425,.F.);
#891=ORIENTED_EDGE('',*,*,#1430,.F.);
#892=ORIENTED_EDGE('',*,*,#1429,.F.);
#893=ORIENTED_EDGE('',*,*,#1435,.F.);
#894=ORIENTED_EDGE('',*,*,#1427,.F.);
#895=ORIENTED_EDGE('',*,*,#1426,.F.);
#896=ORIENTED_EDGE('',*,*,#1425,.T.);
#897=ORIENTED_EDGE('',*,*,#1436,.F.);
#898=ORIENTED_EDGE('',*,*,#1424,.F.);
#899=ORIENTED_EDGE('',*,*,#1428,.F.);
#900=ORIENTED_EDGE('',*,*,#1427,.T.);
#901=ORIENTED_EDGE('',*,*,#1437,.F.);
#902=ORIENTED_EDGE('',*,*,#1431,.T.);
#903=ORIENTED_EDGE('',*,*,#1432,.T.);
#904=ORIENTED_EDGE('',*,*,#1433,.T.);
#905=ORIENTED_EDGE('',*,*,#1434,.T.);
#906=ORIENTED_EDGE('',*,*,#1509,.T.);
#907=ORIENTED_EDGE('',*,*,#1488,.T.);
#908=ORIENTED_EDGE('',*,*,#1508,.T.);
#909=ORIENTED_EDGE('',*,*,#1489,.T.);
#910=ORIENTED_EDGE('',*,*,#1546,.T.);
#911=ORIENTED_EDGE('',*,*,#1552,.T.);
#912=ORIENTED_EDGE('',*,*,#1504,.T.);
#913=ORIENTED_EDGE('',*,*,#1440,.T.);
#914=ORIENTED_EDGE('',*,*,#1439,.T.);
#915=ORIENTED_EDGE('',*,*,#1438,.T.);
#916=ORIENTED_EDGE('',*,*,#1434,.F.);
#917=ORIENTED_EDGE('',*,*,#1437,.T.);
#918=ORIENTED_EDGE('',*,*,#1436,.T.);
#919=ORIENTED_EDGE('',*,*,#1435,.T.);
#920=ORIENTED_EDGE('',*,*,#1506,.F.);
#921=ORIENTED_EDGE('',*,*,#1502,.T.);
#922=ORIENTED_EDGE('',*,*,#1441,.T.);
#923=ORIENTED_EDGE('',*,*,#1591,.T.);
#924=ORIENTED_EDGE('',*,*,#1532,.T.);
#925=ORIENTED_EDGE('',*,*,#1535,.T.);
#926=ORIENTED_EDGE('',*,*,#1516,.T.);
#927=ORIENTED_EDGE('',*,*,#1431,.F.);
#928=ORIENTED_EDGE('',*,*,#1417,.F.);
#929=ORIENTED_EDGE('',*,*,#1515,.F.);
#930=ORIENTED_EDGE('',*,*,#1517,.T.);
#931=ORIENTED_EDGE('',*,*,#1442,.T.);
#932=ORIENTED_EDGE('',*,*,#1441,.F.);
#933=ORIENTED_EDGE('',*,*,#1442,.F.);
#934=ORIENTED_EDGE('',*,*,#1486,.F.);
#935=ORIENTED_EDGE('',*,*,#1443,.F.);
#936=ORIENTED_EDGE('',*,*,#1444,.T.);
#937=ORIENTED_EDGE('',*,*,#1445,.T.);
#938=ORIENTED_EDGE('',*,*,#1477,.F.);
#939=ORIENTED_EDGE('',*,*,#1465,.T.);
#940=ORIENTED_EDGE('',*,*,#1447,.F.);
#941=ORIENTED_EDGE('',*,*,#1464,.F.);
#942=ORIENTED_EDGE('',*,*,#1466,.F.);
#943=ORIENTED_EDGE('',*,*,#1449,.F.);
#944=ORIENTED_EDGE('',*,*,#1450,.T.);
#945=ORIENTED_EDGE('',*,*,#1451,.T.);
#946=ORIENTED_EDGE('',*,*,#1475,.F.);
#947=ORIENTED_EDGE('',*,*,#1456,.T.);
#948=ORIENTED_EDGE('',*,*,#1453,.F.);
#949=ORIENTED_EDGE('',*,*,#1455,.F.);
#950=ORIENTED_EDGE('',*,*,#1476,.F.);
#951=ORIENTED_EDGE('',*,*,#1452,.F.);
#952=ORIENTED_EDGE('',*,*,#1453,.T.);
#953=ORIENTED_EDGE('',*,*,#1454,.T.);
#954=ORIENTED_EDGE('',*,*,#1467,.F.);
#955=ORIENTED_EDGE('',*,*,#1458,.T.);
#956=ORIENTED_EDGE('',*,*,#1450,.F.);
#957=ORIENTED_EDGE('',*,*,#1457,.F.);
#958=ORIENTED_EDGE('',*,*,#1478,.F.);
#959=ORIENTED_EDGE('',*,*,#1446,.F.);
#960=ORIENTED_EDGE('',*,*,#1447,.T.);
#961=ORIENTED_EDGE('',*,*,#1448,.T.);
#962=ORIENTED_EDGE('',*,*,#1461,.F.);
#963=ORIENTED_EDGE('',*,*,#1460,.T.);
#964=ORIENTED_EDGE('',*,*,#1444,.F.);
#965=ORIENTED_EDGE('',*,*,#1459,.F.);
#966=ORIENTED_EDGE('',*,*,#1479,.F.);
#967=ORIENTED_EDGE('',*,*,#1461,.T.);
#968=ORIENTED_EDGE('',*,*,#1463,.T.);
#969=ORIENTED_EDGE('',*,*,#1472,.F.);
#970=ORIENTED_EDGE('',*,*,#1462,.F.);
#971=ORIENTED_EDGE('',*,*,#1467,.T.);
#972=ORIENTED_EDGE('',*,*,#1469,.T.);
#973=ORIENTED_EDGE('',*,*,#1474,.F.);
#974=ORIENTED_EDGE('',*,*,#1468,.F.);
#975=ORIENTED_EDGE('',*,*,#1466,.T.);
#976=ORIENTED_EDGE('',*,*,#1471,.F.);
#977=ORIENTED_EDGE('',*,*,#1473,.F.);
#978=ORIENTED_EDGE('',*,*,#1470,.T.);
#979=ORIENTED_EDGE('',*,*,#1473,.T.);
#980=ORIENTED_EDGE('',*,*,#1481,.T.);
#981=ORIENTED_EDGE('',*,*,#1474,.T.);
#982=ORIENTED_EDGE('',*,*,#1480,.F.);
#983=ORIENTED_EDGE('',*,*,#1475,.T.);
#984=ORIENTED_EDGE('',*,*,#1482,.F.);
#985=ORIENTED_EDGE('',*,*,#1476,.T.);
#986=ORIENTED_EDGE('',*,*,#1483,.T.);
#987=ORIENTED_EDGE('',*,*,#1477,.T.);
#988=ORIENTED_EDGE('',*,*,#1484,.F.);
#989=ORIENTED_EDGE('',*,*,#1478,.T.);
#990=ORIENTED_EDGE('',*,*,#1485,.T.);
#991=ORIENTED_EDGE('',*,*,#1494,.F.);
#992=ORIENTED_EDGE('',*,*,#1508,.F.);
#993=ORIENTED_EDGE('',*,*,#1492,.F.);
#994=ORIENTED_EDGE('',*,*,#1510,.F.);
#995=ORIENTED_EDGE('',*,*,#1463,.F.);
#996=ORIENTED_EDGE('',*,*,#1448,.F.);
#997=ORIENTED_EDGE('',*,*,#1465,.F.);
#998=ORIENTED_EDGE('',*,*,#1470,.F.);
#999=ORIENTED_EDGE('',*,*,#1480,.T.);
#1000=ORIENTED_EDGE('',*,*,#1469,.F.);
#1001=ORIENTED_EDGE('',*,*,#1454,.F.);
#1002=ORIENTED_EDGE('',*,*,#1456,.F.);
#1003=ORIENTED_EDGE('',*,*,#1482,.T.);
#1004=ORIENTED_EDGE('',*,*,#1451,.F.);
#1005=ORIENTED_EDGE('',*,*,#1458,.F.);
#1006=ORIENTED_EDGE('',*,*,#1484,.T.);
#1007=ORIENTED_EDGE('',*,*,#1445,.F.);
#1008=ORIENTED_EDGE('',*,*,#1460,.F.);
#1009=ORIENTED_EDGE('',*,*,#1512,.T.);
#1010=ORIENTED_EDGE('',*,*,#1486,.T.);
#1011=ORIENTED_EDGE('',*,*,#1513,.F.);
#1012=ORIENTED_EDGE('',*,*,#1459,.T.);
#1013=ORIENTED_EDGE('',*,*,#1443,.T.);
#1014=ORIENTED_EDGE('',*,*,#1485,.F.);
#1015=ORIENTED_EDGE('',*,*,#1457,.T.);
#1016=ORIENTED_EDGE('',*,*,#1449,.T.);
#1017=ORIENTED_EDGE('',*,*,#1483,.F.);
#1018=ORIENTED_EDGE('',*,*,#1455,.T.);
#1019=ORIENTED_EDGE('',*,*,#1452,.T.);
#1020=ORIENTED_EDGE('',*,*,#1468,.T.);
#1021=ORIENTED_EDGE('',*,*,#1481,.F.);
#1022=ORIENTED_EDGE('',*,*,#1471,.T.);
#1023=ORIENTED_EDGE('',*,*,#1464,.T.);
#1024=ORIENTED_EDGE('',*,*,#1446,.T.);
#1025=ORIENTED_EDGE('',*,*,#1462,.T.);
#1026=ORIENTED_EDGE('',*,*,#1511,.T.);
#1027=ORIENTED_EDGE('',*,*,#1493,.T.);
#1028=ORIENTED_EDGE('',*,*,#1509,.F.);
#1029=ORIENTED_EDGE('',*,*,#1495,.T.);
#1030=ORIENTED_EDGE('',*,*,#1487,.T.);
#1031=ORIENTED_EDGE('',*,*,#1493,.F.);
#1032=ORIENTED_EDGE('',*,*,#1490,.T.);
#1033=ORIENTED_EDGE('',*,*,#1492,.T.);
#1034=ORIENTED_EDGE('',*,*,#1488,.F.);
#1035=ORIENTED_EDGE('',*,*,#1494,.T.);
#1036=ORIENTED_EDGE('',*,*,#1491,.T.);
#1037=ORIENTED_EDGE('',*,*,#1495,.F.);
#1038=ORIENTED_EDGE('',*,*,#1489,.F.);
#1039=ORIENTED_EDGE('',*,*,#1496,.T.);
#1040=ORIENTED_EDGE('',*,*,#1497,.T.);
#1041=ORIENTED_EDGE('',*,*,#1487,.F.);
#1042=ORIENTED_EDGE('',*,*,#1497,.F.);
#1043=ORIENTED_EDGE('',*,*,#1498,.T.);
#1044=ORIENTED_EDGE('',*,*,#1499,.T.);
#1045=ORIENTED_EDGE('',*,*,#1498,.F.);
#1046=ORIENTED_EDGE('',*,*,#1496,.F.);
#1047=ORIENTED_EDGE('',*,*,#1514,.F.);
#1048=ORIENTED_EDGE('',*,*,#1518,.F.);
#1049=ORIENTED_EDGE('',*,*,#1567,.F.);
#1050=ORIENTED_EDGE('',*,*,#1574,.F.);
#1051=ORIENTED_EDGE('',*,*,#1503,.F.);
#1052=ORIENTED_EDGE('',*,*,#1500,.F.);
#1053=ORIENTED_EDGE('',*,*,#1552,.F.);
#1054=ORIENTED_EDGE('',*,*,#1548,.F.);
#1055=ORIENTED_EDGE('',*,*,#1511,.F.);
#1056=ORIENTED_EDGE('',*,*,#1472,.T.);
#1057=ORIENTED_EDGE('',*,*,#1510,.T.);
#1058=ORIENTED_EDGE('',*,*,#1490,.F.);
#1059=ORIENTED_EDGE('',*,*,#1479,.T.);
#1060=ORIENTED_EDGE('',*,*,#1513,.T.);
#1061=ORIENTED_EDGE('',*,*,#1491,.F.);
#1062=ORIENTED_EDGE('',*,*,#1512,.F.);
#1063=ORIENTED_EDGE('',*,*,#1580,.F.);
#1064=ORIENTED_EDGE('',*,*,#1588,.T.);
#1065=ORIENTED_EDGE('',*,*,#1581,.T.);
#1066=ORIENTED_EDGE('',*,*,#1527,.T.);
#1067=ORIENTED_EDGE('',*,*,#1523,.T.);
#1068=ORIENTED_EDGE('',*,*,#1432,.F.);
#1069=ORIENTED_EDGE('',*,*,#1516,.F.);
#1070=ORIENTED_EDGE('',*,*,#1520,.T.);
#1071=ORIENTED_EDGE('',*,*,#1514,.T.);
#1072=ORIENTED_EDGE('',*,*,#1576,.T.);
#1073=ORIENTED_EDGE('',*,*,#1570,.T.);
#1074=ORIENTED_EDGE('',*,*,#1578,.T.);
#1075=ORIENTED_EDGE('',*,*,#1562,.F.);
#1076=ORIENTED_EDGE('',*,*,#1566,.T.);
#1077=ORIENTED_EDGE('',*,*,#1561,.T.);
#1078=ORIENTED_EDGE('',*,*,#1549,.T.);
#1079=ORIENTED_EDGE('',*,*,#1559,.T.);
#1080=ORIENTED_EDGE('',*,*,#1582,.F.);
#1081=ORIENTED_EDGE('',*,*,#1590,.T.);
#1082=ORIENTED_EDGE('',*,*,#1499,.F.);
#1083=ORIENTED_EDGE('',*,*,#1592,.T.);
#1084=ORIENTED_EDGE('',*,*,#1556,.F.);
#1085=ORIENTED_EDGE('',*,*,#1560,.T.);
#1086=ORIENTED_EDGE('',*,*,#1555,.T.);
#1087=ORIENTED_EDGE('',*,*,#1553,.T.);
#1088=ORIENTED_EDGE('',*,*,#1507,.T.);
#1089=ORIENTED_EDGE('',*,*,#1430,.T.);
#1090=ORIENTED_EDGE('',*,*,#1426,.T.);
#1091=ORIENTED_EDGE('',*,*,#1428,.T.);
#1092=ORIENTED_EDGE('',*,*,#1522,.F.);
#1093=ORIENTED_EDGE('',*,*,#1526,.T.);
#1094=ORIENTED_EDGE('',*,*,#1521,.T.);
#1095=ORIENTED_EDGE('',*,*,#1587,.T.);
#1096=ORIENTED_EDGE('',*,*,#1579,.T.);
#1097=ORIENTED_EDGE('',*,*,#1589,.T.);
#1098=ORIENTED_EDGE('',*,*,#1534,.T.);
#1099=ORIENTED_EDGE('',*,*,#1517,.F.);
#1100=ORIENTED_EDGE('',*,*,#1519,.F.);
#1101=ORIENTED_EDGE('',*,*,#1518,.T.);
#1102=ORIENTED_EDGE('',*,*,#1520,.F.);
#1103=ORIENTED_EDGE('',*,*,#1535,.F.);
#1104=ORIENTED_EDGE('',*,*,#1533,.T.);
#1105=ORIENTED_EDGE('',*,*,#1529,.F.);
#1106=ORIENTED_EDGE('',*,*,#1528,.F.);
#1107=ORIENTED_EDGE('',*,*,#1529,.T.);
#1108=ORIENTED_EDGE('',*,*,#1533,.F.);
#1109=ORIENTED_EDGE('',*,*,#1532,.F.);
#1110=ORIENTED_EDGE('',*,*,#1534,.F.);
#1111=ORIENTED_EDGE('',*,*,#1528,.T.);
#1112=ORIENTED_EDGE('',*,*,#1530,.F.);
#1113=ORIENTED_EDGE('',*,*,#1536,.T.);
#1114=ORIENTED_EDGE('',*,*,#1530,.T.);
#1115=ORIENTED_EDGE('',*,*,#1536,.F.);
#1116=ORIENTED_EDGE('',*,*,#1531,.F.);
#1117=ORIENTED_EDGE('',*,*,#1543,.T.);
#1118=ORIENTED_EDGE('',*,*,#1541,.T.);
#1119=ORIENTED_EDGE('',*,*,#1542,.T.);
#1120=ORIENTED_EDGE('',*,*,#1538,.F.);
#1121=ORIENTED_EDGE('',*,*,#1537,.T.);
#1122=ORIENTED_EDGE('',*,*,#1538,.T.);
#1123=ORIENTED_EDGE('',*,*,#1537,.F.);
#1124=ORIENTED_EDGE('',*,*,#1539,.T.);
#1125=ORIENTED_EDGE('',*,*,#1540,.T.);
#1126=ORIENTED_EDGE('',*,*,#1545,.T.);
#1127=ORIENTED_EDGE('',*,*,#1539,.F.);
#1128=ORIENTED_EDGE('',*,*,#1545,.F.);
#1129=ORIENTED_EDGE('',*,*,#1544,.T.);
#1130=ORIENTED_EDGE('',*,*,#1522,.T.);
#1131=ORIENTED_EDGE('',*,*,#1424,.T.);
#1132=ORIENTED_EDGE('',*,*,#1433,.F.);
#1133=ORIENTED_EDGE('',*,*,#1523,.F.);
#1134=ORIENTED_EDGE('',*,*,#1525,.T.);
#1135=ORIENTED_EDGE('',*,*,#1541,.F.);
#1136=ORIENTED_EDGE('',*,*,#1542,.F.);
#1137=ORIENTED_EDGE('',*,*,#1525,.F.);
#1138=ORIENTED_EDGE('',*,*,#1527,.F.);
#1139=ORIENTED_EDGE('',*,*,#1524,.T.);
#1140=ORIENTED_EDGE('',*,*,#1526,.F.);
#1141=ORIENTED_EDGE('',*,*,#1544,.F.);
#1142=ORIENTED_EDGE('',*,*,#1543,.F.);
#1143=ORIENTED_EDGE('',*,*,#1549,.F.);
#1144=ORIENTED_EDGE('',*,*,#1554,.F.);
#1145=ORIENTED_EDGE('',*,*,#1551,.F.);
#1146=ORIENTED_EDGE('',*,*,#1548,.T.);
#1147=ORIENTED_EDGE('',*,*,#1546,.F.);
#1148=ORIENTED_EDGE('',*,*,#1547,.T.);
#1149=ORIENTED_EDGE('',*,*,#1555,.F.);
#1150=ORIENTED_EDGE('',*,*,#1557,.F.);
#1151=ORIENTED_EDGE('',*,*,#1586,.T.);
#1152=ORIENTED_EDGE('',*,*,#1582,.T.);
#1153=ORIENTED_EDGE('',*,*,#1558,.T.);
#1154=ORIENTED_EDGE('',*,*,#1556,.T.);
#1155=ORIENTED_EDGE('',*,*,#1540,.F.);
#1156=ORIENTED_EDGE('',*,*,#1502,.F.);
#1157=ORIENTED_EDGE('',*,*,#1501,.F.);
#1158=ORIENTED_EDGE('',*,*,#1553,.F.);
#1159=ORIENTED_EDGE('',*,*,#1547,.F.);
#1160=ORIENTED_EDGE('',*,*,#1569,.F.);
#1161=ORIENTED_EDGE('',*,*,#1575,.T.);
#1162=ORIENTED_EDGE('',*,*,#1567,.T.);
#1163=ORIENTED_EDGE('',*,*,#1519,.T.);
#1164=ORIENTED_EDGE('',*,*,#1515,.T.);
#1165=ORIENTED_EDGE('',*,*,#1418,.T.);
#1166=ORIENTED_EDGE('',*,*,#1420,.T.);
#1167=ORIENTED_EDGE('',*,*,#1422,.T.);
#1168=ORIENTED_EDGE('',*,*,#1505,.F.);
#1169=ORIENTED_EDGE('',*,*,#1503,.T.);
#1170=ORIENTED_EDGE('',*,*,#1551,.T.);
#1171=ORIENTED_EDGE('',*,*,#1550,.T.);
#1172=ORIENTED_EDGE('',*,*,#1565,.T.);
#1173=ORIENTED_EDGE('',*,*,#1568,.F.);
#1174=ORIENTED_EDGE('',*,*,#1577,.T.);
#1175=ORIENTED_EDGE('',*,*,#1550,.F.);
#1176=ORIENTED_EDGE('',*,*,#1554,.T.);
#1177=ORIENTED_EDGE('',*,*,#1561,.F.);
#1178=ORIENTED_EDGE('',*,*,#1564,.F.);
#1179=ORIENTED_EDGE('',*,*,#1559,.F.);
#1180=ORIENTED_EDGE('',*,*,#1557,.T.);
#1181=ORIENTED_EDGE('',*,*,#1560,.F.);
#1182=ORIENTED_EDGE('',*,*,#1558,.F.);
#1183=ORIENTED_EDGE('',*,*,#1565,.F.);
#1184=ORIENTED_EDGE('',*,*,#1564,.T.);
#1185=ORIENTED_EDGE('',*,*,#1566,.F.);
#1186=ORIENTED_EDGE('',*,*,#1563,.F.);
#1187=ORIENTED_EDGE('',*,*,#1571,.T.);
#1188=ORIENTED_EDGE('',*,*,#1569,.T.);
#1189=ORIENTED_EDGE('',*,*,#1572,.F.);
#1190=ORIENTED_EDGE('',*,*,#1570,.F.);
#1191=ORIENTED_EDGE('',*,*,#1576,.F.);
#1192=ORIENTED_EDGE('',*,*,#1574,.T.);
#1193=ORIENTED_EDGE('',*,*,#1575,.F.);
#1194=ORIENTED_EDGE('',*,*,#1571,.F.);
#1195=ORIENTED_EDGE('',*,*,#1572,.T.);
#1196=ORIENTED_EDGE('',*,*,#1577,.F.);
#1197=ORIENTED_EDGE('',*,*,#1573,.F.);
#1198=ORIENTED_EDGE('',*,*,#1578,.F.);
#1199=ORIENTED_EDGE('',*,*,#1583,.T.);
#1200=ORIENTED_EDGE('',*,*,#1580,.T.);
#1201=ORIENTED_EDGE('',*,*,#1584,.F.);
#1202=ORIENTED_EDGE('',*,*,#1579,.F.);
#1203=ORIENTED_EDGE('',*,*,#1587,.F.);
#1204=ORIENTED_EDGE('',*,*,#1585,.T.);
#1205=ORIENTED_EDGE('',*,*,#1588,.F.);
#1206=ORIENTED_EDGE('',*,*,#1583,.F.);
#1207=ORIENTED_EDGE('',*,*,#1584,.T.);
#1208=ORIENTED_EDGE('',*,*,#1590,.F.);
#1209=ORIENTED_EDGE('',*,*,#1586,.F.);
#1210=ORIENTED_EDGE('',*,*,#1589,.F.);
#1211=ORIENTED_EDGE('',*,*,#1593,.T.);
#1212=ORIENTED_EDGE('',*,*,#1592,.F.);
#1213=ORIENTED_EDGE('',*,*,#1593,.F.);
#1214=ORIENTED_EDGE('',*,*,#1591,.F.);
#1215=EDGE_CURVE('',#1974,#1978,#1832,.T.);
#1216=EDGE_CURVE('',#2032,#1975,#1833,.T.);
#1217=EDGE_CURVE('',#2026,#2007,#1594,.T.);
#1218=EDGE_CURVE('',#2031,#1976,#1834,.T.);
#1219=EDGE_CURVE('',#1975,#1976,#1835,.T.);
#1220=EDGE_CURVE('',#2023,#2024,#1595,.T.);
#1221=EDGE_CURVE('',#1976,#1991,#1836,.T.);
#1222=EDGE_CURVE('',#1973,#2030,#1837,.T.);
#1223=EDGE_CURVE('',#2033,#2031,#1838,.T.);
#1224=EDGE_CURVE('',#1977,#1978,#1839,.T.);
#1225=EDGE_CURVE('',#1980,#1979,#1596,.T.);
#1226=EDGE_CURVE('',#2036,#1977,#1840,.T.);
#1227=EDGE_CURVE('',#1980,#2037,#1841,.T.);
#1228=EDGE_CURVE('',#2015,#2026,#1597,.T.);
#1229=EDGE_CURVE('',#2013,#2027,#1598,.T.);
#1230=EDGE_CURVE('',#2015,#2008,#1842,.T.);
#1231=EDGE_CURVE('',#1977,#1985,#1843,.T.);
#1232=EDGE_CURVE('',#2029,#1973,#1844,.T.);
#1233=EDGE_CURVE('',#1978,#1982,#1599,.T.);
#1234=EDGE_CURVE('',#1979,#1983,#1600,.T.);
#1235=EDGE_CURVE('',#1982,#1983,#1601,.T.);
#1236=EDGE_CURVE('',#1981,#1974,#1845,.T.);
#1237=EDGE_CURVE('',#1979,#1981,#1846,.T.);
#1238=EDGE_CURVE('',#1984,#1981,#1602,.T.);
#1239=EDGE_CURVE('',#1981,#1983,#1603,.T.);
#1240=EDGE_CURVE('',#1982,#1984,#1604,.T.);
#1241=EDGE_CURVE('',#1974,#1984,#1847,.T.);
#1242=EDGE_CURVE('',#1973,#1974,#1848,.T.);
#1243=EDGE_CURVE('',#1986,#1989,#1605,.T.);
#1244=EDGE_CURVE('',#2035,#1985,#1849,.T.);
#1245=EDGE_CURVE('',#2039,#1986,#1606,.T.);
#1246=EDGE_CURVE('',#1985,#1986,#1607,.T.);
#1247=EDGE_CURVE('',#1988,#1980,#1850,.T.);
#1248=EDGE_CURVE('',#1988,#2038,#1851,.T.);
#1249=EDGE_CURVE('',#1987,#2042,#1608,.T.);
#1250=EDGE_CURVE('',#2025,#2026,#1609,.T.);
#1251=EDGE_CURVE('',#1987,#1988,#1610,.T.);
#1252=EDGE_CURVE('',#2022,#2027,#1611,.T.);
#1253=EDGE_CURVE('',#1990,#1996,#1612,.T.);
#1254=EDGE_CURVE('',#1989,#2040,#1613,.T.);
#1255=EDGE_CURVE('',#1990,#2043,#1614,.T.);
#1256=EDGE_CURVE('',#2013,#2009,#1852,.T.);
#1257=EDGE_CURVE('',#1989,#1990,#1615,.T.);
#1258=EDGE_CURVE('',#1993,#1992,#1616,.T.);
#1259=EDGE_CURVE('',#2031,#2032,#1853,.T.);
#1260=EDGE_CURVE('',#1994,#1987,#1617,.T.);
#1261=EDGE_CURVE('',#2041,#1994,#1618,.T.);
#1262=EDGE_CURVE('',#2046,#1992,#1619,.T.);
#1263=EDGE_CURVE('',#2045,#1993,#1620,.T.);
#1264=EDGE_CURVE('',#2036,#2030,#1854,.T.);
#1265=EDGE_CURVE('',#2033,#1991,#1621,.T.);
#1266=EDGE_CURVE('',#1991,#1993,#1622,.T.);
#1267=EDGE_CURVE('',#1992,#1994,#1623,.T.);
#1268=EDGE_CURVE('',#2042,#2038,#1624,.T.);
#1269=EDGE_CURVE('',#1995,#1975,#1855,.T.);
#1270=EDGE_CURVE('',#1996,#2044,#1625,.T.);
#1271=EDGE_CURVE('',#1996,#1995,#1626,.T.);
#1272=EDGE_CURVE('',#1995,#2034,#1627,.T.);
#1273=EDGE_CURVE('',#2023,#2021,#1628,.T.);
#1274=EDGE_CURVE('',#1997,#1998,#1856,.T.);
#1275=EDGE_CURVE('',#2017,#2024,#1629,.T.);
#1276=EDGE_CURVE('',#2025,#2018,#1630,.T.);
#1277=EDGE_CURVE('',#1999,#2008,#1857,.T.);
#1278=EDGE_CURVE('',#1999,#2016,#1858,.T.);
#1279=EDGE_CURVE('',#2000,#2022,#1631,.T.);
#1280=EDGE_CURVE('',#2000,#1999,#1632,.T.);
#1281=EDGE_CURVE('',#2028,#2014,#1633,.T.);
#1282=EDGE_CURVE('',#2020,#1997,#1859,.T.);
#1283=EDGE_CURVE('',#2019,#1998,#1860,.T.);
#1284=EDGE_CURVE('',#2017,#2003,#1861,.T.);
#1285=EDGE_CURVE('',#2024,#2004,#1634,.T.);
#1286=EDGE_CURVE('',#2001,#1997,#1862,.T.);
#1287=EDGE_CURVE('',#2001,#2021,#1863,.T.);
#1288=EDGE_CURVE('',#2002,#2023,#1635,.T.);
#1289=EDGE_CURVE('',#2002,#2001,#1636,.T.);
#1290=EDGE_CURVE('',#2004,#2002,#1637,.T.);
#1291=EDGE_CURVE('',#2003,#2004,#1638,.T.);
#1292=EDGE_CURVE('',#2005,#2003,#1864,.T.);
#1293=EDGE_CURVE('',#2005,#2018,#1865,.T.);
#1294=EDGE_CURVE('',#2006,#2025,#1639,.T.);
#1295=EDGE_CURVE('',#2006,#2005,#1640,.T.);
#1296=EDGE_CURVE('',#2007,#2006,#1641,.T.);
#1297=EDGE_CURVE('',#2008,#2007,#1642,.T.);
#1298=EDGE_CURVE('',#2010,#2000,#1643,.T.);
#1299=EDGE_CURVE('',#2009,#2010,#1644,.T.);
#1300=EDGE_CURVE('',#2011,#2009,#1866,.T.);
#1301=EDGE_CURVE('',#2011,#2014,#1867,.T.);
#1302=EDGE_CURVE('',#2012,#2028,#1645,.T.);
#1303=EDGE_CURVE('',#2012,#2011,#1646,.T.);
#1304=EDGE_CURVE('',#2033,#2045,#1647,.T.);
#1305=EDGE_CURVE('',#2041,#2046,#1648,.T.);
#1306=EDGE_CURVE('',#2044,#2034,#1649,.T.);
#1307=EDGE_CURVE('',#2013,#2014,#1868,.T.);
#1308=EDGE_CURVE('',#2015,#2016,#1869,.T.);
#1309=EDGE_CURVE('',#2017,#2018,#1870,.T.);
#1310=EDGE_CURVE('',#2019,#2020,#1871,.T.);
#1311=EDGE_CURVE('',#2020,#2021,#1872,.T.);
#1312=EDGE_CURVE('',#2027,#2010,#1650,.T.);
#1313=EDGE_CURVE('',#2035,#2039,#1651,.T.);
#1314=EDGE_CURVE('',#2032,#2034,#1873,.T.);
#1315=EDGE_CURVE('',#2022,#2016,#1652,.T.);
#1316=EDGE_CURVE('',#2029,#2037,#1653,.T.);
#1317=EDGE_CURVE('',#2043,#2040,#1654,.T.);
#1318=EDGE_CURVE('',#2048,#2052,#1874,.T.);
#1319=EDGE_CURVE('',#2032,#2049,#1875,.T.);
#1320=EDGE_CURVE('',#2100,#2081,#1655,.T.);
#1321=EDGE_CURVE('',#2031,#2050,#1876,.T.);
#1322=EDGE_CURVE('',#2049,#2050,#1877,.T.);
#1323=EDGE_CURVE('',#2097,#2098,#1656,.T.);
#1324=EDGE_CURVE('',#2050,#2065,#1878,.T.);
#1325=EDGE_CURVE('',#2047,#2030,#1879,.T.);
#1326=EDGE_CURVE('',#2051,#2052,#1880,.T.);
#1327=EDGE_CURVE('',#2054,#2053,#1657,.T.);
#1328=EDGE_CURVE('',#2036,#2051,#1881,.T.);
#1329=EDGE_CURVE('',#2054,#2037,#1882,.T.);
#1330=EDGE_CURVE('',#2089,#2100,#1658,.T.);
#1331=EDGE_CURVE('',#2087,#2101,#1659,.T.);
#1332=EDGE_CURVE('',#2089,#2082,#1883,.T.);
#1333=EDGE_CURVE('',#2051,#2059,#1884,.T.);
#1334=EDGE_CURVE('',#2029,#2047,#1885,.T.);
#1335=EDGE_CURVE('',#2052,#2056,#1660,.T.);
#1336=EDGE_CURVE('',#2053,#2057,#1661,.T.);
#1337=EDGE_CURVE('',#2056,#2057,#1662,.T.);
#1338=EDGE_CURVE('',#2055,#2048,#1886,.T.);
#1339=EDGE_CURVE('',#2053,#2055,#1887,.T.);
#1340=EDGE_CURVE('',#2058,#2055,#1663,.T.);
#1341=EDGE_CURVE('',#2055,#2057,#1664,.T.);
#1342=EDGE_CURVE('',#2056,#2058,#1665,.T.);
#1343=EDGE_CURVE('',#2048,#2058,#1888,.T.);
#1344=EDGE_CURVE('',#2047,#2048,#1889,.T.);
#1345=EDGE_CURVE('',#2060,#2063,#1666,.T.);
#1346=EDGE_CURVE('',#2035,#2059,#1890,.T.);
#1347=EDGE_CURVE('',#2039,#2060,#1667,.T.);
#1348=EDGE_CURVE('',#2059,#2060,#1668,.T.);
#1349=EDGE_CURVE('',#2062,#2054,#1891,.T.);
#1350=EDGE_CURVE('',#2062,#2038,#1892,.T.);
#1351=EDGE_CURVE('',#2061,#2042,#1669,.T.);
#1352=EDGE_CURVE('',#2099,#2100,#1670,.T.);
#1353=EDGE_CURVE('',#2061,#2062,#1671,.T.);
#1354=EDGE_CURVE('',#2096,#2101,#1672,.T.);
#1355=EDGE_CURVE('',#2064,#2070,#1673,.T.);
#1356=EDGE_CURVE('',#2063,#2040,#1674,.T.);
#1357=EDGE_CURVE('',#2064,#2043,#1675,.T.);
#1358=EDGE_CURVE('',#2087,#2083,#1893,.T.);
#1359=EDGE_CURVE('',#2063,#2064,#1676,.T.);
#1360=EDGE_CURVE('',#2067,#2066,#1677,.T.);
#1361=EDGE_CURVE('',#2068,#2061,#1678,.T.);
#1362=EDGE_CURVE('',#2041,#2068,#1679,.T.);
#1363=EDGE_CURVE('',#2046,#2066,#1680,.T.);
#1364=EDGE_CURVE('',#2045,#2067,#1681,.T.);
#1365=EDGE_CURVE('',#2033,#2065,#1682,.T.);
#1366=EDGE_CURVE('',#2065,#2067,#1683,.T.);
#1367=EDGE_CURVE('',#2066,#2068,#1684,.T.);
#1368=EDGE_CURVE('',#2069,#2049,#1894,.T.);
#1369=EDGE_CURVE('',#2070,#2044,#1685,.T.);
#1370=EDGE_CURVE('',#2070,#2069,#1686,.T.);
#1371=EDGE_CURVE('',#2069,#2034,#1687,.T.);
#1372=EDGE_CURVE('',#2097,#2095,#1688,.T.);
#1373=EDGE_CURVE('',#2071,#2072,#1895,.T.);
#1374=EDGE_CURVE('',#2091,#2098,#1689,.T.);
#1375=EDGE_CURVE('',#2099,#2092,#1690,.T.);
#1376=EDGE_CURVE('',#2073,#2082,#1896,.T.);
#1377=EDGE_CURVE('',#2073,#2090,#1897,.T.);
#1378=EDGE_CURVE('',#2074,#2096,#1691,.T.);
#1379=EDGE_CURVE('',#2074,#2073,#1692,.T.);
#1380=EDGE_CURVE('',#2102,#2088,#1693,.T.);
#1381=EDGE_CURVE('',#2094,#2071,#1898,.T.);
#1382=EDGE_CURVE('',#2093,#2072,#1899,.T.);
#1383=EDGE_CURVE('',#2091,#2077,#1900,.T.);
#1384=EDGE_CURVE('',#2098,#2078,#1694,.T.);
#1385=EDGE_CURVE('',#2075,#2071,#1901,.T.);
#1386=EDGE_CURVE('',#2075,#2095,#1902,.T.);
#1387=EDGE_CURVE('',#2076,#2097,#1695,.T.);
#1388=EDGE_CURVE('',#2076,#2075,#1696,.T.);
#1389=EDGE_CURVE('',#2078,#2076,#1697,.T.);
#1390=EDGE_CURVE('',#2077,#2078,#1698,.T.);
#1391=EDGE_CURVE('',#2079,#2077,#1903,.T.);
#1392=EDGE_CURVE('',#2079,#2092,#1904,.T.);
#1393=EDGE_CURVE('',#2080,#2099,#1699,.T.);
#1394=EDGE_CURVE('',#2080,#2079,#1700,.T.);
#1395=EDGE_CURVE('',#2081,#2080,#1701,.T.);
#1396=EDGE_CURVE('',#2082,#2081,#1702,.T.);
#1397=EDGE_CURVE('',#2084,#2074,#1703,.T.);
#1398=EDGE_CURVE('',#2083,#2084,#1704,.T.);
#1399=EDGE_CURVE('',#2085,#2083,#1905,.T.);
#1400=EDGE_CURVE('',#2085,#2088,#1906,.T.);
#1401=EDGE_CURVE('',#2086,#2102,#1705,.T.);
#1402=EDGE_CURVE('',#2086,#2085,#1706,.T.);
#1403=EDGE_CURVE('',#2087,#2088,#1907,.T.);
#1404=EDGE_CURVE('',#2089,#2090,#1908,.T.);
#1405=EDGE_CURVE('',#2091,#2092,#1909,.T.);
#1406=EDGE_CURVE('',#2093,#2094,#1910,.T.);
#1407=EDGE_CURVE('',#2094,#2095,#1911,.T.);
#1408=EDGE_CURVE('',#2101,#2084,#1707,.T.);
#1409=EDGE_CURVE('',#2096,#2090,#1708,.T.);
#1410=EDGE_CURVE('',#1998,#2072,#1709,.T.);
#1411=EDGE_CURVE('',#2093,#2019,#1710,.T.);
#1412=EDGE_CURVE('',#2028,#2102,#1711,.T.);
#1413=EDGE_CURVE('',#2086,#2012,#1712,.T.);
#1414=EDGE_CURVE('',#2103,#2103,#1912,.T.);
#1415=EDGE_CURVE('',#2103,#2104,#1913,.T.);
#1416=EDGE_CURVE('',#2104,#2104,#1914,.T.);
#1417=EDGE_CURVE('',#2106,#2105,#1713,.T.);
#1418=EDGE_CURVE('',#2106,#2111,#1714,.T.);
#1419=EDGE_CURVE('',#2111,#2107,#1715,.T.);
#1420=EDGE_CURVE('',#2111,#2112,#1716,.T.);
#1421=EDGE_CURVE('',#2112,#2108,#1717,.T.);
#1422=EDGE_CURVE('',#2112,#2110,#1718,.T.);
#1423=EDGE_CURVE('',#2110,#2109,#1719,.T.);
#1424=EDGE_CURVE('',#2114,#2113,#1720,.T.);
#1425=EDGE_CURVE('',#2119,#2117,#1721,.T.);
#1426=EDGE_CURVE('',#2119,#2120,#1722,.T.);
#1427=EDGE_CURVE('',#2120,#2118,#1723,.T.);
#1428=EDGE_CURVE('',#2120,#2114,#1724,.T.);
#1429=EDGE_CURVE('',#2115,#2116,#1725,.T.);
#1430=EDGE_CURVE('',#2116,#2119,#1726,.T.);
#1431=EDGE_CURVE('',#2105,#2121,#1727,.T.);
#1432=EDGE_CURVE('',#2121,#2122,#1728,.T.);
#1433=EDGE_CURVE('',#2122,#2113,#1729,.T.);
#1434=EDGE_CURVE('',#2113,#2105,#1730,.T.);
#1435=EDGE_CURVE('',#2117,#2115,#1731,.T.);
#1436=EDGE_CURVE('',#2118,#2117,#1732,.T.);
#1437=EDGE_CURVE('',#2113,#2118,#1733,.T.);
#1438=EDGE_CURVE('',#2107,#2105,#1734,.T.);
#1439=EDGE_CURVE('',#2108,#2107,#1735,.T.);
#1440=EDGE_CURVE('',#2109,#2108,#1736,.T.);
#1441=EDGE_CURVE('',#2123,#2123,#1915,.T.);
#1442=EDGE_CURVE('',#2124,#2123,#1916,.T.);
#1443=EDGE_CURVE('',#2126,#2150,#1917,.T.);
#1444=EDGE_CURVE('',#2126,#2127,#1918,.T.);
#1445=EDGE_CURVE('',#2127,#2151,#1919,.T.);
#1446=EDGE_CURVE('',#2128,#2134,#1920,.T.);
#1447=EDGE_CURVE('',#2128,#2129,#1921,.T.);
#1448=EDGE_CURVE('',#2129,#2135,#1922,.T.);
#1449=EDGE_CURVE('',#2130,#2146,#1923,.T.);
#1450=EDGE_CURVE('',#2130,#2131,#1924,.T.);
#1451=EDGE_CURVE('',#2131,#2147,#1925,.T.);
#1452=EDGE_CURVE('',#2132,#2136,#1926,.T.);
#1453=EDGE_CURVE('',#2132,#2133,#1927,.T.);
#1454=EDGE_CURVE('',#2133,#2137,#1928,.T.);
#1455=EDGE_CURVE('',#2149,#2132,#1929,.T.);
#1456=EDGE_CURVE('',#2148,#2133,#1930,.T.);
#1457=EDGE_CURVE('',#2153,#2130,#1931,.T.);
#1458=EDGE_CURVE('',#2152,#2131,#1932,.T.);
#1459=EDGE_CURVE('',#2155,#2126,#1933,.T.);
#1460=EDGE_CURVE('',#2154,#2127,#1934,.T.);
#1461=EDGE_CURVE('',#2134,#2135,#1935,.T.);
#1462=EDGE_CURVE('',#2134,#2141,#1737,.T.);
#1463=EDGE_CURVE('',#2135,#2140,#1738,.T.);
#1464=EDGE_CURVE('',#2138,#2128,#1936,.T.);
#1465=EDGE_CURVE('',#2139,#2129,#1937,.T.);
#1466=EDGE_CURVE('',#2139,#2138,#1938,.T.);
#1467=EDGE_CURVE('',#2136,#2137,#1939,.T.);
#1468=EDGE_CURVE('',#2136,#2145,#1739,.T.);
#1469=EDGE_CURVE('',#2137,#2143,#1740,.T.);
#1470=EDGE_CURVE('',#2142,#2139,#1741,.T.);
#1471=EDGE_CURVE('',#2144,#2138,#1742,.T.);
#1472=EDGE_CURVE('',#2141,#2140,#1743,.T.);
#1473=EDGE_CURVE('',#2142,#2144,#1744,.T.);
#1474=EDGE_CURVE('',#2145,#2143,#1745,.T.);
#1475=EDGE_CURVE('',#2146,#2147,#1940,.T.);
#1476=EDGE_CURVE('',#2148,#2149,#1941,.T.);
#1477=EDGE_CURVE('',#2150,#2151,#1942,.T.);
#1478=EDGE_CURVE('',#2152,#2153,#1943,.T.);
#1479=EDGE_CURVE('',#2154,#2155,#1944,.T.);
#1480=EDGE_CURVE('',#2142,#2143,#1746,.T.);
#1481=EDGE_CURVE('',#2144,#2145,#1747,.T.);
#1482=EDGE_CURVE('',#2148,#2147,#1748,.T.);
#1483=EDGE_CURVE('',#2149,#2146,#1749,.T.);
#1484=EDGE_CURVE('',#2152,#2151,#1750,.T.);
#1485=EDGE_CURVE('',#2153,#2150,#1751,.T.);
#1486=EDGE_CURVE('',#2124,#2124,#1945,.T.);
#1487=EDGE_CURVE('',#2125,#2125,#1946,.T.);
#1488=EDGE_CURVE('',#2162,#2160,#1752,.T.);
#1489=EDGE_CURVE('',#2161,#2163,#1753,.T.);
#1490=EDGE_CURVE('',#2158,#2156,#1754,.T.);
#1491=EDGE_CURVE('',#2157,#2159,#1755,.T.);
#1492=EDGE_CURVE('',#2156,#2160,#1756,.T.);
#1493=EDGE_CURVE('',#2158,#2162,#1757,.T.);
#1494=EDGE_CURVE('',#2161,#2157,#1758,.T.);
#1495=EDGE_CURVE('',#2163,#2159,#1759,.T.);
#1496=EDGE_CURVE('',#2165,#2165,#1947,.T.);
#1497=EDGE_CURVE('',#2165,#2125,#1948,.T.);
#1498=EDGE_CURVE('',#2165,#2164,#1760,.T.);
#1499=EDGE_CURVE('',#2164,#2164,#1949,.T.);
#1500=EDGE_CURVE('',#2168,#2166,#1761,.T.);
#1501=EDGE_CURVE('',#2167,#2169,#1762,.T.);
#1502=EDGE_CURVE('',#2169,#2190,#1763,.T.);
#1503=EDGE_CURVE('',#2166,#2193,#1764,.T.);
#1504=EDGE_CURVE('',#2168,#2109,#1765,.T.);
#1505=EDGE_CURVE('',#2166,#2110,#1766,.T.);
#1506=EDGE_CURVE('',#2169,#2115,#1767,.T.);
#1507=EDGE_CURVE('',#2167,#2116,#1768,.T.);
#1508=EDGE_CURVE('',#2160,#2161,#1769,.T.);
#1509=EDGE_CURVE('',#2163,#2162,#1770,.T.);
#1510=EDGE_CURVE('',#2140,#2156,#1771,.T.);
#1511=EDGE_CURVE('',#2141,#2158,#1772,.T.);
#1512=EDGE_CURVE('',#2154,#2157,#1773,.T.);
#1513=EDGE_CURVE('',#2155,#2159,#1774,.T.);
#1514=EDGE_CURVE('',#2171,#2210,#1775,.T.);
#1515=EDGE_CURVE('',#2172,#2106,#1776,.T.);
#1516=EDGE_CURVE('',#2173,#2121,#1777,.T.);
#1517=EDGE_CURVE('',#2172,#2181,#1778,.T.);
#1518=EDGE_CURVE('',#2170,#2171,#1779,.T.);
#1519=EDGE_CURVE('',#2170,#2172,#1780,.T.);
#1520=EDGE_CURVE('',#2173,#2171,#1781,.T.);
#1521=EDGE_CURVE('',#2175,#2218,#1782,.T.);
#1522=EDGE_CURVE('',#2176,#2114,#1783,.T.);
#1523=EDGE_CURVE('',#2177,#2122,#1784,.T.);
#1524=EDGE_CURVE('',#2174,#2175,#1785,.T.);
#1525=EDGE_CURVE('',#2177,#2188,#1786,.T.);
#1526=EDGE_CURVE('',#2176,#2175,#1787,.T.);
#1527=EDGE_CURVE('',#2174,#2177,#1788,.T.);
#1528=EDGE_CURVE('',#2178,#2178,#1950,.T.);
#1529=EDGE_CURVE('',#2178,#2183,#1951,.T.);
#1530=EDGE_CURVE('',#2179,#2179,#1952,.T.);
#1531=EDGE_CURVE('',#2180,#2180,#1953,.T.);
#1532=EDGE_CURVE('',#2181,#2182,#1789,.T.);
#1533=EDGE_CURVE('',#2182,#2183,#1790,.T.);
#1534=EDGE_CURVE('',#2183,#2181,#1791,.T.);
#1535=EDGE_CURVE('',#2182,#2173,#1792,.T.);
#1536=EDGE_CURVE('',#2180,#2179,#1954,.T.);
#1537=EDGE_CURVE('',#2184,#2184,#1955,.T.);
#1538=EDGE_CURVE('',#2184,#2189,#1956,.T.);
#1539=EDGE_CURVE('',#2185,#2185,#1957,.T.);
#1540=EDGE_CURVE('',#2186,#2186,#1958,.T.);
#1541=EDGE_CURVE('',#2187,#2188,#1793,.T.);
#1542=EDGE_CURVE('',#2188,#2189,#1794,.T.);
#1543=EDGE_CURVE('',#2189,#2187,#1795,.T.);
#1544=EDGE_CURVE('',#2187,#2176,#1796,.T.);
#1545=EDGE_CURVE('',#2186,#2185,#1959,.T.);
#1546=EDGE_CURVE('',#2190,#2191,#1960,.T.);
#1547=EDGE_CURVE('',#2190,#2192,#1961,.T.);
#1548=EDGE_CURVE('',#2193,#2191,#1797,.T.);
#1549=EDGE_CURVE('',#2194,#2197,#1962,.T.);
#1550=EDGE_CURVE('',#2195,#2202,#1963,.T.);
#1551=EDGE_CURVE('',#2193,#2195,#1964,.T.);
#1552=EDGE_CURVE('',#2191,#2168,#1798,.T.);
#1553=EDGE_CURVE('',#2192,#2167,#1799,.T.);
#1554=EDGE_CURVE('',#2195,#2194,#1965,.T.);
#1555=EDGE_CURVE('',#2198,#2192,#1966,.T.);
#1556=EDGE_CURVE('',#2199,#2219,#1800,.T.);
#1557=EDGE_CURVE('',#2197,#2198,#1967,.T.);
#1558=EDGE_CURVE('',#2196,#2199,#1801,.T.);
#1559=EDGE_CURVE('',#2197,#2196,#1802,.T.);
#1560=EDGE_CURVE('',#2199,#2198,#1803,.T.);
#1561=EDGE_CURVE('',#2201,#2194,#1968,.T.);
#1562=EDGE_CURVE('',#2203,#2211,#1804,.T.);
#1563=EDGE_CURVE('',#2200,#2203,#1805,.T.);
#1564=EDGE_CURVE('',#2202,#2201,#1969,.T.);
#1565=EDGE_CURVE('',#2202,#2200,#1806,.T.);
#1566=EDGE_CURVE('',#2203,#2201,#1807,.T.);
#1567=EDGE_CURVE('',#2204,#2170,#1808,.T.);
#1568=EDGE_CURVE('',#2205,#2200,#1809,.T.);
#1569=EDGE_CURVE('',#2207,#2206,#1810,.T.);
#1570=EDGE_CURVE('',#2209,#2208,#1811,.T.);
#1571=EDGE_CURVE('',#2209,#2207,#1812,.T.);
#1572=EDGE_CURVE('',#2208,#2206,#1813,.T.);
#1573=EDGE_CURVE('',#2211,#2205,#1814,.T.);
#1574=EDGE_CURVE('',#2210,#2204,#1815,.T.);
#1575=EDGE_CURVE('',#2207,#2204,#1816,.T.);
#1576=EDGE_CURVE('',#2210,#2209,#1817,.T.);
#1577=EDGE_CURVE('',#2205,#2206,#1818,.T.);
#1578=EDGE_CURVE('',#2208,#2211,#1819,.T.);
#1579=EDGE_CURVE('',#2213,#2212,#1820,.T.);
#1580=EDGE_CURVE('',#2215,#2214,#1821,.T.);
#1581=EDGE_CURVE('',#2216,#2174,#1822,.T.);
#1582=EDGE_CURVE('',#2217,#2196,#1823,.T.);
#1583=EDGE_CURVE('',#2213,#2215,#1824,.T.);
#1584=EDGE_CURVE('',#2212,#2214,#1825,.T.);
#1585=EDGE_CURVE('',#2218,#2216,#1826,.T.);
#1586=EDGE_CURVE('',#2219,#2217,#1827,.T.);
#1587=EDGE_CURVE('',#2218,#2213,#1828,.T.);
#1588=EDGE_CURVE('',#2215,#2216,#1829,.T.);
#1589=EDGE_CURVE('',#2212,#2219,#1830,.T.);
#1590=EDGE_CURVE('',#2217,#2214,#1831,.T.);
#1591=EDGE_CURVE('',#2220,#2220,#1970,.T.);
#1592=EDGE_CURVE('',#2221,#2221,#1971,.T.);
#1593=EDGE_CURVE('',#2220,#2221,#1972,.T.);
#1594=B_SPLINE_CURVE_WITH_KNOTS('',1,(#3123,#3124),.UNSPECIFIED.,.F.,.F.,
(2,2),(1.21,8.00000000000001),.UNSPECIFIED.);
#1595=B_SPLINE_CURVE_WITH_KNOTS('',1,(#3132,#3133),.UNSPECIFIED.,.F.,.F.,
(2,2),(-1.14143190751,1.14143190732247),.UNSPECIFIED.);
#1596=B_SPLINE_CURVE_WITH_KNOTS('',1,(#3149,#3150),.UNSPECIFIED.,.F.,.F.,
(2,2),(1.73472347597681E-18,0.00488479772545258),.UNSPECIFIED.);
#1597=B_SPLINE_CURVE_WITH_KNOTS('',5,(#3157,#3158,#3159,#3160,#3161,#3162),
 .UNSPECIFIED.,.F.,.F.,(6,6),(0.,1.),.UNSPECIFIED.);
#1598=B_SPLINE_CURVE_WITH_KNOTS('',5,(#3163,#3164,#3165,#3166,#3167,#3168),
 .UNSPECIFIED.,.F.,.F.,(6,6),(0.,1.),.UNSPECIFIED.);
#1599=B_SPLINE_CURVE_WITH_KNOTS('',1,(#3181,#3182),.UNSPECIFIED.,.F.,.F.,
(2,2),(0.,4.78999999999999),.UNSPECIFIED.);
#1600=B_SPLINE_CURVE_WITH_KNOTS('',1,(#3183,#3184),.UNSPECIFIED.,.F.,.F.,
(2,2),(-26.2354465475548,-21.4454465475548),.UNSPECIFIED.);
#1601=B_SPLINE_CURVE_WITH_KNOTS('',1,(#3185,#3186),.UNSPECIFIED.,.F.,.F.,
(2,2),(4.78999999999999,21.4454465475548),.UNSPECIFIED.);
#1602=B_SPLINE_CURVE_WITH_KNOTS('',3,(#3193,#3194,#3195,#3196),
 .UNSPECIFIED.,.F.,.F.,(4,4),(0.,3.46340713180619),.UNSPECIFIED.);
#1603=B_SPLINE_CURVE_WITH_KNOTS('',3,(#3197,#3198,#3199,#3200,#3201,#3202,
#3203,#3204,#3205,#3206,#3207,#3208),.UNSPECIFIED.,.F.,.F.,(4,3,2,3,4),
(3.46340713180619,6.11943131853236,9.76007216588442,13.390012642134,13.6817460034199),
 .UNSPECIFIED.);
#1604=B_SPLINE_CURVE_WITH_KNOTS('',3,(#3209,#3210,#3211,#3212,#3213,#3214),
 .UNSPECIFIED.,.F.,.F.,(4,2,4),(0.,3.38224400521184,6.76733079500416),
 .UNSPECIFIED.);
#1605=B_SPLINE_CURVE_WITH_KNOTS('',1,(#3220,#3221),.UNSPECIFIED.,.F.,.F.,
(2,2),(-11.5575559990641,-6.77737042170078),.UNSPECIFIED.);
#1606=B_SPLINE_CURVE_WITH_KNOTS('',1,(#3224,#3225),.UNSPECIFIED.,.F.,.F.,
(2,2),(3.00000000000004,5.99999999999998),.UNSPECIFIED.);
#1607=B_SPLINE_CURVE_WITH_KNOTS('',5,(#3226,#3227,#3228,#3229,#3230,#3231),
 .UNSPECIFIED.,.F.,.F.,(6,6),(0.,8.08019889396816),.UNSPECIFIED.);
#1608=B_SPLINE_CURVE_WITH_KNOTS('',1,(#3237,#3238),.UNSPECIFIED.,.F.,.F.,
(2,2),(0.,3.),.UNSPECIFIED.);
#1609=B_SPLINE_CURVE_WITH_KNOTS('',1,(#3239,#3240),.UNSPECIFIED.,.F.,.F.,
(2,2),(-1.14143190750998,1.14143190750999),.UNSPECIFIED.);
#1610=B_SPLINE_CURVE_WITH_KNOTS('',5,(#3241,#3242,#3243,#3244,#3245,#3246),
 .UNSPECIFIED.,.F.,.F.,(6,6),(-8.08019889396713,0.),.UNSPECIFIED.);
#1611=B_SPLINE_CURVE_WITH_KNOTS('',1,(#3247,#3248),.UNSPECIFIED.,.F.,.F.,
(2,2),(-1.14143190751007,1.14143190732227),.UNSPECIFIED.);
#1612=B_SPLINE_CURVE_WITH_KNOTS('',1,(#3249,#3250),.UNSPECIFIED.,.F.,.F.,
(2,2),(10.1618732457295,10.8886261354488),.UNSPECIFIED.);
#1613=B_SPLINE_CURVE_WITH_KNOTS('',1,(#3251,#3252),.UNSPECIFIED.,.F.,.F.,
(2,2),(-5.32907051820075E-15,2.99999999999999),.UNSPECIFIED.);
#1614=B_SPLINE_CURVE_WITH_KNOTS('',1,(#3253,#3254),.UNSPECIFIED.,.F.,.F.,
(2,2),(-3.46389583683049E-14,2.99999999999996),.UNSPECIFIED.);
#1615=B_SPLINE_CURVE_WITH_KNOTS('',5,(#3257,#3258,#3259,#3260,#3261,#3262),
 .UNSPECIFIED.,.F.,.F.,(6,6),(0.,3.15784609565709),.UNSPECIFIED.);
#1616=B_SPLINE_CURVE_WITH_KNOTS('',1,(#3263,#3264),.UNSPECIFIED.,.F.,.F.,
(2,2),(-10.8886261354486,-10.1618732457296),.UNSPECIFIED.);
#1617=B_SPLINE_CURVE_WITH_KNOTS('',1,(#3270,#3271),.UNSPECIFIED.,.F.,.F.,
(2,2),(6.77737042170055,11.5575559990641),.UNSPECIFIED.);
#1618=B_SPLINE_CURVE_WITH_KNOTS('',1,(#3272,#3273),.UNSPECIFIED.,.F.,.F.,
(2,2),(3.00000000000003,6.00000000000006),.UNSPECIFIED.);
#1619=B_SPLINE_CURVE_WITH_KNOTS('',1,(#3274,#3275),.UNSPECIFIED.,.F.,.F.,
(2,2),(3.00000000000003,6.00000000000001),.UNSPECIFIED.);
#1620=B_SPLINE_CURVE_WITH_KNOTS('',1,(#3276,#3277),.UNSPECIFIED.,.F.,.F.,
(2,2),(3.00000000000004,6.00000000000003),.UNSPECIFIED.);
#1621=B_SPLINE_CURVE_WITH_KNOTS('',1,(#3280,#3281),.UNSPECIFIED.,.F.,.F.,
(2,2),(3.00000000000007,6.00000000000004),.UNSPECIFIED.);
#1622=B_SPLINE_CURVE_WITH_KNOTS('',5,(#3282,#3283,#3284,#3285,#3286,#3287),
 .UNSPECIFIED.,.F.,.F.,(6,6),(0.,7.13938784694672),.UNSPECIFIED.);
#1623=B_SPLINE_CURVE_WITH_KNOTS('',5,(#3288,#3289,#3290,#3291,#3292,#3293),
 .UNSPECIFIED.,.F.,.F.,(6,6),(-3.15784609565719,0.),.UNSPECIFIED.);
#1624=B_SPLINE_CURVE_WITH_KNOTS('',5,(#3294,#3295,#3296,#3297,#3298,#3299),
 .UNSPECIFIED.,.F.,.F.,(6,6),(-8.08019889396713,0.),.UNSPECIFIED.);
#1625=B_SPLINE_CURVE_WITH_KNOTS('',1,(#3305,#3306),.UNSPECIFIED.,.F.,.F.,
(2,2),(0.,2.99999999999998),.UNSPECIFIED.);
#1626=B_SPLINE_CURVE_WITH_KNOTS('',5,(#3307,#3308,#3309,#3310,#3311,#3312),
 .UNSPECIFIED.,.F.,.F.,(6,6),(-7.13938784694811,0.),.UNSPECIFIED.);
#1627=B_SPLINE_CURVE_WITH_KNOTS('',1,(#3313,#3314),.UNSPECIFIED.,.F.,.F.,
(2,2),(8.88178419700125E-15,3.00000000000001),.UNSPECIFIED.);
#1628=B_SPLINE_CURVE_WITH_KNOTS('',5,(#3315,#3316,#3317,#3318,#3319,#3320),
 .UNSPECIFIED.,.F.,.F.,(6,6),(-1.,0.),.UNSPECIFIED.);
#1629=B_SPLINE_CURVE_WITH_KNOTS('',5,(#3324,#3325,#3326,#3327,#3328,#3329),
 .UNSPECIFIED.,.F.,.F.,(6,6),(0.,1.),.UNSPECIFIED.);
#1630=B_SPLINE_CURVE_WITH_KNOTS('',5,(#3330,#3331,#3332,#3333,#3334,#3335),
 .UNSPECIFIED.,.F.,.F.,(6,6),(-1.,0.),.UNSPECIFIED.);
#1631=B_SPLINE_CURVE_WITH_KNOTS('',1,(#3343,#3344),.UNSPECIFIED.,.F.,.F.,
(2,2),(0.,6.79),.UNSPECIFIED.);
#1632=B_SPLINE_CURVE_WITH_KNOTS('',5,(#3345,#3346,#3347,#3348,#3349,#3350),
 .UNSPECIFIED.,.F.,.F.,(6,6),(-1.,0.),.UNSPECIFIED.);
#1633=B_SPLINE_CURVE_WITH_KNOTS('',5,(#3351,#3352,#3353,#3354,#3355,#3356),
 .UNSPECIFIED.,.F.,.F.,(6,6),(-1.,0.),.UNSPECIFIED.);
#1634=B_SPLINE_CURVE_WITH_KNOTS('',1,(#3363,#3364),.UNSPECIFIED.,.F.,.F.,
(2,2),(1.21,8.00000000000001),.UNSPECIFIED.);
#1635=B_SPLINE_CURVE_WITH_KNOTS('',1,(#3372,#3373),.UNSPECIFIED.,.F.,.F.,
(2,2),(5.77315972805081E-15,6.79000000000001),.UNSPECIFIED.);
#1636=B_SPLINE_CURVE_WITH_KNOTS('',5,(#3374,#3375,#3376,#3377,#3378,#3379),
 .UNSPECIFIED.,.F.,.F.,(6,6),(-1.,0.),.UNSPECIFIED.);
#1637=B_SPLINE_CURVE_WITH_KNOTS('',1,(#3380,#3381),.UNSPECIFIED.,.F.,.F.,
(2,2),(10.2150482784317,12.7459576634781),.UNSPECIFIED.);
#1638=B_SPLINE_CURVE_WITH_KNOTS('',5,(#3382,#3383,#3384,#3385,#3386,#3387),
 .UNSPECIFIED.,.F.,.F.,(6,6),(0.,1.),.UNSPECIFIED.);
#1639=B_SPLINE_CURVE_WITH_KNOTS('',1,(#3397,#3398),.UNSPECIFIED.,.F.,.F.,
(2,2),(5.77315972805081E-15,6.79),.UNSPECIFIED.);
#1640=B_SPLINE_CURVE_WITH_KNOTS('',5,(#3399,#3400,#3401,#3402,#3403,#3404),
 .UNSPECIFIED.,.F.,.F.,(6,6),(-1.,0.),.UNSPECIFIED.);
#1641=B_SPLINE_CURVE_WITH_KNOTS('',1,(#3405,#3406),.UNSPECIFIED.,.F.,.F.,
(2,2),(5.62284709004712,8.15375647509626),.UNSPECIFIED.);
#1642=B_SPLINE_CURVE_WITH_KNOTS('',5,(#3407,#3408,#3409,#3410,#3411,#3412),
 .UNSPECIFIED.,.F.,.F.,(6,6),(0.,1.),.UNSPECIFIED.);
#1643=B_SPLINE_CURVE_WITH_KNOTS('',1,(#3413,#3414),.UNSPECIFIED.,.F.,.F.,
(2,2),(1.03064590166947,3.5615552867159),.UNSPECIFIED.);
#1644=B_SPLINE_CURVE_WITH_KNOTS('',5,(#3415,#3416,#3417,#3418,#3419,#3420),
 .UNSPECIFIED.,.F.,.F.,(6,6),(0.,1.),.UNSPECIFIED.);
#1645=B_SPLINE_CURVE_WITH_KNOTS('',1,(#3430,#3431),.UNSPECIFIED.,.F.,.F.,
(2,2),(0.,6.79),.UNSPECIFIED.);
#1646=B_SPLINE_CURVE_WITH_KNOTS('',5,(#3432,#3433,#3434,#3435,#3436,#3437),
 .UNSPECIFIED.,.F.,.F.,(6,6),(-1.,0.),.UNSPECIFIED.);
#1647=B_SPLINE_CURVE_WITH_KNOTS('',5,(#3438,#3439,#3440,#3441,#3442,#3443),
 .UNSPECIFIED.,.F.,.F.,(6,6),(0.,7.13938784694672),.UNSPECIFIED.);
#1648=B_SPLINE_CURVE_WITH_KNOTS('',5,(#3444,#3445,#3446,#3447,#3448,#3449),
 .UNSPECIFIED.,.F.,.F.,(6,6),(0.,3.15784609565719),.UNSPECIFIED.);
#1649=B_SPLINE_CURVE_WITH_KNOTS('',5,(#3450,#3451,#3452,#3453,#3454,#3455),
 .UNSPECIFIED.,.F.,.F.,(6,6),(-7.13938784694811,0.),.UNSPECIFIED.);
#1650=B_SPLINE_CURVE_WITH_KNOTS('',1,(#3479,#3480),.UNSPECIFIED.,.F.,.F.,
(2,2),(1.20999999999999,8.00000000000001),.UNSPECIFIED.);
#1651=B_SPLINE_CURVE_WITH_KNOTS('',5,(#3481,#3482,#3483,#3484,#3485,#3486),
 .UNSPECIFIED.,.F.,.F.,(6,6),(0.,8.08019889396816),.UNSPECIFIED.);
#1652=B_SPLINE_CURVE_WITH_KNOTS('',5,(#3490,#3491,#3492,#3493,#3494,#3495),
 .UNSPECIFIED.,.F.,.F.,(6,6),(-1.,0.),.UNSPECIFIED.);
#1653=B_SPLINE_CURVE_WITH_KNOTS('',1,(#3496,#3497),.UNSPECIFIED.,.F.,.F.,
(2,2),(13.8160766137415,19.8111918160161),.UNSPECIFIED.);
#1654=B_SPLINE_CURVE_WITH_KNOTS('',5,(#3498,#3499,#3500,#3501,#3502,#3503),
 .UNSPECIFIED.,.F.,.F.,(6,6),(-3.15784609565709,0.),.UNSPECIFIED.);
#1655=B_SPLINE_CURVE_WITH_KNOTS('',1,(#3509,#3510),.UNSPECIFIED.,.F.,.F.,
(2,2),(1.21,8.00000000000001),.UNSPECIFIED.);
#1656=B_SPLINE_CURVE_WITH_KNOTS('',1,(#3518,#3519),.UNSPECIFIED.,.F.,.F.,
(2,2),(-1.14143190751,1.14143190732247),.UNSPECIFIED.);
#1657=B_SPLINE_CURVE_WITH_KNOTS('',1,(#3532,#3533),.UNSPECIFIED.,.F.,.F.,
(2,2),(1.73472347597681E-18,0.00488479772545258),.UNSPECIFIED.);
#1658=B_SPLINE_CURVE_WITH_KNOTS('',5,(#3540,#3541,#3542,#3543,#3544,#3545),
 .UNSPECIFIED.,.F.,.F.,(6,6),(0.,1.),.UNSPECIFIED.);
#1659=B_SPLINE_CURVE_WITH_KNOTS('',5,(#3546,#3547,#3548,#3549,#3550,#3551),
 .UNSPECIFIED.,.F.,.F.,(6,6),(0.,1.),.UNSPECIFIED.);
#1660=B_SPLINE_CURVE_WITH_KNOTS('',1,(#3564,#3565),.UNSPECIFIED.,.F.,.F.,
(2,2),(0.,4.78999999999999),.UNSPECIFIED.);
#1661=B_SPLINE_CURVE_WITH_KNOTS('',1,(#3566,#3567),.UNSPECIFIED.,.F.,.F.,
(2,2),(-26.2354465475548,-21.4454465475548),.UNSPECIFIED.);
#1662=B_SPLINE_CURVE_WITH_KNOTS('',1,(#3568,#3569),.UNSPECIFIED.,.F.,.F.,
(2,2),(4.78999999999999,21.4454465475548),.UNSPECIFIED.);
#1663=B_SPLINE_CURVE_WITH_KNOTS('',3,(#3576,#3577,#3578,#3579),
 .UNSPECIFIED.,.F.,.F.,(4,4),(0.,3.46340713180619),.UNSPECIFIED.);
#1664=B_SPLINE_CURVE_WITH_KNOTS('',3,(#3580,#3581,#3582,#3583,#3584,#3585,
#3586,#3587,#3588,#3589,#3590,#3591),.UNSPECIFIED.,.F.,.F.,(4,3,2,3,4),
(3.46340713180619,6.11943131853236,9.76007216588442,13.390012642134,13.6817460034199),
 .UNSPECIFIED.);
#1665=B_SPLINE_CURVE_WITH_KNOTS('',3,(#3592,#3593,#3594,#3595,#3596,#3597),
 .UNSPECIFIED.,.F.,.F.,(4,2,4),(0.,3.38224400521184,6.76733079500416),
 .UNSPECIFIED.);
#1666=B_SPLINE_CURVE_WITH_KNOTS('',1,(#3603,#3604),.UNSPECIFIED.,.F.,.F.,
(2,2),(-11.5575559990641,-6.77737042170078),.UNSPECIFIED.);
#1667=B_SPLINE_CURVE_WITH_KNOTS('',1,(#3607,#3608),.UNSPECIFIED.,.F.,.F.,
(2,2),(3.00000000000004,5.99999999999998),.UNSPECIFIED.);
#1668=B_SPLINE_CURVE_WITH_KNOTS('',5,(#3609,#3610,#3611,#3612,#3613,#3614),
 .UNSPECIFIED.,.F.,.F.,(6,6),(0.,8.08019889396816),.UNSPECIFIED.);
#1669=B_SPLINE_CURVE_WITH_KNOTS('',1,(#3620,#3621),.UNSPECIFIED.,.F.,.F.,
(2,2),(0.,3.),.UNSPECIFIED.);
#1670=B_SPLINE_CURVE_WITH_KNOTS('',1,(#3622,#3623),.UNSPECIFIED.,.F.,.F.,
(2,2),(-1.14143190750998,1.14143190750999),.UNSPECIFIED.);
#1671=B_SPLINE_CURVE_WITH_KNOTS('',5,(#3624,#3625,#3626,#3627,#3628,#3629),
 .UNSPECIFIED.,.F.,.F.,(6,6),(-8.08019889396713,0.),.UNSPECIFIED.);
#1672=B_SPLINE_CURVE_WITH_KNOTS('',1,(#3630,#3631),.UNSPECIFIED.,.F.,.F.,
(2,2),(-1.14143190751007,1.14143190732227),.UNSPECIFIED.);
#1673=B_SPLINE_CURVE_WITH_KNOTS('',1,(#3632,#3633),.UNSPECIFIED.,.F.,.F.,
(2,2),(10.1618732457295,10.8886261354488),.UNSPECIFIED.);
#1674=B_SPLINE_CURVE_WITH_KNOTS('',1,(#3634,#3635),.UNSPECIFIED.,.F.,.F.,
(2,2),(-5.32907051820075E-15,2.99999999999999),.UNSPECIFIED.);
#1675=B_SPLINE_CURVE_WITH_KNOTS('',1,(#3636,#3637),.UNSPECIFIED.,.F.,.F.,
(2,2),(-3.46389583683049E-14,2.99999999999996),.UNSPECIFIED.);
#1676=B_SPLINE_CURVE_WITH_KNOTS('',5,(#3640,#3641,#3642,#3643,#3644,#3645),
 .UNSPECIFIED.,.F.,.F.,(6,6),(0.,3.15784609565709),.UNSPECIFIED.);
#1677=B_SPLINE_CURVE_WITH_KNOTS('',1,(#3646,#3647),.UNSPECIFIED.,.F.,.F.,
(2,2),(-10.8886261354486,-10.1618732457296),.UNSPECIFIED.);
#1678=B_SPLINE_CURVE_WITH_KNOTS('',1,(#3648,#3649),.UNSPECIFIED.,.F.,.F.,
(2,2),(6.77737042170055,11.5575559990641),.UNSPECIFIED.);
#1679=B_SPLINE_CURVE_WITH_KNOTS('',1,(#3650,#3651),.UNSPECIFIED.,.F.,.F.,
(2,2),(3.00000000000003,6.00000000000006),.UNSPECIFIED.);
#1680=B_SPLINE_CURVE_WITH_KNOTS('',1,(#3652,#3653),.UNSPECIFIED.,.F.,.F.,
(2,2),(3.00000000000003,6.00000000000001),.UNSPECIFIED.);
#1681=B_SPLINE_CURVE_WITH_KNOTS('',1,(#3654,#3655),.UNSPECIFIED.,.F.,.F.,
(2,2),(3.00000000000004,6.00000000000003),.UNSPECIFIED.);
#1682=B_SPLINE_CURVE_WITH_KNOTS('',1,(#3656,#3657),.UNSPECIFIED.,.F.,.F.,
(2,2),(3.00000000000007,6.00000000000004),.UNSPECIFIED.);
#1683=B_SPLINE_CURVE_WITH_KNOTS('',5,(#3658,#3659,#3660,#3661,#3662,#3663),
 .UNSPECIFIED.,.F.,.F.,(6,6),(0.,7.13938784694672),.UNSPECIFIED.);
#1684=B_SPLINE_CURVE_WITH_KNOTS('',5,(#3664,#3665,#3666,#3667,#3668,#3669),
 .UNSPECIFIED.,.F.,.F.,(6,6),(-3.15784609565719,0.),.UNSPECIFIED.);
#1685=B_SPLINE_CURVE_WITH_KNOTS('',1,(#3675,#3676),.UNSPECIFIED.,.F.,.F.,
(2,2),(0.,2.99999999999998),.UNSPECIFIED.);
#1686=B_SPLINE_CURVE_WITH_KNOTS('',5,(#3677,#3678,#3679,#3680,#3681,#3682),
 .UNSPECIFIED.,.F.,.F.,(6,6),(-7.13938784694811,0.),.UNSPECIFIED.);
#1687=B_SPLINE_CURVE_WITH_KNOTS('',1,(#3683,#3684),.UNSPECIFIED.,.F.,.F.,
(2,2),(8.88178419700125E-15,3.00000000000001),.UNSPECIFIED.);
#1688=B_SPLINE_CURVE_WITH_KNOTS('',5,(#3685,#3686,#3687,#3688,#3689,#3690),
 .UNSPECIFIED.,.F.,.F.,(6,6),(-1.,0.),.UNSPECIFIED.);
#1689=B_SPLINE_CURVE_WITH_KNOTS('',5,(#3694,#3695,#3696,#3697,#3698,#3699),
 .UNSPECIFIED.,.F.,.F.,(6,6),(0.,1.),.UNSPECIFIED.);
#1690=B_SPLINE_CURVE_WITH_KNOTS('',5,(#3700,#3701,#3702,#3703,#3704,#3705),
 .UNSPECIFIED.,.F.,.F.,(6,6),(-1.,0.),.UNSPECIFIED.);
#1691=B_SPLINE_CURVE_WITH_KNOTS('',1,(#3713,#3714),.UNSPECIFIED.,.F.,.F.,
(2,2),(0.,6.79),.UNSPECIFIED.);
#1692=B_SPLINE_CURVE_WITH_KNOTS('',5,(#3715,#3716,#3717,#3718,#3719,#3720),
 .UNSPECIFIED.,.F.,.F.,(6,6),(-1.,0.),.UNSPECIFIED.);
#1693=B_SPLINE_CURVE_WITH_KNOTS('',5,(#3721,#3722,#3723,#3724,#3725,#3726),
 .UNSPECIFIED.,.F.,.F.,(6,6),(-1.,0.),.UNSPECIFIED.);
#1694=B_SPLINE_CURVE_WITH_KNOTS('',1,(#3733,#3734),.UNSPECIFIED.,.F.,.F.,
(2,2),(1.21,8.00000000000001),.UNSPECIFIED.);
#1695=B_SPLINE_CURVE_WITH_KNOTS('',1,(#3742,#3743),.UNSPECIFIED.,.F.,.F.,
(2,2),(5.77315972805081E-15,6.79000000000001),.UNSPECIFIED.);
#1696=B_SPLINE_CURVE_WITH_KNOTS('',5,(#3744,#3745,#3746,#3747,#3748,#3749),
 .UNSPECIFIED.,.F.,.F.,(6,6),(-1.,0.),.UNSPECIFIED.);
#1697=B_SPLINE_CURVE_WITH_KNOTS('',1,(#3750,#3751),.UNSPECIFIED.,.F.,.F.,
(2,2),(10.2150482784317,12.7459576634781),.UNSPECIFIED.);
#1698=B_SPLINE_CURVE_WITH_KNOTS('',5,(#3752,#3753,#3754,#3755,#3756,#3757),
 .UNSPECIFIED.,.F.,.F.,(6,6),(0.,1.),.UNSPECIFIED.);
#1699=B_SPLINE_CURVE_WITH_KNOTS('',1,(#3767,#3768),.UNSPECIFIED.,.F.,.F.,
(2,2),(5.77315972805081E-15,6.79),.UNSPECIFIED.);
#1700=B_SPLINE_CURVE_WITH_KNOTS('',5,(#3769,#3770,#3771,#3772,#3773,#3774),
 .UNSPECIFIED.,.F.,.F.,(6,6),(-1.,0.),.UNSPECIFIED.);
#1701=B_SPLINE_CURVE_WITH_KNOTS('',1,(#3775,#3776),.UNSPECIFIED.,.F.,.F.,
(2,2),(5.62284709004712,8.15375647509626),.UNSPECIFIED.);
#1702=B_SPLINE_CURVE_WITH_KNOTS('',5,(#3777,#3778,#3779,#3780,#3781,#3782),
 .UNSPECIFIED.,.F.,.F.,(6,6),(0.,1.),.UNSPECIFIED.);
#1703=B_SPLINE_CURVE_WITH_KNOTS('',1,(#3783,#3784),.UNSPECIFIED.,.F.,.F.,
(2,2),(1.03064590166947,3.5615552867159),.UNSPECIFIED.);
#1704=B_SPLINE_CURVE_WITH_KNOTS('',5,(#3785,#3786,#3787,#3788,#3789,#3790),
 .UNSPECIFIED.,.F.,.F.,(6,6),(0.,1.),.UNSPECIFIED.);
#1705=B_SPLINE_CURVE_WITH_KNOTS('',1,(#3800,#3801),.UNSPECIFIED.,.F.,.F.,
(2,2),(0.,6.79),.UNSPECIFIED.);
#1706=B_SPLINE_CURVE_WITH_KNOTS('',5,(#3802,#3803,#3804,#3805,#3806,#3807),
 .UNSPECIFIED.,.F.,.F.,(6,6),(-1.,0.),.UNSPECIFIED.);
#1707=B_SPLINE_CURVE_WITH_KNOTS('',1,(#3831,#3832),.UNSPECIFIED.,.F.,.F.,
(2,2),(1.20999999999999,8.00000000000001),.UNSPECIFIED.);
#1708=B_SPLINE_CURVE_WITH_KNOTS('',5,(#3833,#3834,#3835,#3836,#3837,#3838),
 .UNSPECIFIED.,.F.,.F.,(6,6),(-1.,0.),.UNSPECIFIED.);
#1709=B_SPLINE_CURVE_WITH_KNOTS('',1,(#3839,#3840),.UNSPECIFIED.,.F.,.F.,
(2,2),(0.,3.41140347977372),.UNSPECIFIED.);
#1710=B_SPLINE_CURVE_WITH_KNOTS('',1,(#3841,#3842),.UNSPECIFIED.,.F.,.F.,
(2,2),(0.,3.41140347977375),.UNSPECIFIED.);
#1711=B_SPLINE_CURVE_WITH_KNOTS('',1,(#3843,#3844),.UNSPECIFIED.,.F.,.F.,
(2,2),(0.,2.28286264621704),.UNSPECIFIED.);
#1712=B_SPLINE_CURVE_WITH_KNOTS('',1,(#3845,#3846),.UNSPECIFIED.,.F.,.F.,
(2,2),(0.,2.28286264621698),.UNSPECIFIED.);
#1713=B_SPLINE_CURVE_WITH_KNOTS('',1,(#4291,#4292),.UNSPECIFIED.,.F.,.F.,
(2,2),(0.,4.),.UNSPECIFIED.);
#1714=B_SPLINE_CURVE_WITH_KNOTS('',5,(#4293,#4294,#4295,#4296,#4297,#4298),
 .UNSPECIFIED.,.F.,.F.,(6,6),(-127.723008797478,-118.308795235105),
 .UNSPECIFIED.);
#1715=B_SPLINE_CURVE_WITH_KNOTS('',1,(#4299,#4300),.UNSPECIFIED.,.F.,.F.,
(2,2),(0.,3.99999999999998),.UNSPECIFIED.);
#1716=B_SPLINE_CURVE_WITH_KNOTS('',5,(#4301,#4302,#4303,#4304,#4305,#4306),
 .UNSPECIFIED.,.F.,.F.,(6,6),(-118.308795235105,-117.20590796975),
 .UNSPECIFIED.);
#1717=B_SPLINE_CURVE_WITH_KNOTS('',1,(#4307,#4308),.UNSPECIFIED.,.F.,.F.,
(2,2),(0.,3.99999999999998),.UNSPECIFIED.);
#1718=B_SPLINE_CURVE_WITH_KNOTS('',5,(#4309,#4310,#4311,#4312,#4313,#4314),
 .UNSPECIFIED.,.F.,.F.,(6,6),(-117.20590796975,-112.261332299089),
 .UNSPECIFIED.);
#1719=B_SPLINE_CURVE_WITH_KNOTS('',1,(#4315,#4316),.UNSPECIFIED.,.F.,.F.,
(2,2),(-12.0683936011536,-8.06839360115363),.UNSPECIFIED.);
#1720=B_SPLINE_CURVE_WITH_KNOTS('',1,(#4317,#4318),.UNSPECIFIED.,.F.,.F.,
(2,2),(-12.0683936011536,-8.06839360115363),.UNSPECIFIED.);
#1721=B_SPLINE_CURVE_WITH_KNOTS('',1,(#4319,#4320),.UNSPECIFIED.,.F.,.F.,
(2,2),(0.,3.99999999999997),.UNSPECIFIED.);
#1722=B_SPLINE_CURVE_WITH_KNOTS('',5,(#4321,#4322,#4323,#4324,#4325,#4326),
 .UNSPECIFIED.,.F.,.F.,(6,6),(-93.9971446813922,-92.8942574160374),
 .UNSPECIFIED.);
#1723=B_SPLINE_CURVE_WITH_KNOTS('',1,(#4327,#4328),.UNSPECIFIED.,.F.,.F.,
(2,2),(0.,3.99999999999997),.UNSPECIFIED.);
#1724=B_SPLINE_CURVE_WITH_KNOTS('',5,(#4329,#4330,#4331,#4332,#4333,#4334),
 .UNSPECIFIED.,.F.,.F.,(6,6),(-92.8942574160374,-83.4800438536643),
 .UNSPECIFIED.);
#1725=B_SPLINE_CURVE_WITH_KNOTS('',1,(#4335,#4336),.UNSPECIFIED.,.F.,.F.,
(2,2),(-4.,0.),.UNSPECIFIED.);
#1726=B_SPLINE_CURVE_WITH_KNOTS('',5,(#4337,#4338,#4339,#4340,#4341,#4342),
 .UNSPECIFIED.,.F.,.F.,(6,6),(-98.9417221478975,-93.9971446813922),
 .UNSPECIFIED.);
#1727=B_SPLINE_CURVE_WITH_KNOTS('',1,(#4343,#4344),.UNSPECIFIED.,.F.,.F.,
(2,2),(0.,5.),.UNSPECIFIED.);
#1728=B_SPLINE_CURVE_WITH_KNOTS('',1,(#4345,#4346),.UNSPECIFIED.,.F.,.F.,
(2,2),(0.,10.0000004280471),.UNSPECIFIED.);
#1729=B_SPLINE_CURVE_WITH_KNOTS('',1,(#4347,#4348),.UNSPECIFIED.,.F.,.F.,
(2,2),(0.,5.),.UNSPECIFIED.);
#1730=B_SPLINE_CURVE_WITH_KNOTS('',1,(#4349,#4350),.UNSPECIFIED.,.F.,.F.,
(2,2),(0.,10.0000004280471),.UNSPECIFIED.);
#1731=B_SPLINE_CURVE_WITH_KNOTS('',5,(#4351,#4352,#4353,#4354,#4355,#4356),
 .UNSPECIFIED.,.F.,.F.,(6,6),(93.9971446813922,98.9417221478975),
 .UNSPECIFIED.);
#1732=B_SPLINE_CURVE_WITH_KNOTS('',5,(#4357,#4358,#4359,#4360,#4361,#4362),
 .UNSPECIFIED.,.F.,.F.,(6,6),(92.8942574160374,93.9971446813922),
 .UNSPECIFIED.);
#1733=B_SPLINE_CURVE_WITH_KNOTS('',5,(#4363,#4364,#4365,#4366,#4367,#4368),
 .UNSPECIFIED.,.F.,.F.,(6,6),(83.4800438536643,92.8942574160374),
 .UNSPECIFIED.);
#1734=B_SPLINE_CURVE_WITH_KNOTS('',5,(#4369,#4370,#4371,#4372,#4373,#4374),
 .UNSPECIFIED.,.F.,.F.,(6,6),(118.308795235105,127.723008797478),
 .UNSPECIFIED.);
#1735=B_SPLINE_CURVE_WITH_KNOTS('',5,(#4375,#4376,#4377,#4378,#4379,#4380),
 .UNSPECIFIED.,.F.,.F.,(6,6),(117.20590796975,118.308795235105),
 .UNSPECIFIED.);
#1736=B_SPLINE_CURVE_WITH_KNOTS('',5,(#4381,#4382,#4383,#4384,#4385,#4386),
 .UNSPECIFIED.,.F.,.F.,(6,6),(112.261332299089,117.20590796975),
 .UNSPECIFIED.);
#1737=B_SPLINE_CURVE_WITH_KNOTS('',5,(#4470,#4471,#4472,#4473,#4474,#4475),
 .UNSPECIFIED.,.F.,.F.,(6,6),(0.,0.482574623842383),.UNSPECIFIED.);
#1738=B_SPLINE_CURVE_WITH_KNOTS('',5,(#4476,#4477,#4478,#4479,#4480,#4481),
 .UNSPECIFIED.,.F.,.F.,(6,6),(0.,0.482574623842383),.UNSPECIFIED.);
#1739=B_SPLINE_CURVE_WITH_KNOTS('',5,(#4492,#4493,#4494,#4495,#4496,#4497),
 .UNSPECIFIED.,.F.,.F.,(6,6),(0.,0.482574623842385),.UNSPECIFIED.);
#1740=B_SPLINE_CURVE_WITH_KNOTS('',5,(#4498,#4499,#4500,#4501,#4502,#4503),
 .UNSPECIFIED.,.F.,.F.,(6,6),(0.,0.482574623842385),.UNSPECIFIED.);
#1741=B_SPLINE_CURVE_WITH_KNOTS('',5,(#4504,#4505,#4506,#4507,#4508,#4509),
 .UNSPECIFIED.,.F.,.F.,(6,6),(-0.482574623842396,0.),.UNSPECIFIED.);
#1742=B_SPLINE_CURVE_WITH_KNOTS('',5,(#4510,#4511,#4512,#4513,#4514,#4515),
 .UNSPECIFIED.,.F.,.F.,(6,6),(-0.482574623842396,0.),.UNSPECIFIED.);
#1743=B_SPLINE_CURVE_WITH_KNOTS('',1,(#4516,#4517),.UNSPECIFIED.,.F.,.F.,
(2,2),(0.,5.),.UNSPECIFIED.);
#1744=B_SPLINE_CURVE_WITH_KNOTS('',1,(#4518,#4519),.UNSPECIFIED.,.F.,.F.,
(2,2),(0.,5.),.UNSPECIFIED.);
#1745=B_SPLINE_CURVE_WITH_KNOTS('',1,(#4520,#4521),.UNSPECIFIED.,.F.,.F.,
(2,2),(0.,5.),.UNSPECIFIED.);
#1746=B_SPLINE_CURVE_WITH_KNOTS('',1,(#4532,#4533),.UNSPECIFIED.,.F.,.F.,
(2,2),(19.0161759937169,22.3136347017128),.UNSPECIFIED.);
#1747=B_SPLINE_CURVE_WITH_KNOTS('',1,(#4534,#4535),.UNSPECIFIED.,.F.,.F.,
(2,2),(19.0161759937169,22.3136347017128),.UNSPECIFIED.);
#1748=B_SPLINE_CURVE_WITH_KNOTS('',1,(#4536,#4537),.UNSPECIFIED.,.F.,.F.,
(2,2),(23.2589509154037,27.2552621567882),.UNSPECIFIED.);
#1749=B_SPLINE_CURVE_WITH_KNOTS('',1,(#4538,#4539),.UNSPECIFIED.,.F.,.F.,
(2,2),(23.2589509154037,27.2552621567882),.UNSPECIFIED.);
#1750=B_SPLINE_CURVE_WITH_KNOTS('',1,(#4540,#4541),.UNSPECIFIED.,.F.,.F.,
(2,2),(27.8511521037847,31.8474633451693),.UNSPECIFIED.);
#1751=B_SPLINE_CURVE_WITH_KNOTS('',1,(#4542,#4543),.UNSPECIFIED.,.F.,.F.,
(2,2),(27.8511521037847,31.8474633451693),.UNSPECIFIED.);
#1752=B_SPLINE_CURVE_WITH_KNOTS('',1,(#4574,#4575),.UNSPECIFIED.,.F.,.F.,
(2,2),(-1.15463194561016E-14,4.99999999999998),.UNSPECIFIED.);
#1753=B_SPLINE_CURVE_WITH_KNOTS('',1,(#4576,#4577),.UNSPECIFIED.,.F.,.F.,
(2,2),(-2.73114864057789E-14,4.99999999999998),.UNSPECIFIED.);
#1754=B_SPLINE_CURVE_WITH_KNOTS('',1,(#4578,#4579),.UNSPECIFIED.,.F.,.F.,
(2,2),(0.,5.),.UNSPECIFIED.);
#1755=B_SPLINE_CURVE_WITH_KNOTS('',1,(#4580,#4581),.UNSPECIFIED.,.F.,.F.,
(2,2),(0.,5.),.UNSPECIFIED.);
#1756=B_SPLINE_CURVE_WITH_KNOTS('',5,(#4582,#4583,#4584,#4585,#4586,#4587),
 .UNSPECIFIED.,.F.,.F.,(6,6),(-3.76568542494928,0.),.UNSPECIFIED.);
#1757=B_SPLINE_CURVE_WITH_KNOTS('',5,(#4588,#4589,#4590,#4591,#4592,#4593),
 .UNSPECIFIED.,.F.,.F.,(6,6),(-3.76568542494928,0.),.UNSPECIFIED.);
#1758=B_SPLINE_CURVE_WITH_KNOTS('',5,(#4594,#4595,#4596,#4597,#4598,#4599),
 .UNSPECIFIED.,.F.,.F.,(6,6),(0.,3.7656854249493),.UNSPECIFIED.);
#1759=B_SPLINE_CURVE_WITH_KNOTS('',5,(#4600,#4601,#4602,#4603,#4604,#4605),
 .UNSPECIFIED.,.F.,.F.,(6,6),(0.,3.7656854249493),.UNSPECIFIED.);
#1760=B_SPLINE_CURVE_WITH_KNOTS('',5,(#4617,#4618,#4619,#4620,#4621,#4622),
 .UNSPECIFIED.,.F.,.F.,(6,6),(0.,1.),.UNSPECIFIED.);
#1761=B_SPLINE_CURVE_WITH_KNOTS('',1,(#4632,#4633),.UNSPECIFIED.,.F.,.F.,
(2,2),(8.06839360115363,12.0683936011536),.UNSPECIFIED.);
#1762=B_SPLINE_CURVE_WITH_KNOTS('',1,(#4634,#4635),.UNSPECIFIED.,.F.,.F.,
(2,2),(0.,4.),.UNSPECIFIED.);
#1763=B_SPLINE_CURVE_WITH_KNOTS('',1,(#4636,#4637),.UNSPECIFIED.,.F.,.F.,
(2,2),(3.13124635481699,3.83966926087737),.UNSPECIFIED.);
#1764=B_SPLINE_CURVE_WITH_KNOTS('',1,(#4638,#4639),.UNSPECIFIED.,.F.,.F.,
(2,2),(12.6522824724895,14.3725424512303),.UNSPECIFIED.);
#1765=B_SPLINE_CURVE_WITH_KNOTS('',1,(#4640,#4641),.UNSPECIFIED.,.F.,.F.,
(2,2),(4.55488774184839,15.8374226752561),.UNSPECIFIED.);
#1766=B_SPLINE_CURVE_WITH_KNOTS('',1,(#4642,#4643),.UNSPECIFIED.,.F.,.F.,
(2,2),(4.55488774184839,15.8374226752561),.UNSPECIFIED.);
#1767=B_SPLINE_CURVE_WITH_KNOTS('',1,(#4644,#4645),.UNSPECIFIED.,.F.,.F.,
(2,2),(4.55488774184839,15.8374217935778),.UNSPECIFIED.);
#1768=B_SPLINE_CURVE_WITH_KNOTS('',1,(#4646,#4647),.UNSPECIFIED.,.F.,.F.,
(2,2),(4.55488774184839,15.8374217935778),.UNSPECIFIED.);
#1769=B_SPLINE_CURVE_WITH_KNOTS('',1,(#4648,#4649,#4650,#4651),
 .UNSPECIFIED.,.F.,.F.,(2,1,1,2),(2.1288339823203,2.9491672164599,7.05083338715789,
7.87116662129748),.UNSPECIFIED.);
#1770=B_SPLINE_CURVE_WITH_KNOTS('',1,(#4652,#4653,#4654,#4655),
 .UNSPECIFIED.,.F.,.F.,(2,1,1,2),(-7.87116662129749,-7.05083338715789,2.94916661284211,
3.76949984698171),.UNSPECIFIED.);
#1771=B_SPLINE_CURVE_WITH_KNOTS('',1,(#4656,#4657),.UNSPECIFIED.,.F.,.F.,
(2,2),(0.,4.71471685477165),.UNSPECIFIED.);
#1772=B_SPLINE_CURVE_WITH_KNOTS('',1,(#4658,#4659),.UNSPECIFIED.,.F.,.F.,
(2,2),(0.,4.71471685477164),.UNSPECIFIED.);
#1773=B_SPLINE_CURVE_WITH_KNOTS('',1,(#4660,#4661),.UNSPECIFIED.,.F.,.F.,
(2,2),(0.,5.02989707614433),.UNSPECIFIED.);
#1774=B_SPLINE_CURVE_WITH_KNOTS('',1,(#4662,#4663),.UNSPECIFIED.,.F.,.F.,
(2,2),(0.,5.02989707614433),.UNSPECIFIED.);
#1775=B_SPLINE_CURVE_WITH_KNOTS('',1,(#4664,#4665),.UNSPECIFIED.,.F.,.F.,
(2,2),(82.8167914838496,84.0194047101958),.UNSPECIFIED.);
#1776=B_SPLINE_CURVE_WITH_KNOTS('',1,(#4666,#4667),.UNSPECIFIED.,.F.,.F.,
(2,2),(8.67855528872663,28.0864021941392),.UNSPECIFIED.);
#1777=B_SPLINE_CURVE_WITH_KNOTS('',1,(#4668,#4669),.UNSPECIFIED.,.F.,.F.,
(2,2),(4.08725342611638,13.227575302124),.UNSPECIFIED.);
#1778=B_SPLINE_CURVE_WITH_KNOTS('',1,(#4670,#4671),.UNSPECIFIED.,.F.,.F.,
(2,2),(0.,4.54268850903314),.UNSPECIFIED.);
#1779=B_SPLINE_CURVE_WITH_KNOTS('',1,(#4672,#4673),.UNSPECIFIED.,.F.,.F.,
(2,2),(0.,16.),.UNSPECIFIED.);
#1780=B_SPLINE_CURVE_WITH_KNOTS('',5,(#4674,#4675,#4676,#4677,#4678,#4679),
 .UNSPECIFIED.,.F.,.F.,(6,6),(0.,7.98591775361914),.UNSPECIFIED.);
#1781=B_SPLINE_CURVE_WITH_KNOTS('',5,(#4680,#4681,#4682,#4683,#4684,#4685),
 .UNSPECIFIED.,.F.,.F.,(6,6),(-7.98591775361914,0.),.UNSPECIFIED.);
#1782=B_SPLINE_CURVE_WITH_KNOTS('',1,(#4686,#4687),.UNSPECIFIED.,.F.,.F.,
(2,2),(32.4364542943278,33.639067520674),.UNSPECIFIED.);
#1783=B_SPLINE_CURVE_WITH_KNOTS('',1,(#4688,#4689),.UNSPECIFIED.,.F.,.F.,
(2,2),(8.67855528872664,28.0864021941392),.UNSPECIFIED.);
#1784=B_SPLINE_CURVE_WITH_KNOTS('',1,(#4690,#4691),.UNSPECIFIED.,.F.,.F.,
(2,2),(4.08725342611638,13.227575302124),.UNSPECIFIED.);
#1785=B_SPLINE_CURVE_WITH_KNOTS('',1,(#4692,#4693),.UNSPECIFIED.,.F.,.F.,
(2,2),(0.,16.),.UNSPECIFIED.);
#1786=B_SPLINE_CURVE_WITH_KNOTS('',1,(#4694,#4695),.UNSPECIFIED.,.F.,.F.,
(2,2),(0.,4.54268850903315),.UNSPECIFIED.);
#1787=B_SPLINE_CURVE_WITH_KNOTS('',5,(#4696,#4697,#4698,#4699,#4700,#4701),
 .UNSPECIFIED.,.F.,.F.,(6,6),(-7.98591775361916,0.),.UNSPECIFIED.);
#1788=B_SPLINE_CURVE_WITH_KNOTS('',5,(#4702,#4703,#4704,#4705,#4706,#4707),
 .UNSPECIFIED.,.F.,.F.,(6,6),(0.,7.98591775361916),.UNSPECIFIED.);
#1789=B_SPLINE_CURVE_WITH_KNOTS('',3,(#4737,#4738,#4739,#4740,#4741,#4742,
#4743,#4744,#4745,#4746,#4747,#4748,#4749,#4750,#4751,#4752,#4753,#4754,
#4755,#4756,#4757,#4758,#4759,#4760,#4761,#4762,#4763),.UNSPECIFIED.,.F.,
 .F.,(4,2,2,2,2,2,3,2,2,2,2,2,4),(0.20369342803301,4.51763728047483,9.01332242514009,
13.4640338205353,15.7226876473614,16.8820058342034,17.9521528615192,19.0222998888353,
20.1816180756784,22.4402719025039,26.890983297899,31.386668442564,35.7006122950054),
 .UNSPECIFIED.);
#1790=B_SPLINE_CURVE_WITH_KNOTS('',3,(#4764,#4765,#4766,#4767,#4768,#4769),
 .UNSPECIFIED.,.F.,.F.,(4,2,4),(0.,1.12007027099356,2.23630368102452),
 .UNSPECIFIED.);
#1791=B_SPLINE_CURVE_WITH_KNOTS('',3,(#4770,#4771,#4772,#4773,#4774,#4775,
#4776,#4777,#4778,#4779,#4780,#4781,#4782,#4783,#4784,#4785,#4786,#4787,
#4788,#4789,#4790,#4791,#4792,#4793,#4794,#4795,#4796,#4797,#4798,#4799,
#4800,#4801,#4802,#4803,#4804,#4805),.UNSPECIFIED.,.F.,.F.,(4,2,2,2,2,2,
2,3,2,2,2,2,2,2,3,2,4),(0.,0.795432903849604,1.59903188631596,2.40386120093303,
3.20255018617029,4.21408844824844,5.22601971169475,6.29842440309969,7.37082909450442,
8.38276035795086,9.39429862002958,10.1929876052673,10.9978169198839,11.8014159023497,
12.5968488061994,13.7130822162305,14.8331524872239),.UNSPECIFIED.);
#1792=B_SPLINE_CURVE_WITH_KNOTS('',1,(#4806,#4807),.UNSPECIFIED.,.F.,.F.,
(2,2),(11.4573114909669,16.),.UNSPECIFIED.);
#1793=B_SPLINE_CURVE_WITH_KNOTS('',3,(#4839,#4840,#4841,#4842,#4843,#4844,
#4845,#4846,#4847,#4848,#4849,#4850,#4851,#4852,#4853,#4854,#4855,#4856,
#4857,#4858,#4859,#4860,#4861,#4862,#4863,#4864,#4865),.UNSPECIFIED.,.F.,
 .F.,(4,2,2,2,2,2,3,2,2,2,2,2,4),(0.203693428033101,4.51763728047484,9.01332242514023,
13.4640338205357,15.7226876473607,16.8820058342035,17.9521528615192,19.0222998888348,
20.1816180756772,22.4402719025018,26.8909832978973,31.3866684425636,35.7006122950052),
 .UNSPECIFIED.);
#1794=B_SPLINE_CURVE_WITH_KNOTS('',3,(#4866,#4867,#4868,#4869,#4870,#4871),
 .UNSPECIFIED.,.F.,.F.,(4,2,4),(0.,1.12007027099293,2.23630368102458),
 .UNSPECIFIED.);
#1795=B_SPLINE_CURVE_WITH_KNOTS('',3,(#4872,#4873,#4874,#4875,#4876,#4877,
#4878,#4879,#4880,#4881,#4882,#4883,#4884,#4885,#4886,#4887,#4888,#4889,
#4890,#4891,#4892,#4893,#4894,#4895,#4896,#4897,#4898,#4899,#4900,#4901,
#4902,#4903,#4904,#4905,#4906,#4907),.UNSPECIFIED.,.F.,.F.,(4,2,2,2,2,2,
2,3,2,2,2,2,2,2,3,2,4),(0.,0.795432903849708,1.59903188631575,2.40386120093263,
3.20255018616996,4.21408844824825,5.22601971169436,6.29842440309968,7.37082909450504,
8.38276035795112,9.39429862002936,10.1929876052668,10.9978169198836,11.8014159023497,
12.5968488061994,13.7130822162312,14.8331524872239),.UNSPECIFIED.);
#1796=B_SPLINE_CURVE_WITH_KNOTS('',1,(#4908,#4909),.UNSPECIFIED.,.F.,.F.,
(2,2),(11.4573114909669,16.),.UNSPECIFIED.);
#1797=B_SPLINE_CURVE_WITH_KNOTS('',1,(#4917,#4918),.UNSPECIFIED.,.F.,.F.,
(2,2),(0.,4.),.UNSPECIFIED.);
#1798=B_SPLINE_CURVE_WITH_KNOTS('',1,(#4930,#4931),.UNSPECIFIED.,.F.,.F.,
(2,2),(6.16033116716978,6.86875407323015),.UNSPECIFIED.);
#1799=B_SPLINE_CURVE_WITH_KNOTS('',1,(#4932,#4933),.UNSPECIFIED.,.F.,.F.,
(2,2),(20.0077947382915,21.7280547170323),.UNSPECIFIED.);
#1800=B_SPLINE_CURVE_WITH_KNOTS('',1,(#4939,#4940),.UNSPECIFIED.,.F.,.F.,
(2,2),(22.5360428885657,33.6390675206741),.UNSPECIFIED.);
#1801=B_SPLINE_CURVE_WITH_KNOTS('',1,(#4943,#4944),.UNSPECIFIED.,.F.,.F.,
(2,2),(0.,16.),.UNSPECIFIED.);
#1802=B_SPLINE_CURVE_WITH_KNOTS('',5,(#4945,#4946,#4947,#4948,#4949,#4950),
 .UNSPECIFIED.,.F.,.F.,(6,6),(-1.67344411305201,0.),.UNSPECIFIED.);
#1803=B_SPLINE_CURVE_WITH_KNOTS('',5,(#4951,#4952,#4953,#4954,#4955,#4956),
 .UNSPECIFIED.,.F.,.F.,(6,6),(0.,1.67344411305201),.UNSPECIFIED.);
#1804=B_SPLINE_CURVE_WITH_KNOTS('',1,(#4960,#4961),.UNSPECIFIED.,.F.,.F.,
(2,2),(72.9163800780875,84.0194047101958),.UNSPECIFIED.);
#1805=B_SPLINE_CURVE_WITH_KNOTS('',1,(#4962,#4963),.UNSPECIFIED.,.F.,.F.,
(2,2),(0.,16.),.UNSPECIFIED.);
#1806=B_SPLINE_CURVE_WITH_KNOTS('',5,(#4966,#4967,#4968,#4969,#4970,#4971),
 .UNSPECIFIED.,.F.,.F.,(6,6),(-1.67344411305201,0.),.UNSPECIFIED.);
#1807=B_SPLINE_CURVE_WITH_KNOTS('',5,(#4972,#4973,#4974,#4975,#4976,#4977),
 .UNSPECIFIED.,.F.,.F.,(6,6),(0.,1.67344411305201),.UNSPECIFIED.);
#1808=B_SPLINE_CURVE_WITH_KNOTS('',1,(#4978,#4979),.UNSPECIFIED.,.F.,.F.,
(2,2),(0.741269668847693,1.94388289519394),.UNSPECIFIED.);
#1809=B_SPLINE_CURVE_WITH_KNOTS('',1,(#4980,#4981),.UNSPECIFIED.,.F.,.F.,
(2,2),(0.741269668847709,11.844294300956),.UNSPECIFIED.);
#1810=B_SPLINE_CURVE_WITH_KNOTS('',1,(#4982,#4983),.UNSPECIFIED.,.F.,.F.,
(2,2),(0.0890224516303216,0.356089806521289),.UNSPECIFIED.);
#1811=B_SPLINE_CURVE_WITH_KNOTS('',1,(#4984,#4985),.UNSPECIFIED.,.F.,.F.,
(2,2),(0.089022451630322,0.356089806521289),.UNSPECIFIED.);
#1812=B_SPLINE_CURVE_WITH_KNOTS('',1,(#4986,#4987),.UNSPECIFIED.,.F.,.F.,
(2,2),(0.,16.),.UNSPECIFIED.);
#1813=B_SPLINE_CURVE_WITH_KNOTS('',1,(#4988,#4989),.UNSPECIFIED.,.F.,.F.,
(2,2),(0.,16.),.UNSPECIFIED.);
#1814=B_SPLINE_CURVE_WITH_KNOTS('',1,(#4990,#4991),.UNSPECIFIED.,.F.,.F.,
(2,2),(0.,16.),.UNSPECIFIED.);
#1815=B_SPLINE_CURVE_WITH_KNOTS('',1,(#4992,#4993),.UNSPECIFIED.,.F.,.F.,
(2,2),(0.,16.),.UNSPECIFIED.);
#1816=B_SPLINE_CURVE_WITH_KNOTS('',5,(#4994,#4995,#4996,#4997,#4998,#4999),
 .UNSPECIFIED.,.F.,.F.,(6,6),(0.,1.88284271247463),.UNSPECIFIED.);
#1817=B_SPLINE_CURVE_WITH_KNOTS('',5,(#5000,#5001,#5002,#5003,#5004,#5005),
 .UNSPECIFIED.,.F.,.F.,(6,6),(-1.88284271247463,0.),.UNSPECIFIED.);
#1818=B_SPLINE_CURVE_WITH_KNOTS('',5,(#5006,#5007,#5008,#5009,#5010,#5011),
 .UNSPECIFIED.,.F.,.F.,(6,6),(-1.88284271247464,0.),.UNSPECIFIED.);
#1819=B_SPLINE_CURVE_WITH_KNOTS('',5,(#5012,#5013,#5014,#5015,#5016,#5017),
 .UNSPECIFIED.,.F.,.F.,(6,6),(0.,1.88284271247464),.UNSPECIFIED.);
#1820=B_SPLINE_CURVE_WITH_KNOTS('',1,(#5018,#5019),.UNSPECIFIED.,.F.,.F.,
(2,2),(0.089022451630322,0.356089806521288),.UNSPECIFIED.);
#1821=B_SPLINE_CURVE_WITH_KNOTS('',1,(#5020,#5021),.UNSPECIFIED.,.F.,.F.,
(2,2),(0.089022451630322,0.356089806521288),.UNSPECIFIED.);
#1822=B_SPLINE_CURVE_WITH_KNOTS('',1,(#5022,#5023),.UNSPECIFIED.,.F.,.F.,
(2,2),(51.1216068583695,52.3242200847157),.UNSPECIFIED.);
#1823=B_SPLINE_CURVE_WITH_KNOTS('',1,(#5024,#5025),.UNSPECIFIED.,.F.,.F.,
(2,2),(51.1216068583695,62.2246314904778),.UNSPECIFIED.);
#1824=B_SPLINE_CURVE_WITH_KNOTS('',1,(#5026,#5027),.UNSPECIFIED.,.F.,.F.,
(2,2),(0.,16.),.UNSPECIFIED.);
#1825=B_SPLINE_CURVE_WITH_KNOTS('',1,(#5028,#5029),.UNSPECIFIED.,.F.,.F.,
(2,2),(0.,16.),.UNSPECIFIED.);
#1826=B_SPLINE_CURVE_WITH_KNOTS('',1,(#5030,#5031),.UNSPECIFIED.,.F.,.F.,
(2,2),(0.,16.),.UNSPECIFIED.);
#1827=B_SPLINE_CURVE_WITH_KNOTS('',1,(#5032,#5033),.UNSPECIFIED.,.F.,.F.,
(2,2),(0.,16.),.UNSPECIFIED.);
#1828=B_SPLINE_CURVE_WITH_KNOTS('',5,(#5034,#5035,#5036,#5037,#5038,#5039),
 .UNSPECIFIED.,.F.,.F.,(6,6),(-1.88284271247462,0.),.UNSPECIFIED.);
#1829=B_SPLINE_CURVE_WITH_KNOTS('',5,(#5040,#5041,#5042,#5043,#5044,#5045),
 .UNSPECIFIED.,.F.,.F.,(6,6),(0.,1.88284271247462),.UNSPECIFIED.);
#1830=B_SPLINE_CURVE_WITH_KNOTS('',5,(#5046,#5047,#5048,#5049,#5050,#5051),
 .UNSPECIFIED.,.F.,.F.,(6,6),(0.,1.88284271247462),.UNSPECIFIED.);
#1831=B_SPLINE_CURVE_WITH_KNOTS('',5,(#5052,#5053,#5054,#5055,#5056,#5057),
 .UNSPECIFIED.,.F.,.F.,(6,6),(-1.88284271247462,0.),.UNSPECIFIED.);
#1832=(
BOUNDED_CURVE()
B_SPLINE_CURVE(2,(#3118,#3119,#3120),.UNSPECIFIED.,.F.,.F.)
B_SPLINE_CURVE_WITH_KNOTS((3,3),(0.,5.3837784056249),.UNSPECIFIED.)
CURVE()
GEOMETRIC_REPRESENTATION_ITEM()
RATIONAL_B_SPLINE_CURVE((1.,0.936461974397521,1.))
REPRESENTATION_ITEM('')
);
#1833=(
BOUNDED_CURVE()
B_SPLINE_CURVE(1,(#3121,#3122),.UNSPECIFIED.,.F.,.F.)
B_SPLINE_CURVE_WITH_KNOTS((2,2),(3.00000000000001,6.),.UNSPECIFIED.)
CURVE()
GEOMETRIC_REPRESENTATION_ITEM()
RATIONAL_B_SPLINE_CURVE((1.,1.))
REPRESENTATION_ITEM('')
);
#1834=(
BOUNDED_CURVE()
B_SPLINE_CURVE(1,(#3125,#3126),.UNSPECIFIED.,.F.,.F.)
B_SPLINE_CURVE_WITH_KNOTS((2,2),(3.00000000000001,6.),.UNSPECIFIED.)
CURVE()
GEOMETRIC_REPRESENTATION_ITEM()
RATIONAL_B_SPLINE_CURVE((1.,1.))
REPRESENTATION_ITEM('')
);
#1835=(
BOUNDED_CURVE()
B_SPLINE_CURVE(2,(#3127,#3128,#3129,#3130,#3131),.UNSPECIFIED.,.F.,.F.)
B_SPLINE_CURVE_WITH_KNOTS((3,2,3),(-180.365725309252,-174.485699273777,
-168.605673238301),.UNSPECIFIED.)
CURVE()
GEOMETRIC_REPRESENTATION_ITEM()
RATIONAL_B_SPLINE_CURVE((1.,0.832050294337825,1.,0.832050294337844,1.))
REPRESENTATION_ITEM('')
);
#1836=(
BOUNDED_CURVE()
B_SPLINE_CURVE(2,(#3134,#3135,#3136,#3137,#3138),.UNSPECIFIED.,.F.,.F.)
B_SPLINE_CURVE_WITH_KNOTS((3,2,3),(-168.605673238301,-159.970477516931,
-156.980999264017),.UNSPECIFIED.)
CURVE()
GEOMETRIC_REPRESENTATION_ITEM()
RATIONAL_B_SPLINE_CURVE((1.,0.857863020980631,1.,0.98294149236647,1.))
REPRESENTATION_ITEM('')
);
#1837=(
BOUNDED_CURVE()
B_SPLINE_CURVE(2,(#3139,#3140,#3141,#3142,#3143),.UNSPECIFIED.,.F.,.F.)
B_SPLINE_CURVE_WITH_KNOTS((3,2,3),(0.,5.38377840562486,8.33506674100931),
 .UNSPECIFIED.)
CURVE()
GEOMETRIC_REPRESENTATION_ITEM()
RATIONAL_B_SPLINE_CURVE((1.,0.865687439632314,0.854558775058495,0.904780959747363,
1.))
REPRESENTATION_ITEM('')
);
#1838=(
BOUNDED_CURVE()
B_SPLINE_CURVE(2,(#3144,#3145,#3146),.UNSPECIFIED.,.F.,.F.)
B_SPLINE_CURVE_WITH_KNOTS((3,3),(156.980999264263,168.605673238301),
 .UNSPECIFIED.)
CURVE()
GEOMETRIC_REPRESENTATION_ITEM()
RATIONAL_B_SPLINE_CURVE((1.,0.748717397606975,1.))
REPRESENTATION_ITEM('')
);
#1839=(
BOUNDED_CURVE()
B_SPLINE_CURVE(1,(#3147,#3148),.UNSPECIFIED.,.F.,.F.)
B_SPLINE_CURVE_WITH_KNOTS((2,2),(5.99511520227456,6.),.UNSPECIFIED.)
CURVE()
GEOMETRIC_REPRESENTATION_ITEM()
RATIONAL_B_SPLINE_CURVE((1.,1.))
REPRESENTATION_ITEM('')
);
#1840=(
BOUNDED_CURVE()
B_SPLINE_CURVE(2,(#3151,#3152,#3153),.UNSPECIFIED.,.F.,.F.)
B_SPLINE_CURVE_WITH_KNOTS((3,3),(-8.44667430883579,-5.38377840562491),
 .UNSPECIFIED.)
CURVE()
GEOMETRIC_REPRESENTATION_ITEM()
RATIONAL_B_SPLINE_CURVE((1.,0.978751596906811,1.))
REPRESENTATION_ITEM('')
);
#1841=(
BOUNDED_CURVE()
B_SPLINE_CURVE(2,(#3154,#3155,#3156),.UNSPECIFIED.,.F.,.F.)
B_SPLINE_CURVE_WITH_KNOTS((3,3),(-34.9902064576082,-31.9273105543973),
 .UNSPECIFIED.)
CURVE()
GEOMETRIC_REPRESENTATION_ITEM()
RATIONAL_B_SPLINE_CURVE((1.,0.978751596906823,1.))
REPRESENTATION_ITEM('')
);
#1842=(
BOUNDED_CURVE()
B_SPLINE_CURVE(1,(#3169,#3170),.UNSPECIFIED.,.F.,.F.)
B_SPLINE_CURVE_WITH_KNOTS((2,2),(1.21,8.00000000000001),.UNSPECIFIED.)
CURVE()
GEOMETRIC_REPRESENTATION_ITEM()
RATIONAL_B_SPLINE_CURVE((1.,1.))
REPRESENTATION_ITEM('')
);
#1843=(
BOUNDED_CURVE()
B_SPLINE_CURVE(2,(#3171,#3172,#3173),.UNSPECIFIED.,.F.,.F.)
B_SPLINE_CURVE_WITH_KNOTS((3,3),(-217.913237069026,-217.475080894636),
 .UNSPECIFIED.)
CURVE()
GEOMETRIC_REPRESENTATION_ITEM()
RATIONAL_B_SPLINE_CURVE((1.,1.,1.))
REPRESENTATION_ITEM('')
);
#1844=(
BOUNDED_CURVE()
B_SPLINE_CURVE(2,(#3174,#3175,#3176,#3177,#3178,#3179,#3180),
 .UNSPECIFIED.,.F.,.F.)
B_SPLINE_CURVE_WITH_KNOTS((3,2,2,3),(31.8157029865727,34.9902064576083,
35.2209543683422,46.9612724911229),.UNSPECIFIED.)
CURVE()
GEOMETRIC_REPRESENTATION_ITEM()
RATIONAL_B_SPLINE_CURVE((1.,0.973212363837903,0.988713053497073,0.994243384412371,
1.,0.707106781186548,1.))
REPRESENTATION_ITEM('')
);
#1845=(
BOUNDED_CURVE()
B_SPLINE_CURVE(2,(#3187,#3188,#3189),.UNSPECIFIED.,.F.,.F.)
B_SPLINE_CURVE_WITH_KNOTS((3,3),(43.5560297197965,46.9612724911229),
 .UNSPECIFIED.)
CURVE()
GEOMETRIC_REPRESENTATION_ITEM()
RATIONAL_B_SPLINE_CURVE((1.,0.975790184653195,1.))
REPRESENTATION_ITEM('')
);
#1846=(
BOUNDED_CURVE()
B_SPLINE_CURVE(2,(#3190,#3191,#3192),.UNSPECIFIED.,.F.,.F.)
B_SPLINE_CURVE_WITH_KNOTS((3,3),(34.9902064576083,43.5560297197965),
 .UNSPECIFIED.)
CURVE()
GEOMETRIC_REPRESENTATION_ITEM()
RATIONAL_B_SPLINE_CURVE((1.,0.837073484876126,1.))
REPRESENTATION_ITEM('')
);
#1847=(
BOUNDED_CURVE()
B_SPLINE_CURVE(1,(#3215,#3216),.UNSPECIFIED.,.F.,.F.)
B_SPLINE_CURVE_WITH_KNOTS((2,2),(0.00488479772544537,0.770397825182041),
 .UNSPECIFIED.)
CURVE()
GEOMETRIC_REPRESENTATION_ITEM()
RATIONAL_B_SPLINE_CURVE((1.,1.))
REPRESENTATION_ITEM('')
);
#1848=(
BOUNDED_CURVE()
B_SPLINE_CURVE(1,(#3217,#3218,#3219),.UNSPECIFIED.,.F.,.F.)
B_SPLINE_CURVE_WITH_KNOTS((2,1,2),(0.,5.99511520227455,6.),
 .UNSPECIFIED.)
CURVE()
GEOMETRIC_REPRESENTATION_ITEM()
RATIONAL_B_SPLINE_CURVE((1.,1.,1.))
REPRESENTATION_ITEM('')
);
#1849=(
BOUNDED_CURVE()
B_SPLINE_CURVE(1,(#3222,#3223),.UNSPECIFIED.,.F.,.F.)
B_SPLINE_CURVE_WITH_KNOTS((2,2),(2.99999999999998,6.),.UNSPECIFIED.)
CURVE()
GEOMETRIC_REPRESENTATION_ITEM()
RATIONAL_B_SPLINE_CURVE((1.,1.))
REPRESENTATION_ITEM('')
);
#1850=(
BOUNDED_CURVE()
B_SPLINE_CURVE(2,(#3232,#3233,#3234),.UNSPECIFIED.,.F.,.F.)
B_SPLINE_CURVE_WITH_KNOTS((3,3),(-231.375476202349,-230.93732902561),
 .UNSPECIFIED.)
CURVE()
GEOMETRIC_REPRESENTATION_ITEM()
RATIONAL_B_SPLINE_CURVE((1.,1.,1.))
REPRESENTATION_ITEM('')
);
#1851=(
BOUNDED_CURVE()
B_SPLINE_CURVE(1,(#3235,#3236),.UNSPECIFIED.,.F.,.F.)
B_SPLINE_CURVE_WITH_KNOTS((2,2),(0.,2.99999999999995),.UNSPECIFIED.)
CURVE()
GEOMETRIC_REPRESENTATION_ITEM()
RATIONAL_B_SPLINE_CURVE((1.,1.))
REPRESENTATION_ITEM('')
);
#1852=(
BOUNDED_CURVE()
B_SPLINE_CURVE(1,(#3255,#3256),.UNSPECIFIED.,.F.,.F.)
B_SPLINE_CURVE_WITH_KNOTS((2,2),(1.21000000000002,8.),.UNSPECIFIED.)
CURVE()
GEOMETRIC_REPRESENTATION_ITEM()
RATIONAL_B_SPLINE_CURVE((1.,1.))
REPRESENTATION_ITEM('')
);
#1853=(
BOUNDED_CURVE()
B_SPLINE_CURVE(2,(#3265,#3266,#3267,#3268,#3269),.UNSPECIFIED.,.F.,.F.)
B_SPLINE_CURVE_WITH_KNOTS((3,2,3),(168.605673238301,174.485699273777,180.365725309252),
 .UNSPECIFIED.)
CURVE()
GEOMETRIC_REPRESENTATION_ITEM()
RATIONAL_B_SPLINE_CURVE((1.,0.832050294337849,1.,0.832050294337849,1.))
REPRESENTATION_ITEM('')
);
#1854=(
BOUNDED_CURVE()
B_SPLINE_CURVE(1,(#3278,#3279),.UNSPECIFIED.,.F.,.F.)
B_SPLINE_CURVE_WITH_KNOTS((2,2),(-5.99511520227455,0.),.UNSPECIFIED.)
CURVE()
GEOMETRIC_REPRESENTATION_ITEM()
RATIONAL_B_SPLINE_CURVE((1.,1.))
REPRESENTATION_ITEM('')
);
#1855=(
BOUNDED_CURVE()
B_SPLINE_CURVE(2,(#3300,#3301,#3302,#3303,#3304),.UNSPECIFIED.,.F.,.F.)
B_SPLINE_CURVE_WITH_KNOTS((3,2,3),(-191.990399283536,-189.000921030622,
-180.365725309252),.UNSPECIFIED.)
CURVE()
GEOMETRIC_REPRESENTATION_ITEM()
RATIONAL_B_SPLINE_CURVE((1.,0.982941492366473,1.,0.857863020980629,1.))
REPRESENTATION_ITEM('')
);
#1856=(
BOUNDED_CURVE()
B_SPLINE_CURVE(2,(#3321,#3322,#3323),.UNSPECIFIED.,.F.,.F.)
B_SPLINE_CURVE_WITH_KNOTS((3,3),(0.,0.204125220909425),.UNSPECIFIED.)
CURVE()
GEOMETRIC_REPRESENTATION_ITEM()
RATIONAL_B_SPLINE_CURVE((1.,0.962777799918123,1.))
REPRESENTATION_ITEM('')
);
#1857=(
BOUNDED_CURVE()
B_SPLINE_CURVE(2,(#3336,#3337,#3338,#3339,#3340),.UNSPECIFIED.,.F.,.F.)
B_SPLINE_CURVE_WITH_KNOTS((3,2,3),(0.790819484930637,1.14782953164769,1.61572705132976),
 .UNSPECIFIED.)
CURVE()
GEOMETRIC_REPRESENTATION_ITEM()
RATIONAL_B_SPLINE_CURVE((1.,0.880691988686775,1.,0.797188036426295,1.))
REPRESENTATION_ITEM('')
);
#1858=(
BOUNDED_CURVE()
B_SPLINE_CURVE(1,(#3341,#3342),.UNSPECIFIED.,.F.,.F.)
B_SPLINE_CURVE_WITH_KNOTS((2,2),(0.,6.79),.UNSPECIFIED.)
CURVE()
GEOMETRIC_REPRESENTATION_ITEM()
RATIONAL_B_SPLINE_CURVE((1.,1.))
REPRESENTATION_ITEM('')
);
#1859=(
BOUNDED_CURVE()
B_SPLINE_CURVE(1,(#3357,#3358),.UNSPECIFIED.,.F.,.F.)
B_SPLINE_CURVE_WITH_KNOTS((2,2),(5.89875000000003,39.),.UNSPECIFIED.)
CURVE()
GEOMETRIC_REPRESENTATION_ITEM()
RATIONAL_B_SPLINE_CURVE((1.,1.))
REPRESENTATION_ITEM('')
);
#1860=(
BOUNDED_CURVE()
B_SPLINE_CURVE(1,(#3359,#3360),.UNSPECIFIED.,.F.,.F.)
B_SPLINE_CURVE_WITH_KNOTS((2,2),(5.89875000000003,39.),.UNSPECIFIED.)
CURVE()
GEOMETRIC_REPRESENTATION_ITEM()
RATIONAL_B_SPLINE_CURVE((1.,1.))
REPRESENTATION_ITEM('')
);
#1861=(
BOUNDED_CURVE()
B_SPLINE_CURVE(1,(#3361,#3362),.UNSPECIFIED.,.F.,.F.)
B_SPLINE_CURVE_WITH_KNOTS((2,2),(1.20999999999997,8.),.UNSPECIFIED.)
CURVE()
GEOMETRIC_REPRESENTATION_ITEM()
RATIONAL_B_SPLINE_CURVE((1.,1.))
REPRESENTATION_ITEM('')
);
#1862=(
BOUNDED_CURVE()
B_SPLINE_CURVE(2,(#3365,#3366,#3367,#3368,#3369),.UNSPECIFIED.,.F.,.F.)
B_SPLINE_CURVE_WITH_KNOTS((3,2,3),(1.36473425075457,1.72174429747153,2.29565906329537),
 .UNSPECIFIED.)
CURVE()
GEOMETRIC_REPRESENTATION_ITEM()
RATIONAL_B_SPLINE_CURVE((1.,0.880691988686838,1.,0.707106781186548,1.))
REPRESENTATION_ITEM('')
);
#1863=(
BOUNDED_CURVE()
B_SPLINE_CURVE(1,(#3370,#3371),.UNSPECIFIED.,.F.,.F.)
B_SPLINE_CURVE_WITH_KNOTS((2,2),(0.,6.79000000000001),.UNSPECIFIED.)
CURVE()
GEOMETRIC_REPRESENTATION_ITEM()
RATIONAL_B_SPLINE_CURVE((1.,1.))
REPRESENTATION_ITEM('')
);
#1864=(
BOUNDED_CURVE()
B_SPLINE_CURVE(2,(#3388,#3389,#3390,#3391,#3392,#3393,#3394),
 .UNSPECIFIED.,.F.,.F.)
B_SPLINE_CURVE_WITH_KNOTS((3,2,2,3),(1.06905709438093,1.14782953164769,
1.72174429747153,1.91303419905408),.UNSPECIFIED.)
CURVE()
GEOMETRIC_REPRESENTATION_ITEM()
RATIONAL_B_SPLINE_CURVE((1.,0.994926377512803,1.,0.707106781186548,1.,0.967543597921557,
1.))
REPRESENTATION_ITEM('')
);
#1865=(
BOUNDED_CURVE()
B_SPLINE_CURVE(1,(#3395,#3396),.UNSPECIFIED.,.F.,.F.)
B_SPLINE_CURVE_WITH_KNOTS((2,2),(0.,6.79000000000005),.UNSPECIFIED.)
CURVE()
GEOMETRIC_REPRESENTATION_ITEM()
RATIONAL_B_SPLINE_CURVE((1.,1.))
REPRESENTATION_ITEM('')
);
#1866=(
BOUNDED_CURVE()
B_SPLINE_CURVE(2,(#3421,#3422,#3423,#3424,#3425,#3426,#3427),
 .UNSPECIFIED.,.F.,.F.)
B_SPLINE_CURVE_WITH_KNOTS((3,2,2,3),(0.495142328558114,0.573914765823843,
1.14782953164769,1.33911943323032),.UNSPECIFIED.)
CURVE()
GEOMETRIC_REPRESENTATION_ITEM()
RATIONAL_B_SPLINE_CURVE((1.,0.99492637751294,1.,0.707106781186548,1.,0.967543597921529,
1.))
REPRESENTATION_ITEM('')
);
#1867=(
BOUNDED_CURVE()
B_SPLINE_CURVE(1,(#3428,#3429),.UNSPECIFIED.,.F.,.F.)
B_SPLINE_CURVE_WITH_KNOTS((2,2),(0.,6.78999999999995),.UNSPECIFIED.)
CURVE()
GEOMETRIC_REPRESENTATION_ITEM()
RATIONAL_B_SPLINE_CURVE((1.,1.))
REPRESENTATION_ITEM('')
);
#1868=(
BOUNDED_CURVE()
B_SPLINE_CURVE(2,(#3456,#3457,#3458,#3459,#3460),.UNSPECIFIED.,.F.,.F.)
B_SPLINE_CURVE_WITH_KNOTS((3,2,3),(-1.33911943323026,-0.917130880893396,
-0.495142328556537),.UNSPECIFIED.)
CURVE()
GEOMETRIC_REPRESENTATION_ITEM()
RATIONAL_B_SPLINE_CURVE((1.,0.841455915112247,1.,0.841455915112247,1.))
REPRESENTATION_ITEM('')
);
#1869=(
BOUNDED_CURVE()
B_SPLINE_CURVE(2,(#3461,#3462,#3463,#3464,#3465),.UNSPECIFIED.,.F.,.F.)
B_SPLINE_CURVE_WITH_KNOTS((3,2,3),(-1.61572705132989,-1.20327326813022,
-0.790819484930536),.UNSPECIFIED.)
CURVE()
GEOMETRIC_REPRESENTATION_ITEM()
RATIONAL_B_SPLINE_CURVE((1.,0.841455915112368,1.,0.841455915112368,1.))
REPRESENTATION_ITEM('')
);
#1870=(
BOUNDED_CURVE()
B_SPLINE_CURVE(2,(#3466,#3467,#3468,#3469,#3470),.UNSPECIFIED.,.F.,.F.)
B_SPLINE_CURVE_WITH_KNOTS((3,2,3),(-1.91303419905399,-1.49104564671719,
-1.0690570943804),.UNSPECIFIED.)
CURVE()
GEOMETRIC_REPRESENTATION_ITEM()
RATIONAL_B_SPLINE_CURVE((1.,0.841455915112528,1.,0.841455915112528,1.))
REPRESENTATION_ITEM('')
);
#1871=(
BOUNDED_CURVE()
B_SPLINE_CURVE(2,(#3471,#3472,#3473),.UNSPECIFIED.,.F.,.F.)
B_SPLINE_CURVE_WITH_KNOTS((3,3),(-0.204125220909367,0.),.UNSPECIFIED.)
CURVE()
GEOMETRIC_REPRESENTATION_ITEM()
RATIONAL_B_SPLINE_CURVE((1.,0.962777799918058,1.))
REPRESENTATION_ITEM('')
);
#1872=(
BOUNDED_CURVE()
B_SPLINE_CURVE(2,(#3474,#3475,#3476,#3477,#3478),.UNSPECIFIED.,.F.,.F.)
B_SPLINE_CURVE_WITH_KNOTS((3,2,3),(-2.29565906329537,-1.8301966570249,-1.36473425075444),
 .UNSPECIFIED.)
CURVE()
GEOMETRIC_REPRESENTATION_ITEM()
RATIONAL_B_SPLINE_CURVE((1.,0.802432025246356,1.,0.802432025246356,1.))
REPRESENTATION_ITEM('')
);
#1873=(
BOUNDED_CURVE()
B_SPLINE_CURVE(2,(#3487,#3488,#3489),.UNSPECIFIED.,.F.,.F.)
B_SPLINE_CURVE_WITH_KNOTS((3,3),(180.365725309252,191.990399283289),
 .UNSPECIFIED.)
CURVE()
GEOMETRIC_REPRESENTATION_ITEM()
RATIONAL_B_SPLINE_CURVE((1.,0.748717397606991,1.))
REPRESENTATION_ITEM('')
);
#1874=(
BOUNDED_CURVE()
B_SPLINE_CURVE(2,(#3504,#3505,#3506),.UNSPECIFIED.,.F.,.F.)
B_SPLINE_CURVE_WITH_KNOTS((3,3),(0.,5.3837784056249),.UNSPECIFIED.)
CURVE()
GEOMETRIC_REPRESENTATION_ITEM()
RATIONAL_B_SPLINE_CURVE((1.,0.936461974397521,1.))
REPRESENTATION_ITEM('')
);
#1875=(
BOUNDED_CURVE()
B_SPLINE_CURVE(1,(#3507,#3508),.UNSPECIFIED.,.F.,.F.)
B_SPLINE_CURVE_WITH_KNOTS((2,2),(3.00000000000001,6.),.UNSPECIFIED.)
CURVE()
GEOMETRIC_REPRESENTATION_ITEM()
RATIONAL_B_SPLINE_CURVE((1.,1.))
REPRESENTATION_ITEM('')
);
#1876=(
BOUNDED_CURVE()
B_SPLINE_CURVE(1,(#3511,#3512),.UNSPECIFIED.,.F.,.F.)
B_SPLINE_CURVE_WITH_KNOTS((2,2),(3.00000000000001,6.),.UNSPECIFIED.)
CURVE()
GEOMETRIC_REPRESENTATION_ITEM()
RATIONAL_B_SPLINE_CURVE((1.,1.))
REPRESENTATION_ITEM('')
);
#1877=(
BOUNDED_CURVE()
B_SPLINE_CURVE(2,(#3513,#3514,#3515,#3516,#3517),.UNSPECIFIED.,.F.,.F.)
B_SPLINE_CURVE_WITH_KNOTS((3,2,3),(-180.365725309252,-174.485699273777,
-168.605673238301),.UNSPECIFIED.)
CURVE()
GEOMETRIC_REPRESENTATION_ITEM()
RATIONAL_B_SPLINE_CURVE((1.,0.832050294337825,1.,0.832050294337844,1.))
REPRESENTATION_ITEM('')
);
#1878=(
BOUNDED_CURVE()
B_SPLINE_CURVE(2,(#3520,#3521,#3522,#3523,#3524),.UNSPECIFIED.,.F.,.F.)
B_SPLINE_CURVE_WITH_KNOTS((3,2,3),(-168.605673238301,-159.970477516931,
-156.980999264017),.UNSPECIFIED.)
CURVE()
GEOMETRIC_REPRESENTATION_ITEM()
RATIONAL_B_SPLINE_CURVE((1.,0.857863020980631,1.,0.98294149236647,1.))
REPRESENTATION_ITEM('')
);
#1879=(
BOUNDED_CURVE()
B_SPLINE_CURVE(2,(#3525,#3526,#3527,#3528,#3529),.UNSPECIFIED.,.F.,.F.)
B_SPLINE_CURVE_WITH_KNOTS((3,2,3),(0.,5.38377840562486,8.33506674100931),
 .UNSPECIFIED.)
CURVE()
GEOMETRIC_REPRESENTATION_ITEM()
RATIONAL_B_SPLINE_CURVE((1.,0.865687439632314,0.854558775058495,0.904780959747363,
1.))
REPRESENTATION_ITEM('')
);
#1880=(
BOUNDED_CURVE()
B_SPLINE_CURVE(1,(#3530,#3531),.UNSPECIFIED.,.F.,.F.)
B_SPLINE_CURVE_WITH_KNOTS((2,2),(5.99511520227456,6.),.UNSPECIFIED.)
CURVE()
GEOMETRIC_REPRESENTATION_ITEM()
RATIONAL_B_SPLINE_CURVE((1.,1.))
REPRESENTATION_ITEM('')
);
#1881=(
BOUNDED_CURVE()
B_SPLINE_CURVE(2,(#3534,#3535,#3536),.UNSPECIFIED.,.F.,.F.)
B_SPLINE_CURVE_WITH_KNOTS((3,3),(-8.44667430883579,-5.38377840562491),
 .UNSPECIFIED.)
CURVE()
GEOMETRIC_REPRESENTATION_ITEM()
RATIONAL_B_SPLINE_CURVE((1.,0.978751596906811,1.))
REPRESENTATION_ITEM('')
);
#1882=(
BOUNDED_CURVE()
B_SPLINE_CURVE(2,(#3537,#3538,#3539),.UNSPECIFIED.,.F.,.F.)
B_SPLINE_CURVE_WITH_KNOTS((3,3),(-34.9902064576082,-31.9273105543973),
 .UNSPECIFIED.)
CURVE()
GEOMETRIC_REPRESENTATION_ITEM()
RATIONAL_B_SPLINE_CURVE((1.,0.978751596906823,1.))
REPRESENTATION_ITEM('')
);
#1883=(
BOUNDED_CURVE()
B_SPLINE_CURVE(1,(#3552,#3553),.UNSPECIFIED.,.F.,.F.)
B_SPLINE_CURVE_WITH_KNOTS((2,2),(1.21,8.00000000000001),.UNSPECIFIED.)
CURVE()
GEOMETRIC_REPRESENTATION_ITEM()
RATIONAL_B_SPLINE_CURVE((1.,1.))
REPRESENTATION_ITEM('')
);
#1884=(
BOUNDED_CURVE()
B_SPLINE_CURVE(2,(#3554,#3555,#3556),.UNSPECIFIED.,.F.,.F.)
B_SPLINE_CURVE_WITH_KNOTS((3,3),(-217.913237069026,-217.475080894636),
 .UNSPECIFIED.)
CURVE()
GEOMETRIC_REPRESENTATION_ITEM()
RATIONAL_B_SPLINE_CURVE((1.,1.,1.))
REPRESENTATION_ITEM('')
);
#1885=(
BOUNDED_CURVE()
B_SPLINE_CURVE(2,(#3557,#3558,#3559,#3560,#3561,#3562,#3563),
 .UNSPECIFIED.,.F.,.F.)
B_SPLINE_CURVE_WITH_KNOTS((3,2,2,3),(31.8157029865727,34.9902064576083,
35.2209543683422,46.9612724911229),.UNSPECIFIED.)
CURVE()
GEOMETRIC_REPRESENTATION_ITEM()
RATIONAL_B_SPLINE_CURVE((1.,0.973212363837903,0.988713053497073,0.994243384412371,
1.,0.707106781186548,1.))
REPRESENTATION_ITEM('')
);
#1886=(
BOUNDED_CURVE()
B_SPLINE_CURVE(2,(#3570,#3571,#3572),.UNSPECIFIED.,.F.,.F.)
B_SPLINE_CURVE_WITH_KNOTS((3,3),(43.5560297197965,46.9612724911229),
 .UNSPECIFIED.)
CURVE()
GEOMETRIC_REPRESENTATION_ITEM()
RATIONAL_B_SPLINE_CURVE((1.,0.975790184653195,1.))
REPRESENTATION_ITEM('')
);
#1887=(
BOUNDED_CURVE()
B_SPLINE_CURVE(2,(#3573,#3574,#3575),.UNSPECIFIED.,.F.,.F.)
B_SPLINE_CURVE_WITH_KNOTS((3,3),(34.9902064576083,43.5560297197965),
 .UNSPECIFIED.)
CURVE()
GEOMETRIC_REPRESENTATION_ITEM()
RATIONAL_B_SPLINE_CURVE((1.,0.837073484876126,1.))
REPRESENTATION_ITEM('')
);
#1888=(
BOUNDED_CURVE()
B_SPLINE_CURVE(1,(#3598,#3599),.UNSPECIFIED.,.F.,.F.)
B_SPLINE_CURVE_WITH_KNOTS((2,2),(0.00488479772544537,0.770397825182041),
 .UNSPECIFIED.)
CURVE()
GEOMETRIC_REPRESENTATION_ITEM()
RATIONAL_B_SPLINE_CURVE((1.,1.))
REPRESENTATION_ITEM('')
);
#1889=(
BOUNDED_CURVE()
B_SPLINE_CURVE(1,(#3600,#3601,#3602),.UNSPECIFIED.,.F.,.F.)
B_SPLINE_CURVE_WITH_KNOTS((2,1,2),(0.,5.99511520227455,6.),
 .UNSPECIFIED.)
CURVE()
GEOMETRIC_REPRESENTATION_ITEM()
RATIONAL_B_SPLINE_CURVE((1.,1.,1.))
REPRESENTATION_ITEM('')
);
#1890=(
BOUNDED_CURVE()
B_SPLINE_CURVE(1,(#3605,#3606),.UNSPECIFIED.,.F.,.F.)
B_SPLINE_CURVE_WITH_KNOTS((2,2),(2.99999999999998,6.),.UNSPECIFIED.)
CURVE()
GEOMETRIC_REPRESENTATION_ITEM()
RATIONAL_B_SPLINE_CURVE((1.,1.))
REPRESENTATION_ITEM('')
);
#1891=(
BOUNDED_CURVE()
B_SPLINE_CURVE(2,(#3615,#3616,#3617),.UNSPECIFIED.,.F.,.F.)
B_SPLINE_CURVE_WITH_KNOTS((3,3),(-231.375476202349,-230.93732902561),
 .UNSPECIFIED.)
CURVE()
GEOMETRIC_REPRESENTATION_ITEM()
RATIONAL_B_SPLINE_CURVE((1.,1.,1.))
REPRESENTATION_ITEM('')
);
#1892=(
BOUNDED_CURVE()
B_SPLINE_CURVE(1,(#3618,#3619),.UNSPECIFIED.,.F.,.F.)
B_SPLINE_CURVE_WITH_KNOTS((2,2),(0.,2.99999999999995),.UNSPECIFIED.)
CURVE()
GEOMETRIC_REPRESENTATION_ITEM()
RATIONAL_B_SPLINE_CURVE((1.,1.))
REPRESENTATION_ITEM('')
);
#1893=(
BOUNDED_CURVE()
B_SPLINE_CURVE(1,(#3638,#3639),.UNSPECIFIED.,.F.,.F.)
B_SPLINE_CURVE_WITH_KNOTS((2,2),(1.21000000000002,8.),.UNSPECIFIED.)
CURVE()
GEOMETRIC_REPRESENTATION_ITEM()
RATIONAL_B_SPLINE_CURVE((1.,1.))
REPRESENTATION_ITEM('')
);
#1894=(
BOUNDED_CURVE()
B_SPLINE_CURVE(2,(#3670,#3671,#3672,#3673,#3674),.UNSPECIFIED.,.F.,.F.)
B_SPLINE_CURVE_WITH_KNOTS((3,2,3),(-191.990399283536,-189.000921030622,
-180.365725309252),.UNSPECIFIED.)
CURVE()
GEOMETRIC_REPRESENTATION_ITEM()
RATIONAL_B_SPLINE_CURVE((1.,0.982941492366473,1.,0.857863020980629,1.))
REPRESENTATION_ITEM('')
);
#1895=(
BOUNDED_CURVE()
B_SPLINE_CURVE(2,(#3691,#3692,#3693),.UNSPECIFIED.,.F.,.F.)
B_SPLINE_CURVE_WITH_KNOTS((3,3),(0.,0.204125220909425),.UNSPECIFIED.)
CURVE()
GEOMETRIC_REPRESENTATION_ITEM()
RATIONAL_B_SPLINE_CURVE((1.,0.962777799918123,1.))
REPRESENTATION_ITEM('')
);
#1896=(
BOUNDED_CURVE()
B_SPLINE_CURVE(2,(#3706,#3707,#3708,#3709,#3710),.UNSPECIFIED.,.F.,.F.)
B_SPLINE_CURVE_WITH_KNOTS((3,2,3),(0.790819484930637,1.14782953164769,1.61572705132976),
 .UNSPECIFIED.)
CURVE()
GEOMETRIC_REPRESENTATION_ITEM()
RATIONAL_B_SPLINE_CURVE((1.,0.880691988686775,1.,0.797188036426295,1.))
REPRESENTATION_ITEM('')
);
#1897=(
BOUNDED_CURVE()
B_SPLINE_CURVE(1,(#3711,#3712),.UNSPECIFIED.,.F.,.F.)
B_SPLINE_CURVE_WITH_KNOTS((2,2),(0.,6.79),.UNSPECIFIED.)
CURVE()
GEOMETRIC_REPRESENTATION_ITEM()
RATIONAL_B_SPLINE_CURVE((1.,1.))
REPRESENTATION_ITEM('')
);
#1898=(
BOUNDED_CURVE()
B_SPLINE_CURVE(1,(#3727,#3728),.UNSPECIFIED.,.F.,.F.)
B_SPLINE_CURVE_WITH_KNOTS((2,2),(5.89875000000003,39.),.UNSPECIFIED.)
CURVE()
GEOMETRIC_REPRESENTATION_ITEM()
RATIONAL_B_SPLINE_CURVE((1.,1.))
REPRESENTATION_ITEM('')
);
#1899=(
BOUNDED_CURVE()
B_SPLINE_CURVE(1,(#3729,#3730),.UNSPECIFIED.,.F.,.F.)
B_SPLINE_CURVE_WITH_KNOTS((2,2),(5.89875000000003,39.),.UNSPECIFIED.)
CURVE()
GEOMETRIC_REPRESENTATION_ITEM()
RATIONAL_B_SPLINE_CURVE((1.,1.))
REPRESENTATION_ITEM('')
);
#1900=(
BOUNDED_CURVE()
B_SPLINE_CURVE(1,(#3731,#3732),.UNSPECIFIED.,.F.,.F.)
B_SPLINE_CURVE_WITH_KNOTS((2,2),(1.20999999999997,8.),.UNSPECIFIED.)
CURVE()
GEOMETRIC_REPRESENTATION_ITEM()
RATIONAL_B_SPLINE_CURVE((1.,1.))
REPRESENTATION_ITEM('')
);
#1901=(
BOUNDED_CURVE()
B_SPLINE_CURVE(2,(#3735,#3736,#3737,#3738,#3739),.UNSPECIFIED.,.F.,.F.)
B_SPLINE_CURVE_WITH_KNOTS((3,2,3),(1.36473425075457,1.72174429747153,2.29565906329537),
 .UNSPECIFIED.)
CURVE()
GEOMETRIC_REPRESENTATION_ITEM()
RATIONAL_B_SPLINE_CURVE((1.,0.880691988686838,1.,0.707106781186548,1.))
REPRESENTATION_ITEM('')
);
#1902=(
BOUNDED_CURVE()
B_SPLINE_CURVE(1,(#3740,#3741),.UNSPECIFIED.,.F.,.F.)
B_SPLINE_CURVE_WITH_KNOTS((2,2),(0.,6.79000000000001),.UNSPECIFIED.)
CURVE()
GEOMETRIC_REPRESENTATION_ITEM()
RATIONAL_B_SPLINE_CURVE((1.,1.))
REPRESENTATION_ITEM('')
);
#1903=(
BOUNDED_CURVE()
B_SPLINE_CURVE(2,(#3758,#3759,#3760,#3761,#3762,#3763,#3764),
 .UNSPECIFIED.,.F.,.F.)
B_SPLINE_CURVE_WITH_KNOTS((3,2,2,3),(1.06905709438093,1.14782953164769,
1.72174429747153,1.91303419905408),.UNSPECIFIED.)
CURVE()
GEOMETRIC_REPRESENTATION_ITEM()
RATIONAL_B_SPLINE_CURVE((1.,0.994926377512803,1.,0.707106781186548,1.,0.967543597921557,
1.))
REPRESENTATION_ITEM('')
);
#1904=(
BOUNDED_CURVE()
B_SPLINE_CURVE(1,(#3765,#3766),.UNSPECIFIED.,.F.,.F.)
B_SPLINE_CURVE_WITH_KNOTS((2,2),(0.,6.79000000000005),.UNSPECIFIED.)
CURVE()
GEOMETRIC_REPRESENTATION_ITEM()
RATIONAL_B_SPLINE_CURVE((1.,1.))
REPRESENTATION_ITEM('')
);
#1905=(
BOUNDED_CURVE()
B_SPLINE_CURVE(2,(#3791,#3792,#3793,#3794,#3795,#3796,#3797),
 .UNSPECIFIED.,.F.,.F.)
B_SPLINE_CURVE_WITH_KNOTS((3,2,2,3),(0.495142328558114,0.573914765823843,
1.14782953164769,1.33911943323032),.UNSPECIFIED.)
CURVE()
GEOMETRIC_REPRESENTATION_ITEM()
RATIONAL_B_SPLINE_CURVE((1.,0.99492637751294,1.,0.707106781186548,1.,0.967543597921529,
1.))
REPRESENTATION_ITEM('')
);
#1906=(
BOUNDED_CURVE()
B_SPLINE_CURVE(1,(#3798,#3799),.UNSPECIFIED.,.F.,.F.)
B_SPLINE_CURVE_WITH_KNOTS((2,2),(0.,6.78999999999995),.UNSPECIFIED.)
CURVE()
GEOMETRIC_REPRESENTATION_ITEM()
RATIONAL_B_SPLINE_CURVE((1.,1.))
REPRESENTATION_ITEM('')
);
#1907=(
BOUNDED_CURVE()
B_SPLINE_CURVE(2,(#3808,#3809,#3810,#3811,#3812),.UNSPECIFIED.,.F.,.F.)
B_SPLINE_CURVE_WITH_KNOTS((3,2,3),(-1.33911943323026,-0.917130880893396,
-0.495142328556537),.UNSPECIFIED.)
CURVE()
GEOMETRIC_REPRESENTATION_ITEM()
RATIONAL_B_SPLINE_CURVE((1.,0.841455915112247,1.,0.841455915112247,1.))
REPRESENTATION_ITEM('')
);
#1908=(
BOUNDED_CURVE()
B_SPLINE_CURVE(2,(#3813,#3814,#3815,#3816,#3817),.UNSPECIFIED.,.F.,.F.)
B_SPLINE_CURVE_WITH_KNOTS((3,2,3),(-1.61572705132989,-1.20327326813022,
-0.790819484930536),.UNSPECIFIED.)
CURVE()
GEOMETRIC_REPRESENTATION_ITEM()
RATIONAL_B_SPLINE_CURVE((1.,0.841455915112368,1.,0.841455915112368,1.))
REPRESENTATION_ITEM('')
);
#1909=(
BOUNDED_CURVE()
B_SPLINE_CURVE(2,(#3818,#3819,#3820,#3821,#3822),.UNSPECIFIED.,.F.,.F.)
B_SPLINE_CURVE_WITH_KNOTS((3,2,3),(-1.91303419905399,-1.49104564671719,
-1.0690570943804),.UNSPECIFIED.)
CURVE()
GEOMETRIC_REPRESENTATION_ITEM()
RATIONAL_B_SPLINE_CURVE((1.,0.841455915112528,1.,0.841455915112528,1.))
REPRESENTATION_ITEM('')
);
#1910=(
BOUNDED_CURVE()
B_SPLINE_CURVE(2,(#3823,#3824,#3825),.UNSPECIFIED.,.F.,.F.)
B_SPLINE_CURVE_WITH_KNOTS((3,3),(-0.204125220909367,0.),.UNSPECIFIED.)
CURVE()
GEOMETRIC_REPRESENTATION_ITEM()
RATIONAL_B_SPLINE_CURVE((1.,0.962777799918058,1.))
REPRESENTATION_ITEM('')
);
#1911=(
BOUNDED_CURVE()
B_SPLINE_CURVE(2,(#3826,#3827,#3828,#3829,#3830),.UNSPECIFIED.,.F.,.F.)
B_SPLINE_CURVE_WITH_KNOTS((3,2,3),(-2.29565906329537,-1.8301966570249,-1.36473425075444),
 .UNSPECIFIED.)
CURVE()
GEOMETRIC_REPRESENTATION_ITEM()
RATIONAL_B_SPLINE_CURVE((1.,0.802432025246356,1.,0.802432025246356,1.))
REPRESENTATION_ITEM('')
);
#1912=(
BOUNDED_CURVE()
B_SPLINE_CURVE(2,(#3852,#3853,#3854,#3855,#3856,#3857,#3858,#3859,#3860),
 .UNSPECIFIED.,.T.,.F.)
B_SPLINE_CURVE_WITH_KNOTS((3,2,2,2,3),(0.,9.66501791240886,19.3300358248177,
28.9950537372266,38.6600716496354),.UNSPECIFIED.)
CURVE()
GEOMETRIC_REPRESENTATION_ITEM()
RATIONAL_B_SPLINE_CURVE((1.,0.707106781186548,1.,0.707106781186548,1.,0.707106781186548,
1.,0.707106781186548,1.))
REPRESENTATION_ITEM('')
);
#1913=(
BOUNDED_CURVE()
B_SPLINE_CURVE(1,(#3861,#3862),.UNSPECIFIED.,.F.,.F.)
B_SPLINE_CURVE_WITH_KNOTS((2,2),(0.,20.8926513728773),.UNSPECIFIED.)
CURVE()
GEOMETRIC_REPRESENTATION_ITEM()
RATIONAL_B_SPLINE_CURVE((1.,1.))
REPRESENTATION_ITEM('')
);
#1914=(
BOUNDED_CURVE()
B_SPLINE_CURVE(2,(#3863,#3864,#3865,#3866,#3867,#3868,#3869,#3870,#3871),
 .UNSPECIFIED.,.T.,.F.)
B_SPLINE_CURVE_WITH_KNOTS((3,2,2,2,3),(0.,9.66501791240886,19.3300358248177,
28.9950537372266,38.6600716496354),.UNSPECIFIED.)
CURVE()
GEOMETRIC_REPRESENTATION_ITEM()
RATIONAL_B_SPLINE_CURVE((1.,0.707106781186548,1.,0.707106781186548,1.,0.707106781186548,
1.,0.707106781186548,1.))
REPRESENTATION_ITEM('')
);
#1915=(
BOUNDED_CURVE()
B_SPLINE_CURVE(2,(#4387,#4388,#4389,#4390,#4391,#4392,#4393,#4394,#4395),
 .UNSPECIFIED.,.T.,.F.)
B_SPLINE_CURVE_WITH_KNOTS((3,2,2,2,3),(0.,4.71238898038469,9.42477796076938,
14.1371669411541,18.8495559215388),.UNSPECIFIED.)
CURVE()
GEOMETRIC_REPRESENTATION_ITEM()
RATIONAL_B_SPLINE_CURVE((1.,0.707106781186548,1.,0.707106781186548,1.,0.707106781186548,
1.,0.707106781186548,1.))
REPRESENTATION_ITEM('')
);
#1916=(
BOUNDED_CURVE()
B_SPLINE_CURVE(1,(#4396,#4397),.UNSPECIFIED.,.F.,.F.)
B_SPLINE_CURVE_WITH_KNOTS((2,2),(48.9677419354839,55.3548387096774),
 .UNSPECIFIED.)
CURVE()
GEOMETRIC_REPRESENTATION_ITEM()
RATIONAL_B_SPLINE_CURVE((1.,1.))
REPRESENTATION_ITEM('')
);
#1917=(
BOUNDED_CURVE()
B_SPLINE_CURVE(2,(#4398,#4399,#4400),.UNSPECIFIED.,.F.,.F.)
B_SPLINE_CURVE_WITH_KNOTS((3,3),(0.,0.0919902225409497),.UNSPECIFIED.)
CURVE()
GEOMETRIC_REPRESENTATION_ITEM()
RATIONAL_B_SPLINE_CURVE((1.,0.986723781840951,1.))
REPRESENTATION_ITEM('')
);
#1918=(
BOUNDED_CURVE()
B_SPLINE_CURVE(1,(#4401,#4402),.UNSPECIFIED.,.F.,.F.)
B_SPLINE_CURVE_WITH_KNOTS((2,2),(0.,5.),.UNSPECIFIED.)
CURVE()
GEOMETRIC_REPRESENTATION_ITEM()
RATIONAL_B_SPLINE_CURVE((1.,1.))
REPRESENTATION_ITEM('')
);
#1919=(
BOUNDED_CURVE()
B_SPLINE_CURVE(2,(#4403,#4404,#4405),.UNSPECIFIED.,.F.,.F.)
B_SPLINE_CURVE_WITH_KNOTS((3,3),(0.,0.0919902225409497),.UNSPECIFIED.)
CURVE()
GEOMETRIC_REPRESENTATION_ITEM()
RATIONAL_B_SPLINE_CURVE((1.,0.986723781840951,1.))
REPRESENTATION_ITEM('')
);
#1920=(
BOUNDED_CURVE()
B_SPLINE_CURVE(2,(#4406,#4407,#4408,#4409,#4410),.UNSPECIFIED.,.F.,.F.)
B_SPLINE_CURVE_WITH_KNOTS((3,2,3),(0.,0.422142762745555,0.534720438557073),
 .UNSPECIFIED.)
CURVE()
GEOMETRIC_REPRESENTATION_ITEM()
RATIONAL_B_SPLINE_CURVE((1.,0.707106781186548,1.,0.979714151053688,1.))
REPRESENTATION_ITEM('')
);
#1921=(
BOUNDED_CURVE()
B_SPLINE_CURVE(1,(#4411,#4412),.UNSPECIFIED.,.F.,.F.)
B_SPLINE_CURVE_WITH_KNOTS((2,2),(0.,5.),.UNSPECIFIED.)
CURVE()
GEOMETRIC_REPRESENTATION_ITEM()
RATIONAL_B_SPLINE_CURVE((1.,1.))
REPRESENTATION_ITEM('')
);
#1922=(
BOUNDED_CURVE()
B_SPLINE_CURVE(2,(#4413,#4414,#4415,#4416,#4417),.UNSPECIFIED.,.F.,.F.)
B_SPLINE_CURVE_WITH_KNOTS((3,2,3),(0.,0.422142762745555,0.534720438557051),
 .UNSPECIFIED.)
CURVE()
GEOMETRIC_REPRESENTATION_ITEM()
RATIONAL_B_SPLINE_CURVE((1.,0.707106781186548,1.,0.979714151053696,1.))
REPRESENTATION_ITEM('')
);
#1923=(
BOUNDED_CURVE()
B_SPLINE_CURVE(2,(#4418,#4419,#4420),.UNSPECIFIED.,.F.,.F.)
B_SPLINE_CURVE_WITH_KNOTS((3,3),(0.,0.294943068176844),.UNSPECIFIED.)
CURVE()
GEOMETRIC_REPRESENTATION_ITEM()
RATIONAL_B_SPLINE_CURVE((1.,0.849463267604747,1.))
REPRESENTATION_ITEM('')
);
#1924=(
BOUNDED_CURVE()
B_SPLINE_CURVE(1,(#4421,#4422),.UNSPECIFIED.,.F.,.F.)
B_SPLINE_CURVE_WITH_KNOTS((2,2),(0.,5.),.UNSPECIFIED.)
CURVE()
GEOMETRIC_REPRESENTATION_ITEM()
RATIONAL_B_SPLINE_CURVE((1.,1.))
REPRESENTATION_ITEM('')
);
#1925=(
BOUNDED_CURVE()
B_SPLINE_CURVE(2,(#4423,#4424,#4425),.UNSPECIFIED.,.F.,.F.)
B_SPLINE_CURVE_WITH_KNOTS((3,3),(0.,0.294943068176849),.UNSPECIFIED.)
CURVE()
GEOMETRIC_REPRESENTATION_ITEM()
RATIONAL_B_SPLINE_CURVE((1.,0.849463267604742,1.))
REPRESENTATION_ITEM('')
);
#1926=(
BOUNDED_CURVE()
B_SPLINE_CURVE(2,(#4426,#4427,#4428),.UNSPECIFIED.,.F.,.F.)
B_SPLINE_CURVE_WITH_KNOTS((3,3),(0.,0.315303962898074),.UNSPECIFIED.)
CURVE()
GEOMETRIC_REPRESENTATION_ITEM()
RATIONAL_B_SPLINE_CURVE((1.,0.828448070803616,1.))
REPRESENTATION_ITEM('')
);
#1927=(
BOUNDED_CURVE()
B_SPLINE_CURVE(1,(#4429,#4430),.UNSPECIFIED.,.F.,.F.)
B_SPLINE_CURVE_WITH_KNOTS((2,2),(0.,5.),.UNSPECIFIED.)
CURVE()
GEOMETRIC_REPRESENTATION_ITEM()
RATIONAL_B_SPLINE_CURVE((1.,1.))
REPRESENTATION_ITEM('')
);
#1928=(
BOUNDED_CURVE()
B_SPLINE_CURVE(2,(#4431,#4432,#4433),.UNSPECIFIED.,.F.,.F.)
B_SPLINE_CURVE_WITH_KNOTS((3,3),(0.,0.315303962898069),.UNSPECIFIED.)
CURVE()
GEOMETRIC_REPRESENTATION_ITEM()
RATIONAL_B_SPLINE_CURVE((1.,0.828448070803621,1.))
REPRESENTATION_ITEM('')
);
#1929=(
BOUNDED_CURVE()
B_SPLINE_CURVE(2,(#4434,#4435,#4436,#4437,#4438),.UNSPECIFIED.,.F.,.F.)
B_SPLINE_CURVE_WITH_KNOTS((3,2,3),(1.13922859366796,1.26642828823667,1.68857105098222),
 .UNSPECIFIED.)
CURVE()
GEOMETRIC_REPRESENTATION_ITEM()
RATIONAL_B_SPLINE_CURVE((1.,0.973764544965357,1.,0.707106781186548,1.))
REPRESENTATION_ITEM('')
);
#1930=(
BOUNDED_CURVE()
B_SPLINE_CURVE(2,(#4439,#4440,#4441,#4442,#4443),.UNSPECIFIED.,.F.,.F.)
B_SPLINE_CURVE_WITH_KNOTS((3,2,3),(1.13922859366796,1.26642828823667,1.68857105098222),
 .UNSPECIFIED.)
CURVE()
GEOMETRIC_REPRESENTATION_ITEM()
RATIONAL_B_SPLINE_CURVE((1.,0.973764544965357,1.,0.707106781186548,1.))
REPRESENTATION_ITEM('')
);
#1931=(
BOUNDED_CURVE()
B_SPLINE_CURVE(2,(#4444,#4445,#4446,#4447,#4448),.UNSPECIFIED.,.F.,.F.)
B_SPLINE_CURVE_WITH_KNOTS((3,2,3),(0.936275748032034,1.26642828823667,1.68857105098222),
 .UNSPECIFIED.)
CURVE()
GEOMETRIC_REPRESENTATION_ITEM()
RATIONAL_B_SPLINE_CURVE((1.,0.81255848331652,1.,0.707106781186548,1.))
REPRESENTATION_ITEM('')
);
#1932=(
BOUNDED_CURVE()
B_SPLINE_CURVE(2,(#4449,#4450,#4451,#4452,#4453),.UNSPECIFIED.,.F.,.F.)
B_SPLINE_CURVE_WITH_KNOTS((3,2,3),(0.936275748032034,1.26642828823667,1.68857105098222),
 .UNSPECIFIED.)
CURVE()
GEOMETRIC_REPRESENTATION_ITEM()
RATIONAL_B_SPLINE_CURVE((1.,0.81255848331652,1.,0.707106781186548,1.))
REPRESENTATION_ITEM('')
);
#1933=(
BOUNDED_CURVE()
B_SPLINE_CURVE(2,(#4454,#4455,#4456,#4457,#4458,#4459,#4460),
 .UNSPECIFIED.,.F.,.F.)
B_SPLINE_CURVE_WITH_KNOTS((3,2,2,3),(0.717085830922403,0.844285525491111,
1.26642828823667,1.68857105098222),.UNSPECIFIED.)
CURVE()
GEOMETRIC_REPRESENTATION_ITEM()
RATIONAL_B_SPLINE_CURVE((1.,0.973764544965358,1.,0.707106781186548,1.,0.707106781186548,
1.))
REPRESENTATION_ITEM('')
);
#1934=(
BOUNDED_CURVE()
B_SPLINE_CURVE(2,(#4461,#4462,#4463,#4464,#4465,#4466,#4467),
 .UNSPECIFIED.,.F.,.F.)
B_SPLINE_CURVE_WITH_KNOTS((3,2,2,3),(0.717085830922406,0.844285525491111,
1.26642828823667,1.68857105098222),.UNSPECIFIED.)
CURVE()
GEOMETRIC_REPRESENTATION_ITEM()
RATIONAL_B_SPLINE_CURVE((1.,0.973764544965359,1.,0.707106781186548,1.,0.707106781186548,
1.))
REPRESENTATION_ITEM('')
);
#1935=(
BOUNDED_CURVE()
B_SPLINE_CURVE(1,(#4468,#4469),.UNSPECIFIED.,.F.,.F.)
B_SPLINE_CURVE_WITH_KNOTS((2,2),(0.,5.),.UNSPECIFIED.)
CURVE()
GEOMETRIC_REPRESENTATION_ITEM()
RATIONAL_B_SPLINE_CURVE((1.,1.))
REPRESENTATION_ITEM('')
);
#1936=(
BOUNDED_CURVE()
B_SPLINE_CURVE(2,(#4482,#4483,#4484),.UNSPECIFIED.,.F.,.F.)
B_SPLINE_CURVE_WITH_KNOTS((3,3),(1.54126791223741,1.68857105098222),
 .UNSPECIFIED.)
CURVE()
GEOMETRIC_REPRESENTATION_ITEM()
RATIONAL_B_SPLINE_CURVE((1.,0.964248041998924,1.))
REPRESENTATION_ITEM('')
);
#1937=(
BOUNDED_CURVE()
B_SPLINE_CURVE(2,(#4485,#4486,#4487),.UNSPECIFIED.,.F.,.F.)
B_SPLINE_CURVE_WITH_KNOTS((3,3),(1.5412679122374,1.68857105098222),
 .UNSPECIFIED.)
CURVE()
GEOMETRIC_REPRESENTATION_ITEM()
RATIONAL_B_SPLINE_CURVE((1.,0.964248041998919,1.))
REPRESENTATION_ITEM('')
);
#1938=(
BOUNDED_CURVE()
B_SPLINE_CURVE(1,(#4488,#4489),.UNSPECIFIED.,.F.,.F.)
B_SPLINE_CURVE_WITH_KNOTS((2,2),(0.,5.),.UNSPECIFIED.)
CURVE()
GEOMETRIC_REPRESENTATION_ITEM()
RATIONAL_B_SPLINE_CURVE((1.,1.))
REPRESENTATION_ITEM('')
);
#1939=(
BOUNDED_CURVE()
B_SPLINE_CURVE(1,(#4490,#4491),.UNSPECIFIED.,.F.,.F.)
B_SPLINE_CURVE_WITH_KNOTS((2,2),(0.,5.),.UNSPECIFIED.)
CURVE()
GEOMETRIC_REPRESENTATION_ITEM()
RATIONAL_B_SPLINE_CURVE((1.,1.))
REPRESENTATION_ITEM('')
);
#1940=(
BOUNDED_CURVE()
B_SPLINE_CURVE(1,(#4522,#4523),.UNSPECIFIED.,.F.,.F.)
B_SPLINE_CURVE_WITH_KNOTS((2,2),(0.,5.),.UNSPECIFIED.)
CURVE()
GEOMETRIC_REPRESENTATION_ITEM()
RATIONAL_B_SPLINE_CURVE((1.,1.))
REPRESENTATION_ITEM('')
);
#1941=(
BOUNDED_CURVE()
B_SPLINE_CURVE(1,(#4524,#4525),.UNSPECIFIED.,.F.,.F.)
B_SPLINE_CURVE_WITH_KNOTS((2,2),(-5.,0.),.UNSPECIFIED.)
CURVE()
GEOMETRIC_REPRESENTATION_ITEM()
RATIONAL_B_SPLINE_CURVE((1.,1.))
REPRESENTATION_ITEM('')
);
#1942=(
BOUNDED_CURVE()
B_SPLINE_CURVE(1,(#4526,#4527),.UNSPECIFIED.,.F.,.F.)
B_SPLINE_CURVE_WITH_KNOTS((2,2),(0.,5.),.UNSPECIFIED.)
CURVE()
GEOMETRIC_REPRESENTATION_ITEM()
RATIONAL_B_SPLINE_CURVE((1.,1.))
REPRESENTATION_ITEM('')
);
#1943=(
BOUNDED_CURVE()
B_SPLINE_CURVE(1,(#4528,#4529),.UNSPECIFIED.,.F.,.F.)
B_SPLINE_CURVE_WITH_KNOTS((2,2),(-5.,0.),.UNSPECIFIED.)
CURVE()
GEOMETRIC_REPRESENTATION_ITEM()
RATIONAL_B_SPLINE_CURVE((1.,1.))
REPRESENTATION_ITEM('')
);
#1944=(
BOUNDED_CURVE()
B_SPLINE_CURVE(1,(#4530,#4531),.UNSPECIFIED.,.F.,.F.)
B_SPLINE_CURVE_WITH_KNOTS((2,2),(-5.,0.),.UNSPECIFIED.)
CURVE()
GEOMETRIC_REPRESENTATION_ITEM()
RATIONAL_B_SPLINE_CURVE((1.,1.))
REPRESENTATION_ITEM('')
);
#1945=(
BOUNDED_CURVE()
B_SPLINE_CURVE(2,(#4544,#4545,#4546,#4547,#4548,#4549,#4550,#4551,#4552,
#4553,#4554,#4555,#4556,#4557,#4558),.UNSPECIFIED.,.T.,.F.)
B_SPLINE_CURVE_WITH_KNOTS((3,2,2,2,2,2,2,3),(-18.8495559215388,-15.9209642712879,
-12.9923726210371,-10.0637809707863,-7.13518932053545,-4.71238898039431,
-2.28958864025318,-1.92437177304328E-11),.UNSPECIFIED.)
CURVE()
GEOMETRIC_REPRESENTATION_ITEM()
RATIONAL_B_SPLINE_CURVE((1.,0.883297335425651,1.,0.883297335425651,1.,0.883297335425651,
1.,0.883297335425651,1.,0.919335612626992,1.,0.919335612626992,1.,0.928296797553589,
1.))
REPRESENTATION_ITEM('')
);
#1946=(
BOUNDED_CURVE()
B_SPLINE_CURVE(2,(#4559,#4560,#4561,#4562,#4563,#4564,#4565,#4566,#4567,
#4568,#4569,#4570,#4571,#4572,#4573),.UNSPECIFIED.,.T.,.F.)
B_SPLINE_CURVE_WITH_KNOTS((3,2,2,2,2,2,2,3),(0.,2.28958864023393,4.71238898037506,
7.13518932051619,10.063780970767,12.9923726210178,15.9209642712687,18.8495559215195),
 .UNSPECIFIED.)
CURVE()
GEOMETRIC_REPRESENTATION_ITEM()
RATIONAL_B_SPLINE_CURVE((1.,0.928296797553584,1.,0.919335612626993,1.,0.919335612626993,
1.,0.883297335425651,1.,0.883297335425651,1.,0.883297335425651,1.,0.883297335425651,
1.))
REPRESENTATION_ITEM('')
);
#1947=(
BOUNDED_CURVE()
B_SPLINE_CURVE(2,(#4606,#4607,#4608,#4609,#4610,#4611,#4612,#4613,#4614),
 .UNSPECIFIED.,.T.,.F.)
B_SPLINE_CURVE_WITH_KNOTS((3,2,2,2,3),(0.,5.49764824431264,10.9952964886253,
16.4929447329379,21.9905929772506),.UNSPECIFIED.)
CURVE()
GEOMETRIC_REPRESENTATION_ITEM()
RATIONAL_B_SPLINE_CURVE((1.,0.707106781186548,1.,0.707106781186548,1.,0.707106781186548,
1.,0.707106781186548,1.))
REPRESENTATION_ITEM('')
);
#1948=(
BOUNDED_CURVE()
B_SPLINE_CURVE(1,(#4615,#4616),.UNSPECIFIED.,.F.,.F.)
B_SPLINE_CURVE_WITH_KNOTS((2,2),(30.8709677419355,38.3225806451613),
 .UNSPECIFIED.)
CURVE()
GEOMETRIC_REPRESENTATION_ITEM()
RATIONAL_B_SPLINE_CURVE((1.,1.))
REPRESENTATION_ITEM('')
);
#1949=(
BOUNDED_CURVE()
B_SPLINE_CURVE(2,(#4623,#4624,#4625,#4626,#4627,#4628,#4629,#4630,#4631),
 .UNSPECIFIED.,.T.,.F.)
B_SPLINE_CURVE_WITH_KNOTS((3,2,2,2,3),(0.,5.49764824431264,10.9952964886253,
16.4929447329379,21.9905929772506),.UNSPECIFIED.)
CURVE()
GEOMETRIC_REPRESENTATION_ITEM()
RATIONAL_B_SPLINE_CURVE((1.,0.707106781186548,1.,0.707106781186548,1.,0.707106781186548,
1.,0.707106781186548,1.))
REPRESENTATION_ITEM('')
);
#1950=(
BOUNDED_CURVE()
B_SPLINE_CURVE(2,(#4708,#4709,#4710,#4711,#4712,#4713,#4714,#4715,#4716),
 .UNSPECIFIED.,.T.,.F.)
B_SPLINE_CURVE_WITH_KNOTS((3,2,2,2,3),(0.,5.49778714378214,10.9955742875643,
16.4933614313464,21.9911485751286),.UNSPECIFIED.)
CURVE()
GEOMETRIC_REPRESENTATION_ITEM()
RATIONAL_B_SPLINE_CURVE((1.,0.707106781186548,1.,0.707106781186548,1.,0.707106781186548,
1.,0.707106781186548,1.))
REPRESENTATION_ITEM('')
);
#1951=(
BOUNDED_CURVE()
B_SPLINE_CURVE(1,(#4717,#4718),.UNSPECIFIED.,.F.,.F.)
B_SPLINE_CURVE_WITH_KNOTS((2,2),(0.,1.96189454160703),.UNSPECIFIED.)
CURVE()
GEOMETRIC_REPRESENTATION_ITEM()
RATIONAL_B_SPLINE_CURVE((1.,1.))
REPRESENTATION_ITEM('')
);
#1952=(
BOUNDED_CURVE()
B_SPLINE_CURVE(2,(#4719,#4720,#4721,#4722,#4723,#4724,#4725,#4726,#4727),
 .UNSPECIFIED.,.T.,.F.)
B_SPLINE_CURVE_WITH_KNOTS((3,2,2,2,3),(0.,2.35619449019234,4.71238898038469,
7.06858347057703,9.42477796076938),.UNSPECIFIED.)
CURVE()
GEOMETRIC_REPRESENTATION_ITEM()
RATIONAL_B_SPLINE_CURVE((1.,0.707106781186548,1.,0.707106781186548,1.,0.707106781186548,
1.,0.707106781186548,1.))
REPRESENTATION_ITEM('')
);
#1953=(
BOUNDED_CURVE()
B_SPLINE_CURVE(2,(#4728,#4729,#4730,#4731,#4732,#4733,#4734,#4735,#4736),
 .UNSPECIFIED.,.T.,.F.)
B_SPLINE_CURVE_WITH_KNOTS((3,2,2,2,3),(0.,2.35619449019234,4.71238898038469,
7.06858347057703,9.42477796076938),.UNSPECIFIED.)
CURVE()
GEOMETRIC_REPRESENTATION_ITEM()
RATIONAL_B_SPLINE_CURVE((1.,0.707106781186548,1.,0.707106781186548,1.,0.707106781186548,
1.,0.707106781186548,1.))
REPRESENTATION_ITEM('')
);
#1954=(
BOUNDED_CURVE()
B_SPLINE_CURVE(1,(#4808,#4809),.UNSPECIFIED.,.F.,.F.)
B_SPLINE_CURVE_WITH_KNOTS((2,2),(11.,16.),.UNSPECIFIED.)
CURVE()
GEOMETRIC_REPRESENTATION_ITEM()
RATIONAL_B_SPLINE_CURVE((1.,1.))
REPRESENTATION_ITEM('')
);
#1955=(
BOUNDED_CURVE()
B_SPLINE_CURVE(2,(#4810,#4811,#4812,#4813,#4814,#4815,#4816,#4817,#4818),
 .UNSPECIFIED.,.T.,.F.)
B_SPLINE_CURVE_WITH_KNOTS((3,2,2,2,3),(0.,5.49778714378214,10.9955742875643,
16.4933614313464,21.9911485751286),.UNSPECIFIED.)
CURVE()
GEOMETRIC_REPRESENTATION_ITEM()
RATIONAL_B_SPLINE_CURVE((1.,0.707106781186548,1.,0.707106781186548,1.,0.707106781186548,
1.,0.707106781186548,1.))
REPRESENTATION_ITEM('')
);
#1956=(
BOUNDED_CURVE()
B_SPLINE_CURVE(1,(#4819,#4820),.UNSPECIFIED.,.F.,.F.)
B_SPLINE_CURVE_WITH_KNOTS((2,2),(0.,1.96189454160699),.UNSPECIFIED.)
CURVE()
GEOMETRIC_REPRESENTATION_ITEM()
RATIONAL_B_SPLINE_CURVE((1.,1.))
REPRESENTATION_ITEM('')
);
#1957=(
BOUNDED_CURVE()
B_SPLINE_CURVE(2,(#4821,#4822,#4823,#4824,#4825,#4826,#4827,#4828,#4829),
 .UNSPECIFIED.,.T.,.F.)
B_SPLINE_CURVE_WITH_KNOTS((3,2,2,2,3),(0.,2.35619449019234,4.71238898038469,
7.06858347057703,9.42477796076938),.UNSPECIFIED.)
CURVE()
GEOMETRIC_REPRESENTATION_ITEM()
RATIONAL_B_SPLINE_CURVE((1.,0.707106781186548,1.,0.707106781186548,1.,0.707106781186548,
1.,0.707106781186548,1.))
REPRESENTATION_ITEM('')
);
#1958=(
BOUNDED_CURVE()
B_SPLINE_CURVE(2,(#4830,#4831,#4832,#4833,#4834,#4835,#4836,#4837,#4838),
 .UNSPECIFIED.,.T.,.F.)
B_SPLINE_CURVE_WITH_KNOTS((3,2,2,2,3),(0.,2.35619449019234,4.71238898038469,
7.06858347057703,9.42477796076938),.UNSPECIFIED.)
CURVE()
GEOMETRIC_REPRESENTATION_ITEM()
RATIONAL_B_SPLINE_CURVE((1.,0.707106781186548,1.,0.707106781186548,1.,0.707106781186548,
1.,0.707106781186548,1.))
REPRESENTATION_ITEM('')
);
#1959=(
BOUNDED_CURVE()
B_SPLINE_CURVE(1,(#4910,#4911),.UNSPECIFIED.,.F.,.F.)
B_SPLINE_CURVE_WITH_KNOTS((2,2),(11.,16.),.UNSPECIFIED.)
CURVE()
GEOMETRIC_REPRESENTATION_ITEM()
RATIONAL_B_SPLINE_CURVE((1.,1.))
REPRESENTATION_ITEM('')
);
#1960=(
BOUNDED_CURVE()
B_SPLINE_CURVE(2,(#4912,#4913,#4914),.UNSPECIFIED.,.F.,.F.)
B_SPLINE_CURVE_WITH_KNOTS((3,3),(26.4977280830928,34.7369193404688),
 .UNSPECIFIED.)
CURVE()
GEOMETRIC_REPRESENTATION_ITEM()
RATIONAL_B_SPLINE_CURVE((1.,0.796079263238299,1.))
REPRESENTATION_ITEM('')
);
#1961=(
BOUNDED_CURVE()
B_SPLINE_CURVE(1,(#4915,#4916),.UNSPECIFIED.,.F.,.F.)
B_SPLINE_CURVE_WITH_KNOTS((2,2),(-7.,-3.),.UNSPECIFIED.)
CURVE()
GEOMETRIC_REPRESENTATION_ITEM()
RATIONAL_B_SPLINE_CURVE((1.,1.))
REPRESENTATION_ITEM('')
);
#1962=(
BOUNDED_CURVE()
B_SPLINE_CURVE(2,(#4919,#4920,#4921,#4922,#4923),.UNSPECIFIED.,.F.,.F.)
B_SPLINE_CURVE_WITH_KNOTS((3,2,3),(-39.4633147560004,-30.1718598950335,
-21.8034192650388),.UNSPECIFIED.)
CURVE()
GEOMETRIC_REPRESENTATION_ITEM()
RATIONAL_B_SPLINE_CURVE((1.,0.736523051849677,1.,0.781338310304743,1.))
REPRESENTATION_ITEM('')
);
#1963=(
BOUNDED_CURVE()
B_SPLINE_CURVE(2,(#4924,#4925,#4926),.UNSPECIFIED.,.F.,.F.)
B_SPLINE_CURVE_WITH_KNOTS((3,3),(0.,0.218212048133928),.UNSPECIFIED.)
CURVE()
GEOMETRIC_REPRESENTATION_ITEM()
RATIONAL_B_SPLINE_CURVE((1.,0.999869702350796,1.))
REPRESENTATION_ITEM('')
);
#1964=(
BOUNDED_CURVE()
B_SPLINE_CURVE(2,(#4927,#4928,#4929),.UNSPECIFIED.,.F.,.F.)
B_SPLINE_CURVE_WITH_KNOTS((3,3),(34.7369193406774,39.4633147560004),
 .UNSPECIFIED.)
CURVE()
GEOMETRIC_REPRESENTATION_ITEM()
RATIONAL_B_SPLINE_CURVE((1.,0.930375864272022,1.))
REPRESENTATION_ITEM('')
);
#1965=(
BOUNDED_CURVE()
B_SPLINE_CURVE(1,(#4934,#4935),.UNSPECIFIED.,.F.,.F.)
B_SPLINE_CURVE_WITH_KNOTS((2,2),(3.,19.),.UNSPECIFIED.)
CURVE()
GEOMETRIC_REPRESENTATION_ITEM()
RATIONAL_B_SPLINE_CURVE((1.,1.))
REPRESENTATION_ITEM('')
);
#1966=(
BOUNDED_CURVE()
B_SPLINE_CURVE(2,(#4936,#4937,#4938),.UNSPECIFIED.,.F.,.F.)
B_SPLINE_CURVE_WITH_KNOTS((3,3),(21.7389042218496,26.4977280830928),
 .UNSPECIFIED.)
CURVE()
GEOMETRIC_REPRESENTATION_ITEM()
RATIONAL_B_SPLINE_CURVE((1.,0.92433670623751,1.))
REPRESENTATION_ITEM('')
);
#1967=(
BOUNDED_CURVE()
B_SPLINE_CURVE(1,(#4941,#4942),.UNSPECIFIED.,.F.,.F.)
B_SPLINE_CURVE_WITH_KNOTS((2,2),(0.,16.),.UNSPECIFIED.)
CURVE()
GEOMETRIC_REPRESENTATION_ITEM()
RATIONAL_B_SPLINE_CURVE((1.,1.))
REPRESENTATION_ITEM('')
);
#1968=(
BOUNDED_CURVE()
B_SPLINE_CURVE(2,(#4957,#4958,#4959),.UNSPECIFIED.,.F.,.F.)
B_SPLINE_CURVE_WITH_KNOTS((3,3),(-0.218212048133216,0.),.UNSPECIFIED.)
CURVE()
GEOMETRIC_REPRESENTATION_ITEM()
RATIONAL_B_SPLINE_CURVE((1.,0.999869702350796,1.))
REPRESENTATION_ITEM('')
);
#1969=(
BOUNDED_CURVE()
B_SPLINE_CURVE(1,(#4964,#4965),.UNSPECIFIED.,.F.,.F.)
B_SPLINE_CURVE_WITH_KNOTS((2,2),(0.,16.),.UNSPECIFIED.)
CURVE()
GEOMETRIC_REPRESENTATION_ITEM()
RATIONAL_B_SPLINE_CURVE((1.,1.))
REPRESENTATION_ITEM('')
);
#1970=(
BOUNDED_CURVE()
B_SPLINE_CURVE(2,(#5058,#5059,#5060,#5061,#5062,#5063,#5064,#5065,#5066),
 .UNSPECIFIED.,.T.,.F.)
B_SPLINE_CURVE_WITH_KNOTS((3,2,2,2,3),(0.,2.35619449019234,4.71238898038469,
7.06858347057703,9.42477796076938),.UNSPECIFIED.)
CURVE()
GEOMETRIC_REPRESENTATION_ITEM()
RATIONAL_B_SPLINE_CURVE((1.,0.707106781186548,1.,0.707106781186548,1.,0.707106781186548,
1.,0.707106781186548,1.))
REPRESENTATION_ITEM('')
);
#1971=(
BOUNDED_CURVE()
B_SPLINE_CURVE(2,(#5067,#5068,#5069,#5070,#5071,#5072,#5073,#5074,#5075),
 .UNSPECIFIED.,.T.,.F.)
B_SPLINE_CURVE_WITH_KNOTS((3,2,2,2,3),(-9.42477796076938,-7.06858347057703,
-4.71238898038469,-2.35619449019234,0.),.UNSPECIFIED.)
CURVE()
GEOMETRIC_REPRESENTATION_ITEM()
RATIONAL_B_SPLINE_CURVE((1.,0.707106781186548,1.,0.707106781186548,1.,0.707106781186548,
1.,0.707106781186548,1.))
REPRESENTATION_ITEM('')
);
#1972=(
BOUNDED_CURVE()
B_SPLINE_CURVE(1,(#5076,#5077),.UNSPECIFIED.,.F.,.F.)
B_SPLINE_CURVE_WITH_KNOTS((2,2),(3.73134328358209,4.62686567164179),
 .UNSPECIFIED.)
CURVE()
GEOMETRIC_REPRESENTATION_ITEM()
RATIONAL_B_SPLINE_CURVE((1.,1.))
REPRESENTATION_ITEM('')
);
#1973=VERTEX_POINT('',#2988);
#1974=VERTEX_POINT('',#2989);
#1975=VERTEX_POINT('',#2990);
#1976=VERTEX_POINT('',#2991);
#1977=VERTEX_POINT('',#2992);
#1978=VERTEX_POINT('',#2993);
#1979=VERTEX_POINT('',#2994);
#1980=VERTEX_POINT('',#2995);
#1981=VERTEX_POINT('',#2996);
#1982=VERTEX_POINT('',#2997);
#1983=VERTEX_POINT('',#2998);
#1984=VERTEX_POINT('',#2999);
#1985=VERTEX_POINT('',#3000);
#1986=VERTEX_POINT('',#3001);
#1987=VERTEX_POINT('',#3002);
#1988=VERTEX_POINT('',#3003);
#1989=VERTEX_POINT('',#3004);
#1990=VERTEX_POINT('',#3005);
#1991=VERTEX_POINT('',#3006);
#1992=VERTEX_POINT('',#3007);
#1993=VERTEX_POINT('',#3008);
#1994=VERTEX_POINT('',#3009);
#1995=VERTEX_POINT('',#3010);
#1996=VERTEX_POINT('',#3011);
#1997=VERTEX_POINT('',#3012);
#1998=VERTEX_POINT('',#3013);
#1999=VERTEX_POINT('',#3014);
#2000=VERTEX_POINT('',#3015);
#2001=VERTEX_POINT('',#3016);
#2002=VERTEX_POINT('',#3017);
#2003=VERTEX_POINT('',#3018);
#2004=VERTEX_POINT('',#3019);
#2005=VERTEX_POINT('',#3020);
#2006=VERTEX_POINT('',#3021);
#2007=VERTEX_POINT('',#3022);
#2008=VERTEX_POINT('',#3023);
#2009=VERTEX_POINT('',#3024);
#2010=VERTEX_POINT('',#3025);
#2011=VERTEX_POINT('',#3026);
#2012=VERTEX_POINT('',#3027);
#2013=VERTEX_POINT('',#3028);
#2014=VERTEX_POINT('',#3029);
#2015=VERTEX_POINT('',#3030);
#2016=VERTEX_POINT('',#3031);
#2017=VERTEX_POINT('',#3032);
#2018=VERTEX_POINT('',#3033);
#2019=VERTEX_POINT('',#3034);
#2020=VERTEX_POINT('',#3035);
#2021=VERTEX_POINT('',#3036);
#2022=VERTEX_POINT('',#3037);
#2023=VERTEX_POINT('',#3038);
#2024=VERTEX_POINT('',#3039);
#2025=VERTEX_POINT('',#3040);
#2026=VERTEX_POINT('',#3041);
#2027=VERTEX_POINT('',#3042);
#2028=VERTEX_POINT('',#3043);
#2029=VERTEX_POINT('',#3044);
#2030=VERTEX_POINT('',#3045);
#2031=VERTEX_POINT('',#3046);
#2032=VERTEX_POINT('',#3047);
#2033=VERTEX_POINT('',#3048);
#2034=VERTEX_POINT('',#3049);
#2035=VERTEX_POINT('',#3050);
#2036=VERTEX_POINT('',#3051);
#2037=VERTEX_POINT('',#3052);
#2038=VERTEX_POINT('',#3053);
#2039=VERTEX_POINT('',#3054);
#2040=VERTEX_POINT('',#3055);
#2041=VERTEX_POINT('',#3056);
#2042=VERTEX_POINT('',#3057);
#2043=VERTEX_POINT('',#3058);
#2044=VERTEX_POINT('',#3059);
#2045=VERTEX_POINT('',#3060);
#2046=VERTEX_POINT('',#3061);
#2047=VERTEX_POINT('',#3062);
#2048=VERTEX_POINT('',#3063);
#2049=VERTEX_POINT('',#3064);
#2050=VERTEX_POINT('',#3065);
#2051=VERTEX_POINT('',#3066);
#2052=VERTEX_POINT('',#3067);
#2053=VERTEX_POINT('',#3068);
#2054=VERTEX_POINT('',#3069);
#2055=VERTEX_POINT('',#3070);
#2056=VERTEX_POINT('',#3071);
#2057=VERTEX_POINT('',#3072);
#2058=VERTEX_POINT('',#3073);
#2059=VERTEX_POINT('',#3074);
#2060=VERTEX_POINT('',#3075);
#2061=VERTEX_POINT('',#3076);
#2062=VERTEX_POINT('',#3077);
#2063=VERTEX_POINT('',#3078);
#2064=VERTEX_POINT('',#3079);
#2065=VERTEX_POINT('',#3080);
#2066=VERTEX_POINT('',#3081);
#2067=VERTEX_POINT('',#3082);
#2068=VERTEX_POINT('',#3083);
#2069=VERTEX_POINT('',#3084);
#2070=VERTEX_POINT('',#3085);
#2071=VERTEX_POINT('',#3086);
#2072=VERTEX_POINT('',#3087);
#2073=VERTEX_POINT('',#3088);
#2074=VERTEX_POINT('',#3089);
#2075=VERTEX_POINT('',#3090);
#2076=VERTEX_POINT('',#3091);
#2077=VERTEX_POINT('',#3092);
#2078=VERTEX_POINT('',#3093);
#2079=VERTEX_POINT('',#3094);
#2080=VERTEX_POINT('',#3095);
#2081=VERTEX_POINT('',#3096);
#2082=VERTEX_POINT('',#3097);
#2083=VERTEX_POINT('',#3098);
#2084=VERTEX_POINT('',#3099);
#2085=VERTEX_POINT('',#3100);
#2086=VERTEX_POINT('',#3101);
#2087=VERTEX_POINT('',#3102);
#2088=VERTEX_POINT('',#3103);
#2089=VERTEX_POINT('',#3104);
#2090=VERTEX_POINT('',#3105);
#2091=VERTEX_POINT('',#3106);
#2092=VERTEX_POINT('',#3107);
#2093=VERTEX_POINT('',#3108);
#2094=VERTEX_POINT('',#3109);
#2095=VERTEX_POINT('',#3110);
#2096=VERTEX_POINT('',#3111);
#2097=VERTEX_POINT('',#3112);
#2098=VERTEX_POINT('',#3113);
#2099=VERTEX_POINT('',#3114);
#2100=VERTEX_POINT('',#3115);
#2101=VERTEX_POINT('',#3116);
#2102=VERTEX_POINT('',#3117);
#2103=VERTEX_POINT('',#3850);
#2104=VERTEX_POINT('',#3851);
#2105=VERTEX_POINT('',#4174);
#2106=VERTEX_POINT('',#4175);
#2107=VERTEX_POINT('',#4176);
#2108=VERTEX_POINT('',#4177);
#2109=VERTEX_POINT('',#4178);
#2110=VERTEX_POINT('',#4179);
#2111=VERTEX_POINT('',#4180);
#2112=VERTEX_POINT('',#4181);
#2113=VERTEX_POINT('',#4182);
#2114=VERTEX_POINT('',#4183);
#2115=VERTEX_POINT('',#4184);
#2116=VERTEX_POINT('',#4185);
#2117=VERTEX_POINT('',#4186);
#2118=VERTEX_POINT('',#4187);
#2119=VERTEX_POINT('',#4188);
#2120=VERTEX_POINT('',#4189);
#2121=VERTEX_POINT('',#4190);
#2122=VERTEX_POINT('',#4191);
#2123=VERTEX_POINT('',#4192);
#2124=VERTEX_POINT('',#4193);
#2125=VERTEX_POINT('',#4194);
#2126=VERTEX_POINT('',#4195);
#2127=VERTEX_POINT('',#4196);
#2128=VERTEX_POINT('',#4197);
#2129=VERTEX_POINT('',#4198);
#2130=VERTEX_POINT('',#4199);
#2131=VERTEX_POINT('',#4200);
#2132=VERTEX_POINT('',#4201);
#2133=VERTEX_POINT('',#4202);
#2134=VERTEX_POINT('',#4203);
#2135=VERTEX_POINT('',#4204);
#2136=VERTEX_POINT('',#4205);
#2137=VERTEX_POINT('',#4206);
#2138=VERTEX_POINT('',#4207);
#2139=VERTEX_POINT('',#4208);
#2140=VERTEX_POINT('',#4209);
#2141=VERTEX_POINT('',#4210);
#2142=VERTEX_POINT('',#4211);
#2143=VERTEX_POINT('',#4212);
#2144=VERTEX_POINT('',#4213);
#2145=VERTEX_POINT('',#4214);
#2146=VERTEX_POINT('',#4215);
#2147=VERTEX_POINT('',#4216);
#2148=VERTEX_POINT('',#4217);
#2149=VERTEX_POINT('',#4218);
#2150=VERTEX_POINT('',#4219);
#2151=VERTEX_POINT('',#4220);
#2152=VERTEX_POINT('',#4221);
#2153=VERTEX_POINT('',#4222);
#2154=VERTEX_POINT('',#4223);
#2155=VERTEX_POINT('',#4224);
#2156=VERTEX_POINT('',#4225);
#2157=VERTEX_POINT('',#4226);
#2158=VERTEX_POINT('',#4227);
#2159=VERTEX_POINT('',#4228);
#2160=VERTEX_POINT('',#4229);
#2161=VERTEX_POINT('',#4230);
#2162=VERTEX_POINT('',#4231);
#2163=VERTEX_POINT('',#4232);
#2164=VERTEX_POINT('',#4233);
#2165=VERTEX_POINT('',#4234);
#2166=VERTEX_POINT('',#4235);
#2167=VERTEX_POINT('',#4236);
#2168=VERTEX_POINT('',#4237);
#2169=VERTEX_POINT('',#4238);
#2170=VERTEX_POINT('',#4239);
#2171=VERTEX_POINT('',#4240);
#2172=VERTEX_POINT('',#4241);
#2173=VERTEX_POINT('',#4242);
#2174=VERTEX_POINT('',#4243);
#2175=VERTEX_POINT('',#4244);
#2176=VERTEX_POINT('',#4245);
#2177=VERTEX_POINT('',#4246);
#2178=VERTEX_POINT('',#4247);
#2179=VERTEX_POINT('',#4248);
#2180=VERTEX_POINT('',#4249);
#2181=VERTEX_POINT('',#4250);
#2182=VERTEX_POINT('',#4251);
#2183=VERTEX_POINT('',#4252);
#2184=VERTEX_POINT('',#4253);
#2185=VERTEX_POINT('',#4254);
#2186=VERTEX_POINT('',#4255);
#2187=VERTEX_POINT('',#4256);
#2188=VERTEX_POINT('',#4257);
#2189=VERTEX_POINT('',#4258);
#2190=VERTEX_POINT('',#4259);
#2191=VERTEX_POINT('',#4260);
#2192=VERTEX_POINT('',#4261);
#2193=VERTEX_POINT('',#4262);
#2194=VERTEX_POINT('',#4263);
#2195=VERTEX_POINT('',#4264);
#2196=VERTEX_POINT('',#4265);
#2197=VERTEX_POINT('',#4266);
#2198=VERTEX_POINT('',#4267);
#2199=VERTEX_POINT('',#4268);
#2200=VERTEX_POINT('',#4269);
#2201=VERTEX_POINT('',#4270);
#2202=VERTEX_POINT('',#4271);
#2203=VERTEX_POINT('',#4272);
#2204=VERTEX_POINT('',#4273);
#2205=VERTEX_POINT('',#4274);
#2206=VERTEX_POINT('',#4275);
#2207=VERTEX_POINT('',#4276);
#2208=VERTEX_POINT('',#4277);
#2209=VERTEX_POINT('',#4278);
#2210=VERTEX_POINT('',#4279);
#2211=VERTEX_POINT('',#4280);
#2212=VERTEX_POINT('',#4281);
#2213=VERTEX_POINT('',#4282);
#2214=VERTEX_POINT('',#4283);
#2215=VERTEX_POINT('',#4284);
#2216=VERTEX_POINT('',#4285);
#2217=VERTEX_POINT('',#4286);
#2218=VERTEX_POINT('',#4287);
#2219=VERTEX_POINT('',#4288);
#2220=VERTEX_POINT('',#4289);
#2221=VERTEX_POINT('',#4290);
#2222=B_SPLINE_SURFACE_WITH_KNOTS('',5,1,((#2640,#2641),(#2642,#2643),(#2644,
#2645),(#2646,#2647),(#2648,#2649),(#2650,#2651)),.UNSPECIFIED.,.F.,.F.,
 .F.,(6,6),(2,2),(0.,8.08019889396816),(-8.00000000000005,14.),
 .UNSPECIFIED.);
#2223=B_SPLINE_SURFACE_WITH_KNOTS('',5,1,((#2652,#2653),(#2654,#2655),(#2656,
#2657),(#2658,#2659),(#2660,#2661),(#2662,#2663)),.UNSPECIFIED.,.F.,.F.,
 .F.,(6,6),(2,2),(0.,8.08019889396713),(-8.00000000000009,14.0000000000002),
 .UNSPECIFIED.);
#2224=B_SPLINE_SURFACE_WITH_KNOTS('',1,5,((#2664,#2665,#2666,#2667,#2668,
#2669),(#2670,#2671,#2672,#2673,#2674,#2675)),.UNSPECIFIED.,.F.,.F.,.F.,
(2,2),(6,6),(-5.00000000000005,11.),(0.,3.15784609565709),.UNSPECIFIED.);
#2225=B_SPLINE_SURFACE_WITH_KNOTS('',5,1,((#2676,#2677),(#2678,#2679),(#2680,
#2681),(#2682,#2683),(#2684,#2685),(#2686,#2687)),.UNSPECIFIED.,.F.,.F.,
 .F.,(6,6),(2,2),(0.,7.13938784694672),(-5.,11.),.UNSPECIFIED.);
#2226=B_SPLINE_SURFACE_WITH_KNOTS('',1,5,((#2688,#2689,#2690,#2691,#2692,
#2693),(#2694,#2695,#2696,#2697,#2698,#2699)),.UNSPECIFIED.,.F.,.F.,.F.,
(2,2),(6,6),(-4.99999999999999,11.0000000000001),(0.,3.15784609565719),
 .UNSPECIFIED.);
#2227=B_SPLINE_SURFACE_WITH_KNOTS('',5,1,((#2700,#2701),(#2702,#2703),(#2704,
#2705),(#2706,#2707),(#2708,#2709),(#2710,#2711)),.UNSPECIFIED.,.F.,.F.,
 .F.,(6,6),(2,2),(0.,7.13938784694811),(-5.00000000000001,11.),
 .UNSPECIFIED.);
#2228=B_SPLINE_SURFACE_WITH_KNOTS('',1,5,((#2716,#2717,#2718,#2719,#2720,
#2721),(#2722,#2723,#2724,#2725,#2726,#2727)),.UNSPECIFIED.,.F.,.F.,.F.,
(2,2),(6,6),(-1.00000000000001,9.00000000000001),(0.,1.),.UNSPECIFIED.);
#2229=B_SPLINE_SURFACE_WITH_KNOTS('',1,5,((#2728,#2729,#2730,#2731,#2732,
#2733),(#2734,#2735,#2736,#2737,#2738,#2739)),.UNSPECIFIED.,.F.,.F.,.F.,
(2,2),(6,6),(-1.00000000000001,9.),(0.,1.),.UNSPECIFIED.);
#2230=B_SPLINE_SURFACE_WITH_KNOTS('',1,5,((#2740,#2741,#2742,#2743,#2744,
#2745),(#2746,#2747,#2748,#2749,#2750,#2751)),.UNSPECIFIED.,.F.,.F.,.F.,
(2,2),(6,6),(-0.999999999999999,9.),(0.,1.),.UNSPECIFIED.);
#2231=B_SPLINE_SURFACE_WITH_KNOTS('',1,5,((#2752,#2753,#2754,#2755,#2756,
#2757),(#2758,#2759,#2760,#2761,#2762,#2763)),.UNSPECIFIED.,.F.,.F.,.F.,
(2,2),(6,6),(-1.00000000000001,9.00000000000001),(0.,1.),.UNSPECIFIED.);
#2232=B_SPLINE_SURFACE_WITH_KNOTS('',1,5,((#2764,#2765,#2766,#2767,#2768,
#2769),(#2770,#2771,#2772,#2773,#2774,#2775)),.UNSPECIFIED.,.F.,.F.,.F.,
(2,2),(6,6),(-1.,9.00000000000002),(0.,1.),.UNSPECIFIED.);
#2233=B_SPLINE_SURFACE_WITH_KNOTS('',1,5,((#2776,#2777,#2778,#2779,#2780,
#2781),(#2782,#2783,#2784,#2785,#2786,#2787)),.UNSPECIFIED.,.F.,.F.,.F.,
(2,2),(6,6),(-1.,9.),(0.,1.),.UNSPECIFIED.);
#2234=B_SPLINE_SURFACE_WITH_KNOTS('',1,5,((#2788,#2789,#2790,#2791,#2792,
#2793),(#2794,#2795,#2796,#2797,#2798,#2799)),.UNSPECIFIED.,.F.,.F.,.F.,
(2,2),(6,6),(-1.,8.99999999999999),(0.,1.),.UNSPECIFIED.);
#2235=B_SPLINE_SURFACE_WITH_KNOTS('',1,5,((#2808,#2809,#2810,#2811,#2812,
#2813),(#2814,#2815,#2816,#2817,#2818,#2819)),.UNSPECIFIED.,.F.,.F.,.F.,
(2,2),(6,6),(-8.00000000000005,14.),(0.,8.08019889396816),.UNSPECIFIED.);
#2236=B_SPLINE_SURFACE_WITH_KNOTS('',1,5,((#2820,#2821,#2822,#2823,#2824,
#2825),(#2826,#2827,#2828,#2829,#2830,#2831)),.UNSPECIFIED.,.F.,.F.,.F.,
(2,2),(6,6),(-8.00000000000009,14.0000000000002),(0.,8.08019889396713),
 .UNSPECIFIED.);
#2237=B_SPLINE_SURFACE_WITH_KNOTS('',5,1,((#2832,#2833),(#2834,#2835),(#2836,
#2837),(#2838,#2839),(#2840,#2841),(#2842,#2843)),.UNSPECIFIED.,.F.,.F.,
 .F.,(6,6),(2,2),(0.,3.15784609565709),(-5.00000000000005,11.),
 .UNSPECIFIED.);
#2238=B_SPLINE_SURFACE_WITH_KNOTS('',1,5,((#2844,#2845,#2846,#2847,#2848,
#2849),(#2850,#2851,#2852,#2853,#2854,#2855)),.UNSPECIFIED.,.F.,.F.,.F.,
(2,2),(6,6),(-5.,11.),(0.,7.13938784694672),.UNSPECIFIED.);
#2239=B_SPLINE_SURFACE_WITH_KNOTS('',5,1,((#2856,#2857),(#2858,#2859),(#2860,
#2861),(#2862,#2863),(#2864,#2865),(#2866,#2867)),.UNSPECIFIED.,.F.,.F.,
 .F.,(6,6),(2,2),(0.,3.15784609565719),(-4.99999999999999,11.0000000000001),
 .UNSPECIFIED.);
#2240=B_SPLINE_SURFACE_WITH_KNOTS('',1,5,((#2868,#2869,#2870,#2871,#2872,
#2873),(#2874,#2875,#2876,#2877,#2878,#2879)),.UNSPECIFIED.,.F.,.F.,.F.,
(2,2),(6,6),(-5.00000000000001,11.),(0.,7.13938784694811),.UNSPECIFIED.);
#2241=B_SPLINE_SURFACE_WITH_KNOTS('',5,1,((#2884,#2885),(#2886,#2887),(#2888,
#2889),(#2890,#2891),(#2892,#2893),(#2894,#2895)),.UNSPECIFIED.,.F.,.F.,
 .F.,(6,6),(2,2),(0.,1.),(-1.00000000000001,9.00000000000001),
 .UNSPECIFIED.);
#2242=B_SPLINE_SURFACE_WITH_KNOTS('',5,1,((#2896,#2897),(#2898,#2899),(#2900,
#2901),(#2902,#2903),(#2904,#2905),(#2906,#2907)),.UNSPECIFIED.,.F.,.F.,
 .F.,(6,6),(2,2),(0.,1.),(-1.00000000000001,9.),.UNSPECIFIED.);
#2243=B_SPLINE_SURFACE_WITH_KNOTS('',5,1,((#2908,#2909),(#2910,#2911),(#2912,
#2913),(#2914,#2915),(#2916,#2917),(#2918,#2919)),.UNSPECIFIED.,.F.,.F.,
 .F.,(6,6),(2,2),(0.,1.),(-0.999999999999999,9.),.UNSPECIFIED.);
#2244=B_SPLINE_SURFACE_WITH_KNOTS('',5,1,((#2920,#2921),(#2922,#2923),(#2924,
#2925),(#2926,#2927),(#2928,#2929),(#2930,#2931)),.UNSPECIFIED.,.F.,.F.,
 .F.,(6,6),(2,2),(0.,1.),(-1.00000000000001,9.00000000000001),
 .UNSPECIFIED.);
#2245=B_SPLINE_SURFACE_WITH_KNOTS('',5,1,((#2932,#2933),(#2934,#2935),(#2936,
#2937),(#2938,#2939),(#2940,#2941),(#2942,#2943)),.UNSPECIFIED.,.F.,.F.,
 .F.,(6,6),(2,2),(0.,1.),(-1.,9.00000000000002),.UNSPECIFIED.);
#2246=B_SPLINE_SURFACE_WITH_KNOTS('',5,1,((#2944,#2945),(#2946,#2947),(#2948,
#2949),(#2950,#2951),(#2952,#2953),(#2954,#2955)),.UNSPECIFIED.,.F.,.F.,
 .F.,(6,6),(2,2),(0.,1.),(-1.,9.),.UNSPECIFIED.);
#2247=B_SPLINE_SURFACE_WITH_KNOTS('',5,1,((#2956,#2957),(#2958,#2959),(#2960,
#2961),(#2962,#2963),(#2964,#2965),(#2966,#2967)),.UNSPECIFIED.,.F.,.F.,
 .F.,(6,6),(2,2),(0.,1.),(-1.,8.99999999999999),.UNSPECIFIED.);
#2248=B_SPLINE_SURFACE_WITH_KNOTS('',1,5,((#3875,#3876,#3877,#3878,#3879,
#3880),(#3881,#3882,#3883,#3884,#3885,#3886)),.UNSPECIFIED.,.F.,.F.,.F.,
(2,2),(6,6),(0.,12.5437270268873),(-127.723008797478,-118.308795235105),
 .UNSPECIFIED.);
#2249=B_SPLINE_SURFACE_WITH_KNOTS('',1,5,((#3888,#3889,#3890,#3891,#3892,
#3893),(#3894,#3895,#3896,#3897,#3898,#3899)),.UNSPECIFIED.,.F.,.F.,.F.,
(2,2),(6,6),(0.,12.5437270268873),(-117.20590796975,-107.791694407377),
 .UNSPECIFIED.);
#2250=B_SPLINE_SURFACE_WITH_KNOTS('',1,5,((#3901,#3902,#3903,#3904,#3905,
#3906),(#3907,#3908,#3909,#3910,#3911,#3912)),.UNSPECIFIED.,.F.,.F.,.F.,
(2,2),(6,6),(0.,12.5437270268873),(-103.411358243765,-93.9971446813922),
 .UNSPECIFIED.);
#2251=B_SPLINE_SURFACE_WITH_KNOTS('',1,5,((#3914,#3915,#3916,#3917,#3918,
#3919),(#3920,#3921,#3922,#3923,#3924,#3925)),.UNSPECIFIED.,.F.,.F.,.F.,
(2,2),(6,6),(0.,12.5437270268873),(-92.8942574160374,-83.4800438536643),
 .UNSPECIFIED.);
#2252=B_SPLINE_SURFACE_WITH_KNOTS('',1,5,((#3940,#3941,#3942,#3943,#3944,
#3945),(#3946,#3947,#3948,#3949,#3950,#3951)),.UNSPECIFIED.,.F.,.F.,.F.,
(2,2),(6,6),(-0.500000000000004,5.5),(0.,0.482574623842383),
 .UNSPECIFIED.);
#2253=B_SPLINE_SURFACE_WITH_KNOTS('',1,5,((#3952,#3953,#3954,#3955,#3956,
#3957),(#3958,#3959,#3960,#3961,#3962,#3963)),.UNSPECIFIED.,.F.,.F.,.F.,
(2,2),(6,6),(-0.5,5.50000000000001),(0.,0.482574623842385),
 .UNSPECIFIED.);
#2254=B_SPLINE_SURFACE_WITH_KNOTS('',1,5,((#3964,#3965,#3966,#3967,#3968,
#3969),(#3970,#3971,#3972,#3973,#3974,#3975)),.UNSPECIFIED.,.F.,.F.,.F.,
(2,2),(6,6),(-0.5,5.5),(0.,0.482574623842396),.UNSPECIFIED.);
#2255=B_SPLINE_SURFACE_WITH_KNOTS('',5,1,((#3976,#3977),(#3978,#3979),(#3980,
#3981),(#3982,#3983),(#3984,#3985),(#3986,#3987)),.UNSPECIFIED.,.F.,.F.,
 .F.,(6,6),(2,2),(0.,3.76568542494928),(-2.00000000000002,7.00000000000001),
 .UNSPECIFIED.);
#2256=B_SPLINE_SURFACE_WITH_KNOTS('',5,1,((#3988,#3989),(#3990,#3991),(#3992,
#3993),(#3994,#3995),(#3996,#3997),(#3998,#3999)),.UNSPECIFIED.,.F.,.F.,
 .F.,(6,6),(2,2),(0.,3.7656854249493),(-2.00000000000002,7.),
 .UNSPECIFIED.);
#2257=B_SPLINE_SURFACE_WITH_KNOTS('',1,5,((#4003,#4004,#4005,#4006,#4007,
#4008),(#4009,#4010,#4011,#4012,#4013,#4014)),.UNSPECIFIED.,.F.,.F.,.F.,
(2,2),(6,6),(-5.,21.),(0.,7.98591775361914),.UNSPECIFIED.);
#2258=B_SPLINE_SURFACE_WITH_KNOTS('',1,5,((#4015,#4016,#4017,#4018,#4019,
#4020),(#4021,#4022,#4023,#4024,#4025,#4026)),.UNSPECIFIED.,.F.,.F.,.F.,
(2,2),(6,6),(-5.00000000000001,21.),(0.,7.98591775361916),.UNSPECIFIED.);
#2259=B_SPLINE_SURFACE_WITH_KNOTS('',5,1,((#4032,#4033),(#4034,#4035),(#4036,
#4037),(#4038,#4039),(#4040,#4041),(#4042,#4043)),.UNSPECIFIED.,.F.,.F.,
 .F.,(6,6),(2,2),(0.,1.67344411305201),(-0.999999999999995,17.),
 .UNSPECIFIED.);
#2260=B_SPLINE_SURFACE_WITH_KNOTS('',5,1,((#4044,#4045),(#4046,#4047),(#4048,
#4049),(#4050,#4051),(#4052,#4053),(#4054,#4055)),.UNSPECIFIED.,.F.,.F.,
 .F.,(6,6),(2,2),(0.,1.67344411305201),(-1.,17.),.UNSPECIFIED.);
#2261=B_SPLINE_SURFACE_WITH_KNOTS('',5,1,((#4056,#4057),(#4058,#4059),(#4060,
#4061),(#4062,#4063),(#4064,#4065),(#4066,#4067)),.UNSPECIFIED.,.F.,.F.,
 .F.,(6,6),(2,2),(0.,1.88284271247463),(-0.999999999999986,17.),
 .UNSPECIFIED.);
#2262=B_SPLINE_SURFACE_WITH_KNOTS('',1,5,((#4068,#4069,#4070,#4071,#4072,
#4073),(#4074,#4075,#4076,#4077,#4078,#4079)),.UNSPECIFIED.,.F.,.F.,.F.,
(2,2),(6,6),(-0.999999999999988,17.),(0.,1.88284271247464),
 .UNSPECIFIED.);
#2263=B_SPLINE_SURFACE_WITH_KNOTS('',5,1,((#4081,#4082),(#4083,#4084),(#4085,
#4086),(#4087,#4088),(#4089,#4090),(#4091,#4092)),.UNSPECIFIED.,.F.,.F.,
 .F.,(6,6),(2,2),(0.,1.88284271247462),(-1.,17.),.UNSPECIFIED.);
#2264=B_SPLINE_SURFACE_WITH_KNOTS('',1,5,((#4093,#4094,#4095,#4096,#4097,
#4098),(#4099,#4100,#4101,#4102,#4103,#4104)),.UNSPECIFIED.,.F.,.F.,.F.,
(2,2),(6,6),(-1.,17.),(0.,1.88284271247462),.UNSPECIFIED.);
#2265=PLANE('',#2447);
#2266=PLANE('',#2459);
#2267=PLANE('',#2468);
#2268=PLANE('',#2469);
#2269=PLANE('',#2470);
#2270=PLANE('',#2471);
#2271=PLANE('',#2472);
#2272=PLANE('',#2473);
#2273=PLANE('',#2474);
#2274=PLANE('',#2475);
#2275=PLANE('',#2476);
#2276=PLANE('',#2477);
#2277=PLANE('',#2478);
#2278=PLANE('',#2479);
#2279=PLANE('',#2480);
#2280=PLANE('',#2481);
#2281=PLANE('',#2482);
#2282=PLANE('',#2483);
#2283=PLANE('',#2484);
#2284=PLANE('',#2485);
#2285=PLANE('',#2489);
#2286=PLANE('',#2490);
#2287=PLANE('',#2491);
#2288=PLANE('',#2492);
#2289=PLANE('',#2493);
#2290=PLANE('',#2494);
#2291=PLANE('',#2495);
#2292=PLANE('',#2496);
#2293=PLANE('',#2497);
#2294=PLANE('',#2498);
#2295=PLANE('',#2499);
#2296=PLANE('',#2500);
#2297=PLANE('',#2502);
#2298=PLANE('',#2503);
#2299=PLANE('',#2504);
#2300=PLANE('',#2509);
#2301=PLANE('',#2510);
#2302=PLANE('',#2511);
#2303=PLANE('',#2512);
#2304=PLANE('',#2513);
#2305=PLANE('',#2519);
#2306=PLANE('',#2521);
#2307=PLANE('',#2522);
#2308=PLANE('',#2523);
#2309=PLANE('',#2524);
#2310=PLANE('',#2525);
#2311=PLANE('',#2526);
#2312=PLANE('',#2527);
#2313=PLANE('',#2528);
#2314=CYLINDRICAL_SURFACE('',#2444,5.00000000000003);
#2315=CYLINDRICAL_SURFACE('',#2445,7.99999999999994);
#2316=CYLINDRICAL_SURFACE('',#2446,8.);
#2317=CYLINDRICAL_SURFACE('',#2448,7.47411865084766);
#2318=CYLINDRICAL_SURFACE('',#2449,7.47411865084736);
#2319=CYLINDRICAL_SURFACE('',#2450,7.47411865084736);
#2320=CYLINDRICAL_SURFACE('',#2451,7.47411865084716);
#2321=CYLINDRICAL_SURFACE('',#2452,0.365365487577173);
#2322=CYLINDRICAL_SURFACE('',#2453,0.365365487577171);
#2323=CYLINDRICAL_SURFACE('',#2454,0.365365487577173);
#2324=CYLINDRICAL_SURFACE('',#2455,0.365365487577171);
#2325=CYLINDRICAL_SURFACE('',#2456,5.00000000000003);
#2326=CYLINDRICAL_SURFACE('',#2457,7.99999999999994);
#2327=CYLINDRICAL_SURFACE('',#2458,8.);
#2328=CYLINDRICAL_SURFACE('',#2460,7.47411865084766);
#2329=CYLINDRICAL_SURFACE('',#2461,7.47411865084736);
#2330=CYLINDRICAL_SURFACE('',#2462,7.47411865084736);
#2331=CYLINDRICAL_SURFACE('',#2463,7.47411865084712);
#2332=CYLINDRICAL_SURFACE('',#2464,0.365365487577168);
#2333=CYLINDRICAL_SURFACE('',#2465,0.36536548757717);
#2334=CYLINDRICAL_SURFACE('',#2466,0.36536548757717);
#2335=CYLINDRICAL_SURFACE('',#2467,0.365365487577168);
#2336=CYLINDRICAL_SURFACE('',#2486,0.365365487577171);
#2337=CYLINDRICAL_SURFACE('',#2487,7.47411865084766);
#2338=CYLINDRICAL_SURFACE('',#2488,6.15294150332633);
#2339=CYLINDRICAL_SURFACE('',#2501,3.);
#2340=CYLINDRICAL_SURFACE('',#2505,0.268744429525694);
#2341=CYLINDRICAL_SURFACE('',#2506,0.268744429525696);
#2342=CYLINDRICAL_SURFACE('',#2507,0.268744429525697);
#2343=CYLINDRICAL_SURFACE('',#2508,0.268744429525701);
#2344=CYLINDRICAL_SURFACE('',#2514,3.5);
#2345=CYLINDRICAL_SURFACE('',#2515,1.5);
#2346=CYLINDRICAL_SURFACE('',#2516,3.5);
#2347=CYLINDRICAL_SURFACE('',#2517,1.5);
#2348=CYLINDRICAL_SURFACE('',#2518,6.2807816142088);
#2349=CYLINDRICAL_SURFACE('',#2520,1.5);
#2350=CYLINDRICAL_SURFACE('',#2529,3.);
#2351=CYLINDRICAL_SURFACE('',#2530,0.268744429525694);
#2352=CYLINDRICAL_SURFACE('',#2531,0.268744429525696);
#2353=CYLINDRICAL_SURFACE('',#2532,0.268744429525697);
#2354=CYLINDRICAL_SURFACE('',#2533,0.268744429525701);
#2355=CYLINDRICAL_SURFACE('',#2534,6.2807816142088);
#2356=SHAPE_DEFINITION_REPRESENTATION(#2357,#2442);
#2357=PRODUCT_DEFINITION_SHAPE('Document','',#2359);
#2358=PRODUCT_DEFINITION_CONTEXT('3D Mechanical Parts',#2431,'design');
#2359=PRODUCT_DEFINITION('A','First version',#2401,#2358);
#2360=DATE_TIME_ROLE('classification_date');
#2361=DATE_TIME_ROLE('creation_date');
#2362=APPLIED_DATE_AND_TIME_ASSIGNMENT(#2386,#2360,(#2365));
#2363=APPLIED_DATE_AND_TIME_ASSIGNMENT(#2388,#2361,(#2359));
#2364=SECURITY_CLASSIFICATION_LEVEL('unclassified');
#2365=SECURITY_CLASSIFICATION('A','Security for version',#2364);
#2366=APPLIED_SECURITY_CLASSIFICATION_ASSIGNMENT(#2365,(#2401));
#2367=APPROVAL_ROLE('Version approval');
#2368=APPROVAL_ROLE('Version Security approval');
#2369=APPROVAL_ROLE('Definition approval');
#2370=APPROVAL_PERSON_ORGANIZATION(#2419,#2395,#2367);
#2371=APPROVAL_PERSON_ORGANIZATION(#2420,#2396,#2368);
#2372=APPROVAL_PERSON_ORGANIZATION(#2423,#2397,#2369);
#2373=COORDINATED_UNIVERSAL_TIME_OFFSET(5,0,.BEHIND.);
#2374=LOCAL_TIME(0,0,0.,#2373);
#2375=LOCAL_TIME(0,0,0.,#2373);
#2376=LOCAL_TIME(0,0,0.,#2373);
#2377=LOCAL_TIME(0,0,0.,#2373);
#2378=LOCAL_TIME(0,0,0.,#2373);
#2379=CALENDAR_DATE(1999,1,1);
#2380=CALENDAR_DATE(1999,1,1);
#2381=CALENDAR_DATE(1999,1,1);
#2382=CALENDAR_DATE(1999,1,1);
#2383=CALENDAR_DATE(1999,1,1);
#2384=DATE_AND_TIME(#2379,#2374);
#2385=DATE_AND_TIME(#2380,#2375);
#2386=DATE_AND_TIME(#2381,#2376);
#2387=DATE_AND_TIME(#2382,#2377);
#2388=DATE_AND_TIME(#2383,#2378);
#2389=APPROVAL_DATE_TIME(#2384,#2395);
#2390=APPROVAL_DATE_TIME(#2385,#2396);
#2391=APPROVAL_DATE_TIME(#2387,#2397);
#2392=APPROVAL_STATUS('not_yet_approved');
#2393=APPROVAL_STATUS('not_yet_approved');
#2394=APPROVAL_STATUS('approved');
#2395=APPROVAL(#2392,'Version approval');
#2396=APPROVAL(#2393,'Version Security approval');
#2397=APPROVAL(#2394,'Definition approval');
#2398=APPLIED_APPROVAL_ASSIGNMENT(#2395,(#2401));
#2399=APPLIED_APPROVAL_ASSIGNMENT(#2396,(#2365));
#2400=APPLIED_APPROVAL_ASSIGNMENT(#2397,(#2359));
#2401=PRODUCT_DEFINITION_FORMATION_WITH_SPECIFIED_SOURCE('A',
'First version',#2433,.MADE.);
#2402=PERSON_AND_ORGANIZATION_ROLE('design_owner');
#2403=PERSON_AND_ORGANIZATION_ROLE('creator');
#2404=PERSON_AND_ORGANIZATION_ROLE('design_supplier');
#2405=PERSON_AND_ORGANIZATION_ROLE('classification_officer');
#2406=PERSON_AND_ORGANIZATION_ROLE('creator');
#2407=ORGANIZATION('STI','lab','lab');
#2408=ORGANIZATION('STI','unknown','unknown');
#2409=ORGANIZATION('STI','unknown','unknown');
#2410=ORGANIZATION('STI','unknown','unknown');
#2411=ORGANIZATION('STI','unknown','unknown');
#2412=ORGANIZATION('STI','unknown','unknown');
#2413=ORGANIZATION('STI','unknown','unknown');
#2414=PERSON('1','Box','vc60',$,$,$);
#2415=PERSON('2','last','first',$,$,$);
#2416=PERSON('3','President','Mr.',$,$,$);
#2417=PERSON_AND_ORGANIZATION(#2414,#2407);
#2418=PERSON_AND_ORGANIZATION(#2415,#2408);
#2419=PERSON_AND_ORGANIZATION(#2416,#2409);
#2420=PERSON_AND_ORGANIZATION(#2416,#2410);
#2421=PERSON_AND_ORGANIZATION(#2416,#2411);
#2422=PERSON_AND_ORGANIZATION(#2415,#2412);
#2423=PERSON_AND_ORGANIZATION(#2416,#2413);
#2424=APPLIED_PERSON_AND_ORGANIZATION_ASSIGNMENT(#2417,#2402,(#2433));
#2425=APPLIED_PERSON_AND_ORGANIZATION_ASSIGNMENT(#2418,#2403,(#2401));
#2426=APPLIED_PERSON_AND_ORGANIZATION_ASSIGNMENT(#2418,#2404,(#2401));
#2427=APPLIED_PERSON_AND_ORGANIZATION_ASSIGNMENT(#2421,#2405,(#2365));
#2428=APPLIED_PERSON_AND_ORGANIZATION_ASSIGNMENT(#2422,#2406,(#2359));
#2429=PRODUCT_RELATED_PRODUCT_CATEGORY('detail','detail',(#2433));
#2430=APPLICATION_PROTOCOL_DEFINITION('International Standard',
'config_control_design',1994,#2431);
#2431=APPLICATION_CONTEXT(
'configuration controlled 3d designs of mechanical parts and assemblie
s');
#2432=PRODUCT_CONTEXT('3D Mechanical Parts',#2431,'mechanical');
#2433=PRODUCT('Document','Document','',(#2432));
#2434=(
LENGTH_UNIT()
NAMED_UNIT(*)
SI_UNIT(.MILLI.,.METRE.)
);
#2435=(
NAMED_UNIT(*)
PLANE_ANGLE_UNIT()
SI_UNIT($,.RADIAN.)
);
#2436=DIMENSIONAL_EXPONENTS(0.,0.,0.,0.,0.,0.,0.);
#2437=PLANE_ANGLE_MEASURE_WITH_UNIT(PLANE_ANGLE_MEASURE(0.01745329252),
#2435);
#2438=(
CONVERSION_BASED_UNIT('DEGREES',#2437)
NAMED_UNIT(#2436)
PLANE_ANGLE_UNIT()
);
#2439=(
NAMED_UNIT(*)
SI_UNIT($,.STERADIAN.)
SOLID_ANGLE_UNIT()
);
#2440=UNCERTAINTY_MEASURE_WITH_UNIT(LENGTH_MEASURE(0.001),#2434,
'DISTANCE_ACCURACY_VALUE',
'Maximum model space distance between geometric entities at asserted c
onnectivities');
#2441=(
GEOMETRIC_REPRESENTATION_CONTEXT(3)
GLOBAL_UNCERTAINTY_ASSIGNED_CONTEXT((#2440))
GLOBAL_UNIT_ASSIGNED_CONTEXT((#2439,#2438,#2434))
REPRESENTATION_CONTEXT('ID1','3D')
);
#2442=SHAPE_REPRESENTATION('Document',(#2443,#2535),#2441);
#2443=AXIS2_PLACEMENT_3D('',#2631,#2536,#2537);
#2444=AXIS2_PLACEMENT_3D('',#2632,#2538,$);
#2445=AXIS2_PLACEMENT_3D('',#2633,#2539,$);
#2446=AXIS2_PLACEMENT_3D('',#2634,#2540,$);
#2447=AXIS2_PLACEMENT_3D('',#2635,#2541,$);
#2448=AXIS2_PLACEMENT_3D('',#2636,#2542,$);
#2449=AXIS2_PLACEMENT_3D('',#2637,#2543,$);
#2450=AXIS2_PLACEMENT_3D('',#2638,#2544,$);
#2451=AXIS2_PLACEMENT_3D('',#2639,#2545,$);
#2452=AXIS2_PLACEMENT_3D('',#2712,#2546,$);
#2453=AXIS2_PLACEMENT_3D('',#2713,#2547,$);
#2454=AXIS2_PLACEMENT_3D('',#2714,#2548,$);
#2455=AXIS2_PLACEMENT_3D('',#2715,#2549,$);
#2456=AXIS2_PLACEMENT_3D('',#2800,#2550,$);
#2457=AXIS2_PLACEMENT_3D('',#2801,#2551,$);
#2458=AXIS2_PLACEMENT_3D('',#2802,#2552,$);
#2459=AXIS2_PLACEMENT_3D('',#2803,#2553,$);
#2460=AXIS2_PLACEMENT_3D('',#2804,#2554,$);
#2461=AXIS2_PLACEMENT_3D('',#2805,#2555,$);
#2462=AXIS2_PLACEMENT_3D('',#2806,#2556,$);
#2463=AXIS2_PLACEMENT_3D('',#2807,#2557,$);
#2464=AXIS2_PLACEMENT_3D('',#2880,#2558,$);
#2465=AXIS2_PLACEMENT_3D('',#2881,#2559,$);
#2466=AXIS2_PLACEMENT_3D('',#2882,#2560,$);
#2467=AXIS2_PLACEMENT_3D('',#2883,#2561,$);
#2468=AXIS2_PLACEMENT_3D('',#2968,#2562,$);
#2469=AXIS2_PLACEMENT_3D('',#2969,#2563,$);
#2470=AXIS2_PLACEMENT_3D('',#2970,#2564,$);
#2471=AXIS2_PLACEMENT_3D('',#2971,#2565,$);
#2472=AXIS2_PLACEMENT_3D('',#2972,#2566,$);
#2473=AXIS2_PLACEMENT_3D('',#2973,#2567,$);
#2474=AXIS2_PLACEMENT_3D('',#2974,#2568,$);
#2475=AXIS2_PLACEMENT_3D('',#2975,#2569,$);
#2476=AXIS2_PLACEMENT_3D('',#2976,#2570,$);
#2477=AXIS2_PLACEMENT_3D('',#2977,#2571,$);
#2478=AXIS2_PLACEMENT_3D('',#2978,#2572,$);
#2479=AXIS2_PLACEMENT_3D('',#2979,#2573,$);
#2480=AXIS2_PLACEMENT_3D('',#2980,#2574,$);
#2481=AXIS2_PLACEMENT_3D('',#2981,#2575,$);
#2482=AXIS2_PLACEMENT_3D('',#2982,#2576,$);
#2483=AXIS2_PLACEMENT_3D('',#2983,#2577,$);
#2484=AXIS2_PLACEMENT_3D('',#2984,#2578,$);
#2485=AXIS2_PLACEMENT_3D('',#2985,#2579,$);
#2486=AXIS2_PLACEMENT_3D('',#2986,#2580,$);
#2487=AXIS2_PLACEMENT_3D('',#2987,#2581,$);
#2488=AXIS2_PLACEMENT_3D('',#3847,#2582,$);
#2489=AXIS2_PLACEMENT_3D('',#3848,#2583,$);
#2490=AXIS2_PLACEMENT_3D('',#3849,#2584,$);
#2491=AXIS2_PLACEMENT_3D('',#3872,#2585,$);
#2492=AXIS2_PLACEMENT_3D('',#3873,#2586,$);
#2493=AXIS2_PLACEMENT_3D('',#3874,#2587,$);
#2494=AXIS2_PLACEMENT_3D('',#3887,#2588,$);
#2495=AXIS2_PLACEMENT_3D('',#3900,#2589,$);
#2496=AXIS2_PLACEMENT_3D('',#3913,#2590,$);
#2497=AXIS2_PLACEMENT_3D('',#3926,#2591,$);
#2498=AXIS2_PLACEMENT_3D('',#3927,#2592,$);
#2499=AXIS2_PLACEMENT_3D('',#3928,#2593,$);
#2500=AXIS2_PLACEMENT_3D('',#3929,#2594,$);
#2501=AXIS2_PLACEMENT_3D('',#3930,#2595,$);
#2502=AXIS2_PLACEMENT_3D('',#3931,#2596,$);
#2503=AXIS2_PLACEMENT_3D('',#3932,#2597,$);
#2504=AXIS2_PLACEMENT_3D('',#3933,#2598,$);
#2505=AXIS2_PLACEMENT_3D('',#3934,#2599,$);
#2506=AXIS2_PLACEMENT_3D('',#3935,#2600,$);
#2507=AXIS2_PLACEMENT_3D('',#3936,#2601,$);
#2508=AXIS2_PLACEMENT_3D('',#3937,#2602,$);
#2509=AXIS2_PLACEMENT_3D('',#3938,#2603,$);
#2510=AXIS2_PLACEMENT_3D('',#3939,#2604,$);
#2511=AXIS2_PLACEMENT_3D('',#4000,#2605,$);
#2512=AXIS2_PLACEMENT_3D('',#4001,#2606,$);
#2513=AXIS2_PLACEMENT_3D('',#4002,#2607,$);
#2514=AXIS2_PLACEMENT_3D('',#4027,#2608,$);
#2515=AXIS2_PLACEMENT_3D('',#4028,#2609,$);
#2516=AXIS2_PLACEMENT_3D('',#4029,#2610,$);
#2517=AXIS2_PLACEMENT_3D('',#4030,#2611,$);
#2518=AXIS2_PLACEMENT_3D('',#4031,#2612,$);
#2519=AXIS2_PLACEMENT_3D('',#4080,#2613,$);
#2520=AXIS2_PLACEMENT_3D('',#4105,#2614,$);
#2521=AXIS2_PLACEMENT_3D('',#4106,#2615,$);
#2522=AXIS2_PLACEMENT_3D('',#4107,#2616,$);
#2523=AXIS2_PLACEMENT_3D('',#4162,#2617,$);
#2524=AXIS2_PLACEMENT_3D('',#4163,#2618,$);
#2525=AXIS2_PLACEMENT_3D('',#4164,#2619,$);
#2526=AXIS2_PLACEMENT_3D('',#4165,#2620,$);
#2527=AXIS2_PLACEMENT_3D('',#4166,#2621,$);
#2528=AXIS2_PLACEMENT_3D('',#4167,#2622,$);
#2529=AXIS2_PLACEMENT_3D('',#4168,#2623,$);
#2530=AXIS2_PLACEMENT_3D('',#4169,#2624,$);
#2531=AXIS2_PLACEMENT_3D('',#4170,#2625,$);
#2532=AXIS2_PLACEMENT_3D('',#4171,#2626,$);
#2533=AXIS2_PLACEMENT_3D('',#4172,#2627,$);
#2534=AXIS2_PLACEMENT_3D('',#4173,#2628,$);
#2535=AXIS2_PLACEMENT_3D('',#5078,#2629,#2630);
#2536=DIRECTION('',(0.,0.,1.));
#2537=DIRECTION('',(1.,0.,0.));
#2538=DIRECTION('',(0.,0.,-1.));
#2539=DIRECTION('',(0.,0.,1.));
#2540=DIRECTION('',(0.,0.,1.));
#2541=DIRECTION('',(0.682599666988571,0.,0.730792511337583));
#2542=DIRECTION('',(1.,0.,0.));
#2543=DIRECTION('',(-1.,-2.20223880671851E-15,-5.87940279137794E-15));
#2544=DIRECTION('',(-1.,-2.20223880671851E-15,-5.87940279137794E-15));
#2545=DIRECTION('',(-1.,0.,0.));
#2546=DIRECTION('',(1.,0.,0.));
#2547=DIRECTION('',(1.,0.,0.));
#2548=DIRECTION('',(1.,0.,0.));
#2549=DIRECTION('',(1.,0.,0.));
#2550=DIRECTION('',(0.,0.,-1.));
#2551=DIRECTION('',(0.,0.,1.));
#2552=DIRECTION('',(0.,0.,1.));
#2553=DIRECTION('',(0.682599666988571,0.,-0.730792511337583));
#2554=DIRECTION('',(-1.,0.,0.));
#2555=DIRECTION('',(1.,2.20223880671851E-15,-5.87940279137796E-15));
#2556=DIRECTION('',(1.,2.20223880671851E-15,-5.87940279137796E-15));
#2557=DIRECTION('',(1.,0.,0.));
#2558=DIRECTION('',(-1.,0.,0.));
#2559=DIRECTION('',(-1.,0.,0.));
#2560=DIRECTION('',(-1.,0.,0.));
#2561=DIRECTION('',(-1.,0.,0.));
#2562=DIRECTION('',(-1.,0.,0.));
#2563=DIRECTION('',(-1.,0.,0.));
#2564=DIRECTION('',(-1.,0.,0.));
#2565=DIRECTION('',(-0.578772227360617,-0.815489245076862,0.));
#2566=DIRECTION('',(-0.578772227360621,0.81548924507686,0.));
#2567=DIRECTION('',(0.,-1.,0.));
#2568=DIRECTION('',(0.,1.,0.));
#2569=DIRECTION('',(-1.,0.,0.));
#2570=DIRECTION('',(0.,1.,0.));
#2571=DIRECTION('',(0.,-1.,0.));
#2572=DIRECTION('',(0.,0.,1.));
#2573=DIRECTION('',(-1.57009245868377E-16,0.707106781186547,-0.707106781186548));
#2574=DIRECTION('',(0.,0.,-1.));
#2575=DIRECTION('',(-3.14018491736755E-16,-0.707106781186548,-0.707106781186547));
#2576=DIRECTION('',(0.,0.,-1.));
#2577=DIRECTION('',(3.94430452610506E-31,0.707106781186547,0.707106781186548));
#2578=DIRECTION('',(0.,0.,1.));
#2579=DIRECTION('',(-7.85046229341877E-17,-0.707106781186549,0.707106781186546));
#2580=DIRECTION('',(1.,0.,0.));
#2581=DIRECTION('',(-1.,0.,0.));
#2582=DIRECTION('',(1.,0.,0.));
#2583=DIRECTION('',(-1.,0.,0.));
#2584=DIRECTION('',(1.,0.,0.));
#2585=DIRECTION('',(0.,1.,0.));
#2586=DIRECTION('',(0.,-1.,0.));
#2587=DIRECTION('',(0.,1.,0.));
#2588=DIRECTION('',(0.,1.,0.));
#2589=DIRECTION('',(0.,-1.,0.));
#2590=DIRECTION('',(0.,-1.,0.));
#2591=DIRECTION('',(0.,0.,1.));
#2592=DIRECTION('',(-1.,0.,0.));
#2593=DIRECTION('',(-8.74430332023986E-16,-0.984521029366171,0.175266490624351));
#2594=DIRECTION('',(-2.18607583005996E-16,0.984521029366171,0.175266490624351));
#2595=DIRECTION('',(-1.,0.,0.));
#2596=DIRECTION('',(-3.14018491736754E-16,0.707106781186551,0.707106781186544));
#2597=DIRECTION('',(0.,0.,1.));
#2598=DIRECTION('',(6.2803698347351E-16,-0.707106781186547,0.707106781186548));
#2599=DIRECTION('',(-1.,0.,0.));
#2600=DIRECTION('',(-1.,0.,0.));
#2601=DIRECTION('',(-1.,0.,0.));
#2602=DIRECTION('',(-1.,0.,0.));
#2603=DIRECTION('',(1.,0.,0.));
#2604=DIRECTION('',(-1.,0.,0.));
#2605=DIRECTION('',(0.,1.,0.));
#2606=DIRECTION('',(0.,-1.,0.));
#2607=DIRECTION('',(-1.,0.,0.));
#2608=DIRECTION('',(0.,0.,1.));
#2609=DIRECTION('',(0.,0.,1.));
#2610=DIRECTION('',(0.,0.,-1.));
#2611=DIRECTION('',(0.,0.,-1.));
#2612=DIRECTION('',(1.,0.,0.));
#2613=DIRECTION('',(1.,0.,0.));
#2614=DIRECTION('',(1.,0.,0.));
#2615=DIRECTION('',(0.,0.,1.));
#2616=DIRECTION('',(0.,0.,-1.));
#2617=DIRECTION('',(0.,0.,1.));
#2618=DIRECTION('',(0.,0.,1.));
#2619=DIRECTION('',(0.,0.,1.));
#2620=DIRECTION('',(0.,0.,1.));
#2621=DIRECTION('',(0.,0.,-1.));
#2622=DIRECTION('',(0.,0.,1.));
#2623=DIRECTION('',(-1.,0.,0.));
#2624=DIRECTION('',(-1.,0.,0.));
#2625=DIRECTION('',(-1.,0.,0.));
#2626=DIRECTION('',(-1.,0.,0.));
#2627=DIRECTION('',(-1.,0.,0.));
#2628=DIRECTION('',(1.,0.,0.));
#2629=DIRECTION('',(0.,0.,1.));
#2630=DIRECTION('',(1.,0.,0.));
#2631=CARTESIAN_POINT('',(0.,0.,0.));
#2632=CARTESIAN_POINT('',(94.2051152022747,-24.8098389034879,20.2409118530375));
#2633=CARTESIAN_POINT('',(89.2051152022745,-12.8098389034879,20.2409118530375));
#2634=CARTESIAN_POINT('',(89.2051152022746,-36.8098389034879,20.2409118530375));
#2635=CARTESIAN_POINT('',(86.,-84.6554465475548,23.2409118530375));
#2636=CARTESIAN_POINT('',(78.21,-24.8098311912155,20.2409118530375));
#2637=CARTESIAN_POINT('',(87.7051152022746,-24.8098311912156,20.2409118530378));
#2638=CARTESIAN_POINT('',(87.7051152022746,-24.8098311912156,20.2409118530378));
#2639=CARTESIAN_POINT('',(87.7051152022746,-24.8098311912158,20.2409118530379));
#2640=CARTESIAN_POINT('',(81.2051152022746,-32.4065714179366,9.24091185303756));
#2641=CARTESIAN_POINT('',(81.2051152022746,-32.4065714179364,31.2409118530376));
#2642=CARTESIAN_POINT('',(81.2051152022746,-34.0594796329543,9.24091185303756));
#2643=CARTESIAN_POINT('',(81.2051152022746,-34.0594796329542,31.2409118530376));
#2644=CARTESIAN_POINT('',(81.2051152022746,-35.7123878479719,9.24091185303756));
#2645=CARTESIAN_POINT('',(81.2051152022746,-35.7123878479719,31.2409118530376));
#2646=CARTESIAN_POINT('',(81.8790796384974,-37.0171706400951,9.2409118530374));
#2647=CARTESIAN_POINT('',(81.8790796384973,-37.0171706400951,31.2409118530375));
#2648=CARTESIAN_POINT('',(83.2270085109435,-37.9738280093235,9.2409118530374));
#2649=CARTESIAN_POINT('',(83.2270085109435,-37.9738280093235,31.2409118530375));
#2650=CARTESIAN_POINT('',(84.5749373833897,-38.930485378552,9.2409118530374));
#2651=CARTESIAN_POINT('',(84.5749373833897,-38.930485378552,31.2409118530375));
#2652=CARTESIAN_POINT('',(81.2051152022746,-17.2131063890387,31.2409118530375));
#2653=CARTESIAN_POINT('',(81.2051152022746,-17.2131063890386,9.24091185303722));
#2654=CARTESIAN_POINT('',(81.2051152022746,-15.560198174021,31.2409118530375));
#2655=CARTESIAN_POINT('',(81.2051152022746,-15.560198174021,9.24091185303722));
#2656=CARTESIAN_POINT('',(81.2051152022746,-13.9072899590035,31.2409118530375));
#2657=CARTESIAN_POINT('',(81.2051152022747,-13.9072899590035,9.24091185303722));
#2658=CARTESIAN_POINT('',(81.8790796384975,-12.6025071668804,31.2409118530377));
#2659=CARTESIAN_POINT('',(81.8790796384975,-12.6025071668804,9.2409118530374));
#2660=CARTESIAN_POINT('',(83.2270085109436,-11.645849797652,31.2409118530377));
#2661=CARTESIAN_POINT('',(83.2270085109436,-11.645849797652,9.2409118530374));
#2662=CARTESIAN_POINT('',(84.5749373833896,-10.6891924284236,31.2409118530377));
#2663=CARTESIAN_POINT('',(84.5749373833896,-10.6891924284236,9.2409118530374));
#2664=CARTESIAN_POINT('',(88.4731273112011,-41.6971240323601,28.2409118530375));
#2665=CARTESIAN_POINT('',(88.99307809366,-42.0661455422064,28.2409118530375));
#2666=CARTESIAN_POINT('',(89.513028876119,-42.4351670520527,28.2409118530375));
#2667=CARTESIAN_POINT('',(90.0918011034797,-42.6196778069755,28.2409118530375));
#2668=CARTESIAN_POINT('',(90.729394775742,-42.6196778069755,28.2409118530375));
#2669=CARTESIAN_POINT('',(91.3669884480042,-42.6196778069755,28.2409118530375));
#2670=CARTESIAN_POINT('',(88.473127311201,-41.6971240323601,12.2409118530375));
#2671=CARTESIAN_POINT('',(88.99307809366,-42.0661455422064,12.2409118530375));
#2672=CARTESIAN_POINT('',(89.513028876119,-42.4351670520526,12.2409118530375));
#2673=CARTESIAN_POINT('',(90.0918011034797,-42.6196778069755,12.2409118530375));
#2674=CARTESIAN_POINT('',(90.7293947757419,-42.6196778069755,12.2409118530375));
#2675=CARTESIAN_POINT('',(91.3669884480042,-42.6196778069755,12.2409118530375));
#2676=CARTESIAN_POINT('',(96.9081182301377,-10.6502684941865,12.2409118530375));
#2677=CARTESIAN_POINT('',(96.9081182301377,-10.6502684941865,28.2409118530375));
#2678=CARTESIAN_POINT('',(96.4987707692819,-9.19016109651187,12.2409118530375));
#2679=CARTESIAN_POINT('',(96.4987707692819,-9.19016109651187,28.2409118530375));
#2680=CARTESIAN_POINT('',(95.7434683599092,-7.82704367366466,12.2409118530375));
#2681=CARTESIAN_POINT('',(95.7434683599091,-7.82704367366472,28.2409118530375));
#2682=CARTESIAN_POINT('',(95.1265479299432,-6.99999999999994,12.2409118530375));
#2683=CARTESIAN_POINT('',(95.1265479299432,-6.99999999999994,28.2409118530375));
#2684=CARTESIAN_POINT('',(93.6101446338332,-6.99999999999994,12.2409118530375));
#2685=CARTESIAN_POINT('',(93.6101446338332,-6.99999999999994,28.2409118530375));
#2686=CARTESIAN_POINT('',(92.0937413377232,-6.99999999999994,12.2409118530375));
#2687=CARTESIAN_POINT('',(92.0937413377232,-6.99999999999994,28.2409118530375));
#2688=CARTESIAN_POINT('',(88.4731273112012,-7.92255377461561,12.2409118530375));
#2689=CARTESIAN_POINT('',(88.9930780936602,-7.55353226476933,12.2409118530375));
#2690=CARTESIAN_POINT('',(89.5130288761191,-7.184510754923,12.2409118530375));
#2691=CARTESIAN_POINT('',(90.0918011034798,-7.,12.2409118530375));
#2692=CARTESIAN_POINT('',(90.729394775742,-7.,12.2409118530375));
#2693=CARTESIAN_POINT('',(91.3669884480043,-7.,12.2409118530375));
#2694=CARTESIAN_POINT('',(88.4731273112012,-7.92255377461561,28.2409118530376));
#2695=CARTESIAN_POINT('',(88.9930780936601,-7.55353226476939,28.2409118530376));
#2696=CARTESIAN_POINT('',(89.5130288761191,-7.18451075492305,28.2409118530376));
#2697=CARTESIAN_POINT('',(90.0918011034797,-7.,28.2409118530375));
#2698=CARTESIAN_POINT('',(90.729394775742,-7.,28.2409118530375));
#2699=CARTESIAN_POINT('',(91.3669884480043,-7.,28.2409118530375));
#2700=CARTESIAN_POINT('',(96.9081182301382,-38.9694093127879,28.2409118530375));
#2701=CARTESIAN_POINT('',(96.9081182301382,-38.9694093127879,12.2409118530375));
#2702=CARTESIAN_POINT('',(96.4987707692826,-40.4295167104628,28.2409118530375));
#2703=CARTESIAN_POINT('',(96.4987707692826,-40.4295167104629,12.2409118530375));
#2704=CARTESIAN_POINT('',(95.7434683599099,-41.7926341333105,28.2409118530375));
#2705=CARTESIAN_POINT('',(95.7434683599099,-41.7926341333105,12.2409118530375));
#2706=CARTESIAN_POINT('',(95.1265479299441,-42.6196778069756,28.2409118530375));
#2707=CARTESIAN_POINT('',(95.1265479299441,-42.6196778069756,12.2409118530375));
#2708=CARTESIAN_POINT('',(93.6101446338338,-42.6196778069756,28.2409118530375));
#2709=CARTESIAN_POINT('',(93.6101446338338,-42.6196778069756,12.2409118530375));
#2710=CARTESIAN_POINT('',(92.0937413377234,-42.6196778069756,28.2409118530375));
#2711=CARTESIAN_POINT('',(92.0937413377234,-42.6196778069756,12.2409118530375));
#2712=CARTESIAN_POINT('',(78.,-19.8098395602608,22.3119790805016));
#2713=CARTESIAN_POINT('',(78.,-22.7387717483953,25.2409112686361));
#2714=CARTESIAN_POINT('',(78.,-26.8809073721263,25.2409112686361));
#2715=CARTESIAN_POINT('',(78.,-29.8098395602608,22.3119790805016));
#2716=CARTESIAN_POINT('',(83.,-22.3736489308564,25.2542254574928));
#2717=CARTESIAN_POINT('',(83.,-22.3679201551951,25.0971218792732));
#2718=CARTESIAN_POINT('',(83.,-22.4466887496783,24.9369371078498));
#2719=CARTESIAN_POINT('',(83.,-22.3037455726408,24.8058850928815));
#2720=CARTESIAN_POINT('',(83.,-22.1925827345159,24.6947222547566));
#2721=CARTESIAN_POINT('',(83.,-22.081419896391,24.5835594166318));
#2722=CARTESIAN_POINT('',(73.,-22.3736489308563,25.2542254574928));
#2723=CARTESIAN_POINT('',(73.,-22.3679201551951,25.0971218792733));
#2724=CARTESIAN_POINT('',(73.,-22.4466887496782,24.9369371078498));
#2725=CARTESIAN_POINT('',(73.,-22.3037455726408,24.8058850928816));
#2726=CARTESIAN_POINT('',(73.,-22.1925827345159,24.6947222547567));
#2727=CARTESIAN_POINT('',(73.,-22.0814198963911,24.5835594166318));
#2728=CARTESIAN_POINT('',(83.,-29.8231537491175,22.6771018980405));
#2729=CARTESIAN_POINT('',(83.,-29.666050170898,22.6828306737018));
#2730=CARTESIAN_POINT('',(83.,-29.5058653994746,22.6040620792187));
#2731=CARTESIAN_POINT('',(83.,-29.3748133845064,22.7470052562561));
#2732=CARTESIAN_POINT('',(83.,-29.2636505463815,22.858168094381));
#2733=CARTESIAN_POINT('',(83.,-29.1524877082566,22.9693309325058));
#2734=CARTESIAN_POINT('',(73.,-29.8231537491175,22.6771018980405));
#2735=CARTESIAN_POINT('',(73.,-29.666050170898,22.6828306737018));
#2736=CARTESIAN_POINT('',(73.,-29.5058653994746,22.6040620792188));
#2737=CARTESIAN_POINT('',(73.,-29.3748133845064,22.7470052562561));
#2738=CARTESIAN_POINT('',(73.,-29.2636505463815,22.8581680943809));
#2739=CARTESIAN_POINT('',(73.,-29.1524877082567,22.9693309325058));
#2740=CARTESIAN_POINT('',(73.,-27.2460301896652,25.2542254574929));
#2741=CARTESIAN_POINT('',(73.,-27.2517589653265,25.0971218792734));
#2742=CARTESIAN_POINT('',(73.,-27.1729903708434,24.9369371078499));
#2743=CARTESIAN_POINT('',(73.,-27.3159335478807,24.8058850928817));
#2744=CARTESIAN_POINT('',(73.,-27.4270963860056,24.6947222547568));
#2745=CARTESIAN_POINT('',(73.,-27.5382592241305,24.583559416632));
#2746=CARTESIAN_POINT('',(83.,-27.2460301896652,25.254225457493));
#2747=CARTESIAN_POINT('',(83.,-27.2517589653265,25.0971218792734));
#2748=CARTESIAN_POINT('',(83.,-27.1729903708434,24.93693710785));
#2749=CARTESIAN_POINT('',(83.,-27.3159335478807,24.8058850928817));
#2750=CARTESIAN_POINT('',(83.,-27.4270963860056,24.6947222547569));
#2751=CARTESIAN_POINT('',(83.,-27.5382592241305,24.583559416632));
#2752=CARTESIAN_POINT('',(83.,-26.6321411051052,25.5085066421104));
#2753=CARTESIAN_POINT('',(83.,-26.5170012434795,25.4014684927207));
#2754=CARTESIAN_POINT('',(83.,-26.4594313126666,25.232502947301));
#2755=CARTESIAN_POINT('',(83.,-26.265687454387,25.2409112686361));
#2756=CARTESIAN_POINT('',(83.,-26.1084794610789,25.2409112686361));
#2757=CARTESIAN_POINT('',(83.,-25.9512714677708,25.2409112686361));
#2758=CARTESIAN_POINT('',(73.,-26.6321411051051,25.5085066421104));
#2759=CARTESIAN_POINT('',(73.,-26.5170012434794,25.4014684927207));
#2760=CARTESIAN_POINT('',(73.,-26.4594313126665,25.2325029473009));
#2761=CARTESIAN_POINT('',(73.,-26.2656874543869,25.2409112686361));
#2762=CARTESIAN_POINT('',(73.,-26.1084794610788,25.2409112686361));
#2763=CARTESIAN_POINT('',(73.,-25.9512714677708,25.2409112686361));
#2764=CARTESIAN_POINT('',(73.,-22.9875380154165,25.5085066421104));
#2765=CARTESIAN_POINT('',(73.,-23.1026778770422,25.4014684927207));
#2766=CARTESIAN_POINT('',(73.,-23.1602478078551,25.2325029473009));
#2767=CARTESIAN_POINT('',(73.,-23.3539916661346,25.2409112686361));
#2768=CARTESIAN_POINT('',(73.,-23.5111996594427,25.2409112686361));
#2769=CARTESIAN_POINT('',(73.,-23.6684076527508,25.2409112686361));
#2770=CARTESIAN_POINT('',(83.,-22.9875380154165,25.5085066421104));
#2771=CARTESIAN_POINT('',(83.,-23.1026778770422,25.4014684927207));
#2772=CARTESIAN_POINT('',(83.,-23.1602478078551,25.2325029473009));
#2773=CARTESIAN_POINT('',(83.,-23.3539916661346,25.2409112686361));
#2774=CARTESIAN_POINT('',(83.,-23.5111996594427,25.2409112686361));
#2775=CARTESIAN_POINT('',(83.,-23.6684076527507,25.2409112686361));
#2776=CARTESIAN_POINT('',(73.,-19.7965253714041,22.6771018980406));
#2777=CARTESIAN_POINT('',(73.,-19.9536289496235,22.6828306737018));
#2778=CARTESIAN_POINT('',(73.,-20.1138137210469,22.6040620792187));
#2779=CARTESIAN_POINT('',(73.,-20.2448657360154,22.7470052562561));
#2780=CARTESIAN_POINT('',(73.,-20.3560285741402,22.8581680943809));
#2781=CARTESIAN_POINT('',(73.,-20.4671914122651,22.9693309325058));
#2782=CARTESIAN_POINT('',(83.,-19.7965253714041,22.6771018980406));
#2783=CARTESIAN_POINT('',(83.,-19.9536289496236,22.6828306737018));
#2784=CARTESIAN_POINT('',(83.,-20.113813721047,22.6040620792187));
#2785=CARTESIAN_POINT('',(83.,-20.2448657360154,22.7470052562561));
#2786=CARTESIAN_POINT('',(83.,-20.3560285741403,22.8581680943809));
#2787=CARTESIAN_POINT('',(83.,-20.4671914122652,22.9693309325058));
#2788=CARTESIAN_POINT('',(83.,-19.5422441867865,22.0632128134804));
#2789=CARTESIAN_POINT('',(83.,-19.6492823361763,21.9480729518548));
#2790=CARTESIAN_POINT('',(83.,-19.8182478815961,21.8905030210419));
#2791=CARTESIAN_POINT('',(83.,-19.8098395602609,21.6967591627622));
#2792=CARTESIAN_POINT('',(83.,-19.8098395602609,21.5395511694541));
#2793=CARTESIAN_POINT('',(83.,-19.8098395602609,21.3823431761461));
#2794=CARTESIAN_POINT('',(73.,-19.5422441867865,22.0632128134805));
#2795=CARTESIAN_POINT('',(73.,-19.6492823361763,21.9480729518548));
#2796=CARTESIAN_POINT('',(73.,-19.8182478815961,21.890503021042));
#2797=CARTESIAN_POINT('',(73.,-19.8098395602609,21.6967591627623));
#2798=CARTESIAN_POINT('',(73.,-19.8098395602609,21.5395511694542));
#2799=CARTESIAN_POINT('',(73.,-19.8098395602609,21.3823431761461));
#2800=CARTESIAN_POINT('',(94.2051152022747,-24.8098389034879,20.2409118530375));
#2801=CARTESIAN_POINT('',(89.2051152022745,-12.8098389034879,20.2409118530375));
#2802=CARTESIAN_POINT('',(89.2051152022746,-36.8098389034879,20.2409118530375));
#2803=CARTESIAN_POINT('',(86.,-84.6554465475548,17.2409118530375));
#2804=CARTESIAN_POINT('',(78.21,-24.8098311912155,20.2409118530376));
#2805=CARTESIAN_POINT('',(87.7051152022746,-24.8098311912156,20.2409118530373));
#2806=CARTESIAN_POINT('',(87.7051152022746,-24.8098311912156,20.2409118530373));
#2807=CARTESIAN_POINT('',(87.7051152022746,-24.8098311912159,20.2409118530371));
#2808=CARTESIAN_POINT('',(81.2051152022746,-32.4065714179366,31.2409118530375));
#2809=CARTESIAN_POINT('',(81.2051152022746,-34.0594796329543,31.2409118530375));
#2810=CARTESIAN_POINT('',(81.2051152022746,-35.7123878479719,31.2409118530375));
#2811=CARTESIAN_POINT('',(81.8790796384974,-37.0171706400951,31.2409118530376));
#2812=CARTESIAN_POINT('',(83.2270085109435,-37.9738280093235,31.2409118530376));
#2813=CARTESIAN_POINT('',(84.5749373833897,-38.930485378552,31.2409118530376));
#2814=CARTESIAN_POINT('',(81.2051152022746,-32.4065714179364,9.24091185303743));
#2815=CARTESIAN_POINT('',(81.2051152022746,-34.0594796329542,9.24091185303743));
#2816=CARTESIAN_POINT('',(81.2051152022746,-35.7123878479719,9.24091185303743));
#2817=CARTESIAN_POINT('',(81.8790796384973,-37.0171706400951,9.24091185303756));
#2818=CARTESIAN_POINT('',(83.2270085109435,-37.9738280093235,9.24091185303756));
#2819=CARTESIAN_POINT('',(84.5749373833897,-38.930485378552,9.24091185303756));
#2820=CARTESIAN_POINT('',(81.2051152022746,-17.2131063890387,9.24091185303752));
#2821=CARTESIAN_POINT('',(81.2051152022746,-15.560198174021,9.24091185303752));
#2822=CARTESIAN_POINT('',(81.2051152022746,-13.9072899590035,9.24091185303752));
#2823=CARTESIAN_POINT('',(81.8790796384975,-12.6025071668804,9.24091185303732));
#2824=CARTESIAN_POINT('',(83.2270085109436,-11.645849797652,9.24091185303732));
#2825=CARTESIAN_POINT('',(84.5749373833896,-10.6891924284236,9.24091185303732));
#2826=CARTESIAN_POINT('',(81.2051152022746,-17.2131063890386,31.2409118530378));
#2827=CARTESIAN_POINT('',(81.2051152022746,-15.560198174021,31.2409118530378));
#2828=CARTESIAN_POINT('',(81.2051152022747,-13.9072899590035,31.2409118530378));
#2829=CARTESIAN_POINT('',(81.8790796384975,-12.6025071668804,31.2409118530376));
#2830=CARTESIAN_POINT('',(83.2270085109436,-11.645849797652,31.2409118530376));
#2831=CARTESIAN_POINT('',(84.5749373833896,-10.6891924284236,31.2409118530376));
#2832=CARTESIAN_POINT('',(88.4731273112011,-41.6971240323601,12.2409118530375));
#2833=CARTESIAN_POINT('',(88.473127311201,-41.6971240323601,28.2409118530375));
#2834=CARTESIAN_POINT('',(88.99307809366,-42.0661455422064,12.2409118530375));
#2835=CARTESIAN_POINT('',(88.99307809366,-42.0661455422064,28.2409118530375));
#2836=CARTESIAN_POINT('',(89.513028876119,-42.4351670520527,12.2409118530375));
#2837=CARTESIAN_POINT('',(89.513028876119,-42.4351670520526,28.2409118530375));
#2838=CARTESIAN_POINT('',(90.0918011034797,-42.6196778069755,12.2409118530375));
#2839=CARTESIAN_POINT('',(90.0918011034797,-42.6196778069755,28.2409118530375));
#2840=CARTESIAN_POINT('',(90.729394775742,-42.6196778069755,12.2409118530375));
#2841=CARTESIAN_POINT('',(90.7293947757419,-42.6196778069755,28.2409118530375));
#2842=CARTESIAN_POINT('',(91.3669884480042,-42.6196778069755,12.2409118530375));
#2843=CARTESIAN_POINT('',(91.3669884480042,-42.6196778069755,28.2409118530375));
#2844=CARTESIAN_POINT('',(96.9081182301377,-10.6502684941865,28.2409118530375));
#2845=CARTESIAN_POINT('',(96.4987707692819,-9.19016109651187,28.2409118530375));
#2846=CARTESIAN_POINT('',(95.7434683599092,-7.82704367366466,28.2409118530375));
#2847=CARTESIAN_POINT('',(95.1265479299432,-6.99999999999994,28.2409118530375));
#2848=CARTESIAN_POINT('',(93.6101446338332,-6.99999999999994,28.2409118530375));
#2849=CARTESIAN_POINT('',(92.0937413377232,-6.99999999999994,28.2409118530375));
#2850=CARTESIAN_POINT('',(96.9081182301377,-10.6502684941865,12.2409118530375));
#2851=CARTESIAN_POINT('',(96.4987707692819,-9.19016109651187,12.2409118530375));
#2852=CARTESIAN_POINT('',(95.7434683599091,-7.82704367366472,12.2409118530375));
#2853=CARTESIAN_POINT('',(95.1265479299432,-6.99999999999994,12.2409118530375));
#2854=CARTESIAN_POINT('',(93.6101446338332,-6.99999999999994,12.2409118530375));
#2855=CARTESIAN_POINT('',(92.0937413377232,-6.99999999999994,12.2409118530375));
#2856=CARTESIAN_POINT('',(88.4731273112012,-7.92255377461561,28.2409118530375));
#2857=CARTESIAN_POINT('',(88.4731273112012,-7.92255377461561,12.2409118530375));
#2858=CARTESIAN_POINT('',(88.9930780936602,-7.55353226476933,28.2409118530375));
#2859=CARTESIAN_POINT('',(88.9930780936601,-7.55353226476939,12.2409118530375));
#2860=CARTESIAN_POINT('',(89.5130288761191,-7.184510754923,28.2409118530375));
#2861=CARTESIAN_POINT('',(89.5130288761191,-7.18451075492305,12.2409118530375));
#2862=CARTESIAN_POINT('',(90.0918011034798,-7.,28.2409118530375));
#2863=CARTESIAN_POINT('',(90.0918011034797,-7.,12.2409118530375));
#2864=CARTESIAN_POINT('',(90.729394775742,-7.,28.2409118530375));
#2865=CARTESIAN_POINT('',(90.729394775742,-7.,12.2409118530375));
#2866=CARTESIAN_POINT('',(91.3669884480043,-7.,28.2409118530375));
#2867=CARTESIAN_POINT('',(91.3669884480043,-7.,12.2409118530375));
#2868=CARTESIAN_POINT('',(96.9081182301382,-38.9694093127879,12.2409118530375));
#2869=CARTESIAN_POINT('',(96.4987707692826,-40.4295167104628,12.2409118530375));
#2870=CARTESIAN_POINT('',(95.7434683599099,-41.7926341333105,12.2409118530375));
#2871=CARTESIAN_POINT('',(95.1265479299441,-42.6196778069756,12.2409118530375));
#2872=CARTESIAN_POINT('',(93.6101446338338,-42.6196778069756,12.2409118530375));
#2873=CARTESIAN_POINT('',(92.0937413377234,-42.6196778069756,12.2409118530375));
#2874=CARTESIAN_POINT('',(96.9081182301382,-38.9694093127879,28.2409118530375));
#2875=CARTESIAN_POINT('',(96.4987707692826,-40.4295167104629,28.2409118530375));
#2876=CARTESIAN_POINT('',(95.7434683599099,-41.7926341333105,28.2409118530375));
#2877=CARTESIAN_POINT('',(95.1265479299441,-42.6196778069756,28.2409118530376));
#2878=CARTESIAN_POINT('',(93.6101446338338,-42.6196778069756,28.2409118530376));
#2879=CARTESIAN_POINT('',(92.0937413377234,-42.6196778069756,28.2409118530376));
#2880=CARTESIAN_POINT('',(78.,-19.8098395602608,18.1698446255735));
#2881=CARTESIAN_POINT('',(78.,-22.7387717483953,15.2409124374389));
#2882=CARTESIAN_POINT('',(78.,-26.8809073721263,15.2409124374389));
#2883=CARTESIAN_POINT('',(78.,-29.8098395602608,18.1698446255735));
#2884=CARTESIAN_POINT('',(83.,-22.3736489308564,15.2275982485822));
#2885=CARTESIAN_POINT('',(73.,-22.3736489308563,15.2275982485822));
#2886=CARTESIAN_POINT('',(83.,-22.3679201551951,15.3847018268018));
#2887=CARTESIAN_POINT('',(73.,-22.3679201551951,15.3847018268017));
#2888=CARTESIAN_POINT('',(83.,-22.4466887496783,15.5448865982252));
#2889=CARTESIAN_POINT('',(73.,-22.4466887496782,15.5448865982252));
#2890=CARTESIAN_POINT('',(83.,-22.3037455726408,15.6759386131935));
#2891=CARTESIAN_POINT('',(73.,-22.3037455726408,15.6759386131935));
#2892=CARTESIAN_POINT('',(83.,-22.1925827345159,15.7871014513184));
#2893=CARTESIAN_POINT('',(73.,-22.1925827345159,15.7871014513184));
#2894=CARTESIAN_POINT('',(83.,-22.081419896391,15.8982642894433));
#2895=CARTESIAN_POINT('',(73.,-22.0814198963911,15.8982642894432));
#2896=CARTESIAN_POINT('',(83.,-29.8231537491175,17.8047218080345));
#2897=CARTESIAN_POINT('',(73.,-29.8231537491175,17.8047218080345));
#2898=CARTESIAN_POINT('',(83.,-29.666050170898,17.7989930323732));
#2899=CARTESIAN_POINT('',(73.,-29.666050170898,17.7989930323732));
#2900=CARTESIAN_POINT('',(83.,-29.5058653994746,17.8777616268563));
#2901=CARTESIAN_POINT('',(73.,-29.5058653994746,17.8777616268563));
#2902=CARTESIAN_POINT('',(83.,-29.3748133845064,17.7348184498189));
#2903=CARTESIAN_POINT('',(73.,-29.3748133845064,17.7348184498189));
#2904=CARTESIAN_POINT('',(83.,-29.2636505463815,17.6236556116941));
#2905=CARTESIAN_POINT('',(73.,-29.2636505463815,17.6236556116941));
#2906=CARTESIAN_POINT('',(83.,-29.1524877082566,17.5124927735692));
#2907=CARTESIAN_POINT('',(73.,-29.1524877082567,17.5124927735692));
#2908=CARTESIAN_POINT('',(73.,-27.2460301896652,15.2275982485822));
#2909=CARTESIAN_POINT('',(83.,-27.2460301896652,15.2275982485821));
#2910=CARTESIAN_POINT('',(73.,-27.2517589653265,15.3847018268017));
#2911=CARTESIAN_POINT('',(83.,-27.2517589653265,15.3847018268016));
#2912=CARTESIAN_POINT('',(73.,-27.1729903708434,15.5448865982251));
#2913=CARTESIAN_POINT('',(83.,-27.1729903708434,15.544886598225));
#2914=CARTESIAN_POINT('',(73.,-27.3159335478807,15.6759386131933));
#2915=CARTESIAN_POINT('',(83.,-27.3159335478807,15.6759386131933));
#2916=CARTESIAN_POINT('',(73.,-27.4270963860056,15.7871014513182));
#2917=CARTESIAN_POINT('',(83.,-27.4270963860056,15.7871014513182));
#2918=CARTESIAN_POINT('',(73.,-27.5382592241305,15.898264289443));
#2919=CARTESIAN_POINT('',(83.,-27.5382592241305,15.898264289443));
#2920=CARTESIAN_POINT('',(83.,-26.6321411051052,14.9733170639646));
#2921=CARTESIAN_POINT('',(73.,-26.6321411051051,14.9733170639646));
#2922=CARTESIAN_POINT('',(83.,-26.5170012434795,15.0803552133543));
#2923=CARTESIAN_POINT('',(73.,-26.5170012434794,15.0803552133543));
#2924=CARTESIAN_POINT('',(83.,-26.4594313126666,15.2493207587741));
#2925=CARTESIAN_POINT('',(73.,-26.4594313126665,15.2493207587741));
#2926=CARTESIAN_POINT('',(83.,-26.265687454387,15.2409124374389));
#2927=CARTESIAN_POINT('',(73.,-26.2656874543869,15.2409124374389));
#2928=CARTESIAN_POINT('',(83.,-26.1084794610789,15.2409124374389));
#2929=CARTESIAN_POINT('',(73.,-26.1084794610788,15.2409124374389));
#2930=CARTESIAN_POINT('',(83.,-25.9512714677708,15.2409124374389));
#2931=CARTESIAN_POINT('',(73.,-25.9512714677708,15.2409124374389));
#2932=CARTESIAN_POINT('',(73.,-22.9875380154165,14.9733170639646));
#2933=CARTESIAN_POINT('',(83.,-22.9875380154165,14.9733170639646));
#2934=CARTESIAN_POINT('',(73.,-23.1026778770422,15.0803552133543));
#2935=CARTESIAN_POINT('',(83.,-23.1026778770422,15.0803552133543));
#2936=CARTESIAN_POINT('',(73.,-23.1602478078551,15.2493207587742));
#2937=CARTESIAN_POINT('',(83.,-23.1602478078551,15.2493207587741));
#2938=CARTESIAN_POINT('',(73.,-23.3539916661346,15.2409124374389));
#2939=CARTESIAN_POINT('',(83.,-23.3539916661346,15.2409124374389));
#2940=CARTESIAN_POINT('',(73.,-23.5111996594427,15.2409124374389));
#2941=CARTESIAN_POINT('',(83.,-23.5111996594427,15.2409124374389));
#2942=CARTESIAN_POINT('',(73.,-23.6684076527508,15.2409124374389));
#2943=CARTESIAN_POINT('',(83.,-23.6684076527507,15.2409124374389));
#2944=CARTESIAN_POINT('',(73.,-19.7965253714041,17.8047218080345));
#2945=CARTESIAN_POINT('',(83.,-19.7965253714041,17.8047218080345));
#2946=CARTESIAN_POINT('',(73.,-19.9536289496235,17.7989930323732));
#2947=CARTESIAN_POINT('',(83.,-19.9536289496236,17.7989930323732));
#2948=CARTESIAN_POINT('',(73.,-20.1138137210469,17.8777616268563));
#2949=CARTESIAN_POINT('',(83.,-20.113813721047,17.8777616268563));
#2950=CARTESIAN_POINT('',(73.,-20.2448657360154,17.734818449819));
#2951=CARTESIAN_POINT('',(83.,-20.2448657360154,17.734818449819));
#2952=CARTESIAN_POINT('',(73.,-20.3560285741402,17.6236556116941));
#2953=CARTESIAN_POINT('',(83.,-20.3560285741403,17.6236556116941));
#2954=CARTESIAN_POINT('',(73.,-20.4671914122651,17.5124927735692));
#2955=CARTESIAN_POINT('',(83.,-20.4671914122652,17.5124927735692));
#2956=CARTESIAN_POINT('',(83.,-19.5422441867865,18.4186108925946));
#2957=CARTESIAN_POINT('',(73.,-19.5422441867865,18.4186108925946));
#2958=CARTESIAN_POINT('',(83.,-19.6492823361763,18.5337507542203));
#2959=CARTESIAN_POINT('',(73.,-19.6492823361763,18.5337507542202));
#2960=CARTESIAN_POINT('',(83.,-19.8182478815961,18.5913206850331));
#2961=CARTESIAN_POINT('',(73.,-19.8182478815961,18.5913206850331));
#2962=CARTESIAN_POINT('',(83.,-19.8098395602609,18.7850645433128));
#2963=CARTESIAN_POINT('',(73.,-19.8098395602609,18.7850645433128));
#2964=CARTESIAN_POINT('',(83.,-19.8098395602609,18.9422725366209));
#2965=CARTESIAN_POINT('',(73.,-19.8098395602609,18.9422725366208));
#2966=CARTESIAN_POINT('',(83.,-19.8098395602609,19.099480529929));
#2967=CARTESIAN_POINT('',(73.,-19.8098395602609,19.0994805299289));
#2968=CARTESIAN_POINT('',(75.21,-6.05251356763341,12.9176550471234));
#2969=CARTESIAN_POINT('',(81.2051152022746,-31.5803340605166,17.2409118530375));
#2970=CARTESIAN_POINT('',(81.2051152022746,-17.1379954444544,17.2409118530375));
#2971=CARTESIAN_POINT('',(88.8629463039821,-41.9737878977407,16.9409118530375));
#2972=CARTESIAN_POINT('',(84.1851183906085,-10.9658562938042,16.9409118530375));
#2973=CARTESIAN_POINT('',(92.166416626753,-42.6196778069756,16.9409118530375));
#2974=CARTESIAN_POINT('',(91.2943131590271,-7.,16.9409118530375));
#2975=CARTESIAN_POINT('',(82.,-28.149907594664,36.1752581249023));
#2976=CARTESIAN_POINT('',(74.531,-29.8098395602609,22.1171837669131));
#2977=CARTESIAN_POINT('',(74.531,-19.8098395602609,18.9853373976181));
#2978=CARTESIAN_POINT('',(99.2051152022746,0.190161096512032,23.2409118530375));
#2979=CARTESIAN_POINT('',(74.,-26.8809073721263,25.2409112686361));
#2980=CARTESIAN_POINT('',(74.,-22.7387717483953,25.2409112686361));
#2981=CARTESIAN_POINT('',(74.,-19.8098395602608,22.3119790805015));
#2982=CARTESIAN_POINT('',(99.2051152022746,0.190161096512032,17.2409118530375));
#2983=CARTESIAN_POINT('',(74.,-26.8809073721263,15.2409124374389));
#2984=CARTESIAN_POINT('',(74.,-22.7387717483953,15.2409124374389));
#2985=CARTESIAN_POINT('',(74.,-19.8098395602608,18.1698446255735));
#2986=CARTESIAN_POINT('',(78.,-29.8098395602608,22.3119790805016));
#2987=CARTESIAN_POINT('',(78.21,-24.8098311912155,20.2409118530376));
#2988=CARTESIAN_POINT('',(75.21,-28.,26.9999999999999));
#2989=CARTESIAN_POINT('',(81.21,-28.,26.9999999999999));
#2990=CARTESIAN_POINT('',(92.2820382791976,-29.4252235188725,23.2409118530375));
#2991=CARTESIAN_POINT('',(92.2820382791977,-20.1944542881032,23.2409118530375));
#2992=CARTESIAN_POINT('',(81.2051152022746,-31.6554465475548,23.2409118530375));
#2993=CARTESIAN_POINT('',(81.21,-31.6554465475548,23.2409118530375));
#2994=CARTESIAN_POINT('',(81.21,-17.9642158348763,23.2409118530375));
#2995=CARTESIAN_POINT('',(81.2051152022746,-17.9642158348762,23.2409118530375));
#2996=CARTESIAN_POINT('',(81.21,-24.809840006709,27.7150305038799));
#2997=CARTESIAN_POINT('',(86.,-31.6554465475548,23.2409118530375));
#2998=CARTESIAN_POINT('',(86.,-17.9642158348762,23.2409118530375));
#2999=CARTESIAN_POINT('',(81.9755130274566,-27.9999999999999,26.9999999999999));
#3000=CARTESIAN_POINT('',(81.2051152022746,-32.406571417937,23.2409118530375));
#3001=CARTESIAN_POINT('',(84.5749373833897,-38.9304853785521,23.2409118530375));
#3002=CARTESIAN_POINT('',(84.5749373833896,-10.6891924284234,23.2409118530375));
#3003=CARTESIAN_POINT('',(81.2051152022746,-17.2131063890385,23.2409118530374));
#3004=CARTESIAN_POINT('',(88.473127311201,-41.69712403236,23.2409118530375));
#3005=CARTESIAN_POINT('',(91.3669884480041,-42.6196778069756,23.2409118530375));
#3006=CARTESIAN_POINT('',(96.9081182301377,-10.6502684941867,23.2409118530375));
#3007=CARTESIAN_POINT('',(91.3669884480042,-7.,23.2409118530375));
#3008=CARTESIAN_POINT('',(92.0937413377232,-7.,23.2409118530375));
#3009=CARTESIAN_POINT('',(88.4731273112012,-7.92255377461561,23.2409118530375));
#3010=CARTESIAN_POINT('',(96.9081182301381,-38.9694093127883,23.2409118530375));
#3011=CARTESIAN_POINT('',(92.0937413377234,-42.6196778069756,23.2409118530375));
#3012=CARTESIAN_POINT('',(82.,-30.,21.9999999999999));
#3013=CARTESIAN_POINT('',(82.,-29.809839560261,21.9466135929244));
#3014=CARTESIAN_POINT('',(82.,-22.3736489308564,25.2542254574928));
#3015=CARTESIAN_POINT('',(82.,-22.0814198963911,24.5835594166318));
#3016=CARTESIAN_POINT('',(82.,-29.8231537491175,22.6771018980406));
#3017=CARTESIAN_POINT('',(82.,-29.1524877082566,22.9693309325058));
#3018=CARTESIAN_POINT('',(82.0000000000001,-27.2460301896643,25.2542254574929));
#3019=CARTESIAN_POINT('',(82.,-27.5382592241305,24.5835594166319));
#3020=CARTESIAN_POINT('',(82.0000000000001,-26.6321411051048,25.5085066421108));
#3021=CARTESIAN_POINT('',(82.,-25.9512714677708,25.2409112686361));
#3022=CARTESIAN_POINT('',(82.,-23.6684076527508,25.2409112686361));
#3023=CARTESIAN_POINT('',(82.,-22.9875380154164,25.5085066421105));
#3024=CARTESIAN_POINT('',(82.,-19.7965253714041,22.6771018980406));
#3025=CARTESIAN_POINT('',(82.,-20.4671914122651,22.9693309325058));
#3026=CARTESIAN_POINT('',(82.,-19.5422441867869,22.0632128134809));
#3027=CARTESIAN_POINT('',(82.,-19.8098395602608,21.382343176146));
#3028=CARTESIAN_POINT('',(75.21,-19.796525371404,22.6771018980405));
#3029=CARTESIAN_POINT('',(75.21,-19.5422441867869,22.0632128134809));
#3030=CARTESIAN_POINT('',(75.21,-22.9875380154164,25.5085066421104));
#3031=CARTESIAN_POINT('',(75.21,-22.3736489308563,25.2542254574929));
#3032=CARTESIAN_POINT('',(75.21,-27.246030189665,25.2542254574929));
#3033=CARTESIAN_POINT('',(75.21,-26.6321411051047,25.5085066421108));
#3034=CARTESIAN_POINT('',(75.21,-29.809839560261,21.9466135929244));
#3035=CARTESIAN_POINT('',(75.21,-30.,21.9999999999999));
#3036=CARTESIAN_POINT('',(75.21,-29.8231537491175,22.6771018980405));
#3037=CARTESIAN_POINT('',(75.21,-22.0814198963911,24.5835594166318));
#3038=CARTESIAN_POINT('',(75.21,-29.1524877082567,22.9693309325058));
#3039=CARTESIAN_POINT('',(75.21,-27.5382592241305,24.583559416632));
#3040=CARTESIAN_POINT('',(75.21,-25.9512714677708,25.2409112686361));
#3041=CARTESIAN_POINT('',(75.21,-23.6684076527508,25.2409112686361));
#3042=CARTESIAN_POINT('',(75.21,-20.467191412265,22.9693309325058));
#3043=CARTESIAN_POINT('',(75.21,-19.8098395602608,21.382343176146));
#3044=CARTESIAN_POINT('',(75.21,-17.335712540367,20.2409118530375));
#3045=CARTESIAN_POINT('',(75.21,-32.2839498420632,20.2409118530375));
#3046=CARTESIAN_POINT('',(92.2820382791977,-20.1944542881032,20.2409118530375));
#3047=CARTESIAN_POINT('',(92.2820382791976,-29.4252235188725,20.2409118530375));
#3048=CARTESIAN_POINT('',(96.9081182301377,-10.6502684941867,20.2409118530375));
#3049=CARTESIAN_POINT('',(96.9081182301381,-38.9694093127882,20.2409118530375));
#3050=CARTESIAN_POINT('',(81.2051152022746,-32.4065714179369,20.2409118530375));
#3051=CARTESIAN_POINT('',(81.2051152022746,-32.2839498420632,20.2409118530375));
#3052=CARTESIAN_POINT('',(81.2051152022746,-17.335712540368,20.2409118530375));
#3053=CARTESIAN_POINT('',(81.2051152022746,-17.2131063890384,20.2409118530375));
#3054=CARTESIAN_POINT('',(84.5749373833896,-38.9304853785521,20.2409118530375));
#3055=CARTESIAN_POINT('',(88.473127311201,-41.69712403236,20.2409118530375));
#3056=CARTESIAN_POINT('',(88.4731273112012,-7.92255377461561,20.2409118530375));
#3057=CARTESIAN_POINT('',(84.5749373833897,-10.6891924284234,20.2409118530375));
#3058=CARTESIAN_POINT('',(91.3669884480041,-42.6196778069756,20.2409118530375));
#3059=CARTESIAN_POINT('',(92.0937413377234,-42.6196778069756,20.2409118530375));
#3060=CARTESIAN_POINT('',(92.0937413377232,-7.,20.2409118530375));
#3061=CARTESIAN_POINT('',(91.3669884480042,-7.,20.2409118530375));
#3062=CARTESIAN_POINT('',(75.21,-28.,13.4818237060752));
#3063=CARTESIAN_POINT('',(81.21,-28.,13.4818237060752));
#3064=CARTESIAN_POINT('',(92.2820382791976,-29.4252235188725,17.2409118530375));
#3065=CARTESIAN_POINT('',(92.2820382791977,-20.1944542881032,17.2409118530375));
#3066=CARTESIAN_POINT('',(81.2051152022746,-31.6554465475548,17.2409118530375));
#3067=CARTESIAN_POINT('',(81.21,-31.6554465475548,17.2409118530375));
#3068=CARTESIAN_POINT('',(81.21,-17.9642158348763,17.2409118530375));
#3069=CARTESIAN_POINT('',(81.2051152022746,-17.9642158348762,17.2409118530375));
#3070=CARTESIAN_POINT('',(81.21,-24.809840006709,12.7667932021951));
#3071=CARTESIAN_POINT('',(86.,-31.6554465475548,17.2409118530375));
#3072=CARTESIAN_POINT('',(86.,-17.9642158348762,17.2409118530375));
#3073=CARTESIAN_POINT('',(81.9755130274566,-27.9999999999999,13.4818237060752));
#3074=CARTESIAN_POINT('',(81.2051152022746,-32.406571417937,17.2409118530375));
#3075=CARTESIAN_POINT('',(84.5749373833897,-38.9304853785521,17.2409118530375));
#3076=CARTESIAN_POINT('',(84.5749373833896,-10.6891924284234,17.2409118530375));
#3077=CARTESIAN_POINT('',(81.2051152022746,-17.2131063890385,17.2409118530376));
#3078=CARTESIAN_POINT('',(88.473127311201,-41.69712403236,17.2409118530375));
#3079=CARTESIAN_POINT('',(91.3669884480041,-42.6196778069756,17.2409118530375));
#3080=CARTESIAN_POINT('',(96.9081182301377,-10.6502684941867,17.2409118530376));
#3081=CARTESIAN_POINT('',(91.3669884480042,-7.,17.2409118530375));
#3082=CARTESIAN_POINT('',(92.0937413377232,-7.,17.2409118530375));
#3083=CARTESIAN_POINT('',(88.4731273112012,-7.92255377461561,17.2409118530375));
#3084=CARTESIAN_POINT('',(96.9081182301381,-38.9694093127883,17.2409118530375));
#3085=CARTESIAN_POINT('',(92.0937413377234,-42.6196778069756,17.2409118530375));
#3086=CARTESIAN_POINT('',(82.,-30.,18.4818237060752));
#3087=CARTESIAN_POINT('',(82.,-29.809839560261,18.5352101131507));
#3088=CARTESIAN_POINT('',(82.,-22.3736489308564,15.2275982485822));
#3089=CARTESIAN_POINT('',(82.,-22.0814198963911,15.8982642894432));
#3090=CARTESIAN_POINT('',(82.,-29.8231537491175,17.8047218080345));
#3091=CARTESIAN_POINT('',(82.,-29.1524877082566,17.5124927735692));
#3092=CARTESIAN_POINT('',(82.0000000000001,-27.2460301896643,15.2275982485822));
#3093=CARTESIAN_POINT('',(82.,-27.5382592241305,15.8982642894431));
#3094=CARTESIAN_POINT('',(82.0000000000001,-26.6321411051048,14.9733170639643));
#3095=CARTESIAN_POINT('',(82.,-25.9512714677708,15.2409124374389));
#3096=CARTESIAN_POINT('',(82.,-23.6684076527508,15.2409124374389));
#3097=CARTESIAN_POINT('',(82.,-22.9875380154164,14.9733170639646));
#3098=CARTESIAN_POINT('',(82.,-19.7965253714041,17.8047218080345));
#3099=CARTESIAN_POINT('',(82.,-20.4671914122651,17.5124927735692));
#3100=CARTESIAN_POINT('',(82.,-19.5422441867869,18.4186108925942));
#3101=CARTESIAN_POINT('',(82.,-19.8098395602608,19.099480529929));
#3102=CARTESIAN_POINT('',(75.21,-19.796525371404,17.8047218080345));
#3103=CARTESIAN_POINT('',(75.21,-19.5422441867869,18.4186108925941));
#3104=CARTESIAN_POINT('',(75.21,-22.9875380154164,14.9733170639646));
#3105=CARTESIAN_POINT('',(75.21,-22.3736489308563,15.2275982485822));
#3106=CARTESIAN_POINT('',(75.21,-27.246030189665,15.2275982485822));
#3107=CARTESIAN_POINT('',(75.21,-26.6321411051047,14.9733170639642));
#3108=CARTESIAN_POINT('',(75.21,-29.809839560261,18.5352101131506));
#3109=CARTESIAN_POINT('',(75.21,-30.,18.4818237060752));
#3110=CARTESIAN_POINT('',(75.21,-29.8231537491175,17.8047218080345));
#3111=CARTESIAN_POINT('',(75.21,-22.0814198963911,15.8982642894432));
#3112=CARTESIAN_POINT('',(75.21,-29.1524877082567,17.5124927735692));
#3113=CARTESIAN_POINT('',(75.21,-27.5382592241305,15.898264289443));
#3114=CARTESIAN_POINT('',(75.21,-25.9512714677708,15.2409124374389));
#3115=CARTESIAN_POINT('',(75.21,-23.6684076527508,15.2409124374389));
#3116=CARTESIAN_POINT('',(75.21,-20.467191412265,17.5124927735692));
#3117=CARTESIAN_POINT('',(75.21,-19.8098395602608,19.099480529929));
#3118=CARTESIAN_POINT('',(81.21,-28.,26.9999999999999));
#3119=CARTESIAN_POINT('',(81.21,-30.5317411892752,25.8050634052507));
#3120=CARTESIAN_POINT('',(81.21,-31.6554465475548,23.2409118530375));
#3121=CARTESIAN_POINT('',(92.2820382791976,-29.4252235188725,20.2409118530375));
#3122=CARTESIAN_POINT('',(92.2820382791976,-29.4252235188725,23.2409118530375));
#3123=CARTESIAN_POINT('',(75.21,-23.6684076527508,25.2409112686361));
#3124=CARTESIAN_POINT('',(82.,-23.6684076527508,25.2409112686361));
#3125=CARTESIAN_POINT('',(92.2820382791977,-20.1944542881032,20.2409118530375));
#3126=CARTESIAN_POINT('',(92.2820382791977,-20.1944542881032,23.2409118530375));
#3127=CARTESIAN_POINT('',(92.2820382791976,-29.4252235188725,23.2409118530375));
#3128=CARTESIAN_POINT('',(89.2051152022745,-28.1431722368212,23.2409118530375));
#3129=CARTESIAN_POINT('',(89.2051152022746,-24.8098389034878,23.2409118530375));
#3130=CARTESIAN_POINT('',(89.2051152022747,-21.4765055701544,23.2409118530375));
#3131=CARTESIAN_POINT('',(92.2820382791977,-20.1944542881032,23.2409118530375));
#3132=CARTESIAN_POINT('',(75.21,-29.1524877082567,22.9693309325058));
#3133=CARTESIAN_POINT('',(75.21,-27.5382592241305,24.583559416632));
#3134=CARTESIAN_POINT('',(92.2820382791977,-20.1944542881032,23.2409118530375));
#3135=CARTESIAN_POINT('',(96.7055819469282,-18.3513110932155,23.2409118530375));
#3136=CARTESIAN_POINT('',(97.1678135486593,-13.5814832804379,23.2409118530374));
#3137=CARTESIAN_POINT('',(97.3121961941222,-12.0915800470117,23.2409118530374));
#3138=CARTESIAN_POINT('',(96.9081182301377,-10.6502684941867,23.2409118530375));
#3139=CARTESIAN_POINT('',(75.21,-28.,26.9999999999999));
#3140=CARTESIAN_POINT('',(75.21,-30.5317411892752,25.8050634052507));
#3141=CARTESIAN_POINT('',(75.21,-31.6554465475548,23.2409118530375));
#3142=CARTESIAN_POINT('',(75.21,-32.2839498420632,21.8067479182388));
#3143=CARTESIAN_POINT('',(75.21,-32.2839498420632,20.2409118530375));
#3144=CARTESIAN_POINT('',(96.9081182301377,-10.6502684941867,20.2409118530375));
#3145=CARTESIAN_POINT('',(98.8201295946926,-17.4702495733134,20.2409118530375));
#3146=CARTESIAN_POINT('',(92.2820382791977,-20.1944542881032,20.2409118530375));
#3147=CARTESIAN_POINT('',(81.2051152022746,-31.6554465475548,23.2409118530375));
#3148=CARTESIAN_POINT('',(81.21,-31.6554465475548,23.2409118530375));
#3149=CARTESIAN_POINT('',(81.2051152022746,-17.9642158348762,23.2409118530375));
#3150=CARTESIAN_POINT('',(81.21,-17.9642158348763,23.2409118530375));
#3151=CARTESIAN_POINT('',(81.2051152022746,-32.2839498420633,20.2409118530375));
#3152=CARTESIAN_POINT('',(81.2051152022745,-32.2839498420633,21.8067479182388));
#3153=CARTESIAN_POINT('',(81.2051152022745,-31.6554465475548,23.2409118530375));
#3154=CARTESIAN_POINT('',(81.2051152022746,-17.9642158348762,23.2409118530375));
#3155=CARTESIAN_POINT('',(81.2051152022746,-17.335712540368,21.8067479182387));
#3156=CARTESIAN_POINT('',(81.2051152022745,-17.335712540368,20.2409118530375));
#3157=CARTESIAN_POINT('',(75.21,-22.9875380154164,25.5085066421104));
#3158=CARTESIAN_POINT('',(75.21,-23.1026778770422,25.4014684927207));
#3159=CARTESIAN_POINT('',(75.21,-23.1602478078551,25.2325029473009));
#3160=CARTESIAN_POINT('',(75.21,-23.3539916661346,25.2409112686361));
#3161=CARTESIAN_POINT('',(75.21,-23.5111996594427,25.2409112686361));
#3162=CARTESIAN_POINT('',(75.21,-23.6684076527508,25.2409112686361));
#3163=CARTESIAN_POINT('',(75.21,-19.796525371404,22.6771018980405));
#3164=CARTESIAN_POINT('',(75.21,-19.9536289496236,22.6828306737018));
#3165=CARTESIAN_POINT('',(75.21,-20.113813721047,22.6040620792187));
#3166=CARTESIAN_POINT('',(75.21,-20.2448657360154,22.7470052562561));
#3167=CARTESIAN_POINT('',(75.21,-20.3560285741403,22.8581680943809));
#3168=CARTESIAN_POINT('',(75.21,-20.467191412265,22.9693309325058));
#3169=CARTESIAN_POINT('',(75.21,-22.9875380154164,25.5085066421104));
#3170=CARTESIAN_POINT('',(82.,-22.9875380154164,25.5085066421105));
#3171=CARTESIAN_POINT('',(81.2051152022746,-31.6554465475548,23.2409118530375));
#3172=CARTESIAN_POINT('',(81.2051152022746,-32.0310089827459,23.2409118530375));
#3173=CARTESIAN_POINT('',(81.2051152022746,-32.406571417937,23.2409118530375));
#3174=CARTESIAN_POINT('',(75.21,-17.335712540367,20.2409118530375));
#3175=CARTESIAN_POINT('',(75.21,-17.3357125403674,21.8067479182378));
#3176=CARTESIAN_POINT('',(75.21,-17.9642158348754,23.2409118530357));
#3177=CARTESIAN_POINT('',(75.21,-18.0061503339413,23.3366010032914));
#3178=CARTESIAN_POINT('',(75.21,-18.0507430442523,23.4310806618201));
#3179=CARTESIAN_POINT('',(75.21,-21.2409118530371,30.1901688087834));
#3180=CARTESIAN_POINT('',(75.21,-28.,26.9999999999999));
#3181=CARTESIAN_POINT('',(81.21,-31.6554465475548,23.2409118530375));
#3182=CARTESIAN_POINT('',(86.,-31.6554465475548,23.2409118530375));
#3183=CARTESIAN_POINT('',(81.21,-17.9642158348763,23.2409118530375));
#3184=CARTESIAN_POINT('',(86.,-17.9642158348762,23.2409118530375));
#3185=CARTESIAN_POINT('',(86.,-31.6554465475548,23.2409118530375));
#3186=CARTESIAN_POINT('',(86.,-17.9642158348762,23.2409118530375));
#3187=CARTESIAN_POINT('',(81.21,-24.809840006709,27.7150305038799));
#3188=CARTESIAN_POINT('',(81.21,-26.4850516890617,27.7150285280191));
#3189=CARTESIAN_POINT('',(81.21,-28.,26.9999999999999));
#3190=CARTESIAN_POINT('',(81.21,-17.9642158348763,23.2409118530375));
#3191=CARTESIAN_POINT('',(81.21,-19.9249414290861,27.7150362654681));
#3192=CARTESIAN_POINT('',(81.21,-24.809840006709,27.7150305038799));
#3193=CARTESIAN_POINT('',(81.9755130274566,-27.9999999999999,26.9999999999999));
#3194=CARTESIAN_POINT('',(81.4979371805846,-27.0548760166104,27.4460816291615));
#3195=CARTESIAN_POINT('',(81.2100014576981,-25.9695454327903,27.7150291423162));
#3196=CARTESIAN_POINT('',(81.21,-24.809840006709,27.7150305038799));
#3197=CARTESIAN_POINT('',(81.21,-24.809840006709,27.7150305038799));
#3198=CARTESIAN_POINT('',(81.2100003117586,-23.9218585600021,27.7150302126855));
#3199=CARTESIAN_POINT('',(81.3791771674964,-23.0693338731276,27.5570098941997));
#3200=CARTESIAN_POINT('',(81.6799210008945,-22.2862241256822,27.2760989142135));
#3201=CARTESIAN_POINT('',(82.0916184469658,-21.2142012038024,26.8915512687075));
#3202=CARTESIAN_POINT('',(82.7275361597539,-20.3255892752059,26.2975697866219));
#3203=CARTESIAN_POINT('',(84.1556017757897,-18.9377323918711,24.9636793884299));
#3204=CARTESIAN_POINT('',(84.9662326784508,-18.4167301122096,24.2065063528246));
#3205=CARTESIAN_POINT('',(85.7964049089523,-18.0507430442531,23.4310806618219));
#3206=CARTESIAN_POINT('',(85.8640437425835,-18.0209240049127,23.3679023388427));
#3207=CARTESIAN_POINT('',(85.9319184019811,-17.9920841354668,23.3045037418634));
#3208=CARTESIAN_POINT('',(86.,-17.9642158348762,23.2409118530375));
#3209=CARTESIAN_POINT('',(86.,-31.6554465475548,23.2409118530375));
#3210=CARTESIAN_POINT('',(85.2193596771594,-31.3359017688913,23.9700720676565));
#3211=CARTESIAN_POINT('',(84.4550241007202,-30.8838671275175,24.6840027687114));
#3212=CARTESIAN_POINT('',(83.0756426931602,-29.6869295943553,25.9724194873328));
#3213=CARTESIAN_POINT('',(82.4429560601401,-28.9250711147796,26.5633829664428));
#3214=CARTESIAN_POINT('',(81.9755130274566,-27.9999999999999,26.9999999999999));
#3215=CARTESIAN_POINT('',(81.21,-28.,26.9999999999999));
#3216=CARTESIAN_POINT('',(81.9755130274566,-27.9999999999999,26.9999999999999));
#3217=CARTESIAN_POINT('',(75.21,-28.,26.9999999999999));
#3218=CARTESIAN_POINT('',(81.2051152022746,-28.,26.9999999999999));
#3219=CARTESIAN_POINT('',(81.21,-28.,26.9999999999999));
#3220=CARTESIAN_POINT('',(84.5749373833897,-38.9304853785521,23.2409118530375));
#3221=CARTESIAN_POINT('',(88.473127311201,-41.69712403236,23.2409118530375));
#3222=CARTESIAN_POINT('',(81.2051152022746,-32.4065714179369,20.2409118530375));
#3223=CARTESIAN_POINT('',(81.2051152022746,-32.406571417937,23.2409118530375));
#3224=CARTESIAN_POINT('',(84.5749373833896,-38.9304853785521,20.2409118530375));
#3225=CARTESIAN_POINT('',(84.5749373833897,-38.9304853785521,23.2409118530375));
#3226=CARTESIAN_POINT('',(81.2051152022746,-32.406571417937,23.2409118530375));
#3227=CARTESIAN_POINT('',(81.2051152022746,-34.0594796329545,23.2409118530376));
#3228=CARTESIAN_POINT('',(81.2051152022746,-35.7123878479721,23.2409118530376));
#3229=CARTESIAN_POINT('',(81.8790796384974,-37.0171706400953,23.2409118530374));
#3230=CARTESIAN_POINT('',(83.2270085109435,-37.9738280093237,23.2409118530375));
#3231=CARTESIAN_POINT('',(84.5749373833897,-38.9304853785521,23.2409118530375));
#3232=CARTESIAN_POINT('',(81.2051152022746,-17.2131063890385,23.2409118530374));
#3233=CARTESIAN_POINT('',(81.2051152022746,-17.5886611119573,23.2409118530375));
#3234=CARTESIAN_POINT('',(81.2051152022746,-17.9642158348762,23.2409118530375));
#3235=CARTESIAN_POINT('',(81.2051152022746,-17.2131063890385,23.2409118530374));
#3236=CARTESIAN_POINT('',(81.2051152022746,-17.2131063890384,20.2409118530375));
#3237=CARTESIAN_POINT('',(84.5749373833896,-10.6891924284234,23.2409118530375));
#3238=CARTESIAN_POINT('',(84.5749373833897,-10.6891924284234,20.2409118530375));
#3239=CARTESIAN_POINT('',(75.21,-25.9512714677708,25.2409112686361));
#3240=CARTESIAN_POINT('',(75.21,-23.6684076527508,25.2409112686361));
#3241=CARTESIAN_POINT('',(84.5749373833896,-10.6891924284234,23.2409118530375));
#3242=CARTESIAN_POINT('',(83.2270085109436,-11.6458497976518,23.2409118530375));
#3243=CARTESIAN_POINT('',(81.8790796384975,-12.6025071668803,23.2409118530376));
#3244=CARTESIAN_POINT('',(81.2051152022746,-13.9072899590033,23.2409118530374));
#3245=CARTESIAN_POINT('',(81.2051152022746,-15.560198174021,23.2409118530374));
#3246=CARTESIAN_POINT('',(81.2051152022746,-17.2131063890385,23.2409118530374));
#3247=CARTESIAN_POINT('',(75.21,-22.0814198963911,24.5835594166318));
#3248=CARTESIAN_POINT('',(75.21,-20.467191412265,22.9693309325058));
#3249=CARTESIAN_POINT('',(91.3669884480041,-42.6196778069756,23.2409118530375));
#3250=CARTESIAN_POINT('',(92.0937413377234,-42.6196778069756,23.2409118530375));
#3251=CARTESIAN_POINT('',(88.473127311201,-41.69712403236,23.2409118530375));
#3252=CARTESIAN_POINT('',(88.473127311201,-41.6971240323599,20.2409118530375));
#3253=CARTESIAN_POINT('',(91.3669884480041,-42.6196778069756,23.2409118530375));
#3254=CARTESIAN_POINT('',(91.3669884480041,-42.6196778069756,20.2409118530375));
#3255=CARTESIAN_POINT('',(75.21,-19.7965253714039,22.6771018980406));
#3256=CARTESIAN_POINT('',(82.,-19.7965253714041,22.6771018980406));
#3257=CARTESIAN_POINT('',(88.473127311201,-41.69712403236,23.2409118530375));
#3258=CARTESIAN_POINT('',(88.99307809366,-42.0661455422063,23.2409118530375));
#3259=CARTESIAN_POINT('',(89.5130288761189,-42.4351670520526,23.2409118530375));
#3260=CARTESIAN_POINT('',(90.0918011034796,-42.6196778069755,23.2409118530375));
#3261=CARTESIAN_POINT('',(90.7293947757419,-42.6196778069756,23.2409118530375));
#3262=CARTESIAN_POINT('',(91.3669884480041,-42.6196778069756,23.2409118530375));
#3263=CARTESIAN_POINT('',(92.0937413377232,-7.,23.2409118530375));
#3264=CARTESIAN_POINT('',(91.3669884480042,-7.,23.2409118530375));
#3265=CARTESIAN_POINT('',(92.2820382791977,-20.1944542881032,20.2409118530375));
#3266=CARTESIAN_POINT('',(89.2051152022747,-21.4765055701546,20.2409118530375));
#3267=CARTESIAN_POINT('',(89.2051152022747,-24.8098389034878,20.2409118530375));
#3268=CARTESIAN_POINT('',(89.2051152022746,-28.1431722368212,20.2409118530375));
#3269=CARTESIAN_POINT('',(92.2820382791976,-29.4252235188725,20.2409118530375));
#3270=CARTESIAN_POINT('',(88.4731273112012,-7.92255377461561,23.2409118530375));
#3271=CARTESIAN_POINT('',(84.5749373833896,-10.6891924284234,23.2409118530375));
#3272=CARTESIAN_POINT('',(88.4731273112012,-7.92255377461561,20.2409118530375));
#3273=CARTESIAN_POINT('',(88.4731273112012,-7.92255377461561,23.2409118530375));
#3274=CARTESIAN_POINT('',(91.3669884480042,-7.,20.2409118530375));
#3275=CARTESIAN_POINT('',(91.3669884480042,-7.,23.2409118530375));
#3276=CARTESIAN_POINT('',(92.0937413377232,-7.,20.2409118530375));
#3277=CARTESIAN_POINT('',(92.0937413377232,-7.,23.2409118530375));
#3278=CARTESIAN_POINT('',(81.2051152022746,-32.2839498420632,20.2409118530375));
#3279=CARTESIAN_POINT('',(75.21,-32.2839498420631,20.2409118530375));
#3280=CARTESIAN_POINT('',(96.9081182301377,-10.6502684941867,20.2409118530375));
#3281=CARTESIAN_POINT('',(96.9081182301377,-10.6502684941867,23.2409118530375));
#3282=CARTESIAN_POINT('',(96.9081182301377,-10.6502684941867,23.2409118530375));
#3283=CARTESIAN_POINT('',(96.4987707692819,-9.19016109651204,23.2409118530375));
#3284=CARTESIAN_POINT('',(95.7434683599092,-7.82704367366478,23.2409118530375));
#3285=CARTESIAN_POINT('',(95.1265479299432,-7.00000000000011,23.2409118530375));
#3286=CARTESIAN_POINT('',(93.6101446338332,-7.00000000000006,23.2409118530375));
#3287=CARTESIAN_POINT('',(92.0937413377232,-7.,23.2409118530375));
#3288=CARTESIAN_POINT('',(91.3669884480042,-7.,23.2409118530375));
#3289=CARTESIAN_POINT('',(90.729394775742,-7.,23.2409118530375));
#3290=CARTESIAN_POINT('',(90.0918011034797,-7.,23.2409118530375));
#3291=CARTESIAN_POINT('',(89.5130288761191,-7.18451075492305,23.2409118530375));
#3292=CARTESIAN_POINT('',(88.9930780936601,-7.55353226476933,23.2409118530375));
#3293=CARTESIAN_POINT('',(88.4731273112012,-7.92255377461561,23.2409118530375));
#3294=CARTESIAN_POINT('',(84.5749373833897,-10.6891924284234,20.2409118530375));
#3295=CARTESIAN_POINT('',(83.2270085109436,-11.645849797652,20.2409118530376));
#3296=CARTESIAN_POINT('',(81.8790796384975,-12.6025071668804,20.2409118530376));
#3297=CARTESIAN_POINT('',(81.2051152022747,-13.9072899590035,20.2409118530374));
#3298=CARTESIAN_POINT('',(81.2051152022746,-15.560198174021,20.2409118530374));
#3299=CARTESIAN_POINT('',(81.2051152022746,-17.2131063890384,20.2409118530375));
#3300=CARTESIAN_POINT('',(96.9081182301381,-38.9694093127883,23.2409118530375));
#3301=CARTESIAN_POINT('',(97.3121961941224,-37.5280977599634,23.2409118530375));
#3302=CARTESIAN_POINT('',(97.1678135486595,-36.0381945265372,23.2409118530375));
#3303=CARTESIAN_POINT('',(96.7055819469284,-31.2683667137602,23.2409118530375));
#3304=CARTESIAN_POINT('',(92.2820382791976,-29.4252235188725,23.2409118530375));
#3305=CARTESIAN_POINT('',(92.0937413377234,-42.6196778069756,23.2409118530375));
#3306=CARTESIAN_POINT('',(92.0937413377234,-42.6196778069756,20.2409118530375));
#3307=CARTESIAN_POINT('',(92.0937413377234,-42.6196778069756,23.2409118530375));
#3308=CARTESIAN_POINT('',(93.6101446338338,-42.6196778069757,23.2409118530375));
#3309=CARTESIAN_POINT('',(95.1265479299441,-42.6196778069757,23.2409118530375));
#3310=CARTESIAN_POINT('',(95.7434683599098,-41.7926341333107,23.2409118530375));
#3311=CARTESIAN_POINT('',(96.4987707692825,-40.4295167104632,23.2409118530375));
#3312=CARTESIAN_POINT('',(96.9081182301381,-38.9694093127883,23.2409118530375));
#3313=CARTESIAN_POINT('',(96.9081182301381,-38.9694093127883,23.2409118530375));
#3314=CARTESIAN_POINT('',(96.9081182301381,-38.9694093127882,20.2409118530375));
#3315=CARTESIAN_POINT('',(75.21,-29.1524877082567,22.9693309325058));
#3316=CARTESIAN_POINT('',(75.21,-29.2636505463815,22.8581680943809));
#3317=CARTESIAN_POINT('',(75.21,-29.3748133845065,22.7470052562561));
#3318=CARTESIAN_POINT('',(75.21,-29.5058653994746,22.6040620792187));
#3319=CARTESIAN_POINT('',(75.21,-29.6660501708981,22.6828306737018));
#3320=CARTESIAN_POINT('',(75.21,-29.8231537491175,22.6771018980405));
#3321=CARTESIAN_POINT('',(82.,-30.,21.9999999999999));
#3322=CARTESIAN_POINT('',(82.,-29.9124137375076,21.9466135929244));
#3323=CARTESIAN_POINT('',(82.,-29.809839560261,21.9466135929244));
#3324=CARTESIAN_POINT('',(75.21,-27.246030189665,25.2542254574929));
#3325=CARTESIAN_POINT('',(75.21,-27.2517589653265,25.0971218792734));
#3326=CARTESIAN_POINT('',(75.21,-27.1729903708434,24.93693710785));
#3327=CARTESIAN_POINT('',(75.21,-27.3159335478807,24.8058850928817));
#3328=CARTESIAN_POINT('',(75.21,-27.4270963860056,24.6947222547569));
#3329=CARTESIAN_POINT('',(75.21,-27.5382592241305,24.583559416632));
#3330=CARTESIAN_POINT('',(75.21,-25.9512714677708,25.2409112686361));
#3331=CARTESIAN_POINT('',(75.21,-26.1084794610789,25.2409112686361));
#3332=CARTESIAN_POINT('',(75.21,-26.2656874543869,25.2409112686361));
#3333=CARTESIAN_POINT('',(75.21,-26.4594313126665,25.2325029473009));
#3334=CARTESIAN_POINT('',(75.21,-26.5170012434794,25.4014684927207));
#3335=CARTESIAN_POINT('',(75.21,-26.6321411051047,25.5085066421108));
#3336=CARTESIAN_POINT('',(82.,-22.3736489308565,25.2542254574928));
#3337=CARTESIAN_POINT('',(81.9999999999998,-22.380810106203,25.4506105732112));
#3338=CARTESIAN_POINT('',(81.9999999999998,-22.5486113086563,25.5528903491373));
#3339=CARTESIAN_POINT('',(82.,-22.7848811260081,25.6969037627694));
#3340=CARTESIAN_POINT('',(82.,-22.9875380154164,25.5085066421105));
#3341=CARTESIAN_POINT('',(82.,-22.3736489308564,25.2542254574928));
#3342=CARTESIAN_POINT('',(75.2100000000001,-22.3736489308564,25.2542254574929));
#3343=CARTESIAN_POINT('',(82.,-22.0814198963911,24.5835594166318));
#3344=CARTESIAN_POINT('',(75.21,-22.0814198963911,24.5835594166318));
#3345=CARTESIAN_POINT('',(82.,-22.0814198963911,24.5835594166318));
#3346=CARTESIAN_POINT('',(82.,-22.192582734516,24.6947222547567));
#3347=CARTESIAN_POINT('',(82.,-22.3037455726408,24.8058850928816));
#3348=CARTESIAN_POINT('',(82.,-22.4466887496783,24.9369371078498));
#3349=CARTESIAN_POINT('',(82.,-22.3679201551952,25.0971218792733));
#3350=CARTESIAN_POINT('',(82.,-22.3736489308564,25.2542254574928));
#3351=CARTESIAN_POINT('',(75.21,-19.8098395602608,21.382343176146));
#3352=CARTESIAN_POINT('',(75.21,-19.8098395602609,21.5395511694542));
#3353=CARTESIAN_POINT('',(75.21,-19.8098395602609,21.6967591627622));
#3354=CARTESIAN_POINT('',(75.21,-19.8182478815961,21.8905030210419));
#3355=CARTESIAN_POINT('',(75.21,-19.6492823361763,21.9480729518548));
#3356=CARTESIAN_POINT('',(75.21,-19.5422441867869,22.0632128134809));
#3357=CARTESIAN_POINT('',(75.21,-30.,21.9999999999999));
#3358=CARTESIAN_POINT('',(82.,-30.,21.9999999999999));
#3359=CARTESIAN_POINT('',(75.21,-29.809839560261,21.9466135929244));
#3360=CARTESIAN_POINT('',(82.,-29.809839560261,21.9466135929244));
#3361=CARTESIAN_POINT('',(75.21,-27.246030189665,25.2542254574929));
#3362=CARTESIAN_POINT('',(82.0000000000001,-27.2460301896643,25.2542254574929));
#3363=CARTESIAN_POINT('',(75.21,-27.5382592241305,24.583559416632));
#3364=CARTESIAN_POINT('',(82.,-27.5382592241305,24.5835594166319));
#3365=CARTESIAN_POINT('',(82.,-29.8231537491176,22.6771018980406));
#3366=CARTESIAN_POINT('',(81.9999999999999,-30.0195388648365,22.6699407226939));
#3367=CARTESIAN_POINT('',(81.9999999999999,-30.1218186407625,22.5021395202406));
#3368=CARTESIAN_POINT('',(82.,-30.3119790805016,22.1901604397391));
#3369=CARTESIAN_POINT('',(82.,-30.,21.9999999999999));
#3370=CARTESIAN_POINT('',(82.,-29.8231537491174,22.6771018980406));
#3371=CARTESIAN_POINT('',(75.21,-29.8231537491174,22.6771018980405));
#3372=CARTESIAN_POINT('',(82.,-29.1524877082566,22.9693309325058));
#3373=CARTESIAN_POINT('',(75.21,-29.1524877082567,22.9693309325058));
#3374=CARTESIAN_POINT('',(82.,-29.1524877082566,22.9693309325058));
#3375=CARTESIAN_POINT('',(82.,-29.2636505463815,22.858168094381));
#3376=CARTESIAN_POINT('',(82.,-29.3748133845064,22.7470052562561));
#3377=CARTESIAN_POINT('',(82.,-29.5058653994746,22.6040620792188));
#3378=CARTESIAN_POINT('',(82.,-29.666050170898,22.6828306737018));
#3379=CARTESIAN_POINT('',(82.,-29.8231537491175,22.6771018980406));
#3380=CARTESIAN_POINT('',(82.,-27.5382592241305,24.5835594166319));
#3381=CARTESIAN_POINT('',(82.,-29.1524877082566,22.9693309325058));
#3382=CARTESIAN_POINT('',(82.0000000000001,-27.2460301896643,25.2542254574929));
#3383=CARTESIAN_POINT('',(82.0000000000001,-27.2517589653258,25.0971218792734));
#3384=CARTESIAN_POINT('',(82.0000000000001,-27.1729903708429,24.9369371078499));
#3385=CARTESIAN_POINT('',(82.0000000000001,-27.3159335478804,24.8058850928817));
#3386=CARTESIAN_POINT('',(82.,-27.4270963860055,24.6947222547568));
#3387=CARTESIAN_POINT('',(82.,-27.5382592241305,24.5835594166319));
#3388=CARTESIAN_POINT('',(82.0000000000001,-26.6321411051048,25.5085066421108));
#3389=CARTESIAN_POINT('',(82.,-26.6592000069102,25.5336615687616));
#3390=CARTESIAN_POINT('',(82.0000000000001,-26.6907469323859,25.5528903491378));
#3391=CARTESIAN_POINT('',(82.,-27.0027260128891,25.7430507888768));
#3392=CARTESIAN_POINT('',(82.0000000000001,-27.1928864526277,25.4310717083753));
#3393=CARTESIAN_POINT('',(82.0000000000001,-27.2425527745371,25.349588654052));
#3394=CARTESIAN_POINT('',(82.0000000000001,-27.2460301896644,25.2542254574929));
#3395=CARTESIAN_POINT('',(82.0000000000001,-26.6321411051048,25.5085066421108));
#3396=CARTESIAN_POINT('',(75.21,-26.6321411051047,25.5085066421108));
#3397=CARTESIAN_POINT('',(82.,-25.9512714677708,25.2409112686361));
#3398=CARTESIAN_POINT('',(75.21,-25.9512714677708,25.2409112686361));
#3399=CARTESIAN_POINT('',(82.,-25.9512714677708,25.2409112686361));
#3400=CARTESIAN_POINT('',(82.,-26.1084794610788,25.2409112686362));
#3401=CARTESIAN_POINT('',(82.,-26.2656874543868,25.2409112686362));
#3402=CARTESIAN_POINT('',(82.0000000000001,-26.4594313126664,25.2325029473012));
#3403=CARTESIAN_POINT('',(82.0000000000001,-26.5170012434791,25.401468492721));
#3404=CARTESIAN_POINT('',(82.0000000000001,-26.6321411051048,25.5085066421108));
#3405=CARTESIAN_POINT('',(82.,-23.6684076527508,25.2409112686361));
#3406=CARTESIAN_POINT('',(82.,-25.9512714677708,25.2409112686361));
#3407=CARTESIAN_POINT('',(82.,-22.9875380154164,25.5085066421105));
#3408=CARTESIAN_POINT('',(82.,-23.1026778770421,25.4014684927207));
#3409=CARTESIAN_POINT('',(82.,-23.1602478078551,25.2325029473009));
#3410=CARTESIAN_POINT('',(82.,-23.3539916661346,25.2409112686361));
#3411=CARTESIAN_POINT('',(82.,-23.5111996594428,25.2409112686361));
#3412=CARTESIAN_POINT('',(82.,-23.6684076527508,25.2409112686361));
#3413=CARTESIAN_POINT('',(82.,-20.4671914122651,22.9693309325058));
#3414=CARTESIAN_POINT('',(82.,-22.0814198963911,24.5835594166318));
#3415=CARTESIAN_POINT('',(82.,-19.7965253714041,22.6771018980406));
#3416=CARTESIAN_POINT('',(82.,-19.9536289496236,22.6828306737018));
#3417=CARTESIAN_POINT('',(82.,-20.113813721047,22.6040620792187));
#3418=CARTESIAN_POINT('',(82.,-20.2448657360154,22.7470052562561));
#3419=CARTESIAN_POINT('',(82.,-20.3560285741402,22.858168094381));
#3420=CARTESIAN_POINT('',(82.,-20.4671914122651,22.9693309325058));
#3421=CARTESIAN_POINT('',(82.,-19.542244186787,22.0632128134809));
#3422=CARTESIAN_POINT('',(82.,-19.5170892601362,22.0902717152862));
#3423=CARTESIAN_POINT('',(82.,-19.4978604797603,22.1218186407617));
#3424=CARTESIAN_POINT('',(82.,-19.3077000400198,22.433797721264));
#3425=CARTESIAN_POINT('',(82.,-19.6196791205213,22.6239581610034));
#3426=CARTESIAN_POINT('',(82.0000000000001,-19.7011621748445,22.6736244829136));
#3427=CARTESIAN_POINT('',(82.,-19.7965253714041,22.6771018980406));
#3428=CARTESIAN_POINT('',(82.,-19.542244186787,22.0632128134809));
#3429=CARTESIAN_POINT('',(75.21,-19.542244186787,22.0632128134809));
#3430=CARTESIAN_POINT('',(82.,-19.8098395602608,21.382343176146));
#3431=CARTESIAN_POINT('',(75.21,-19.8098395602608,21.382343176146));
#3432=CARTESIAN_POINT('',(82.,-19.8098395602608,21.382343176146));
#3433=CARTESIAN_POINT('',(82.,-19.8098395602609,21.5395511694542));
#3434=CARTESIAN_POINT('',(82.,-19.809839560261,21.6967591627624));
#3435=CARTESIAN_POINT('',(82.,-19.8182478815963,21.8905030210422));
#3436=CARTESIAN_POINT('',(82.,-19.6492823361766,21.9480729518551));
#3437=CARTESIAN_POINT('',(82.,-19.5422441867869,22.0632128134809));
#3438=CARTESIAN_POINT('',(96.9081182301377,-10.6502684941867,20.2409118530375));
#3439=CARTESIAN_POINT('',(96.4987707692819,-9.19016109651187,20.2409118530375));
#3440=CARTESIAN_POINT('',(95.7434683599091,-7.82704367366466,20.2409118530375));
#3441=CARTESIAN_POINT('',(95.1265479299432,-6.99999999999994,20.2409118530375));
#3442=CARTESIAN_POINT('',(93.6101446338332,-6.99999999999994,20.2409118530375));
#3443=CARTESIAN_POINT('',(92.0937413377232,-7.,20.2409118530375));
#3444=CARTESIAN_POINT('',(88.4731273112012,-7.92255377461561,20.2409118530375));
#3445=CARTESIAN_POINT('',(88.9930780936601,-7.55353226476939,20.2409118530375));
#3446=CARTESIAN_POINT('',(89.5130288761191,-7.18451075492305,20.2409118530375));
#3447=CARTESIAN_POINT('',(90.0918011034797,-7.,20.2409118530375));
#3448=CARTESIAN_POINT('',(90.729394775742,-7.,20.2409118530375));
#3449=CARTESIAN_POINT('',(91.3669884480042,-7.,20.2409118530375));
#3450=CARTESIAN_POINT('',(92.0937413377234,-42.6196778069756,20.2409118530375));
#3451=CARTESIAN_POINT('',(93.6101446338338,-42.6196778069756,20.2409118530375));
#3452=CARTESIAN_POINT('',(95.1265479299441,-42.6196778069756,20.2409118530375));
#3453=CARTESIAN_POINT('',(95.7434683599099,-41.7926341333105,20.2409118530375));
#3454=CARTESIAN_POINT('',(96.4987707692826,-40.4295167104628,20.2409118530375));
#3455=CARTESIAN_POINT('',(96.9081182301381,-38.9694093127882,20.2409118530375));
#3456=CARTESIAN_POINT('',(75.21,-19.796525371404,22.6771018980405));
#3457=CARTESIAN_POINT('',(75.21,-19.5620683241082,22.6685524312405));
#3458=CARTESIAN_POINT('',(75.21,-19.4722858644025,22.4517983993555));
#3459=CARTESIAN_POINT('',(75.21,-19.3825034046967,22.2350443674704));
#3460=CARTESIAN_POINT('',(75.21,-19.5422441867869,22.0632128134809));
#3461=CARTESIAN_POINT('',(75.21,-22.9875380154164,25.5085066421104));
#3462=CARTESIAN_POINT('',(75.21,-22.8157064614266,25.6682474242006));
#3463=CARTESIAN_POINT('',(75.21,-22.5989524295415,25.5784649644947));
#3464=CARTESIAN_POINT('',(75.21,-22.3821983976563,25.4886825047888));
#3465=CARTESIAN_POINT('',(75.21,-22.3736489308563,25.2542254574929));
#3466=CARTESIAN_POINT('',(75.21,-27.246030189665,25.2542254574929));
#3467=CARTESIAN_POINT('',(75.21,-27.2374807228649,25.4886825047889));
#3468=CARTESIAN_POINT('',(75.21,-27.0207266909798,25.5784649644948));
#3469=CARTESIAN_POINT('',(75.21,-26.8039726590947,25.6682474242008));
#3470=CARTESIAN_POINT('',(75.21,-26.6321411051047,25.5085066421108));
#3471=CARTESIAN_POINT('',(75.21,-29.809839560261,21.9466135929244));
#3472=CARTESIAN_POINT('',(75.21,-29.9124137375075,21.9466135929244));
#3473=CARTESIAN_POINT('',(75.21,-30.,21.9999999999999));
#3474=CARTESIAN_POINT('',(75.21,-30.,21.9999999999999));
#3475=CARTESIAN_POINT('',(75.21,-30.2320090587632,22.14141635576));
#3476=CARTESIAN_POINT('',(75.21,-30.1633465986675,22.4043084545348));
#3477=CARTESIAN_POINT('',(75.21,-30.0946841385717,22.6672005533097));
#3478=CARTESIAN_POINT('',(75.21,-29.8231537491175,22.6771018980405));
#3479=CARTESIAN_POINT('',(75.21,-20.467191412265,22.9693309325058));
#3480=CARTESIAN_POINT('',(82.,-20.4671914122651,22.9693309325058));
#3481=CARTESIAN_POINT('',(81.2051152022746,-32.4065714179369,20.2409118530375));
#3482=CARTESIAN_POINT('',(81.2051152022746,-34.0594796329542,20.2409118530376));
#3483=CARTESIAN_POINT('',(81.2051152022746,-35.7123878479719,20.2409118530376));
#3484=CARTESIAN_POINT('',(81.8790796384974,-37.0171706400951,20.2409118530374));
#3485=CARTESIAN_POINT('',(83.2270085109435,-37.9738280093235,20.2409118530374));
#3486=CARTESIAN_POINT('',(84.5749373833896,-38.9304853785521,20.2409118530375));
#3487=CARTESIAN_POINT('',(92.2820382791976,-29.4252235188725,20.2409118530375));
#3488=CARTESIAN_POINT('',(98.8201295946923,-32.1494282336618,20.2409118530375));
#3489=CARTESIAN_POINT('',(96.9081182301381,-38.9694093127882,20.2409118530375));
#3490=CARTESIAN_POINT('',(75.21,-22.0814198963911,24.5835594166318));
#3491=CARTESIAN_POINT('',(75.21,-22.1925827345159,24.6947222547566));
#3492=CARTESIAN_POINT('',(75.21,-22.3037455726408,24.8058850928815));
#3493=CARTESIAN_POINT('',(75.21,-22.4466887496783,24.9369371078498));
#3494=CARTESIAN_POINT('',(75.21,-22.3679201551951,25.0971218792732));
#3495=CARTESIAN_POINT('',(75.21,-22.3736489308563,25.2542254574929));
#3496=CARTESIAN_POINT('',(75.21,-17.335712540367,20.2409118530375));
#3497=CARTESIAN_POINT('',(81.2051152022746,-17.335712540368,20.2409118530375));
#3498=CARTESIAN_POINT('',(91.3669884480041,-42.6196778069756,20.2409118530375));
#3499=CARTESIAN_POINT('',(90.7293947757419,-42.6196778069755,20.2409118530375));
#3500=CARTESIAN_POINT('',(90.0918011034797,-42.6196778069755,20.2409118530375));
#3501=CARTESIAN_POINT('',(89.513028876119,-42.4351670520526,20.2409118530375));
#3502=CARTESIAN_POINT('',(88.99307809366,-42.0661455422064,20.2409118530375));
#3503=CARTESIAN_POINT('',(88.473127311201,-41.6971240323599,20.2409118530375));
#3504=CARTESIAN_POINT('',(81.21,-28.,13.4818237060752));
#3505=CARTESIAN_POINT('',(81.21,-30.5317411892752,14.6767603008244));
#3506=CARTESIAN_POINT('',(81.21,-31.6554465475548,17.2409118530375));
#3507=CARTESIAN_POINT('',(92.2820382791976,-29.4252235188725,20.2409118530375));
#3508=CARTESIAN_POINT('',(92.2820382791976,-29.4252235188725,17.2409118530375));
#3509=CARTESIAN_POINT('',(75.21,-23.6684076527508,15.2409124374389));
#3510=CARTESIAN_POINT('',(82.,-23.6684076527508,15.2409124374389));
#3511=CARTESIAN_POINT('',(92.2820382791977,-20.1944542881032,20.2409118530375));
#3512=CARTESIAN_POINT('',(92.2820382791977,-20.1944542881032,17.2409118530375));
#3513=CARTESIAN_POINT('',(92.2820382791976,-29.4252235188725,17.2409118530375));
#3514=CARTESIAN_POINT('',(89.2051152022745,-28.1431722368212,17.2409118530376));
#3515=CARTESIAN_POINT('',(89.2051152022746,-24.8098389034878,17.2409118530375));
#3516=CARTESIAN_POINT('',(89.2051152022747,-21.4765055701544,17.2409118530375));
#3517=CARTESIAN_POINT('',(92.2820382791977,-20.1944542881032,17.2409118530375));
#3518=CARTESIAN_POINT('',(75.21,-29.1524877082567,17.5124927735692));
#3519=CARTESIAN_POINT('',(75.21,-27.5382592241305,15.898264289443));
#3520=CARTESIAN_POINT('',(92.2820382791977,-20.1944542881032,17.2409118530375));
#3521=CARTESIAN_POINT('',(96.7055819469282,-18.3513110932155,17.2409118530375));
#3522=CARTESIAN_POINT('',(97.1678135486593,-13.5814832804379,17.2409118530377));
#3523=CARTESIAN_POINT('',(97.3121961941222,-12.0915800470117,17.2409118530377));
#3524=CARTESIAN_POINT('',(96.9081182301377,-10.6502684941867,17.2409118530376));
#3525=CARTESIAN_POINT('',(75.21,-28.,13.4818237060752));
#3526=CARTESIAN_POINT('',(75.21,-30.5317411892752,14.6767603008243));
#3527=CARTESIAN_POINT('',(75.21,-31.6554465475548,17.2409118530376));
#3528=CARTESIAN_POINT('',(75.21,-32.2839498420632,18.6750757878362));
#3529=CARTESIAN_POINT('',(75.21,-32.2839498420632,20.2409118530375));
#3530=CARTESIAN_POINT('',(81.2051152022746,-31.6554465475548,17.2409118530375));
#3531=CARTESIAN_POINT('',(81.21,-31.6554465475548,17.2409118530375));
#3532=CARTESIAN_POINT('',(81.2051152022746,-17.9642158348762,17.2409118530375));
#3533=CARTESIAN_POINT('',(81.21,-17.9642158348763,17.2409118530375));
#3534=CARTESIAN_POINT('',(81.2051152022746,-32.2839498420633,20.2409118530375));
#3535=CARTESIAN_POINT('',(81.2051152022745,-32.2839498420633,18.6750757878362));
#3536=CARTESIAN_POINT('',(81.2051152022745,-31.6554465475548,17.2409118530375));
#3537=CARTESIAN_POINT('',(81.2051152022746,-17.9642158348762,17.2409118530375));
#3538=CARTESIAN_POINT('',(81.2051152022746,-17.335712540368,18.6750757878363));
#3539=CARTESIAN_POINT('',(81.2051152022745,-17.335712540368,20.2409118530375));
#3540=CARTESIAN_POINT('',(75.21,-22.9875380154164,14.9733170639646));
#3541=CARTESIAN_POINT('',(75.21,-23.1026778770422,15.0803552133543));
#3542=CARTESIAN_POINT('',(75.21,-23.1602478078551,15.2493207587742));
#3543=CARTESIAN_POINT('',(75.21,-23.3539916661346,15.2409124374389));
#3544=CARTESIAN_POINT('',(75.21,-23.5111996594427,15.2409124374389));
#3545=CARTESIAN_POINT('',(75.21,-23.6684076527508,15.2409124374389));
#3546=CARTESIAN_POINT('',(75.21,-19.796525371404,17.8047218080345));
#3547=CARTESIAN_POINT('',(75.21,-19.9536289496236,17.7989930323732));
#3548=CARTESIAN_POINT('',(75.21,-20.113813721047,17.8777616268563));
#3549=CARTESIAN_POINT('',(75.21,-20.2448657360154,17.734818449819));
#3550=CARTESIAN_POINT('',(75.21,-20.3560285741403,17.6236556116941));
#3551=CARTESIAN_POINT('',(75.21,-20.467191412265,17.5124927735692));
#3552=CARTESIAN_POINT('',(75.21,-22.9875380154164,14.9733170639646));
#3553=CARTESIAN_POINT('',(82.,-22.9875380154164,14.9733170639646));
#3554=CARTESIAN_POINT('',(81.2051152022746,-31.6554465475548,17.2409118530375));
#3555=CARTESIAN_POINT('',(81.2051152022746,-32.0310089827459,17.2409118530375));
#3556=CARTESIAN_POINT('',(81.2051152022746,-32.406571417937,17.2409118530375));
#3557=CARTESIAN_POINT('',(75.21,-17.335712540367,20.2409118530375));
#3558=CARTESIAN_POINT('',(75.21,-17.3357125403674,18.6750757878372));
#3559=CARTESIAN_POINT('',(75.21,-17.9642158348754,17.2409118530393));
#3560=CARTESIAN_POINT('',(75.21,-18.0061503339413,17.1452227027836));
#3561=CARTESIAN_POINT('',(75.21,-18.0507430442523,17.0507430442549));
#3562=CARTESIAN_POINT('',(75.21,-21.2409118530371,10.2916548972916));
#3563=CARTESIAN_POINT('',(75.21,-28.,13.4818237060752));
#3564=CARTESIAN_POINT('',(81.21,-31.6554465475548,17.2409118530375));
#3565=CARTESIAN_POINT('',(86.,-31.6554465475548,17.2409118530375));
#3566=CARTESIAN_POINT('',(81.21,-17.9642158348763,17.2409118530375));
#3567=CARTESIAN_POINT('',(86.,-17.9642158348762,17.2409118530375));
#3568=CARTESIAN_POINT('',(86.,-31.6554465475548,17.2409118530375));
#3569=CARTESIAN_POINT('',(86.,-17.9642158348762,17.2409118530375));
#3570=CARTESIAN_POINT('',(81.21,-24.809840006709,12.7667932021951));
#3571=CARTESIAN_POINT('',(81.21,-26.4850516890617,12.7667951780559));
#3572=CARTESIAN_POINT('',(81.21,-28.,13.4818237060752));
#3573=CARTESIAN_POINT('',(81.21,-17.9642158348763,17.2409118530375));
#3574=CARTESIAN_POINT('',(81.21,-19.9249414290861,12.766787440607));
#3575=CARTESIAN_POINT('',(81.21,-24.809840006709,12.7667932021951));
#3576=CARTESIAN_POINT('',(81.9755130274566,-27.9999999999999,13.4818237060752));
#3577=CARTESIAN_POINT('',(81.4979371805846,-27.0548760166104,13.0357420769136));
#3578=CARTESIAN_POINT('',(81.2100014576981,-25.9695454327903,12.7667945637588));
#3579=CARTESIAN_POINT('',(81.21,-24.809840006709,12.7667932021951));
#3580=CARTESIAN_POINT('',(81.21,-24.809840006709,12.7667932021951));
#3581=CARTESIAN_POINT('',(81.2100003117586,-23.9218585600021,12.7667934933895));
#3582=CARTESIAN_POINT('',(81.3791771674964,-23.0693338731276,12.9248138118754));
#3583=CARTESIAN_POINT('',(81.6799210008945,-22.2862241256822,13.2057247918616));
#3584=CARTESIAN_POINT('',(82.0916184469658,-21.2142012038024,13.5902724373676));
#3585=CARTESIAN_POINT('',(82.7275361597539,-20.3255892752059,14.1842539194531));
#3586=CARTESIAN_POINT('',(84.1556017757897,-18.9377323918711,15.5181443176452));
#3587=CARTESIAN_POINT('',(84.9662326784508,-18.4167301122096,16.2753173532504));
#3588=CARTESIAN_POINT('',(85.7964049089523,-18.0507430442531,17.0507430442531));
#3589=CARTESIAN_POINT('',(85.8640437425835,-18.0209240049127,17.1139213672324));
#3590=CARTESIAN_POINT('',(85.9319184019811,-17.9920841354668,17.1773199642116));
#3591=CARTESIAN_POINT('',(86.,-17.9642158348762,17.2409118530375));
#3592=CARTESIAN_POINT('',(86.,-31.6554465475548,17.2409118530375));
#3593=CARTESIAN_POINT('',(85.2193596771594,-31.3359017688913,16.5117516384185));
#3594=CARTESIAN_POINT('',(84.4550241007202,-30.8838671275175,15.7978209373637));
#3595=CARTESIAN_POINT('',(83.0756426931602,-29.6869295943553,14.5094042187422));
#3596=CARTESIAN_POINT('',(82.4429560601401,-28.9250711147796,13.9184407396322));
#3597=CARTESIAN_POINT('',(81.9755130274566,-27.9999999999999,13.4818237060752));
#3598=CARTESIAN_POINT('',(81.21,-28.,13.4818237060752));
#3599=CARTESIAN_POINT('',(81.9755130274566,-27.9999999999999,13.4818237060752));
#3600=CARTESIAN_POINT('',(75.21,-28.,13.4818237060752));
#3601=CARTESIAN_POINT('',(81.2051152022746,-28.,13.4818237060752));
#3602=CARTESIAN_POINT('',(81.21,-28.,13.4818237060752));
#3603=CARTESIAN_POINT('',(84.5749373833897,-38.9304853785521,17.2409118530375));
#3604=CARTESIAN_POINT('',(88.473127311201,-41.69712403236,17.2409118530375));
#3605=CARTESIAN_POINT('',(81.2051152022746,-32.4065714179369,20.2409118530375));
#3606=CARTESIAN_POINT('',(81.2051152022746,-32.406571417937,17.2409118530375));
#3607=CARTESIAN_POINT('',(84.5749373833896,-38.9304853785521,20.2409118530375));
#3608=CARTESIAN_POINT('',(84.5749373833897,-38.9304853785521,17.2409118530375));
#3609=CARTESIAN_POINT('',(81.2051152022746,-32.406571417937,17.2409118530375));
#3610=CARTESIAN_POINT('',(81.2051152022746,-34.0594796329545,17.2409118530375));
#3611=CARTESIAN_POINT('',(81.2051152022746,-35.7123878479721,17.2409118530375));
#3612=CARTESIAN_POINT('',(81.8790796384974,-37.0171706400953,17.2409118530376));
#3613=CARTESIAN_POINT('',(83.2270085109435,-37.9738280093237,17.2409118530376));
#3614=CARTESIAN_POINT('',(84.5749373833897,-38.9304853785521,17.2409118530375));
#3615=CARTESIAN_POINT('',(81.2051152022746,-17.2131063890385,17.2409118530376));
#3616=CARTESIAN_POINT('',(81.2051152022746,-17.5886611119573,17.2409118530376));
#3617=CARTESIAN_POINT('',(81.2051152022746,-17.9642158348762,17.2409118530375));
#3618=CARTESIAN_POINT('',(81.2051152022746,-17.2131063890385,17.2409118530376));
#3619=CARTESIAN_POINT('',(81.2051152022746,-17.2131063890384,20.2409118530375));
#3620=CARTESIAN_POINT('',(84.5749373833896,-10.6891924284234,17.2409118530375));
#3621=CARTESIAN_POINT('',(84.5749373833897,-10.6891924284234,20.2409118530375));
#3622=CARTESIAN_POINT('',(75.21,-25.9512714677708,15.2409124374389));
#3623=CARTESIAN_POINT('',(75.21,-23.6684076527508,15.2409124374389));
#3624=CARTESIAN_POINT('',(84.5749373833896,-10.6891924284234,17.2409118530375));
#3625=CARTESIAN_POINT('',(83.2270085109436,-11.6458497976518,17.2409118530375));
#3626=CARTESIAN_POINT('',(81.8790796384975,-12.6025071668803,17.2409118530375));
#3627=CARTESIAN_POINT('',(81.2051152022746,-13.9072899590033,17.2409118530376));
#3628=CARTESIAN_POINT('',(81.2051152022746,-15.560198174021,17.2409118530376));
#3629=CARTESIAN_POINT('',(81.2051152022746,-17.2131063890385,17.2409118530376));
#3630=CARTESIAN_POINT('',(75.21,-22.0814198963911,15.8982642894432));
#3631=CARTESIAN_POINT('',(75.21,-20.467191412265,17.5124927735692));
#3632=CARTESIAN_POINT('',(91.3669884480041,-42.6196778069756,17.2409118530375));
#3633=CARTESIAN_POINT('',(92.0937413377234,-42.6196778069756,17.2409118530375));
#3634=CARTESIAN_POINT('',(88.473127311201,-41.69712403236,17.2409118530375));
#3635=CARTESIAN_POINT('',(88.473127311201,-41.6971240323599,20.2409118530375));
#3636=CARTESIAN_POINT('',(91.3669884480041,-42.6196778069756,17.2409118530375));
#3637=CARTESIAN_POINT('',(91.3669884480041,-42.6196778069756,20.2409118530375));
#3638=CARTESIAN_POINT('',(75.21,-19.7965253714039,17.8047218080345));
#3639=CARTESIAN_POINT('',(82.,-19.7965253714041,17.8047218080345));
#3640=CARTESIAN_POINT('',(88.473127311201,-41.69712403236,17.2409118530375));
#3641=CARTESIAN_POINT('',(88.99307809366,-42.0661455422063,17.2409118530375));
#3642=CARTESIAN_POINT('',(89.5130288761189,-42.4351670520526,17.2409118530375));
#3643=CARTESIAN_POINT('',(90.0918011034796,-42.6196778069755,17.2409118530375));
#3644=CARTESIAN_POINT('',(90.7293947757419,-42.6196778069756,17.2409118530375));
#3645=CARTESIAN_POINT('',(91.3669884480041,-42.6196778069756,17.2409118530375));
#3646=CARTESIAN_POINT('',(92.0937413377232,-7.,17.2409118530375));
#3647=CARTESIAN_POINT('',(91.3669884480042,-7.,17.2409118530375));
#3648=CARTESIAN_POINT('',(88.4731273112012,-7.92255377461561,17.2409118530375));
#3649=CARTESIAN_POINT('',(84.5749373833896,-10.6891924284234,17.2409118530375));
#3650=CARTESIAN_POINT('',(88.4731273112012,-7.92255377461561,20.2409118530375));
#3651=CARTESIAN_POINT('',(88.4731273112012,-7.92255377461561,17.2409118530375));
#3652=CARTESIAN_POINT('',(91.3669884480042,-7.,20.2409118530375));
#3653=CARTESIAN_POINT('',(91.3669884480042,-7.,17.2409118530375));
#3654=CARTESIAN_POINT('',(92.0937413377232,-7.,20.2409118530375));
#3655=CARTESIAN_POINT('',(92.0937413377232,-7.,17.2409118530375));
#3656=CARTESIAN_POINT('',(96.9081182301377,-10.6502684941867,20.2409118530375));
#3657=CARTESIAN_POINT('',(96.9081182301377,-10.6502684941867,17.2409118530376));
#3658=CARTESIAN_POINT('',(96.9081182301377,-10.6502684941867,17.2409118530376));
#3659=CARTESIAN_POINT('',(96.4987707692819,-9.19016109651204,17.2409118530376));
#3660=CARTESIAN_POINT('',(95.7434683599092,-7.82704367366478,17.2409118530376));
#3661=CARTESIAN_POINT('',(95.1265479299432,-7.00000000000011,17.2409118530375));
#3662=CARTESIAN_POINT('',(93.6101446338332,-7.00000000000006,17.2409118530375));
#3663=CARTESIAN_POINT('',(92.0937413377232,-7.,17.2409118530375));
#3664=CARTESIAN_POINT('',(91.3669884480042,-7.,17.2409118530375));
#3665=CARTESIAN_POINT('',(90.729394775742,-7.,17.2409118530375));
#3666=CARTESIAN_POINT('',(90.0918011034797,-7.,17.2409118530375));
#3667=CARTESIAN_POINT('',(89.5130288761191,-7.18451075492305,17.2409118530375));
#3668=CARTESIAN_POINT('',(88.9930780936601,-7.55353226476933,17.2409118530375));
#3669=CARTESIAN_POINT('',(88.4731273112012,-7.92255377461561,17.2409118530375));
#3670=CARTESIAN_POINT('',(96.9081182301381,-38.9694093127883,17.2409118530375));
#3671=CARTESIAN_POINT('',(97.3121961941224,-37.5280977599634,17.2409118530376));
#3672=CARTESIAN_POINT('',(97.1678135486595,-36.0381945265372,17.2409118530376));
#3673=CARTESIAN_POINT('',(96.7055819469284,-31.2683667137602,17.2409118530376));
#3674=CARTESIAN_POINT('',(92.2820382791976,-29.4252235188725,17.2409118530375));
#3675=CARTESIAN_POINT('',(92.0937413377234,-42.6196778069756,17.2409118530375));
#3676=CARTESIAN_POINT('',(92.0937413377234,-42.6196778069756,20.2409118530375));
#3677=CARTESIAN_POINT('',(92.0937413377234,-42.6196778069756,17.2409118530375));
#3678=CARTESIAN_POINT('',(93.6101446338338,-42.6196778069757,17.2409118530375));
#3679=CARTESIAN_POINT('',(95.1265479299441,-42.6196778069757,17.2409118530375));
#3680=CARTESIAN_POINT('',(95.7434683599098,-41.7926341333107,17.2409118530375));
#3681=CARTESIAN_POINT('',(96.4987707692825,-40.4295167104632,17.2409118530375));
#3682=CARTESIAN_POINT('',(96.9081182301381,-38.9694093127883,17.2409118530375));
#3683=CARTESIAN_POINT('',(96.9081182301381,-38.9694093127883,17.2409118530375));
#3684=CARTESIAN_POINT('',(96.9081182301381,-38.9694093127882,20.2409118530375));
#3685=CARTESIAN_POINT('',(75.21,-29.1524877082567,17.5124927735692));
#3686=CARTESIAN_POINT('',(75.21,-29.2636505463815,17.6236556116941));
#3687=CARTESIAN_POINT('',(75.21,-29.3748133845065,17.7348184498189));
#3688=CARTESIAN_POINT('',(75.21,-29.5058653994746,17.8777616268563));
#3689=CARTESIAN_POINT('',(75.21,-29.6660501708981,17.7989930323733));
#3690=CARTESIAN_POINT('',(75.21,-29.8231537491175,17.8047218080345));
#3691=CARTESIAN_POINT('',(82.,-30.,18.4818237060752));
#3692=CARTESIAN_POINT('',(82.,-29.9124137375076,18.5352101131507));
#3693=CARTESIAN_POINT('',(82.,-29.809839560261,18.5352101131507));
#3694=CARTESIAN_POINT('',(75.21,-27.246030189665,15.2275982485822));
#3695=CARTESIAN_POINT('',(75.21,-27.2517589653265,15.3847018268016));
#3696=CARTESIAN_POINT('',(75.21,-27.1729903708434,15.544886598225));
#3697=CARTESIAN_POINT('',(75.21,-27.3159335478807,15.6759386131933));
#3698=CARTESIAN_POINT('',(75.21,-27.4270963860056,15.7871014513182));
#3699=CARTESIAN_POINT('',(75.21,-27.5382592241305,15.898264289443));
#3700=CARTESIAN_POINT('',(75.21,-25.9512714677708,15.2409124374389));
#3701=CARTESIAN_POINT('',(75.21,-26.1084794610789,15.2409124374389));
#3702=CARTESIAN_POINT('',(75.21,-26.2656874543869,15.2409124374389));
#3703=CARTESIAN_POINT('',(75.21,-26.4594313126665,15.2493207587741));
#3704=CARTESIAN_POINT('',(75.21,-26.5170012434794,15.0803552133543));
#3705=CARTESIAN_POINT('',(75.21,-26.6321411051047,14.9733170639642));
#3706=CARTESIAN_POINT('',(82.,-22.3736489308565,15.2275982485822));
#3707=CARTESIAN_POINT('',(81.9999999999998,-22.380810106203,15.0312131328638));
#3708=CARTESIAN_POINT('',(81.9999999999998,-22.5486113086563,14.9289333569377));
#3709=CARTESIAN_POINT('',(82.,-22.7848811260081,14.7849199433057));
#3710=CARTESIAN_POINT('',(82.,-22.9875380154164,14.9733170639646));
#3711=CARTESIAN_POINT('',(82.,-22.3736489308564,15.2275982485822));
#3712=CARTESIAN_POINT('',(75.2100000000001,-22.3736489308564,15.2275982485822));
#3713=CARTESIAN_POINT('',(82.,-22.0814198963911,15.8982642894432));
#3714=CARTESIAN_POINT('',(75.21,-22.0814198963911,15.8982642894432));
#3715=CARTESIAN_POINT('',(82.,-22.0814198963911,15.8982642894432));
#3716=CARTESIAN_POINT('',(82.,-22.192582734516,15.7871014513183));
#3717=CARTESIAN_POINT('',(82.,-22.3037455726408,15.6759386131935));
#3718=CARTESIAN_POINT('',(82.,-22.4466887496783,15.5448865982252));
#3719=CARTESIAN_POINT('',(82.,-22.3679201551952,15.3847018268017));
#3720=CARTESIAN_POINT('',(82.,-22.3736489308564,15.2275982485822));
#3721=CARTESIAN_POINT('',(75.21,-19.8098395602608,19.099480529929));
#3722=CARTESIAN_POINT('',(75.21,-19.8098395602609,18.9422725366208));
#3723=CARTESIAN_POINT('',(75.21,-19.8098395602609,18.7850645433128));
#3724=CARTESIAN_POINT('',(75.21,-19.8182478815961,18.5913206850331));
#3725=CARTESIAN_POINT('',(75.21,-19.6492823361763,18.5337507542203));
#3726=CARTESIAN_POINT('',(75.21,-19.5422441867869,18.4186108925941));
#3727=CARTESIAN_POINT('',(75.21,-30.,18.4818237060752));
#3728=CARTESIAN_POINT('',(82.,-30.,18.4818237060752));
#3729=CARTESIAN_POINT('',(75.21,-29.809839560261,18.5352101131507));
#3730=CARTESIAN_POINT('',(82.,-29.809839560261,18.5352101131507));
#3731=CARTESIAN_POINT('',(75.21,-27.246030189665,15.2275982485822));
#3732=CARTESIAN_POINT('',(82.0000000000001,-27.2460301896643,15.2275982485822));
#3733=CARTESIAN_POINT('',(75.21,-27.5382592241305,15.898264289443));
#3734=CARTESIAN_POINT('',(82.,-27.5382592241305,15.8982642894431));
#3735=CARTESIAN_POINT('',(82.,-29.8231537491176,17.8047218080345));
#3736=CARTESIAN_POINT('',(81.9999999999999,-30.0195388648365,17.8118829833811));
#3737=CARTESIAN_POINT('',(81.9999999999999,-30.1218186407625,17.9796841858345));
#3738=CARTESIAN_POINT('',(82.,-30.3119790805016,18.291663266336));
#3739=CARTESIAN_POINT('',(82.,-30.,18.4818237060752));
#3740=CARTESIAN_POINT('',(82.,-29.8231537491174,17.8047218080345));
#3741=CARTESIAN_POINT('',(75.21,-29.8231537491174,17.8047218080345));
#3742=CARTESIAN_POINT('',(82.,-29.1524877082566,17.5124927735692));
#3743=CARTESIAN_POINT('',(75.21,-29.1524877082567,17.5124927735692));
#3744=CARTESIAN_POINT('',(82.,-29.1524877082566,17.5124927735692));
#3745=CARTESIAN_POINT('',(82.,-29.2636505463815,17.6236556116941));
#3746=CARTESIAN_POINT('',(82.,-29.3748133845064,17.7348184498189));
#3747=CARTESIAN_POINT('',(82.,-29.5058653994746,17.8777616268563));
#3748=CARTESIAN_POINT('',(82.,-29.666050170898,17.7989930323732));
#3749=CARTESIAN_POINT('',(82.,-29.8231537491175,17.8047218080345));
#3750=CARTESIAN_POINT('',(82.,-27.5382592241305,15.8982642894431));
#3751=CARTESIAN_POINT('',(82.,-29.1524877082566,17.5124927735692));
#3752=CARTESIAN_POINT('',(82.0000000000001,-27.2460301896643,15.2275982485822));
#3753=CARTESIAN_POINT('',(82.0000000000001,-27.2517589653258,15.3847018268017));
#3754=CARTESIAN_POINT('',(82.0000000000001,-27.1729903708429,15.5448865982251));
#3755=CARTESIAN_POINT('',(82.0000000000001,-27.3159335478804,15.6759386131934));
#3756=CARTESIAN_POINT('',(82.,-27.4270963860055,15.7871014513183));
#3757=CARTESIAN_POINT('',(82.,-27.5382592241305,15.8982642894431));
#3758=CARTESIAN_POINT('',(82.0000000000001,-26.6321411051048,14.9733170639643));
#3759=CARTESIAN_POINT('',(82.,-26.6592000069102,14.9481621373134));
#3760=CARTESIAN_POINT('',(82.0000000000001,-26.6907469323859,14.9289333569373));
#3761=CARTESIAN_POINT('',(82.,-27.0027260128891,14.7387729171983));
#3762=CARTESIAN_POINT('',(82.0000000000001,-27.1928864526277,15.0507519976997));
#3763=CARTESIAN_POINT('',(82.0000000000001,-27.2425527745371,15.132235052023));
#3764=CARTESIAN_POINT('',(82.0000000000001,-27.2460301896644,15.2275982485822));
#3765=CARTESIAN_POINT('',(82.0000000000001,-26.6321411051048,14.9733170639642));
#3766=CARTESIAN_POINT('',(75.21,-26.6321411051047,14.9733170639642));
#3767=CARTESIAN_POINT('',(82.,-25.9512714677708,15.2409124374389));
#3768=CARTESIAN_POINT('',(75.21,-25.9512714677708,15.2409124374389));
#3769=CARTESIAN_POINT('',(82.,-25.9512714677708,15.2409124374389));
#3770=CARTESIAN_POINT('',(82.,-26.1084794610788,15.2409124374389));
#3771=CARTESIAN_POINT('',(82.,-26.2656874543868,15.2409124374388));
#3772=CARTESIAN_POINT('',(82.0000000000001,-26.4594313126664,15.2493207587739));
#3773=CARTESIAN_POINT('',(82.0000000000001,-26.5170012434791,15.080355213354));
#3774=CARTESIAN_POINT('',(82.0000000000001,-26.6321411051048,14.9733170639643));
#3775=CARTESIAN_POINT('',(82.,-23.6684076527508,15.2409124374389));
#3776=CARTESIAN_POINT('',(82.,-25.9512714677708,15.2409124374389));
#3777=CARTESIAN_POINT('',(82.,-22.9875380154164,14.9733170639646));
#3778=CARTESIAN_POINT('',(82.,-23.1026778770421,15.0803552133543));
#3779=CARTESIAN_POINT('',(82.,-23.1602478078551,15.2493207587741));
#3780=CARTESIAN_POINT('',(82.,-23.3539916661346,15.2409124374389));
#3781=CARTESIAN_POINT('',(82.,-23.5111996594428,15.2409124374389));
#3782=CARTESIAN_POINT('',(82.,-23.6684076527508,15.2409124374389));
#3783=CARTESIAN_POINT('',(82.,-20.4671914122651,17.5124927735692));
#3784=CARTESIAN_POINT('',(82.,-22.0814198963911,15.8982642894432));
#3785=CARTESIAN_POINT('',(82.,-19.7965253714041,17.8047218080345));
#3786=CARTESIAN_POINT('',(82.,-19.9536289496236,17.7989930323732));
#3787=CARTESIAN_POINT('',(82.,-20.113813721047,17.8777616268563));
#3788=CARTESIAN_POINT('',(82.,-20.2448657360154,17.734818449819));
#3789=CARTESIAN_POINT('',(82.,-20.3560285741402,17.6236556116941));
#3790=CARTESIAN_POINT('',(82.,-20.4671914122651,17.5124927735692));
#3791=CARTESIAN_POINT('',(82.,-19.542244186787,18.4186108925942));
#3792=CARTESIAN_POINT('',(82.,-19.5170892601362,18.3915519907888));
#3793=CARTESIAN_POINT('',(82.,-19.4978604797603,18.3600050653133));
#3794=CARTESIAN_POINT('',(82.,-19.3077000400198,18.0480259848111));
#3795=CARTESIAN_POINT('',(82.,-19.6196791205213,17.8578655450717));
#3796=CARTESIAN_POINT('',(82.0000000000001,-19.7011621748445,17.8081992231615));
#3797=CARTESIAN_POINT('',(82.,-19.7965253714041,17.8047218080345));
#3798=CARTESIAN_POINT('',(82.,-19.542244186787,18.4186108925942));
#3799=CARTESIAN_POINT('',(75.21,-19.542244186787,18.4186108925941));
#3800=CARTESIAN_POINT('',(82.,-19.8098395602608,19.099480529929));
#3801=CARTESIAN_POINT('',(75.21,-19.8098395602608,19.099480529929));
#3802=CARTESIAN_POINT('',(82.,-19.8098395602608,19.099480529929));
#3803=CARTESIAN_POINT('',(82.,-19.8098395602609,18.9422725366208));
#3804=CARTESIAN_POINT('',(82.,-19.809839560261,18.7850645433127));
#3805=CARTESIAN_POINT('',(82.,-19.8182478815963,18.5913206850329));
#3806=CARTESIAN_POINT('',(82.,-19.6492823361766,18.53375075422));
#3807=CARTESIAN_POINT('',(82.,-19.5422441867869,18.4186108925942));
#3808=CARTESIAN_POINT('',(75.21,-19.796525371404,17.8047218080345));
#3809=CARTESIAN_POINT('',(75.21,-19.5620683241082,17.8132712748345));
#3810=CARTESIAN_POINT('',(75.21,-19.4722858644025,18.0300253067196));
#3811=CARTESIAN_POINT('',(75.21,-19.3825034046967,18.2467793386046));
#3812=CARTESIAN_POINT('',(75.21,-19.5422441867869,18.4186108925941));
#3813=CARTESIAN_POINT('',(75.21,-22.9875380154164,14.9733170639646));
#3814=CARTESIAN_POINT('',(75.21,-22.8157064614266,14.8135762818744));
#3815=CARTESIAN_POINT('',(75.21,-22.5989524295415,14.9033587415803));
#3816=CARTESIAN_POINT('',(75.21,-22.3821983976563,14.9931412012862));
#3817=CARTESIAN_POINT('',(75.21,-22.3736489308563,15.2275982485822));
#3818=CARTESIAN_POINT('',(75.21,-27.246030189665,15.2275982485822));
#3819=CARTESIAN_POINT('',(75.21,-27.2374807228649,14.9931412012862));
#3820=CARTESIAN_POINT('',(75.21,-27.0207266909798,14.9033587415802));
#3821=CARTESIAN_POINT('',(75.21,-26.8039726590947,14.8135762818742));
#3822=CARTESIAN_POINT('',(75.21,-26.6321411051047,14.9733170639642));
#3823=CARTESIAN_POINT('',(75.21,-29.809839560261,18.5352101131506));
#3824=CARTESIAN_POINT('',(75.21,-29.9124137375075,18.5352101131506));
#3825=CARTESIAN_POINT('',(75.21,-30.,18.4818237060752));
#3826=CARTESIAN_POINT('',(75.21,-30.,18.4818237060752));
#3827=CARTESIAN_POINT('',(75.21,-30.2320090587632,18.3404073503151));
#3828=CARTESIAN_POINT('',(75.21,-30.1633465986675,18.0775152515402));
#3829=CARTESIAN_POINT('',(75.21,-30.0946841385717,17.8146231527654));
#3830=CARTESIAN_POINT('',(75.21,-29.8231537491175,17.8047218080345));
#3831=CARTESIAN_POINT('',(75.21,-20.467191412265,17.5124927735692));
#3832=CARTESIAN_POINT('',(82.,-20.4671914122651,17.5124927735692));
#3833=CARTESIAN_POINT('',(75.21,-22.0814198963911,15.8982642894432));
#3834=CARTESIAN_POINT('',(75.21,-22.1925827345159,15.7871014513184));
#3835=CARTESIAN_POINT('',(75.21,-22.3037455726408,15.6759386131935));
#3836=CARTESIAN_POINT('',(75.21,-22.4466887496783,15.5448865982252));
#3837=CARTESIAN_POINT('',(75.21,-22.3679201551951,15.3847018268018));
#3838=CARTESIAN_POINT('',(75.21,-22.3736489308563,15.2275982485822));
#3839=CARTESIAN_POINT('',(82.,-29.809839560261,21.9466135929244));
#3840=CARTESIAN_POINT('',(82.,-29.809839560261,18.5352101131507));
#3841=CARTESIAN_POINT('',(75.21,-29.809839560261,18.5352101131506));
#3842=CARTESIAN_POINT('',(75.21,-29.809839560261,21.9466135929244));
#3843=CARTESIAN_POINT('',(75.21,-19.8098395602608,21.382343176146));
#3844=CARTESIAN_POINT('',(75.21,-19.8098395602608,19.099480529929));
#3845=CARTESIAN_POINT('',(82.,-19.8098395602608,19.099480529929));
#3846=CARTESIAN_POINT('',(82.,-19.8098395602608,21.382343176146));
#3847=CARTESIAN_POINT('',(58.75,-24.8098311912155,19.7409118530376));
#3848=CARTESIAN_POINT('',(49.,-20.386825704856,9.80383853939949));
#3849=CARTESIAN_POINT('',(68.5,-20.386825704856,9.80383853939949));
#3850=CARTESIAN_POINT('',(49.,-22.6042040603041,25.4849433730367));
#3851=CARTESIAN_POINT('',(68.5,-22.6042040603041,25.4849433730367));
#3852=CARTESIAN_POINT('',(49.,-22.6042040603041,25.4849433730367));
#3853=CARTESIAN_POINT('',(49.,-28.3482355803032,27.6905705039481));
#3854=CARTESIAN_POINT('',(49.,-30.5538627112146,21.9465389839491));
#3855=CARTESIAN_POINT('',(49.,-32.7594898421261,16.20250746395));
#3856=CARTESIAN_POINT('',(49.,-27.015458322127,13.9968803330385));
#3857=CARTESIAN_POINT('',(49.,-21.2714268021279,11.7912532021271));
#3858=CARTESIAN_POINT('',(49.,-19.0657996712165,17.5352847221262));
#3859=CARTESIAN_POINT('',(49.,-16.860172540305,23.2793162421253));
#3860=CARTESIAN_POINT('',(49.,-22.6042040603041,25.4849433730367));
#3861=CARTESIAN_POINT('',(49.,-22.6042040603041,25.4849433730367));
#3862=CARTESIAN_POINT('',(68.5,-22.6042040603041,25.4849433730367));
#3863=CARTESIAN_POINT('',(68.5,-22.6042040603041,25.4849433730367));
#3864=CARTESIAN_POINT('',(68.5,-28.3482355803032,27.6905705039481));
#3865=CARTESIAN_POINT('',(68.5,-30.5538627112146,21.9465389839491));
#3866=CARTESIAN_POINT('',(68.5,-32.7594898421261,16.20250746395));
#3867=CARTESIAN_POINT('',(68.5,-27.015458322127,13.9968803330385));
#3868=CARTESIAN_POINT('',(68.5,-21.2714268021279,11.7912532021271));
#3869=CARTESIAN_POINT('',(68.5,-19.0657996712165,17.5352847221262));
#3870=CARTESIAN_POINT('',(68.5,-16.860172540305,23.2793162421253));
#3871=CARTESIAN_POINT('',(68.5,-22.6042040603041,25.4849433730367));
#3872=CARTESIAN_POINT('',(8.,-1.61966281047825,10.9369710945513));
#3873=CARTESIAN_POINT('',(24.,-48.,10.9369710945513));
#3874=CARTESIAN_POINT('',(12.,-30.9316063988464,6.38208335270291));
#3875=CARTESIAN_POINT('',(8.00000000000001,-36.9999989740897,34.4684855468421));
#3876=CARTESIAN_POINT('',(8.00000000000001,-34.9999989740897,34.4684855468421));
#3877=CARTESIAN_POINT('',(8.00000000000002,-32.9999989740897,34.4684855468421));
#3878=CARTESIAN_POINT('',(8.00000000000002,-31.9999989740897,33.4684855468422));
#3879=CARTESIAN_POINT('',(8.00000000000002,-31.9999989740897,31.4684855468421));
#3880=CARTESIAN_POINT('',(8.00000000000002,-31.9999989740897,29.4684855468421));
#3881=CARTESIAN_POINT('',(20.5437270268873,-36.9999989740897,34.4684855468422));
#3882=CARTESIAN_POINT('',(20.5437270268873,-34.9999989740897,34.4684855468422));
#3883=CARTESIAN_POINT('',(20.5437270268874,-32.9999989740897,34.4684855468422));
#3884=CARTESIAN_POINT('',(20.5437270268874,-31.9999989740897,33.4684855468422));
#3885=CARTESIAN_POINT('',(20.5437270268874,-31.9999989740897,31.4684855468422));
#3886=CARTESIAN_POINT('',(20.5437270268874,-31.9999989740897,29.4684855468422));
#3887=CARTESIAN_POINT('',(8.00000000000002,-31.9999989740897,29.4684855468421));
#3888=CARTESIAN_POINT('',(8.00000000000002,-31.9999989740897,26.4033585158861));
#3889=CARTESIAN_POINT('',(8.00000000000002,-31.9999989740897,24.4033585158861));
#3890=CARTESIAN_POINT('',(8.00000000000002,-31.9999989740897,22.4033585158861));
#3891=CARTESIAN_POINT('',(8.00000000000003,-30.9999989740897,21.4033585158861));
#3892=CARTESIAN_POINT('',(8.00000000000003,-28.9999989740897,21.4033585158861));
#3893=CARTESIAN_POINT('',(8.00000000000003,-26.9999989740897,21.4033585158861));
#3894=CARTESIAN_POINT('',(20.5437270268874,-31.9999989740897,26.4033585158862));
#3895=CARTESIAN_POINT('',(20.5437270268874,-31.9999989740897,24.4033585158862));
#3896=CARTESIAN_POINT('',(20.5437270268874,-31.9999989740897,22.4033585158862));
#3897=CARTESIAN_POINT('',(20.5437270268874,-30.9999989740897,21.4033585158862));
#3898=CARTESIAN_POINT('',(20.5437270268874,-28.9999989740897,21.4033585158862));
#3899=CARTESIAN_POINT('',(20.5437270268874,-26.9999989740897,21.4033585158862));
#3900=CARTESIAN_POINT('',(8.,-18.6880564116319,6.38208335270291));
#3901=CARTESIAN_POINT('',(8.00000000000004,-22.6196628104782,21.4033585158861));
#3902=CARTESIAN_POINT('',(8.00000000000004,-20.6196628104782,21.4033585158861));
#3903=CARTESIAN_POINT('',(8.00000000000004,-18.6196628104782,21.4033585158861));
#3904=CARTESIAN_POINT('',(8.00000000000004,-17.6196628104782,22.4033585158861));
#3905=CARTESIAN_POINT('',(8.00000000000004,-17.6196628104782,24.4033585158861));
#3906=CARTESIAN_POINT('',(8.00000000000004,-17.6196628104782,26.4033585158861));
#3907=CARTESIAN_POINT('',(20.5437270268874,-22.6196628104782,21.4033585158862));
#3908=CARTESIAN_POINT('',(20.5437270268874,-20.6196628104782,21.4033585158862));
#3909=CARTESIAN_POINT('',(20.5437270268874,-18.6196628104782,21.4033585158862));
#3910=CARTESIAN_POINT('',(20.5437270268874,-17.6196628104783,22.4033585158862));
#3911=CARTESIAN_POINT('',(20.5437270268874,-17.6196628104783,24.4033585158862));
#3912=CARTESIAN_POINT('',(20.5437270268874,-17.6196628104783,26.4033585158862));
#3913=CARTESIAN_POINT('',(8.00000000000004,-17.6196628104782,26.4033585158861));
#3914=CARTESIAN_POINT('',(8.00000000000004,-17.6196628104782,29.4684855468421));
#3915=CARTESIAN_POINT('',(8.00000000000004,-17.6196628104782,31.4684855468421));
#3916=CARTESIAN_POINT('',(8.00000000000004,-17.6196628104782,33.4684855468421));
#3917=CARTESIAN_POINT('',(8.00000000000004,-16.6196628104782,34.4684855468422));
#3918=CARTESIAN_POINT('',(8.00000000000004,-14.6196628104782,34.4684855468421));
#3919=CARTESIAN_POINT('',(8.00000000000004,-12.6196628104782,34.4684855468421));
#3920=CARTESIAN_POINT('',(20.5437270268874,-17.6196628104783,29.4684855468422));
#3921=CARTESIAN_POINT('',(20.5437270268874,-17.6196628104783,31.4684855468422));
#3922=CARTESIAN_POINT('',(20.5437270268874,-17.6196628104783,33.4684855468422));
#3923=CARTESIAN_POINT('',(20.5437270268874,-16.6196628104783,34.4684855468422));
#3924=CARTESIAN_POINT('',(20.5437270268874,-14.6196628104783,34.4684855468422));
#3925=CARTESIAN_POINT('',(20.5437270268874,-12.6196628104782,34.4684855468422));
#3926=CARTESIAN_POINT('',(12.,-37.,34.4684855468421));
#3927=CARTESIAN_POINT('',(12.,-12.6196628104782,34.4684855468421));
#3928=CARTESIAN_POINT('',(8.,-42.,6.38208335270291));
#3929=CARTESIAN_POINT('',(24.,-7.61966281047824,6.38208335270291));
#3930=CARTESIAN_POINT('',(22.5,-24.8098311912156,29.2409118530376));
#3931=CARTESIAN_POINT('',(15.,-29.8098311912156,27.1698440411721));
#3932=CARTESIAN_POINT('',(15.,-26.880899003081,24.2409118530376));
#3933=CARTESIAN_POINT('',(15.,-22.7387633793501,24.2409118530376));
#3934=CARTESIAN_POINT('',(17.5,-19.8098311912156,27.1698440411721));
#3935=CARTESIAN_POINT('',(17.5,-29.8098311912155,27.1698440411721));
#3936=CARTESIAN_POINT('',(17.5,-22.7387633793501,24.2409118530376));
#3937=CARTESIAN_POINT('',(17.5,-26.880899003081,24.2409118530376));
#3938=CARTESIAN_POINT('',(15.,-4.12776759874962,38.7554656316294));
#3939=CARTESIAN_POINT('',(20.,-5.4970452179195,37.8372853581917));
#3940=CARTESIAN_POINT('',(20.5,-29.9846255826959,27.3739775492204));
#3941=CARTESIAN_POINT('',(20.5,-29.9147078261038,27.4338463666137));
#3942=CARTESIAN_POINT('',(20.5,-29.819157987829,27.4637807753104));
#3943=CARTESIAN_POINT('',(20.5,-29.8098311912156,27.569673412577));
#3944=CARTESIAN_POINT('',(20.5,-29.8098311912156,27.6617210523238));
#3945=CARTESIAN_POINT('',(20.5,-29.8098311912156,27.7537686920705));
#3946=CARTESIAN_POINT('',(14.5,-29.9846255826959,27.3739775492204));
#3947=CARTESIAN_POINT('',(14.5,-29.9147078261038,27.4338463666137));
#3948=CARTESIAN_POINT('',(14.5,-29.819157987829,27.4637807753103));
#3949=CARTESIAN_POINT('',(14.5,-29.8098311912156,27.569673412577));
#3950=CARTESIAN_POINT('',(14.5,-29.8098311912156,27.6617210523238));
#3951=CARTESIAN_POINT('',(14.5,-29.8098311912156,27.7537686920705));
#3952=CARTESIAN_POINT('',(20.5,-27.1488414904185,24.2616577413168));
#3953=CARTESIAN_POINT('',(20.5,-27.1417358173673,24.3534307078889));
#3954=CARTESIAN_POINT('',(20.5,-27.0953387021621,24.4421614698544));
#3955=CARTESIAN_POINT('',(20.5,-27.163621062919,24.5236339128755));
#3956=CARTESIAN_POINT('',(20.5,-27.2287085731761,24.5887214231327));
#3957=CARTESIAN_POINT('',(20.5,-27.2937960834333,24.6538089333898));
#3958=CARTESIAN_POINT('',(14.5,-27.1488414904185,24.2616577413168));
#3959=CARTESIAN_POINT('',(14.5,-27.1417358173673,24.3534307078889));
#3960=CARTESIAN_POINT('',(14.5,-27.0953387021621,24.4421614698544));
#3961=CARTESIAN_POINT('',(14.5,-27.163621062919,24.5236339128755));
#3962=CARTESIAN_POINT('',(14.5,-27.2287085731761,24.5887214231327));
#3963=CARTESIAN_POINT('',(14.5,-27.2937960834333,24.6538089333898));
#3964=CARTESIAN_POINT('',(14.5,-29.7890853029363,26.9019015538346));
#3965=CARTESIAN_POINT('',(14.5,-29.6973123363643,26.9090072268859));
#3966=CARTESIAN_POINT('',(14.5,-29.6085815743987,26.955404342091));
#3967=CARTESIAN_POINT('',(14.5,-29.5271091313776,26.8871219813342));
#3968=CARTESIAN_POINT('',(14.5,-29.4620216211205,26.822034471077));
#3969=CARTESIAN_POINT('',(14.5,-29.3969341108633,26.7569469608199));
#3970=CARTESIAN_POINT('',(20.5,-29.7890853029363,26.9019015538346));
#3971=CARTESIAN_POINT('',(20.5,-29.6973123363643,26.9090072268859));
#3972=CARTESIAN_POINT('',(20.5,-29.6085815743987,26.955404342091));
#3973=CARTESIAN_POINT('',(20.5,-29.5271091313776,26.8871219813342));
#3974=CARTESIAN_POINT('',(20.5,-29.4620216211205,26.822034471077));
#3975=CARTESIAN_POINT('',(20.5,-29.3969341108633,26.7569469608199));
#3976=CARTESIAN_POINT('',(22.,-31.8098311912156,34.4684855468422));
#3977=CARTESIAN_POINT('',(13.,-31.8098311912156,34.4684855468422));
#3978=CARTESIAN_POINT('',(22.,-31.0098311912156,34.4684855468422));
#3979=CARTESIAN_POINT('',(13.,-31.0098311912156,34.4684855468422));
#3980=CARTESIAN_POINT('',(22.,-30.2098311912155,34.4684855468422));
#3981=CARTESIAN_POINT('',(13.,-30.2098311912155,34.4684855468422));
#3982=CARTESIAN_POINT('',(22.,-29.8098311912155,34.0684855468422));
#3983=CARTESIAN_POINT('',(13.,-29.8098311912156,34.0684855468422));
#3984=CARTESIAN_POINT('',(22.,-29.8098311912155,33.2684855468422));
#3985=CARTESIAN_POINT('',(13.,-29.8098311912156,33.2684855468422));
#3986=CARTESIAN_POINT('',(22.,-29.8098311912155,32.4684855468421));
#3987=CARTESIAN_POINT('',(13.,-29.8098311912156,32.4684855468421));
#3988=CARTESIAN_POINT('',(13.,-17.8098311912155,34.4684855468422));
#3989=CARTESIAN_POINT('',(22.,-17.8098311912155,34.4684855468422));
#3990=CARTESIAN_POINT('',(13.,-18.6098311912156,34.4684855468422));
#3991=CARTESIAN_POINT('',(22.,-18.6098311912156,34.4684855468422));
#3992=CARTESIAN_POINT('',(13.,-19.4098311912156,34.4684855468422));
#3993=CARTESIAN_POINT('',(22.,-19.4098311912156,34.4684855468422));
#3994=CARTESIAN_POINT('',(13.,-19.8098311912155,34.0684855468421));
#3995=CARTESIAN_POINT('',(22.,-19.8098311912155,34.0684855468421));
#3996=CARTESIAN_POINT('',(13.,-19.8098311912155,33.2684855468421));
#3997=CARTESIAN_POINT('',(22.,-19.8098311912155,33.2684855468421));
#3998=CARTESIAN_POINT('',(13.,-19.8098311912155,32.4684855468421));
#3999=CARTESIAN_POINT('',(22.,-19.8098311912155,32.4684855468421));
#4000=CARTESIAN_POINT('',(15.,-29.8098311912156,27.3979475947872));
#4001=CARTESIAN_POINT('',(15.,-19.8098311912155,27.1698440411721));
#4002=CARTESIAN_POINT('',(8.,-1.98424408334665,38.5643960517355));
#4003=CARTESIAN_POINT('',(2.99999999999999,-45.3776306020781,10.9369710945513));
#4004=CARTESIAN_POINT('',(2.99999999999999,-43.7022301082835,10.9369710945513));
#4005=CARTESIAN_POINT('',(2.99999999999999,-42.0268296144888,10.9369710945513));
#4006=CARTESIAN_POINT('',(2.99999999999997,-41.0423085851226,11.7617046039269));
#4007=CARTESIAN_POINT('',(2.99999999999997,-40.7486670201849,13.4111716226782));
#4008=CARTESIAN_POINT('',(2.99999999999997,-40.4550254552472,15.0606386414295));
#4009=CARTESIAN_POINT('',(29.,-45.3776306020781,10.9369710945513));
#4010=CARTESIAN_POINT('',(29.,-43.7022301082835,10.9369710945513));
#4011=CARTESIAN_POINT('',(29.,-42.0268296144888,10.9369710945513));
#4012=CARTESIAN_POINT('',(29.,-41.0423085851227,11.7617046039269));
#4013=CARTESIAN_POINT('',(29.,-40.748667020185,13.4111716226782));
#4014=CARTESIAN_POINT('',(29.,-40.4550254552473,15.0606386414295));
#4015=CARTESIAN_POINT('',(29.,-4.24203220840014,10.9369710945513));
#4016=CARTESIAN_POINT('',(29.,-5.9174327021948,10.9369710945513));
#4017=CARTESIAN_POINT('',(29.,-7.59283319598945,10.9369710945513));
#4018=CARTESIAN_POINT('',(29.,-8.57735422535562,11.761704603927));
#4019=CARTESIAN_POINT('',(29.,-8.87099579029331,13.4111716226783));
#4020=CARTESIAN_POINT('',(29.,-9.16463735523101,15.0606386414296));
#4021=CARTESIAN_POINT('',(2.99999999999998,-4.24203220840015,10.9369710945513));
#4022=CARTESIAN_POINT('',(2.99999999999998,-5.91743270219481,10.9369710945513));
#4023=CARTESIAN_POINT('',(2.99999999999998,-7.59283319598947,10.9369710945513));
#4024=CARTESIAN_POINT('',(3.00000000000001,-8.57735422535563,11.761704603927));
#4025=CARTESIAN_POINT('',(3.00000000000001,-8.87099579029332,13.4111716226783));
#4026=CARTESIAN_POINT('',(3.00000000000001,-9.16463735523101,15.0606386414296));
#4027=CARTESIAN_POINT('',(16.,-41.,25.4369710945513));
#4028=CARTESIAN_POINT('',(16.,-41.,2.9369710945513));
#4029=CARTESIAN_POINT('',(16.,-8.61966281047825,25.4369710945513));
#4030=CARTESIAN_POINT('',(16.,-8.61966281047825,2.9369710945513));
#4031=CARTESIAN_POINT('',(32.,-24.8098314052391,5.93697109455131));
#4032=CARTESIAN_POINT('',(25.,-17.5980507018483,5.9369710945513));
#4033=CARTESIAN_POINT('',(7.,-17.5980507018483,5.9369710945513));
#4034=CARTESIAN_POINT('',(25.,-17.9464130202563,5.9369710945513));
#4035=CARTESIAN_POINT('',(7.,-17.9464130202563,5.9369710945513));
#4036=CARTESIAN_POINT('',(25.,-18.2947753386643,5.9369710945513));
#4037=CARTESIAN_POINT('',(7.,-18.2947753386643,5.9369710945513));
#4038=CARTESIAN_POINT('',(25.,-18.5168033276274,6.10618424757207));
#4039=CARTESIAN_POINT('',(7.,-18.5168033276274,6.10618424757207));
#4040=CARTESIAN_POINT('',(25.,-18.5407267425069,6.45456235991366));
#4041=CARTESIAN_POINT('',(7.,-18.5407267425069,6.45456235991366));
#4042=CARTESIAN_POINT('',(25.,-18.588573572266,6.79962320348856));
#4043=CARTESIAN_POINT('',(7.,-18.588573572266,6.79962320348856));
#4044=CARTESIAN_POINT('',(7.,-32.02161210863,5.9369710945513));
#4045=CARTESIAN_POINT('',(25.,-32.02161210863,5.9369710945513));
#4046=CARTESIAN_POINT('',(7.,-31.673249790222,5.9369710945513));
#4047=CARTESIAN_POINT('',(25.,-31.673249790222,5.9369710945513));
#4048=CARTESIAN_POINT('',(7.,-31.3248874718139,5.9369710945513));
#4049=CARTESIAN_POINT('',(25.,-31.3248874718139,5.9369710945513));
#4050=CARTESIAN_POINT('',(7.,-31.1028594828509,6.10618424757207));
#4051=CARTESIAN_POINT('',(25.,-31.1028594828509,6.10618424757207));
#4052=CARTESIAN_POINT('',(7.,-31.0789360679713,6.45456235991366));
#4053=CARTESIAN_POINT('',(25.,-31.0789360679713,6.45456235991365));
#4054=CARTESIAN_POINT('',(7.,-31.0310892382122,6.79962320348856));
#4055=CARTESIAN_POINT('',(25.,-31.0310892382122,6.79962320348855));
#4056=CARTESIAN_POINT('',(25.,-48.,9.9369710945513));
#4057=CARTESIAN_POINT('',(7.,-48.,9.9369710945513));
#4058=CARTESIAN_POINT('',(25.,-48.,10.3369710945513));
#4059=CARTESIAN_POINT('',(7.,-48.,10.3369710945513));
#4060=CARTESIAN_POINT('',(25.,-48.,10.7369710945513));
#4061=CARTESIAN_POINT('',(7.,-48.,10.7369710945513));
#4062=CARTESIAN_POINT('',(25.,-47.8,10.9369710945513));
#4063=CARTESIAN_POINT('',(7.,-47.8,10.9369710945513));
#4064=CARTESIAN_POINT('',(25.,-47.4,10.9369710945513));
#4065=CARTESIAN_POINT('',(7.,-47.4,10.9369710945513));
#4066=CARTESIAN_POINT('',(25.,-47.,10.9369710945513));
#4067=CARTESIAN_POINT('',(7.,-47.,10.9369710945513));
#4068=CARTESIAN_POINT('',(25.,-48.,6.9369710945513));
#4069=CARTESIAN_POINT('',(25.,-48.,6.53697109455131));
#4070=CARTESIAN_POINT('',(25.,-48.,6.13697109455131));
#4071=CARTESIAN_POINT('',(25.,-47.8,5.9369710945513));
#4072=CARTESIAN_POINT('',(25.,-47.4,5.9369710945513));
#4073=CARTESIAN_POINT('',(25.,-47.,5.9369710945513));
#4074=CARTESIAN_POINT('',(7.,-48.,6.9369710945513));
#4075=CARTESIAN_POINT('',(7.,-48.,6.5369710945513));
#4076=CARTESIAN_POINT('',(7.,-48.,6.1369710945513));
#4077=CARTESIAN_POINT('',(7.00000000000001,-47.8,5.9369710945513));
#4078=CARTESIAN_POINT('',(7.00000000000001,-47.4,5.9369710945513));
#4079=CARTESIAN_POINT('',(7.00000000000001,-47.,5.9369710945513));
#4080=CARTESIAN_POINT('',(24.,-1.57328209690477,34.4684855468421));
#4081=CARTESIAN_POINT('',(7.,-1.61966281047825,9.9369710945513));
#4082=CARTESIAN_POINT('',(25.,-1.61966281047825,9.9369710945513));
#4083=CARTESIAN_POINT('',(7.,-1.61966281047825,10.3369710945513));
#4084=CARTESIAN_POINT('',(25.,-1.61966281047825,10.3369710945513));
#4085=CARTESIAN_POINT('',(7.,-1.61966281047825,10.7369710945513));
#4086=CARTESIAN_POINT('',(25.,-1.61966281047825,10.7369710945513));
#4087=CARTESIAN_POINT('',(7.,-1.81966281047825,10.9369710945513));
#4088=CARTESIAN_POINT('',(25.,-1.81966281047825,10.9369710945513));
#4089=CARTESIAN_POINT('',(7.,-2.21966281047825,10.9369710945513));
#4090=CARTESIAN_POINT('',(25.,-2.21966281047825,10.9369710945513));
#4091=CARTESIAN_POINT('',(7.,-2.61966281047825,10.9369710945513));
#4092=CARTESIAN_POINT('',(25.,-2.61966281047825,10.9369710945513));
#4093=CARTESIAN_POINT('',(7.,-1.61966281047825,6.9369710945513));
#4094=CARTESIAN_POINT('',(7.,-1.61966281047825,6.5369710945513));
#4095=CARTESIAN_POINT('',(7.,-1.61966281047825,6.1369710945513));
#4096=CARTESIAN_POINT('',(7.,-1.81966281047825,5.9369710945513));
#4097=CARTESIAN_POINT('',(7.,-2.21966281047825,5.9369710945513));
#4098=CARTESIAN_POINT('',(7.,-2.61966281047825,5.9369710945513));
#4099=CARTESIAN_POINT('',(25.,-1.61966281047825,6.9369710945513));
#4100=CARTESIAN_POINT('',(25.,-1.61966281047825,6.5369710945513));
#4101=CARTESIAN_POINT('',(25.,-1.61966281047825,6.1369710945513));
#4102=CARTESIAN_POINT('',(25.,-1.81966281047825,5.9369710945513));
#4103=CARTESIAN_POINT('',(25.,-2.21966281047825,5.9369710945513));
#4104=CARTESIAN_POINT('',(25.,-2.61966281047825,5.9369710945513));
#4105=CARTESIAN_POINT('',(-4.5,-24.8098314052391,16.3820833527029));
#4106=CARTESIAN_POINT('',(8.,-48.,10.9369710945513));
#4107=CARTESIAN_POINT('',(8.,-48.,5.9369710945513));
#4108=CARTESIAN_POINT('',(23.5,-21.8098311912156,29.2409118530376));
#4109=CARTESIAN_POINT('',(23.5,-21.8098311912155,32.2409118530376));
#4110=CARTESIAN_POINT('',(23.5,-24.8098311912155,32.2409118530376));
#4111=CARTESIAN_POINT('',(23.5,-27.8098311912155,32.2409118530376));
#4112=CARTESIAN_POINT('',(23.5,-27.8098311912156,29.2409118530376));
#4113=CARTESIAN_POINT('',(23.5,-27.8098311912156,26.2409118530376));
#4114=CARTESIAN_POINT('',(23.5,-24.8098311912156,26.2409118530376));
#4115=CARTESIAN_POINT('',(23.5,-21.8098311912156,26.2409118530376));
#4116=CARTESIAN_POINT('',(23.5,-21.8098311912156,29.2409118530376));
#4117=CARTESIAN_POINT('',(23.7000000019181,-21.8098311912156,29.2409118530376));
#4118=CARTESIAN_POINT('',(23.7000000019181,-21.8098311912155,32.2409118530376));
#4119=CARTESIAN_POINT('',(23.7000000019181,-24.8098311912155,32.2409118530376));
#4120=CARTESIAN_POINT('',(23.7000000019181,-27.8098311912155,32.2409118530376));
#4121=CARTESIAN_POINT('',(23.7000000019181,-27.8098311912156,29.2409118530376));
#4122=CARTESIAN_POINT('',(23.7000000019181,-27.8098311912156,26.2409118530376));
#4123=CARTESIAN_POINT('',(23.7000000019181,-24.8098311912156,26.2409118530376));
#4124=CARTESIAN_POINT('',(23.7000000019181,-21.8098311912156,26.2409118530376));
#4125=CARTESIAN_POINT('',(23.7000000019181,-21.8098311912156,29.2409118530376));
#4126=CARTESIAN_POINT('',(23.9000000038362,-21.8098311912156,29.2409118530376));
#4127=CARTESIAN_POINT('',(23.9000000038362,-21.8098311912155,32.2409118530376));
#4128=CARTESIAN_POINT('',(23.9000000038362,-24.8098311912155,32.2409118530376));
#4129=CARTESIAN_POINT('',(23.9000000038362,-27.8098311912155,32.2409118530376));
#4130=CARTESIAN_POINT('',(23.9000000038362,-27.8098311912156,29.2409118530376));
#4131=CARTESIAN_POINT('',(23.9000000038362,-27.8098311912156,26.2409118530376));
#4132=CARTESIAN_POINT('',(23.9000000038362,-24.8098311912156,26.2409118530376));
#4133=CARTESIAN_POINT('',(23.9000000038362,-21.8098311912156,26.2409118530376));
#4134=CARTESIAN_POINT('',(23.9000000038362,-21.8098311912156,29.2409118530376));
#4135=CARTESIAN_POINT('',(24.,-21.7098311864202,29.2409118531263));
#4136=CARTESIAN_POINT('',(24.,-21.709831186509,32.3409118579216));
#4137=CARTESIAN_POINT('',(24.,-24.8098311913043,32.3409118578329));
#4138=CARTESIAN_POINT('',(24.,-27.9098311960996,32.3409118577442));
#4139=CARTESIAN_POINT('',(24.,-27.9098311960109,29.2409118529489));
#4140=CARTESIAN_POINT('',(24.,-27.9098311959221,26.1409118481536));
#4141=CARTESIAN_POINT('',(24.,-24.8098311911268,26.1409118482423));
#4142=CARTESIAN_POINT('',(24.,-21.7098311863315,26.140911848331));
#4143=CARTESIAN_POINT('',(24.,-21.7098311864202,29.2409118531263));
#4144=CARTESIAN_POINT('',(24.,-21.5098311864202,29.2409118531263));
#4145=CARTESIAN_POINT('',(24.,-21.509831186509,32.5409118579216));
#4146=CARTESIAN_POINT('',(24.,-24.8098311913043,32.5409118578329));
#4147=CARTESIAN_POINT('',(24.,-28.1098311960996,32.5409118577442));
#4148=CARTESIAN_POINT('',(24.,-28.1098311960109,29.2409118529489));
#4149=CARTESIAN_POINT('',(24.,-28.1098311959221,25.9409118481536));
#4150=CARTESIAN_POINT('',(24.,-24.8098311911268,25.9409118482423));
#4151=CARTESIAN_POINT('',(24.,-21.5098311863315,25.940911848331));
#4152=CARTESIAN_POINT('',(24.,-21.5098311864202,29.2409118531263));
#4153=CARTESIAN_POINT('',(24.,-21.3098311864202,29.2409118531263));
#4154=CARTESIAN_POINT('',(24.,-21.309831186509,32.7409118579216));
#4155=CARTESIAN_POINT('',(24.,-24.8098311913043,32.7409118578329));
#4156=CARTESIAN_POINT('',(24.,-28.3098311960996,32.7409118577442));
#4157=CARTESIAN_POINT('',(24.,-28.3098311960109,29.2409118529489));
#4158=CARTESIAN_POINT('',(24.,-28.3098311959221,25.7409118481536));
#4159=CARTESIAN_POINT('',(24.,-24.8098311911268,25.7409118482423));
#4160=CARTESIAN_POINT('',(24.,-21.3098311863315,25.740911848331));
#4161=CARTESIAN_POINT('',(24.,-21.3098311864202,29.2409118531263));
#4162=CARTESIAN_POINT('',(8.,-48.,10.9369710945513));
#4163=CARTESIAN_POINT('',(8.,-48.,10.9369710945513));
#4164=CARTESIAN_POINT('',(11.625,-45.375,10.9369710945513));
#4165=CARTESIAN_POINT('',(11.625,-4.24466281047825,10.9369710945513));
#4166=CARTESIAN_POINT('',(8.,-48.,5.9369710945513));
#4167=CARTESIAN_POINT('',(8.,-48.,10.9369710945513));
#4168=CARTESIAN_POINT('',(22.5,-24.8098311912156,29.2409118530376));
#4169=CARTESIAN_POINT('',(17.5,-19.8098311912156,27.1698440411721));
#4170=CARTESIAN_POINT('',(17.5,-29.8098311912155,27.1698440411721));
#4171=CARTESIAN_POINT('',(17.5,-22.7387633793501,24.2409118530376));
#4172=CARTESIAN_POINT('',(17.5,-26.880899003081,24.2409118530376));
#4173=CARTESIAN_POINT('',(32.,-24.8098314052391,5.93697109455131));
#4174=CARTESIAN_POINT('',(12.,-37.,34.4684855468421));
#4175=CARTESIAN_POINT('',(8.,-37.,34.4684855468421));
#4176=CARTESIAN_POINT('',(12.,-31.9999989740897,29.4684855468421));
#4177=CARTESIAN_POINT('',(12.,-31.9999989740897,26.4033585158861));
#4178=CARTESIAN_POINT('',(12.,-30.9316063988464,22.219506027959));
#4179=CARTESIAN_POINT('',(8.00000000000001,-30.9316063988464,22.219506027959));
#4180=CARTESIAN_POINT('',(8.00000000000002,-31.9999989740897,29.4684855468421));
#4181=CARTESIAN_POINT('',(8.00000000000002,-31.9999989740897,26.4033585158861));
#4182=CARTESIAN_POINT('',(12.,-12.6196628104782,34.4684855468421));
#4183=CARTESIAN_POINT('',(8.,-12.6196628104782,34.4684855468421));
#4184=CARTESIAN_POINT('',(12.,-18.6880564116319,22.2195051462807));
#4185=CARTESIAN_POINT('',(8.00000000000002,-18.6880564116319,22.2195051462807));
#4186=CARTESIAN_POINT('',(12.,-17.6196628104782,26.4033585158862));
#4187=CARTESIAN_POINT('',(12.,-17.6196628104782,29.4684855468421));
#4188=CARTESIAN_POINT('',(8.00000000000004,-17.6196628104782,26.4033585158861));
#4189=CARTESIAN_POINT('',(8.00000000000004,-17.6196628104782,29.4684855468421));
#4190=CARTESIAN_POINT('',(24.,-37.,34.4684855468421));
#4191=CARTESIAN_POINT('',(24.,-12.6196628104782,34.4684855468421));
#4192=CARTESIAN_POINT('',(12.,-21.8098311912156,29.2409118530376));
#4193=CARTESIAN_POINT('',(15.,-21.8098311912156,29.2409118530376));
#4194=CARTESIAN_POINT('',(20.,-21.8098311912156,29.2409118530376));
#4195=CARTESIAN_POINT('',(20.,-19.9289321881345,26.9289321881345));
#4196=CARTESIAN_POINT('',(15.,-19.9289321881345,26.9289321881345));
#4197=CARTESIAN_POINT('',(20.,-29.9289321881345,26.9289321881345));
#4198=CARTESIAN_POINT('',(15.,-29.9289321881345,26.9289321881345));
#4199=CARTESIAN_POINT('',(20.,-22.857864376269,24.));
#4200=CARTESIAN_POINT('',(15.,-22.857864376269,24.));
#4201=CARTESIAN_POINT('',(20.,-27.,24.));
#4202=CARTESIAN_POINT('',(15.,-27.,24.));
#4203=CARTESIAN_POINT('',(20.,-29.9846255826959,27.3739775492205));
#4204=CARTESIAN_POINT('',(15.,-29.9846255826959,27.3739775492205));
#4205=CARTESIAN_POINT('',(20.,-27.1488414904186,24.2616577413168));
#4206=CARTESIAN_POINT('',(15.,-27.1488414904186,24.2616577413168));
#4207=CARTESIAN_POINT('',(20.,-29.7890853029363,26.9019015538346));
#4208=CARTESIAN_POINT('',(15.,-29.7890853029363,26.9019015538346));
#4209=CARTESIAN_POINT('',(15.,-29.8098311912156,27.7537686920705));
#4210=CARTESIAN_POINT('',(20.,-29.8098311912156,27.7537686920705));
#4211=CARTESIAN_POINT('',(15.,-29.3969341108633,26.7569469608199));
#4212=CARTESIAN_POINT('',(15.,-27.2937960834333,24.6538089333898));
#4213=CARTESIAN_POINT('',(20.,-29.3969341108633,26.7569469608199));
#4214=CARTESIAN_POINT('',(20.,-27.2937960834333,24.6538089333898));
#4215=CARTESIAN_POINT('',(20.,-23.0075078088758,24.2409118530376));
#4216=CARTESIAN_POINT('',(15.,-23.0075078088758,24.2409118530376));
#4217=CARTESIAN_POINT('',(15.,-26.6121545735553,24.2409118530376));
#4218=CARTESIAN_POINT('',(20.,-26.6121545735553,24.2409118530376));
#4219=CARTESIAN_POINT('',(20.,-19.9998621997394,26.9798130326486));
#4220=CARTESIAN_POINT('',(15.,-19.9998621997394,26.9798130326486));
#4221=CARTESIAN_POINT('',(15.,-22.5487323708263,24.4309428615613));
#4222=CARTESIAN_POINT('',(20.,-22.5487323708263,24.4309428615613));
#4223=CARTESIAN_POINT('',(15.,-19.8098311912156,27.4385884706978));
#4224=CARTESIAN_POINT('',(20.,-19.8098311912156,27.4385884706978));
#4225=CARTESIAN_POINT('',(15.,-29.8098311912156,32.4684855468421));
#4226=CARTESIAN_POINT('',(15.,-19.8098311912156,32.4684855468421));
#4227=CARTESIAN_POINT('',(20.,-29.8098311912156,32.4684855468421));
#4228=CARTESIAN_POINT('',(20.,-19.8098311912155,32.4684855468421));
#4229=CARTESIAN_POINT('',(15.,-31.8098311912156,34.4684855468422));
#4230=CARTESIAN_POINT('',(15.,-17.8098311912156,34.4684855468422));
#4231=CARTESIAN_POINT('',(20.,-31.8098311912156,34.4684855468422));
#4232=CARTESIAN_POINT('',(20.,-17.8098311912155,34.4684855468421));
#4233=CARTESIAN_POINT('',(24.,-21.3098311864202,29.2409118531263));
#4234=CARTESIAN_POINT('',(23.5,-21.8098311912156,29.2409118530376));
#4235=CARTESIAN_POINT('',(8.,-30.9316063988464,10.9369710945513));
#4236=CARTESIAN_POINT('',(8.00000000000001,-18.6880564116319,10.9369710945513));
#4237=CARTESIAN_POINT('',(12.,-30.9316063988464,10.9369710945513));
#4238=CARTESIAN_POINT('',(12.,-18.6880564116319,10.9369710945513));
#4239=CARTESIAN_POINT('',(8.,-45.3776306020781,10.9369710945513));
#4240=CARTESIAN_POINT('',(24.,-45.3776306020781,10.9369710945513));
#4241=CARTESIAN_POINT('',(8.,-40.4550254552472,15.0606386414295));
#4242=CARTESIAN_POINT('',(24.,-40.4550254552473,15.0606386414295));
#4243=CARTESIAN_POINT('',(24.,-4.24203220840015,10.9369710945513));
#4244=CARTESIAN_POINT('',(7.99999999999999,-4.24203220840016,10.9369710945513));
#4245=CARTESIAN_POINT('',(8.,-9.16463735523101,15.0606386414296));
#4246=CARTESIAN_POINT('',(24.,-9.16463735523101,15.0606386414296));
#4247=CARTESIAN_POINT('',(19.5,-41.,10.9369710945513));
#4248=CARTESIAN_POINT('',(17.5,-41.,10.9369710945513));
#4249=CARTESIAN_POINT('',(17.5,-41.,5.9369710945513));
#4250=CARTESIAN_POINT('',(12.5426885090331,-40.4550254552473,15.0606386414295));
#4251=CARTESIAN_POINT('',(19.4573114909669,-40.4550254552473,15.0606386414295));
#4252=CARTESIAN_POINT('',(19.5,-41.,12.8988656361583));
#4253=CARTESIAN_POINT('',(19.5,-8.61966281047825,10.9369710945513));
#4254=CARTESIAN_POINT('',(17.5,-8.61966281047825,10.9369710945513));
#4255=CARTESIAN_POINT('',(17.5,-8.61966281047825,5.9369710945513));
#4256=CARTESIAN_POINT('',(12.5426885090331,-9.16463735523101,15.0606386414296));
#4257=CARTESIAN_POINT('',(19.4573114909669,-9.16463735523101,15.0606386414296));
#4258=CARTESIAN_POINT('',(19.5,-8.61966281047825,12.8988656361583));
#4259=CARTESIAN_POINT('',(12.,-21.0087502846389,10.9369710945513));
#4260=CARTESIAN_POINT('',(12.,-28.6109125258393,10.9369710945513));
#4261=CARTESIAN_POINT('',(8.,-21.0087502846389,10.9369710945513));
#4262=CARTESIAN_POINT('',(8.,-28.6109125258393,10.9369710945513));
#4263=CARTESIAN_POINT('',(24.,-31.,7.));
#4264=CARTESIAN_POINT('',(8.,-31.,7.));
#4265=CARTESIAN_POINT('',(24.,-17.5980507018483,5.9369710945513));
#4266=CARTESIAN_POINT('',(24.,-18.588573572266,6.79962320348855));
#4267=CARTESIAN_POINT('',(8.,-18.588573572266,6.79962320348861));
#4268=CARTESIAN_POINT('',(8.,-17.5980507018483,5.9369710945513));
#4269=CARTESIAN_POINT('',(8.,-32.02161210863,5.9369710945513));
#4270=CARTESIAN_POINT('',(24.,-31.0310892382122,6.79962320348857));
#4271=CARTESIAN_POINT('',(8.,-31.0310892382122,6.79962320348856));
#4272=CARTESIAN_POINT('',(24.,-32.02161210863,5.9369710945513));
#4273=CARTESIAN_POINT('',(8.,-47.,10.9369710945513));
#4274=CARTESIAN_POINT('',(8.,-47.,5.9369710945513));
#4275=CARTESIAN_POINT('',(8.,-48.,6.9369710945513));
#4276=CARTESIAN_POINT('',(8.,-48.,9.93697109455131));
#4277=CARTESIAN_POINT('',(24.,-48.,6.9369710945513));
#4278=CARTESIAN_POINT('',(24.,-48.,9.93697109455131));
#4279=CARTESIAN_POINT('',(24.,-47.,10.9369710945513));
#4280=CARTESIAN_POINT('',(24.,-47.,5.9369710945513));
#4281=CARTESIAN_POINT('',(8.,-1.61966281047825,6.93697109455131));
#4282=CARTESIAN_POINT('',(8.,-1.61966281047825,9.9369710945513));
#4283=CARTESIAN_POINT('',(24.,-1.61966281047825,6.9369710945513));
#4284=CARTESIAN_POINT('',(24.,-1.61966281047825,9.9369710945513));
#4285=CARTESIAN_POINT('',(24.,-2.61966281047825,10.9369710945513));
#4286=CARTESIAN_POINT('',(24.,-2.61966281047825,5.9369710945513));
#4287=CARTESIAN_POINT('',(8.,-2.61966281047825,10.9369710945513));
#4288=CARTESIAN_POINT('',(8.,-2.61966281047824,5.9369710945513));
#4289=CARTESIAN_POINT('',(12.,-23.3098314052391,16.3820833527029));
#4290=CARTESIAN_POINT('',(24.,-23.3098314052391,16.3820833527029));
#4291=CARTESIAN_POINT('',(8.,-37.,34.4684855468421));
#4292=CARTESIAN_POINT('',(12.,-37.,34.4684855468421));
#4293=CARTESIAN_POINT('',(8.,-37.,34.4684855468421));
#4294=CARTESIAN_POINT('',(8.00000000000001,-34.9999997948179,34.4684855468421));
#4295=CARTESIAN_POINT('',(8.00000000000001,-32.9999995896359,34.4684855468421));
#4296=CARTESIAN_POINT('',(8.00000000000001,-31.9999993844538,33.4684855468422));
#4297=CARTESIAN_POINT('',(8.00000000000001,-31.9999991792718,31.4684855468421));
#4298=CARTESIAN_POINT('',(8.00000000000002,-31.9999989740897,29.4684855468421));
#4299=CARTESIAN_POINT('',(8.00000000000002,-31.9999989740897,29.4684855468421));
#4300=CARTESIAN_POINT('',(12.,-31.9999989740897,29.4684855468421));
#4301=CARTESIAN_POINT('',(8.00000000000002,-31.9999989740897,29.4684855468421));
#4302=CARTESIAN_POINT('',(8.00000000000002,-31.9999989740897,28.8554601406509));
#4303=CARTESIAN_POINT('',(8.00000000000002,-31.9999989740897,28.2424347344597));
#4304=CARTESIAN_POINT('',(8.00000000000002,-31.9999989740897,27.6294093282685));
#4305=CARTESIAN_POINT('',(8.00000000000002,-31.9999989740897,27.0163839220773));
#4306=CARTESIAN_POINT('',(8.00000000000002,-31.9999989740897,26.4033585158861));
#4307=CARTESIAN_POINT('',(8.00000000000002,-31.9999989740897,26.4033585158861));
#4308=CARTESIAN_POINT('',(12.,-31.9999989740897,26.4033585158861));
#4309=CARTESIAN_POINT('',(8.00000000000002,-31.9999989740897,26.4033585158861));
#4310=CARTESIAN_POINT('',(8.00000000000002,-31.9999989740897,25.3529095032521));
#4311=CARTESIAN_POINT('',(8.00000000000001,-31.9999989740897,24.302460490618));
#4312=CARTESIAN_POINT('',(8.00000000000001,-31.8551101310326,23.3969003210409));
#4313=CARTESIAN_POINT('',(8.00000000000001,-31.4965427729269,22.7050186665126));
#4314=CARTESIAN_POINT('',(8.00000000000001,-30.9316063988464,22.219506027959));
#4315=CARTESIAN_POINT('',(8.00000000000001,-30.9316063988464,22.219506027959));
#4316=CARTESIAN_POINT('',(12.,-30.9316063988464,22.219506027959));
#4317=CARTESIAN_POINT('',(8.,-12.6196628104782,34.4684855468421));
#4318=CARTESIAN_POINT('',(12.,-12.6196628104782,34.4684855468421));
#4319=CARTESIAN_POINT('',(8.00000000000004,-17.6196628104782,26.4033585158861));
#4320=CARTESIAN_POINT('',(12.,-17.6196628104782,26.4033585158862));
#4321=CARTESIAN_POINT('',(8.00000000000004,-17.6196628104782,26.4033585158861));
#4322=CARTESIAN_POINT('',(8.00000000000004,-17.6196628104782,27.0163839220773));
#4323=CARTESIAN_POINT('',(8.00000000000004,-17.6196628104783,27.6294093282685));
#4324=CARTESIAN_POINT('',(8.00000000000004,-17.6196628104782,28.2424347344597));
#4325=CARTESIAN_POINT('',(8.00000000000004,-17.6196628104782,28.8554601406509));
#4326=CARTESIAN_POINT('',(8.00000000000004,-17.6196628104782,29.4684855468421));
#4327=CARTESIAN_POINT('',(8.00000000000004,-17.6196628104782,29.4684855468421));
#4328=CARTESIAN_POINT('',(12.,-17.6196628104782,29.4684855468421));
#4329=CARTESIAN_POINT('',(8.00000000000004,-17.6196628104782,29.4684855468421));
#4330=CARTESIAN_POINT('',(8.00000000000003,-17.6196628104782,31.4684855468421));
#4331=CARTESIAN_POINT('',(8.00000000000002,-17.6196628104782,33.4684855468421));
#4332=CARTESIAN_POINT('',(8.00000000000001,-16.6196628104783,34.4684855468422));
#4333=CARTESIAN_POINT('',(8.00000000000001,-14.6196628104783,34.4684855468421));
#4334=CARTESIAN_POINT('',(8.,-12.6196628104782,34.4684855468421));
#4335=CARTESIAN_POINT('',(12.,-18.6880564116319,22.2195051462807));
#4336=CARTESIAN_POINT('',(8.00000000000002,-18.6880564116319,22.2195051462807));
#4337=CARTESIAN_POINT('',(8.00000000000002,-18.6880564116319,22.2195051462807));
#4338=CARTESIAN_POINT('',(8.00000000000002,-18.1231195325606,22.7050176613612));
#4339=CARTESIAN_POINT('',(8.00000000000003,-17.7645518114041,23.3968993343565));
#4340=CARTESIAN_POINT('',(8.00000000000003,-17.6196628104782,24.3024597275825));
#4341=CARTESIAN_POINT('',(8.00000000000004,-17.6196628104782,25.3529091217343));
#4342=CARTESIAN_POINT('',(8.00000000000004,-17.6196628104782,26.4033585158861));
#4343=CARTESIAN_POINT('',(12.,-37.,34.4684855468421));
#4344=CARTESIAN_POINT('',(24.,-37.,34.4684855468421));
#4345=CARTESIAN_POINT('',(24.,-37.,34.4684855468421));
#4346=CARTESIAN_POINT('',(24.,-12.6196628104782,34.4684855468421));
#4347=CARTESIAN_POINT('',(24.,-12.6196628104782,34.4684855468421));
#4348=CARTESIAN_POINT('',(12.,-12.6196628104782,34.4684855468421));
#4349=CARTESIAN_POINT('',(12.,-12.6196628104782,34.4684855468421));
#4350=CARTESIAN_POINT('',(12.,-37.,34.4684855468421));
#4351=CARTESIAN_POINT('',(12.,-17.6196628104782,26.4033585158862));
#4352=CARTESIAN_POINT('',(12.,-17.6196628104782,25.3529091217343));
#4353=CARTESIAN_POINT('',(12.,-17.6196628104782,24.3024597275825));
#4354=CARTESIAN_POINT('',(12.,-17.764551811404,23.3968993343565));
#4355=CARTESIAN_POINT('',(12.,-18.1231195325606,22.7050176613612));
#4356=CARTESIAN_POINT('',(12.,-18.6880564116319,22.2195051462807));
#4357=CARTESIAN_POINT('',(12.,-17.6196628104782,29.4684855468421));
#4358=CARTESIAN_POINT('',(12.,-17.6196628104782,28.8554601406509));
#4359=CARTESIAN_POINT('',(12.,-17.6196628104782,28.2424347344597));
#4360=CARTESIAN_POINT('',(12.,-17.6196628104783,27.6294093282686));
#4361=CARTESIAN_POINT('',(12.,-17.6196628104782,27.0163839220773));
#4362=CARTESIAN_POINT('',(12.,-17.6196628104782,26.4033585158862));
#4363=CARTESIAN_POINT('',(12.,-12.6196628104782,34.4684855468421));
#4364=CARTESIAN_POINT('',(12.,-14.6196628104783,34.4684855468422));
#4365=CARTESIAN_POINT('',(12.,-16.6196628104783,34.4684855468422));
#4366=CARTESIAN_POINT('',(12.,-17.6196628104782,33.4684855468421));
#4367=CARTESIAN_POINT('',(12.,-17.6196628104782,31.4684855468421));
#4368=CARTESIAN_POINT('',(12.,-17.6196628104782,29.4684855468421));
#4369=CARTESIAN_POINT('',(12.,-31.9999989740897,29.4684855468421));
#4370=CARTESIAN_POINT('',(12.,-31.9999990766807,31.4684855468421));
#4371=CARTESIAN_POINT('',(12.,-31.9999991792717,33.4684855468422));
#4372=CARTESIAN_POINT('',(12.,-32.9999992818628,34.4684855468422));
#4373=CARTESIAN_POINT('',(12.,-34.9999993844538,34.4684855468422));
#4374=CARTESIAN_POINT('',(12.,-37.,34.4684855468421));
#4375=CARTESIAN_POINT('',(12.,-31.9999989740897,26.4033585158861));
#4376=CARTESIAN_POINT('',(12.,-31.9999989740897,27.0163839220773));
#4377=CARTESIAN_POINT('',(12.,-31.9999989740897,27.6294093282685));
#4378=CARTESIAN_POINT('',(12.,-31.9999989740897,28.2424347344597));
#4379=CARTESIAN_POINT('',(12.,-31.9999989740897,28.8554601406509));
#4380=CARTESIAN_POINT('',(12.,-31.9999989740897,29.4684855468421));
#4381=CARTESIAN_POINT('',(12.,-30.9316063988464,22.219506027959));
#4382=CARTESIAN_POINT('',(12.,-31.4965427729269,22.7050186665126));
#4383=CARTESIAN_POINT('',(12.,-31.8551101310326,23.396900321041));
#4384=CARTESIAN_POINT('',(12.,-31.9999989740897,24.302460490618));
#4385=CARTESIAN_POINT('',(12.,-31.9999989740897,25.3529095032521));
#4386=CARTESIAN_POINT('',(12.,-31.9999989740897,26.4033585158861));
#4387=CARTESIAN_POINT('',(12.,-21.8098311912156,29.2409118530376));
#4388=CARTESIAN_POINT('',(12.,-21.8098311912156,32.2409118530376));
#4389=CARTESIAN_POINT('',(12.,-24.8098311912156,32.2409118530376));
#4390=CARTESIAN_POINT('',(12.,-27.8098311912156,32.2409118530376));
#4391=CARTESIAN_POINT('',(12.,-27.8098311912156,29.2409118530376));
#4392=CARTESIAN_POINT('',(12.,-27.8098311912156,26.2409118530376));
#4393=CARTESIAN_POINT('',(12.,-24.8098311912156,26.2409118530376));
#4394=CARTESIAN_POINT('',(12.,-21.8098311912156,26.2409118530376));
#4395=CARTESIAN_POINT('',(12.,-21.8098311912156,29.2409118530376));
#4396=CARTESIAN_POINT('',(15.,-21.8098311912156,29.2409118530376));
#4397=CARTESIAN_POINT('',(12.,-21.8098311912156,29.2409118530376));
#4398=CARTESIAN_POINT('',(20.,-19.9289321881345,26.9289321881345));
#4399=CARTESIAN_POINT('',(20.,-19.9685844995101,26.9485353324192));
#4400=CARTESIAN_POINT('',(20.,-19.9998621997394,26.9798130326486));
#4401=CARTESIAN_POINT('',(20.,-19.9289321881345,26.9289321881345));
#4402=CARTESIAN_POINT('',(15.,-19.9289321881345,26.9289321881345));
#4403=CARTESIAN_POINT('',(15.,-19.9289321881345,26.9289321881345));
#4404=CARTESIAN_POINT('',(15.,-19.9685844995101,26.9485353324192));
#4405=CARTESIAN_POINT('',(15.,-19.9998621997394,26.9798130326486));
#4406=CARTESIAN_POINT('',(20.,-29.9289321881345,26.9289321881345));
#4407=CARTESIAN_POINT('',(20.,-30.1698440411721,27.0480331850535));
#4408=CARTESIAN_POINT('',(19.9999999999999,-30.0507430442531,27.288945038091));
#4409=CARTESIAN_POINT('',(20.,-30.0263809929739,27.3382234410373));
#4410=CARTESIAN_POINT('',(20.,-29.9846255826959,27.3739775492205));
#4411=CARTESIAN_POINT('',(20.,-29.9289321881345,26.9289321881345));
#4412=CARTESIAN_POINT('',(15.,-29.9289321881345,26.9289321881345));
#4413=CARTESIAN_POINT('',(15.,-29.9289321881345,26.9289321881345));
#4414=CARTESIAN_POINT('',(15.,-30.1698440411721,27.0480331850535));
#4415=CARTESIAN_POINT('',(15.,-30.0507430442532,27.2889450380911));
#4416=CARTESIAN_POINT('',(15.,-30.0263809929739,27.3382234410373));
#4417=CARTESIAN_POINT('',(15.,-29.9846255826959,27.3739775492205));
#4418=CARTESIAN_POINT('',(20.,-22.857864376269,24.));
#4419=CARTESIAN_POINT('',(20.0000000000001,-23.0075078088759,24.073980095961));
#4420=CARTESIAN_POINT('',(20.,-23.0075078088758,24.2409118530376));
#4421=CARTESIAN_POINT('',(20.,-22.857864376269,24.));
#4422=CARTESIAN_POINT('',(15.,-22.857864376269,24.));
#4423=CARTESIAN_POINT('',(15.,-22.857864376269,24.));
#4424=CARTESIAN_POINT('',(15.,-23.0075078088759,24.0739800959609));
#4425=CARTESIAN_POINT('',(15.,-23.0075078088758,24.2409118530376));
#4426=CARTESIAN_POINT('',(20.,-27.,24.));
#4427=CARTESIAN_POINT('',(20.,-27.1628665870539,24.0805173038949));
#4428=CARTESIAN_POINT('',(20.,-27.1488414904186,24.2616577413168));
#4429=CARTESIAN_POINT('',(20.,-27.,24.));
#4430=CARTESIAN_POINT('',(15.,-27.,24.));
#4431=CARTESIAN_POINT('',(15.,-27.,24.));
#4432=CARTESIAN_POINT('',(15.,-27.1628665870539,24.0805173038948));
#4433=CARTESIAN_POINT('',(15.,-27.1488414904186,24.2616577413168));
#4434=CARTESIAN_POINT('',(20.,-26.6121545735553,24.2409118530376));
#4435=CARTESIAN_POINT('',(20.,-26.6121545735554,24.1781092730087));
#4436=CARTESIAN_POINT('',(20.,-26.6399871500436,24.1218108561186));
#4437=CARTESIAN_POINT('',(20.,-26.7590881469624,23.880899003081));
#4438=CARTESIAN_POINT('',(20.,-27.,24.));
#4439=CARTESIAN_POINT('',(15.,-26.6121545735553,24.2409118530376));
#4440=CARTESIAN_POINT('',(15.0000000000001,-26.6121545735555,24.1781092730088));
#4441=CARTESIAN_POINT('',(15.,-26.6399871500436,24.1218108561187));
#4442=CARTESIAN_POINT('',(15.,-26.7590881469624,23.880899003081));
#4443=CARTESIAN_POINT('',(15.,-27.,24.));
#4444=CARTESIAN_POINT('',(20.,-22.5487323708263,24.4309428615613));
#4445=CARTESIAN_POINT('',(20.,-22.4124157683229,24.2946262590577));
#4446=CARTESIAN_POINT('',(20.,-22.4978515263125,24.1218108561187));
#4447=CARTESIAN_POINT('',(20.,-22.6169525232315,23.8808990030811));
#4448=CARTESIAN_POINT('',(20.,-22.857864376269,24.));
#4449=CARTESIAN_POINT('',(15.,-22.5487323708263,24.4309428615613));
#4450=CARTESIAN_POINT('',(15.,-22.4124157683229,24.2946262590577));
#4451=CARTESIAN_POINT('',(15.,-22.4978515263125,24.1218108561187));
#4452=CARTESIAN_POINT('',(15.,-22.6169525232315,23.8808990030811));
#4453=CARTESIAN_POINT('',(15.,-22.857864376269,24.));
#4454=CARTESIAN_POINT('',(20.,-19.8098311912156,27.4385884706978));
#4455=CARTESIAN_POINT('',(20.,-19.7470286111866,27.4385884706977));
#4456=CARTESIAN_POINT('',(20.,-19.6907301942966,27.4107558942096));
#4457=CARTESIAN_POINT('',(20.,-19.449818341259,27.2916548972907));
#4458=CARTESIAN_POINT('',(20.,-19.568919338178,27.0507430442532));
#4459=CARTESIAN_POINT('',(20.,-19.6880203350969,26.8098311912156));
#4460=CARTESIAN_POINT('',(20.,-19.9289321881345,26.9289321881345));
#4461=CARTESIAN_POINT('',(15.,-19.8098311912156,27.4385884706978));
#4462=CARTESIAN_POINT('',(14.9999999999999,-19.7470286111866,27.4385884706978));
#4463=CARTESIAN_POINT('',(15.,-19.6907301942966,27.4107558942097));
#4464=CARTESIAN_POINT('',(15.,-19.449818341259,27.2916548972907));
#4465=CARTESIAN_POINT('',(15.,-19.568919338178,27.0507430442532));
#4466=CARTESIAN_POINT('',(15.,-19.6880203350969,26.8098311912156));
#4467=CARTESIAN_POINT('',(15.,-19.9289321881345,26.9289321881345));
#4468=CARTESIAN_POINT('',(20.,-29.9846255826959,27.3739775492205));
#4469=CARTESIAN_POINT('',(15.,-29.9846255826959,27.3739775492205));
#4470=CARTESIAN_POINT('',(20.,-29.9846255826959,27.3739775492205));
#4471=CARTESIAN_POINT('',(20.,-29.9147078261037,27.4338463666137));
#4472=CARTESIAN_POINT('',(20.,-29.819157987829,27.4637807753104));
#4473=CARTESIAN_POINT('',(20.,-29.8098311912155,27.569673412577));
#4474=CARTESIAN_POINT('',(20.,-29.8098311912155,27.6617210523238));
#4475=CARTESIAN_POINT('',(20.,-29.8098311912156,27.7537686920705));
#4476=CARTESIAN_POINT('',(15.,-29.9846255826959,27.3739775492205));
#4477=CARTESIAN_POINT('',(15.,-29.9147078261037,27.4338463666137));
#4478=CARTESIAN_POINT('',(15.,-29.819157987829,27.4637807753104));
#4479=CARTESIAN_POINT('',(15.,-29.8098311912155,27.569673412577));
#4480=CARTESIAN_POINT('',(15.,-29.8098311912155,27.6617210523238));
#4481=CARTESIAN_POINT('',(15.,-29.8098311912156,27.7537686920705));
#4482=CARTESIAN_POINT('',(20.,-29.7890853029363,26.9019015538346));
#4483=CARTESIAN_POINT('',(20.,-29.8627231188951,26.8962000246812));
#4484=CARTESIAN_POINT('',(20.,-29.9289321881345,26.9289321881345));
#4485=CARTESIAN_POINT('',(15.,-29.7890853029363,26.9019015538346));
#4486=CARTESIAN_POINT('',(15.,-29.8627231188952,26.8962000246812));
#4487=CARTESIAN_POINT('',(15.,-29.9289321881345,26.9289321881345));
#4488=CARTESIAN_POINT('',(15.,-29.7890853029363,26.9019015538346));
#4489=CARTESIAN_POINT('',(20.,-29.7890853029363,26.9019015538346));
#4490=CARTESIAN_POINT('',(20.,-27.1488414904186,24.2616577413168));
#4491=CARTESIAN_POINT('',(15.,-27.1488414904186,24.2616577413168));
#4492=CARTESIAN_POINT('',(20.,-27.1488414904186,24.2616577413168));
#4493=CARTESIAN_POINT('',(20.,-27.1417358173673,24.3534307078889));
#4494=CARTESIAN_POINT('',(20.,-27.0953387021622,24.4421614698544));
#4495=CARTESIAN_POINT('',(20.,-27.163621062919,24.5236339128755));
#4496=CARTESIAN_POINT('',(20.,-27.2287085731761,24.5887214231327));
#4497=CARTESIAN_POINT('',(20.,-27.2937960834333,24.6538089333898));
#4498=CARTESIAN_POINT('',(15.,-27.1488414904186,24.2616577413168));
#4499=CARTESIAN_POINT('',(15.,-27.1417358173673,24.3534307078889));
#4500=CARTESIAN_POINT('',(15.,-27.0953387021622,24.4421614698544));
#4501=CARTESIAN_POINT('',(15.,-27.163621062919,24.5236339128755));
#4502=CARTESIAN_POINT('',(15.,-27.2287085731761,24.5887214231327));
#4503=CARTESIAN_POINT('',(15.,-27.2937960834333,24.6538089333898));
#4504=CARTESIAN_POINT('',(15.,-29.3969341108633,26.7569469608199));
#4505=CARTESIAN_POINT('',(15.,-29.4620216211205,26.822034471077));
#4506=CARTESIAN_POINT('',(15.,-29.5271091313776,26.8871219813342));
#4507=CARTESIAN_POINT('',(15.,-29.6085815743987,26.955404342091));
#4508=CARTESIAN_POINT('',(15.,-29.6973123363643,26.9090072268859));
#4509=CARTESIAN_POINT('',(15.,-29.7890853029363,26.9019015538346));
#4510=CARTESIAN_POINT('',(20.,-29.3969341108633,26.7569469608199));
#4511=CARTESIAN_POINT('',(20.,-29.4620216211205,26.822034471077));
#4512=CARTESIAN_POINT('',(20.,-29.5271091313776,26.8871219813342));
#4513=CARTESIAN_POINT('',(20.,-29.6085815743987,26.955404342091));
#4514=CARTESIAN_POINT('',(20.,-29.6973123363643,26.9090072268859));
#4515=CARTESIAN_POINT('',(20.,-29.7890853029363,26.9019015538346));
#4516=CARTESIAN_POINT('',(20.,-29.8098311912156,27.7537686920705));
#4517=CARTESIAN_POINT('',(15.,-29.8098311912156,27.7537686920705));
#4518=CARTESIAN_POINT('',(15.,-29.3969341108633,26.7569469608199));
#4519=CARTESIAN_POINT('',(20.,-29.3969341108633,26.7569469608199));
#4520=CARTESIAN_POINT('',(20.,-27.2937960834333,24.6538089333898));
#4521=CARTESIAN_POINT('',(15.,-27.2937960834333,24.6538089333898));
#4522=CARTESIAN_POINT('',(20.,-23.0075078088758,24.2409118530376));
#4523=CARTESIAN_POINT('',(15.,-23.0075078088758,24.2409118530376));
#4524=CARTESIAN_POINT('',(15.,-26.6121545735553,24.2409118530376));
#4525=CARTESIAN_POINT('',(20.,-26.6121545735553,24.2409118530376));
#4526=CARTESIAN_POINT('',(20.,-19.9998621997394,26.9798130326486));
#4527=CARTESIAN_POINT('',(15.,-19.9998621997394,26.9798130326486));
#4528=CARTESIAN_POINT('',(15.,-22.5487323708263,24.4309428615613));
#4529=CARTESIAN_POINT('',(20.,-22.5487323708263,24.4309428615613));
#4530=CARTESIAN_POINT('',(15.,-19.8098311912156,27.4385884706978));
#4531=CARTESIAN_POINT('',(20.,-19.8098311912156,27.4385884706978));
#4532=CARTESIAN_POINT('',(15.,-29.3969341108633,26.7569469608199));
#4533=CARTESIAN_POINT('',(15.,-27.2937960834333,24.6538089333898));
#4534=CARTESIAN_POINT('',(20.,-29.3969341108633,26.7569469608199));
#4535=CARTESIAN_POINT('',(20.,-27.2937960834333,24.6538089333898));
#4536=CARTESIAN_POINT('',(15.,-26.6121545735553,24.2409118530376));
#4537=CARTESIAN_POINT('',(15.,-23.0075078088758,24.2409118530376));
#4538=CARTESIAN_POINT('',(20.,-26.6121545735553,24.2409118530376));
#4539=CARTESIAN_POINT('',(20.,-23.0075078088758,24.2409118530376));
#4540=CARTESIAN_POINT('',(15.,-22.5487323708263,24.4309428615613));
#4541=CARTESIAN_POINT('',(15.,-19.9998621997394,26.9798130326486));
#4542=CARTESIAN_POINT('',(20.,-22.5487323708263,24.4309428615613));
#4543=CARTESIAN_POINT('',(20.,-19.9998621997394,26.9798130326486));
#4544=CARTESIAN_POINT('',(15.,-21.8098311912156,29.2409118530376));
#4545=CARTESIAN_POINT('',(15.,-21.8098311912156,27.6486511884266));
#4546=CARTESIAN_POINT('',(15.,-23.1285460945952,26.7563031466449));
#4547=CARTESIAN_POINT('',(15.,-24.4472609979749,25.8639551048632));
#4548=CARTESIAN_POINT('',(15.,-25.9253514738038,26.4560214603768));
#4549=CARTESIAN_POINT('',(15.,-27.4034419496327,27.0480878158905));
#4550=CARTESIAN_POINT('',(15.,-27.7414547052314,28.6040574174958));
#4551=CARTESIAN_POINT('',(15.,-28.0794674608301,30.1600270191012));
#4552=CARTESIAN_POINT('',(15.,-26.980240857305,31.3119796649031));
#4553=CARTESIAN_POINT('',(15.,-26.0938268386477,32.2409118530376));
#4554=CARTESIAN_POINT('',(15.,-24.8098311912155,32.2409118530376));
#4555=CARTESIAN_POINT('',(15.,-23.5258355437834,32.2409118530376));
#4556=CARTESIAN_POINT('',(15.,-22.6394215251261,31.3119796649031));
#4557=CARTESIAN_POINT('',(15.,-21.8098311912156,30.4425967942418));
#4558=CARTESIAN_POINT('',(15.,-21.8098311912156,29.2409118530376));
#4559=CARTESIAN_POINT('',(20.,-21.8098311912156,29.2409118530376));
#4560=CARTESIAN_POINT('',(20.,-21.8098311912155,30.4425967942418));
#4561=CARTESIAN_POINT('',(20.,-22.6394215251261,31.3119796649031));
#4562=CARTESIAN_POINT('',(20.,-23.5258355437834,32.2409118530376));
#4563=CARTESIAN_POINT('',(20.,-24.8098311912156,32.2409118530376));
#4564=CARTESIAN_POINT('',(20.,-26.0938268386477,32.2409118530376));
#4565=CARTESIAN_POINT('',(20.,-26.9802408573051,31.3119796649031));
#4566=CARTESIAN_POINT('',(20.,-28.0794674608302,30.1600270191012));
#4567=CARTESIAN_POINT('',(20.,-27.7414547052314,28.6040574174958));
#4568=CARTESIAN_POINT('',(20.,-27.4034419496327,27.0480878158905));
#4569=CARTESIAN_POINT('',(20.,-25.9253514738038,26.4560214603768));
#4570=CARTESIAN_POINT('',(20.,-24.4472609979749,25.8639551048632));
#4571=CARTESIAN_POINT('',(20.,-23.1285460945952,26.7563031466449));
#4572=CARTESIAN_POINT('',(20.,-21.8098311912156,27.6486511884266));
#4573=CARTESIAN_POINT('',(20.,-21.8098311912156,29.2409118530376));
#4574=CARTESIAN_POINT('',(20.,-31.8098311912156,34.4684855468422));
#4575=CARTESIAN_POINT('',(15.,-31.8098311912156,34.4684855468422));
#4576=CARTESIAN_POINT('',(15.,-17.8098311912156,34.4684855468422));
#4577=CARTESIAN_POINT('',(20.,-17.8098311912155,34.4684855468421));
#4578=CARTESIAN_POINT('',(20.,-29.8098311912156,32.4684855468421));
#4579=CARTESIAN_POINT('',(15.,-29.8098311912156,32.4684855468421));
#4580=CARTESIAN_POINT('',(15.,-19.8098311912156,32.4684855468421));
#4581=CARTESIAN_POINT('',(20.,-19.8098311912155,32.4684855468421));
#4582=CARTESIAN_POINT('',(15.,-29.8098311912156,32.4684855468421));
#4583=CARTESIAN_POINT('',(15.,-29.8098311912156,33.2684855468422));
#4584=CARTESIAN_POINT('',(15.,-29.8098311912156,34.0684855468422));
#4585=CARTESIAN_POINT('',(15.,-30.2098311912155,34.4684855468422));
#4586=CARTESIAN_POINT('',(15.,-31.0098311912156,34.4684855468422));
#4587=CARTESIAN_POINT('',(15.,-31.8098311912156,34.4684855468422));
#4588=CARTESIAN_POINT('',(20.,-29.8098311912156,32.4684855468421));
#4589=CARTESIAN_POINT('',(20.,-29.8098311912156,33.2684855468422));
#4590=CARTESIAN_POINT('',(20.,-29.8098311912156,34.0684855468422));
#4591=CARTESIAN_POINT('',(20.,-30.2098311912156,34.4684855468422));
#4592=CARTESIAN_POINT('',(20.,-31.0098311912156,34.4684855468422));
#4593=CARTESIAN_POINT('',(20.,-31.8098311912156,34.4684855468422));
#4594=CARTESIAN_POINT('',(15.,-17.8098311912156,34.4684855468422));
#4595=CARTESIAN_POINT('',(15.,-18.6098311912156,34.4684855468422));
#4596=CARTESIAN_POINT('',(15.,-19.4098311912156,34.4684855468422));
#4597=CARTESIAN_POINT('',(15.,-19.8098311912156,34.0684855468421));
#4598=CARTESIAN_POINT('',(15.,-19.8098311912156,33.2684855468421));
#4599=CARTESIAN_POINT('',(15.,-19.8098311912156,32.4684855468421));
#4600=CARTESIAN_POINT('',(20.,-17.8098311912155,34.4684855468421));
#4601=CARTESIAN_POINT('',(20.,-18.6098311912156,34.4684855468422));
#4602=CARTESIAN_POINT('',(20.,-19.4098311912156,34.4684855468422));
#4603=CARTESIAN_POINT('',(20.,-19.8098311912155,34.0684855468421));
#4604=CARTESIAN_POINT('',(20.,-19.8098311912155,33.2684855468421));
#4605=CARTESIAN_POINT('',(20.,-19.8098311912155,32.4684855468421));
#4606=CARTESIAN_POINT('',(23.5,-21.8098311912156,29.2409118530376));
#4607=CARTESIAN_POINT('',(23.5,-21.8098311912155,32.2409118530376));
#4608=CARTESIAN_POINT('',(23.5,-24.8098311912155,32.2409118530376));
#4609=CARTESIAN_POINT('',(23.5,-27.8098311912155,32.2409118530376));
#4610=CARTESIAN_POINT('',(23.5,-27.8098311912156,29.2409118530376));
#4611=CARTESIAN_POINT('',(23.5,-27.8098311912156,26.2409118530376));
#4612=CARTESIAN_POINT('',(23.5,-24.8098311912156,26.2409118530376));
#4613=CARTESIAN_POINT('',(23.5,-21.8098311912156,26.2409118530376));
#4614=CARTESIAN_POINT('',(23.5,-21.8098311912156,29.2409118530376));
#4615=CARTESIAN_POINT('',(23.5,-21.8098311912156,29.2409118530376));
#4616=CARTESIAN_POINT('',(20.,-21.8098311912156,29.2409118530376));
#4617=CARTESIAN_POINT('',(23.5,-21.8098311912156,29.2409118530376));
#4618=CARTESIAN_POINT('',(23.7000000019181,-21.8098311912156,29.2409118530376));
#4619=CARTESIAN_POINT('',(23.9000000038362,-21.8098311912156,29.2409118530376));
#4620=CARTESIAN_POINT('',(24.,-21.7098311864202,29.2409118531263));
#4621=CARTESIAN_POINT('',(24.,-21.5098311864202,29.2409118531263));
#4622=CARTESIAN_POINT('',(24.,-21.3098311864202,29.2409118531263));
#4623=CARTESIAN_POINT('',(24.,-21.3098311864202,29.2409118531263));
#4624=CARTESIAN_POINT('',(24.,-21.309831186509,32.7409118579216));
#4625=CARTESIAN_POINT('',(24.,-24.8098311913043,32.7409118578329));
#4626=CARTESIAN_POINT('',(24.,-28.3098311960996,32.7409118577442));
#4627=CARTESIAN_POINT('',(24.,-28.3098311960109,29.2409118529489));
#4628=CARTESIAN_POINT('',(24.,-28.3098311959221,25.7409118481536));
#4629=CARTESIAN_POINT('',(24.,-24.8098311911268,25.7409118482423));
#4630=CARTESIAN_POINT('',(24.,-21.3098311863315,25.740911848331));
#4631=CARTESIAN_POINT('',(24.,-21.3098311864202,29.2409118531263));
#4632=CARTESIAN_POINT('',(12.,-30.9316063988464,10.9369710945513));
#4633=CARTESIAN_POINT('',(8.,-30.9316063988464,10.9369710945513));
#4634=CARTESIAN_POINT('',(8.00000000000001,-18.6880564116319,10.9369710945513));
#4635=CARTESIAN_POINT('',(12.,-18.6880564116319,10.9369710945513));
#4636=CARTESIAN_POINT('',(12.,-18.6880564116319,10.9369710945513));
#4637=CARTESIAN_POINT('',(12.,-21.0087502846389,10.9369710945513));
#4638=CARTESIAN_POINT('',(8.,-30.9316063988464,10.9369710945513));
#4639=CARTESIAN_POINT('',(8.,-28.6109125258393,10.9369710945513));
#4640=CARTESIAN_POINT('',(12.,-30.9316063988464,10.9369710945513));
#4641=CARTESIAN_POINT('',(12.,-30.9316063988464,22.219506027959));
#4642=CARTESIAN_POINT('',(8.,-30.9316063988464,10.9369710945513));
#4643=CARTESIAN_POINT('',(8.00000000000001,-30.9316063988464,22.219506027959));
#4644=CARTESIAN_POINT('',(12.,-18.6880564116319,10.9369710945513));
#4645=CARTESIAN_POINT('',(12.,-18.6880564116319,22.2195051462807));
#4646=CARTESIAN_POINT('',(8.00000000000001,-18.6880564116319,10.9369710945513));
#4647=CARTESIAN_POINT('',(8.00000000000002,-18.6880564116319,22.2195051462807));
#4648=CARTESIAN_POINT('',(15.,-31.8098311912156,34.4684855468422));
#4649=CARTESIAN_POINT('',(15.,-29.8098311912156,34.4684855468421));
#4650=CARTESIAN_POINT('',(15.,-19.8098311912156,34.4684855468421));
#4651=CARTESIAN_POINT('',(15.,-17.8098311912156,34.4684855468422));
#4652=CARTESIAN_POINT('',(20.,-17.8098311912155,34.4684855468421));
#4653=CARTESIAN_POINT('',(20.,-19.8098311912156,34.4684855468421));
#4654=CARTESIAN_POINT('',(20.,-29.8098311912156,34.4684855468421));
#4655=CARTESIAN_POINT('',(20.,-31.8098311912156,34.4684855468422));
#4656=CARTESIAN_POINT('',(15.,-29.8098311912156,27.7537686920705));
#4657=CARTESIAN_POINT('',(15.,-29.8098311912156,32.4684855468421));
#4658=CARTESIAN_POINT('',(20.,-29.8098311912156,27.7537686920705));
#4659=CARTESIAN_POINT('',(20.,-29.8098311912156,32.4684855468421));
#4660=CARTESIAN_POINT('',(15.,-19.8098311912156,27.4385884706978));
#4661=CARTESIAN_POINT('',(15.,-19.8098311912156,32.4684855468421));
#4662=CARTESIAN_POINT('',(20.,-19.8098311912156,27.4385884706978));
#4663=CARTESIAN_POINT('',(20.,-19.8098311912155,32.4684855468421));
#4664=CARTESIAN_POINT('',(24.,-45.3776306020781,10.9369710945513));
#4665=CARTESIAN_POINT('',(24.,-47.,10.9369710945513));
#4666=CARTESIAN_POINT('',(8.,-40.4550254552472,15.0606386414295));
#4667=CARTESIAN_POINT('',(8.,-37.,34.4684855468421));
#4668=CARTESIAN_POINT('',(24.,-40.4550254552473,15.0606386414295));
#4669=CARTESIAN_POINT('',(24.,-37.,34.4684855468421));
#4670=CARTESIAN_POINT('',(8.,-40.4550254552472,15.0606386414295));
#4671=CARTESIAN_POINT('',(12.5426885090331,-40.4550254552473,15.0606386414295));
#4672=CARTESIAN_POINT('',(8.,-45.3776306020781,10.9369710945513));
#4673=CARTESIAN_POINT('',(24.,-45.3776306020781,10.9369710945513));
#4674=CARTESIAN_POINT('',(8.,-45.3776306020781,10.9369710945513));
#4675=CARTESIAN_POINT('',(8.,-43.7022301082835,10.9369710945513));
#4676=CARTESIAN_POINT('',(8.00000000000001,-42.0268296144888,10.9369710945513));
#4677=CARTESIAN_POINT('',(7.99999999999999,-41.0423085851226,11.7617046039269));
#4678=CARTESIAN_POINT('',(8.,-40.7486670201849,13.4111716226782));
#4679=CARTESIAN_POINT('',(8.,-40.4550254552472,15.0606386414295));
#4680=CARTESIAN_POINT('',(24.,-40.4550254552473,15.0606386414295));
#4681=CARTESIAN_POINT('',(24.,-40.748667020185,13.4111716226782));
#4682=CARTESIAN_POINT('',(24.,-41.0423085851226,11.7617046039269));
#4683=CARTESIAN_POINT('',(24.,-42.0268296144888,10.9369710945513));
#4684=CARTESIAN_POINT('',(24.,-43.7022301082835,10.9369710945513));
#4685=CARTESIAN_POINT('',(24.,-45.3776306020781,10.9369710945513));
#4686=CARTESIAN_POINT('',(7.99999999999999,-4.24203220840016,10.9369710945513));
#4687=CARTESIAN_POINT('',(8.,-2.61966281047825,10.9369710945513));
#4688=CARTESIAN_POINT('',(8.,-9.16463735523101,15.0606386414296));
#4689=CARTESIAN_POINT('',(8.,-12.6196628104782,34.4684855468421));
#4690=CARTESIAN_POINT('',(24.,-9.16463735523101,15.0606386414296));
#4691=CARTESIAN_POINT('',(24.,-12.6196628104782,34.4684855468421));
#4692=CARTESIAN_POINT('',(24.,-4.24203220840015,10.9369710945513));
#4693=CARTESIAN_POINT('',(7.99999999999999,-4.24203220840016,10.9369710945513));
#4694=CARTESIAN_POINT('',(24.,-9.16463735523101,15.0606386414296));
#4695=CARTESIAN_POINT('',(19.4573114909669,-9.16463735523101,15.0606386414296));
#4696=CARTESIAN_POINT('',(8.,-9.16463735523101,15.0606386414296));
#4697=CARTESIAN_POINT('',(8.,-8.87099579029332,13.4111716226783));
#4698=CARTESIAN_POINT('',(8.00000000000001,-8.57735422535563,11.761704603927));
#4699=CARTESIAN_POINT('',(7.99999999999999,-7.59283319598947,10.9369710945513));
#4700=CARTESIAN_POINT('',(7.99999999999999,-5.91743270219481,10.9369710945513));
#4701=CARTESIAN_POINT('',(7.99999999999999,-4.24203220840016,10.9369710945513));
#4702=CARTESIAN_POINT('',(24.,-4.24203220840015,10.9369710945513));
#4703=CARTESIAN_POINT('',(24.,-5.91743270219481,10.9369710945513));
#4704=CARTESIAN_POINT('',(24.,-7.59283319598946,10.9369710945513));
#4705=CARTESIAN_POINT('',(24.,-8.57735422535562,11.761704603927));
#4706=CARTESIAN_POINT('',(24.,-8.87099579029332,13.4111716226783));
#4707=CARTESIAN_POINT('',(24.,-9.16463735523101,15.0606386414296));
#4708=CARTESIAN_POINT('',(19.5,-41.,10.9369710945513));
#4709=CARTESIAN_POINT('',(19.5,-37.5,10.9369710945513));
#4710=CARTESIAN_POINT('',(16.,-37.5,10.9369710945513));
#4711=CARTESIAN_POINT('',(12.5,-37.5,10.9369710945513));
#4712=CARTESIAN_POINT('',(12.5,-41.,10.9369710945513));
#4713=CARTESIAN_POINT('',(12.5,-44.5,10.9369710945513));
#4714=CARTESIAN_POINT('',(16.,-44.5,10.9369710945513));
#4715=CARTESIAN_POINT('',(19.5,-44.5,10.9369710945513));
#4716=CARTESIAN_POINT('',(19.5,-41.,10.9369710945513));
#4717=CARTESIAN_POINT('',(19.5,-41.,10.9369710945513));
#4718=CARTESIAN_POINT('',(19.5,-41.,12.8988656361583));
#4719=CARTESIAN_POINT('',(17.5,-41.,10.9369710945513));
#4720=CARTESIAN_POINT('',(17.5,-39.5,10.9369710945513));
#4721=CARTESIAN_POINT('',(16.,-39.5,10.9369710945513));
#4722=CARTESIAN_POINT('',(14.5,-39.5,10.9369710945513));
#4723=CARTESIAN_POINT('',(14.5,-41.,10.9369710945513));
#4724=CARTESIAN_POINT('',(14.5,-42.5,10.9369710945513));
#4725=CARTESIAN_POINT('',(16.,-42.5,10.9369710945513));
#4726=CARTESIAN_POINT('',(17.5,-42.5,10.9369710945513));
#4727=CARTESIAN_POINT('',(17.5,-41.,10.9369710945513));
#4728=CARTESIAN_POINT('',(17.5,-41.,5.9369710945513));
#4729=CARTESIAN_POINT('',(17.5,-39.5,5.9369710945513));
#4730=CARTESIAN_POINT('',(16.,-39.5,5.9369710945513));
#4731=CARTESIAN_POINT('',(14.5,-39.5,5.9369710945513));
#4732=CARTESIAN_POINT('',(14.5,-41.,5.9369710945513));
#4733=CARTESIAN_POINT('',(14.5,-42.5,5.9369710945513));
#4734=CARTESIAN_POINT('',(16.,-42.5,5.9369710945513));
#4735=CARTESIAN_POINT('',(17.5,-42.5,5.9369710945513));
#4736=CARTESIAN_POINT('',(17.5,-41.,5.9369710945513));
#4737=CARTESIAN_POINT('',(12.5426885090331,-40.4550254552473,15.0606386414295));
#4738=CARTESIAN_POINT('',(12.5811565129646,-40.2109922260521,16.4314417262116));
#4739=CARTESIAN_POINT('',(12.6465127744922,-39.9644154569927,17.816532587718));
#4740=CARTESIAN_POINT('',(12.8415386540074,-39.4675800561364,20.6073963662656));
#4741=CARTESIAN_POINT('',(12.9778420588417,-39.2074885848607,22.0684031001685));
#4742=CARTESIAN_POINT('',(13.3390473109653,-38.7056711655301,24.8872522736372));
#4743=CARTESIAN_POINT('',(13.5855201548813,-38.4329523651763,26.4191902561954));
#4744=CARTESIAN_POINT('',(14.0840990850552,-38.0635118750485,28.4944410947008));
#4745=CARTESIAN_POINT('',(14.3002005738638,-37.9266702224591,29.2631190330026));
#4746=CARTESIAN_POINT('',(14.7018692588976,-37.7462076979207,30.2768276420335));
#4747=CARTESIAN_POINT('',(14.8733880843163,-37.6796115031091,30.6509171444251));
#4748=CARTESIAN_POINT('',(15.2635081398496,-37.5728625785165,31.2505557904054));
#4749=CARTESIAN_POINT('',(15.5886459913295,-37.5,31.6598453274283));
#4750=CARTESIAN_POINT('',(16.,-37.5,31.6598453274282));
#4751=CARTESIAN_POINT('',(16.4113540086706,-37.5,31.6598453274283));
#4752=CARTESIAN_POINT('',(16.7364918601503,-37.5728625785165,31.2505557904055));
#4753=CARTESIAN_POINT('',(17.1266119156839,-37.6796115031092,30.6509171444249));
#4754=CARTESIAN_POINT('',(17.2981307411022,-37.7462076979206,30.2768276420338));
#4755=CARTESIAN_POINT('',(17.6997994261361,-37.926670222459,29.2631190330028));
#4756=CARTESIAN_POINT('',(17.9159009149449,-38.0635118750486,28.4944410947006));
#4757=CARTESIAN_POINT('',(18.4144798451187,-38.4329523651762,26.4191902561955));
#4758=CARTESIAN_POINT('',(18.6609526890347,-38.7056711655301,24.8872522736371));
#4759=CARTESIAN_POINT('',(19.0221579411582,-39.2074885848606,22.0684031001687));
#4760=CARTESIAN_POINT('',(19.1584613459926,-39.4675800561364,20.6073963662654));
#4761=CARTESIAN_POINT('',(19.3534872255078,-39.9644154569927,17.8165325877182));
#4762=CARTESIAN_POINT('',(19.4188434870354,-40.2109922260521,16.4314417262115));
#4763=CARTESIAN_POINT('',(19.4573114909669,-40.4550254552473,15.0606386414295));
#4764=CARTESIAN_POINT('',(19.4573114909669,-40.4550254552473,15.0606386414295));
#4765=CARTESIAN_POINT('',(19.4675330658438,-40.5198709945814,14.6963830617825));
#4766=CARTESIAN_POINT('',(19.4764250394282,-40.5858846463865,14.3258700031412));
#4767=CARTESIAN_POINT('',(19.4922333735652,-40.7524507819291,13.6057493430858));
#4768=CARTESIAN_POINT('',(19.5,-40.8566231206631,13.2397425417731));
#4769=CARTESIAN_POINT('',(19.5,-41.,12.8988656361583));
#4770=CARTESIAN_POINT('',(19.5,-41.,12.8988656361583));
#4771=CARTESIAN_POINT('',(19.5,-41.1026263427987,12.6548726693037));
#4772=CARTESIAN_POINT('',(19.4960610286998,-41.2272177517865,12.4193066530901));
#4773=CARTESIAN_POINT('',(19.4620706294286,-41.5372470054617,11.9867886551624));
#4774=CARTESIAN_POINT('',(19.4323096154768,-41.7183218978697,11.7974149289907));
#4775=CARTESIAN_POINT('',(19.3177320945287,-42.1355758940099,11.4787103886286));
#4776=CARTESIAN_POINT('',(19.2358747846352,-42.3575913823652,11.3599063134437));
#4777=CARTESIAN_POINT('',(19.007998396938,-42.8069072215514,11.17965492906));
#4778=CARTESIAN_POINT('',(18.8663940647011,-43.0255470722687,11.1207140317397));
#4779=CARTESIAN_POINT('',(18.4872173432618,-43.4848574921335,11.0249982079489));
#4780=CARTESIAN_POINT('',(18.2368021765005,-43.7129083620337,10.9984075337245));
#4781=CARTESIAN_POINT('',(17.6790440791323,-44.0893453483258,10.9640395561205));
#4782=CARTESIAN_POINT('',(17.3738477949968,-44.2366704198505,10.9567889498979));
#4783=CARTESIAN_POINT('',(16.7120617656932,-44.4453492316876,10.9475437120024));
#4784=CARTESIAN_POINT('',(16.3570478079881,-44.5,10.9461930406695));
#4785=CARTESIAN_POINT('',(16.,-44.5,10.9461930406695));
#4786=CARTESIAN_POINT('',(15.642952192012,-44.5,10.9461930406695));
#4787=CARTESIAN_POINT('',(15.2879382343067,-44.4453492316876,10.9475437120024));
#4788=CARTESIAN_POINT('',(14.6261522050032,-44.2366704198505,10.9567889498978));
#4789=CARTESIAN_POINT('',(14.3209559208677,-44.0893453483258,10.9640395561205));
#4790=CARTESIAN_POINT('',(13.7631978234994,-43.7129083620336,10.9984075337245));
#4791=CARTESIAN_POINT('',(13.5127826567383,-43.4848574921337,11.0249982079489));
#4792=CARTESIAN_POINT('',(13.1336059352989,-43.0255470722686,11.1207140317397));
#4793=CARTESIAN_POINT('',(12.9920016030621,-42.8069072215515,11.17965492906));
#4794=CARTESIAN_POINT('',(12.7641252153648,-42.3575913823654,11.3599063134436));
#4795=CARTESIAN_POINT('',(12.6822679054712,-42.1355758940097,11.4787103886287));
#4796=CARTESIAN_POINT('',(12.5676903845232,-41.7183218978698,11.7974149289906));
#4797=CARTESIAN_POINT('',(12.5379293705714,-41.5372470054615,11.9867886551625));
#4798=CARTESIAN_POINT('',(12.5039389713002,-41.2272177517865,12.4193066530901));
#4799=CARTESIAN_POINT('',(12.5,-41.1026263427987,12.6548726693037));
#4800=CARTESIAN_POINT('',(12.5,-41.,12.8988656361583));
#4801=CARTESIAN_POINT('',(12.5,-40.856623120663,13.2397425417731));
#4802=CARTESIAN_POINT('',(12.5077666264348,-40.7524507819291,13.6057493430857));
#4803=CARTESIAN_POINT('',(12.5235749605719,-40.5858846463865,14.3258700031411));
#4804=CARTESIAN_POINT('',(12.5324669341562,-40.5198709945814,14.6963830617826));
#4805=CARTESIAN_POINT('',(12.5426885090331,-40.4550254552473,15.0606386414295));
#4806=CARTESIAN_POINT('',(19.4573114909669,-40.4550254552473,15.0606386414295));
#4807=CARTESIAN_POINT('',(24.,-40.4550254552473,15.0606386414295));
#4808=CARTESIAN_POINT('',(17.5,-41.,5.9369710945513));
#4809=CARTESIAN_POINT('',(17.5,-41.,10.9369710945513));
#4810=CARTESIAN_POINT('',(19.5,-8.61966281047825,10.9369710945513));
#4811=CARTESIAN_POINT('',(19.5,-12.1196628104782,10.9369710945513));
#4812=CARTESIAN_POINT('',(16.,-12.1196628104782,10.9369710945513));
#4813=CARTESIAN_POINT('',(12.5,-12.1196628104782,10.9369710945513));
#4814=CARTESIAN_POINT('',(12.5,-8.61966281047825,10.9369710945513));
#4815=CARTESIAN_POINT('',(12.5,-5.11966281047825,10.9369710945513));
#4816=CARTESIAN_POINT('',(16.,-5.11966281047825,10.9369710945513));
#4817=CARTESIAN_POINT('',(19.5,-5.11966281047825,10.9369710945513));
#4818=CARTESIAN_POINT('',(19.5,-8.61966281047825,10.9369710945513));
#4819=CARTESIAN_POINT('',(19.5,-8.61966281047825,10.9369710945513));
#4820=CARTESIAN_POINT('',(19.5,-8.61966281047825,12.8988656361583));
#4821=CARTESIAN_POINT('',(17.5,-8.61966281047825,10.9369710945513));
#4822=CARTESIAN_POINT('',(17.5,-10.1196628104782,10.9369710945513));
#4823=CARTESIAN_POINT('',(16.,-10.1196628104782,10.9369710945513));
#4824=CARTESIAN_POINT('',(14.5,-10.1196628104782,10.9369710945513));
#4825=CARTESIAN_POINT('',(14.5,-8.61966281047825,10.9369710945513));
#4826=CARTESIAN_POINT('',(14.5,-7.11966281047824,10.9369710945513));
#4827=CARTESIAN_POINT('',(16.,-7.11966281047825,10.9369710945513));
#4828=CARTESIAN_POINT('',(17.5,-7.11966281047824,10.9369710945513));
#4829=CARTESIAN_POINT('',(17.5,-8.61966281047825,10.9369710945513));
#4830=CARTESIAN_POINT('',(17.5,-8.61966281047825,5.9369710945513));
#4831=CARTESIAN_POINT('',(17.5,-10.1196628104782,5.9369710945513));
#4832=CARTESIAN_POINT('',(16.,-10.1196628104782,5.9369710945513));
#4833=CARTESIAN_POINT('',(14.5,-10.1196628104782,5.9369710945513));
#4834=CARTESIAN_POINT('',(14.5,-8.61966281047825,5.9369710945513));
#4835=CARTESIAN_POINT('',(14.5,-7.11966281047824,5.9369710945513));
#4836=CARTESIAN_POINT('',(16.,-7.11966281047825,5.9369710945513));
#4837=CARTESIAN_POINT('',(17.5,-7.11966281047824,5.9369710945513));
#4838=CARTESIAN_POINT('',(17.5,-8.61966281047825,5.9369710945513));
#4839=CARTESIAN_POINT('',(12.5426885090331,-9.16463735523101,15.0606386414296));
#4840=CARTESIAN_POINT('',(12.5811565129646,-9.4086705844262,16.4314417262117));
#4841=CARTESIAN_POINT('',(12.6465127744922,-9.65524735348552,17.816532587718));
#4842=CARTESIAN_POINT('',(12.8415386540074,-10.1520827543419,20.6073963662656));
#4843=CARTESIAN_POINT('',(12.9778420588417,-10.4121742256176,22.0684031001685));
#4844=CARTESIAN_POINT('',(13.3390473109654,-10.9139916449482,24.8872522736373));
#4845=CARTESIAN_POINT('',(13.5855201548813,-11.186710445302,26.4191902561952));
#4846=CARTESIAN_POINT('',(14.0840990850551,-11.5561509354297,28.4944410947005));
#4847=CARTESIAN_POINT('',(14.3002005738639,-11.6929925880192,29.2631190330029));
#4848=CARTESIAN_POINT('',(14.7018692588977,-11.8734551125576,30.2768276420337));
#4849=CARTESIAN_POINT('',(14.8733880843161,-11.9400513073691,30.6509171444249));
#4850=CARTESIAN_POINT('',(15.2635081398496,-12.0468002319618,31.2505557904054));
#4851=CARTESIAN_POINT('',(15.5886459913296,-12.1196628104782,31.6598453274282));
#4852=CARTESIAN_POINT('',(16.,-12.1196628104782,31.6598453274282));
#4853=CARTESIAN_POINT('',(16.4113540086704,-12.1196628104782,31.6598453274282));
#4854=CARTESIAN_POINT('',(16.7364918601504,-12.0468002319618,31.2505557904054));
#4855=CARTESIAN_POINT('',(17.1266119156838,-11.9400513073691,30.650917144425));
#4856=CARTESIAN_POINT('',(17.2981307411023,-11.8734551125576,30.2768276420336));
#4857=CARTESIAN_POINT('',(17.6997994261361,-11.6929925880192,29.263119033003));
#4858=CARTESIAN_POINT('',(17.9159009149449,-11.5561509354297,28.4944410947005));
#4859=CARTESIAN_POINT('',(18.4144798451188,-11.1867104453019,26.4191902561951));
#4860=CARTESIAN_POINT('',(18.6609526890346,-10.9139916449482,24.8872522736375));
#4861=CARTESIAN_POINT('',(19.0221579411583,-10.4121742256175,22.068403100168));
#4862=CARTESIAN_POINT('',(19.1584613459926,-10.152082754342,20.6073963662661));
#4863=CARTESIAN_POINT('',(19.3534872255078,-9.6552473534855,17.8165325877179));
#4864=CARTESIAN_POINT('',(19.4188434870354,-9.40867058442621,16.4314417262118));
#4865=CARTESIAN_POINT('',(19.4573114909669,-9.16463735523101,15.0606386414296));
#4866=CARTESIAN_POINT('',(19.4573114909669,-9.16463735523101,15.0606386414296));
#4867=CARTESIAN_POINT('',(19.4675330658438,-9.09979181589691,14.6963830617829));
#4868=CARTESIAN_POINT('',(19.4764250394282,-9.03377816409172,14.3258700031408));
#4869=CARTESIAN_POINT('',(19.4922333735652,-8.86721202854913,13.6057493430857));
#4870=CARTESIAN_POINT('',(19.5,-8.76303968981521,13.2397425417732));
#4871=CARTESIAN_POINT('',(19.5,-8.61966281047825,12.8988656361583));
#4872=CARTESIAN_POINT('',(19.5,-8.61966281047825,12.8988656361583));
#4873=CARTESIAN_POINT('',(19.5,-8.51703646767959,12.6548726693037));
#4874=CARTESIAN_POINT('',(19.4960610286998,-8.39244505869174,12.4193066530901));
#4875=CARTESIAN_POINT('',(19.4620706294286,-8.08241580501666,11.9867886551625));
#4876=CARTESIAN_POINT('',(19.4323096154768,-7.90134091260848,11.7974149289906));
#4877=CARTESIAN_POINT('',(19.3177320945287,-7.48408691646846,11.4787103886286));
#4878=CARTESIAN_POINT('',(19.2358747846352,-7.26207142811295,11.3599063134437));
#4879=CARTESIAN_POINT('',(19.007998396938,-6.81275558892683,11.17965492906));
#4880=CARTESIAN_POINT('',(18.8663940647011,-6.59411573820957,11.1207140317397));
#4881=CARTESIAN_POINT('',(18.4872173432618,-6.13480531834467,11.0249982079489));
#4882=CARTESIAN_POINT('',(18.2368021765006,-5.9067544484446,10.9984075337245));
#4883=CARTESIAN_POINT('',(17.6790440791323,-5.53031746215251,10.9640395561205));
#4884=CARTESIAN_POINT('',(17.3738477949967,-5.38299239062771,10.9567889498979));
#4885=CARTESIAN_POINT('',(16.7120617656931,-5.17431357879059,10.9475437120024));
#4886=CARTESIAN_POINT('',(16.3570478079883,-5.11966281047825,10.9461930406695));
#4887=CARTESIAN_POINT('',(16.,-5.11966281047825,10.9461930406695));
#4888=CARTESIAN_POINT('',(15.6429521920118,-5.11966281047825,10.9461930406695));
#4889=CARTESIAN_POINT('',(15.2879382343069,-5.17431357879059,10.9475437120024));
#4890=CARTESIAN_POINT('',(14.6261522050033,-5.3829923906277,10.9567889498979));
#4891=CARTESIAN_POINT('',(14.3209559208677,-5.53031746215253,10.9640395561205));
#4892=CARTESIAN_POINT('',(13.7631978234995,-5.90675444844458,10.9984075337245));
#4893=CARTESIAN_POINT('',(13.5127826567382,-6.1348053183447,11.0249982079489));
#4894=CARTESIAN_POINT('',(13.1336059352989,-6.5941157382096,11.1207140317397));
#4895=CARTESIAN_POINT('',(12.992001603062,-6.81275558892679,11.17965492906));
#4896=CARTESIAN_POINT('',(12.7641252153648,-7.26207142811293,11.3599063134436));
#4897=CARTESIAN_POINT('',(12.6822679054713,-7.48408691646848,11.4787103886287));
#4898=CARTESIAN_POINT('',(12.5676903845232,-7.90134091260849,11.7974149289906));
#4899=CARTESIAN_POINT('',(12.5379293705714,-8.08241580501666,11.9867886551625));
#4900=CARTESIAN_POINT('',(12.5039389713002,-8.39244505869173,12.4193066530901));
#4901=CARTESIAN_POINT('',(12.5,-8.5170364676796,12.6548726693037));
#4902=CARTESIAN_POINT('',(12.5,-8.61966281047825,12.8988656361583));
#4903=CARTESIAN_POINT('',(12.5,-8.76303968981521,13.2397425417731));
#4904=CARTESIAN_POINT('',(12.5077666264348,-8.86721202854914,13.6057493430857));
#4905=CARTESIAN_POINT('',(12.5235749605718,-9.03377816409169,14.3258700031407));
#4906=CARTESIAN_POINT('',(12.5324669341562,-9.09979181589694,14.696383061783));
#4907=CARTESIAN_POINT('',(12.5426885090331,-9.16463735523101,15.0606386414296));
#4908=CARTESIAN_POINT('',(12.5426885090331,-9.16463735523101,15.0606386414296));
#4909=CARTESIAN_POINT('',(8.,-9.16463735523101,15.0606386414296));
#4910=CARTESIAN_POINT('',(17.5,-8.61966281047825,5.9369710945513));
#4911=CARTESIAN_POINT('',(17.5,-8.61966281047825,10.9369710945513));
#4912=CARTESIAN_POINT('',(12.,-21.0087502846389,10.9369710945513));
#4913=CARTESIAN_POINT('',(12.,-24.8098314052391,13.826614631628));
#4914=CARTESIAN_POINT('',(12.,-28.6109125258393,10.9369710945513));
#4915=CARTESIAN_POINT('',(12.,-21.0087502846389,10.9369710945513));
#4916=CARTESIAN_POINT('',(8.,-21.0087502846389,10.9369710945513));
#4917=CARTESIAN_POINT('',(8.,-28.6109125258393,10.9369710945513));
#4918=CARTESIAN_POINT('',(12.,-28.6109125258393,10.9369710945513));
#4919=CARTESIAN_POINT('',(24.,-31.,7.));
#4920=CARTESIAN_POINT('',(24.,-30.0237291583305,12.6849640429418));
#4921=CARTESIAN_POINT('',(24.,-24.2763894746804,12.1950584534897));
#4922=CARTESIAN_POINT('',(24.,-19.2776321181656,11.7689623283142));
#4923=CARTESIAN_POINT('',(24.,-18.588573572266,6.79962320348855));
#4924=CARTESIAN_POINT('',(8.,-31.,7.));
#4925=CARTESIAN_POINT('',(8.,-31.0171621149199,6.9000625625019));
#4926=CARTESIAN_POINT('',(8.,-31.0310892382122,6.79962320348856));
#4927=CARTESIAN_POINT('',(8.,-28.6109125258393,10.9369710945513));
#4928=CARTESIAN_POINT('',(8.,-30.5811220625394,9.43918583983587));
#4929=CARTESIAN_POINT('',(8.,-31.,7.));
#4930=CARTESIAN_POINT('',(12.,-28.6109125258393,10.9369710945513));
#4931=CARTESIAN_POINT('',(12.,-30.9316063988464,10.9369710945513));
#4932=CARTESIAN_POINT('',(8.,-21.0087502846389,10.9369710945513));
#4933=CARTESIAN_POINT('',(8.00000000000001,-18.6880564116319,10.9369710945513));
#4934=CARTESIAN_POINT('',(8.,-31.,7.));
#4935=CARTESIAN_POINT('',(24.,-31.,7.));
#4936=CARTESIAN_POINT('',(8.,-18.588573572266,6.79962320348861));
#4937=CARTESIAN_POINT('',(8.,-18.9446872399603,9.36783688038002));
#4938=CARTESIAN_POINT('',(8.00000000000001,-21.0087502846389,10.9369710945513));
#4939=CARTESIAN_POINT('',(8.,-17.5980507018483,5.9369710945513));
#4940=CARTESIAN_POINT('',(8.,-2.61966281047824,5.9369710945513));
#4941=CARTESIAN_POINT('',(24.,-18.588573572266,6.79962320348855));
#4942=CARTESIAN_POINT('',(8.,-18.588573572266,6.79962320348861));
#4943=CARTESIAN_POINT('',(24.,-17.5980507018483,5.9369710945513));
#4944=CARTESIAN_POINT('',(8.,-17.5980507018483,5.9369710945513));
#4945=CARTESIAN_POINT('',(24.,-18.588573572266,6.79962320348855));
#4946=CARTESIAN_POINT('',(24.,-18.5407267425069,6.45456235991365));
#4947=CARTESIAN_POINT('',(24.,-18.5168033276274,6.10618424757207));
#4948=CARTESIAN_POINT('',(24.,-18.2947753386643,5.9369710945513));
#4949=CARTESIAN_POINT('',(24.,-17.9464130202563,5.9369710945513));
#4950=CARTESIAN_POINT('',(24.,-17.5980507018483,5.9369710945513));
#4951=CARTESIAN_POINT('',(8.,-17.5980507018483,5.9369710945513));
#4952=CARTESIAN_POINT('',(8.,-17.9464130202563,5.93697109455131));
#4953=CARTESIAN_POINT('',(8.,-18.2947753386643,5.93697109455132));
#4954=CARTESIAN_POINT('',(8.,-18.5168033276274,6.10618424757211));
#4955=CARTESIAN_POINT('',(8.,-18.5407267425069,6.4545623599137));
#4956=CARTESIAN_POINT('',(8.,-18.588573572266,6.79962320348861));
#4957=CARTESIAN_POINT('',(24.,-31.0310892382122,6.79962320348857));
#4958=CARTESIAN_POINT('',(24.,-31.0171621149199,6.90006256250191));
#4959=CARTESIAN_POINT('',(24.,-31.,7.));
#4960=CARTESIAN_POINT('',(24.,-32.02161210863,5.9369710945513));
#4961=CARTESIAN_POINT('',(24.,-47.,5.9369710945513));
#4962=CARTESIAN_POINT('',(8.,-32.02161210863,5.9369710945513));
#4963=CARTESIAN_POINT('',(24.,-32.02161210863,5.9369710945513));
#4964=CARTESIAN_POINT('',(8.,-31.0310892382122,6.79962320348856));
#4965=CARTESIAN_POINT('',(24.,-31.0310892382122,6.79962320348857));
#4966=CARTESIAN_POINT('',(8.,-31.0310892382122,6.79962320348856));
#4967=CARTESIAN_POINT('',(8.,-31.0789360679713,6.45456235991366));
#4968=CARTESIAN_POINT('',(8.,-31.1028594828509,6.10618424757208));
#4969=CARTESIAN_POINT('',(8.,-31.3248874718139,5.9369710945513));
#4970=CARTESIAN_POINT('',(8.,-31.673249790222,5.9369710945513));
#4971=CARTESIAN_POINT('',(8.,-32.02161210863,5.9369710945513));
#4972=CARTESIAN_POINT('',(24.,-32.02161210863,5.9369710945513));
#4973=CARTESIAN_POINT('',(24.,-31.673249790222,5.93697109455131));
#4974=CARTESIAN_POINT('',(24.,-31.3248874718139,5.93697109455131));
#4975=CARTESIAN_POINT('',(24.,-31.1028594828509,6.10618424757207));
#4976=CARTESIAN_POINT('',(24.,-31.0789360679713,6.45456235991366));
#4977=CARTESIAN_POINT('',(24.,-31.0310892382122,6.79962320348857));
#4978=CARTESIAN_POINT('',(8.,-47.,10.9369710945513));
#4979=CARTESIAN_POINT('',(8.,-45.3776306020781,10.9369710945513));
#4980=CARTESIAN_POINT('',(8.,-47.,5.9369710945513));
#4981=CARTESIAN_POINT('',(8.,-32.02161210863,5.9369710945513));
#4982=CARTESIAN_POINT('',(8.,-48.,9.93697109455131));
#4983=CARTESIAN_POINT('',(8.,-48.,6.9369710945513));
#4984=CARTESIAN_POINT('',(24.,-48.,9.93697109455131));
#4985=CARTESIAN_POINT('',(24.,-48.,6.9369710945513));
#4986=CARTESIAN_POINT('',(24.,-48.,9.93697109455131));
#4987=CARTESIAN_POINT('',(8.,-48.,9.93697109455131));
#4988=CARTESIAN_POINT('',(24.,-48.,6.9369710945513));
#4989=CARTESIAN_POINT('',(8.,-48.,6.9369710945513));
#4990=CARTESIAN_POINT('',(24.,-47.,5.9369710945513));
#4991=CARTESIAN_POINT('',(8.,-47.,5.9369710945513));
#4992=CARTESIAN_POINT('',(24.,-47.,10.9369710945513));
#4993=CARTESIAN_POINT('',(8.,-47.,10.9369710945513));
#4994=CARTESIAN_POINT('',(8.,-48.,9.93697109455131));
#4995=CARTESIAN_POINT('',(8.,-48.,10.3369710945513));
#4996=CARTESIAN_POINT('',(8.,-48.,10.7369710945513));
#4997=CARTESIAN_POINT('',(8.,-47.8,10.9369710945513));
#4998=CARTESIAN_POINT('',(8.,-47.4,10.9369710945513));
#4999=CARTESIAN_POINT('',(8.,-47.,10.9369710945513));
#5000=CARTESIAN_POINT('',(24.,-47.,10.9369710945513));
#5001=CARTESIAN_POINT('',(24.,-47.4,10.9369710945513));
#5002=CARTESIAN_POINT('',(24.,-47.8,10.9369710945513));
#5003=CARTESIAN_POINT('',(24.,-48.,10.7369710945513));
#5004=CARTESIAN_POINT('',(24.,-48.,10.3369710945513));
#5005=CARTESIAN_POINT('',(24.,-48.,9.93697109455131));
#5006=CARTESIAN_POINT('',(8.,-47.,5.9369710945513));
#5007=CARTESIAN_POINT('',(8.,-47.4,5.9369710945513));
#5008=CARTESIAN_POINT('',(8.,-47.8,5.9369710945513));
#5009=CARTESIAN_POINT('',(8.,-48.,6.1369710945513));
#5010=CARTESIAN_POINT('',(8.,-48.,6.5369710945513));
#5011=CARTESIAN_POINT('',(8.,-48.,6.9369710945513));
#5012=CARTESIAN_POINT('',(24.,-48.,6.9369710945513));
#5013=CARTESIAN_POINT('',(24.,-48.,6.5369710945513));
#5014=CARTESIAN_POINT('',(24.,-48.,6.1369710945513));
#5015=CARTESIAN_POINT('',(24.,-47.8,5.9369710945513));
#5016=CARTESIAN_POINT('',(24.,-47.4,5.9369710945513));
#5017=CARTESIAN_POINT('',(24.,-47.,5.9369710945513));
#5018=CARTESIAN_POINT('',(8.,-1.61966281047825,9.9369710945513));
#5019=CARTESIAN_POINT('',(8.,-1.61966281047825,6.93697109455131));
#5020=CARTESIAN_POINT('',(24.,-1.61966281047825,9.9369710945513));
#5021=CARTESIAN_POINT('',(24.,-1.61966281047825,6.9369710945513));
#5022=CARTESIAN_POINT('',(24.,-2.61966281047825,10.9369710945513));
#5023=CARTESIAN_POINT('',(24.,-4.24203220840015,10.9369710945513));
#5024=CARTESIAN_POINT('',(24.,-2.61966281047825,5.9369710945513));
#5025=CARTESIAN_POINT('',(24.,-17.5980507018483,5.9369710945513));
#5026=CARTESIAN_POINT('',(8.,-1.61966281047825,9.9369710945513));
#5027=CARTESIAN_POINT('',(24.,-1.61966281047825,9.9369710945513));
#5028=CARTESIAN_POINT('',(8.,-1.61966281047825,6.93697109455131));
#5029=CARTESIAN_POINT('',(24.,-1.61966281047825,6.9369710945513));
#5030=CARTESIAN_POINT('',(8.,-2.61966281047825,10.9369710945513));
#5031=CARTESIAN_POINT('',(24.,-2.61966281047825,10.9369710945513));
#5032=CARTESIAN_POINT('',(8.,-2.61966281047824,5.9369710945513));
#5033=CARTESIAN_POINT('',(24.,-2.61966281047825,5.9369710945513));
#5034=CARTESIAN_POINT('',(8.,-2.61966281047825,10.9369710945513));
#5035=CARTESIAN_POINT('',(8.,-2.21966281047825,10.9369710945513));
#5036=CARTESIAN_POINT('',(8.,-1.81966281047825,10.9369710945513));
#5037=CARTESIAN_POINT('',(8.,-1.61966281047825,10.7369710945513));
#5038=CARTESIAN_POINT('',(8.,-1.61966281047825,10.3369710945513));
#5039=CARTESIAN_POINT('',(8.,-1.61966281047825,9.9369710945513));
#5040=CARTESIAN_POINT('',(24.,-1.61966281047825,9.9369710945513));
#5041=CARTESIAN_POINT('',(24.,-1.61966281047825,10.3369710945513));
#5042=CARTESIAN_POINT('',(24.,-1.61966281047825,10.7369710945513));
#5043=CARTESIAN_POINT('',(24.,-1.81966281047825,10.9369710945513));
#5044=CARTESIAN_POINT('',(24.,-2.21966281047825,10.9369710945513));
#5045=CARTESIAN_POINT('',(24.,-2.61966281047825,10.9369710945513));
#5046=CARTESIAN_POINT('',(8.,-1.61966281047825,6.93697109455131));
#5047=CARTESIAN_POINT('',(8.,-1.61966281047825,6.53697109455131));
#5048=CARTESIAN_POINT('',(8.,-1.61966281047824,6.13697109455131));
#5049=CARTESIAN_POINT('',(8.,-1.81966281047824,5.9369710945513));
#5050=CARTESIAN_POINT('',(8.,-2.21966281047824,5.9369710945513));
#5051=CARTESIAN_POINT('',(8.,-2.61966281047824,5.9369710945513));
#5052=CARTESIAN_POINT('',(24.,-2.61966281047825,5.9369710945513));
#5053=CARTESIAN_POINT('',(24.,-2.21966281047825,5.9369710945513));
#5054=CARTESIAN_POINT('',(24.,-1.81966281047825,5.9369710945513));
#5055=CARTESIAN_POINT('',(24.,-1.61966281047825,6.1369710945513));
#5056=CARTESIAN_POINT('',(24.,-1.61966281047825,6.5369710945513));
#5057=CARTESIAN_POINT('',(24.,-1.61966281047825,6.9369710945513));
#5058=CARTESIAN_POINT('',(12.,-23.3098314052391,16.3820833527029));
#5059=CARTESIAN_POINT('',(12.,-23.3098314052391,17.8820833527029));
#5060=CARTESIAN_POINT('',(12.,-24.8098314052391,17.8820833527029));
#5061=CARTESIAN_POINT('',(12.,-26.3098314052391,17.8820833527029));
#5062=CARTESIAN_POINT('',(12.,-26.3098314052391,16.3820833527029));
#5063=CARTESIAN_POINT('',(12.,-26.3098314052391,14.8820833527029));
#5064=CARTESIAN_POINT('',(12.,-24.8098314052391,14.8820833527029));
#5065=CARTESIAN_POINT('',(12.,-23.3098314052391,14.8820833527029));
#5066=CARTESIAN_POINT('',(12.,-23.3098314052391,16.3820833527029));
#5067=CARTESIAN_POINT('',(24.,-23.3098314052391,16.3820833527029));
#5068=CARTESIAN_POINT('',(24.,-23.3098314052391,14.8820833527029));
#5069=CARTESIAN_POINT('',(24.,-24.8098314052391,14.8820833527029));
#5070=CARTESIAN_POINT('',(24.,-26.3098314052391,14.8820833527029));
#5071=CARTESIAN_POINT('',(24.,-26.3098314052391,16.3820833527029));
#5072=CARTESIAN_POINT('',(24.,-26.3098314052391,17.8820833527029));
#5073=CARTESIAN_POINT('',(24.,-24.8098314052391,17.8820833527029));
#5074=CARTESIAN_POINT('',(24.,-23.3098314052391,17.8820833527029));
#5075=CARTESIAN_POINT('',(24.,-23.3098314052391,16.3820833527029));
#5076=CARTESIAN_POINT('',(12.,-23.3098314052391,16.3820833527029));
#5077=CARTESIAN_POINT('',(24.,-23.3098314052391,16.3820833527029));
#5078=CARTESIAN_POINT('',(0.,0.,0.));
ENDSEC;
END-ISO-10303-21;
