  0
SECTION
  2
HEADER
  9
$ACADVER
  1
AC1009
  9
$DWGCODEPAGE
  3
ansi_1252
  9
$INSBASE
 10
0.0
 20
0.0
 30
0.0
  9
$EXTMIN
 10
-848.0000000000001
 20
-229.6624955354805
 30
5.936971094551297
  9
$EXTMAX
 10
-427.2275736938033
 20
168.2144976104314
 30
40.46848554684212
  9
$LIMMIN
 10
0.0
 20
0.0
  9
$LIMMAX
 10
12.0
 20
9.0
  9
$ORTHOMODE
 70
     0
  9
$REGENMODE
 70
     1
  9
$FILLMODE
 70
     1
  9
$QTEXTMODE
 70
     0
  9
$MIRRTEXT
 70
     1
  9
$DRAGMODE
 70
     2
  9
$LTSCALE
 40
1.0
  9
$OSMODE
 70
    37
  9
$ATTMODE
 70
     1
  9
$TEXTSIZE
 40
0.2
  9
$TRACEWID
 40
0.05
  9
$TEXTSTYLE
  7
STANDARD
  9
$CLAYER
  8
DEFAULT
  9
$CELTYPE
  6
BYLAYER
  9
$CECOLOR
 62
   256
  9
$DIMSCALE
 40
1.0
  9
$DIMASZ
 40
0.18
  9
$DIMEXO
 40
0.0625
  9
$DIMDLI
 40
0.38
  9
$DIMRND
 40
0.0
  9
$DIMDLE
 40
0.0
  9
$DIMEXE
 40
0.18
  9
$DIMTP
 40
0.0
  9
$DIMTM
 40
0.0
  9
$DIMTXT
 40
0.18
  9
$DIMCEN
 40
0.09
  9
$DIMTSZ
 40
0.0
  9
$DIMTOL
 70
     0
  9
$DIMLIM
 70
     0
  9
$DIMTIH
 70
     1
  9
$DIMTOH
 70
     1
  9
$DIMSE1
 70
     0
  9
$DIMSE2
 70
     0
  9
$DIMTAD
 70
     0
  9
$DIMZIN
 70
     0
  9
$DIMBLK
  1

  9
$DIMASO
 70
     1
  9
$DIMSHO
 70
     1
  9
$DIMPOST
  1

  9
$DIMAPOST
  1

  9
$DIMALT
 70
     0
  9
$DIMALTD
 70
     2
  9
$DIMALTF
 40
25.4
  9
$DIMLFAC
 40
1.0
  9
$DIMTOFL
 70
     0
  9
$DIMTVP
 40
0.0
  9
$DIMTIX
 70
     0
  9
$DIMSOXD
 70
     0
  9
$DIMSAH
 70
     0
  9
$DIMBLK1
  1

  9
$DIMBLK2
  1

  9
$DIMSTYLE
  2
STANDARD_ACAD
  9
$DIMCLRD
 70
     0
  9
$DIMCLRE
 70
     0
  9
$DIMCLRT
 70
     0
  9
$DIMTFAC
 40
1.0
  9
$DIMGAP
 40
0.09
  9
$LUNITS
 70
     2
  9
$LUPREC
 70
     3
  9
$SKETCHINC
 40
0.1
  9
$FILLETRAD
 40
0.0
  9
$AUNITS
 70
     0
  9
$AUPREC
 70
     0
  9
$MENU
  1
.
  9
$ELEVATION
 40
0.0
  9
$PELEVATION
 40
0.0
  9
$THICKNESS
 40
0.0
  9
$LIMCHECK
 70
     0
  9
$CHAMFERA
 40
0.0
  9
$CHAMFERB
 40
0.0
  9
$SKPOLY
 70
     0
  9
$TDCREATE
 40
2461140.793872488
  9
$TDUPDATE
 40
2461140.793898033
  9
$TDINDWG
 40
0.0000000116
  9
$TDUSRTIMER
 40
0.0000000116
  9
$USRTIMER
 70
     1
  9
$ANGBASE
 50
0.0
  9
$ANGDIR
 70
     0
  9
$PDMODE
 70
     0
  9
$PDSIZE
 40
0.0
  9
$PLINEWID
 40
0.0
  9
$COORDS
 70
     1
  9
$SPLFRAME
 70
     0
  9
$SPLINETYPE
 70
     6
  9
$SPLINESEGS
 70
     8
  9
$ATTDIA
 70
     0
  9
$ATTREQ
 70
     1
  9
$HANDLING
 70
     1
  9
$HANDSEED
  5
174D
  9
$SURFTAB1
 70
     6
  9
$SURFTAB2
 70
     6
  9
$SURFTYPE
 70
     6
  9
$SURFU
 70
     6
  9
$SURFV
 70
     6
  9
$UCSNAME
  2

  9
$UCSORG
 10
0.0
 20
0.0
 30
0.0
  9
$UCSXDIR
 10
1.0
 20
0.0
 30
0.0
  9
$UCSYDIR
 10
0.0
 20
1.0
 30
0.0
  9
$PUCSNAME
  2

  9
$PUCSORG
 10
0.0
 20
0.0
 30
0.0
  9
$PUCSXDIR
 10
1.0
 20
0.0
 30
0.0
  9
$PUCSYDIR
 10
0.0
 20
1.0
 30
0.0
  9
$USERI1
 70
     0
  9
$USERI2
 70
     0
  9
$USERI3
 70
     0
  9
$USERI4
 70
     0
  9
$USERI5
 70
     0
  9
$USERR1
 40
0.0
  9
$USERR2
 40
0.0
  9
$USERR3
 40
0.0
  9
$USERR4
 40
0.0
  9
$USERR5
 40
0.0
  9
$WORLDVIEW
 70
     1
  9
$SHADEDGE
 70
     3
  9
$SHADEDIF
 70
    70
  9
$TILEMODE
 70
     1
  9
$MAXACTVP
 70
    64
  9
$PLIMCHECK
 70
     0
  9
$PEXTMIN
 10
1.000000000000000E+20
 20
1.000000000000000E+20
 30
1.000000000000000E+20
  9
$PEXTMAX
 10
-1.000000000000000E+20
 20
-1.000000000000000E+20
 30
-1.000000000000000E+20
  9
$PLIMMIN
 10
0.0
 20
0.0
  9
$PLIMMAX
 10
12.0
 20
9.0
  9
$UNITMODE
 70
     0
  9
$VISRETAIN
 70
     1
  9
$PLINEGEN
 70
     0
  9
$PSLTSCALE
 70
     1
  0
ENDSEC
  0
SECTION
  2
TABLES
  0
TABLE
  2
VPORT
 70
     1
  0
VPORT
  2
*ACTIVE
 70
     0
 10
0.0
 20
0.0
 11
1.0
 21
1.0
 12
10.42990654205607
 22
4.5
 13
0.0
 23
0.0
 14
0.5
 24
0.5
 15
0.5
 25
0.5
 16
0.0
 26
0.0
 36
1.0
 17
0.0
 27
0.0
 37
0.0
 40
9.0
 41
1.972972972850329
 42
50.0
 43
0.0
 44
0.0
 50
0.0
 51
0.0
 71
     0
 72
   100
 73
     1
 74
     3
 75
     0
 76
     0
 77
     0
 78
     0
  0
ENDTAB
  0
TABLE
  2
LTYPE
 70
     1
  0
LTYPE
  2
CONTINUOUS
 70
     0
  3
Solid line
 72
    65
 73
     0
 40
0.0
  0
ENDTAB
  0
TABLE
  2
LAYER
 70
     2
  0
LAYER
  2
0
 70
     0
 62
     7
  6
CONTINUOUS
  0
LAYER
  2
DEFAULT
 70
     0
 62
     7
  6
CONTINUOUS
  0
ENDTAB
  0
TABLE
  2
STYLE
 70
     1
  0
STYLE
  2
STANDARD
 70
     0
 40
0.0
 41
1.0
 50
0.0
 71
     0
 42
0.2
  3
txt
  4

  0
ENDTAB
  0
TABLE
  2
VIEW
 70
     0
  0
ENDTAB
  0
TABLE
  2
UCS
 70
     0
  0
ENDTAB
  0
TABLE
  2
APPID
 70
     2
  0
APPID
  2
ACAD
 70
     0
  0
APPID
  2
RHINO
 70
     0
  0
ENDTAB
  0
TABLE
  2
DIMSTYLE
 70
     1
  0
DIMSTYLE
  2
STANDARD_ACAD
 70
     0
  3

  4

  5

  6

  7

 40
1.0
 41
0.18
 42
0.0625
 43
0.38
 44
0.18
 45
0.0
 46
0.0
 47
0.0
 48
0.0
140
0.18
141
0.09
142
0.0
143
25.4
144
1.0
145
0.0
146
1.0
147
0.09
 71
     0
 72
     0
 73
     1
 74
     1
 75
     0
 76
     0
 77
     0
 78
     0
170
     0
171
     2
172
     0
173
     0
174
     0
175
     0
176
     0
177
     0
178
     0
  0
ENDTAB
  0
ENDSEC
  0
SECTION
  2
BLOCKS
  0
BLOCK
  8
0
  2
$MODEL_SPACE
 70
     0
 10
0.0
 20
0.0
 30
0.0
  3
$MODEL_SPACE
  1

  0
ENDBLK
  5
21
  8
0
  0
BLOCK
 67
     1
  8
0
  2
$PAPER_SPACE
 70
     0
 10
0.0
 20
0.0
 30
0.0
  3
$PAPER_SPACE
  1

  0
ENDBLK
  5
1D
 67
     1
  8
0
  0
ENDSEC
  0
SECTION
  2
ENTITIES
  0
POLYLINE
  5
60
  8
DEFAULT
 66
     1
 10
0.0
 20
0.0
 30
5.936971094551297
 70
     1
  0
VERTEX
  5
61
  8
DEFAULT
 10
-638.5315144531601
 20
152.5159555473203
 30
5.936971094551297
  0
VERTEX
  5
62
  8
DEFAULT
 10
-638.5315144531601
 20
106.0000000000004
 30
5.936971094551297
  0
VERTEX
  5
63
  8
DEFAULT
 10
-638.5300953857773
 20
105.6264190673832
 30
5.936971094551297
  0
VERTEX
  5
64
  8
DEFAULT
 10
-638.5205281250351
 20
105.2609863281253
 30
5.936971094551297
  0
VERTEX
  5
65
  8
DEFAULT
 10
-638.5104144089096
 20
105.0836000442508
 30
5.936971094551297
  0
VERTEX
  5
66
  8
DEFAULT
 10
-638.4956715576523
 20
104.9108428955082
 30
5.936971094551297
  0
VERTEX
  5
67
  8
DEFAULT
 10
-638.4863362185829
 20
104.8264282345775
 30
5.936971094551297
  0
VERTEX
  5
68
  8
DEFAULT
 10
-638.4755785934799
 20
104.7434358596805
 30
5.936971094551297
  0
VERTEX
  5
69
  8
DEFAULT
 10
-638.4633192889564
 20
104.661945164204
 30
5.936971094551297
  0
VERTEX
  5
6A
  8
DEFAULT
 10
-638.4494832031601
 20
104.5820312500004
 30
5.936971094551297
  0
VERTEX
  5
6B
  8
DEFAULT
 10
-638.4339995257728
 20
104.5037649273876
 30
5.936971094551297
  0
VERTEX
  5
6C
  8
DEFAULT
 10
-638.4168017380111
 20
104.4272127151493
 30
5.936971094551297
  0
VERTEX
  5
6D
  8
DEFAULT
 10
-638.3978276126259
 20
104.3524368405346
 30
5.936971094551297
  0
VERTEX
  5
6E
  8
DEFAULT
 10
-638.3770192139023
 20
104.2794952392582
 30
5.936971094551297
  0
VERTEX
  5
6F
  8
DEFAULT
 10
-638.35432289766
 20
104.2084415555004
 30
5.936971094551297
  0
VERTEX
  5
70
  8
DEFAULT
 10
-638.3296893112533
 20
104.1393251419071
 30
5.936971094551297
  0
VERTEX
  5
71
  8
DEFAULT
 10
-638.3166317925029
 20
104.1055076606575
 30
5.936971094551297
  0
VERTEX
  5
72
  8
DEFAULT
 10
-638.3030733935707
 20
104.0721910595897
 30
5.936971094551297
  0
VERTEX
  5
73
  8
DEFAULT
 10
-638.28900915237
 20
104.0393803007904
 30
5.936971094551297
  0
VERTEX
  5
74
  8
DEFAULT
 10
-638.2744343750351
 20
104.0070800781253
 30
5.936971094551297
  0
VERTEX
  5
75
  8
DEFAULT
 10
-638.259344635921
 20
103.9752948172394
 30
5.936971094551297
  0
VERTEX
  5
76
  8
DEFAULT
 10
-638.2437357776039
 20
103.9440286755565
 30
5.936971094551297
  0
VERTEX
  5
77
  8
DEFAULT
 10
-638.2276039108806
 20
103.9132855422798
 30
5.936971094551297
  0
VERTEX
  5
78
  8
DEFAULT
 10
-638.210945414769
 20
103.8830690383915
 30
5.936971094551297
  0
VERTEX
  5
79
  8
DEFAULT
 10
-638.1937569365077
 20
103.8533825166527
 30
5.936971094551297
  0
VERTEX
  5
7A
  8
DEFAULT
 10
-638.1760353915565
 20
103.8242290616039
 30
5.936971094551297
  0
VERTEX
  5
7B
  8
DEFAULT
 10
-638.1577779635959
 20
103.7956114895645
 30
5.936971094551297
  0
VERTEX
  5
7C
  8
DEFAULT
 10
-638.1389821045273
 20
103.7675323486332
 30
5.936971094551297
  0
VERTEX
  5
7D
  8
DEFAULT
 10
-638.119645534473
 20
103.7399939186874
 30
5.936971094551297
  0
VERTEX
  5
7E
  8
DEFAULT
 10
-638.0997662417763
 20
103.7129982113842
 30
5.936971094551297
  0
VERTEX
  5
7F
  8
DEFAULT
 10
-638.0793424830013
 20
103.6865469701592
 30
5.936971094551297
  0
VERTEX
  5
80
  8
DEFAULT
 10
-638.058372782933
 20
103.6606416702274
 30
5.936971094551297
  0
VERTEX
  5
81
  8
DEFAULT
 10
-638.0368559345775
 20
103.6352835185829
 30
5.936971094551297
  0
VERTEX
  5
82
  8
DEFAULT
 10
-638.0147909991615
 20
103.6104734539989
 30
5.936971094551297
  0
VERTEX
  5
83
  8
DEFAULT
 10
-637.9921773061328
 20
103.5862121470276
 30
5.936971094551297
  0
VERTEX
  5
84
  8
DEFAULT
 10
-637.9690144531601
 20
103.5625000000003
 30
5.936971094551297
  0
VERTEX
  5
85
  8
DEFAULT
 10
-637.9453023061328
 20
103.5393371470276
 30
5.936971094551297
  0
VERTEX
  5
86
  8
DEFAULT
 10
-637.9210409991615
 20
103.5167234539989
 30
5.936971094551297
  0
VERTEX
  5
87
  8
DEFAULT
 10
-637.8962309345775
 20
103.4946585185829
 30
5.936971094551297
  0
VERTEX
  5
88
  8
DEFAULT
 10
-637.870872782933
 20
103.4731416702274
 30
5.936971094551297
  0
VERTEX
  5
89
  8
DEFAULT
 10
-637.8449674830013
 20
103.4521719701592
 30
5.936971094551297
  0
VERTEX
  5
8A
  8
DEFAULT
 10
-637.8185162417763
 20
103.4317482113842
 30
5.936971094551297
  0
VERTEX
  5
8B
  8
DEFAULT
 10
-637.791520534473
 20
103.4118689186874
 30
5.936971094551297
  0
VERTEX
  5
8C
  8
DEFAULT
 10
-637.7639821045273
 20
103.3925323486332
 30
5.936971094551297
  0
VERTEX
  5
8D
  8
DEFAULT
 10
-637.7359029635959
 20
103.3737364895645
 30
5.936971094551297
  0
VERTEX
  5
8E
  8
DEFAULT
 10
-637.7072853915565
 20
103.3554790616039
 30
5.936971094551297
  0
VERTEX
  5
8F
  8
DEFAULT
 10
-637.6781319365077
 20
103.3377575166527
 30
5.936971094551297
  0
VERTEX
  5
90
  8
DEFAULT
 10
-637.648445414769
 20
103.3205690383915
 30
5.936971094551297
  0
VERTEX
  5
91
  8
DEFAULT
 10
-637.6182289108806
 20
103.3039105422798
 30
5.936971094551297
  0
VERTEX
  5
92
  8
DEFAULT
 10
-637.5874857776039
 20
103.2877786755565
 30
5.936971094551297
  0
VERTEX
  5
93
  8
DEFAULT
 10
-637.556219635921
 20
103.2721698172394
 30
5.936971094551297
  0
VERTEX
  5
94
  8
DEFAULT
 10
-637.524434375035
 20
103.2570800781253
 30
5.936971094551297
  0
VERTEX
  5
95
  8
DEFAULT
 10
-637.4921341523698
 20
103.2425053007904
 30
5.936971094551297
  0
VERTEX
  5
96
  8
DEFAULT
 10
-637.4593233935705
 20
103.2284410595897
 30
5.936971094551297
  0
VERTEX
  5
97
  8
DEFAULT
 10
-637.4260067925027
 20
103.2148826606575
 30
5.936971094551297
  0
VERTEX
  5
98
  8
DEFAULT
 10
-637.3921893112531
 20
103.2018251419071
 30
5.936971094551297
  0
VERTEX
  5
99
  8
DEFAULT
 10
-637.3230728976598
 20
103.1771915555004
 30
5.936971094551297
  0
VERTEX
  5
9A
  8
DEFAULT
 10
-637.252019213902
 20
103.1544952392582
 30
5.936971094551297
  0
VERTEX
  5
9B
  8
DEFAULT
 10
-637.1790776126256
 20
103.1336868405346
 30
5.936971094551297
  0
VERTEX
  5
9C
  8
DEFAULT
 10
-637.1043017380109
 20
103.1147127151493
 30
5.936971094551297
  0
VERTEX
  5
9D
  8
DEFAULT
 10
-637.0277495257726
 20
103.0975149273876
 30
5.936971094551297
  0
VERTEX
  5
9E
  8
DEFAULT
 10
-636.9494832031598
 20
103.0820312500003
 30
5.936971094551297
  0
VERTEX
  5
9F
  8
DEFAULT
 10
-636.8695692889562
 20
103.068195164204
 30
5.936971094551297
  0
VERTEX
  5
A0
  8
DEFAULT
 10
-636.7880785934798
 20
103.0559358596805
 30
5.936971094551297
  0
VERTEX
  5
A1
  8
DEFAULT
 10
-636.7050862185829
 20
103.0451782345775
 30
5.936971094551297
  0
VERTEX
  5
A2
  8
DEFAULT
 10
-636.6206715576521
 20
103.0358428955082
 30
5.936971094551297
  0
VERTEX
  5
A3
  8
DEFAULT
 10
-636.4479144089096
 20
103.0211000442508
 30
5.936971094551297
  0
VERTEX
  5
A4
  8
DEFAULT
 10
-636.2705281250351
 20
103.0109863281253
 30
5.936971094551297
  0
VERTEX
  5
A5
  8
DEFAULT
 10
-635.9050953857773
 20
103.0014190673832
 30
5.936971094551297
  0
VERTEX
  5
A6
  8
DEFAULT
 10
-635.5315144531601
 20
103.0000000000003
 30
5.936971094551297
  0
VERTEX
  5
A7
  8
DEFAULT
 10
-635.1579335205429
 20
103.0014190673832
 30
5.936971094551297
  0
VERTEX
  5
A8
  8
DEFAULT
 10
-634.7925007812851
 20
103.0109863281253
 30
5.936971094551297
  0
VERTEX
  5
A9
  8
DEFAULT
 10
-634.6151144974106
 20
103.0211000442508
 30
5.936971094551297
  0
VERTEX
  5
AA
  8
DEFAULT
 10
-634.442357348668
 20
103.0358428955082
 30
5.936971094551297
  0
VERTEX
  5
AB
  8
DEFAULT
 10
-634.3579426877372
 20
103.0451782345775
 30
5.936971094551297
  0
VERTEX
  5
AC
  8
DEFAULT
 10
-634.2749503128404
 20
103.0559358596805
 30
5.936971094551297
  0
VERTEX
  5
AD
  8
DEFAULT
 10
-634.1934596173639
 20
103.068195164204
 30
5.936971094551297
  0
VERTEX
  5
AE
  8
DEFAULT
 10
-634.1135457031603
 20
103.0820312500004
 30
5.936971094551297
  0
VERTEX
  5
AF
  8
DEFAULT
 10
-634.0352793805475
 20
103.0975149273876
 30
5.936971094551297
  0
VERTEX
  5
B0
  8
DEFAULT
 10
-633.9587271683092
 20
103.1147127151493
 30
5.936971094551297
  0
VERTEX
  5
B1
  8
DEFAULT
 10
-633.8839512936945
 20
103.1336868405346
 30
5.936971094551297
  0
VERTEX
  5
B2
  8
DEFAULT
 10
-633.8110096924181
 20
103.1544952392582
 30
5.936971094551297
  0
VERTEX
  5
B3
  8
DEFAULT
 10
-633.7399560086603
 20
103.1771915555004
 30
5.936971094551297
  0
VERTEX
  5
B4
  8
DEFAULT
 10
-633.670839595067
 20
103.2018251419071
 30
5.936971094551297
  0
VERTEX
  5
B5
  8
DEFAULT
 10
-633.6370221138175
 20
103.2148826606575
 30
5.936971094551297
  0
VERTEX
  5
B6
  8
DEFAULT
 10
-633.6037055127497
 20
103.2284410595897
 30
5.936971094551297
  0
VERTEX
  5
B7
  8
DEFAULT
 10
-633.5708947539504
 20
103.2425053007904
 30
5.936971094551297
  0
VERTEX
  5
B8
  8
DEFAULT
 10
-633.5385945312852
 20
103.2570800781253
 30
5.936971094551297
  0
VERTEX
  5
B9
  8
DEFAULT
 10
-633.5068092703991
 20
103.2721698172394
 30
5.936971094551297
  0
VERTEX
  5
BA
  8
DEFAULT
 10
-633.4755431287163
 20
103.2877786755565
 30
5.936971094551297
  0
VERTEX
  5
BB
  8
DEFAULT
 10
-633.4447999954396
 20
103.3039105422798
 30
5.936971094551297
  0
VERTEX
  5
BC
  8
DEFAULT
 10
-633.4145834915512
 20
103.3205690383915
 30
5.936971094551297
  0
VERTEX
  5
BD
  8
DEFAULT
 10
-633.3848969698124
 20
103.3377575166527
 30
5.936971094551297
  0
VERTEX
  5
BE
  8
DEFAULT
 10
-633.3557435147636
 20
103.3554790616039
 30
5.936971094551297
  0
VERTEX
  5
BF
  8
DEFAULT
 10
-633.3271259427243
 20
103.3737364895645
 30
5.936971094551297
  0
VERTEX
  5
C0
  8
DEFAULT
 10
-633.2990468017929
 20
103.3925323486332
 30
5.936971094551297
  0
VERTEX
  5
C1
  8
DEFAULT
 10
-633.2715083718472
 20
103.4118689186874
 30
5.936971094551297
  0
VERTEX
  5
C2
  8
DEFAULT
 10
-633.2445126645439
 20
103.4317482113841
 30
5.936971094551297
  0
VERTEX
  5
C3
  8
DEFAULT
 10
-633.2180614233189
 20
103.4521719701591
 30
5.936971094551297
  0
VERTEX
  5
C4
  8
DEFAULT
 10
-633.1921561233871
 20
103.4731416702274
 30
5.936971094551297
  0
VERTEX
  5
C5
  8
DEFAULT
 10
-633.1667979717427
 20
103.4946585185829
 30
5.936971094551297
  0
VERTEX
  5
C6
  8
DEFAULT
 10
-633.1419879071586
 20
103.5167234539989
 30
5.936971094551297
  0
VERTEX
  5
C7
  8
DEFAULT
 10
-633.1177266001873
 20
103.5393371470276
 30
5.936971094551297
  0
VERTEX
  5
C8
  8
DEFAULT
 10
-633.0940144531601
 20
103.5625000000003
 30
5.936971094551297
  0
VERTEX
  5
C9
  8
DEFAULT
 10
-633.0708516001873
 20
103.5862121470276
 30
5.936971094551297
  0
VERTEX
  5
CA
  8
DEFAULT
 10
-633.0482379071586
 20
103.6104734539989
 30
5.936971094551297
  0
VERTEX
  5
CB
  8
DEFAULT
 10
-633.0261729717427
 20
103.6352835185829
 30
5.936971094551297
  0
VERTEX
  5
CC
  8
DEFAULT
 10
-633.0046561233871
 20
103.6606416702274
 30
5.936971094551297
  0
VERTEX
  5
CD
  8
DEFAULT
 10
-632.9836864233189
 20
103.6865469701591
 30
5.936971094551297
  0
VERTEX
  5
CE
  8
DEFAULT
 10
-632.9632626645439
 20
103.7129982113841
 30
5.936971094551297
  0
VERTEX
  5
CF
  8
DEFAULT
 10
-632.9433833718472
 20
103.7399939186874
 30
5.936971094551297
  0
VERTEX
  5
D0
  8
DEFAULT
 10
-632.9240468017929
 20
103.7675323486331
 30
5.936971094551297
  0
VERTEX
  5
D1
  8
DEFAULT
 10
-632.9052509427243
 20
103.7956114895645
 30
5.936971094551297
  0
VERTEX
  5
D2
  8
DEFAULT
 10
-632.8869935147636
 20
103.8242290616039
 30
5.936971094551297
  0
VERTEX
  5
D3
  8
DEFAULT
 10
-632.8692719698124
 20
103.8533825166527
 30
5.936971094551297
  0
VERTEX
  5
D4
  8
DEFAULT
 10
-632.8520834915512
 20
103.8830690383914
 30
5.936971094551297
  0
VERTEX
  5
D5
  8
DEFAULT
 10
-632.8354249954396
 20
103.9132855422798
 30
5.936971094551297
  0
VERTEX
  5
D6
  8
DEFAULT
 10
-632.8192931287163
 20
103.9440286755565
 30
5.936971094551297
  0
VERTEX
  5
D7
  8
DEFAULT
 10
-632.8036842703991
 20
103.9752948172394
 30
5.936971094551297
  0
VERTEX
  5
D8
  8
DEFAULT
 10
-632.7885945312851
 20
104.0070800781253
 30
5.936971094551297
  0
VERTEX
  5
D9
  8
DEFAULT
 10
-632.7740197539501
 20
104.0393803007904
 30
5.936971094551297
  0
VERTEX
  5
DA
  8
DEFAULT
 10
-632.7599555127495
 20
104.0721910595897
 30
5.936971094551297
  0
VERTEX
  5
DB
  8
DEFAULT
 10
-632.7463971138172
 20
104.1055076606575
 30
5.936971094551297
  0
VERTEX
  5
DC
  8
DEFAULT
 10
-632.7333395950668
 20
104.139325141907
 30
5.936971094551297
  0
VERTEX
  5
DD
  8
DEFAULT
 10
-632.7087060086601
 20
104.2084415555003
 30
5.936971094551297
  0
VERTEX
  5
DE
  8
DEFAULT
 10
-632.6860096924179
 20
104.2794952392581
 30
5.936971094551297
  0
VERTEX
  5
DF
  8
DEFAULT
 10
-632.6652012936943
 20
104.3524368405345
 30
5.936971094551297
  0
VERTEX
  5
E0
  8
DEFAULT
 10
-632.646227168309
 20
104.4272127151492
 30
5.936971094551297
  0
VERTEX
  5
E1
  8
DEFAULT
 10
-632.6290293805473
 20
104.5037649273875
 30
5.936971094551297
  0
VERTEX
  5
E2
  8
DEFAULT
 10
-632.6135457031601
 20
104.5820312500003
 30
5.936971094551297
  0
VERTEX
  5
E3
  8
DEFAULT
 10
-632.5997096173637
 20
104.6619451642039
 30
5.936971094551297
  0
VERTEX
  5
E4
  8
DEFAULT
 10
-632.5874503128402
 20
104.7434358596805
 30
5.936971094551297
  0
VERTEX
  5
E5
  8
DEFAULT
 10
-632.5766926877372
 20
104.8264282345775
 30
5.936971094551297
  0
VERTEX
  5
E6
  8
DEFAULT
 10
-632.5673573486679
 20
104.9108428955081
 30
5.936971094551297
  0
VERTEX
  5
E7
  8
DEFAULT
 10
-632.5526144974106
 20
105.0836000442508
 30
5.936971094551297
  0
VERTEX
  5
E8
  8
DEFAULT
 10
-632.5425007812851
 20
105.2609863281253
 30
5.936971094551297
  0
VERTEX
  5
E9
  8
DEFAULT
 10
-632.5329335205429
 20
105.6264190673831
 30
5.936971094551297
  0
VERTEX
  5
EA
  8
DEFAULT
 10
-632.5315144531601
 20
106.0000000000003
 30
5.936971094551297
  0
VERTEX
  5
EB
  8
DEFAULT
 10
-632.5315144531601
 20
143.8756000876208
 30
5.936971094551297
  0
VERTEX
  5
EC
  8
DEFAULT
 10
-613.4684855468419
 20
143.8756000876209
 30
5.936971094551297
  0
VERTEX
  5
ED
  8
DEFAULT
 10
-612.4722697265292
 20
143.8793842673084
 30
5.936971094551297
  0
VERTEX
  5
EE
  8
DEFAULT
 10
-611.4977824218417
 20
143.9048969626209
 30
5.936971094551297
  0
VERTEX
  5
EF
  8
DEFAULT
 10
-611.0247523315097
 20
143.9318668722888
 30
5.936971094551297
  0
VERTEX
  5
F0
  8
DEFAULT
 10
-610.5640666015294
 20
143.9711811423084
 30
5.936971094551297
  0
VERTEX
  5
F1
  8
DEFAULT
 10
-610.3389608390476
 20
143.9960753798267
 30
5.936971094551297
  0
VERTEX
  5
F2
  8
DEFAULT
 10
-610.1176478393223
 20
144.0247623801013
 30
5.936971094551297
  0
VERTEX
  5
F3
  8
DEFAULT
 10
-609.9003393180517
 20
144.0574538588306
 30
5.936971094551297
  0
VERTEX
  5
F4
  8
DEFAULT
 10
-609.687235546842
 20
144.0943500876209
 30
5.936971094551297
  0
VERTEX
  5
F5
  8
DEFAULT
 10
-609.4785253532079
 20
144.1356398939868
 30
5.936971094551297
  0
VERTEX
  5
F6
  8
DEFAULT
 10
-609.2743861205724
 20
144.1815006613513
 30
5.936971094551297
  0
VERTEX
  5
F7
  8
DEFAULT
 10
-609.0749837882665
 20
144.2320983290454
 30
5.936971094551297
  0
VERTEX
  5
F8
  8
DEFAULT
 10
-608.8804728515295
 20
144.2875873923084
 30
5.936971094551297
  0
VERTEX
  5
F9
  8
DEFAULT
 10
-608.6909963615087
 20
144.3481109022876
 30
5.936971094551297
  0
VERTEX
  5
FA
  8
DEFAULT
 10
-608.50668592526
 20
144.4138004660388
 30
5.936971094551297
  0
VERTEX
  5
FB
  8
DEFAULT
 10
-608.4165059752611
 20
144.44862051604
 30
5.936971094551297
  0
VERTEX
  5
FC
  8
DEFAULT
 10
-608.327661705747
 20
144.4847762465259
 30
5.936971094551297
  0
VERTEX
  5
FD
  8
DEFAULT
 10
-608.2401663489488
 20
144.5222808897277
 30
5.936971094551297
  0
VERTEX
  5
FE
  8
DEFAULT
 10
-608.1540324218419
 20
144.5611469626209
 30
5.936971094551297
  0
VERTEX
  5
FF
  8
DEFAULT
 10
-608.0692717261459
 20
144.601386266925
 30
5.936971094551297
  0
VERTEX
  5
100
  8
DEFAULT
 10
-607.9858953483249
 20
144.643009889104
 30
5.936971094551297
  0
VERTEX
  5
101
  8
DEFAULT
 10
-607.903913659587
 20
144.6860282003661
 30
5.936971094551297
  0
VERTEX
  5
102
  8
DEFAULT
 10
-607.8233363158847
 20
144.7304508566638
 30
5.936971094551297
  0
VERTEX
  5
103
  8
DEFAULT
 10
-607.7441722579147
 20
144.7762867986938
 30
5.936971094551297
  0
VERTEX
  5
104
  8
DEFAULT
 10
-607.6664297111179
 20
144.8235442518969
 30
5.936971094551297
  0
VERTEX
  5
105
  8
DEFAULT
 10
-607.5901161856796
 20
144.8722307264586
 30
5.936971094551297
  0
VERTEX
  5
106
  8
DEFAULT
 10
-607.5152384765292
 20
144.9223530173083
 30
5.936971094551297
  0
VERTEX
  5
107
  8
DEFAULT
 10
-607.4418026633407
 20
144.9739172041197
 30
5.936971094551297
  0
VERTEX
  5
108
  8
DEFAULT
 10
-607.3698141105319
 20
145.026928651311
 30
5.936971094551297
  0
VERTEX
  5
109
  8
DEFAULT
 10
-607.2992774672653
 20
145.0813920080443
 30
5.936971094551297
  0
VERTEX
  5
10A
  8
DEFAULT
 10
-607.2301966674472
 20
145.1373112082263
 30
5.936971094551297
  0
VERTEX
  5
10B
  8
DEFAULT
 10
-607.1625749297286
 20
145.1946894705077
 30
5.936971094551297
  0
VERTEX
  5
10C
  8
DEFAULT
 10
-607.0964147575048
 20
145.2535292982836
 30
5.936971094551297
  0
VERTEX
  5
10D
  8
DEFAULT
 10
-607.0317179389145
 20
145.3138324796935
 30
5.936971094551297
  0
VERTEX
  5
10E
  8
DEFAULT
 10
-606.9684855468419
 20
145.3756000876208
 30
5.936971094551297
  0
VERTEX
  5
10F
  8
DEFAULT
 10
-606.9067179389144
 20
145.4388324796935
 30
5.936971094551297
  0
VERTEX
  5
110
  8
DEFAULT
 10
-606.8464147575046
 20
145.5035292982836
 30
5.936971094551297
  0
VERTEX
  5
111
  8
DEFAULT
 10
-606.7875749297286
 20
145.5696894705077
 30
5.936971094551297
  0
VERTEX
  5
112
  8
DEFAULT
 10
-606.7301966674473
 20
145.6373112082263
 30
5.936971094551297
  0
VERTEX
  5
113
  8
DEFAULT
 10
-606.6742774672655
 20
145.7063920080443
 30
5.936971094551297
  0
VERTEX
  5
114
  8
DEFAULT
 10
-606.6198141105322
 20
145.776928651311
 30
5.936971094551297
  0
VERTEX
  5
115
  8
DEFAULT
 10
-606.5668026633409
 20
145.8489172041197
 30
5.936971094551297
  0
VERTEX
  5
116
  8
DEFAULT
 10
-606.5152384765295
 20
145.9223530173082
 30
5.936971094551297
  0
VERTEX
  5
117
  8
DEFAULT
 10
-606.4651161856797
 20
145.9972307264586
 30
5.936971094551297
  0
VERTEX
  5
118
  8
DEFAULT
 10
-606.416429711118
 20
146.0735442518969
 30
5.936971094551297
  0
VERTEX
  5
119
  8
DEFAULT
 10
-606.3691722579147
 20
146.1512867986937
 30
5.936971094551297
  0
VERTEX
  5
11A
  8
DEFAULT
 10
-606.3233363158847
 20
146.2304508566637
 30
5.936971094551297
  0
VERTEX
  5
11B
  8
DEFAULT
 10
-606.278913659587
 20
146.311028200366
 30
5.936971094551297
  0
VERTEX
  5
11C
  8
DEFAULT
 10
-606.2358953483249
 20
146.3930098891039
 30
5.936971094551297
  0
VERTEX
  5
11D
  8
DEFAULT
 10
-606.1942717261459
 20
146.4763862669249
 30
5.936971094551297
  0
VERTEX
  5
11E
  8
DEFAULT
 10
-606.1540324218417
 20
146.5611469626207
 30
5.936971094551297
  0
VERTEX
  5
11F
  8
DEFAULT
 10
-606.1151663489486
 20
146.6472808897276
 30
5.936971094551297
  0
VERTEX
  5
120
  8
DEFAULT
 10
-606.0776617057468
 20
146.7347762465258
 30
5.936971094551297
  0
VERTEX
  5
121
  8
DEFAULT
 10
-606.0415059752609
 20
146.8236205160399
 30
5.936971094551297
  0
VERTEX
  5
122
  8
DEFAULT
 10
-606.0066859252597
 20
146.9138004660387
 30
5.936971094551297
  0
VERTEX
  5
123
  8
DEFAULT
 10
-605.9409963615085
 20
147.0981109022875
 30
5.936971094551297
  0
VERTEX
  5
124
  8
DEFAULT
 10
-605.8804728515292
 20
147.2875873923082
 30
5.936971094551297
  0
VERTEX
  5
125
  8
DEFAULT
 10
-605.8249837882663
 20
147.4820983290453
 30
5.936971094551297
  0
VERTEX
  5
126
  8
DEFAULT
 10
-605.7743861205723
 20
147.6815006613512
 30
5.936971094551297
  0
VERTEX
  5
127
  8
DEFAULT
 10
-605.7285253532078
 20
147.8856398939867
 30
5.936971094551297
  0
VERTEX
  5
128
  8
DEFAULT
 10
-605.6872355468419
 20
148.0943500876207
 30
5.936971094551297
  0
VERTEX
  5
129
  8
DEFAULT
 10
-605.6503393180515
 20
148.3074538588305
 30
5.936971094551297
  0
VERTEX
  5
12A
  8
DEFAULT
 10
-605.6176478393222
 20
148.5247623801012
 30
5.936971094551297
  0
VERTEX
  5
12B
  8
DEFAULT
 10
-605.5889608390478
 20
148.7460753798266
 30
5.936971094551297
  0
VERTEX
  5
12C
  8
DEFAULT
 10
-605.5640666015294
 20
148.9711811423082
 30
5.936971094551297
  0
VERTEX
  5
12D
  8
DEFAULT
 10
-605.5247523315097
 20
149.4318668722887
 30
5.936971094551297
  0
VERTEX
  5
12E
  8
DEFAULT
 10
-605.4977824218419
 20
149.9048969626207
 30
5.936971094551297
  0
VERTEX
  5
12F
  8
DEFAULT
 10
-605.4722697265295
 20
150.8793842673082
 30
5.936971094551297
  0
VERTEX
  5
130
  8
DEFAULT
 10
-605.4684855468419
 20
151.8756000876207
 30
5.936971094551297
  0
VERTEX
  5
131
  8
DEFAULT
 10
-605.4684855468419
 20
158.2144976104316
 30
5.936971094551297
  0
VERTEX
  5
132
  8
DEFAULT
 10
-605.4722697265295
 20
159.2107134307442
 30
5.936971094551297
  0
VERTEX
  5
133
  8
DEFAULT
 10
-605.4977824218419
 20
160.1852007354317
 30
5.936971094551297
  0
VERTEX
  5
134
  8
DEFAULT
 10
-605.5247523315097
 20
160.6582308257637
 30
5.936971094551297
  0
VERTEX
  5
135
  8
DEFAULT
 10
-605.5640666015294
 20
161.1189165557442
 30
5.936971094551297
  0
VERTEX
  5
136
  8
DEFAULT
 10
-605.5889608390478
 20
161.3440223182259
 30
5.936971094551297
  0
VERTEX
  5
137
  8
DEFAULT
 10
-605.6176478393222
 20
161.5653353179512
 30
5.936971094551297
  0
VERTEX
  5
138
  8
DEFAULT
 10
-605.6503393180515
 20
161.782643839222
 30
5.936971094551297
  0
VERTEX
  5
139
  8
DEFAULT
 10
-605.6872355468419
 20
161.9957476104317
 30
5.936971094551297
  0
VERTEX
  5
13A
  8
DEFAULT
 10
-605.7285253532078
 20
162.2044578040657
 30
5.936971094551297
  0
VERTEX
  5
13B
  8
DEFAULT
 10
-605.7743861205723
 20
162.4085970367012
 30
5.936971094551297
  0
VERTEX
  5
13C
  8
DEFAULT
 10
-605.8249837882663
 20
162.6079993690071
 30
5.936971094551297
  0
VERTEX
  5
13D
  8
DEFAULT
 10
-605.8804728515292
 20
162.8025103057442
 30
5.936971094551297
  0
VERTEX
  5
13E
  8
DEFAULT
 10
-605.9409963615085
 20
162.9919867957649
 30
5.936971094551297
  0
VERTEX
  5
13F
  8
DEFAULT
 10
-606.0066859252597
 20
163.1762972320137
 30
5.936971094551297
  0
VERTEX
  5
140
  8
DEFAULT
 10
-606.0415059752609
 20
163.2664771820126
 30
5.936971094551297
  0
VERTEX
  5
141
  8
DEFAULT
 10
-606.0776617057468
 20
163.3553214515267
 30
5.936971094551297
  0
VERTEX
  5
142
  8
DEFAULT
 10
-606.1151663489486
 20
163.4428168083248
 30
5.936971094551297
  0
VERTEX
  5
143
  8
DEFAULT
 10
-606.1540324218417
 20
163.5289507354317
 30
5.936971094551297
  0
VERTEX
  5
144
  8
DEFAULT
 10
-606.1942717261459
 20
163.6137114311276
 30
5.936971094551297
  0
VERTEX
  5
145
  8
DEFAULT
 10
-606.2358953483249
 20
163.6970878089485
 30
5.936971094551297
  0
VERTEX
  5
146
  8
DEFAULT
 10
-606.278913659587
 20
163.7790694976864
 30
5.936971094551297
  0
VERTEX
  5
147
  8
DEFAULT
 10
-606.3233363158847
 20
163.8596468413887
 30
5.936971094551297
  0
VERTEX
  5
148
  8
DEFAULT
 10
-606.3691722579147
 20
163.9388108993588
 30
5.936971094551297
  0
VERTEX
  5
149
  8
DEFAULT
 10
-606.416429711118
 20
164.0165534461556
 30
5.936971094551297
  0
VERTEX
  5
14A
  8
DEFAULT
 10
-606.4651161856797
 20
164.0928669715939
 30
5.936971094551297
  0
VERTEX
  5
14B
  8
DEFAULT
 10
-606.5152384765295
 20
164.1677446807442
 30
5.936971094551297
  0
VERTEX
  5
14C
  8
DEFAULT
 10
-606.5668026633409
 20
164.2411804939327
 30
5.936971094551297
  0
VERTEX
  5
14D
  8
DEFAULT
 10
-606.6198141105322
 20
164.3131690467415
 30
5.936971094551297
  0
VERTEX
  5
14E
  8
DEFAULT
 10
-606.6742774672655
 20
164.3837056900081
 30
5.936971094551297
  0
VERTEX
  5
14F
  8
DEFAULT
 10
-606.7301966674473
 20
164.4527864898262
 30
5.936971094551297
  0
VERTEX
  5
150
  8
DEFAULT
 10
-606.7875749297286
 20
164.5204082275447
 30
5.936971094551297
  0
VERTEX
  5
151
  8
DEFAULT
 10
-606.8464147575046
 20
164.5865683997688
 30
5.936971094551297
  0
VERTEX
  5
152
  8
DEFAULT
 10
-606.9067179389144
 20
164.651265218359
 30
5.936971094551297
  0
VERTEX
  5
153
  8
DEFAULT
 10
-606.9684855468419
 20
164.7144976104316
 30
5.936971094551297
  0
VERTEX
  5
154
  8
DEFAULT
 10
-607.0317179389145
 20
164.776265218359
 30
5.936971094551297
  0
VERTEX
  5
155
  8
DEFAULT
 10
-607.0964147575048
 20
164.8365683997688
 30
5.936971094551297
  0
VERTEX
  5
156
  8
DEFAULT
 10
-607.1625749297286
 20
164.8954082275447
 30
5.936971094551297
  0
VERTEX
  5
157
  8
DEFAULT
 10
-607.2301966674472
 20
164.9527864898262
 30
5.936971094551297
  0
VERTEX
  5
158
  8
DEFAULT
 10
-607.2992774672653
 20
165.0087056900081
 30
5.936971094551297
  0
VERTEX
  5
159
  8
DEFAULT
 10
-607.3698141105319
 20
165.0631690467415
 30
5.936971094551297
  0
VERTEX
  5
15A
  8
DEFAULT
 10
-607.4418026633407
 20
165.1161804939327
 30
5.936971094551297
  0
VERTEX
  5
15B
  8
DEFAULT
 10
-607.5152384765292
 20
165.1677446807441
 30
5.936971094551297
  0
VERTEX
  5
15C
  8
DEFAULT
 10
-607.5901161856796
 20
165.2178669715938
 30
5.936971094551297
  0
VERTEX
  5
15D
  8
DEFAULT
 10
-607.6664297111179
 20
165.2665534461555
 30
5.936971094551297
  0
VERTEX
  5
15E
  8
DEFAULT
 10
-607.7441722579147
 20
165.3138108993587
 30
5.936971094551297
  0
VERTEX
  5
15F
  8
DEFAULT
 10
-607.8233363158847
 20
165.3596468413886
 30
5.936971094551297
  0
VERTEX
  5
160
  8
DEFAULT
 10
-607.903913659587
 20
165.4040694976863
 30
5.936971094551297
  0
VERTEX
  5
161
  8
DEFAULT
 10
-607.9858953483249
 20
165.4470878089484
 30
5.936971094551297
  0
VERTEX
  5
162
  8
DEFAULT
 10
-608.0692717261459
 20
165.4887114311275
 30
5.936971094551297
  0
VERTEX
  5
163
  8
DEFAULT
 10
-608.1540324218419
 20
165.5289507354316
 30
5.936971094551297
  0
VERTEX
  5
164
  8
DEFAULT
 10
-608.2401663489488
 20
165.5678168083247
 30
5.936971094551297
  0
VERTEX
  5
165
  8
DEFAULT
 10
-608.327661705747
 20
165.6053214515265
 30
5.936971094551297
  0
VERTEX
  5
166
  8
DEFAULT
 10
-608.4165059752611
 20
165.6414771820125
 30
5.936971094551297
  0
VERTEX
  5
167
  8
DEFAULT
 10
-608.50668592526
 20
165.6762972320136
 30
5.936971094551297
  0
VERTEX
  5
168
  8
DEFAULT
 10
-608.6909963615087
 20
165.7419867957648
 30
5.936971094551297
  0
VERTEX
  5
169
  8
DEFAULT
 10
-608.8804728515295
 20
165.8025103057441
 30
5.936971094551297
  0
VERTEX
  5
16A
  8
DEFAULT
 10
-609.0749837882665
 20
165.857999369007
 30
5.936971094551297
  0
VERTEX
  5
16B
  8
DEFAULT
 10
-609.2743861205724
 20
165.9085970367011
 30
5.936971094551297
  0
VERTEX
  5
16C
  8
DEFAULT
 10
-609.4785253532079
 20
165.9544578040656
 30
5.936971094551297
  0
VERTEX
  5
16D
  8
DEFAULT
 10
-609.687235546842
 20
165.9957476104316
 30
5.936971094551297
  0
VERTEX
  5
16E
  8
DEFAULT
 10
-609.9003393180517
 20
166.0326438392219
 30
5.936971094551297
  0
VERTEX
  5
16F
  8
DEFAULT
 10
-610.1176478393223
 20
166.0653353179511
 30
5.936971094551297
  0
VERTEX
  5
170
  8
DEFAULT
 10
-610.3389608390476
 20
166.0940223182258
 30
5.936971094551297
  0
VERTEX
  5
171
  8
DEFAULT
 10
-610.5640666015294
 20
166.1189165557441
 30
5.936971094551297
  0
VERTEX
  5
172
  8
DEFAULT
 10
-611.0247523315097
 20
166.1582308257636
 30
5.936971094551297
  0
VERTEX
  5
173
  8
DEFAULT
 10
-611.4977824218417
 20
166.1852007354316
 30
5.936971094551297
  0
VERTEX
  5
174
  8
DEFAULT
 10
-612.4722697265292
 20
166.2107134307441
 30
5.936971094551297
  0
VERTEX
  5
175
  8
DEFAULT
 10
-613.4684855468419
 20
166.2144976104316
 30
5.936971094551297
  0
VERTEX
  5
176
  8
DEFAULT
 10
-625.2104261818512
 20
166.2144976104316
 30
5.936971094551297
  0
VERTEX
  5
177
  8
DEFAULT
 10
-626.6693800473561
 20
166.197532110049
 30
5.936971094551297
  0
VERTEX
  5
178
  8
DEFAULT
 10
-627.0285544004271
 20
166.181914129879
 30
5.936971094551297
  0
VERTEX
  5
179
  8
DEFAULT
 10
-627.3842325456037
 20
166.1591476654332
 30
5.936971094551297
  0
VERTEX
  5
17A
  8
DEFAULT
 10
-627.7358699560692
 20
166.128119355749
 30
5.936971094551297
  0
VERTEX
  5
17B
  8
DEFAULT
 10
-628.0829739647039
 20
166.0878218742412
 30
5.936971094551297
  0
VERTEX
  5
17C
  8
DEFAULT
 10
-628.4251037640847
 20
166.0373539287019
 30
5.936971094551297
  0
VERTEX
  5
17D
  8
DEFAULT
 10
-628.5941797633711
 20
166.0080533718806
 30
5.936971094551297
  0
VERTEX
  5
17E
  8
DEFAULT
 10
-628.7618704064855
 20
165.9759202613007
 30
5.936971094551297
  0
VERTEX
  5
17F
  8
DEFAULT
 10
-628.9281351780396
 20
165.940871757605
 30
5.936971094551297
  0
VERTEX
  5
180
  8
DEFAULT
 10
-629.0929368038766
 20
165.9028316485845
 30
5.936971094551297
  0
VERTEX
  5
181
  8
DEFAULT
 10
-629.2562412510704
 20
165.8617303491794
 30
5.936971094551297
  0
VERTEX
  5
182
  8
DEFAULT
 10
-629.4180177279259
 20
165.8175049014778
 30
5.936971094551297
  0
VERTEX
  5
183
  8
DEFAULT
 10
-629.5782386839791
 20
165.7700989747169
 30
5.936971094551297
  0
VERTEX
  5
184
  8
DEFAULT
 10
-629.7368798099973
 20
165.7194628652821
 30
5.936971094551297
  0
VERTEX
  5
185
  8
DEFAULT
 10
-629.8939200379787
 20
165.6655534967079
 30
5.936971094551297
  0
VERTEX
  5
186
  8
DEFAULT
 10
-630.0493415411522
 20
165.6083344196768
 30
5.936971094551297
  0
VERTEX
  5
187
  8
DEFAULT
 10
-630.2031297339784
 20
165.5477758120202
 30
5.936971094551297
  0
VERTEX
  5
188
  8
DEFAULT
 10
-630.3552732721483
 20
165.4838544787182
 30
5.936971094551297
  0
VERTEX
  5
189
  8
DEFAULT
 10
-630.5057640525846
 20
165.4165538518992
 30
5.936971094551297
  0
VERTEX
  5
18A
  8
DEFAULT
 10
-630.6545972134406
 20
165.3458639908403
 30
5.936971094551297
  0
VERTEX
  5
18B
  8
DEFAULT
 10
-630.8017711341008
 20
165.2717815819673
 30
5.936971094551297
  0
VERTEX
  5
18C
  8
DEFAULT
 10
-630.9472874351804
 20
165.1943099388544
 30
5.936971094551297
  0
VERTEX
  5
18D
  8
DEFAULT
 10
-631.0911509785267
 20
165.1134590022245
 30
5.936971094551297
  0
VERTEX
  5
18E
  8
DEFAULT
 10
-631.2333698672167
 20
165.0292453399492
 30
5.936971094551297
  0
VERTEX
  5
18F
  8
DEFAULT
 10
-631.373955445559
 20
164.9416921470484
 30
5.936971094551297
  0
VERTEX
  5
190
  8
DEFAULT
 10
-631.5129222990938
 20
164.8508292456908
 30
5.936971094551297
  0
VERTEX
  5
191
  8
DEFAULT
 10
-631.6502882545919
 20
164.7566930851936
 30
5.936971094551297
  0
VERTEX
  5
192
  8
DEFAULT
 10
-631.7860743800547
 20
164.6593267420226
 30
5.936971094551297
  0
VERTEX
  5
193
  8
DEFAULT
 10
-631.9203049847155
 20
164.5587799197923
 30
5.936971094551297
  0
VERTEX
  5
194
  8
DEFAULT
 10
-632.0530076190379
 20
164.4551089492656
 30
5.936971094551297
  0
VERTEX
  5
195
  8
DEFAULT
 10
-632.184213074717
 20
164.3483767883541
 30
5.936971094551297
  0
VERTEX
  5
196
  8
DEFAULT
 10
-632.3139553846789
 20
164.238653022118
 30
5.936971094551297
  0
VERTEX
  5
197
  8
DEFAULT
 10
-632.4422718230808
 20
164.1260138627659
 30
5.936971094551297
  0
VERTEX
  5
198
  8
DEFAULT
 10
-632.5692029053105
 20
164.0105421496554
 30
5.936971094551297
  0
VERTEX
  5
199
  8
DEFAULT
 10
-632.8190872689619
 20
163.7714655553309
 30
5.936971094551297
  0
VERTEX
  5
19A
  8
DEFAULT
 10
-633.0639974233595
 20
163.522218496975
 30
5.936971094551297
  0
VERTEX
  5
19B
  8
DEFAULT
 10
-633.3043741759261
 20
163.2637022667953
 30
5.936971094551297
  0
VERTEX
  5
19C
  8
DEFAULT
 10
-633.5407101937817
 20
162.9969241913773
 30
5.936971094551297
  0
VERTEX
  5
19D
  8
DEFAULT
 10
-633.773550003743
 20
162.7229976316834
 30
5.936971094551297
  0
VERTEX
  5
19E
  8
DEFAULT
 10
-634.682652790367
 20
161.5817849726108
 30
5.936971094551297
  0
VERTEX
  5
19F
  8
DEFAULT
 10
-636.003741061676
 20
159.8832429094994
 30
5.936971094551297
 42
0.2144423438384954
  0
SEQEND
  5
1A0
  8
DEFAULT
  0
CIRCLE
  5
1A1
  8
DEFAULT
 10
618.7275736938042
 20
155.0450488490262
 30
-5.936971094551297
 40
3.000000000000057
210
0.0
220
0.0
230
-1.0
  0
POLYLINE
  5
1A2
  8
DEFAULT
 66
     1
 10
0.0
 20
0.0
 30
40.46848554684212
 70
     1
  0
VERTEX
  5
1A3
  8
DEFAULT
 10
-817.5
 20
139.2144976104314
 30
40.46848554684212
 42
-0.6249999999999513
  0
VERTEX
  5
1A4
  8
DEFAULT
 10
-818.5000000000001
 20
138.2144976104312
 30
40.46848554684212
  0
VERTEX
  5
1A5
  8
DEFAULT
 10
-829.5
 20
138.2144976104314
 30
40.46848554684212
 42
-0.6250000000001441
  0
VERTEX
  5
1A6
  8
DEFAULT
 10
-830.5000000000001
 20
139.2144976104314
 30
40.46848554684212
  0
VERTEX
  5
1A7
  8
DEFAULT
 10
-830.4999999916181
 20
140.4645972094418
 30
40.46848554684212
  0
VERTEX
  5
1A8
  8
DEFAULT
 10
-837.0
 20
140.4645972094418
 30
40.46848554684212
  0
VERTEX
  5
1A9
  8
DEFAULT
 10
-837.0
 20
117.1129388235584
 30
40.46848554684212
  0
VERTEX
  5
1AA
  8
DEFAULT
 10
-833.5
 20
117.112938829639
 30
40.46848554684212
  0
VERTEX
  5
1AB
  8
DEFAULT
 10
-833.1264190673828
 20
117.1115197622562
 30
40.46848554684212
  0
VERTEX
  5
1AC
  8
DEFAULT
 10
-832.760986328125
 20
117.101952501514
 30
40.46848554684212
  0
VERTEX
  5
1AD
  8
DEFAULT
 10
-832.5836000442505
 20
117.0918387853885
 30
40.46848554684212
  0
VERTEX
  5
1AE
  8
DEFAULT
 10
-832.4108428955078
 20
117.0770959341312
 30
40.46848554684212
  0
VERTEX
  5
1AF
  8
DEFAULT
 10
-832.3264282345772
 20
117.0677605950618
 30
40.46848554684212
  0
VERTEX
  5
1B0
  8
DEFAULT
 10
-832.2434358596802
 20
117.0570029699589
 30
40.46848554684212
  0
VERTEX
  5
1B1
  8
DEFAULT
 10
-832.1619451642036
 20
117.0447436654354
 30
40.46848554684212
  0
VERTEX
  5
1B2
  8
DEFAULT
 10
-832.08203125
 20
117.030907579639
 30
40.46848554684212
  0
VERTEX
  5
1B3
  8
DEFAULT
 10
-832.0037649273872
 20
117.0154239022518
 30
40.46848554684212
  0
VERTEX
  5
1B4
  8
DEFAULT
 10
-831.9272127151489
 20
116.9982261144901
 30
40.46848554684212
  0
VERTEX
  5
1B5
  8
DEFAULT
 10
-831.8524368405342
 20
116.9792519891048
 30
40.46848554684212
  0
VERTEX
  5
1B6
  8
DEFAULT
 10
-831.7794952392578
 20
116.9584435903812
 30
40.46848554684212
  0
VERTEX
  5
1B7
  8
DEFAULT
 10
-831.7084415555
 20
116.935747274139
 30
40.46848554684212
  0
VERTEX
  5
1B8
  8
DEFAULT
 10
-831.6393251419067
 20
116.9111136877323
 30
40.46848554684212
  0
VERTEX
  5
1B9
  8
DEFAULT
 10
-831.6055076606572
 20
116.8980561689819
 30
40.46848554684212
  0
VERTEX
  5
1BA
  8
DEFAULT
 10
-831.5721910595894
 20
116.8844977700497
 30
40.46848554684212
  0
VERTEX
  5
1BB
  8
DEFAULT
 10
-831.5393803007901
 20
116.870433528849
 30
40.46848554684212
  0
VERTEX
  5
1BC
  8
DEFAULT
 10
-831.507080078125
 20
116.855858751514
 30
40.46848554684212
  0
VERTEX
  5
1BD
  8
DEFAULT
 10
-831.475294817239
 20
116.8407690124
 30
40.46848554684212
  0
VERTEX
  5
1BE
  8
DEFAULT
 10
-831.4440286755562
 20
116.8251601540829
 30
40.46848554684212
  0
VERTEX
  5
1BF
  8
DEFAULT
 10
-831.4132855422795
 20
116.8090282873596
 30
40.46848554684212
  0
VERTEX
  5
1C0
  8
DEFAULT
 10
-831.3830690383911
 20
116.7923697912479
 30
40.46848554684212
  0
VERTEX
  5
1C1
  8
DEFAULT
 10
-831.3533825166523
 20
116.7751813129867
 30
40.46848554684212
  0
VERTEX
  5
1C2
  8
DEFAULT
 10
-831.3242290616035
 20
116.7574597680355
 30
40.46848554684212
  0
VERTEX
  5
1C3
  8
DEFAULT
 10
-831.2956114895642
 20
116.7392023400749
 30
40.46848554684212
  0
VERTEX
  5
1C4
  8
DEFAULT
 10
-831.2675323486328
 20
116.7204064810062
 30
40.46848554684212
  0
VERTEX
  5
1C5
  8
DEFAULT
 10
-831.2399939186871
 20
116.701069910952
 30
40.46848554684212
  0
VERTEX
  5
1C6
  8
DEFAULT
 10
-831.2129982113838
 20
116.6811906182552
 30
40.46848554684212
  0
VERTEX
  5
1C7
  8
DEFAULT
 10
-831.1865469701588
 20
116.6607668594802
 30
40.46848554684212
  0
VERTEX
  5
1C8
  8
DEFAULT
 10
-831.160641670227
 20
116.639797159412
 30
40.46848554684212
  0
VERTEX
  5
1C9
  8
DEFAULT
 10
-831.1352835185826
 20
116.6182803110565
 30
40.46848554684212
  0
VERTEX
  5
1CA
  8
DEFAULT
 10
-831.1104734539986
 20
116.5962153756405
 30
40.46848554684212
  0
VERTEX
  5
1CB
  8
DEFAULT
 10
-831.0862121470273
 20
116.5736016826118
 30
40.46848554684212
  0
VERTEX
  5
1CC
  8
DEFAULT
 10
-831.0625
 20
116.550438829639
 30
40.46848554684212
  0
VERTEX
  5
1CD
  8
DEFAULT
 10
-831.0393371470273
 20
116.5267266826118
 30
40.46848554684212
  0
VERTEX
  5
1CE
  8
DEFAULT
 10
-831.0167234539986
 20
116.5024653756405
 30
40.46848554684212
  0
VERTEX
  5
1CF
  8
DEFAULT
 10
-830.9946585185826
 20
116.4776553110565
 30
40.46848554684212
  0
VERTEX
  5
1D0
  8
DEFAULT
 10
-830.973141670227
 20
116.452297159412
 30
40.46848554684212
  0
VERTEX
  5
1D1
  8
DEFAULT
 10
-830.9521719701588
 20
116.4263918594802
 30
40.46848554684212
  0
VERTEX
  5
1D2
  8
DEFAULT
 10
-830.9317482113838
 20
116.3999406182552
 30
40.46848554684212
  0
VERTEX
  5
1D3
  8
DEFAULT
 10
-830.9118689186871
 20
116.3729449109519
 30
40.46848554684212
  0
VERTEX
  5
1D4
  8
DEFAULT
 10
-830.8925323486328
 20
116.3454064810062
 30
40.46848554684212
  0
VERTEX
  5
1D5
  8
DEFAULT
 10
-830.8737364895642
 20
116.3173273400749
 30
40.46848554684212
  0
VERTEX
  5
1D6
  8
DEFAULT
 10
-830.8554790616035
 20
116.2887097680355
 30
40.46848554684212
  0
VERTEX
  5
1D7
  8
DEFAULT
 10
-830.8377575166523
 20
116.2595563129867
 30
40.46848554684212
  0
VERTEX
  5
1D8
  8
DEFAULT
 10
-830.8205690383911
 20
116.2298697912479
 30
40.46848554684212
  0
VERTEX
  5
1D9
  8
DEFAULT
 10
-830.8039105422795
 20
116.1996532873596
 30
40.46848554684212
  0
VERTEX
  5
1DA
  8
DEFAULT
 10
-830.7877786755562
 20
116.1689101540829
 30
40.46848554684212
  0
VERTEX
  5
1DB
  8
DEFAULT
 10
-830.772169817239
 20
116.1376440124
 30
40.46848554684212
  0
VERTEX
  5
1DC
  8
DEFAULT
 10
-830.757080078125
 20
116.105858751514
 30
40.46848554684212
  0
VERTEX
  5
1DD
  8
DEFAULT
 10
-830.7425053007901
 20
116.073558528849
 30
40.46848554684212
  0
VERTEX
  5
1DE
  8
DEFAULT
 10
-830.7284410595894
 20
116.0407477700496
 30
40.46848554684212
  0
VERTEX
  5
1DF
  8
DEFAULT
 10
-830.7148826606572
 20
116.0074311689819
 30
40.46848554684212
  0
VERTEX
  5
1E0
  8
DEFAULT
 10
-830.7018251419067
 20
115.9736136877323
 30
40.46848554684212
  0
VERTEX
  5
1E1
  8
DEFAULT
 10
-830.6771915555
 20
115.904497274139
 30
40.46848554684212
  0
VERTEX
  5
1E2
  8
DEFAULT
 10
-830.6544952392578
 20
115.8334435903812
 30
40.46848554684212
  0
VERTEX
  5
1E3
  8
DEFAULT
 10
-830.6336868405342
 20
115.7605019891048
 30
40.46848554684212
  0
VERTEX
  5
1E4
  8
DEFAULT
 10
-830.6147127151489
 20
115.6857261144901
 30
40.46848554684212
  0
VERTEX
  5
1E5
  8
DEFAULT
 10
-830.5975149273872
 20
115.6091739022518
 30
40.46848554684212
  0
VERTEX
  5
1E6
  8
DEFAULT
 10
-830.58203125
 20
115.530907579639
 30
40.46848554684212
  0
VERTEX
  5
1E7
  8
DEFAULT
 10
-830.5681951642036
 20
115.4509936654354
 30
40.46848554684212
  0
VERTEX
  5
1E8
  8
DEFAULT
 10
-830.5559358596802
 20
115.3695029699589
 30
40.46848554684212
  0
VERTEX
  5
1E9
  8
DEFAULT
 10
-830.5451782345772
 20
115.2865105950619
 30
40.46848554684212
  0
VERTEX
  5
1EA
  8
DEFAULT
 10
-830.5358428955078
 20
115.2020959341313
 30
40.46848554684212
  0
VERTEX
  5
1EB
  8
DEFAULT
 10
-830.5211000442505
 20
115.0293387853886
 30
40.46848554684212
  0
VERTEX
  5
1EC
  8
DEFAULT
 10
-830.510986328125
 20
114.8519525015141
 30
40.46848554684212
  0
VERTEX
  5
1ED
  8
DEFAULT
 10
-830.5014190673828
 20
114.4865197622563
 30
40.46848554684212
  0
VERTEX
  5
1EE
  8
DEFAULT
 10
-830.5
 20
114.1129388296391
 30
40.46848554684212
  0
VERTEX
  5
1EF
  8
DEFAULT
 10
-830.5
 20
78.96619610368806
 30
40.46848554684212
  0
VERTEX
  5
1F0
  8
DEFAULT
 10
-830.5014190673828
 20
78.59261517107086
 30
40.46848554684212
  0
VERTEX
  5
1F1
  8
DEFAULT
 10
-830.510986328125
 20
78.22718243181305
 30
40.46848554684212
  0
VERTEX
  5
1F2
  8
DEFAULT
 10
-830.5211000442505
 20
78.04979614793854
 30
40.46848554684212
  0
VERTEX
  5
1F3
  8
DEFAULT
 10
-830.5358428955078
 20
77.87703899919586
 30
40.46848554684212
  0
VERTEX
  5
1F4
  8
DEFAULT
 10
-830.5451782345772
 20
77.79262433826523
 30
40.46848554684212
  0
VERTEX
  5
1F5
  8
DEFAULT
 10
-830.5559358596802
 20
77.70963196336822
 30
40.46848554684212
  0
VERTEX
  5
1F6
  8
DEFAULT
 10
-830.5681951642036
 20
77.6281412678917
 30
40.46848554684212
  0
VERTEX
  5
1F7
  8
DEFAULT
 10
-830.58203125
 20
77.54822735368806
 30
40.46848554684212
  0
VERTEX
  5
1F8
  8
DEFAULT
 10
-830.5975149273872
 20
77.46996103107529
 30
40.46848554684212
  0
VERTEX
  5
1F9
  8
DEFAULT
 10
-830.6147127151489
 20
77.39340881883697
 30
40.46848554684212
  0
VERTEX
  5
1FA
  8
DEFAULT
 10
-830.6336868405342
 20
77.31863294422229
 30
40.46848554684212
  0
VERTEX
  5
1FB
  8
DEFAULT
 10
-830.6544952392578
 20
77.24569134294588
 30
40.46848554684212
  0
VERTEX
  5
1FC
  8
DEFAULT
 10
-830.6771915555
 20
77.1746376591881
 30
40.46848554684212
  0
VERTEX
  5
1FD
  8
DEFAULT
 10
-830.7018251419067
 20
77.1055212455948
 30
40.46848554684212
  0
VERTEX
  5
1FE
  8
DEFAULT
 10
-830.7148826606572
 20
77.07170376434522
 30
40.46848554684212
  0
VERTEX
  5
1FF
  8
DEFAULT
 10
-830.7284410595894
 20
77.03838716327743
 30
40.46848554684212
  0
VERTEX
  5
200
  8
DEFAULT
 10
-830.7425053007901
 20
77.00557640447812
 30
40.46848554684212
  0
VERTEX
  5
201
  8
DEFAULT
 10
-830.757080078125
 20
76.97327618181305
 30
40.46848554684212
  0
VERTEX
  5
202
  8
DEFAULT
 10
-830.772169817239
 20
76.9414909209271
 30
40.46848554684212
  0
VERTEX
  5
203
  8
DEFAULT
 10
-830.7877786755562
 20
76.91022477924423
 30
40.46848554684212
  0
VERTEX
  5
204
  8
DEFAULT
 10
-830.8039105422795
 20
76.87948164596753
 30
40.46848554684212
  0
VERTEX
  5
205
  8
DEFAULT
 10
-830.8205690383911
 20
76.84926514207916
 30
40.46848554684212
  0
VERTEX
  5
206
  8
DEFAULT
 10
-830.8377575166523
 20
76.8195786203404
 30
40.46848554684212
  0
VERTEX
  5
207
  8
DEFAULT
 10
-830.8554790616035
 20
76.7904251652916
 30
40.46848554684212
  0
VERTEX
  5
208
  8
DEFAULT
 10
-830.8737364895642
 20
76.76180759325223
 30
40.46848554684212
  0
VERTEX
  5
209
  8
DEFAULT
 10
-830.8925323486328
 20
76.73372845232086
 30
40.46848554684212
  0
VERTEX
  5
20A
  8
DEFAULT
 10
-830.9118689186871
 20
76.70619002237515
 30
40.46848554684212
  0
VERTEX
  5
20B
  8
DEFAULT
 10
-830.9317482113838
 20
76.67919431507187
 30
40.46848554684212
  0
VERTEX
  5
20C
  8
DEFAULT
 10
-830.9521719701588
 20
76.65274307384686
 30
40.46848554684212
  0
VERTEX
  5
20D
  8
DEFAULT
 10
-830.973141670227
 20
76.6268377739151
 30
40.46848554684212
  0
VERTEX
  5
20E
  8
DEFAULT
 10
-830.9946585185826
 20
76.60147962227063
 30
40.46848554684212
  0
VERTEX
  5
20F
  8
DEFAULT
 10
-831.0167234539986
 20
76.57666955768661
 30
40.46848554684212
  0
VERTEX
  5
210
  8
DEFAULT
 10
-831.0393371470273
 20
76.5524082507153
 30
40.46848554684212
  0
VERTEX
  5
211
  8
DEFAULT
 10
-831.0625
 20
76.52869610368805
 30
40.46848554684212
  0
VERTEX
  5
212
  8
DEFAULT
 10
-831.0862121470273
 20
76.5055332507153
 30
40.46848554684212
  0
VERTEX
  5
213
  8
DEFAULT
 10
-831.1104734539986
 20
76.48291955768661
 30
40.46848554684212
  0
VERTEX
  5
214
  8
DEFAULT
 10
-831.1352835185826
 20
76.46085462227063
 30
40.46848554684212
  0
VERTEX
  5
215
  8
DEFAULT
 10
-831.160641670227
 20
76.4393377739151
 30
40.46848554684212
  0
VERTEX
  5
216
  8
DEFAULT
 10
-831.1865469701588
 20
76.41836807384686
 30
40.46848554684212
  0
VERTEX
  5
217
  8
DEFAULT
 10
-831.2129982113838
 20
76.39794431507187
 30
40.46848554684212
  0
VERTEX
  5
218
  8
DEFAULT
 10
-831.2399939186871
 20
76.37806502237515
 30
40.46848554684212
  0
VERTEX
  5
219
  8
DEFAULT
 10
-831.2675323486328
 20
76.35872845232086
 30
40.46848554684212
  0
VERTEX
  5
21A
  8
DEFAULT
 10
-831.2956114895642
 20
76.33993259325223
 30
40.46848554684212
  0
VERTEX
  5
21B
  8
DEFAULT
 10
-831.3242290616035
 20
76.3216751652916
 30
40.46848554684212
  0
VERTEX
  5
21C
  8
DEFAULT
 10
-831.3533825166523
 20
76.3039536203404
 30
40.46848554684212
  0
VERTEX
  5
21D
  8
DEFAULT
 10
-831.3830690383911
 20
76.28676514207916
 30
40.46848554684212
  0
VERTEX
  5
21E
  8
DEFAULT
 10
-831.4132855422795
 20
76.27010664596753
 30
40.46848554684212
  0
VERTEX
  5
21F
  8
DEFAULT
 10
-831.4440286755562
 20
76.25397477924423
 30
40.46848554684212
  0
VERTEX
  5
220
  8
DEFAULT
 10
-831.475294817239
 20
76.2383659209271
 30
40.46848554684212
  0
VERTEX
  5
221
  8
DEFAULT
 10
-831.507080078125
 20
76.22327618181305
 30
40.46848554684212
  0
VERTEX
  5
222
  8
DEFAULT
 10
-831.5393803007901
 20
76.20870140447812
 30
40.46848554684212
  0
VERTEX
  5
223
  8
DEFAULT
 10
-831.5721910595894
 20
76.19463716327743
 30
40.46848554684212
  0
VERTEX
  5
224
  8
DEFAULT
 10
-831.6055076606572
 20
76.18107876434522
 30
40.46848554684212
  0
VERTEX
  5
225
  8
DEFAULT
 10
-831.6393251419067
 20
76.16802124559479
 30
40.46848554684212
  0
VERTEX
  5
226
  8
DEFAULT
 10
-831.7084415555
 20
76.14338765918808
 30
40.46848554684212
  0
VERTEX
  5
227
  8
DEFAULT
 10
-831.7794952392578
 20
76.12069134294586
 30
40.46848554684212
  0
VERTEX
  5
228
  8
DEFAULT
 10
-831.8524368405342
 20
76.09988294422226
 30
40.46848554684212
  0
VERTEX
  5
229
  8
DEFAULT
 10
-831.9272127151489
 20
76.08090881883697
 30
40.46848554684212
  0
VERTEX
  5
22A
  8
DEFAULT
 10
-832.0037649273872
 20
76.06371103107529
 30
40.46848554684212
  0
VERTEX
  5
22B
  8
DEFAULT
 10
-832.08203125
 20
76.04822735368805
 30
40.46848554684212
  0
VERTEX
  5
22C
  8
DEFAULT
 10
-832.1619451642036
 20
76.03439126789169
 30
40.46848554684212
  0
VERTEX
  5
22D
  8
DEFAULT
 10
-832.2434358596802
 20
76.02213196336822
 30
40.46848554684212
  0
VERTEX
  5
22E
  8
DEFAULT
 10
-832.3264282345772
 20
76.01137433826523
 30
40.46848554684212
  0
VERTEX
  5
22F
  8
DEFAULT
 10
-832.4108428955078
 20
76.00203899919586
 30
40.46848554684212
  0
VERTEX
  5
230
  8
DEFAULT
 10
-832.5836000442505
 20
75.98729614793852
 30
40.46848554684212
  0
VERTEX
  5
231
  8
DEFAULT
 10
-832.760986328125
 20
75.97718243181305
 30
40.46848554684212
  0
VERTEX
  5
232
  8
DEFAULT
 10
-833.1264190673828
 20
75.96761517107085
 30
40.46848554684212
  0
VERTEX
  5
233
  8
DEFAULT
 10
-833.5
 20
75.96619610368803
 30
40.46848554684212
  0
VERTEX
  5
234
  8
DEFAULT
 10
-837.0
 20
75.96619610646832
 30
40.46848554684212
  0
VERTEX
  5
235
  8
DEFAULT
 10
-837.0
 20
52.63209224470921
 30
40.46848554684212
  0
VERTEX
  5
236
  8
DEFAULT
 10
-834.8626674460281
 20
52.6320922447092
 30
40.46848554684212
  0
VERTEX
  5
237
  8
DEFAULT
 10
-834.0
 20
52.61453772388529
 30
40.46848554684212
  0
VERTEX
  5
238
  8
DEFAULT
 10
-833.5
 20
52.61453772388529
 30
40.46848554684212
  0
VERTEX
  5
239
  8
DEFAULT
 10
-833.1264190673828
 20
52.61311865650248
 30
40.46848554684212
  0
VERTEX
  5
23A
  8
DEFAULT
 10
-832.760986328125
 20
52.60355139576029
 30
40.46848554684212
  0
VERTEX
  5
23B
  8
DEFAULT
 10
-832.5836000442505
 20
52.5934376796348
 30
40.46848554684212
  0
VERTEX
  5
23C
  8
DEFAULT
 10
-832.4108428955078
 20
52.57869482837748
 30
40.46848554684212
  0
VERTEX
  5
23D
  8
DEFAULT
 10
-832.3264282345772
 20
52.56935948930811
 30
40.46848554684212
  0
VERTEX
  5
23E
  8
DEFAULT
 10
-832.2434358596802
 20
52.55860186420512
 30
40.46848554684212
  0
VERTEX
  5
23F
  8
DEFAULT
 10
-832.1619451642036
 20
52.54634255968165
 30
40.46848554684212
  0
VERTEX
  5
240
  8
DEFAULT
 10
-832.08203125
 20
52.53250647388529
 30
40.46848554684212
  0
VERTEX
  5
241
  8
DEFAULT
 10
-832.0037649273872
 20
52.51702279649805
 30
40.46848554684212
  0
VERTEX
  5
242
  8
DEFAULT
 10
-831.9272127151489
 20
52.49982500873637
 30
40.46848554684212
  0
VERTEX
  5
243
  8
DEFAULT
 10
-831.8524368405342
 20
52.48085088335108
 30
40.46848554684212
  0
VERTEX
  5
244
  8
DEFAULT
 10
-831.7794952392578
 20
52.46004248462749
 30
40.46848554684212
  0
VERTEX
  5
245
  8
DEFAULT
 10
-831.7084415555
 20
52.43734616838528
 30
40.46848554684212
  0
VERTEX
  5
246
  8
DEFAULT
 10
-831.6393251419067
 20
52.41271258197857
 30
40.46848554684212
  0
VERTEX
  5
247
  8
DEFAULT
 10
-831.6055076606572
 20
52.39965506322814
 30
40.46848554684212
  0
VERTEX
  5
248
  8
DEFAULT
 10
-831.5721910595894
 20
52.38609666429592
 30
40.46848554684212
  0
VERTEX
  5
249
  8
DEFAULT
 10
-831.5393803007901
 20
52.37203242309523
 30
40.46848554684212
  0
VERTEX
  5
24A
  8
DEFAULT
 10
-831.507080078125
 20
52.35745764576031
 30
40.46848554684212
  0
VERTEX
  5
24B
  8
DEFAULT
 10
-831.475294817239
 20
52.34236790664626
 30
40.46848554684212
  0
VERTEX
  5
24C
  8
DEFAULT
 10
-831.4440286755562
 20
52.32675904832912
 30
40.46848554684212
  0
VERTEX
  5
24D
  8
DEFAULT
 10
-831.4132855422795
 20
52.31062718160582
 30
40.46848554684212
  0
VERTEX
  5
24E
  8
DEFAULT
 10
-831.3830690383911
 20
52.29396868549419
 30
40.46848554684212
  0
VERTEX
  5
24F
  8
DEFAULT
 10
-831.3533825166523
 20
52.27678020723296
 30
40.46848554684212
  0
VERTEX
  5
250
  8
DEFAULT
 10
-831.3242290616035
 20
52.25905866228176
 30
40.46848554684212
  0
VERTEX
  5
251
  8
DEFAULT
 10
-831.2956114895642
 20
52.24080123432113
 30
40.46848554684212
  0
VERTEX
  5
252
  8
DEFAULT
 10
-831.2675323486328
 20
52.22200537525249
 30
40.46848554684212
  0
VERTEX
  5
253
  8
DEFAULT
 10
-831.2399939186871
 20
52.2026688051982
 30
40.46848554684212
  0
VERTEX
  5
254
  8
DEFAULT
 10
-831.2129982113838
 20
52.18278951250149
 30
40.46848554684212
  0
VERTEX
  5
255
  8
DEFAULT
 10
-831.1865469701588
 20
52.16236575372649
 30
40.46848554684212
  0
VERTEX
  5
256
  8
DEFAULT
 10
-831.160641670227
 20
52.14139605365826
 30
40.46848554684212
  0
VERTEX
  5
257
  8
DEFAULT
 10
-831.1352835185826
 20
52.11987920530272
 30
40.46848554684212
  0
VERTEX
  5
258
  8
DEFAULT
 10
-831.1104734539986
 20
52.09781426988674
 30
40.46848554684212
  0
VERTEX
  5
259
  8
DEFAULT
 10
-831.0862121470273
 20
52.07520057685805
 30
40.46848554684212
  0
VERTEX
  5
25A
  8
DEFAULT
 10
-831.0625
 20
52.05203772388531
 30
40.46848554684212
  0
VERTEX
  5
25B
  8
DEFAULT
 10
-831.0393371470273
 20
52.02832557685805
 30
40.46848554684212
  0
VERTEX
  5
25C
  8
DEFAULT
 10
-831.0167234539986
 20
52.00406426988674
 30
40.46848554684212
  0
VERTEX
  5
25D
  8
DEFAULT
 10
-830.9946585185826
 20
51.97925420530274
 30
40.46848554684212
  0
VERTEX
  5
25E
  8
DEFAULT
 10
-830.973141670227
 20
51.95389605365827
 30
40.46848554684212
  0
VERTEX
  5
25F
  8
DEFAULT
 10
-830.9521719701588
 20
51.9279907537265
 30
40.46848554684212
  0
VERTEX
  5
260
  8
DEFAULT
 10
-830.9317482113838
 20
51.9015395125015
 30
40.46848554684212
  0
VERTEX
  5
261
  8
DEFAULT
 10
-830.9118689186871
 20
51.87454380519821
 30
40.46848554684212
  0
VERTEX
  5
262
  8
DEFAULT
 10
-830.8925323486328
 20
51.84700537525251
 30
40.46848554684212
  0
VERTEX
  5
263
  8
DEFAULT
 10
-830.8737364895642
 20
51.81892623432114
 30
40.46848554684212
  0
VERTEX
  5
264
  8
DEFAULT
 10
-830.8554790616035
 20
51.79030866228177
 30
40.46848554684212
  0
VERTEX
  5
265
  8
DEFAULT
 10
-830.8377575166523
 20
51.76115520723297
 30
40.46848554684212
  0
VERTEX
  5
266
  8
DEFAULT
 10
-830.8205690383911
 20
51.73146868549421
 30
40.46848554684212
  0
VERTEX
  5
267
  8
DEFAULT
 10
-830.8039105422795
 20
51.70125218160584
 30
40.46848554684212
  0
VERTEX
  5
268
  8
DEFAULT
 10
-830.7877786755562
 20
51.67050904832914
 30
40.46848554684212
  0
VERTEX
  5
269
  8
DEFAULT
 10
-830.772169817239
 20
51.63924290664627
 30
40.46848554684212
  0
VERTEX
  5
26A
  8
DEFAULT
 10
-830.757080078125
 20
51.60745764576032
 30
40.46848554684212
  0
VERTEX
  5
26B
  8
DEFAULT
 10
-830.7425053007901
 20
51.57515742309525
 30
40.46848554684212
  0
VERTEX
  5
26C
  8
DEFAULT
 10
-830.7284410595894
 20
51.54234666429593
 30
40.46848554684212
  0
VERTEX
  5
26D
  8
DEFAULT
 10
-830.7148826606572
 20
51.50903006322815
 30
40.46848554684212
  0
VERTEX
  5
26E
  8
DEFAULT
 10
-830.7018251419067
 20
51.47521258197858
 30
40.46848554684212
  0
VERTEX
  5
26F
  8
DEFAULT
 10
-830.6771915555
 20
51.40609616838529
 30
40.46848554684212
  0
VERTEX
  5
270
  8
DEFAULT
 10
-830.6544952392578
 20
51.33504248462751
 30
40.46848554684212
  0
VERTEX
  5
271
  8
DEFAULT
 10
-830.6336868405342
 20
51.26210088335111
 30
40.46848554684212
  0
VERTEX
  5
272
  8
DEFAULT
 10
-830.6147127151489
 20
51.18732500873639
 30
40.46848554684212
  0
VERTEX
  5
273
  8
DEFAULT
 10
-830.5975149273872
 20
51.11077279649808
 30
40.46848554684212
  0
VERTEX
  5
274
  8
DEFAULT
 10
-830.58203125
 20
51.03250647388532
 30
40.46848554684212
  0
VERTEX
  5
275
  8
DEFAULT
 10
-830.5681951642036
 20
50.95259255968168
 30
40.46848554684212
  0
VERTEX
  5
276
  8
DEFAULT
 10
-830.5559358596802
 20
50.87110186420514
 30
40.46848554684212
  0
VERTEX
  5
277
  8
DEFAULT
 10
-830.5451782345772
 20
50.78810948930814
 30
40.46848554684212
  0
VERTEX
  5
278
  8
DEFAULT
 10
-830.5358428955078
 20
50.70369482837751
 30
40.46848554684212
  0
VERTEX
  5
279
  8
DEFAULT
 10
-830.5211000442505
 20
50.53093767963483
 30
40.46848554684212
  0
VERTEX
  5
27A
  8
DEFAULT
 10
-830.510986328125
 20
50.35355139576032
 30
40.46848554684212
  0
VERTEX
  5
27B
  8
DEFAULT
 10
-830.5014190673828
 20
49.98811865650251
 30
40.46848554684212
  0
VERTEX
  5
27C
  8
DEFAULT
 10
-830.5
 20
49.61453772388532
 30
40.46848554684212
  0
VERTEX
  5
27D
  8
DEFAULT
 10
-830.5
 20
7.87381118693504
 30
40.46848554684212
  0
VERTEX
  5
27E
  8
DEFAULT
 10
-830.5014190673828
 20
7.500230254317855
 30
40.46848554684212
  0
VERTEX
  5
27F
  8
DEFAULT
 10
-830.510986328125
 20
7.134797515060043
 30
40.46848554684212
  0
VERTEX
  5
280
  8
DEFAULT
 10
-830.5211000442505
 20
6.957411231185532
 30
40.46848554684212
  0
VERTEX
  5
281
  8
DEFAULT
 10
-830.5358428955078
 20
6.784654082442856
 30
40.46848554684212
  0
VERTEX
  5
282
  8
DEFAULT
 10
-830.5451782345772
 20
6.700239421512222
 30
40.46848554684212
  0
VERTEX
  5
283
  8
DEFAULT
 10
-830.5559358596802
 20
6.617247046615219
 30
40.46848554684212
  0
VERTEX
  5
284
  8
DEFAULT
 10
-830.5681951642036
 20
6.535756351138688
 30
40.46848554684212
  0
VERTEX
  5
285
  8
DEFAULT
 10
-830.58203125
 20
6.455842436935044
 30
40.46848554684212
  0
VERTEX
  5
286
  8
DEFAULT
 10
-830.5975149273872
 20
6.377576114322281
 30
40.46848554684212
  0
VERTEX
  5
287
  8
DEFAULT
 10
-830.6147127151489
 20
6.301023902083969
 30
40.46848554684212
  0
VERTEX
  5
288
  8
DEFAULT
 10
-830.6336868405342
 20
6.226248027469255
 30
40.46848554684212
  0
VERTEX
  5
289
  8
DEFAULT
 10
-830.6544952392578
 20
6.153306426192858
 30
40.46848554684212
  0
VERTEX
  5
28A
  8
DEFAULT
 10
-830.6771915555
 20
6.082252742435076
 30
40.46848554684212
  0
VERTEX
  5
28B
  8
DEFAULT
 10
-830.7018251419067
 20
6.013136328841783
 30
40.46848554684212
  0
VERTEX
  5
28C
  8
DEFAULT
 10
-830.7148826606572
 20
5.979318847592213
 30
40.46848554684212
  0
VERTEX
  5
28D
  8
DEFAULT
 10
-830.7284410595894
 20
5.946002246524431
 30
40.46848554684212
  0
VERTEX
  5
28E
  8
DEFAULT
 10
-830.7425053007901
 20
5.913191487725117
 30
40.46848554684212
  0
VERTEX
  5
28F
  8
DEFAULT
 10
-830.757080078125
 20
5.880891265060045
 30
40.46848554684212
  0
VERTEX
  5
290
  8
DEFAULT
 10
-830.772169817239
 20
5.849106004174091
 30
40.46848554684212
  0
VERTEX
  5
291
  8
DEFAULT
 10
-830.7877786755562
 20
5.817839862491228
 30
40.46848554684212
  0
VERTEX
  5
292
  8
DEFAULT
 10
-830.8039105422795
 20
5.787096729214527
 30
40.46848554684212
  0
VERTEX
  5
293
  8
DEFAULT
 10
-830.8205690383911
 20
5.756880225326158
 30
40.46848554684212
  0
VERTEX
  5
294
  8
DEFAULT
 10
-830.8377575166523
 20
5.727193703587391
 30
40.46848554684212
  0
VERTEX
  5
295
  8
DEFAULT
 10
-830.8554790616035
 20
5.698040248538591
 30
40.46848554684212
  0
VERTEX
  5
296
  8
DEFAULT
 10
-830.8737364895642
 20
5.669422676499225
 30
40.46848554684212
  0
VERTEX
  5
297
  8
DEFAULT
 10
-830.8925323486328
 20
5.641343535567858
 30
40.46848554684212
  0
VERTEX
  5
298
  8
DEFAULT
 10
-830.9118689186871
 20
5.61380510562215
 30
40.46848554684212
  0
VERTEX
  5
299
  8
DEFAULT
 10
-830.9317482113838
 20
5.586809398318865
 30
40.46848554684212
  0
VERTEX
  5
29A
  8
DEFAULT
 10
-830.9521719701588
 20
5.56035815709386
 30
40.46848554684212
  0
VERTEX
  5
29B
  8
DEFAULT
 10
-830.973141670227
 20
5.534452857162096
 30
40.46848554684212
  0
VERTEX
  5
29C
  8
DEFAULT
 10
-830.9946585185826
 20
5.509094705517628
 30
40.46848554684212
  0
VERTEX
  5
29D
  8
DEFAULT
 10
-831.0167234539986
 20
5.484284640933611
 30
40.46848554684212
  0
VERTEX
  5
29E
  8
DEFAULT
 10
-831.0393371470273
 20
5.460023333962299
 30
40.46848554684212
  0
VERTEX
  5
29F
  8
DEFAULT
 10
-831.0625
 20
5.436311186935045
 30
40.46848554684212
  0
VERTEX
  5
2A0
  8
DEFAULT
 10
-831.0862121470273
 20
5.413148333962299
 30
40.46848554684212
  0
VERTEX
  5
2A1
  8
DEFAULT
 10
-831.1104734539986
 20
5.390534640933611
 30
40.46848554684212
  0
VERTEX
  5
2A2
  8
DEFAULT
 10
-831.1352835185826
 20
5.368469705517628
 30
40.46848554684212
  0
VERTEX
  5
2A3
  8
DEFAULT
 10
-831.160641670227
 20
5.346952857162096
 30
40.46848554684212
  0
VERTEX
  5
2A4
  8
DEFAULT
 10
-831.1865469701588
 20
5.32598315709386
 30
40.46848554684212
  0
VERTEX
  5
2A5
  8
DEFAULT
 10
-831.2129982113838
 20
5.305559398318865
 30
40.46848554684212
  0
VERTEX
  5
2A6
  8
DEFAULT
 10
-831.2399939186871
 20
5.28568010562215
 30
40.46848554684212
  0
VERTEX
  5
2A7
  8
DEFAULT
 10
-831.2675323486328
 20
5.266343535567858
 30
40.46848554684212
  0
VERTEX
  5
2A8
  8
DEFAULT
 10
-831.2956114895642
 20
5.247547676499225
 30
40.46848554684212
  0
VERTEX
  5
2A9
  8
DEFAULT
 10
-831.3242290616035
 20
5.229290248538591
 30
40.46848554684212
  0
VERTEX
  5
2AA
  8
DEFAULT
 10
-831.3533825166523
 20
5.211568703587391
 30
40.46848554684212
  0
VERTEX
  5
2AB
  8
DEFAULT
 10
-831.3830690383911
 20
5.194380225326158
 30
40.46848554684212
  0
VERTEX
  5
2AC
  8
DEFAULT
 10
-831.4132855422795
 20
5.177721729214527
 30
40.46848554684212
  0
VERTEX
  5
2AD
  8
DEFAULT
 10
-831.4440286755562
 20
5.161589862491228
 30
40.46848554684212
  0
VERTEX
  5
2AE
  8
DEFAULT
 10
-831.475294817239
 20
5.145981004174091
 30
40.46848554684212
  0
VERTEX
  5
2AF
  8
DEFAULT
 10
-831.507080078125
 20
5.130891265060045
 30
40.46848554684212
  0
VERTEX
  5
2B0
  8
DEFAULT
 10
-831.5393803007901
 20
5.116316487725117
 30
40.46848554684212
  0
VERTEX
  5
2B1
  8
DEFAULT
 10
-831.5721910595894
 20
5.102252246524431
 30
40.46848554684212
  0
VERTEX
  5
2B2
  8
DEFAULT
 10
-831.6055076606572
 20
5.088693847592213
 30
40.46848554684212
  0
VERTEX
  5
2B3
  8
DEFAULT
 10
-831.6393251419067
 20
5.075636328841783
 30
40.46848554684212
  0
VERTEX
  5
2B4
  8
DEFAULT
 10
-831.7084415555
 20
5.051002742435076
 30
40.46848554684212
  0
VERTEX
  5
2B5
  8
DEFAULT
 10
-831.7794952392578
 20
5.028306426192858
 30
40.46848554684212
  0
VERTEX
  5
2B6
  8
DEFAULT
 10
-831.8524368405342
 20
5.007498027469255
 30
40.46848554684212
  0
VERTEX
  5
2B7
  8
DEFAULT
 10
-831.9272127151489
 20
4.988523902083971
 30
40.46848554684212
  0
VERTEX
  5
2B8
  8
DEFAULT
 10
-832.0037649273872
 20
4.971326114322283
 30
40.46848554684212
  0
VERTEX
  5
2B9
  8
DEFAULT
 10
-832.08203125
 20
4.955842436935045
 30
40.46848554684212
  0
VERTEX
  5
2BA
  8
DEFAULT
 10
-832.1619451642036
 20
4.942006351138689
 30
40.46848554684212
  0
VERTEX
  5
2BB
  8
DEFAULT
 10
-832.2434358596802
 20
4.929747046615221
 30
40.46848554684212
  0
VERTEX
  5
2BC
  8
DEFAULT
 10
-832.3264282345772
 20
4.918989421512225
 30
40.46848554684212
  0
VERTEX
  5
2BD
  8
DEFAULT
 10
-832.4108428955078
 20
4.909654082442858
 30
40.46848554684212
  0
VERTEX
  5
2BE
  8
DEFAULT
 10
-832.5836000442505
 20
4.894911231185533
 30
40.46848554684212
  0
VERTEX
  5
2BF
  8
DEFAULT
 10
-832.760986328125
 20
4.884797515060045
 30
40.46848554684212
  0
VERTEX
  5
2C0
  8
DEFAULT
 10
-833.1264190673828
 20
4.875230254317859
 30
40.46848554684212
  0
VERTEX
  5
2C1
  8
DEFAULT
 10
-833.5
 20
4.873811186935047
 30
40.46848554684212
  0
VERTEX
  5
2C2
  8
DEFAULT
 10
-837.0
 20
4.873811189525057
 30
40.46848554684212
  0
VERTEX
  5
2C3
  8
DEFAULT
 10
-837.0
 20
-18.47784719558822
 30
40.46848554684212
  0
VERTEX
  5
2C4
  8
DEFAULT
 10
-833.5
 20
-18.47784719286769
 30
40.46848554684212
  0
VERTEX
  5
2C5
  8
DEFAULT
 10
-833.1264190673828
 20
-18.4792662602505
 30
40.46848554684212
  0
VERTEX
  5
2C6
  8
DEFAULT
 10
-832.760986328125
 20
-18.48883352099269
 30
40.46848554684212
  0
VERTEX
  5
2C7
  8
DEFAULT
 10
-832.5836000442505
 20
-18.49894723711817
 30
40.46848554684212
  0
VERTEX
  5
2C8
  8
DEFAULT
 10
-832.4108428955078
 20
-18.5136900883755
 30
40.46848554684212
  0
VERTEX
  5
2C9
  8
DEFAULT
 10
-832.3264282345772
 20
-18.52302542744486
 30
40.46848554684212
  0
VERTEX
  5
2CA
  8
DEFAULT
 10
-832.2434358596802
 20
-18.53378305254786
 30
40.46848554684212
  0
VERTEX
  5
2CB
  8
DEFAULT
 10
-832.1619451642036
 20
-18.54604235707133
 30
40.46848554684212
  0
VERTEX
  5
2CC
  8
DEFAULT
 10
-832.08203125
 20
-18.55987844286769
 30
40.46848554684212
  0
VERTEX
  5
2CD
  8
DEFAULT
 10
-832.0037649273872
 20
-18.57536212025492
 30
40.46848554684212
  0
VERTEX
  5
2CE
  8
DEFAULT
 10
-831.9272127151489
 20
-18.59255990801661
 30
40.46848554684212
  0
VERTEX
  5
2CF
  8
DEFAULT
 10
-831.8524368405342
 20
-18.6115340334019
 30
40.46848554684212
  0
VERTEX
  5
2D0
  8
DEFAULT
 10
-831.7794952392578
 20
-18.6323424321255
 30
40.46848554684212
  0
VERTEX
  5
2D1
  8
DEFAULT
 10
-831.7084415555
 20
-18.65503874836772
 30
40.46848554684212
  0
VERTEX
  5
2D2
  8
DEFAULT
 10
-831.6393251419067
 20
-18.67967233477442
 30
40.46848554684212
  0
VERTEX
  5
2D3
  8
DEFAULT
 10
-831.6055076606572
 20
-18.69272985352485
 30
40.46848554684212
  0
VERTEX
  5
2D4
  8
DEFAULT
 10
-831.5721910595894
 20
-18.70628825245707
 30
40.46848554684212
  0
VERTEX
  5
2D5
  8
DEFAULT
 10
-831.5393803007901
 20
-18.72035249365776
 30
40.46848554684212
  0
VERTEX
  5
2D6
  8
DEFAULT
 10
-831.507080078125
 20
-18.73492727099269
 30
40.46848554684212
  0
VERTEX
  5
2D7
  8
DEFAULT
 10
-831.475294817239
 20
-18.75001701010673
 30
40.46848554684212
  0
VERTEX
  5
2D8
  8
DEFAULT
 10
-831.4440286755562
 20
-18.76562586842387
 30
40.46848554684212
  0
VERTEX
  5
2D9
  8
DEFAULT
 10
-831.4132855422795
 20
-18.78175773514717
 30
40.46848554684212
  0
VERTEX
  5
2DA
  8
DEFAULT
 10
-831.3830690383911
 20
-18.7984162312588
 30
40.46848554684212
  0
VERTEX
  5
2DB
  8
DEFAULT
 10
-831.3533825166523
 20
-18.81560470952003
 30
40.46848554684212
  0
VERTEX
  5
2DC
  8
DEFAULT
 10
-831.3242290616035
 20
-18.83332625447123
 30
40.46848554684212
  0
VERTEX
  5
2DD
  8
DEFAULT
 10
-831.2956114895642
 20
-18.85158368243187
 30
40.46848554684212
  0
VERTEX
  5
2DE
  8
DEFAULT
 10
-831.2675323486328
 20
-18.87037954150049
 30
40.46848554684212
  0
VERTEX
  5
2DF
  8
DEFAULT
 10
-831.2399939186871
 20
-18.88971611155479
 30
40.46848554684212
  0
VERTEX
  5
2E0
  8
DEFAULT
 10
-831.2129982113838
 20
-18.9095954042515
 30
40.46848554684212
  0
VERTEX
  5
2E1
  8
DEFAULT
 10
-831.1865469701588
 20
-18.9300191630265
 30
40.46848554684212
  0
VERTEX
  5
2E2
  8
DEFAULT
 10
-831.160641670227
 20
-18.95098886309473
 30
40.46848554684212
  0
VERTEX
  5
2E3
  8
DEFAULT
 10
-831.1352835185826
 20
-18.97250571145026
 30
40.46848554684212
  0
VERTEX
  5
2E4
  8
DEFAULT
 10
-831.1104734539986
 20
-18.99457064686624
 30
40.46848554684212
  0
VERTEX
  5
2E5
  8
DEFAULT
 10
-831.0862121470273
 20
-19.01718433989494
 30
40.46848554684212
  0
VERTEX
  5
2E6
  8
DEFAULT
 10
-831.0625
 20
-19.04034719286768
 30
40.46848554684212
  0
VERTEX
  5
2E7
  8
DEFAULT
 10
-831.0393371470273
 20
-19.06405933989494
 30
40.46848554684212
  0
VERTEX
  5
2E8
  8
DEFAULT
 10
-831.0167234539986
 20
-19.08832064686625
 30
40.46848554684212
  0
VERTEX
  5
2E9
  8
DEFAULT
 10
-830.9946585185826
 20
-19.11313071145027
 30
40.46848554684212
  0
VERTEX
  5
2EA
  8
DEFAULT
 10
-830.973141670227
 20
-19.13848886309473
 30
40.46848554684212
  0
VERTEX
  5
2EB
  8
DEFAULT
 10
-830.9521719701588
 20
-19.16439416302649
 30
40.46848554684212
  0
VERTEX
  5
2EC
  8
DEFAULT
 10
-830.9317482113838
 20
-19.1908454042515
 30
40.46848554684212
  0
VERTEX
  5
2ED
  8
DEFAULT
 10
-830.9118689186871
 20
-19.21784111155478
 30
40.46848554684212
  0
VERTEX
  5
2EE
  8
DEFAULT
 10
-830.8925323486328
 20
-19.24537954150049
 30
40.46848554684212
  0
VERTEX
  5
2EF
  8
DEFAULT
 10
-830.8737364895642
 20
-19.27345868243186
 30
40.46848554684212
  0
VERTEX
  5
2F0
  8
DEFAULT
 10
-830.8554790616035
 20
-19.30207625447122
 30
40.46848554684212
  0
VERTEX
  5
2F1
  8
DEFAULT
 10
-830.8377575166523
 20
-19.33122970952003
 30
40.46848554684212
  0
VERTEX
  5
2F2
  8
DEFAULT
 10
-830.8205690383911
 20
-19.36091623125879
 30
40.46848554684212
  0
VERTEX
  5
2F3
  8
DEFAULT
 10
-830.8039105422795
 20
-19.39113273514716
 30
40.46848554684212
  0
VERTEX
  5
2F4
  8
DEFAULT
 10
-830.7877786755562
 20
-19.42187586842386
 30
40.46848554684212
  0
VERTEX
  5
2F5
  8
DEFAULT
 10
-830.772169817239
 20
-19.45314201010673
 30
40.46848554684212
  0
VERTEX
  5
2F6
  8
DEFAULT
 10
-830.757080078125
 20
-19.48492727099268
 30
40.46848554684212
  0
VERTEX
  5
2F7
  8
DEFAULT
 10
-830.7425053007901
 20
-19.51722749365775
 30
40.46848554684212
  0
VERTEX
  5
2F8
  8
DEFAULT
 10
-830.7284410595894
 20
-19.55003825245706
 30
40.46848554684212
  0
VERTEX
  5
2F9
  8
DEFAULT
 10
-830.7148826606572
 20
-19.58335485352485
 30
40.46848554684212
  0
VERTEX
  5
2FA
  8
DEFAULT
 10
-830.7018251419067
 20
-19.61717233477442
 30
40.46848554684212
  0
VERTEX
  5
2FB
  8
DEFAULT
 10
-830.6771915555
 20
-19.68628874836771
 30
40.46848554684212
  0
VERTEX
  5
2FC
  8
DEFAULT
 10
-830.6544952392578
 20
-19.75734243212549
 30
40.46848554684212
  0
VERTEX
  5
2FD
  8
DEFAULT
 10
-830.6336868405342
 20
-19.83028403340189
 30
40.46848554684212
  0
VERTEX
  5
2FE
  8
DEFAULT
 10
-830.6147127151489
 20
-19.90505990801661
 30
40.46848554684212
  0
VERTEX
  5
2FF
  8
DEFAULT
 10
-830.5975149273872
 20
-19.98161212025492
 30
40.46848554684212
  0
VERTEX
  5
300
  8
DEFAULT
 10
-830.58203125
 20
-20.05987844286768
 30
40.46848554684212
  0
VERTEX
  5
301
  8
DEFAULT
 10
-830.5681951642036
 20
-20.13979235707133
 30
40.46848554684212
  0
VERTEX
  5
302
  8
DEFAULT
 10
-830.5559358596802
 20
-20.22128305254786
 30
40.46848554684212
  0
VERTEX
  5
303
  8
DEFAULT
 10
-830.5451782345772
 20
-20.30427542744486
 30
40.46848554684212
  0
VERTEX
  5
304
  8
DEFAULT
 10
-830.5358428955078
 20
-20.3886900883755
 30
40.46848554684212
  0
VERTEX
  5
305
  8
DEFAULT
 10
-830.5211000442505
 20
-20.56144723711817
 30
40.46848554684212
  0
VERTEX
  5
306
  8
DEFAULT
 10
-830.510986328125
 20
-20.73883352099269
 30
40.46848554684212
  0
VERTEX
  5
307
  8
DEFAULT
 10
-830.5014190673828
 20
-21.1042662602505
 30
40.46848554684212
  0
VERTEX
  5
308
  8
DEFAULT
 10
-830.5
 20
-21.47784719286768
 30
40.46848554684212
  0
VERTEX
  5
309
  8
DEFAULT
 10
-830.5
 20
-63.40004011345395
 30
40.46848554684212
  0
VERTEX
  5
30A
  8
DEFAULT
 10
-830.5014190673828
 20
-63.77362104607115
 30
40.46848554684212
  0
VERTEX
  5
30B
  8
DEFAULT
 10
-830.510986328125
 20
-64.13905378532897
 30
40.46848554684212
  0
VERTEX
  5
30C
  8
DEFAULT
 10
-830.5211000442505
 20
-64.31644006920348
 30
40.46848554684212
  0
VERTEX
  5
30D
  8
DEFAULT
 10
-830.5358428955078
 20
-64.48919721794616
 30
40.46848554684212
  0
VERTEX
  5
30E
  8
DEFAULT
 10
-830.5451782345772
 20
-64.57361187887679
 30
40.46848554684212
  0
VERTEX
  5
30F
  8
DEFAULT
 10
-830.5559358596802
 20
-64.65660425377379
 30
40.46848554684212
  0
VERTEX
  5
310
  8
DEFAULT
 10
-830.5681951642036
 20
-64.73809494925031
 30
40.46848554684212
  0
VERTEX
  5
311
  8
DEFAULT
 10
-830.58203125
 20
-64.81800886345395
 30
40.46848554684212
  0
VERTEX
  5
312
  8
DEFAULT
 10
-830.5975149273872
 20
-64.89627518606673
 30
40.46848554684212
  0
VERTEX
  5
313
  8
DEFAULT
 10
-830.6147127151489
 20
-64.97282739830504
 30
40.46848554684212
  0
VERTEX
  5
314
  8
DEFAULT
 10
-830.6336868405342
 20
-65.04760327291973
 30
40.46848554684212
  0
VERTEX
  5
315
  8
DEFAULT
 10
-830.6544952392578
 20
-65.12054487419614
 30
40.46848554684212
  0
VERTEX
  5
316
  8
DEFAULT
 10
-830.6771915555
 20
-65.19159855795392
 30
40.46848554684212
  0
VERTEX
  5
317
  8
DEFAULT
 10
-830.7018251419067
 20
-65.26071497154722
 30
40.46848554684212
  0
VERTEX
  5
318
  8
DEFAULT
 10
-830.7148826606572
 20
-65.29453245279679
 30
40.46848554684212
  0
VERTEX
  5
319
  8
DEFAULT
 10
-830.7284410595894
 20
-65.32784905386455
 30
40.46848554684212
  0
VERTEX
  5
31A
  8
DEFAULT
 10
-830.7425053007901
 20
-65.36065981266387
 30
40.46848554684212
  0
VERTEX
  5
31B
  8
DEFAULT
 10
-830.757080078125
 20
-65.39296003532895
 30
40.46848554684212
  0
VERTEX
  5
31C
  8
DEFAULT
 10
-830.772169817239
 20
-65.42474529621491
 30
40.46848554684212
  0
VERTEX
  5
31D
  8
DEFAULT
 10
-830.7877786755562
 20
-65.45601143789777
 30
40.46848554684212
  0
VERTEX
  5
31E
  8
DEFAULT
 10
-830.8039105422795
 20
-65.48675457117446
 30
40.46848554684212
  0
VERTEX
  5
31F
  8
DEFAULT
 10
-830.8205690383911
 20
-65.51697107506283
 30
40.46848554684212
  0
VERTEX
  5
320
  8
DEFAULT
 10
-830.8377575166523
 20
-65.54665759680161
 30
40.46848554684212
  0
VERTEX
  5
321
  8
DEFAULT
 10
-830.8554790616035
 20
-65.5758110518504
 30
40.46848554684212
  0
VERTEX
  5
322
  8
DEFAULT
 10
-830.8737364895642
 20
-65.60442862388976
 30
40.46848554684212
  0
VERTEX
  5
323
  8
DEFAULT
 10
-830.8925323486328
 20
-65.63250776482113
 30
40.46848554684212
  0
VERTEX
  5
324
  8
DEFAULT
 10
-830.9118689186871
 20
-65.66004619476684
 30
40.46848554684212
  0
VERTEX
  5
325
  8
DEFAULT
 10
-830.9317482113838
 20
-65.68704190207012
 30
40.46848554684212
  0
VERTEX
  5
326
  8
DEFAULT
 10
-830.9521719701588
 20
-65.71349314329512
 30
40.46848554684212
  0
VERTEX
  5
327
  8
DEFAULT
 10
-830.973141670227
 20
-65.7393984432269
 30
40.46848554684212
  0
VERTEX
  5
328
  8
DEFAULT
 10
-830.9946585185826
 20
-65.76475659487139
 30
40.46848554684212
  0
VERTEX
  5
329
  8
DEFAULT
 10
-831.0167234539986
 20
-65.78956665945539
 30
40.46848554684212
  0
VERTEX
  5
32A
  8
DEFAULT
 10
-831.0393371470273
 20
-65.8138279664267
 30
40.46848554684212
  0
VERTEX
  5
32B
  8
DEFAULT
 10
-831.0625
 20
-65.83754011345395
 30
40.46848554684212
  0
VERTEX
  5
32C
  8
DEFAULT
 10
-831.0862121470273
 20
-65.8607029664267
 30
40.46848554684212
  0
VERTEX
  5
32D
  8
DEFAULT
 10
-831.1104734539986
 20
-65.88331665945537
 30
40.46848554684212
  0
VERTEX
  5
32E
  8
DEFAULT
 10
-831.1352835185826
 20
-65.90538159487136
 30
40.46848554684212
  0
VERTEX
  5
32F
  8
DEFAULT
 10
-831.160641670227
 20
-65.9268984432269
 30
40.46848554684212
  0
VERTEX
  5
330
  8
DEFAULT
 10
-831.1865469701588
 20
-65.94786814329514
 30
40.46848554684212
  0
VERTEX
  5
331
  8
DEFAULT
 10
-831.2129982113838
 20
-65.96829190207013
 30
40.46848554684212
  0
VERTEX
  5
332
  8
DEFAULT
 10
-831.2399939186871
 20
-65.98817119476686
 30
40.46848554684212
  0
VERTEX
  5
333
  8
DEFAULT
 10
-831.2675323486328
 20
-66.00750776482114
 30
40.46848554684212
  0
VERTEX
  5
334
  8
DEFAULT
 10
-831.2956114895642
 20
-66.02630362388979
 30
40.46848554684212
  0
VERTEX
  5
335
  8
DEFAULT
 10
-831.3242290616035
 20
-66.04456105185042
 30
40.46848554684212
  0
VERTEX
  5
336
  8
DEFAULT
 10
-831.3533825166523
 20
-66.06228259680162
 30
40.46848554684212
  0
VERTEX
  5
337
  8
DEFAULT
 10
-831.3830690383911
 20
-66.07947107506286
 30
40.46848554684212
  0
VERTEX
  5
338
  8
DEFAULT
 10
-831.4132855422795
 20
-66.09612957117449
 30
40.46848554684212
  0
VERTEX
  5
339
  8
DEFAULT
 10
-831.4440286755562
 20
-66.11226143789779
 30
40.46848554684212
  0
VERTEX
  5
33A
  8
DEFAULT
 10
-831.475294817239
 20
-66.12787029621492
 30
40.46848554684212
  0
VERTEX
  5
33B
  8
DEFAULT
 10
-831.507080078125
 20
-66.14296003532897
 30
40.46848554684212
  0
VERTEX
  5
33C
  8
DEFAULT
 10
-831.5393803007901
 20
-66.1575348126639
 30
40.46848554684212
  0
VERTEX
  5
33D
  8
DEFAULT
 10
-831.5721910595894
 20
-66.17159905386457
 30
40.46848554684212
  0
VERTEX
  5
33E
  8
DEFAULT
 10
-831.6055076606572
 20
-66.18515745279679
 30
40.46848554684212
  0
VERTEX
  5
33F
  8
DEFAULT
 10
-831.6393251419067
 20
-66.19821497154722
 30
40.46848554684212
  0
VERTEX
  5
340
  8
DEFAULT
 10
-831.7084415555
 20
-66.22284855795394
 30
40.46848554684212
  0
VERTEX
  5
341
  8
DEFAULT
 10
-831.7794952392578
 20
-66.24554487419616
 30
40.46848554684212
  0
VERTEX
  5
342
  8
DEFAULT
 10
-831.8524368405342
 20
-66.26635327291976
 30
40.46848554684212
  0
VERTEX
  5
343
  8
DEFAULT
 10
-831.9272127151489
 20
-66.28532739830504
 30
40.46848554684212
  0
VERTEX
  5
344
  8
DEFAULT
 10
-832.0037649273872
 20
-66.30252518606673
 30
40.46848554684212
  0
VERTEX
  5
345
  8
DEFAULT
 10
-832.08203125
 20
-66.31800886345397
 30
40.46848554684212
  0
VERTEX
  5
346
  8
DEFAULT
 10
-832.1619451642036
 20
-66.33184494925032
 30
40.46848554684212
  0
VERTEX
  5
347
  8
DEFAULT
 10
-832.2434358596802
 20
-66.34410425377379
 30
40.46848554684212
  0
VERTEX
  5
348
  8
DEFAULT
 10
-832.3264282345772
 20
-66.35486187887678
 30
40.46848554684212
  0
VERTEX
  5
349
  8
DEFAULT
 10
-832.4108428955078
 20
-66.36419721794616
 30
40.46848554684212
  0
VERTEX
  5
34A
  8
DEFAULT
 10
-832.5836000442505
 20
-66.37894006920348
 30
40.46848554684212
  0
VERTEX
  5
34B
  8
DEFAULT
 10
-832.760986328125
 20
-66.38905378532897
 30
40.46848554684212
  0
VERTEX
  5
34C
  8
DEFAULT
 10
-833.1264190673828
 20
-66.39862104607116
 30
40.46848554684212
  0
VERTEX
  5
34D
  8
DEFAULT
 10
-833.5
 20
-66.40004011345397
 30
40.46848554684212
  0
VERTEX
  5
34E
  8
DEFAULT
 10
-837.0
 20
-66.40004011073343
 30
40.46848554684212
  0
VERTEX
  5
34F
  8
DEFAULT
 10
-837.0
 20
-89.78585252628157
 30
40.46848554684212
  0
VERTEX
  5
350
  8
DEFAULT
 10
-832.4277383743463
 20
-89.78585252628159
 30
40.46848554684212
  0
VERTEX
  5
351
  8
DEFAULT
 10
-832.2903163625526
 20
-89.80135502515424
 30
40.46848554684212
  0
VERTEX
  5
352
  8
DEFAULT
 10
-832.1567700486901
 20
-89.82073322195808
 30
40.46848554684212
  0
VERTEX
  5
353
  8
DEFAULT
 10
-832.0915547923048
 20
-89.83198022090582
 30
40.46848554684212
  0
VERTEX
  5
354
  8
DEFAULT
 10
-832.0274300790674
 20
-89.84431776300153
 30
40.46848554684212
  0
VERTEX
  5
355
  8
DEFAULT
 10
-831.9644324923654
 20
-89.8577824316327
 30
40.46848554684212
  0
VERTEX
  5
356
  8
DEFAULT
 10
-831.902596716626
 20
-89.8724089112265
 30
40.46848554684212
  0
VERTEX
  5
357
  8
DEFAULT
 10
-831.8419555373162
 20
-89.88822998724962
 30
40.46848554684212
  0
VERTEX
  5
358
  8
DEFAULT
 10
-831.7825398409416
 20
-89.9052765462084
 30
40.46848554684212
  0
VERTEX
  5
359
  8
DEFAULT
 10
-831.7243786150487
 20
-89.9235775756487
 30
40.46848554684212
  0
VERTEX
  5
35A
  8
DEFAULT
 10
-831.6674989482229
 20
-89.94316016415603
 30
40.46848554684212
  0
VERTEX
  5
35B
  8
DEFAULT
 10
-831.6119260300892
 20
-89.96404950135548
 30
40.46848554684212
  0
VERTEX
  5
35C
  8
DEFAULT
 10
-831.5576831513123
 20
-89.98626887791167
 30
40.46848554684212
  0
VERTEX
  5
35D
  8
DEFAULT
 10
-831.5047917035964
 20
-90.00983968552895
 30
40.46848554684212
  0
VERTEX
  5
35E
  8
DEFAULT
 10
-831.4532711796854
 20
-90.03478141695112
 30
40.46848554684212
  0
VERTEX
  5
35F
  8
DEFAULT
 10
-831.4031391733627
 20
-90.06111166596165
 30
40.46848554684212
  0
VERTEX
  5
360
  8
DEFAULT
 10
-831.3544113794516
 20
-90.08884612738356
 30
40.46848554684212
  0
VERTEX
  5
361
  8
DEFAULT
 10
-831.3305784475355
 20
-90.10324432313402
 30
40.46848554684212
  0
VERTEX
  5
362
  8
DEFAULT
 10
-831.3071015938144
 20
-90.1179985970795
 30
40.46848554684212
  0
VERTEX
  5
363
  8
DEFAULT
 10
-831.2839822460587
 20
-90.13311037699033
 30
40.46848554684212
  0
VERTEX
  5
364
  8
DEFAULT
 10
-831.2612217133535
 20
-90.1485809719517
 30
40.46848554684212
  0
VERTEX
  5
365
  8
DEFAULT
 10
-831.238821186099
 20
-90.16441157236385
 30
40.46848554684212
  0
VERTEX
  5
366
  8
DEFAULT
 10
-831.2167817360105
 20
-90.18060324994195
 30
40.46848554684212
  0
VERTEX
  5
367
  8
DEFAULT
 10
-831.1951043161182
 20
-90.19715695771619
 30
40.46848554684212
  0
VERTEX
  5
368
  8
DEFAULT
 10
-831.1737897607671
 20
-90.21407353003167
 30
40.46848554684212
  0
VERTEX
  5
369
  8
DEFAULT
 10
-831.1528387856174
 20
-90.23135368254853
 30
40.46848554684212
  0
VERTEX
  5
36A
  8
DEFAULT
 10
-831.1322519876442
 20
-90.24899801224186
 30
40.46848554684212
  0
VERTEX
  5
36B
  8
DEFAULT
 10
-831.1120298451374
 20
-90.2670069974017
 30
40.46848554684212
  0
VERTEX
  5
36C
  8
DEFAULT
 10
-831.0921727177023
 20
-90.2853809976331
 30
40.46848554684212
  0
VERTEX
  5
36D
  8
DEFAULT
 10
-831.0726808462589
 20
-90.30412025385604
 30
40.46848554684212
  0
VERTEX
  5
36E
  8
DEFAULT
 10
-831.0535543530416
 20
-90.32322488830556
 30
40.46848554684212
  0
VERTEX
  5
36F
  8
DEFAULT
 10
-831.034793241601
 20
-90.34269490453158
 30
40.46848554684212
  0
VERTEX
  5
370
  8
DEFAULT
 10
-831.016397396802
 20
-90.362530187399
 30
40.46848554684212
  0
VERTEX
  5
371
  8
DEFAULT
 10
-830.9983665848241
 20
-90.38273050308779
 30
40.46848554684212
  0
VERTEX
  5
372
  8
DEFAULT
 10
-830.9807004531626
 20
-90.40329549909282
 30
40.46848554684212
  0
VERTEX
  5
373
  8
DEFAULT
 10
-830.9633985306273
 20
-90.4242247042239
 30
40.46848554684212
  0
VERTEX
  5
374
  8
DEFAULT
 10
-830.9464602273426
 20
-90.44551752860593
 30
40.46848554684212
  0
VERTEX
  5
375
  8
DEFAULT
 10
-830.9298848347487
 20
-90.46717326367866
 30
40.46848554684212
  0
VERTEX
  5
376
  8
DEFAULT
 10
-830.9136715256003
 20
-90.4891910821969
 30
40.46848554684212
  0
VERTEX
  5
377
  8
DEFAULT
 10
-830.8978193539674
 20
-90.51157003823042
 30
40.46848554684212
  0
VERTEX
  5
378
  8
DEFAULT
 10
-830.8823272552343
 20
-90.53430906716389
 30
40.46848554684212
  0
VERTEX
  5
379
  8
DEFAULT
 10
-830.8671940461008
 20
-90.55740698569704
 30
40.46848554684212
  0
VERTEX
  5
37A
  8
DEFAULT
 10
-830.8524184245819
 20
-90.58086249184458
 30
40.46848554684212
  0
VERTEX
  5
37B
  8
DEFAULT
 10
-830.8239341430203
 20
-90.6288404656163
 30
40.46848554684212
  0
VERTEX
  5
37C
  8
DEFAULT
 10
-830.7968616209668
 20
-90.67823019889599
 30
40.46848554684212
  0
VERTEX
  5
37D
  8
DEFAULT
 10
-830.7711861698778
 20
-90.72901700314011
 30
40.46848554684212
  0
VERTEX
  5
37E
  8
DEFAULT
 10
-830.7468912022493
 20
-90.78118429084478
 30
40.46848554684212
  0
VERTEX
  5
37F
  8
DEFAULT
 10
-830.7239582316172
 20
-90.83471357554568
 30
40.46848554684212
  0
VERTEX
  5
380
  8
DEFAULT
 10
-830.7023668725562
 20
-90.88958447181807
 30
40.46848554684212
  0
VERTEX
  5
381
  8
DEFAULT
 10
-830.6820948406819
 20
-90.94577469527681
 30
40.46848554684212
  0
VERTEX
  5
382
  8
DEFAULT
 10
-830.6631179526485
 20
-91.0032600625764
 30
40.46848554684212
  0
VERTEX
  5
383
  8
DEFAULT
 10
-830.6454101261497
 20
-91.06201449141085
 30
40.46848554684212
  0
VERTEX
  5
384
  8
DEFAULT
 10
-830.6289433799195
 20
-91.12201000051382
 30
40.46848554684212
  0
VERTEX
  5
385
  8
DEFAULT
 10
-830.6136878337311
 20
-91.18321670965854
 30
40.46848554684212
  0
VERTEX
  5
386
  8
DEFAULT
 10
-830.5996117083973
 20
-91.24560283965782
 30
40.46848554684212
  0
VERTEX
  5
387
  8
DEFAULT
 10
-830.5866813257704
 20
-91.3091347123641
 30
40.46848554684212
  0
VERTEX
  5
388
  8
DEFAULT
 10
-830.5748611087427
 20
-91.37377675066936
 30
40.46848554684212
  0
VERTEX
  5
389
  8
DEFAULT
 10
-830.5641135812452
 20
-91.4394914785052
 30
40.46848554684212
  0
VERTEX
  5
38A
  8
DEFAULT
 10
-830.5456771957668
 20
-91.57397960369305
 30
40.46848554684212
  0
VERTEX
  5
38B
  8
DEFAULT
 10
-830.5310343815796
 20
-91.71226130017217
 30
40.46848554684212
  0
VERTEX
  5
38C
  8
DEFAULT
 10
-830.5198169675618
 20
-91.85396839682068
 30
40.46848554684212
  0
VERTEX
  5
38D
  8
DEFAULT
 10
-830.5116263992248
 20
-91.99870233915007
 30
40.46848554684212
  0
VERTEX
  5
38E
  8
DEFAULT
 10
-830.506033738714
 20
-92.1460341893054
 30
40.46848554684212
  0
VERTEX
  5
38F
  8
DEFAULT
 10
-830.5
 20
-92.75169849325667
 30
40.46848554684212
  0
VERTEX
  5
390
  8
DEFAULT
 10
-830.5
 20
-127.8984412192077
 30
40.46848554684212
  0
VERTEX
  5
391
  8
DEFAULT
 10
-830.5014190673828
 20
-128.2720221518249
 30
40.46848554684212
  0
VERTEX
  5
392
  8
DEFAULT
 10
-830.510986328125
 20
-128.6374548910827
 30
40.46848554684212
  0
VERTEX
  5
393
  8
DEFAULT
 10
-830.5211000442505
 20
-128.8148411749572
 30
40.46848554684212
  0
VERTEX
  5
394
  8
DEFAULT
 10
-830.5358428955078
 20
-128.9875983236999
 30
40.46848554684212
  0
VERTEX
  5
395
  8
DEFAULT
 10
-830.5451782345772
 20
-129.0720129846305
 30
40.46848554684212
  0
VERTEX
  5
396
  8
DEFAULT
 10
-830.5559358596802
 20
-129.1550053595275
 30
40.46848554684212
  0
VERTEX
  5
397
  8
DEFAULT
 10
-830.5681951642036
 20
-129.2364960550041
 30
40.46848554684212
  0
VERTEX
  5
398
  8
DEFAULT
 10
-830.58203125
 20
-129.3164099692077
 30
40.46848554684212
  0
VERTEX
  5
399
  8
DEFAULT
 10
-830.5975149273872
 20
-129.3946762918205
 30
40.46848554684212
  0
VERTEX
  5
39A
  8
DEFAULT
 10
-830.6147127151489
 20
-129.4712285040588
 30
40.46848554684212
  0
VERTEX
  5
39B
  8
DEFAULT
 10
-830.6336868405342
 20
-129.5460043786735
 30
40.46848554684212
  0
VERTEX
  5
39C
  8
DEFAULT
 10
-830.6544952392578
 20
-129.6189459799499
 30
40.46848554684212
  0
VERTEX
  5
39D
  8
DEFAULT
 10
-830.6771915555
 20
-129.6899996637077
 30
40.46848554684212
  0
VERTEX
  5
39E
  8
DEFAULT
 10
-830.7018251419067
 20
-129.759116077301
 30
40.46848554684212
  0
VERTEX
  5
39F
  8
DEFAULT
 10
-830.7148826606572
 20
-129.7929335585505
 30
40.46848554684212
  0
VERTEX
  5
3A0
  8
DEFAULT
 10
-830.7284410595894
 20
-129.8262501596183
 30
40.46848554684212
  0
VERTEX
  5
3A1
  8
DEFAULT
 10
-830.7425053007901
 20
-129.8590609184176
 30
40.46848554684212
  0
VERTEX
  5
3A2
  8
DEFAULT
 10
-830.757080078125
 20
-129.8913611410827
 30
40.46848554684212
  0
VERTEX
  5
3A3
  8
DEFAULT
 10
-830.772169817239
 20
-129.9231464019686
 30
40.46848554684212
  0
VERTEX
  5
3A4
  8
DEFAULT
 10
-830.7877786755562
 20
-129.9544125436515
 30
40.46848554684212
  0
VERTEX
  5
3A5
  8
DEFAULT
 10
-830.8039105422795
 20
-129.9851556769282
 30
40.46848554684212
  0
VERTEX
  5
3A6
  8
DEFAULT
 10
-830.8205690383911
 20
-130.0153721808165
 30
40.46848554684212
  0
VERTEX
  5
3A7
  8
DEFAULT
 10
-830.8377575166523
 20
-130.0450587025553
 30
40.46848554684212
  0
VERTEX
  5
3A8
  8
DEFAULT
 10
-830.8554790616035
 20
-130.0742121576041
 30
40.46848554684212
  0
VERTEX
  5
3A9
  8
DEFAULT
 10
-830.8737364895642
 20
-130.1028297296435
 30
40.46848554684212
  0
VERTEX
  5
3AA
  8
DEFAULT
 10
-830.8925323486328
 20
-130.1309088705748
 30
40.46848554684212
  0
VERTEX
  5
3AB
  8
DEFAULT
 10
-830.9118689186871
 20
-130.1584473005205
 30
40.46848554684212
  0
VERTEX
  5
3AC
  8
DEFAULT
 10
-830.9317482113838
 20
-130.1854430078238
 30
40.46848554684212
  0
VERTEX
  5
3AD
  8
DEFAULT
 10
-830.9521719701588
 20
-130.2118942490488
 30
40.46848554684212
  0
VERTEX
  5
3AE
  8
DEFAULT
 10
-830.973141670227
 20
-130.2377995489806
 30
40.46848554684212
  0
VERTEX
  5
3AF
  8
DEFAULT
 10
-830.9946585185826
 20
-130.2631577006251
 30
40.46848554684212
  0
VERTEX
  5
3B0
  8
DEFAULT
 10
-831.0167234539986
 20
-130.2879677652091
 30
40.46848554684212
  0
VERTEX
  5
3B1
  8
DEFAULT
 10
-831.0393371470273
 20
-130.3122290721804
 30
40.46848554684212
  0
VERTEX
  5
3B2
  8
DEFAULT
 10
-831.0625
 20
-130.3359412192077
 30
40.46848554684212
  0
VERTEX
  5
3B3
  8
DEFAULT
 10
-831.0862121470273
 20
-130.3591040721804
 30
40.46848554684212
  0
VERTEX
  5
3B4
  8
DEFAULT
 10
-831.1104734539986
 20
-130.3817177652091
 30
40.46848554684212
  0
VERTEX
  5
3B5
  8
DEFAULT
 10
-831.1352835185826
 20
-130.4037827006251
 30
40.46848554684212
  0
VERTEX
  5
3B6
  8
DEFAULT
 10
-831.160641670227
 20
-130.4252995489806
 30
40.46848554684212
  0
VERTEX
  5
3B7
  8
DEFAULT
 10
-831.1865469701588
 20
-130.4462692490489
 30
40.46848554684212
  0
VERTEX
  5
3B8
  8
DEFAULT
 10
-831.2129982113838
 20
-130.4666930078239
 30
40.46848554684212
  0
VERTEX
  5
3B9
  8
DEFAULT
 10
-831.2399939186871
 20
-130.4865723005206
 30
40.46848554684212
  0
VERTEX
  5
3BA
  8
DEFAULT
 10
-831.2675323486328
 20
-130.5059088705749
 30
40.46848554684212
  0
VERTEX
  5
3BB
  8
DEFAULT
 10
-831.2956114895642
 20
-130.5247047296435
 30
40.46848554684212
  0
VERTEX
  5
3BC
  8
DEFAULT
 10
-831.3242290616035
 20
-130.5429621576041
 30
40.46848554684212
  0
VERTEX
  5
3BD
  8
DEFAULT
 10
-831.3533825166523
 20
-130.5606837025553
 30
40.46848554684212
  0
VERTEX
  5
3BE
  8
DEFAULT
 10
-831.3830690383911
 20
-130.5778721808165
 30
40.46848554684212
  0
VERTEX
  5
3BF
  8
DEFAULT
 10
-831.4132855422795
 20
-130.5945306769282
 30
40.46848554684212
  0
VERTEX
  5
3C0
  8
DEFAULT
 10
-831.4440286755562
 20
-130.6106625436515
 30
40.46848554684212
  0
VERTEX
  5
3C1
  8
DEFAULT
 10
-831.475294817239
 20
-130.6262714019686
 30
40.46848554684212
  0
VERTEX
  5
3C2
  8
DEFAULT
 10
-831.5070800781251
 20
-130.6413611410827
 30
40.46848554684212
  0
VERTEX
  5
3C3
  8
DEFAULT
 10
-831.5393803007903
 20
-130.6559359184176
 30
40.46848554684212
  0
VERTEX
  5
3C4
  8
DEFAULT
 10
-831.5721910595896
 20
-130.6700001596183
 30
40.46848554684212
  0
VERTEX
  5
3C5
  8
DEFAULT
 10
-831.6055076606574
 20
-130.6835585585505
 30
40.46848554684212
  0
VERTEX
  5
3C6
  8
DEFAULT
 10
-831.639325141907
 20
-130.6966160773009
 30
40.46848554684212
  0
VERTEX
  5
3C7
  8
DEFAULT
 10
-831.7084415555003
 20
-130.7212496637076
 30
40.46848554684212
  0
VERTEX
  5
3C8
  8
DEFAULT
 10
-831.779495239258
 20
-130.7439459799498
 30
40.46848554684212
  0
VERTEX
  5
3C9
  8
DEFAULT
 10
-831.8524368405344
 20
-130.7647543786734
 30
40.46848554684212
  0
VERTEX
  5
3CA
  8
DEFAULT
 10
-831.9272127151492
 20
-130.7837285040587
 30
40.46848554684212
  0
VERTEX
  5
3CB
  8
DEFAULT
 10
-832.0037649273875
 20
-130.8009262918204
 30
40.46848554684212
  0
VERTEX
  5
3CC
  8
DEFAULT
 10
-832.0820312500002
 20
-130.8164099692077
 30
40.46848554684212
  0
VERTEX
  5
3CD
  8
DEFAULT
 10
-832.1619451642039
 20
-130.830246055004
 30
40.46848554684212
  0
VERTEX
  5
3CE
  8
DEFAULT
 10
-832.2434358596803
 20
-130.8425053595275
 30
40.46848554684212
  0
VERTEX
  5
3CF
  8
DEFAULT
 10
-832.3264282345772
 20
-130.8532629846305
 30
40.46848554684212
  0
VERTEX
  5
3D0
  8
DEFAULT
 10
-832.4108428955079
 20
-130.8625983236998
 30
40.46848554684212
  0
VERTEX
  5
3D1
  8
DEFAULT
 10
-832.5836000442505
 20
-130.8773411749572
 30
40.46848554684212
  0
VERTEX
  5
3D2
  8
DEFAULT
 10
-832.760986328125
 20
-130.8874548910827
 30
40.46848554684212
  0
VERTEX
  5
3D3
  8
DEFAULT
 10
-833.1264190673828
 20
-130.8970221518248
 30
40.46848554684212
  0
VERTEX
  5
3D4
  8
DEFAULT
 10
-833.5
 20
-130.8984412192077
 30
40.46848554684212
  0
VERTEX
  5
3D5
  8
DEFAULT
 10
-837.0
 20
-130.8984412192077
 30
40.46848554684212
  0
VERTEX
  5
3D6
  8
DEFAULT
 10
-837.0
 20
-154.2500996016047
 30
40.46848554684212
  0
VERTEX
  5
3D7
  8
DEFAULT
 10
-832.5
 20
-154.2500995990104
 30
40.46848554684212
  0
VERTEX
  5
3D8
  8
DEFAULT
 10
-832.2509460449219
 20
-154.2510456439323
 30
40.46848554684212
  0
VERTEX
  5
3D9
  8
DEFAULT
 10
-832.00732421875
 20
-154.2574238177604
 30
40.46848554684212
  0
VERTEX
  5
3DA
  8
DEFAULT
 10
-831.889066696167
 20
-154.2641662951774
 30
40.46848554684212
  0
VERTEX
  5
3DB
  8
DEFAULT
 10
-831.7738952636719
 20
-154.2739948626823
 30
40.46848554684212
  0
VERTEX
  5
3DC
  8
DEFAULT
 10
-831.7176188230515
 20
-154.2802184220619
 30
40.46848554684212
  0
VERTEX
  5
3DD
  8
DEFAULT
 10
-831.6622905731201
 20
-154.2873901721305
 30
40.46848554684212
  0
VERTEX
  5
3DE
  8
DEFAULT
 10
-831.6079634428024
 20
-154.2955630418128
 30
40.46848554684212
  0
VERTEX
  5
3DF
  8
DEFAULT
 10
-831.5546875
 20
-154.3047870990104
 30
40.46848554684212
  0
VERTEX
  5
3E0
  8
DEFAULT
 10
-831.5025099515915
 20
-154.3151095506019
 30
40.46848554684212
  0
VERTEX
  5
3E1
  8
DEFAULT
 10
-831.4514751434326
 20
-154.326574742443
 30
40.46848554684212
  0
VERTEX
  5
3E2
  8
DEFAULT
 10
-831.4016245603561
 20
-154.3392241593666
 30
40.46848554684212
  0
VERTEX
  5
3E3
  8
DEFAULT
 10
-831.3529968261719
 20
-154.3530964251823
 30
40.46848554684212
  0
VERTEX
  5
3E4
  8
DEFAULT
 10
-831.3056277036667
 20
-154.3682273026771
 30
40.46848554684212
  0
VERTEX
  5
3E5
  8
DEFAULT
 10
-831.2595500946045
 20
-154.3846496936149
 30
40.46848554684212
  0
VERTEX
  5
3E6
  8
DEFAULT
 10
-831.2370051071048
 20
-154.3933547061152
 30
40.46848554684212
  0
VERTEX
  5
3E7
  8
DEFAULT
 10
-831.2147940397263
 20
-154.4023936387367
 30
40.46848554684212
  0
VERTEX
  5
3E8
  8
DEFAULT
 10
-831.1929202005267
 20
-154.4117697995371
 30
40.46848554684212
  0
VERTEX
  5
3E9
  8
DEFAULT
 10
-831.17138671875
 20
-154.4214863177604
 30
40.46848554684212
  0
VERTEX
  5
3EA
  8
DEFAULT
 10
-831.150196544826
 20
-154.4315461438364
 30
40.46848554684212
  0
VERTEX
  5
3EB
  8
DEFAULT
 10
-831.1293524503708
 20
-154.4419520493812
 30
40.46848554684212
  0
VERTEX
  5
3EC
  8
DEFAULT
 10
-831.1088570281863
 20
-154.4527066271967
 30
40.46848554684212
  0
VERTEX
  5
3ED
  8
DEFAULT
 10
-831.0887126922607
 20
-154.4638122912712
 30
40.46848554684212
  0
VERTEX
  5
3EE
  8
DEFAULT
 10
-831.0689216777682
 20
-154.4752712767786
 30
40.46848554684212
  0
VERTEX
  5
3EF
  8
DEFAULT
 10
-831.049486041069
 20
-154.4870856400794
 30
40.46848554684212
  0
VERTEX
  5
3F0
  8
DEFAULT
 10
-831.0304076597095
 20
-154.4992572587199
 30
40.46848554684212
  0
VERTEX
  5
3F1
  8
DEFAULT
 10
-831.0116882324219
 20
-154.5117878314323
 30
40.46848554684212
  0
VERTEX
  5
3F2
  8
DEFAULT
 10
-830.9933292791247
 20
-154.5246788781351
 30
40.46848554684212
  0
VERTEX
  5
3F3
  8
DEFAULT
 10
-830.9753321409225
 20
-154.537931739933
 30
40.46848554684212
  0
VERTEX
  5
3F4
  8
DEFAULT
 10
-830.9576979801059
 20
-154.5515475791163
 30
40.46848554684212
  0
VERTEX
  5
3F5
  8
DEFAULT
 10
-830.9404277801514
 20
-154.5655273791618
 30
40.46848554684212
  0
VERTEX
  5
3F6
  8
DEFAULT
 10
-830.9235223457217
 20
-154.5798719447321
 30
40.46848554684212
  0
VERTEX
  5
3F7
  8
DEFAULT
 10
-830.9069823026657
 20
-154.5945819016761
 30
40.46848554684212
  0
VERTEX
  5
3F8
  8
DEFAULT
 10
-830.8908080980182
 20
-154.6096576970286
 30
40.46848554684212
  0
VERTEX
  5
3F9
  8
DEFAULT
 10
-830.875
 20
-154.6250995990104
 30
40.46848554684212
  0
VERTEX
  5
3FA
  8
DEFAULT
 10
-830.8595580980182
 20
-154.6409076970286
 30
40.46848554684212
  0
VERTEX
  5
3FB
  8
DEFAULT
 10
-830.8444823026657
 20
-154.6570819016761
 30
40.46848554684212
  0
VERTEX
  5
3FC
  8
DEFAULT
 10
-830.8297723457217
 20
-154.6736219447321
 30
40.46848554684212
  0
VERTEX
  5
3FD
  8
DEFAULT
 10
-830.8154277801514
 20
-154.6905273791618
 30
40.46848554684212
  0
VERTEX
  5
3FE
  8
DEFAULT
 10
-830.8014479801059
 20
-154.7077975791163
 30
40.46848554684212
  0
VERTEX
  5
3FF
  8
DEFAULT
 10
-830.7878321409225
 20
-154.725431739933
 30
40.46848554684212
  0
VERTEX
  5
400
  8
DEFAULT
 10
-830.7745792791247
 20
-154.7434288781351
 30
40.46848554684212
  0
VERTEX
  5
401
  8
DEFAULT
 10
-830.7616882324219
 20
-154.7617878314323
 30
40.46848554684212
  0
VERTEX
  5
402
  8
DEFAULT
 10
-830.7491576597095
 20
-154.7805072587199
 30
40.46848554684212
  0
VERTEX
  5
403
  8
DEFAULT
 10
-830.736986041069
 20
-154.7995856400794
 30
40.46848554684212
  0
VERTEX
  5
404
  8
DEFAULT
 10
-830.7251716777682
 20
-154.8190212767786
 30
40.46848554684212
  0
VERTEX
  5
405
  8
DEFAULT
 10
-830.7137126922607
 20
-154.8388122912712
 30
40.46848554684212
  0
VERTEX
  5
406
  8
DEFAULT
 10
-830.7026070281863
 20
-154.8589566271967
 30
40.46848554684212
  0
VERTEX
  5
407
  8
DEFAULT
 10
-830.6918524503708
 20
-154.8794520493812
 30
40.46848554684212
  0
VERTEX
  5
408
  8
DEFAULT
 10
-830.681446544826
 20
-154.9002961438364
 30
40.46848554684212
  0
VERTEX
  5
409
  8
DEFAULT
 10
-830.67138671875
 20
-154.9214863177604
 30
40.46848554684212
  0
VERTEX
  5
40A
  8
DEFAULT
 10
-830.6616702005267
 20
-154.9430197995371
 30
40.46848554684212
  0
VERTEX
  5
40B
  8
DEFAULT
 10
-830.6522940397263
 20
-154.9648936387367
 30
40.46848554684212
  0
VERTEX
  5
40C
  8
DEFAULT
 10
-830.6432551071048
 20
-154.9871047061152
 30
40.46848554684212
  0
VERTEX
  5
40D
  8
DEFAULT
 10
-830.6345500946045
 20
-155.0096496936149
 30
40.46848554684212
  0
VERTEX
  5
40E
  8
DEFAULT
 10
-830.6181277036667
 20
-155.0557273026771
 30
40.46848554684212
  0
VERTEX
  5
40F
  8
DEFAULT
 10
-830.6029968261719
 20
-155.1030964251823
 30
40.46848554684212
  0
VERTEX
  5
410
  8
DEFAULT
 10
-830.5891245603561
 20
-155.1517241593666
 30
40.46848554684212
  0
VERTEX
  5
411
  8
DEFAULT
 10
-830.5764751434326
 20
-155.201574742443
 30
40.46848554684212
  0
VERTEX
  5
412
  8
DEFAULT
 10
-830.5650099515915
 20
-155.2526095506019
 30
40.46848554684212
  0
VERTEX
  5
413
  8
DEFAULT
 10
-830.5546875
 20
-155.3047870990104
 30
40.46848554684212
  0
VERTEX
  5
414
  8
DEFAULT
 10
-830.5454634428024
 20
-155.3580630418128
 30
40.46848554684212
  0
VERTEX
  5
415
  8
DEFAULT
 10
-830.5372905731201
 20
-155.4123901721305
 30
40.46848554684212
  0
VERTEX
  5
416
  8
DEFAULT
 10
-830.5301188230515
 20
-155.4677184220619
 30
40.46848554684212
  0
VERTEX
  5
417
  8
DEFAULT
 10
-830.5238952636719
 20
-155.5239948626823
 30
40.46848554684212
  0
VERTEX
  5
418
  8
DEFAULT
 10
-830.514066696167
 20
-155.6391662951774
 30
40.46848554684212
  0
VERTEX
  5
419
  8
DEFAULT
 10
-830.50732421875
 20
-155.7574238177604
 30
40.46848554684212
  0
VERTEX
  5
41A
  8
DEFAULT
 10
-830.5009460449219
 20
-156.0010456439323
 30
40.46848554684212
  0
VERTEX
  5
41B
  8
DEFAULT
 10
-830.5
 20
-156.2500995990104
 30
40.46848554684212
  0
VERTEX
  5
41C
  8
DEFAULT
 10
-830.5
 20
-157.0
 30
40.46848554684212
  0
VERTEX
  5
41D
  8
DEFAULT
 10
-830.4985809326172
 20
-157.3735809326172
 30
40.46848554684212
  0
VERTEX
  5
41E
  8
DEFAULT
 10
-830.489013671875
 20
-157.739013671875
 30
40.46848554684212
  0
VERTEX
  5
41F
  8
DEFAULT
 10
-830.4788999557495
 20
-157.9163999557495
 30
40.46848554684212
  0
VERTEX
  5
420
  8
DEFAULT
 10
-830.4641571044922
 20
-158.0891571044922
 30
40.46848554684212
  0
VERTEX
  5
421
  8
DEFAULT
 10
-830.4548217654228
 20
-158.1735717654228
 30
40.46848554684212
  0
VERTEX
  5
422
  8
DEFAULT
 10
-830.4440641403198
 20
-158.2565641403198
 30
40.46848554684212
  0
VERTEX
  5
423
  8
DEFAULT
 10
-830.4318048357964
 20
-158.3380548357964
 30
40.46848554684212
  0
VERTEX
  5
424
  8
DEFAULT
 10
-830.41796875
 20
-158.41796875
 30
40.46848554684212
  0
VERTEX
  5
425
  8
DEFAULT
 10
-830.4024850726128
 20
-158.4962350726128
 30
40.46848554684212
  0
VERTEX
  5
426
  8
DEFAULT
 10
-830.3852872848511
 20
-158.5727872848511
 30
40.46848554684212
  0
VERTEX
  5
427
  8
DEFAULT
 10
-830.3663131594658
 20
-158.6475631594658
 30
40.46848554684212
  0
VERTEX
  5
428
  8
DEFAULT
 10
-830.3455047607422
 20
-158.7205047607422
 30
40.46848554684212
  0
VERTEX
  5
429
  8
DEFAULT
 10
-830.3228084445
 20
-158.7915584445
 30
40.46848554684212
  0
VERTEX
  5
42A
  8
DEFAULT
 10
-830.2981748580933
 20
-158.8606748580933
 30
40.46848554684212
  0
VERTEX
  5
42B
  8
DEFAULT
 10
-830.2851173393428
 20
-158.8944923393428
 30
40.46848554684212
  0
VERTEX
  5
42C
  8
DEFAULT
 10
-830.2715589404106
 20
-158.9278089404106
 30
40.46848554684212
  0
VERTEX
  5
42D
  8
DEFAULT
 10
-830.2574946992099
 20
-158.9606196992099
 30
40.46848554684212
  0
VERTEX
  5
42E
  8
DEFAULT
 10
-830.242919921875
 20
-158.992919921875
 30
40.46848554684212
  0
VERTEX
  5
42F
  8
DEFAULT
 10
-830.227830182761
 20
-159.024705182761
 30
40.46848554684212
  0
VERTEX
  5
430
  8
DEFAULT
 10
-830.2122213244438
 20
-159.0559713244438
 30
40.46848554684212
  0
VERTEX
  5
431
  8
DEFAULT
 10
-830.1960894577205
 20
-159.0867144577205
 30
40.46848554684212
  0
VERTEX
  5
432
  8
DEFAULT
 10
-830.1794309616089
 20
-159.1169309616089
 30
40.46848554684212
  0
VERTEX
  5
433
  8
DEFAULT
 10
-830.1622424833477
 20
-159.1466174833477
 30
40.46848554684212
  0
VERTEX
  5
434
  8
DEFAULT
 10
-830.1445209383965
 20
-159.1757709383965
 30
40.46848554684212
  0
VERTEX
  5
435
  8
DEFAULT
 10
-830.1262635104358
 20
-159.2043885104358
 30
40.46848554684212
  0
VERTEX
  5
436
  8
DEFAULT
 10
-830.1074676513672
 20
-159.2324676513672
 30
40.46848554684212
  0
VERTEX
  5
437
  8
DEFAULT
 10
-830.0881310813129
 20
-159.2600060813129
 30
40.46848554684212
  0
VERTEX
  5
438
  8
DEFAULT
 10
-830.0682517886162
 20
-159.2870017886162
 30
40.46848554684212
  0
VERTEX
  5
439
  8
DEFAULT
 10
-830.0478280298412
 20
-159.3134530298412
 30
40.46848554684212
  0
VERTEX
  5
43A
  8
DEFAULT
 10
-830.026858329773
 20
-159.3393583297729
 30
40.46848554684212
  0
VERTEX
  5
43B
  8
DEFAULT
 10
-830.0053414814174
 20
-159.3647164814174
 30
40.46848554684212
  0
VERTEX
  5
43C
  8
DEFAULT
 10
-829.9832765460014
 20
-159.3895265460014
 30
40.46848554684212
  0
VERTEX
  5
43D
  8
DEFAULT
 10
-829.9606628529727
 20
-159.4137878529727
 30
40.46848554684212
  0
VERTEX
  5
43E
  8
DEFAULT
 10
-829.9375
 20
-159.4375
 30
40.46848554684212
  0
VERTEX
  5
43F
  8
DEFAULT
 10
-829.9137878529727
 20
-159.4606628529727
 30
40.46848554684212
  0
VERTEX
  5
440
  8
DEFAULT
 10
-829.8895265460014
 20
-159.4832765460014
 30
40.46848554684212
  0
VERTEX
  5
441
  8
DEFAULT
 10
-829.8647164814174
 20
-159.5053414814174
 30
40.46848554684212
  0
VERTEX
  5
442
  8
DEFAULT
 10
-829.839358329773
 20
-159.5268583297729
 30
40.46848554684212
  0
VERTEX
  5
443
  8
DEFAULT
 10
-829.8134530298412
 20
-159.5478280298412
 30
40.46848554684212
  0
VERTEX
  5
444
  8
DEFAULT
 10
-829.7870017886162
 20
-159.5682517886162
 30
40.46848554684212
  0
VERTEX
  5
445
  8
DEFAULT
 10
-829.7600060813129
 20
-159.5881310813129
 30
40.46848554684212
  0
VERTEX
  5
446
  8
DEFAULT
 10
-829.7324676513672
 20
-159.6074676513672
 30
40.46848554684212
  0
VERTEX
  5
447
  8
DEFAULT
 10
-829.7043885104358
 20
-159.6262635104358
 30
40.46848554684212
  0
VERTEX
  5
448
  8
DEFAULT
 10
-829.6757709383965
 20
-159.6445209383965
 30
40.46848554684212
  0
VERTEX
  5
449
  8
DEFAULT
 10
-829.6466174833477
 20
-159.6622424833477
 30
40.46848554684212
  0
VERTEX
  5
44A
  8
DEFAULT
 10
-829.6169309616089
 20
-159.6794309616089
 30
40.46848554684212
  0
VERTEX
  5
44B
  8
DEFAULT
 10
-829.5867144577205
 20
-159.6960894577205
 30
40.46848554684212
  0
VERTEX
  5
44C
  8
DEFAULT
 10
-829.5559713244438
 20
-159.7122213244438
 30
40.46848554684212
  0
VERTEX
  5
44D
  8
DEFAULT
 10
-829.524705182761
 20
-159.727830182761
 30
40.46848554684212
  0
VERTEX
  5
44E
  8
DEFAULT
 10
-829.492919921875
 20
-159.742919921875
 30
40.46848554684212
  0
VERTEX
  5
44F
  8
DEFAULT
 10
-829.4606196992099
 20
-159.7574946992099
 30
40.46848554684212
  0
VERTEX
  5
450
  8
DEFAULT
 10
-829.4278089404106
 20
-159.7715589404106
 30
40.46848554684212
  0
VERTEX
  5
451
  8
DEFAULT
 10
-829.3944923393428
 20
-159.7851173393428
 30
40.46848554684212
  0
VERTEX
  5
452
  8
DEFAULT
 10
-829.3606748580933
 20
-159.7981748580933
 30
40.46848554684212
  0
VERTEX
  5
453
  8
DEFAULT
 10
-829.2915584445
 20
-159.8228084445
 30
40.46848554684212
  0
VERTEX
  5
454
  8
DEFAULT
 10
-829.2205047607422
 20
-159.8455047607422
 30
40.46848554684212
  0
VERTEX
  5
455
  8
DEFAULT
 10
-829.1475631594658
 20
-159.8663131594658
 30
40.46848554684212
  0
VERTEX
  5
456
  8
DEFAULT
 10
-829.0727872848511
 20
-159.8852872848511
 30
40.46848554684212
  0
VERTEX
  5
457
  8
DEFAULT
 10
-828.9962350726128
 20
-159.9024850726128
 30
40.46848554684212
  0
VERTEX
  5
458
  8
DEFAULT
 10
-828.91796875
 20
-159.91796875
 30
40.46848554684212
  0
VERTEX
  5
459
  8
DEFAULT
 10
-828.8380548357964
 20
-159.9318048357964
 30
40.46848554684212
  0
VERTEX
  5
45A
  8
DEFAULT
 10
-828.7565641403198
 20
-159.9440641403198
 30
40.46848554684212
  0
VERTEX
  5
45B
  8
DEFAULT
 10
-828.6735717654228
 20
-159.9548217654228
 30
40.46848554684212
  0
VERTEX
  5
45C
  8
DEFAULT
 10
-828.5891571044922
 20
-159.9641571044922
 30
40.46848554684212
  0
VERTEX
  5
45D
  8
DEFAULT
 10
-828.4163999557495
 20
-159.9788999557495
 30
40.46848554684212
  0
VERTEX
  5
45E
  8
DEFAULT
 10
-828.239013671875
 20
-159.989013671875
 30
40.46848554684212
  0
VERTEX
  5
45F
  8
DEFAULT
 10
-827.8735809326172
 20
-159.9985809326172
 30
40.46848554684212
  0
VERTEX
  5
460
  8
DEFAULT
 10
-827.5
 20
-160.0
 30
40.46848554684212
  0
VERTEX
  5
461
  8
DEFAULT
 10
-820.5
 20
-160.0
 30
40.46848554684212
  0
VERTEX
  5
462
  8
DEFAULT
 10
-820.1264190673828
 20
-159.9985809326172
 30
40.46848554684212
  0
VERTEX
  5
463
  8
DEFAULT
 10
-819.760986328125
 20
-159.989013671875
 30
40.46848554684212
  0
VERTEX
  5
464
  8
DEFAULT
 10
-819.5836000442505
 20
-159.9788999557495
 30
40.46848554684212
  0
VERTEX
  5
465
  8
DEFAULT
 10
-819.4108428955078
 20
-159.9641571044922
 30
40.46848554684212
  0
VERTEX
  5
466
  8
DEFAULT
 10
-819.3264282345772
 20
-159.9548217654228
 30
40.46848554684212
  0
VERTEX
  5
467
  8
DEFAULT
 10
-819.2434358596802
 20
-159.9440641403198
 30
40.46848554684212
  0
VERTEX
  5
468
  8
DEFAULT
 10
-819.1619451642036
 20
-159.9318048357964
 30
40.46848554684212
  0
VERTEX
  5
469
  8
DEFAULT
 10
-819.08203125
 20
-159.91796875
 30
40.46848554684212
  0
VERTEX
  5
46A
  8
DEFAULT
 10
-819.0037649273872
 20
-159.9024850726128
 30
40.46848554684212
  0
VERTEX
  5
46B
  8
DEFAULT
 10
-818.9272127151489
 20
-159.8852872848511
 30
40.46848554684212
  0
VERTEX
  5
46C
  8
DEFAULT
 10
-818.8524368405342
 20
-159.8663131594658
 30
40.46848554684212
  0
VERTEX
  5
46D
  8
DEFAULT
 10
-818.7794952392578
 20
-159.8455047607422
 30
40.46848554684212
  0
VERTEX
  5
46E
  8
DEFAULT
 10
-818.7084415555
 20
-159.8228084445
 30
40.46848554684212
  0
VERTEX
  5
46F
  8
DEFAULT
 10
-818.6393251419067
 20
-159.7981748580933
 30
40.46848554684212
  0
VERTEX
  5
470
  8
DEFAULT
 10
-818.6055076606572
 20
-159.7851173393428
 30
40.46848554684212
  0
VERTEX
  5
471
  8
DEFAULT
 10
-818.5721910595894
 20
-159.7715589404106
 30
40.46848554684212
  0
VERTEX
  5
472
  8
DEFAULT
 10
-818.5393803007901
 20
-159.7574946992099
 30
40.46848554684212
  0
VERTEX
  5
473
  8
DEFAULT
 10
-818.507080078125
 20
-159.742919921875
 30
40.46848554684212
  0
VERTEX
  5
474
  8
DEFAULT
 10
-818.475294817239
 20
-159.727830182761
 30
40.46848554684212
  0
VERTEX
  5
475
  8
DEFAULT
 10
-818.4440286755562
 20
-159.7122213244438
 30
40.46848554684212
  0
VERTEX
  5
476
  8
DEFAULT
 10
-818.4132855422795
 20
-159.6960894577205
 30
40.46848554684212
  0
VERTEX
  5
477
  8
DEFAULT
 10
-818.3830690383911
 20
-159.6794309616089
 30
40.46848554684212
  0
VERTEX
  5
478
  8
DEFAULT
 10
-818.3533825166523
 20
-159.6622424833477
 30
40.46848554684212
  0
VERTEX
  5
479
  8
DEFAULT
 10
-818.3242290616035
 20
-159.6445209383965
 30
40.46848554684212
  0
VERTEX
  5
47A
  8
DEFAULT
 10
-818.2956114895642
 20
-159.6262635104358
 30
40.46848554684212
  0
VERTEX
  5
47B
  8
DEFAULT
 10
-818.2675323486328
 20
-159.6074676513672
 30
40.46848554684212
  0
VERTEX
  5
47C
  8
DEFAULT
 10
-818.2399939186871
 20
-159.5881310813129
 30
40.46848554684212
  0
VERTEX
  5
47D
  8
DEFAULT
 10
-818.2129982113838
 20
-159.5682517886162
 30
40.46848554684212
  0
VERTEX
  5
47E
  8
DEFAULT
 10
-818.1865469701588
 20
-159.5478280298412
 30
40.46848554684212
  0
VERTEX
  5
47F
  8
DEFAULT
 10
-818.160641670227
 20
-159.5268583297729
 30
40.46848554684212
  0
VERTEX
  5
480
  8
DEFAULT
 10
-818.1352835185826
 20
-159.5053414814174
 30
40.46848554684212
  0
VERTEX
  5
481
  8
DEFAULT
 10
-818.1104734539986
 20
-159.4832765460014
 30
40.46848554684212
  0
VERTEX
  5
482
  8
DEFAULT
 10
-818.0862121470273
 20
-159.4606628529727
 30
40.46848554684212
  0
VERTEX
  5
483
  8
DEFAULT
 10
-818.0625
 20
-159.4375
 30
40.46848554684212
  0
VERTEX
  5
484
  8
DEFAULT
 10
-818.0393371470273
 20
-159.4137878529727
 30
40.46848554684212
  0
VERTEX
  5
485
  8
DEFAULT
 10
-818.0167234539986
 20
-159.3895265460014
 30
40.46848554684212
  0
VERTEX
  5
486
  8
DEFAULT
 10
-817.9946585185826
 20
-159.3647164814174
 30
40.46848554684212
  0
VERTEX
  5
487
  8
DEFAULT
 10
-817.973141670227
 20
-159.3393583297729
 30
40.46848554684212
  0
VERTEX
  5
488
  8
DEFAULT
 10
-817.9521719701588
 20
-159.3134530298412
 30
40.46848554684212
  0
VERTEX
  5
489
  8
DEFAULT
 10
-817.9317482113838
 20
-159.2870017886162
 30
40.46848554684212
  0
VERTEX
  5
48A
  8
DEFAULT
 10
-817.9118689186871
 20
-159.2600060813129
 30
40.46848554684212
  0
VERTEX
  5
48B
  8
DEFAULT
 10
-817.8925323486328
 20
-159.2324676513672
 30
40.46848554684212
  0
VERTEX
  5
48C
  8
DEFAULT
 10
-817.8737364895642
 20
-159.2043885104358
 30
40.46848554684212
  0
VERTEX
  5
48D
  8
DEFAULT
 10
-817.8554790616035
 20
-159.1757709383965
 30
40.46848554684212
  0
VERTEX
  5
48E
  8
DEFAULT
 10
-817.8377575166523
 20
-159.1466174833477
 30
40.46848554684212
  0
VERTEX
  5
48F
  8
DEFAULT
 10
-817.8205690383911
 20
-159.1169309616089
 30
40.46848554684212
  0
VERTEX
  5
490
  8
DEFAULT
 10
-817.8039105422795
 20
-159.0867144577205
 30
40.46848554684212
  0
VERTEX
  5
491
  8
DEFAULT
 10
-817.7877786755562
 20
-159.0559713244438
 30
40.46848554684212
  0
VERTEX
  5
492
  8
DEFAULT
 10
-817.772169817239
 20
-159.024705182761
 30
40.46848554684212
  0
VERTEX
  5
493
  8
DEFAULT
 10
-817.757080078125
 20
-158.992919921875
 30
40.46848554684212
  0
VERTEX
  5
494
  8
DEFAULT
 10
-817.7425053007901
 20
-158.9606196992099
 30
40.46848554684212
  0
VERTEX
  5
495
  8
DEFAULT
 10
-817.7284410595894
 20
-158.9278089404106
 30
40.46848554684212
  0
VERTEX
  5
496
  8
DEFAULT
 10
-817.7148826606572
 20
-158.8944923393428
 30
40.46848554684212
  0
VERTEX
  5
497
  8
DEFAULT
 10
-817.7018251419067
 20
-158.8606748580933
 30
40.46848554684212
  0
VERTEX
  5
498
  8
DEFAULT
 10
-817.6771915555
 20
-158.7915584445
 30
40.46848554684212
  0
VERTEX
  5
499
  8
DEFAULT
 10
-817.6544952392578
 20
-158.7205047607422
 30
40.46848554684212
  0
VERTEX
  5
49A
  8
DEFAULT
 10
-817.6336868405342
 20
-158.6475631594658
 30
40.46848554684212
  0
VERTEX
  5
49B
  8
DEFAULT
 10
-817.6147127151489
 20
-158.5727872848511
 30
40.46848554684212
  0
VERTEX
  5
49C
  8
DEFAULT
 10
-817.5975149273872
 20
-158.4962350726128
 30
40.46848554684212
  0
VERTEX
  5
49D
  8
DEFAULT
 10
-817.58203125
 20
-158.41796875
 30
40.46848554684212
  0
VERTEX
  5
49E
  8
DEFAULT
 10
-817.5681951642036
 20
-158.3380548357964
 30
40.46848554684212
  0
VERTEX
  5
49F
  8
DEFAULT
 10
-817.5559358596802
 20
-158.2565641403198
 30
40.46848554684212
  0
VERTEX
  5
4A0
  8
DEFAULT
 10
-817.5451782345772
 20
-158.1735717654228
 30
40.46848554684212
  0
VERTEX
  5
4A1
  8
DEFAULT
 10
-817.5358428955078
 20
-158.0891571044922
 30
40.46848554684212
  0
VERTEX
  5
4A2
  8
DEFAULT
 10
-817.5211000442505
 20
-157.9163999557495
 30
40.46848554684212
  0
VERTEX
  5
4A3
  8
DEFAULT
 10
-817.510986328125
 20
-157.739013671875
 30
40.46848554684212
  0
VERTEX
  5
4A4
  8
DEFAULT
 10
-817.5014190673828
 20
-157.3735809326172
 30
40.46848554684212
  0
VERTEX
  5
4A5
  8
DEFAULT
 10
-817.5
 20
-157.0
 30
40.46848554684212
  0
VERTEX
  5
4A6
  8
DEFAULT
 10
-817.5
 20
-156.2500995990104
 30
40.46848554684212
  0
VERTEX
  5
4A7
  8
DEFAULT
 10
-817.4990539550781
 20
-156.0010456439323
 30
40.46848554684212
  0
VERTEX
  5
4A8
  8
DEFAULT
 10
-817.49267578125
 20
-155.7574238177604
 30
40.46848554684212
  0
VERTEX
  5
4A9
  8
DEFAULT
 10
-817.485933303833
 20
-155.6391662951774
 30
40.46848554684212
  0
VERTEX
  5
4AA
  8
DEFAULT
 10
-817.4761047363281
 20
-155.5239948626823
 30
40.46848554684212
  0
VERTEX
  5
4AB
  8
DEFAULT
 10
-817.4698811769485
 20
-155.4677184220619
 30
40.46848554684212
  0
VERTEX
  5
4AC
  8
DEFAULT
 10
-817.4627094268799
 20
-155.4123901721305
 30
40.46848554684212
  0
VERTEX
  5
4AD
  8
DEFAULT
 10
-817.4545365571976
 20
-155.3580630418128
 30
40.46848554684212
  0
VERTEX
  5
4AE
  8
DEFAULT
 10
-817.4453125
 20
-155.3047870990104
 30
40.46848554684212
  0
VERTEX
  5
4AF
  8
DEFAULT
 10
-817.4349900484085
 20
-155.2526095506019
 30
40.46848554684212
  0
VERTEX
  5
4B0
  8
DEFAULT
 10
-817.4235248565674
 20
-155.201574742443
 30
40.46848554684212
  0
VERTEX
  5
4B1
  8
DEFAULT
 10
-817.4108754396439
 20
-155.1517241593666
 30
40.46848554684212
  0
VERTEX
  5
4B2
  8
DEFAULT
 10
-817.3970031738281
 20
-155.1030964251823
 30
40.46848554684212
  0
VERTEX
  5
4B3
  8
DEFAULT
 10
-817.3818722963333
 20
-155.0557273026771
 30
40.46848554684212
  0
VERTEX
  5
4B4
  8
DEFAULT
 10
-817.3654499053955
 20
-155.0096496936149
 30
40.46848554684212
  0
VERTEX
  5
4B5
  8
DEFAULT
 10
-817.3567448928952
 20
-154.9871047061152
 30
40.46848554684212
  0
VERTEX
  5
4B6
  8
DEFAULT
 10
-817.3477059602737
 20
-154.9648936387367
 30
40.46848554684212
  0
VERTEX
  5
4B7
  8
DEFAULT
 10
-817.3383297994733
 20
-154.9430197995371
 30
40.46848554684212
  0
VERTEX
  5
4B8
  8
DEFAULT
 10
-817.32861328125
 20
-154.9214863177604
 30
40.46848554684212
  0
VERTEX
  5
4B9
  8
DEFAULT
 10
-817.318553455174
 20
-154.9002961438364
 30
40.46848554684212
  0
VERTEX
  5
4BA
  8
DEFAULT
 10
-817.3081475496292
 20
-154.8794520493812
 30
40.46848554684212
  0
VERTEX
  5
4BB
  8
DEFAULT
 10
-817.2973929718137
 20
-154.8589566271967
 30
40.46848554684212
  0
VERTEX
  5
4BC
  8
DEFAULT
 10
-817.2862873077393
 20
-154.8388122912712
 30
40.46848554684212
  0
VERTEX
  5
4BD
  8
DEFAULT
 10
-817.2748283222318
 20
-154.8190212767786
 30
40.46848554684212
  0
VERTEX
  5
4BE
  8
DEFAULT
 10
-817.263013958931
 20
-154.7995856400794
 30
40.46848554684212
  0
VERTEX
  5
4BF
  8
DEFAULT
 10
-817.2508423402905
 20
-154.7805072587199
 30
40.46848554684212
  0
VERTEX
  5
4C0
  8
DEFAULT
 10
-817.2383117675781
 20
-154.7617878314323
 30
40.46848554684212
  0
VERTEX
  5
4C1
  8
DEFAULT
 10
-817.2254207208753
 20
-154.7434288781351
 30
40.46848554684212
  0
VERTEX
  5
4C2
  8
DEFAULT
 10
-817.2121678590775
 20
-154.725431739933
 30
40.46848554684212
  0
VERTEX
  5
4C3
  8
DEFAULT
 10
-817.1985520198941
 20
-154.7077975791163
 30
40.46848554684212
  0
VERTEX
  5
4C4
  8
DEFAULT
 10
-817.1845722198486
 20
-154.6905273791618
 30
40.46848554684212
  0
VERTEX
  5
4C5
  8
DEFAULT
 10
-817.1702276542783
 20
-154.6736219447321
 30
40.46848554684212
  0
VERTEX
  5
4C6
  8
DEFAULT
 10
-817.1555176973343
 20
-154.6570819016761
 30
40.46848554684212
  0
VERTEX
  5
4C7
  8
DEFAULT
 10
-817.1404419019818
 20
-154.6409076970286
 30
40.46848554684212
  0
VERTEX
  5
4C8
  8
DEFAULT
 10
-817.125
 20
-154.6250995990104
 30
40.46848554684212
  0
VERTEX
  5
4C9
  8
DEFAULT
 10
-817.1091919019818
 20
-154.6096576970286
 30
40.46848554684212
  0
VERTEX
  5
4CA
  8
DEFAULT
 10
-817.0930176973343
 20
-154.5945819016761
 30
40.46848554684212
  0
VERTEX
  5
4CB
  8
DEFAULT
 10
-817.0764776542783
 20
-154.5798719447321
 30
40.46848554684212
  0
VERTEX
  5
4CC
  8
DEFAULT
 10
-817.0595722198486
 20
-154.5655273791618
 30
40.46848554684212
  0
VERTEX
  5
4CD
  8
DEFAULT
 10
-817.0423020198941
 20
-154.5515475791163
 30
40.46848554684212
  0
VERTEX
  5
4CE
  8
DEFAULT
 10
-817.0246678590775
 20
-154.537931739933
 30
40.46848554684212
  0
VERTEX
  5
4CF
  8
DEFAULT
 10
-817.0066707208753
 20
-154.5246788781351
 30
40.46848554684212
  0
VERTEX
  5
4D0
  8
DEFAULT
 10
-816.9883117675781
 20
-154.5117878314323
 30
40.46848554684212
  0
VERTEX
  5
4D1
  8
DEFAULT
 10
-816.9695923402905
 20
-154.4992572587199
 30
40.46848554684212
  0
VERTEX
  5
4D2
  8
DEFAULT
 10
-816.950513958931
 20
-154.4870856400794
 30
40.46848554684212
  0
VERTEX
  5
4D3
  8
DEFAULT
 10
-816.9310783222318
 20
-154.4752712767786
 30
40.46848554684212
  0
VERTEX
  5
4D4
  8
DEFAULT
 10
-816.9112873077393
 20
-154.4638122912712
 30
40.46848554684212
  0
VERTEX
  5
4D5
  8
DEFAULT
 10
-816.8911429718137
 20
-154.4527066271967
 30
40.46848554684212
  0
VERTEX
  5
4D6
  8
DEFAULT
 10
-816.8706475496292
 20
-154.4419520493812
 30
40.46848554684212
  0
VERTEX
  5
4D7
  8
DEFAULT
 10
-816.849803455174
 20
-154.4315461438364
 30
40.46848554684212
  0
VERTEX
  5
4D8
  8
DEFAULT
 10
-816.82861328125
 20
-154.4214863177604
 30
40.46848554684212
  0
VERTEX
  5
4D9
  8
DEFAULT
 10
-816.8070797994733
 20
-154.4117697995371
 30
40.46848554684212
  0
VERTEX
  5
4DA
  8
DEFAULT
 10
-816.7852059602737
 20
-154.4023936387367
 30
40.46848554684212
  0
VERTEX
  5
4DB
  8
DEFAULT
 10
-816.7629948928952
 20
-154.3933547061152
 30
40.46848554684212
  0
VERTEX
  5
4DC
  8
DEFAULT
 10
-816.7404499053955
 20
-154.3846496936149
 30
40.46848554684212
  0
VERTEX
  5
4DD
  8
DEFAULT
 10
-816.6943722963333
 20
-154.3682273026771
 30
40.46848554684212
  0
VERTEX
  5
4DE
  8
DEFAULT
 10
-816.6470031738281
 20
-154.3530964251823
 30
40.46848554684212
  0
VERTEX
  5
4DF
  8
DEFAULT
 10
-816.5983754396439
 20
-154.3392241593666
 30
40.46848554684212
  0
VERTEX
  5
4E0
  8
DEFAULT
 10
-816.5485248565674
 20
-154.326574742443
 30
40.46848554684212
  0
VERTEX
  5
4E1
  8
DEFAULT
 10
-816.4974900484085
 20
-154.3151095506019
 30
40.46848554684212
  0
VERTEX
  5
4E2
  8
DEFAULT
 10
-816.4453125
 20
-154.3047870990104
 30
40.46848554684212
  0
VERTEX
  5
4E3
  8
DEFAULT
 10
-816.3920365571976
 20
-154.2955630418128
 30
40.46848554684212
  0
VERTEX
  5
4E4
  8
DEFAULT
 10
-816.3377094268799
 20
-154.2873901721305
 30
40.46848554684212
  0
VERTEX
  5
4E5
  8
DEFAULT
 10
-816.2823811769485
 20
-154.2802184220619
 30
40.46848554684212
  0
VERTEX
  5
4E6
  8
DEFAULT
 10
-816.2261047363281
 20
-154.2739948626823
 30
40.46848554684212
  0
VERTEX
  5
4E7
  8
DEFAULT
 10
-816.110933303833
 20
-154.2641662951774
 30
40.46848554684212
  0
VERTEX
  5
4E8
  8
DEFAULT
 10
-815.99267578125
 20
-154.2574238177604
 30
40.46848554684212
  0
VERTEX
  5
4E9
  8
DEFAULT
 10
-815.7490539550781
 20
-154.2510456439323
 30
40.46848554684212
  0
VERTEX
  5
4EA
  8
DEFAULT
 10
-815.5
 20
-154.2500995990104
 30
40.46848554684212
  0
VERTEX
  5
4EB
  8
DEFAULT
 10
-811.0
 20
-154.2500996016047
 30
40.46848554684212
  0
VERTEX
  5
4EC
  8
DEFAULT
 10
-811.0
 20
-130.8984412192077
 30
40.46848554684212
  0
VERTEX
  5
4ED
  8
DEFAULT
 10
-814.5
 20
-130.8984412192077
 30
40.46848554684212
  0
VERTEX
  5
4EE
  8
DEFAULT
 10
-814.8735809326172
 20
-130.8970221518248
 30
40.46848554684212
  0
VERTEX
  5
4EF
  8
DEFAULT
 10
-815.239013671875
 20
-130.8874548910827
 30
40.46848554684212
  0
VERTEX
  5
4F0
  8
DEFAULT
 10
-815.4163999557495
 20
-130.8773411749572
 30
40.46848554684212
  0
VERTEX
  5
4F1
  8
DEFAULT
 10
-815.5891571044921
 20
-130.8625983236998
 30
40.46848554684212
  0
VERTEX
  5
4F2
  8
DEFAULT
 10
-815.6735717654228
 20
-130.8532629846305
 30
40.46848554684212
  0
VERTEX
  5
4F3
  8
DEFAULT
 10
-815.7565641403197
 20
-130.8425053595275
 30
40.46848554684212
  0
VERTEX
  5
4F4
  8
DEFAULT
 10
-815.8380548357961
 20
-130.830246055004
 30
40.46848554684212
  0
VERTEX
  5
4F5
  8
DEFAULT
 10
-815.9179687499998
 20
-130.8164099692077
 30
40.46848554684212
  0
VERTEX
  5
4F6
  8
DEFAULT
 10
-815.9962350726125
 20
-130.8009262918204
 30
40.46848554684212
  0
VERTEX
  5
4F7
  8
DEFAULT
 10
-816.0727872848508
 20
-130.7837285040587
 30
40.46848554684212
  0
VERTEX
  5
4F8
  8
DEFAULT
 10
-816.1475631594656
 20
-130.7647543786734
 30
40.46848554684212
  0
VERTEX
  5
4F9
  8
DEFAULT
 10
-816.220504760742
 20
-130.7439459799498
 30
40.46848554684212
  0
VERTEX
  5
4FA
  8
DEFAULT
 10
-816.2915584444997
 20
-130.7212496637076
 30
40.46848554684212
  0
VERTEX
  5
4FB
  8
DEFAULT
 10
-816.360674858093
 20
-130.6966160773009
 30
40.46848554684212
  0
VERTEX
  5
4FC
  8
DEFAULT
 10
-816.3944923393426
 20
-130.6835585585505
 30
40.46848554684212
  0
VERTEX
  5
4FD
  8
DEFAULT
 10
-816.4278089404104
 20
-130.6700001596183
 30
40.46848554684212
  0
VERTEX
  5
4FE
  8
DEFAULT
 10
-816.4606196992097
 20
-130.6559359184176
 30
40.46848554684212
  0
VERTEX
  5
4FF
  8
DEFAULT
 10
-816.4929199218749
 20
-130.6413611410827
 30
40.46848554684212
  0
VERTEX
  5
500
  8
DEFAULT
 10
-816.524705182761
 20
-130.6262714019686
 30
40.46848554684212
  0
VERTEX
  5
501
  8
DEFAULT
 10
-816.5559713244438
 20
-130.6106625436515
 30
40.46848554684212
  0
VERTEX
  5
502
  8
DEFAULT
 10
-816.5867144577205
 20
-130.5945306769282
 30
40.46848554684212
  0
VERTEX
  5
503
  8
DEFAULT
 10
-816.6169309616089
 20
-130.5778721808165
 30
40.46848554684212
  0
VERTEX
  5
504
  8
DEFAULT
 10
-816.6466174833477
 20
-130.5606837025553
 30
40.46848554684212
  0
VERTEX
  5
505
  8
DEFAULT
 10
-816.6757709383965
 20
-130.5429621576041
 30
40.46848554684212
  0
VERTEX
  5
506
  8
DEFAULT
 10
-816.7043885104358
 20
-130.5247047296435
 30
40.46848554684212
  0
VERTEX
  5
507
  8
DEFAULT
 10
-816.7324676513672
 20
-130.5059088705749
 30
40.46848554684212
  0
VERTEX
  5
508
  8
DEFAULT
 10
-816.7600060813129
 20
-130.4865723005206
 30
40.46848554684212
  0
VERTEX
  5
509
  8
DEFAULT
 10
-816.7870017886162
 20
-130.4666930078239
 30
40.46848554684212
  0
VERTEX
  5
50A
  8
DEFAULT
 10
-816.8134530298412
 20
-130.4462692490489
 30
40.46848554684212
  0
VERTEX
  5
50B
  8
DEFAULT
 10
-816.839358329773
 20
-130.4252995489806
 30
40.46848554684212
  0
VERTEX
  5
50C
  8
DEFAULT
 10
-816.8647164814174
 20
-130.4037827006251
 30
40.46848554684212
  0
VERTEX
  5
50D
  8
DEFAULT
 10
-816.8895265460014
 20
-130.3817177652091
 30
40.46848554684212
  0
VERTEX
  5
50E
  8
DEFAULT
 10
-816.9137878529727
 20
-130.3591040721804
 30
40.46848554684212
  0
VERTEX
  5
50F
  8
DEFAULT
 10
-816.9375
 20
-130.3359412192077
 30
40.46848554684212
  0
VERTEX
  5
510
  8
DEFAULT
 10
-816.9606628529727
 20
-130.3122290721804
 30
40.46848554684212
  0
VERTEX
  5
511
  8
DEFAULT
 10
-816.9832765460014
 20
-130.2879677652091
 30
40.46848554684212
  0
VERTEX
  5
512
  8
DEFAULT
 10
-817.0053414814174
 20
-130.2631577006251
 30
40.46848554684212
  0
VERTEX
  5
513
  8
DEFAULT
 10
-817.026858329773
 20
-130.2377995489806
 30
40.46848554684212
  0
VERTEX
  5
514
  8
DEFAULT
 10
-817.0478280298412
 20
-130.2118942490488
 30
40.46848554684212
  0
VERTEX
  5
515
  8
DEFAULT
 10
-817.0682517886162
 20
-130.1854430078238
 30
40.46848554684212
  0
VERTEX
  5
516
  8
DEFAULT
 10
-817.0881310813129
 20
-130.1584473005205
 30
40.46848554684212
  0
VERTEX
  5
517
  8
DEFAULT
 10
-817.1074676513672
 20
-130.1309088705748
 30
40.46848554684212
  0
VERTEX
  5
518
  8
DEFAULT
 10
-817.1262635104358
 20
-130.1028297296435
 30
40.46848554684212
  0
VERTEX
  5
519
  8
DEFAULT
 10
-817.1445209383965
 20
-130.0742121576041
 30
40.46848554684212
  0
VERTEX
  5
51A
  8
DEFAULT
 10
-817.1622424833477
 20
-130.0450587025553
 30
40.46848554684212
  0
VERTEX
  5
51B
  8
DEFAULT
 10
-817.1794309616089
 20
-130.0153721808165
 30
40.46848554684212
  0
VERTEX
  5
51C
  8
DEFAULT
 10
-817.1960894577205
 20
-129.9851556769282
 30
40.46848554684212
  0
VERTEX
  5
51D
  8
DEFAULT
 10
-817.2122213244438
 20
-129.9544125436515
 30
40.46848554684212
  0
VERTEX
  5
51E
  8
DEFAULT
 10
-817.227830182761
 20
-129.9231464019686
 30
40.46848554684212
  0
VERTEX
  5
51F
  8
DEFAULT
 10
-817.242919921875
 20
-129.8913611410827
 30
40.46848554684212
  0
VERTEX
  5
520
  8
DEFAULT
 10
-817.2574946992099
 20
-129.8590609184176
 30
40.46848554684212
  0
VERTEX
  5
521
  8
DEFAULT
 10
-817.2715589404106
 20
-129.8262501596183
 30
40.46848554684212
  0
VERTEX
  5
522
  8
DEFAULT
 10
-817.2851173393428
 20
-129.7929335585505
 30
40.46848554684212
  0
VERTEX
  5
523
  8
DEFAULT
 10
-817.2981748580933
 20
-129.759116077301
 30
40.46848554684212
  0
VERTEX
  5
524
  8
DEFAULT
 10
-817.3228084445
 20
-129.6899996637077
 30
40.46848554684212
  0
VERTEX
  5
525
  8
DEFAULT
 10
-817.3455047607422
 20
-129.6189459799499
 30
40.46848554684212
  0
VERTEX
  5
526
  8
DEFAULT
 10
-817.3663131594658
 20
-129.5460043786735
 30
40.46848554684212
  0
VERTEX
  5
527
  8
DEFAULT
 10
-817.3852872848511
 20
-129.4712285040588
 30
40.46848554684212
  0
VERTEX
  5
528
  8
DEFAULT
 10
-817.4024850726128
 20
-129.3946762918205
 30
40.46848554684212
  0
VERTEX
  5
529
  8
DEFAULT
 10
-817.41796875
 20
-129.3164099692077
 30
40.46848554684212
  0
VERTEX
  5
52A
  8
DEFAULT
 10
-817.4318048357964
 20
-129.2364960550041
 30
40.46848554684212
  0
VERTEX
  5
52B
  8
DEFAULT
 10
-817.4440641403198
 20
-129.1550053595275
 30
40.46848554684212
  0
VERTEX
  5
52C
  8
DEFAULT
 10
-817.4548217654228
 20
-129.0720129846305
 30
40.46848554684212
  0
VERTEX
  5
52D
  8
DEFAULT
 10
-817.4641571044922
 20
-128.9875983236999
 30
40.46848554684212
  0
VERTEX
  5
52E
  8
DEFAULT
 10
-817.4788999557495
 20
-128.8148411749572
 30
40.46848554684212
  0
VERTEX
  5
52F
  8
DEFAULT
 10
-817.489013671875
 20
-128.6374548910827
 30
40.46848554684212
  0
VERTEX
  5
530
  8
DEFAULT
 10
-817.4985809326172
 20
-128.2720221518249
 30
40.46848554684212
  0
VERTEX
  5
531
  8
DEFAULT
 10
-817.5
 20
-127.8984412192077
 30
40.46848554684212
  0
VERTEX
  5
532
  8
DEFAULT
 10
-817.5
 20
-92.75169849325667
 30
40.46848554684212
  0
VERTEX
  5
533
  8
DEFAULT
 10
-817.493966261286
 20
-92.1460341893054
 30
40.46848554684212
  0
VERTEX
  5
534
  8
DEFAULT
 10
-817.4883736007752
 20
-91.99870233915007
 30
40.46848554684212
  0
VERTEX
  5
535
  8
DEFAULT
 10
-817.4801830324382
 20
-91.85396839682068
 30
40.46848554684212
  0
VERTEX
  5
536
  8
DEFAULT
 10
-817.4689656184204
 20
-91.71226130017217
 30
40.46848554684212
  0
VERTEX
  5
537
  8
DEFAULT
 10
-817.4543228042332
 20
-91.57397960369305
 30
40.46848554684212
  0
VERTEX
  5
538
  8
DEFAULT
 10
-817.4358864187548
 20
-91.4394914785052
 30
40.46848554684212
  0
VERTEX
  5
539
  8
DEFAULT
 10
-817.4251388912573
 20
-91.37377675066936
 30
40.46848554684212
  0
VERTEX
  5
53A
  8
DEFAULT
 10
-817.4133186742296
 20
-91.3091347123641
 30
40.46848554684212
  0
VERTEX
  5
53B
  8
DEFAULT
 10
-817.4003882916027
 20
-91.24560283965782
 30
40.46848554684212
  0
VERTEX
  5
53C
  8
DEFAULT
 10
-817.3863121662689
 20
-91.18321670965854
 30
40.46848554684212
  0
VERTEX
  5
53D
  8
DEFAULT
 10
-817.3710566200805
 20
-91.12201000051382
 30
40.46848554684212
  0
VERTEX
  5
53E
  8
DEFAULT
 10
-817.3545898738503
 20
-91.06201449141085
 30
40.46848554684212
  0
VERTEX
  5
53F
  8
DEFAULT
 10
-817.3368820473515
 20
-91.0032600625764
 30
40.46848554684212
  0
VERTEX
  5
540
  8
DEFAULT
 10
-817.3179051593179
 20
-90.94577469527681
 30
40.46848554684212
  0
VERTEX
  5
541
  8
DEFAULT
 10
-817.2976331274435
 20
-90.88958447181807
 30
40.46848554684212
  0
VERTEX
  5
542
  8
DEFAULT
 10
-817.2760417683828
 20
-90.83471357554568
 30
40.46848554684212
  0
VERTEX
  5
543
  8
DEFAULT
 10
-817.2531087977504
 20
-90.78118429084478
 30
40.46848554684212
  0
VERTEX
  5
544
  8
DEFAULT
 10
-817.228813830122
 20
-90.72901700314011
 30
40.46848554684212
  0
VERTEX
  5
545
  8
DEFAULT
 10
-817.203138379033
 20
-90.67823019889599
 30
40.46848554684212
  0
VERTEX
  5
546
  8
DEFAULT
 10
-817.1760658569796
 20
-90.6288404656163
 30
40.46848554684212
  0
VERTEX
  5
547
  8
DEFAULT
 10
-817.1475815754181
 20
-90.58086249184458
 30
40.46848554684212
  0
VERTEX
  5
548
  8
DEFAULT
 10
-817.1328059538992
 20
-90.55740698569704
 30
40.46848554684212
  0
VERTEX
  5
549
  8
DEFAULT
 10
-817.1176727447657
 20
-90.53430906716389
 30
40.46848554684212
  0
VERTEX
  5
54A
  8
DEFAULT
 10
-817.1021806460326
 20
-90.51157003823042
 30
40.46848554684212
  0
VERTEX
  5
54B
  8
DEFAULT
 10
-817.0863284743997
 20
-90.4891910821969
 30
40.46848554684212
  0
VERTEX
  5
54C
  8
DEFAULT
 10
-817.0701151652513
 20
-90.46717326367866
 30
40.46848554684212
  0
VERTEX
  5
54D
  8
DEFAULT
 10
-817.0535397726574
 20
-90.44551752860593
 30
40.46848554684212
  0
VERTEX
  5
54E
  8
DEFAULT
 10
-817.0366014693727
 20
-90.4242247042239
 30
40.46848554684212
  0
VERTEX
  5
54F
  8
DEFAULT
 10
-817.0192995468374
 20
-90.40329549909282
 30
40.46848554684212
  0
VERTEX
  5
550
  8
DEFAULT
 10
-817.0016334151759
 20
-90.38273050308779
 30
40.46848554684212
  0
VERTEX
  5
551
  8
DEFAULT
 10
-816.983602603198
 20
-90.362530187399
 30
40.46848554684212
  0
VERTEX
  5
552
  8
DEFAULT
 10
-816.965206758399
 20
-90.34269490453158
 30
40.46848554684212
  0
VERTEX
  5
553
  8
DEFAULT
 10
-816.9464456469584
 20
-90.32322488830556
 30
40.46848554684212
  0
VERTEX
  5
554
  8
DEFAULT
 10
-816.9273191537411
 20
-90.30412025385604
 30
40.46848554684212
  0
VERTEX
  5
555
  8
DEFAULT
 10
-816.9078272822976
 20
-90.2853809976331
 30
40.46848554684212
  0
VERTEX
  5
556
  8
DEFAULT
 10
-816.8879701548624
 20
-90.2670069974017
 30
40.46848554684212
  0
VERTEX
  5
557
  8
DEFAULT
 10
-816.8677480123558
 20
-90.24899801224186
 30
40.46848554684212
  0
VERTEX
  5
558
  8
DEFAULT
 10
-816.8471612143824
 20
-90.23135368254853
 30
40.46848554684212
  0
VERTEX
  5
559
  8
DEFAULT
 10
-816.8262102392328
 20
-90.21407353003167
 30
40.46848554684212
  0
VERTEX
  5
55A
  8
DEFAULT
 10
-816.8048956838818
 20
-90.19715695771619
 30
40.46848554684212
  0
VERTEX
  5
55B
  8
DEFAULT
 10
-816.7832182639895
 20
-90.18060324994195
 30
40.46848554684212
  0
VERTEX
  5
55C
  8
DEFAULT
 10
-816.761178813901
 20
-90.16441157236385
 30
40.46848554684212
  0
VERTEX
  5
55D
  8
DEFAULT
 10
-816.7387782866465
 20
-90.1485809719517
 30
40.46848554684212
  0
VERTEX
  5
55E
  8
DEFAULT
 10
-816.7160177539413
 20
-90.13311037699033
 30
40.46848554684212
  0
VERTEX
  5
55F
  8
DEFAULT
 10
-816.6928984061856
 20
-90.1179985970795
 30
40.46848554684212
  0
VERTEX
  5
560
  8
DEFAULT
 10
-816.6694215524645
 20
-90.10324432313402
 30
40.46848554684212
  0
VERTEX
  5
561
  8
DEFAULT
 10
-816.6455886205483
 20
-90.08884612738356
 30
40.46848554684212
  0
VERTEX
  5
562
  8
DEFAULT
 10
-816.5968608266371
 20
-90.06111166596165
 30
40.46848554684212
  0
VERTEX
  5
563
  8
DEFAULT
 10
-816.5467288203145
 20
-90.03478141695112
 30
40.46848554684212
  0
VERTEX
  5
564
  8
DEFAULT
 10
-816.4952082964035
 20
-90.00983968552895
 30
40.46848554684212
  0
VERTEX
  5
565
  8
DEFAULT
 10
-816.4423168486876
 20
-89.98626887791167
 30
40.46848554684212
  0
VERTEX
  5
566
  8
DEFAULT
 10
-816.3880739699108
 20
-89.96404950135548
 30
40.46848554684212
  0
VERTEX
  5
567
  8
DEFAULT
 10
-816.332501051777
 20
-89.94316016415603
 30
40.46848554684212
  0
VERTEX
  5
568
  8
DEFAULT
 10
-816.2756213849511
 20
-89.9235775756487
 30
40.46848554684212
  0
VERTEX
  5
569
  8
DEFAULT
 10
-816.2174601590583
 20
-89.9052765462084
 30
40.46848554684212
  0
VERTEX
  5
56A
  8
DEFAULT
 10
-816.1580444626838
 20
-89.88822998724962
 30
40.46848554684212
  0
VERTEX
  5
56B
  8
DEFAULT
 10
-816.0974032833739
 20
-89.8724089112265
 30
40.46848554684212
  0
VERTEX
  5
56C
  8
DEFAULT
 10
-816.0355675076344
 20
-89.8577824316327
 30
40.46848554684212
  0
VERTEX
  5
56D
  8
DEFAULT
 10
-815.9725699209324
 20
-89.84431776300153
 30
40.46848554684212
  0
VERTEX
  5
56E
  8
DEFAULT
 10
-815.908445207695
 20
-89.83198022090582
 30
40.46848554684212
  0
VERTEX
  5
56F
  8
DEFAULT
 10
-815.8432299513097
 20
-89.82073322195808
 30
40.46848554684212
  0
VERTEX
  5
570
  8
DEFAULT
 10
-815.7096836374474
 20
-89.80135502515424
 30
40.46848554684212
  0
VERTEX
  5
571
  8
DEFAULT
 10
-815.5722616256537
 20
-89.78585252628159
 30
40.46848554684212
  0
VERTEX
  5
572
  8
DEFAULT
 10
-811.0
 20
-89.78585252628157
 30
40.46848554684212
  0
VERTEX
  5
573
  8
DEFAULT
 10
-811.0
 20
-66.40004011073339
 30
40.46848554684212
  0
VERTEX
  5
574
  8
DEFAULT
 10
-814.5
 20
-66.40004011345397
 30
40.46848554684212
  0
VERTEX
  5
575
  8
DEFAULT
 10
-814.8735809326172
 20
-66.39862104607116
 30
40.46848554684212
  0
VERTEX
  5
576
  8
DEFAULT
 10
-815.239013671875
 20
-66.38905378532897
 30
40.46848554684212
  0
VERTEX
  5
577
  8
DEFAULT
 10
-815.4163999557495
 20
-66.37894006920348
 30
40.46848554684212
  0
VERTEX
  5
578
  8
DEFAULT
 10
-815.5891571044922
 20
-66.36419721794616
 30
40.46848554684212
  0
VERTEX
  5
579
  8
DEFAULT
 10
-815.6735717654228
 20
-66.35486187887678
 30
40.46848554684212
  0
VERTEX
  5
57A
  8
DEFAULT
 10
-815.7565641403198
 20
-66.34410425377379
 30
40.46848554684212
  0
VERTEX
  5
57B
  8
DEFAULT
 10
-815.8380548357964
 20
-66.33184494925032
 30
40.46848554684212
  0
VERTEX
  5
57C
  8
DEFAULT
 10
-815.91796875
 20
-66.31800886345397
 30
40.46848554684212
  0
VERTEX
  5
57D
  8
DEFAULT
 10
-815.9962350726128
 20
-66.30252518606673
 30
40.46848554684212
  0
VERTEX
  5
57E
  8
DEFAULT
 10
-816.0727872848511
 20
-66.28532739830504
 30
40.46848554684212
  0
VERTEX
  5
57F
  8
DEFAULT
 10
-816.1475631594658
 20
-66.26635327291976
 30
40.46848554684212
  0
VERTEX
  5
580
  8
DEFAULT
 10
-816.2205047607422
 20
-66.24554487419616
 30
40.46848554684212
  0
VERTEX
  5
581
  8
DEFAULT
 10
-816.2915584445
 20
-66.22284855795394
 30
40.46848554684212
  0
VERTEX
  5
582
  8
DEFAULT
 10
-816.3606748580933
 20
-66.19821497154722
 30
40.46848554684212
  0
VERTEX
  5
583
  8
DEFAULT
 10
-816.3944923393428
 20
-66.18515745279679
 30
40.46848554684212
  0
VERTEX
  5
584
  8
DEFAULT
 10
-816.4278089404106
 20
-66.17159905386457
 30
40.46848554684212
  0
VERTEX
  5
585
  8
DEFAULT
 10
-816.4606196992099
 20
-66.1575348126639
 30
40.46848554684212
  0
VERTEX
  5
586
  8
DEFAULT
 10
-816.492919921875
 20
-66.14296003532897
 30
40.46848554684212
  0
VERTEX
  5
587
  8
DEFAULT
 10
-816.524705182761
 20
-66.12787029621492
 30
40.46848554684212
  0
VERTEX
  5
588
  8
DEFAULT
 10
-816.5559713244438
 20
-66.11226143789779
 30
40.46848554684212
  0
VERTEX
  5
589
  8
DEFAULT
 10
-816.5867144577205
 20
-66.09612957117449
 30
40.46848554684212
  0
VERTEX
  5
58A
  8
DEFAULT
 10
-816.6169309616089
 20
-66.07947107506286
 30
40.46848554684212
  0
VERTEX
  5
58B
  8
DEFAULT
 10
-816.6466174833477
 20
-66.06228259680162
 30
40.46848554684212
  0
VERTEX
  5
58C
  8
DEFAULT
 10
-816.6757709383965
 20
-66.04456105185042
 30
40.46848554684212
  0
VERTEX
  5
58D
  8
DEFAULT
 10
-816.7043885104358
 20
-66.02630362388979
 30
40.46848554684212
  0
VERTEX
  5
58E
  8
DEFAULT
 10
-816.7324676513672
 20
-66.00750776482114
 30
40.46848554684212
  0
VERTEX
  5
58F
  8
DEFAULT
 10
-816.7600060813129
 20
-65.98817119476686
 30
40.46848554684212
  0
VERTEX
  5
590
  8
DEFAULT
 10
-816.7870017886162
 20
-65.96829190207013
 30
40.46848554684212
  0
VERTEX
  5
591
  8
DEFAULT
 10
-816.8134530298412
 20
-65.94786814329514
 30
40.46848554684212
  0
VERTEX
  5
592
  8
DEFAULT
 10
-816.839358329773
 20
-65.9268984432269
 30
40.46848554684212
  0
VERTEX
  5
593
  8
DEFAULT
 10
-816.8647164814174
 20
-65.90538159487136
 30
40.46848554684212
  0
VERTEX
  5
594
  8
DEFAULT
 10
-816.8895265460014
 20
-65.88331665945537
 30
40.46848554684212
  0
VERTEX
  5
595
  8
DEFAULT
 10
-816.9137878529727
 20
-65.8607029664267
 30
40.46848554684212
  0
VERTEX
  5
596
  8
DEFAULT
 10
-816.9375
 20
-65.83754011345395
 30
40.46848554684212
  0
VERTEX
  5
597
  8
DEFAULT
 10
-816.9606628529727
 20
-65.8138279664267
 30
40.46848554684212
  0
VERTEX
  5
598
  8
DEFAULT
 10
-816.9832765460014
 20
-65.78956665945539
 30
40.46848554684212
  0
VERTEX
  5
599
  8
DEFAULT
 10
-817.0053414814174
 20
-65.76475659487139
 30
40.46848554684212
  0
VERTEX
  5
59A
  8
DEFAULT
 10
-817.026858329773
 20
-65.7393984432269
 30
40.46848554684212
  0
VERTEX
  5
59B
  8
DEFAULT
 10
-817.0478280298412
 20
-65.71349314329512
 30
40.46848554684212
  0
VERTEX
  5
59C
  8
DEFAULT
 10
-817.0682517886162
 20
-65.68704190207012
 30
40.46848554684212
  0
VERTEX
  5
59D
  8
DEFAULT
 10
-817.0881310813129
 20
-65.66004619476684
 30
40.46848554684212
  0
VERTEX
  5
59E
  8
DEFAULT
 10
-817.1074676513672
 20
-65.63250776482113
 30
40.46848554684212
  0
VERTEX
  5
59F
  8
DEFAULT
 10
-817.1262635104358
 20
-65.60442862388976
 30
40.46848554684212
  0
VERTEX
  5
5A0
  8
DEFAULT
 10
-817.1445209383965
 20
-65.5758110518504
 30
40.46848554684212
  0
VERTEX
  5
5A1
  8
DEFAULT
 10
-817.1622424833477
 20
-65.54665759680161
 30
40.46848554684212
  0
VERTEX
  5
5A2
  8
DEFAULT
 10
-817.1794309616089
 20
-65.51697107506283
 30
40.46848554684212
  0
VERTEX
  5
5A3
  8
DEFAULT
 10
-817.1960894577205
 20
-65.48675457117446
 30
40.46848554684212
  0
VERTEX
  5
5A4
  8
DEFAULT
 10
-817.2122213244438
 20
-65.45601143789777
 30
40.46848554684212
  0
VERTEX
  5
5A5
  8
DEFAULT
 10
-817.227830182761
 20
-65.42474529621491
 30
40.46848554684212
  0
VERTEX
  5
5A6
  8
DEFAULT
 10
-817.242919921875
 20
-65.39296003532895
 30
40.46848554684212
  0
VERTEX
  5
5A7
  8
DEFAULT
 10
-817.2574946992099
 20
-65.36065981266387
 30
40.46848554684212
  0
VERTEX
  5
5A8
  8
DEFAULT
 10
-817.2715589404106
 20
-65.32784905386455
 30
40.46848554684212
  0
VERTEX
  5
5A9
  8
DEFAULT
 10
-817.2851173393428
 20
-65.29453245279679
 30
40.46848554684212
  0
VERTEX
  5
5AA
  8
DEFAULT
 10
-817.2981748580933
 20
-65.26071497154722
 30
40.46848554684212
  0
VERTEX
  5
5AB
  8
DEFAULT
 10
-817.3228084445
 20
-65.19159855795392
 30
40.46848554684212
  0
VERTEX
  5
5AC
  8
DEFAULT
 10
-817.3455047607422
 20
-65.12054487419614
 30
40.46848554684212
  0
VERTEX
  5
5AD
  8
DEFAULT
 10
-817.3663131594658
 20
-65.04760327291973
 30
40.46848554684212
  0
VERTEX
  5
5AE
  8
DEFAULT
 10
-817.3852872848511
 20
-64.97282739830504
 30
40.46848554684212
  0
VERTEX
  5
5AF
  8
DEFAULT
 10
-817.4024850726128
 20
-64.89627518606673
 30
40.46848554684212
  0
VERTEX
  5
5B0
  8
DEFAULT
 10
-817.41796875
 20
-64.81800886345395
 30
40.46848554684212
  0
VERTEX
  5
5B1
  8
DEFAULT
 10
-817.4318048357964
 20
-64.73809494925031
 30
40.46848554684212
  0
VERTEX
  5
5B2
  8
DEFAULT
 10
-817.4440641403198
 20
-64.65660425377379
 30
40.46848554684212
  0
VERTEX
  5
5B3
  8
DEFAULT
 10
-817.4548217654228
 20
-64.57361187887679
 30
40.46848554684212
  0
VERTEX
  5
5B4
  8
DEFAULT
 10
-817.4641571044922
 20
-64.48919721794616
 30
40.46848554684212
  0
VERTEX
  5
5B5
  8
DEFAULT
 10
-817.4788999557495
 20
-64.31644006920348
 30
40.46848554684212
  0
VERTEX
  5
5B6
  8
DEFAULT
 10
-817.489013671875
 20
-64.13905378532897
 30
40.46848554684212
  0
VERTEX
  5
5B7
  8
DEFAULT
 10
-817.4985809326172
 20
-63.77362104607115
 30
40.46848554684212
  0
VERTEX
  5
5B8
  8
DEFAULT
 10
-817.5
 20
-63.40004011345395
 30
40.46848554684212
  0
VERTEX
  5
5B9
  8
DEFAULT
 10
-817.5
 20
-21.47784719286768
 30
40.46848554684212
  0
VERTEX
  5
5BA
  8
DEFAULT
 10
-817.4985809326172
 20
-21.1042662602505
 30
40.46848554684212
  0
VERTEX
  5
5BB
  8
DEFAULT
 10
-817.489013671875
 20
-20.73883352099269
 30
40.46848554684212
  0
VERTEX
  5
5BC
  8
DEFAULT
 10
-817.4788999557495
 20
-20.56144723711817
 30
40.46848554684212
  0
VERTEX
  5
5BD
  8
DEFAULT
 10
-817.4641571044922
 20
-20.3886900883755
 30
40.46848554684212
  0
VERTEX
  5
5BE
  8
DEFAULT
 10
-817.4548217654228
 20
-20.30427542744486
 30
40.46848554684212
  0
VERTEX
  5
5BF
  8
DEFAULT
 10
-817.4440641403198
 20
-20.22128305254786
 30
40.46848554684212
  0
VERTEX
  5
5C0
  8
DEFAULT
 10
-817.4318048357964
 20
-20.13979235707133
 30
40.46848554684212
  0
VERTEX
  5
5C1
  8
DEFAULT
 10
-817.41796875
 20
-20.05987844286768
 30
40.46848554684212
  0
VERTEX
  5
5C2
  8
DEFAULT
 10
-817.4024850726128
 20
-19.98161212025492
 30
40.46848554684212
  0
VERTEX
  5
5C3
  8
DEFAULT
 10
-817.3852872848511
 20
-19.90505990801661
 30
40.46848554684212
  0
VERTEX
  5
5C4
  8
DEFAULT
 10
-817.3663131594658
 20
-19.83028403340189
 30
40.46848554684212
  0
VERTEX
  5
5C5
  8
DEFAULT
 10
-817.3455047607422
 20
-19.75734243212549
 30
40.46848554684212
  0
VERTEX
  5
5C6
  8
DEFAULT
 10
-817.3228084445
 20
-19.68628874836771
 30
40.46848554684212
  0
VERTEX
  5
5C7
  8
DEFAULT
 10
-817.2981748580933
 20
-19.61717233477442
 30
40.46848554684212
  0
VERTEX
  5
5C8
  8
DEFAULT
 10
-817.2851173393428
 20
-19.58335485352485
 30
40.46848554684212
  0
VERTEX
  5
5C9
  8
DEFAULT
 10
-817.2715589404106
 20
-19.55003825245706
 30
40.46848554684212
  0
VERTEX
  5
5CA
  8
DEFAULT
 10
-817.2574946992099
 20
-19.51722749365775
 30
40.46848554684212
  0
VERTEX
  5
5CB
  8
DEFAULT
 10
-817.242919921875
 20
-19.48492727099268
 30
40.46848554684212
  0
VERTEX
  5
5CC
  8
DEFAULT
 10
-817.227830182761
 20
-19.45314201010673
 30
40.46848554684212
  0
VERTEX
  5
5CD
  8
DEFAULT
 10
-817.2122213244438
 20
-19.42187586842386
 30
40.46848554684212
  0
VERTEX
  5
5CE
  8
DEFAULT
 10
-817.1960894577205
 20
-19.39113273514716
 30
40.46848554684212
  0
VERTEX
  5
5CF
  8
DEFAULT
 10
-817.1794309616089
 20
-19.36091623125879
 30
40.46848554684212
  0
VERTEX
  5
5D0
  8
DEFAULT
 10
-817.1622424833477
 20
-19.33122970952003
 30
40.46848554684212
  0
VERTEX
  5
5D1
  8
DEFAULT
 10
-817.1445209383965
 20
-19.30207625447122
 30
40.46848554684212
  0
VERTEX
  5
5D2
  8
DEFAULT
 10
-817.1262635104358
 20
-19.27345868243186
 30
40.46848554684212
  0
VERTEX
  5
5D3
  8
DEFAULT
 10
-817.1074676513672
 20
-19.24537954150049
 30
40.46848554684212
  0
VERTEX
  5
5D4
  8
DEFAULT
 10
-817.0881310813129
 20
-19.21784111155478
 30
40.46848554684212
  0
VERTEX
  5
5D5
  8
DEFAULT
 10
-817.0682517886162
 20
-19.1908454042515
 30
40.46848554684212
  0
VERTEX
  5
5D6
  8
DEFAULT
 10
-817.0478280298412
 20
-19.16439416302649
 30
40.46848554684212
  0
VERTEX
  5
5D7
  8
DEFAULT
 10
-817.026858329773
 20
-19.13848886309473
 30
40.46848554684212
  0
VERTEX
  5
5D8
  8
DEFAULT
 10
-817.0053414814174
 20
-19.11313071145027
 30
40.46848554684212
  0
VERTEX
  5
5D9
  8
DEFAULT
 10
-816.9832765460014
 20
-19.08832064686625
 30
40.46848554684212
  0
VERTEX
  5
5DA
  8
DEFAULT
 10
-816.9606628529727
 20
-19.06405933989494
 30
40.46848554684212
  0
VERTEX
  5
5DB
  8
DEFAULT
 10
-816.9375
 20
-19.04034719286768
 30
40.46848554684212
  0
VERTEX
  5
5DC
  8
DEFAULT
 10
-816.9137878529727
 20
-19.01718433989494
 30
40.46848554684212
  0
VERTEX
  5
5DD
  8
DEFAULT
 10
-816.8895265460014
 20
-18.99457064686624
 30
40.46848554684212
  0
VERTEX
  5
5DE
  8
DEFAULT
 10
-816.8647164814174
 20
-18.97250571145026
 30
40.46848554684212
  0
VERTEX
  5
5DF
  8
DEFAULT
 10
-816.839358329773
 20
-18.95098886309473
 30
40.46848554684212
  0
VERTEX
  5
5E0
  8
DEFAULT
 10
-816.8134530298412
 20
-18.9300191630265
 30
40.46848554684212
  0
VERTEX
  5
5E1
  8
DEFAULT
 10
-816.7870017886162
 20
-18.9095954042515
 30
40.46848554684212
  0
VERTEX
  5
5E2
  8
DEFAULT
 10
-816.7600060813129
 20
-18.88971611155479
 30
40.46848554684212
  0
VERTEX
  5
5E3
  8
DEFAULT
 10
-816.7324676513672
 20
-18.87037954150049
 30
40.46848554684212
  0
VERTEX
  5
5E4
  8
DEFAULT
 10
-816.7043885104358
 20
-18.85158368243187
 30
40.46848554684212
  0
VERTEX
  5
5E5
  8
DEFAULT
 10
-816.6757709383965
 20
-18.83332625447123
 30
40.46848554684212
  0
VERTEX
  5
5E6
  8
DEFAULT
 10
-816.6466174833477
 20
-18.81560470952003
 30
40.46848554684212
  0
VERTEX
  5
5E7
  8
DEFAULT
 10
-816.6169309616089
 20
-18.7984162312588
 30
40.46848554684212
  0
VERTEX
  5
5E8
  8
DEFAULT
 10
-816.5867144577205
 20
-18.78175773514717
 30
40.46848554684212
  0
VERTEX
  5
5E9
  8
DEFAULT
 10
-816.5559713244438
 20
-18.76562586842387
 30
40.46848554684212
  0
VERTEX
  5
5EA
  8
DEFAULT
 10
-816.524705182761
 20
-18.75001701010673
 30
40.46848554684212
  0
VERTEX
  5
5EB
  8
DEFAULT
 10
-816.492919921875
 20
-18.73492727099269
 30
40.46848554684212
  0
VERTEX
  5
5EC
  8
DEFAULT
 10
-816.4606196992099
 20
-18.72035249365776
 30
40.46848554684212
  0
VERTEX
  5
5ED
  8
DEFAULT
 10
-816.4278089404106
 20
-18.70628825245707
 30
40.46848554684212
  0
VERTEX
  5
5EE
  8
DEFAULT
 10
-816.3944923393428
 20
-18.69272985352485
 30
40.46848554684212
  0
VERTEX
  5
5EF
  8
DEFAULT
 10
-816.3606748580933
 20
-18.67967233477442
 30
40.46848554684212
  0
VERTEX
  5
5F0
  8
DEFAULT
 10
-816.2915584445
 20
-18.65503874836772
 30
40.46848554684212
  0
VERTEX
  5
5F1
  8
DEFAULT
 10
-816.2205047607422
 20
-18.6323424321255
 30
40.46848554684212
  0
VERTEX
  5
5F2
  8
DEFAULT
 10
-816.1475631594658
 20
-18.6115340334019
 30
40.46848554684212
  0
VERTEX
  5
5F3
  8
DEFAULT
 10
-816.0727872848511
 20
-18.59255990801661
 30
40.46848554684212
  0
VERTEX
  5
5F4
  8
DEFAULT
 10
-815.9962350726128
 20
-18.57536212025492
 30
40.46848554684212
  0
VERTEX
  5
5F5
  8
DEFAULT
 10
-815.91796875
 20
-18.55987844286769
 30
40.46848554684212
  0
VERTEX
  5
5F6
  8
DEFAULT
 10
-815.8380548357964
 20
-18.54604235707133
 30
40.46848554684212
  0
VERTEX
  5
5F7
  8
DEFAULT
 10
-815.7565641403198
 20
-18.53378305254786
 30
40.46848554684212
  0
VERTEX
  5
5F8
  8
DEFAULT
 10
-815.6735717654228
 20
-18.52302542744486
 30
40.46848554684212
  0
VERTEX
  5
5F9
  8
DEFAULT
 10
-815.5891571044922
 20
-18.5136900883755
 30
40.46848554684212
  0
VERTEX
  5
5FA
  8
DEFAULT
 10
-815.4163999557495
 20
-18.49894723711817
 30
40.46848554684212
  0
VERTEX
  5
5FB
  8
DEFAULT
 10
-815.239013671875
 20
-18.48883352099269
 30
40.46848554684212
  0
VERTEX
  5
5FC
  8
DEFAULT
 10
-814.8735809326172
 20
-18.4792662602505
 30
40.46848554684212
  0
VERTEX
  5
5FD
  8
DEFAULT
 10
-814.5
 20
-18.47784719286769
 30
40.46848554684212
  0
VERTEX
  5
5FE
  8
DEFAULT
 10
-811.0
 20
-18.47784719558822
 30
40.46848554684212
  0
VERTEX
  5
5FF
  8
DEFAULT
 10
-811.0
 20
4.87381118952506
 30
40.46848554684212
  0
VERTEX
  5
600
  8
DEFAULT
 10
-814.5
 20
4.873811186935047
 30
40.46848554684212
  0
VERTEX
  5
601
  8
DEFAULT
 10
-814.8735809326172
 20
4.875230254317859
 30
40.46848554684212
  0
VERTEX
  5
602
  8
DEFAULT
 10
-815.239013671875
 20
4.884797515060045
 30
40.46848554684212
  0
VERTEX
  5
603
  8
DEFAULT
 10
-815.4163999557495
 20
4.894911231185533
 30
40.46848554684212
  0
VERTEX
  5
604
  8
DEFAULT
 10
-815.5891571044922
 20
4.909654082442858
 30
40.46848554684212
  0
VERTEX
  5
605
  8
DEFAULT
 10
-815.6735717654228
 20
4.918989421512225
 30
40.46848554684212
  0
VERTEX
  5
606
  8
DEFAULT
 10
-815.7565641403198
 20
4.929747046615221
 30
40.46848554684212
  0
VERTEX
  5
607
  8
DEFAULT
 10
-815.8380548357964
 20
4.942006351138689
 30
40.46848554684212
  0
VERTEX
  5
608
  8
DEFAULT
 10
-815.91796875
 20
4.955842436935045
 30
40.46848554684212
  0
VERTEX
  5
609
  8
DEFAULT
 10
-815.9962350726128
 20
4.971326114322283
 30
40.46848554684212
  0
VERTEX
  5
60A
  8
DEFAULT
 10
-816.0727872848511
 20
4.988523902083971
 30
40.46848554684212
  0
VERTEX
  5
60B
  8
DEFAULT
 10
-816.1475631594658
 20
5.007498027469255
 30
40.46848554684212
  0
VERTEX
  5
60C
  8
DEFAULT
 10
-816.2205047607422
 20
5.028306426192858
 30
40.46848554684212
  0
VERTEX
  5
60D
  8
DEFAULT
 10
-816.2915584445
 20
5.051002742435076
 30
40.46848554684212
  0
VERTEX
  5
60E
  8
DEFAULT
 10
-816.3606748580933
 20
5.075636328841783
 30
40.46848554684212
  0
VERTEX
  5
60F
  8
DEFAULT
 10
-816.3944923393428
 20
5.088693847592213
 30
40.46848554684212
  0
VERTEX
  5
610
  8
DEFAULT
 10
-816.4278089404106
 20
5.102252246524431
 30
40.46848554684212
  0
VERTEX
  5
611
  8
DEFAULT
 10
-816.4606196992099
 20
5.116316487725117
 30
40.46848554684212
  0
VERTEX
  5
612
  8
DEFAULT
 10
-816.492919921875
 20
5.130891265060045
 30
40.46848554684212
  0
VERTEX
  5
613
  8
DEFAULT
 10
-816.524705182761
 20
5.145981004174091
 30
40.46848554684212
  0
VERTEX
  5
614
  8
DEFAULT
 10
-816.5559713244438
 20
5.161589862491228
 30
40.46848554684212
  0
VERTEX
  5
615
  8
DEFAULT
 10
-816.5867144577205
 20
5.177721729214527
 30
40.46848554684212
  0
VERTEX
  5
616
  8
DEFAULT
 10
-816.6169309616089
 20
5.194380225326158
 30
40.46848554684212
  0
VERTEX
  5
617
  8
DEFAULT
 10
-816.6466174833477
 20
5.211568703587391
 30
40.46848554684212
  0
VERTEX
  5
618
  8
DEFAULT
 10
-816.6757709383965
 20
5.229290248538591
 30
40.46848554684212
  0
VERTEX
  5
619
  8
DEFAULT
 10
-816.7043885104358
 20
5.247547676499225
 30
40.46848554684212
  0
VERTEX
  5
61A
  8
DEFAULT
 10
-816.7324676513672
 20
5.266343535567858
 30
40.46848554684212
  0
VERTEX
  5
61B
  8
DEFAULT
 10
-816.7600060813129
 20
5.28568010562215
 30
40.46848554684212
  0
VERTEX
  5
61C
  8
DEFAULT
 10
-816.7870017886162
 20
5.305559398318865
 30
40.46848554684212
  0
VERTEX
  5
61D
  8
DEFAULT
 10
-816.8134530298412
 20
5.32598315709386
 30
40.46848554684212
  0
VERTEX
  5
61E
  8
DEFAULT
 10
-816.839358329773
 20
5.346952857162096
 30
40.46848554684212
  0
VERTEX
  5
61F
  8
DEFAULT
 10
-816.8647164814174
 20
5.368469705517628
 30
40.46848554684212
  0
VERTEX
  5
620
  8
DEFAULT
 10
-816.8895265460014
 20
5.390534640933611
 30
40.46848554684212
  0
VERTEX
  5
621
  8
DEFAULT
 10
-816.9137878529727
 20
5.413148333962299
 30
40.46848554684212
  0
VERTEX
  5
622
  8
DEFAULT
 10
-816.9375
 20
5.436311186935045
 30
40.46848554684212
  0
VERTEX
  5
623
  8
DEFAULT
 10
-816.9606628529727
 20
5.460023333962299
 30
40.46848554684212
  0
VERTEX
  5
624
  8
DEFAULT
 10
-816.9832765460014
 20
5.484284640933611
 30
40.46848554684212
  0
VERTEX
  5
625
  8
DEFAULT
 10
-817.0053414814174
 20
5.509094705517628
 30
40.46848554684212
  0
VERTEX
  5
626
  8
DEFAULT
 10
-817.026858329773
 20
5.534452857162096
 30
40.46848554684212
  0
VERTEX
  5
627
  8
DEFAULT
 10
-817.0478280298412
 20
5.56035815709386
 30
40.46848554684212
  0
VERTEX
  5
628
  8
DEFAULT
 10
-817.0682517886162
 20
5.586809398318865
 30
40.46848554684212
  0
VERTEX
  5
629
  8
DEFAULT
 10
-817.0881310813129
 20
5.61380510562215
 30
40.46848554684212
  0
VERTEX
  5
62A
  8
DEFAULT
 10
-817.1074676513672
 20
5.641343535567858
 30
40.46848554684212
  0
VERTEX
  5
62B
  8
DEFAULT
 10
-817.1262635104358
 20
5.669422676499225
 30
40.46848554684212
  0
VERTEX
  5
62C
  8
DEFAULT
 10
-817.1445209383965
 20
5.698040248538591
 30
40.46848554684212
  0
VERTEX
  5
62D
  8
DEFAULT
 10
-817.1622424833477
 20
5.727193703587391
 30
40.46848554684212
  0
VERTEX
  5
62E
  8
DEFAULT
 10
-817.1794309616089
 20
5.756880225326158
 30
40.46848554684212
  0
VERTEX
  5
62F
  8
DEFAULT
 10
-817.1960894577205
 20
5.787096729214527
 30
40.46848554684212
  0
VERTEX
  5
630
  8
DEFAULT
 10
-817.2122213244438
 20
5.817839862491228
 30
40.46848554684212
  0
VERTEX
  5
631
  8
DEFAULT
 10
-817.227830182761
 20
5.849106004174091
 30
40.46848554684212
  0
VERTEX
  5
632
  8
DEFAULT
 10
-817.242919921875
 20
5.880891265060045
 30
40.46848554684212
  0
VERTEX
  5
633
  8
DEFAULT
 10
-817.2574946992099
 20
5.913191487725117
 30
40.46848554684212
  0
VERTEX
  5
634
  8
DEFAULT
 10
-817.2715589404106
 20
5.946002246524431
 30
40.46848554684212
  0
VERTEX
  5
635
  8
DEFAULT
 10
-817.2851173393428
 20
5.979318847592213
 30
40.46848554684212
  0
VERTEX
  5
636
  8
DEFAULT
 10
-817.2981748580933
 20
6.013136328841783
 30
40.46848554684212
  0
VERTEX
  5
637
  8
DEFAULT
 10
-817.3228084445
 20
6.082252742435076
 30
40.46848554684212
  0
VERTEX
  5
638
  8
DEFAULT
 10
-817.3455047607422
 20
6.153306426192858
 30
40.46848554684212
  0
VERTEX
  5
639
  8
DEFAULT
 10
-817.3663131594658
 20
6.226248027469255
 30
40.46848554684212
  0
VERTEX
  5
63A
  8
DEFAULT
 10
-817.3852872848511
 20
6.301023902083969
 30
40.46848554684212
  0
VERTEX
  5
63B
  8
DEFAULT
 10
-817.4024850726128
 20
6.377576114322281
 30
40.46848554684212
  0
VERTEX
  5
63C
  8
DEFAULT
 10
-817.41796875
 20
6.455842436935044
 30
40.46848554684212
  0
VERTEX
  5
63D
  8
DEFAULT
 10
-817.4318048357964
 20
6.535756351138688
 30
40.46848554684212
  0
VERTEX
  5
63E
  8
DEFAULT
 10
-817.4440641403198
 20
6.617247046615219
 30
40.46848554684212
  0
VERTEX
  5
63F
  8
DEFAULT
 10
-817.4548217654228
 20
6.700239421512222
 30
40.46848554684212
  0
VERTEX
  5
640
  8
DEFAULT
 10
-817.4641571044922
 20
6.784654082442856
 30
40.46848554684212
  0
VERTEX
  5
641
  8
DEFAULT
 10
-817.4788999557495
 20
6.957411231185532
 30
40.46848554684212
  0
VERTEX
  5
642
  8
DEFAULT
 10
-817.489013671875
 20
7.134797515060043
 30
40.46848554684212
  0
VERTEX
  5
643
  8
DEFAULT
 10
-817.4985809326172
 20
7.500230254317855
 30
40.46848554684212
  0
VERTEX
  5
644
  8
DEFAULT
 10
-817.5
 20
7.87381118693504
 30
40.46848554684212
  0
VERTEX
  5
645
  8
DEFAULT
 10
-817.5
 20
49.61453772388532
 30
40.46848554684212
  0
VERTEX
  5
646
  8
DEFAULT
 10
-817.4985809326172
 20
49.98811865650251
 30
40.46848554684212
  0
VERTEX
  5
647
  8
DEFAULT
 10
-817.489013671875
 20
50.35355139576032
 30
40.46848554684212
  0
VERTEX
  5
648
  8
DEFAULT
 10
-817.4788999557495
 20
50.53093767963483
 30
40.46848554684212
  0
VERTEX
  5
649
  8
DEFAULT
 10
-817.4641571044922
 20
50.70369482837751
 30
40.46848554684212
  0
VERTEX
  5
64A
  8
DEFAULT
 10
-817.4548217654228
 20
50.78810948930814
 30
40.46848554684212
  0
VERTEX
  5
64B
  8
DEFAULT
 10
-817.4440641403198
 20
50.87110186420514
 30
40.46848554684212
  0
VERTEX
  5
64C
  8
DEFAULT
 10
-817.4318048357964
 20
50.95259255968168
 30
40.46848554684212
  0
VERTEX
  5
64D
  8
DEFAULT
 10
-817.41796875
 20
51.03250647388532
 30
40.46848554684212
  0
VERTEX
  5
64E
  8
DEFAULT
 10
-817.4024850726128
 20
51.11077279649808
 30
40.46848554684212
  0
VERTEX
  5
64F
  8
DEFAULT
 10
-817.3852872848511
 20
51.18732500873639
 30
40.46848554684212
  0
VERTEX
  5
650
  8
DEFAULT
 10
-817.3663131594658
 20
51.26210088335111
 30
40.46848554684212
  0
VERTEX
  5
651
  8
DEFAULT
 10
-817.3455047607422
 20
51.33504248462751
 30
40.46848554684212
  0
VERTEX
  5
652
  8
DEFAULT
 10
-817.3228084445
 20
51.40609616838529
 30
40.46848554684212
  0
VERTEX
  5
653
  8
DEFAULT
 10
-817.2981748580933
 20
51.47521258197858
 30
40.46848554684212
  0
VERTEX
  5
654
  8
DEFAULT
 10
-817.2851173393428
 20
51.50903006322815
 30
40.46848554684212
  0
VERTEX
  5
655
  8
DEFAULT
 10
-817.2715589404106
 20
51.54234666429593
 30
40.46848554684212
  0
VERTEX
  5
656
  8
DEFAULT
 10
-817.2574946992099
 20
51.57515742309525
 30
40.46848554684212
  0
VERTEX
  5
657
  8
DEFAULT
 10
-817.242919921875
 20
51.60745764576032
 30
40.46848554684212
  0
VERTEX
  5
658
  8
DEFAULT
 10
-817.227830182761
 20
51.63924290664627
 30
40.46848554684212
  0
VERTEX
  5
659
  8
DEFAULT
 10
-817.2122213244438
 20
51.67050904832914
 30
40.46848554684212
  0
VERTEX
  5
65A
  8
DEFAULT
 10
-817.1960894577205
 20
51.70125218160584
 30
40.46848554684212
  0
VERTEX
  5
65B
  8
DEFAULT
 10
-817.1794309616089
 20
51.73146868549421
 30
40.46848554684212
  0
VERTEX
  5
65C
  8
DEFAULT
 10
-817.1622424833477
 20
51.76115520723297
 30
40.46848554684212
  0
VERTEX
  5
65D
  8
DEFAULT
 10
-817.1445209383965
 20
51.79030866228177
 30
40.46848554684212
  0
VERTEX
  5
65E
  8
DEFAULT
 10
-817.1262635104358
 20
51.81892623432114
 30
40.46848554684212
  0
VERTEX
  5
65F
  8
DEFAULT
 10
-817.1074676513672
 20
51.84700537525251
 30
40.46848554684212
  0
VERTEX
  5
660
  8
DEFAULT
 10
-817.0881310813129
 20
51.87454380519821
 30
40.46848554684212
  0
VERTEX
  5
661
  8
DEFAULT
 10
-817.0682517886162
 20
51.9015395125015
 30
40.46848554684212
  0
VERTEX
  5
662
  8
DEFAULT
 10
-817.0478280298412
 20
51.9279907537265
 30
40.46848554684212
  0
VERTEX
  5
663
  8
DEFAULT
 10
-817.026858329773
 20
51.95389605365827
 30
40.46848554684212
  0
VERTEX
  5
664
  8
DEFAULT
 10
-817.0053414814174
 20
51.97925420530274
 30
40.46848554684212
  0
VERTEX
  5
665
  8
DEFAULT
 10
-816.9832765460014
 20
52.00406426988674
 30
40.46848554684212
  0
VERTEX
  5
666
  8
DEFAULT
 10
-816.9606628529727
 20
52.02832557685805
 30
40.46848554684212
  0
VERTEX
  5
667
  8
DEFAULT
 10
-816.9375
 20
52.05203772388531
 30
40.46848554684212
  0
VERTEX
  5
668
  8
DEFAULT
 10
-816.9137878529727
 20
52.07520057685805
 30
40.46848554684212
  0
VERTEX
  5
669
  8
DEFAULT
 10
-816.8895265460014
 20
52.09781426988674
 30
40.46848554684212
  0
VERTEX
  5
66A
  8
DEFAULT
 10
-816.8647164814174
 20
52.11987920530272
 30
40.46848554684212
  0
VERTEX
  5
66B
  8
DEFAULT
 10
-816.839358329773
 20
52.14139605365826
 30
40.46848554684212
  0
VERTEX
  5
66C
  8
DEFAULT
 10
-816.8134530298412
 20
52.16236575372649
 30
40.46848554684212
  0
VERTEX
  5
66D
  8
DEFAULT
 10
-816.7870017886162
 20
52.18278951250149
 30
40.46848554684212
  0
VERTEX
  5
66E
  8
DEFAULT
 10
-816.7600060813129
 20
52.2026688051982
 30
40.46848554684212
  0
VERTEX
  5
66F
  8
DEFAULT
 10
-816.7324676513672
 20
52.22200537525249
 30
40.46848554684212
  0
VERTEX
  5
670
  8
DEFAULT
 10
-816.7043885104358
 20
52.24080123432113
 30
40.46848554684212
  0
VERTEX
  5
671
  8
DEFAULT
 10
-816.6757709383965
 20
52.25905866228176
 30
40.46848554684212
  0
VERTEX
  5
672
  8
DEFAULT
 10
-816.6466174833477
 20
52.27678020723296
 30
40.46848554684212
  0
VERTEX
  5
673
  8
DEFAULT
 10
-816.6169309616089
 20
52.29396868549419
 30
40.46848554684212
  0
VERTEX
  5
674
  8
DEFAULT
 10
-816.5867144577205
 20
52.31062718160582
 30
40.46848554684212
  0
VERTEX
  5
675
  8
DEFAULT
 10
-816.5559713244438
 20
52.32675904832912
 30
40.46848554684212
  0
VERTEX
  5
676
  8
DEFAULT
 10
-816.524705182761
 20
52.34236790664626
 30
40.46848554684212
  0
VERTEX
  5
677
  8
DEFAULT
 10
-816.492919921875
 20
52.35745764576031
 30
40.46848554684212
  0
VERTEX
  5
678
  8
DEFAULT
 10
-816.4606196992099
 20
52.37203242309523
 30
40.46848554684212
  0
VERTEX
  5
679
  8
DEFAULT
 10
-816.4278089404106
 20
52.38609666429592
 30
40.46848554684212
  0
VERTEX
  5
67A
  8
DEFAULT
 10
-816.3944923393428
 20
52.39965506322814
 30
40.46848554684212
  0
VERTEX
  5
67B
  8
DEFAULT
 10
-816.3606748580933
 20
52.41271258197857
 30
40.46848554684212
  0
VERTEX
  5
67C
  8
DEFAULT
 10
-816.2915584445
 20
52.43734616838528
 30
40.46848554684212
  0
VERTEX
  5
67D
  8
DEFAULT
 10
-816.2205047607422
 20
52.46004248462749
 30
40.46848554684212
  0
VERTEX
  5
67E
  8
DEFAULT
 10
-816.1475631594658
 20
52.48085088335108
 30
40.46848554684212
  0
VERTEX
  5
67F
  8
DEFAULT
 10
-816.0727872848511
 20
52.49982500873637
 30
40.46848554684212
  0
VERTEX
  5
680
  8
DEFAULT
 10
-815.9962350726128
 20
52.51702279649805
 30
40.46848554684212
  0
VERTEX
  5
681
  8
DEFAULT
 10
-815.91796875
 20
52.53250647388529
 30
40.46848554684212
  0
VERTEX
  5
682
  8
DEFAULT
 10
-815.8380548357964
 20
52.54634255968165
 30
40.46848554684212
  0
VERTEX
  5
683
  8
DEFAULT
 10
-815.7565641403198
 20
52.55860186420512
 30
40.46848554684212
  0
VERTEX
  5
684
  8
DEFAULT
 10
-815.6735717654228
 20
52.56935948930811
 30
40.46848554684212
  0
VERTEX
  5
685
  8
DEFAULT
 10
-815.5891571044922
 20
52.57869482837748
 30
40.46848554684212
  0
VERTEX
  5
686
  8
DEFAULT
 10
-815.4163999557495
 20
52.5934376796348
 30
40.46848554684212
  0
VERTEX
  5
687
  8
DEFAULT
 10
-815.239013671875
 20
52.60355139576029
 30
40.46848554684212
  0
VERTEX
  5
688
  8
DEFAULT
 10
-814.8735809326172
 20
52.61311865650248
 30
40.46848554684212
  0
VERTEX
  5
689
  8
DEFAULT
 10
-814.5
 20
52.61453772388529
 30
40.46848554684212
  0
VERTEX
  5
68A
  8
DEFAULT
 10
-814.0
 20
52.61453772388529
 30
40.46848554684212
  0
VERTEX
  5
68B
  8
DEFAULT
 10
-813.1373325539713
 20
52.63209224470921
 30
40.46848554684212
  0
VERTEX
  5
68C
  8
DEFAULT
 10
-811.0
 20
52.63209224470921
 30
40.46848554684212
  0
VERTEX
  5
68D
  8
DEFAULT
 10
-811.0
 20
75.96619610646835
 30
40.46848554684212
  0
VERTEX
  5
68E
  8
DEFAULT
 10
-814.5
 20
75.96619610368803
 30
40.46848554684212
  0
VERTEX
  5
68F
  8
DEFAULT
 10
-814.8735809326172
 20
75.96761517107085
 30
40.46848554684212
  0
VERTEX
  5
690
  8
DEFAULT
 10
-815.239013671875
 20
75.97718243181305
 30
40.46848554684212
  0
VERTEX
  5
691
  8
DEFAULT
 10
-815.4163999557495
 20
75.98729614793852
 30
40.46848554684212
  0
VERTEX
  5
692
  8
DEFAULT
 10
-815.5891571044922
 20
76.00203899919586
 30
40.46848554684212
  0
VERTEX
  5
693
  8
DEFAULT
 10
-815.6735717654228
 20
76.01137433826523
 30
40.46848554684212
  0
VERTEX
  5
694
  8
DEFAULT
 10
-815.7565641403198
 20
76.02213196336822
 30
40.46848554684212
  0
VERTEX
  5
695
  8
DEFAULT
 10
-815.8380548357964
 20
76.03439126789169
 30
40.46848554684212
  0
VERTEX
  5
696
  8
DEFAULT
 10
-815.91796875
 20
76.04822735368805
 30
40.46848554684212
  0
VERTEX
  5
697
  8
DEFAULT
 10
-815.9962350726128
 20
76.06371103107529
 30
40.46848554684212
  0
VERTEX
  5
698
  8
DEFAULT
 10
-816.0727872848511
 20
76.08090881883697
 30
40.46848554684212
  0
VERTEX
  5
699
  8
DEFAULT
 10
-816.1475631594658
 20
76.09988294422226
 30
40.46848554684212
  0
VERTEX
  5
69A
  8
DEFAULT
 10
-816.2205047607422
 20
76.12069134294586
 30
40.46848554684212
  0
VERTEX
  5
69B
  8
DEFAULT
 10
-816.2915584445
 20
76.14338765918808
 30
40.46848554684212
  0
VERTEX
  5
69C
  8
DEFAULT
 10
-816.3606748580933
 20
76.16802124559479
 30
40.46848554684212
  0
VERTEX
  5
69D
  8
DEFAULT
 10
-816.3944923393428
 20
76.18107876434522
 30
40.46848554684212
  0
VERTEX
  5
69E
  8
DEFAULT
 10
-816.4278089404106
 20
76.19463716327743
 30
40.46848554684212
  0
VERTEX
  5
69F
  8
DEFAULT
 10
-816.4606196992099
 20
76.20870140447812
 30
40.46848554684212
  0
VERTEX
  5
6A0
  8
DEFAULT
 10
-816.492919921875
 20
76.22327618181305
 30
40.46848554684212
  0
VERTEX
  5
6A1
  8
DEFAULT
 10
-816.524705182761
 20
76.2383659209271
 30
40.46848554684212
  0
VERTEX
  5
6A2
  8
DEFAULT
 10
-816.5559713244438
 20
76.25397477924423
 30
40.46848554684212
  0
VERTEX
  5
6A3
  8
DEFAULT
 10
-816.5867144577205
 20
76.27010664596753
 30
40.46848554684212
  0
VERTEX
  5
6A4
  8
DEFAULT
 10
-816.6169309616089
 20
76.28676514207916
 30
40.46848554684212
  0
VERTEX
  5
6A5
  8
DEFAULT
 10
-816.6466174833477
 20
76.3039536203404
 30
40.46848554684212
  0
VERTEX
  5
6A6
  8
DEFAULT
 10
-816.6757709383965
 20
76.3216751652916
 30
40.46848554684212
  0
VERTEX
  5
6A7
  8
DEFAULT
 10
-816.7043885104358
 20
76.33993259325223
 30
40.46848554684212
  0
VERTEX
  5
6A8
  8
DEFAULT
 10
-816.7324676513672
 20
76.35872845232086
 30
40.46848554684212
  0
VERTEX
  5
6A9
  8
DEFAULT
 10
-816.7600060813129
 20
76.37806502237515
 30
40.46848554684212
  0
VERTEX
  5
6AA
  8
DEFAULT
 10
-816.7870017886162
 20
76.39794431507187
 30
40.46848554684212
  0
VERTEX
  5
6AB
  8
DEFAULT
 10
-816.8134530298412
 20
76.41836807384686
 30
40.46848554684212
  0
VERTEX
  5
6AC
  8
DEFAULT
 10
-816.839358329773
 20
76.4393377739151
 30
40.46848554684212
  0
VERTEX
  5
6AD
  8
DEFAULT
 10
-816.8647164814174
 20
76.46085462227063
 30
40.46848554684212
  0
VERTEX
  5
6AE
  8
DEFAULT
 10
-816.8895265460014
 20
76.48291955768661
 30
40.46848554684212
  0
VERTEX
  5
6AF
  8
DEFAULT
 10
-816.9137878529727
 20
76.5055332507153
 30
40.46848554684212
  0
VERTEX
  5
6B0
  8
DEFAULT
 10
-816.9375
 20
76.52869610368805
 30
40.46848554684212
  0
VERTEX
  5
6B1
  8
DEFAULT
 10
-816.9606628529727
 20
76.5524082507153
 30
40.46848554684212
  0
VERTEX
  5
6B2
  8
DEFAULT
 10
-816.9832765460014
 20
76.57666955768661
 30
40.46848554684212
  0
VERTEX
  5
6B3
  8
DEFAULT
 10
-817.0053414814174
 20
76.60147962227063
 30
40.46848554684212
  0
VERTEX
  5
6B4
  8
DEFAULT
 10
-817.026858329773
 20
76.6268377739151
 30
40.46848554684212
  0
VERTEX
  5
6B5
  8
DEFAULT
 10
-817.0478280298412
 20
76.65274307384686
 30
40.46848554684212
  0
VERTEX
  5
6B6
  8
DEFAULT
 10
-817.0682517886162
 20
76.67919431507187
 30
40.46848554684212
  0
VERTEX
  5
6B7
  8
DEFAULT
 10
-817.0881310813129
 20
76.70619002237515
 30
40.46848554684212
  0
VERTEX
  5
6B8
  8
DEFAULT
 10
-817.1074676513672
 20
76.73372845232086
 30
40.46848554684212
  0
VERTEX
  5
6B9
  8
DEFAULT
 10
-817.1262635104358
 20
76.76180759325223
 30
40.46848554684212
  0
VERTEX
  5
6BA
  8
DEFAULT
 10
-817.1445209383965
 20
76.7904251652916
 30
40.46848554684212
  0
VERTEX
  5
6BB
  8
DEFAULT
 10
-817.1622424833477
 20
76.8195786203404
 30
40.46848554684212
  0
VERTEX
  5
6BC
  8
DEFAULT
 10
-817.1794309616089
 20
76.84926514207916
 30
40.46848554684212
  0
VERTEX
  5
6BD
  8
DEFAULT
 10
-817.1960894577205
 20
76.87948164596753
 30
40.46848554684212
  0
VERTEX
  5
6BE
  8
DEFAULT
 10
-817.2122213244438
 20
76.91022477924423
 30
40.46848554684212
  0
VERTEX
  5
6BF
  8
DEFAULT
 10
-817.227830182761
 20
76.9414909209271
 30
40.46848554684212
  0
VERTEX
  5
6C0
  8
DEFAULT
 10
-817.242919921875
 20
76.97327618181305
 30
40.46848554684212
  0
VERTEX
  5
6C1
  8
DEFAULT
 10
-817.2574946992099
 20
77.00557640447812
 30
40.46848554684212
  0
VERTEX
  5
6C2
  8
DEFAULT
 10
-817.2715589404106
 20
77.03838716327743
 30
40.46848554684212
  0
VERTEX
  5
6C3
  8
DEFAULT
 10
-817.2851173393428
 20
77.07170376434522
 30
40.46848554684212
  0
VERTEX
  5
6C4
  8
DEFAULT
 10
-817.2981748580933
 20
77.1055212455948
 30
40.46848554684212
  0
VERTEX
  5
6C5
  8
DEFAULT
 10
-817.3228084445
 20
77.1746376591881
 30
40.46848554684212
  0
VERTEX
  5
6C6
  8
DEFAULT
 10
-817.3455047607422
 20
77.24569134294588
 30
40.46848554684212
  0
VERTEX
  5
6C7
  8
DEFAULT
 10
-817.3663131594658
 20
77.31863294422229
 30
40.46848554684212
  0
VERTEX
  5
6C8
  8
DEFAULT
 10
-817.3852872848511
 20
77.39340881883697
 30
40.46848554684212
  0
VERTEX
  5
6C9
  8
DEFAULT
 10
-817.4024850726128
 20
77.46996103107529
 30
40.46848554684212
  0
VERTEX
  5
6CA
  8
DEFAULT
 10
-817.41796875
 20
77.54822735368806
 30
40.46848554684212
  0
VERTEX
  5
6CB
  8
DEFAULT
 10
-817.4318048357964
 20
77.6281412678917
 30
40.46848554684212
  0
VERTEX
  5
6CC
  8
DEFAULT
 10
-817.4440641403198
 20
77.70963196336822
 30
40.46848554684212
  0
VERTEX
  5
6CD
  8
DEFAULT
 10
-817.4548217654228
 20
77.79262433826523
 30
40.46848554684212
  0
VERTEX
  5
6CE
  8
DEFAULT
 10
-817.4641571044922
 20
77.87703899919586
 30
40.46848554684212
  0
VERTEX
  5
6CF
  8
DEFAULT
 10
-817.4788999557495
 20
78.04979614793854
 30
40.46848554684212
  0
VERTEX
  5
6D0
  8
DEFAULT
 10
-817.489013671875
 20
78.22718243181305
 30
40.46848554684212
  0
VERTEX
  5
6D1
  8
DEFAULT
 10
-817.4985809326172
 20
78.59261517107086
 30
40.46848554684212
  0
VERTEX
  5
6D2
  8
DEFAULT
 10
-817.5
 20
78.96619610368806
 30
40.46848554684212
  0
VERTEX
  5
6D3
  8
DEFAULT
 10
-817.5
 20
114.1129388296391
 30
40.46848554684212
  0
VERTEX
  5
6D4
  8
DEFAULT
 10
-817.4985809326172
 20
114.4865197622563
 30
40.46848554684212
  0
VERTEX
  5
6D5
  8
DEFAULT
 10
-817.489013671875
 20
114.8519525015141
 30
40.46848554684212
  0
VERTEX
  5
6D6
  8
DEFAULT
 10
-817.4788999557495
 20
115.0293387853886
 30
40.46848554684212
  0
VERTEX
  5
6D7
  8
DEFAULT
 10
-817.4641571044922
 20
115.2020959341313
 30
40.46848554684212
  0
VERTEX
  5
6D8
  8
DEFAULT
 10
-817.4548217654228
 20
115.2865105950619
 30
40.46848554684212
  0
VERTEX
  5
6D9
  8
DEFAULT
 10
-817.4440641403198
 20
115.3695029699589
 30
40.46848554684212
  0
VERTEX
  5
6DA
  8
DEFAULT
 10
-817.4318048357964
 20
115.4509936654354
 30
40.46848554684212
  0
VERTEX
  5
6DB
  8
DEFAULT
 10
-817.41796875
 20
115.530907579639
 30
40.46848554684212
  0
VERTEX
  5
6DC
  8
DEFAULT
 10
-817.4024850726128
 20
115.6091739022518
 30
40.46848554684212
  0
VERTEX
  5
6DD
  8
DEFAULT
 10
-817.3852872848511
 20
115.6857261144901
 30
40.46848554684212
  0
VERTEX
  5
6DE
  8
DEFAULT
 10
-817.3663131594658
 20
115.7605019891048
 30
40.46848554684212
  0
VERTEX
  5
6DF
  8
DEFAULT
 10
-817.3455047607422
 20
115.8334435903812
 30
40.46848554684212
  0
VERTEX
  5
6E0
  8
DEFAULT
 10
-817.3228084445
 20
115.904497274139
 30
40.46848554684212
  0
VERTEX
  5
6E1
  8
DEFAULT
 10
-817.2981748580933
 20
115.9736136877323
 30
40.46848554684212
  0
VERTEX
  5
6E2
  8
DEFAULT
 10
-817.2851173393428
 20
116.0074311689819
 30
40.46848554684212
  0
VERTEX
  5
6E3
  8
DEFAULT
 10
-817.2715589404106
 20
116.0407477700496
 30
40.46848554684212
  0
VERTEX
  5
6E4
  8
DEFAULT
 10
-817.2574946992099
 20
116.073558528849
 30
40.46848554684212
  0
VERTEX
  5
6E5
  8
DEFAULT
 10
-817.242919921875
 20
116.105858751514
 30
40.46848554684212
  0
VERTEX
  5
6E6
  8
DEFAULT
 10
-817.227830182761
 20
116.1376440124
 30
40.46848554684212
  0
VERTEX
  5
6E7
  8
DEFAULT
 10
-817.2122213244438
 20
116.1689101540829
 30
40.46848554684212
  0
VERTEX
  5
6E8
  8
DEFAULT
 10
-817.1960894577205
 20
116.1996532873596
 30
40.46848554684212
  0
VERTEX
  5
6E9
  8
DEFAULT
 10
-817.1794309616089
 20
116.2298697912479
 30
40.46848554684212
  0
VERTEX
  5
6EA
  8
DEFAULT
 10
-817.1622424833477
 20
116.2595563129867
 30
40.46848554684212
  0
VERTEX
  5
6EB
  8
DEFAULT
 10
-817.1445209383965
 20
116.2887097680355
 30
40.46848554684212
  0
VERTEX
  5
6EC
  8
DEFAULT
 10
-817.1262635104358
 20
116.3173273400749
 30
40.46848554684212
  0
VERTEX
  5
6ED
  8
DEFAULT
 10
-817.1074676513672
 20
116.3454064810062
 30
40.46848554684212
  0
VERTEX
  5
6EE
  8
DEFAULT
 10
-817.0881310813129
 20
116.3729449109519
 30
40.46848554684212
  0
VERTEX
  5
6EF
  8
DEFAULT
 10
-817.0682517886162
 20
116.3999406182552
 30
40.46848554684212
  0
VERTEX
  5
6F0
  8
DEFAULT
 10
-817.0478280298412
 20
116.4263918594802
 30
40.46848554684212
  0
VERTEX
  5
6F1
  8
DEFAULT
 10
-817.026858329773
 20
116.452297159412
 30
40.46848554684212
  0
VERTEX
  5
6F2
  8
DEFAULT
 10
-817.0053414814174
 20
116.4776553110565
 30
40.46848554684212
  0
VERTEX
  5
6F3
  8
DEFAULT
 10
-816.9832765460014
 20
116.5024653756405
 30
40.46848554684212
  0
VERTEX
  5
6F4
  8
DEFAULT
 10
-816.9606628529727
 20
116.5267266826118
 30
40.46848554684212
  0
VERTEX
  5
6F5
  8
DEFAULT
 10
-816.9375
 20
116.550438829639
 30
40.46848554684212
  0
VERTEX
  5
6F6
  8
DEFAULT
 10
-816.9137878529727
 20
116.5736016826118
 30
40.46848554684212
  0
VERTEX
  5
6F7
  8
DEFAULT
 10
-816.8895265460014
 20
116.5962153756405
 30
40.46848554684212
  0
VERTEX
  5
6F8
  8
DEFAULT
 10
-816.8647164814174
 20
116.6182803110565
 30
40.46848554684212
  0
VERTEX
  5
6F9
  8
DEFAULT
 10
-816.839358329773
 20
116.639797159412
 30
40.46848554684212
  0
VERTEX
  5
6FA
  8
DEFAULT
 10
-816.8134530298412
 20
116.6607668594802
 30
40.46848554684212
  0
VERTEX
  5
6FB
  8
DEFAULT
 10
-816.7870017886162
 20
116.6811906182552
 30
40.46848554684212
  0
VERTEX
  5
6FC
  8
DEFAULT
 10
-816.7600060813129
 20
116.701069910952
 30
40.46848554684212
  0
VERTEX
  5
6FD
  8
DEFAULT
 10
-816.7324676513672
 20
116.7204064810062
 30
40.46848554684212
  0
VERTEX
  5
6FE
  8
DEFAULT
 10
-816.7043885104358
 20
116.7392023400749
 30
40.46848554684212
  0
VERTEX
  5
6FF
  8
DEFAULT
 10
-816.6757709383965
 20
116.7574597680355
 30
40.46848554684212
  0
VERTEX
  5
700
  8
DEFAULT
 10
-816.6466174833477
 20
116.7751813129867
 30
40.46848554684212
  0
VERTEX
  5
701
  8
DEFAULT
 10
-816.6169309616089
 20
116.7923697912479
 30
40.46848554684212
  0
VERTEX
  5
702
  8
DEFAULT
 10
-816.5867144577205
 20
116.8090282873596
 30
40.46848554684212
  0
VERTEX
  5
703
  8
DEFAULT
 10
-816.5559713244438
 20
116.8251601540829
 30
40.46848554684212
  0
VERTEX
  5
704
  8
DEFAULT
 10
-816.524705182761
 20
116.8407690124
 30
40.46848554684212
  0
VERTEX
  5
705
  8
DEFAULT
 10
-816.492919921875
 20
116.855858751514
 30
40.46848554684212
  0
VERTEX
  5
706
  8
DEFAULT
 10
-816.4606196992099
 20
116.870433528849
 30
40.46848554684212
  0
VERTEX
  5
707
  8
DEFAULT
 10
-816.4278089404106
 20
116.8844977700497
 30
40.46848554684212
  0
VERTEX
  5
708
  8
DEFAULT
 10
-816.3944923393428
 20
116.8980561689819
 30
40.46848554684212
  0
VERTEX
  5
709
  8
DEFAULT
 10
-816.3606748580933
 20
116.9111136877323
 30
40.46848554684212
  0
VERTEX
  5
70A
  8
DEFAULT
 10
-816.2915584445
 20
116.935747274139
 30
40.46848554684212
  0
VERTEX
  5
70B
  8
DEFAULT
 10
-816.2205047607422
 20
116.9584435903812
 30
40.46848554684212
  0
VERTEX
  5
70C
  8
DEFAULT
 10
-816.1475631594658
 20
116.9792519891048
 30
40.46848554684212
  0
VERTEX
  5
70D
  8
DEFAULT
 10
-816.0727872848511
 20
116.9982261144901
 30
40.46848554684212
  0
VERTEX
  5
70E
  8
DEFAULT
 10
-815.9962350726128
 20
117.0154239022518
 30
40.46848554684212
  0
VERTEX
  5
70F
  8
DEFAULT
 10
-815.91796875
 20
117.030907579639
 30
40.46848554684212
  0
VERTEX
  5
710
  8
DEFAULT
 10
-815.8380548357964
 20
117.0447436654354
 30
40.46848554684212
  0
VERTEX
  5
711
  8
DEFAULT
 10
-815.7565641403198
 20
117.0570029699589
 30
40.46848554684212
  0
VERTEX
  5
712
  8
DEFAULT
 10
-815.6735717654228
 20
117.0677605950618
 30
40.46848554684212
  0
VERTEX
  5
713
  8
DEFAULT
 10
-815.5891571044922
 20
117.0770959341312
 30
40.46848554684212
  0
VERTEX
  5
714
  8
DEFAULT
 10
-815.4163999557495
 20
117.0918387853885
 30
40.46848554684212
  0
VERTEX
  5
715
  8
DEFAULT
 10
-815.239013671875
 20
117.101952501514
 30
40.46848554684212
  0
VERTEX
  5
716
  8
DEFAULT
 10
-814.8735809326172
 20
117.1115197622562
 30
40.46848554684212
  0
VERTEX
  5
717
  8
DEFAULT
 10
-814.5
 20
117.112938829639
 30
40.46848554684212
  0
VERTEX
  5
718
  8
DEFAULT
 10
-811.0
 20
117.1129388235584
 30
40.46848554684212
  0
VERTEX
  5
719
  8
DEFAULT
 10
-811.0
 20
140.4645972094417
 30
40.46848554684212
  0
VERTEX
  5
71A
  8
DEFAULT
 10
-817.5000000083819
 20
140.4645972094417
 30
40.46848554684212
  0
SEQEND
  5
71B
  8
DEFAULT
  0
POLYLINE
  5
71C
  8
DEFAULT
 66
     1
 10
0.0
 20
0.0
 30
40.46848554684212
 70
     1
  0
VERTEX
  5
71D
  8
DEFAULT
 10
-848.0000000000001
 20
-170.0
 30
40.46848554684212
  0
VERTEX
  5
71E
  8
DEFAULT
 10
-848.0
 20
164.2144976104314
 30
40.46848554684212
  0
VERTEX
  5
71F
  8
DEFAULT
 10
-847.9985809326172
 20
164.5880785430485
 30
40.46848554684212
  0
VERTEX
  5
720
  8
DEFAULT
 10
-847.989013671875
 20
164.9535112823064
 30
40.46848554684212
  0
VERTEX
  5
721
  8
DEFAULT
 10
-847.9788999557495
 20
165.1308975661809
 30
40.46848554684212
  0
VERTEX
  5
722
  8
DEFAULT
 10
-847.9641571044922
 20
165.3036547149236
 30
40.46848554684212
  0
VERTEX
  5
723
  8
DEFAULT
 10
-847.9548217654228
 20
165.3880693758542
 30
40.46848554684212
  0
VERTEX
  5
724
  8
DEFAULT
 10
-847.9440641403198
 20
165.4710617507512
 30
40.46848554684212
  0
VERTEX
  5
725
  8
DEFAULT
 10
-847.9318048357964
 20
165.5525524462278
 30
40.46848554684212
  0
VERTEX
  5
726
  8
DEFAULT
 10
-847.91796875
 20
165.6324663604314
 30
40.46848554684212
  0
VERTEX
  5
727
  8
DEFAULT
 10
-847.9024850726128
 20
165.7107326830442
 30
40.46848554684212
  0
VERTEX
  5
728
  8
DEFAULT
 10
-847.8852872848511
 20
165.7872848952825
 30
40.46848554684212
  0
VERTEX
  5
729
  8
DEFAULT
 10
-847.8663131594658
 20
165.8620607698972
 30
40.46848554684212
  0
VERTEX
  5
72A
  8
DEFAULT
 10
-847.8455047607422
 20
165.9350023711736
 30
40.46848554684212
  0
VERTEX
  5
72B
  8
DEFAULT
 10
-847.8228084445
 20
166.0060560549314
 30
40.46848554684212
  0
VERTEX
  5
72C
  8
DEFAULT
 10
-847.7981748580933
 20
166.0751724685247
 30
40.46848554684212
  0
VERTEX
  5
72D
  8
DEFAULT
 10
-847.7851173393428
 20
166.1089899497742
 30
40.46848554684212
  0
VERTEX
  5
72E
  8
DEFAULT
 10
-847.7715589404106
 20
166.142306550842
 30
40.46848554684212
  0
VERTEX
  5
72F
  8
DEFAULT
 10
-847.7574946992099
 20
166.1751173096413
 30
40.46848554684212
  0
VERTEX
  5
730
  8
DEFAULT
 10
-847.742919921875
 20
166.2074175323064
 30
40.46848554684212
  0
VERTEX
  5
731
  8
DEFAULT
 10
-847.727830182761
 20
166.2392027931924
 30
40.46848554684212
  0
VERTEX
  5
732
  8
DEFAULT
 10
-847.7122213244438
 20
166.2704689348752
 30
40.46848554684212
  0
VERTEX
  5
733
  8
DEFAULT
 10
-847.6960894577205
 20
166.3012120681519
 30
40.46848554684212
  0
VERTEX
  5
734
  8
DEFAULT
 10
-847.6794309616089
 20
166.3314285720403
 30
40.46848554684212
  0
VERTEX
  5
735
  8
DEFAULT
 10
-847.6622424833477
 20
166.3611150937791
 30
40.46848554684212
  0
VERTEX
  5
736
  8
DEFAULT
 10
-847.6445209383965
 20
166.3902685488279
 30
40.46848554684212
  0
VERTEX
  5
737
  8
DEFAULT
 10
-847.6262635104358
 20
166.4188861208672
 30
40.46848554684212
  0
VERTEX
  5
738
  8
DEFAULT
 10
-847.6074676513672
 20
166.4469652617986
 30
40.46848554684212
  0
VERTEX
  5
739
  8
DEFAULT
 10
-847.5881310813129
 20
166.4745036917443
 30
40.46848554684212
  0
VERTEX
  5
73A
  8
DEFAULT
 10
-847.5682517886162
 20
166.5014993990476
 30
40.46848554684212
  0
VERTEX
  5
73B
  8
DEFAULT
 10
-847.5478280298412
 20
166.5279506402726
 30
40.46848554684212
  0
VERTEX
  5
73C
  8
DEFAULT
 10
-847.526858329773
 20
166.5538559402044
 30
40.46848554684212
  0
VERTEX
  5
73D
  8
DEFAULT
 10
-847.5053414814174
 20
166.5792140918488
 30
40.46848554684212
  0
VERTEX
  5
73E
  8
DEFAULT
 10
-847.4832765460014
 20
166.6040241564328
 30
40.46848554684212
  0
VERTEX
  5
73F
  8
DEFAULT
 10
-847.4606628529727
 20
166.6282854634042
 30
40.46848554684212
  0
VERTEX
  5
740
  8
DEFAULT
 10
-847.4375
 20
166.6519976104314
 30
40.46848554684212
  0
VERTEX
  5
741
  8
DEFAULT
 10
-847.4137878529727
 20
166.6751604634042
 30
40.46848554684212
  0
VERTEX
  5
742
  8
DEFAULT
 10
-847.3895265460014
 20
166.6977741564328
 30
40.46848554684212
  0
VERTEX
  5
743
  8
DEFAULT
 10
-847.3647164814174
 20
166.7198390918488
 30
40.46848554684212
  0
VERTEX
  5
744
  8
DEFAULT
 10
-847.339358329773
 20
166.7413559402044
 30
40.46848554684212
  0
VERTEX
  5
745
  8
DEFAULT
 10
-847.3134530298412
 20
166.7623256402726
 30
40.46848554684212
  0
VERTEX
  5
746
  8
DEFAULT
 10
-847.2870017886162
 20
166.7827493990476
 30
40.46848554684212
  0
VERTEX
  5
747
  8
DEFAULT
 10
-847.2600060813129
 20
166.8026286917443
 30
40.46848554684212
  0
VERTEX
  5
748
  8
DEFAULT
 10
-847.2324676513672
 20
166.8219652617986
 30
40.46848554684212
  0
VERTEX
  5
749
  8
DEFAULT
 10
-847.2043885104358
 20
166.8407611208672
 30
40.46848554684212
  0
VERTEX
  5
74A
  8
DEFAULT
 10
-847.1757709383965
 20
166.8590185488279
 30
40.46848554684212
  0
VERTEX
  5
74B
  8
DEFAULT
 10
-847.1466174833477
 20
166.8767400937791
 30
40.46848554684212
  0
VERTEX
  5
74C
  8
DEFAULT
 10
-847.1169309616089
 20
166.8939285720403
 30
40.46848554684212
  0
VERTEX
  5
74D
  8
DEFAULT
 10
-847.0867144577205
 20
166.9105870681519
 30
40.46848554684212
  0
VERTEX
  5
74E
  8
DEFAULT
 10
-847.0559713244438
 20
166.9267189348752
 30
40.46848554684212
  0
VERTEX
  5
74F
  8
DEFAULT
 10
-847.024705182761
 20
166.9423277931924
 30
40.46848554684212
  0
VERTEX
  5
750
  8
DEFAULT
 10
-846.992919921875
 20
166.9574175323064
 30
40.46848554684212
  0
VERTEX
  5
751
  8
DEFAULT
 10
-846.9606196992099
 20
166.9719923096413
 30
40.46848554684212
  0
VERTEX
  5
752
  8
DEFAULT
 10
-846.9278089404106
 20
166.986056550842
 30
40.46848554684212
  0
VERTEX
  5
753
  8
DEFAULT
 10
-846.8944923393428
 20
166.9996149497742
 30
40.46848554684212
  0
VERTEX
  5
754
  8
DEFAULT
 10
-846.8606748580933
 20
167.0126724685247
 30
40.46848554684212
  0
VERTEX
  5
755
  8
DEFAULT
 10
-846.7915584445
 20
167.0373060549314
 30
40.46848554684212
  0
VERTEX
  5
756
  8
DEFAULT
 10
-846.7205047607422
 20
167.0600023711736
 30
40.46848554684212
  0
VERTEX
  5
757
  8
DEFAULT
 10
-846.6475631594658
 20
167.0808107698972
 30
40.46848554684212
  0
VERTEX
  5
758
  8
DEFAULT
 10
-846.5727872848511
 20
167.0997848952825
 30
40.46848554684212
  0
VERTEX
  5
759
  8
DEFAULT
 10
-846.4962350726128
 20
167.1169826830442
 30
40.46848554684212
  0
VERTEX
  5
75A
  8
DEFAULT
 10
-846.41796875
 20
167.1324663604314
 30
40.46848554684212
  0
VERTEX
  5
75B
  8
DEFAULT
 10
-846.3380548357964
 20
167.1463024462278
 30
40.46848554684212
  0
VERTEX
  5
75C
  8
DEFAULT
 10
-846.2565641403198
 20
167.1585617507512
 30
40.46848554684212
  0
VERTEX
  5
75D
  8
DEFAULT
 10
-846.1735717654228
 20
167.1693193758542
 30
40.46848554684212
  0
VERTEX
  5
75E
  8
DEFAULT
 10
-846.0891571044922
 20
167.1786547149236
 30
40.46848554684212
  0
VERTEX
  5
75F
  8
DEFAULT
 10
-845.9163999557495
 20
167.1933975661809
 30
40.46848554684212
  0
VERTEX
  5
760
  8
DEFAULT
 10
-845.739013671875
 20
167.2035112823064
 30
40.46848554684212
  0
VERTEX
  5
761
  8
DEFAULT
 10
-845.3735809326172
 20
167.2130785430486
 30
40.46848554684212
  0
VERTEX
  5
762
  8
DEFAULT
 10
-845.0
 20
167.2144976104314
 30
40.46848554684212
  0
VERTEX
  5
763
  8
DEFAULT
 10
-803.0
 20
167.2144976104314
 30
40.46848554684212
  0
VERTEX
  5
764
  8
DEFAULT
 10
-802.6264190673827
 20
167.2130785430486
 30
40.46848554684212
  0
VERTEX
  5
765
  8
DEFAULT
 10
-802.2609863281249
 20
167.2035112823064
 30
40.46848554684212
  0
VERTEX
  5
766
  8
DEFAULT
 10
-802.0836000442503
 20
167.1933975661809
 30
40.46848554684212
  0
VERTEX
  5
767
  8
DEFAULT
 10
-801.9108428955077
 20
167.1786547149235
 30
40.46848554684212
  0
VERTEX
  5
768
  8
DEFAULT
 10
-801.826428234577
 20
167.1693193758542
 30
40.46848554684212
  0
VERTEX
  5
769
  8
DEFAULT
 10
-801.7434358596801
 20
167.1585617507512
 30
40.46848554684212
  0
VERTEX
  5
76A
  8
DEFAULT
 10
-801.6619451642036
 20
167.1463024462277
 30
40.46848554684212
  0
VERTEX
  5
76B
  8
DEFAULT
 10
-801.58203125
 20
167.1324663604314
 30
40.46848554684212
  0
VERTEX
  5
76C
  8
DEFAULT
 10
-801.5037649273872
 20
167.1169826830441
 30
40.46848554684212
  0
VERTEX
  5
76D
  8
DEFAULT
 10
-801.4272127151489
 20
167.0997848952824
 30
40.46848554684212
  0
VERTEX
  5
76E
  8
DEFAULT
 10
-801.3524368405342
 20
167.0808107698971
 30
40.46848554684212
  0
VERTEX
  5
76F
  8
DEFAULT
 10
-801.2794952392578
 20
167.0600023711735
 30
40.46848554684212
  0
VERTEX
  5
770
  8
DEFAULT
 10
-801.2084415555
 20
167.0373060549313
 30
40.46848554684212
  0
VERTEX
  5
771
  8
DEFAULT
 10
-801.1393251419067
 20
167.0126724685246
 30
40.46848554684212
  0
VERTEX
  5
772
  8
DEFAULT
 10
-801.1055076606572
 20
166.9996149497742
 30
40.46848554684212
  0
VERTEX
  5
773
  8
DEFAULT
 10
-801.0721910595894
 20
166.986056550842
 30
40.46848554684212
  0
VERTEX
  5
774
  8
DEFAULT
 10
-801.0393803007901
 20
166.9719923096412
 30
40.46848554684212
  0
VERTEX
  5
775
  8
DEFAULT
 10
-801.007080078125
 20
166.9574175323063
 30
40.46848554684212
  0
VERTEX
  5
776
  8
DEFAULT
 10
-800.975294817239
 20
166.9423277931923
 30
40.46848554684212
  0
VERTEX
  5
777
  8
DEFAULT
 10
-800.9440286755562
 20
166.9267189348751
 30
40.46848554684212
  0
VERTEX
  5
778
  8
DEFAULT
 10
-800.9132855422795
 20
166.9105870681518
 30
40.46848554684212
  0
VERTEX
  5
779
  8
DEFAULT
 10
-800.8830690383911
 20
166.8939285720402
 30
40.46848554684212
  0
VERTEX
  5
77A
  8
DEFAULT
 10
-800.8533825166523
 20
166.8767400937789
 30
40.46848554684212
  0
VERTEX
  5
77B
  8
DEFAULT
 10
-800.8242290616035
 20
166.8590185488277
 30
40.46848554684212
  0
VERTEX
  5
77C
  8
DEFAULT
 10
-800.7956114895642
 20
166.8407611208671
 30
40.46848554684212
  0
VERTEX
  5
77D
  8
DEFAULT
 10
-800.7675323486328
 20
166.8219652617985
 30
40.46848554684212
  0
VERTEX
  5
77E
  8
DEFAULT
 10
-800.7399939186871
 20
166.8026286917442
 30
40.46848554684212
  0
VERTEX
  5
77F
  8
DEFAULT
 10
-800.7129982113838
 20
166.7827493990475
 30
40.46848554684212
  0
VERTEX
  5
780
  8
DEFAULT
 10
-800.6865469701588
 20
166.7623256402725
 30
40.46848554684212
  0
VERTEX
  5
781
  8
DEFAULT
 10
-800.660641670227
 20
166.7413559402042
 30
40.46848554684212
  0
VERTEX
  5
782
  8
DEFAULT
 10
-800.6352835185826
 20
166.7198390918487
 30
40.46848554684212
  0
VERTEX
  5
783
  8
DEFAULT
 10
-800.6104734539986
 20
166.6977741564327
 30
40.46848554684212
  0
VERTEX
  5
784
  8
DEFAULT
 10
-800.5862121470273
 20
166.675160463404
 30
40.46848554684212
  0
VERTEX
  5
785
  8
DEFAULT
 10
-800.5625
 20
166.6519976104313
 30
40.46848554684212
  0
VERTEX
  5
786
  8
DEFAULT
 10
-800.5393371470273
 20
166.628285463404
 30
40.46848554684212
  0
VERTEX
  5
787
  8
DEFAULT
 10
-800.5167234539986
 20
166.6040241564327
 30
40.46848554684212
  0
VERTEX
  5
788
  8
DEFAULT
 10
-800.4946585185826
 20
166.5792140918487
 30
40.46848554684212
  0
VERTEX
  5
789
  8
DEFAULT
 10
-800.473141670227
 20
166.5538559402042
 30
40.46848554684212
  0
VERTEX
  5
78A
  8
DEFAULT
 10
-800.4521719701588
 20
166.5279506402725
 30
40.46848554684212
  0
VERTEX
  5
78B
  8
DEFAULT
 10
-800.4317482113838
 20
166.5014993990475
 30
40.46848554684212
  0
VERTEX
  5
78C
  8
DEFAULT
 10
-800.4118689186871
 20
166.4745036917442
 30
40.46848554684212
  0
VERTEX
  5
78D
  8
DEFAULT
 10
-800.3925323486328
 20
166.4469652617985
 30
40.46848554684212
  0
VERTEX
  5
78E
  8
DEFAULT
 10
-800.3737364895642
 20
166.4188861208671
 30
40.46848554684212
  0
VERTEX
  5
78F
  8
DEFAULT
 10
-800.3554790616035
 20
166.3902685488277
 30
40.46848554684212
  0
VERTEX
  5
790
  8
DEFAULT
 10
-800.3377575166523
 20
166.3611150937789
 30
40.46848554684212
  0
VERTEX
  5
791
  8
DEFAULT
 10
-800.3205690383911
 20
166.3314285720402
 30
40.46848554684212
  0
VERTEX
  5
792
  8
DEFAULT
 10
-800.3039105422795
 20
166.3012120681518
 30
40.46848554684212
  0
VERTEX
  5
793
  8
DEFAULT
 10
-800.2877786755562
 20
166.2704689348751
 30
40.46848554684212
  0
VERTEX
  5
794
  8
DEFAULT
 10
-800.272169817239
 20
166.2392027931922
 30
40.46848554684212
  0
VERTEX
  5
795
  8
DEFAULT
 10
-800.257080078125
 20
166.2074175323063
 30
40.46848554684212
  0
VERTEX
  5
796
  8
DEFAULT
 10
-800.2425053007901
 20
166.1751173096412
 30
40.46848554684212
  0
VERTEX
  5
797
  8
DEFAULT
 10
-800.2284410595894
 20
166.1423065508419
 30
40.46848554684212
  0
VERTEX
  5
798
  8
DEFAULT
 10
-800.2148826606572
 20
166.1089899497741
 30
40.46848554684212
  0
VERTEX
  5
799
  8
DEFAULT
 10
-800.2018251419067
 20
166.0751724685246
 30
40.46848554684212
  0
VERTEX
  5
79A
  8
DEFAULT
 10
-800.1771915555
 20
166.0060560549313
 30
40.46848554684212
  0
VERTEX
  5
79B
  8
DEFAULT
 10
-800.1544952392578
 20
165.9350023711735
 30
40.46848554684212
  0
VERTEX
  5
79C
  8
DEFAULT
 10
-800.1336868405342
 20
165.8620607698971
 30
40.46848554684212
  0
VERTEX
  5
79D
  8
DEFAULT
 10
-800.1147127151489
 20
165.7872848952824
 30
40.46848554684212
  0
VERTEX
  5
79E
  8
DEFAULT
 10
-800.0975149273872
 20
165.7107326830441
 30
40.46848554684212
  0
VERTEX
  5
79F
  8
DEFAULT
 10
-800.08203125
 20
165.6324663604313
 30
40.46848554684212
  0
VERTEX
  5
7A0
  8
DEFAULT
 10
-800.0681951642036
 20
165.5525524462277
 30
40.46848554684212
  0
VERTEX
  5
7A1
  8
DEFAULT
 10
-800.0559358596802
 20
165.4710617507511
 30
40.46848554684212
  0
VERTEX
  5
7A2
  8
DEFAULT
 10
-800.0451782345772
 20
165.3880693758541
 30
40.46848554684212
  0
VERTEX
  5
7A3
  8
DEFAULT
 10
-800.0358428955078
 20
165.3036547149235
 30
40.46848554684212
  0
VERTEX
  5
7A4
  8
DEFAULT
 10
-800.0211000442505
 20
165.1308975661808
 30
40.46848554684212
  0
VERTEX
  5
7A5
  8
DEFAULT
 10
-800.010986328125
 20
164.9535112823063
 30
40.46848554684212
  0
VERTEX
  5
7A6
  8
DEFAULT
 10
-800.0014190673828
 20
164.5880785430485
 30
40.46848554684212
  0
VERTEX
  5
7A7
  8
DEFAULT
 10
-800.0
 20
164.2144976104314
 30
40.46848554684212
  0
VERTEX
  5
7A8
  8
DEFAULT
 10
-800.0
 20
-170.0
 30
40.46848554684212
  0
VERTEX
  5
7A9
  8
DEFAULT
 10
-800.0014190673828
 20
-170.3735809326172
 30
40.46848554684212
  0
VERTEX
  5
7AA
  8
DEFAULT
 10
-800.010986328125
 20
-170.739013671875
 30
40.46848554684212
  0
VERTEX
  5
7AB
  8
DEFAULT
 10
-800.0211000442505
 20
-170.9163999557495
 30
40.46848554684212
  0
VERTEX
  5
7AC
  8
DEFAULT
 10
-800.0358428955078
 20
-171.0891571044922
 30
40.46848554684212
  0
VERTEX
  5
7AD
  8
DEFAULT
 10
-800.0451782345772
 20
-171.1735717654228
 30
40.46848554684212
  0
VERTEX
  5
7AE
  8
DEFAULT
 10
-800.0559358596802
 20
-171.2565641403198
 30
40.46848554684212
  0
VERTEX
  5
7AF
  8
DEFAULT
 10
-800.0681951642036
 20
-171.3380548357964
 30
40.46848554684212
  0
VERTEX
  5
7B0
  8
DEFAULT
 10
-800.08203125
 20
-171.41796875
 30
40.46848554684212
  0
VERTEX
  5
7B1
  8
DEFAULT
 10
-800.0975149273872
 20
-171.4962350726128
 30
40.46848554684212
  0
VERTEX
  5
7B2
  8
DEFAULT
 10
-800.1147127151489
 20
-171.5727872848511
 30
40.46848554684212
  0
VERTEX
  5
7B3
  8
DEFAULT
 10
-800.1336868405342
 20
-171.6475631594658
 30
40.46848554684212
  0
VERTEX
  5
7B4
  8
DEFAULT
 10
-800.1544952392578
 20
-171.7205047607422
 30
40.46848554684212
  0
VERTEX
  5
7B5
  8
DEFAULT
 10
-800.1771915555
 20
-171.7915584445
 30
40.46848554684212
  0
VERTEX
  5
7B6
  8
DEFAULT
 10
-800.2018251419067
 20
-171.8606748580933
 30
40.46848554684212
  0
VERTEX
  5
7B7
  8
DEFAULT
 10
-800.2148826606572
 20
-171.8944923393428
 30
40.46848554684212
  0
VERTEX
  5
7B8
  8
DEFAULT
 10
-800.2284410595894
 20
-171.9278089404106
 30
40.46848554684212
  0
VERTEX
  5
7B9
  8
DEFAULT
 10
-800.2425053007901
 20
-171.9606196992099
 30
40.46848554684212
  0
VERTEX
  5
7BA
  8
DEFAULT
 10
-800.257080078125
 20
-171.992919921875
 30
40.46848554684212
  0
VERTEX
  5
7BB
  8
DEFAULT
 10
-800.272169817239
 20
-172.0247051827609
 30
40.46848554684212
  0
VERTEX
  5
7BC
  8
DEFAULT
 10
-800.2877786755562
 20
-172.0559713244438
 30
40.46848554684212
  0
VERTEX
  5
7BD
  8
DEFAULT
 10
-800.3039105422795
 20
-172.0867144577205
 30
40.46848554684212
  0
VERTEX
  5
7BE
  8
DEFAULT
 10
-800.3205690383911
 20
-172.1169309616088
 30
40.46848554684212
  0
VERTEX
  5
7BF
  8
DEFAULT
 10
-800.3377575166523
 20
-172.1466174833476
 30
40.46848554684212
  0
VERTEX
  5
7C0
  8
DEFAULT
 10
-800.3554790616035
 20
-172.1757709383964
 30
40.46848554684212
  0
VERTEX
  5
7C1
  8
DEFAULT
 10
-800.3737364895642
 20
-172.2043885104358
 30
40.46848554684212
  0
VERTEX
  5
7C2
  8
DEFAULT
 10
-800.3925323486328
 20
-172.2324676513671
 30
40.46848554684212
  0
VERTEX
  5
7C3
  8
DEFAULT
 10
-800.4118689186871
 20
-172.2600060813128
 30
40.46848554684212
  0
VERTEX
  5
7C4
  8
DEFAULT
 10
-800.4317482113838
 20
-172.2870017886161
 30
40.46848554684212
  0
VERTEX
  5
7C5
  8
DEFAULT
 10
-800.4521719701588
 20
-172.3134530298411
 30
40.46848554684212
  0
VERTEX
  5
7C6
  8
DEFAULT
 10
-800.473141670227
 20
-172.3393583297729
 30
40.46848554684212
  0
VERTEX
  5
7C7
  8
DEFAULT
 10
-800.4946585185826
 20
-172.3647164814174
 30
40.46848554684212
  0
VERTEX
  5
7C8
  8
DEFAULT
 10
-800.5167234539986
 20
-172.3895265460014
 30
40.46848554684212
  0
VERTEX
  5
7C9
  8
DEFAULT
 10
-800.5393371470273
 20
-172.4137878529727
 30
40.46848554684212
  0
VERTEX
  5
7CA
  8
DEFAULT
 10
-800.5625
 20
-172.4374999999999
 30
40.46848554684212
  0
VERTEX
  5
7CB
  8
DEFAULT
 10
-800.5862121470273
 20
-172.4606628529727
 30
40.46848554684212
  0
VERTEX
  5
7CC
  8
DEFAULT
 10
-800.6104734539986
 20
-172.4832765460014
 30
40.46848554684212
  0
VERTEX
  5
7CD
  8
DEFAULT
 10
-800.6352835185826
 20
-172.5053414814174
 30
40.46848554684212
  0
VERTEX
  5
7CE
  8
DEFAULT
 10
-800.660641670227
 20
-172.5268583297729
 30
40.46848554684212
  0
VERTEX
  5
7CF
  8
DEFAULT
 10
-800.6865469701588
 20
-172.5478280298411
 30
40.46848554684212
  0
VERTEX
  5
7D0
  8
DEFAULT
 10
-800.7129982113838
 20
-172.5682517886161
 30
40.46848554684212
  0
VERTEX
  5
7D1
  8
DEFAULT
 10
-800.7399939186871
 20
-172.5881310813128
 30
40.46848554684212
  0
VERTEX
  5
7D2
  8
DEFAULT
 10
-800.7675323486328
 20
-172.6074676513671
 30
40.46848554684212
  0
VERTEX
  5
7D3
  8
DEFAULT
 10
-800.7956114895642
 20
-172.6262635104358
 30
40.46848554684212
  0
VERTEX
  5
7D4
  8
DEFAULT
 10
-800.8242290616035
 20
-172.6445209383964
 30
40.46848554684212
  0
VERTEX
  5
7D5
  8
DEFAULT
 10
-800.8533825166523
 20
-172.6622424833476
 30
40.46848554684212
  0
VERTEX
  5
7D6
  8
DEFAULT
 10
-800.8830690383911
 20
-172.6794309616088
 30
40.46848554684212
  0
VERTEX
  5
7D7
  8
DEFAULT
 10
-800.9132855422795
 20
-172.6960894577205
 30
40.46848554684212
  0
VERTEX
  5
7D8
  8
DEFAULT
 10
-800.9440286755562
 20
-172.7122213244438
 30
40.46848554684212
  0
VERTEX
  5
7D9
  8
DEFAULT
 10
-800.975294817239
 20
-172.7278301827609
 30
40.46848554684212
  0
VERTEX
  5
7DA
  8
DEFAULT
 10
-801.0070800781251
 20
-172.7429199218749
 30
40.46848554684212
  0
VERTEX
  5
7DB
  8
DEFAULT
 10
-801.0393803007903
 20
-172.7574946992099
 30
40.46848554684212
  0
VERTEX
  5
7DC
  8
DEFAULT
 10
-801.0721910595896
 20
-172.7715589404106
 30
40.46848554684212
  0
VERTEX
  5
7DD
  8
DEFAULT
 10
-801.1055076606574
 20
-172.7851173393428
 30
40.46848554684212
  0
VERTEX
  5
7DE
  8
DEFAULT
 10
-801.139325141907
 20
-172.7981748580932
 30
40.46848554684212
  0
VERTEX
  5
7DF
  8
DEFAULT
 10
-801.2084415555003
 20
-172.8228084444999
 30
40.46848554684212
  0
VERTEX
  5
7E0
  8
DEFAULT
 10
-801.279495239258
 20
-172.8455047607422
 30
40.46848554684212
  0
VERTEX
  5
7E1
  8
DEFAULT
 10
-801.3524368405344
 20
-172.8663131594658
 30
40.46848554684212
  0
VERTEX
  5
7E2
  8
DEFAULT
 10
-801.4272127151492
 20
-172.8852872848511
 30
40.46848554684212
  0
VERTEX
  5
7E3
  8
DEFAULT
 10
-801.5037649273875
 20
-172.9024850726128
 30
40.46848554684212
  0
VERTEX
  5
7E4
  8
DEFAULT
 10
-801.5820312500002
 20
-172.91796875
 30
40.46848554684212
  0
VERTEX
  5
7E5
  8
DEFAULT
 10
-801.6619451642039
 20
-172.9318048357964
 30
40.46848554684212
  0
VERTEX
  5
7E6
  8
DEFAULT
 10
-801.7434358596803
 20
-172.9440641403198
 30
40.46848554684212
  0
VERTEX
  5
7E7
  8
DEFAULT
 10
-801.8264282345772
 20
-172.9548217654228
 30
40.46848554684212
  0
VERTEX
  5
7E8
  8
DEFAULT
 10
-801.9108428955079
 20
-172.9641571044922
 30
40.46848554684212
  0
VERTEX
  5
7E9
  8
DEFAULT
 10
-802.0836000442505
 20
-172.9788999557495
 30
40.46848554684212
  0
VERTEX
  5
7EA
  8
DEFAULT
 10
-802.260986328125
 20
-172.989013671875
 30
40.46848554684212
  0
VERTEX
  5
7EB
  8
DEFAULT
 10
-802.6264190673828
 20
-172.9985809326172
 30
40.46848554684212
  0
VERTEX
  5
7EC
  8
DEFAULT
 10
-803.0
 20
-173.0
 30
40.46848554684212
  0
VERTEX
  5
7ED
  8
DEFAULT
 10
-820.0
 20
-173.0000000000001
 30
40.46848554684212
  0
VERTEX
  5
7EE
  8
DEFAULT
 10
-820.0
 20
-167.0000000000001
 30
40.46848554684212
  0
VERTEX
  5
7EF
  8
DEFAULT
 10
-828.0
 20
-167.0000000000001
 30
40.46848554684212
  0
VERTEX
  5
7F0
  8
DEFAULT
 10
-828.0
 20
-173.0000000000001
 30
40.46848554684212
  0
VERTEX
  5
7F1
  8
DEFAULT
 10
-845.0000000000001
 20
-173.0000000000001
 30
40.46848554684212
  0
VERTEX
  5
7F2
  8
DEFAULT
 10
-845.3735809326174
 20
-172.9985809326172
 30
40.46848554684212
  0
VERTEX
  5
7F3
  8
DEFAULT
 10
-845.7390136718752
 20
-172.9890136718751
 30
40.46848554684212
  0
VERTEX
  5
7F4
  8
DEFAULT
 10
-845.9163999557497
 20
-172.9788999557496
 30
40.46848554684212
  0
VERTEX
  5
7F5
  8
DEFAULT
 10
-846.0891571044923
 20
-172.9641571044922
 30
40.46848554684212
  0
VERTEX
  5
7F6
  8
DEFAULT
 10
-846.173571765423
 20
-172.9548217654229
 30
40.46848554684212
  0
VERTEX
  5
7F7
  8
DEFAULT
 10
-846.2565641403199
 20
-172.9440641403199
 30
40.46848554684212
  0
VERTEX
  5
7F8
  8
DEFAULT
 10
-846.3380548357964
 20
-172.9318048357964
 30
40.46848554684212
  0
VERTEX
  5
7F9
  8
DEFAULT
 10
-846.41796875
 20
-172.9179687500001
 30
40.46848554684212
  0
VERTEX
  5
7FA
  8
DEFAULT
 10
-846.4962350726128
 20
-172.9024850726128
 30
40.46848554684212
  0
VERTEX
  5
7FB
  8
DEFAULT
 10
-846.5727872848511
 20
-172.8852872848511
 30
40.46848554684212
  0
VERTEX
  5
7FC
  8
DEFAULT
 10
-846.6475631594658
 20
-172.8663131594658
 30
40.46848554684212
  0
VERTEX
  5
7FD
  8
DEFAULT
 10
-846.7205047607422
 20
-172.8455047607422
 30
40.46848554684212
  0
VERTEX
  5
7FE
  8
DEFAULT
 10
-846.7915584445
 20
-172.8228084445
 30
40.46848554684212
  0
VERTEX
  5
7FF
  8
DEFAULT
 10
-846.8606748580933
 20
-172.7981748580933
 30
40.46848554684212
  0
VERTEX
  5
800
  8
DEFAULT
 10
-846.8944923393428
 20
-172.7851173393428
 30
40.46848554684212
  0
VERTEX
  5
801
  8
DEFAULT
 10
-846.9278089404106
 20
-172.7715589404106
 30
40.46848554684212
  0
VERTEX
  5
802
  8
DEFAULT
 10
-846.9606196992099
 20
-172.7574946992099
 30
40.46848554684212
  0
VERTEX
  5
803
  8
DEFAULT
 10
-846.992919921875
 20
-172.742919921875
 30
40.46848554684212
  0
VERTEX
  5
804
  8
DEFAULT
 10
-847.024705182761
 20
-172.727830182761
 30
40.46848554684212
  0
VERTEX
  5
805
  8
DEFAULT
 10
-847.0559713244438
 20
-172.7122213244438
 30
40.46848554684212
  0
VERTEX
  5
806
  8
DEFAULT
 10
-847.0867144577205
 20
-172.6960894577205
 30
40.46848554684212
  0
VERTEX
  5
807
  8
DEFAULT
 10
-847.1169309616089
 20
-172.6794309616089
 30
40.46848554684212
  0
VERTEX
  5
808
  8
DEFAULT
 10
-847.1466174833477
 20
-172.6622424833477
 30
40.46848554684212
  0
VERTEX
  5
809
  8
DEFAULT
 10
-847.1757709383965
 20
-172.6445209383965
 30
40.46848554684212
  0
VERTEX
  5
80A
  8
DEFAULT
 10
-847.2043885104358
 20
-172.6262635104358
 30
40.46848554684212
  0
VERTEX
  5
80B
  8
DEFAULT
 10
-847.2324676513672
 20
-172.6074676513672
 30
40.46848554684212
  0
VERTEX
  5
80C
  8
DEFAULT
 10
-847.2600060813129
 20
-172.5881310813129
 30
40.46848554684212
  0
VERTEX
  5
80D
  8
DEFAULT
 10
-847.2870017886162
 20
-172.5682517886162
 30
40.46848554684212
  0
VERTEX
  5
80E
  8
DEFAULT
 10
-847.3134530298412
 20
-172.5478280298412
 30
40.46848554684212
  0
VERTEX
  5
80F
  8
DEFAULT
 10
-847.339358329773
 20
-172.5268583297729
 30
40.46848554684212
  0
VERTEX
  5
810
  8
DEFAULT
 10
-847.3647164814174
 20
-172.5053414814174
 30
40.46848554684212
  0
VERTEX
  5
811
  8
DEFAULT
 10
-847.3895265460014
 20
-172.4832765460014
 30
40.46848554684212
  0
VERTEX
  5
812
  8
DEFAULT
 10
-847.4137878529727
 20
-172.4606628529727
 30
40.46848554684212
  0
VERTEX
  5
813
  8
DEFAULT
 10
-847.4375
 20
-172.4375
 30
40.46848554684212
  0
VERTEX
  5
814
  8
DEFAULT
 10
-847.4606628529727
 20
-172.4137878529727
 30
40.46848554684212
  0
VERTEX
  5
815
  8
DEFAULT
 10
-847.4832765460014
 20
-172.3895265460014
 30
40.46848554684212
  0
VERTEX
  5
816
  8
DEFAULT
 10
-847.5053414814174
 20
-172.3647164814174
 30
40.46848554684212
  0
VERTEX
  5
817
  8
DEFAULT
 10
-847.526858329773
 20
-172.3393583297729
 30
40.46848554684212
  0
VERTEX
  5
818
  8
DEFAULT
 10
-847.5478280298412
 20
-172.3134530298412
 30
40.46848554684212
  0
VERTEX
  5
819
  8
DEFAULT
 10
-847.5682517886162
 20
-172.2870017886162
 30
40.46848554684212
  0
VERTEX
  5
81A
  8
DEFAULT
 10
-847.5881310813129
 20
-172.2600060813129
 30
40.46848554684212
  0
VERTEX
  5
81B
  8
DEFAULT
 10
-847.6074676513672
 20
-172.2324676513672
 30
40.46848554684212
  0
VERTEX
  5
81C
  8
DEFAULT
 10
-847.6262635104358
 20
-172.2043885104358
 30
40.46848554684212
  0
VERTEX
  5
81D
  8
DEFAULT
 10
-847.6445209383965
 20
-172.1757709383965
 30
40.46848554684212
  0
VERTEX
  5
81E
  8
DEFAULT
 10
-847.6622424833477
 20
-172.1466174833477
 30
40.46848554684212
  0
VERTEX
  5
81F
  8
DEFAULT
 10
-847.6794309616089
 20
-172.1169309616089
 30
40.46848554684212
  0
VERTEX
  5
820
  8
DEFAULT
 10
-847.6960894577205
 20
-172.0867144577205
 30
40.46848554684212
  0
VERTEX
  5
821
  8
DEFAULT
 10
-847.7122213244438
 20
-172.0559713244438
 30
40.46848554684212
  0
VERTEX
  5
822
  8
DEFAULT
 10
-847.727830182761
 20
-172.024705182761
 30
40.46848554684212
  0
VERTEX
  5
823
  8
DEFAULT
 10
-847.742919921875
 20
-171.992919921875
 30
40.46848554684212
  0
VERTEX
  5
824
  8
DEFAULT
 10
-847.7574946992099
 20
-171.96061969921
 30
40.46848554684212
  0
VERTEX
  5
825
  8
DEFAULT
 10
-847.7715589404106
 20
-171.9278089404107
 30
40.46848554684212
  0
VERTEX
  5
826
  8
DEFAULT
 10
-847.7851173393428
 20
-171.8944923393429
 30
40.46848554684212
  0
VERTEX
  5
827
  8
DEFAULT
 10
-847.7981748580933
 20
-171.8606748580933
 30
40.46848554684212
  0
VERTEX
  5
828
  8
DEFAULT
 10
-847.8228084445
 20
-171.7915584445
 30
40.46848554684212
  0
VERTEX
  5
829
  8
DEFAULT
 10
-847.8455047607422
 20
-171.7205047607422
 30
40.46848554684212
  0
VERTEX
  5
82A
  8
DEFAULT
 10
-847.8663131594658
 20
-171.6475631594658
 30
40.46848554684212
  0
VERTEX
  5
82B
  8
DEFAULT
 10
-847.8852872848511
 20
-171.5727872848511
 30
40.46848554684212
  0
VERTEX
  5
82C
  8
DEFAULT
 10
-847.9024850726128
 20
-171.4962350726128
 30
40.46848554684212
  0
VERTEX
  5
82D
  8
DEFAULT
 10
-847.91796875
 20
-171.4179687500001
 30
40.46848554684212
  0
VERTEX
  5
82E
  8
DEFAULT
 10
-847.9318048357964
 20
-171.3380548357964
 30
40.46848554684212
  0
VERTEX
  5
82F
  8
DEFAULT
 10
-847.9440641403198
 20
-171.2565641403199
 30
40.46848554684212
  0
VERTEX
  5
830
  8
DEFAULT
 10
-847.9548217654228
 20
-171.1735717654228
 30
40.46848554684212
  0
VERTEX
  5
831
  8
DEFAULT
 10
-847.9641571044922
 20
-171.0891571044922
 30
40.46848554684212
  0
VERTEX
  5
832
  8
DEFAULT
 10
-847.9788999557495
 20
-170.9163999557495
 30
40.46848554684212
  0
VERTEX
  5
833
  8
DEFAULT
 10
-847.989013671875
 20
-170.739013671875
 30
40.46848554684212
  0
VERTEX
  5
834
  8
DEFAULT
 10
-847.9985809326172
 20
-170.3735809326172
 30
40.46848554684212
  0
SEQEND
  5
835
  8
DEFAULT
  0
CIRCLE
  5
836
  8
DEFAULT
 10
463.0
 20
-41.0
 30
-5.936971094551297
 40
1.5
210
0.0
220
0.0
230
-1.0
  0
CIRCLE
  5
837
  8
DEFAULT
 10
505.0
 20
-41.0
 30
-5.936971094551297
 40
1.5
210
0.0
220
0.0
230
-1.0
  0
CIRCLE
  5
838
  8
DEFAULT
 10
505.0
 20
-8.619662810478303
 30
-5.936971094551297
 40
1.5
210
0.0
220
0.0
230
-1.0
  0
CIRCLE
  5
839
  8
DEFAULT
 10
463.0
 20
-8.619662810478303
 30
-5.936971094551297
 40
1.5
210
0.0
220
0.0
230
-1.0
  0
CIRCLE
  5
83A
  8
DEFAULT
 10
524.0
 20
60.0
 30
-5.936971094551297
 40
3.0
210
0.0
220
0.0
230
-1.0
  0
CIRCLE
  5
83B
  8
DEFAULT
 10
443.0000000000003
 20
60.00000000000006
 30
-5.936971094551297
 40
3.0
210
0.0
220
0.0
230
-1.0
  0
CIRCLE
  5
83C
  8
DEFAULT
 10
524.0
 20
-155.0
 30
-5.936971094551297
 40
3.0
210
0.0
220
0.0
230
-1.0
  0
CIRCLE
  5
83D
  8
DEFAULT
 10
443.0000000000003
 20
-155.0
 30
-5.936971094551297
 40
3.0
210
0.0
220
0.0
230
-1.0
  0
POLYLINE
  5
83E
  8
DEFAULT
 66
     1
 10
0.0
 20
0.0
 30
5.936971094551297
 70
     1
  0
VERTEX
  5
83F
  8
DEFAULT
 10
-523.9999999999995
 20
-169.9999999999998
 30
5.936971094551297
  0
VERTEX
  5
840
  8
DEFAULT
 10
-444.0000000000004
 20
-169.9999999999998
 30
5.936971094551297
  0
VERTEX
  5
841
  8
DEFAULT
 10
-443.0037841796881
 20
-169.9962158203123
 30
5.936971094551297
  0
VERTEX
  5
842
  8
DEFAULT
 10
-442.0292968750007
 20
-169.9707031249997
 30
5.936971094551297
  0
VERTEX
  5
843
  8
DEFAULT
 10
-441.5562667846688
 20
-169.9437332153317
 30
5.936971094551297
  0
VERTEX
  5
844
  8
DEFAULT
 10
-441.0955810546884
 20
-169.9044189453122
 30
5.936971094551297
  0
VERTEX
  5
845
  8
DEFAULT
 10
-440.8704752922066
 20
-169.879524707794
 30
5.936971094551297
  0
VERTEX
  5
846
  8
DEFAULT
 10
-440.6491622924814
 20
-169.8508377075193
 30
5.936971094551297
  0
VERTEX
  5
847
  8
DEFAULT
 10
-440.4318537712106
 20
-169.8181462287901
 30
5.936971094551297
  0
VERTEX
  5
848
  8
DEFAULT
 10
-440.2187500000009
 20
-169.7812499999998
 30
5.936971094551297
  0
VERTEX
  5
849
  8
DEFAULT
 10
-440.0100398063669
 20
-169.7399601936338
 30
5.936971094551297
  0
VERTEX
  5
84A
  8
DEFAULT
 10
-439.8059005737314
 20
-169.6940994262693
 30
5.936971094551297
  0
VERTEX
  5
84B
  8
DEFAULT
 10
-439.6064982414255
 20
-169.6435017585753
 30
5.936971094551297
  0
VERTEX
  5
84C
  8
DEFAULT
 10
-439.4119873046884
 20
-169.5880126953123
 30
5.936971094551297
  0
VERTEX
  5
84D
  8
DEFAULT
 10
-439.2225108146677
 20
-169.5274891853331
 30
5.936971094551297
  0
VERTEX
  5
84E
  8
DEFAULT
 10
-439.0382003784189
 20
-169.4617996215819
 30
5.936971094551297
  0
VERTEX
  5
84F
  8
DEFAULT
 10
-438.94802042842
 20
-169.4269795715807
 30
5.936971094551297
  0
VERTEX
  5
850
  8
DEFAULT
 10
-438.8591761589059
 20
-169.3908238410949
 30
5.936971094551297
  0
VERTEX
  5
851
  8
DEFAULT
 10
-438.7716808021078
 20
-169.353319197893
 30
5.936971094551297
  0
VERTEX
  5
852
  8
DEFAULT
 10
-438.6855468750009
 20
-169.3144531249999
 30
5.936971094551297
  0
VERTEX
  5
853
  8
DEFAULT
 10
-438.600786179305
 20
-169.2742138206958
 30
5.936971094551297
  0
VERTEX
  5
854
  8
DEFAULT
 10
-438.5174098014841
 20
-169.2325901985168
 30
5.936971094551297
  0
VERTEX
  5
855
  8
DEFAULT
 10
-438.4354281127462
 20
-169.1895718872547
 30
5.936971094551297
  0
VERTEX
  5
856
  8
DEFAULT
 10
-438.3548507690439
 20
-169.145149230957
 30
5.936971094551297
  0
VERTEX
  5
857
  8
DEFAULT
 10
-438.2756867110738
 20
-169.099313288927
 30
5.936971094551297
  0
VERTEX
  5
858
  8
DEFAULT
 10
-438.1979441642769
 20
-169.0520558357238
 30
5.936971094551297
  0
VERTEX
  5
859
  8
DEFAULT
 10
-438.1216306388386
 20
-169.0033693611622
 30
5.936971094551297
  0
VERTEX
  5
85A
  8
DEFAULT
 10
-438.0467529296883
 20
-168.9532470703125
 30
5.936971094551297
  0
VERTEX
  5
85B
  8
DEFAULT
 10
-437.9733171164997
 20
-168.9016828835011
 30
5.936971094551297
  0
VERTEX
  5
85C
  8
DEFAULT
 10
-437.901328563691
 20
-168.8486714363098
 30
5.936971094551297
  0
VERTEX
  5
85D
  8
DEFAULT
 10
-437.8307919204242
 20
-168.7942080795765
 30
5.936971094551297
  0
VERTEX
  5
85E
  8
DEFAULT
 10
-437.7617111206063
 20
-168.7382888793946
 30
5.936971094551297
  0
VERTEX
  5
85F
  8
DEFAULT
 10
-437.6940893828877
 20
-168.6809106171132
 30
5.936971094551297
  0
VERTEX
  5
860
  8
DEFAULT
 10
-437.6279292106636
 20
-168.6220707893372
 30
5.936971094551297
  0
VERTEX
  5
861
  8
DEFAULT
 10
-437.5632323920734
 20
-168.5617676079274
 30
5.936971094551297
  0
VERTEX
  5
862
  8
DEFAULT
 10
-437.5000000000007
 20
-168.5000000000001
 30
5.936971094551297
  0
VERTEX
  5
863
  8
DEFAULT
 10
-437.4382323920734
 20
-168.4367676079275
 30
5.936971094551297
  0
VERTEX
  5
864
  8
DEFAULT
 10
-437.3779292106635
 20
-168.3720707893373
 30
5.936971094551297
  0
VERTEX
  5
865
  8
DEFAULT
 10
-437.3190893828876
 20
-168.3059106171133
 30
5.936971094551297
  0
VERTEX
  5
866
  8
DEFAULT
 10
-437.2617111206062
 20
-168.2382888793947
 30
5.936971094551297
  0
VERTEX
  5
867
  8
DEFAULT
 10
-437.2057919204242
 20
-168.1692080795767
 30
5.936971094551297
  0
VERTEX
  5
868
  8
DEFAULT
 10
-437.1513285636909
 20
-168.09867143631
 30
5.936971094551297
  0
VERTEX
  5
869
  8
DEFAULT
 10
-437.0983171164996
 20
-168.0266828835013
 30
5.936971094551297
  0
VERTEX
  5
86A
  8
DEFAULT
 10
-437.0467529296882
 20
-167.9532470703127
 30
5.936971094551297
  0
VERTEX
  5
86B
  8
DEFAULT
 10
-436.9966306388385
 20
-167.8783693611624
 30
5.936971094551297
  0
VERTEX
  5
86C
  8
DEFAULT
 10
-436.9479441642768
 20
-167.8020558357241
 30
5.936971094551297
  0
VERTEX
  5
86D
  8
DEFAULT
 10
-436.9006867110736
 20
-167.7243132889273
 30
5.936971094551297
  0
VERTEX
  5
86E
  8
DEFAULT
 10
-436.8548507690437
 20
-167.6451492309573
 30
5.936971094551297
  0
VERTEX
  5
86F
  8
DEFAULT
 10
-436.8104281127459
 20
-167.564571887255
 30
5.936971094551297
  0
VERTEX
  5
870
  8
DEFAULT
 10
-436.7674098014837
 20
-167.4825901985171
 30
5.936971094551297
  0
VERTEX
  5
871
  8
DEFAULT
 10
-436.7257861793047
 20
-167.3992138206962
 30
5.936971094551297
  0
VERTEX
  5
872
  8
DEFAULT
 10
-436.6855468750006
 20
-167.3144531250003
 30
5.936971094551297
  0
VERTEX
  5
873
  8
DEFAULT
 10
-436.6466808021074
 20
-167.2283191978935
 30
5.936971094551297
  0
VERTEX
  5
874
  8
DEFAULT
 10
-436.6091761589055
 20
-167.1408238410953
 30
5.936971094551297
  0
VERTEX
  5
875
  8
DEFAULT
 10
-436.5730204284196
 20
-167.0519795715812
 30
5.936971094551297
  0
VERTEX
  5
876
  8
DEFAULT
 10
-436.5382003784185
 20
-166.9617996215824
 30
5.936971094551297
  0
VERTEX
  5
877
  8
DEFAULT
 10
-436.4725108146673
 20
-166.7774891853336
 30
5.936971094551297
  0
VERTEX
  5
878
  8
DEFAULT
 10
-436.411987304688
 20
-166.5880126953129
 30
5.936971094551297
  0
VERTEX
  5
879
  8
DEFAULT
 10
-436.356498241425
 20
-166.3935017585758
 30
5.936971094551297
  0
VERTEX
  5
87A
  8
DEFAULT
 10
-436.3059005737309
 20
-166.1940994262699
 30
5.936971094551297
  0
VERTEX
  5
87B
  8
DEFAULT
 10
-436.2600398063664
 20
-165.9899601936345
 30
5.936971094551297
  0
VERTEX
  5
87C
  8
DEFAULT
 10
-436.2187500000004
 20
-165.7812500000004
 30
5.936971094551297
  0
VERTEX
  5
87D
  8
DEFAULT
 10
-436.1818537712101
 20
-165.5681462287907
 30
5.936971094551297
  0
VERTEX
  5
87E
  8
DEFAULT
 10
-436.1491622924808
 20
-165.3508377075199
 30
5.936971094551297
  0
VERTEX
  5
87F
  8
DEFAULT
 10
-436.1204752922061
 20
-165.1295247077946
 30
5.936971094551297
  0
VERTEX
  5
880
  8
DEFAULT
 10
-436.0955810546878
 20
-164.9044189453129
 30
5.936971094551297
  0
VERTEX
  5
881
  8
DEFAULT
 10
-436.0562667846683
 20
-164.4437332153325
 30
5.936971094551297
  0
VERTEX
  5
882
  8
DEFAULT
 10
-436.0292968750003
 20
-163.9707031250005
 30
5.936971094551297
  0
VERTEX
  5
883
  8
DEFAULT
 10
-436.0037841796878
 20
-162.9962158203129
 30
5.936971094551297
  0
VERTEX
  5
884
  8
DEFAULT
 10
-436.0000000000003
 20
-162.0000000000003
 30
5.936971094551297
  0
VERTEX
  5
885
  8
DEFAULT
 10
-436.0000000000002
 20
-147.999999999927
 30
5.936971094551297
  0
VERTEX
  5
886
  8
DEFAULT
 10
-436.0037841796877
 20
-147.0037841796145
 30
5.936971094551297
  0
VERTEX
  5
887
  8
DEFAULT
 10
-436.0292968750002
 20
-146.0292968749271
 30
5.936971094551297
  0
VERTEX
  5
888
  8
DEFAULT
 10
-436.0562667846682
 20
-145.556266784595
 30
5.936971094551297
  0
VERTEX
  5
889
  8
DEFAULT
 10
-436.0955810546876
 20
-145.0955810546146
 30
5.936971094551297
  0
VERTEX
  5
88A
  8
DEFAULT
 10
-436.1204752922059
 20
-144.8704752921329
 30
5.936971094551297
  0
VERTEX
  5
88B
  8
DEFAULT
 10
-436.1491622924806
 20
-144.6491622924075
 30
5.936971094551297
  0
VERTEX
  5
88C
  8
DEFAULT
 10
-436.1818537712098
 20
-144.4318537711368
 30
5.936971094551297
  0
VERTEX
  5
88D
  8
DEFAULT
 10
-436.2187500000001
 20
-144.2187499999271
 30
5.936971094551297
  0
VERTEX
  5
88E
  8
DEFAULT
 10
-436.2600398063661
 20
-144.010039806293
 30
5.936971094551297
  0
VERTEX
  5
88F
  8
DEFAULT
 10
-436.3059005737306
 20
-143.8059005736575
 30
5.936971094551297
  0
VERTEX
  5
890
  8
DEFAULT
 10
-436.3564982414247
 20
-143.6064982413516
 30
5.936971094551297
  0
VERTEX
  5
891
  8
DEFAULT
 10
-436.4119873046876
 20
-143.4119873046146
 30
5.936971094551297
  0
VERTEX
  5
892
  8
DEFAULT
 10
-436.4725108146669
 20
-143.2225108145938
 30
5.936971094551297
  0
VERTEX
  5
893
  8
DEFAULT
 10
-436.5382003784181
 20
-143.038200378345
 30
5.936971094551297
  0
VERTEX
  5
894
  8
DEFAULT
 10
-436.5730204284192
 20
-142.9480204283462
 30
5.936971094551297
  0
VERTEX
  5
895
  8
DEFAULT
 10
-436.6091761589051
 20
-142.8591761588321
 30
5.936971094551297
  0
VERTEX
  5
896
  8
DEFAULT
 10
-436.646680802107
 20
-142.7716808020339
 30
5.936971094551297
  0
VERTEX
  5
897
  8
DEFAULT
 10
-436.6855468750001
 20
-142.6855468749271
 30
5.936971094551297
  0
VERTEX
  5
898
  8
DEFAULT
 10
-436.7257861793042
 20
-142.6007861792312
 30
5.936971094551297
  0
VERTEX
  5
899
  8
DEFAULT
 10
-436.7674098014833
 20
-142.5174098014103
 30
5.936971094551297
  0
VERTEX
  5
89A
  8
DEFAULT
 10
-436.8104281127454
 20
-142.4354281126724
 30
5.936971094551297
  0
VERTEX
  5
89B
  8
DEFAULT
 10
-436.8548507690431
 20
-142.3548507689701
 30
5.936971094551297
  0
VERTEX
  5
89C
  8
DEFAULT
 10
-436.900686711073
 20
-142.275686711
 30
5.936971094551297
  0
VERTEX
  5
89D
  8
DEFAULT
 10
-436.9479441642762
 20
-142.1979441642032
 30
5.936971094551297
  0
VERTEX
  5
89E
  8
DEFAULT
 10
-436.9966306388379
 20
-142.1216306387649
 30
5.936971094551297
  0
VERTEX
  5
89F
  8
DEFAULT
 10
-437.0467529296876
 20
-142.0467529296146
 30
5.936971094551297
  0
VERTEX
  5
8A0
  8
DEFAULT
 10
-437.0983171164991
 20
-141.9733171164261
 30
5.936971094551297
  0
VERTEX
  5
8A1
  8
DEFAULT
 10
-437.1513285636902
 20
-141.9013285636173
 30
5.936971094551297
  0
VERTEX
  5
8A2
  8
DEFAULT
 10
-437.2057919204236
 20
-141.8307919203506
 30
5.936971094551297
  0
VERTEX
  5
8A3
  8
DEFAULT
 10
-437.2617111206055
 20
-141.7617111205326
 30
5.936971094551297
  0
VERTEX
  5
8A4
  8
DEFAULT
 10
-437.3190893828869
 20
-141.694089382814
 30
5.936971094551297
  0
VERTEX
  5
8A5
  8
DEFAULT
 10
-437.3779292106628
 20
-141.62792921059
 30
5.936971094551297
  0
VERTEX
  5
8A6
  8
DEFAULT
 10
-437.4382323920727
 20
-141.5632323919998
 30
5.936971094551297
  0
VERTEX
  5
8A7
  8
DEFAULT
 10
-437.5000000000001
 20
-141.4999999999271
 30
5.936971094551297
  0
VERTEX
  5
8A8
  8
DEFAULT
 10
-437.5632323920727
 20
-141.4382323919998
 30
5.936971094551297
  0
VERTEX
  5
8A9
  8
DEFAULT
 10
-437.6279292106629
 20
-141.37792921059
 30
5.936971094551297
  0
VERTEX
  5
8AA
  8
DEFAULT
 10
-437.694089382887
 20
-141.319089382814
 30
5.936971094551297
  0
VERTEX
  5
8AB
  8
DEFAULT
 10
-437.7617111206055
 20
-141.2617111205326
 30
5.936971094551297
  0
VERTEX
  5
8AC
  8
DEFAULT
 10
-437.8307919204235
 20
-141.2057919203506
 30
5.936971094551297
  0
VERTEX
  5
8AD
  8
DEFAULT
 10
-437.9013285636902
 20
-141.1513285636173
 30
5.936971094551297
  0
VERTEX
  5
8AE
  8
DEFAULT
 10
-437.9733171164989
 20
-141.0983171164261
 30
5.936971094551297
  0
VERTEX
  5
8AF
  8
DEFAULT
 10
-438.0467529296875
 20
-141.0467529296146
 30
5.936971094551297
  0
VERTEX
  5
8B0
  8
DEFAULT
 10
-438.1216306388378
 20
-140.9966306387649
 30
5.936971094551297
  0
VERTEX
  5
8B1
  8
DEFAULT
 10
-438.1979441642761
 20
-140.9479441642032
 30
5.936971094551297
  0
VERTEX
  5
8B2
  8
DEFAULT
 10
-438.2756867110729
 20
-140.900686711
 30
5.936971094551297
  0
VERTEX
  5
8B3
  8
DEFAULT
 10
-438.354850769043
 20
-140.8548507689701
 30
5.936971094551297
  0
VERTEX
  5
8B4
  8
DEFAULT
 10
-438.4354281127453
 20
-140.8104281126724
 30
5.936971094551297
  0
VERTEX
  5
8B5
  8
DEFAULT
 10
-438.5174098014832
 20
-140.7674098014103
 30
5.936971094551297
  0
VERTEX
  5
8B6
  8
DEFAULT
 10
-438.6007861793041
 20
-140.7257861792312
 30
5.936971094551297
  0
VERTEX
  5
8B7
  8
DEFAULT
 10
-438.685546875
 20
-140.6855468749271
 30
5.936971094551297
  0
VERTEX
  5
8B8
  8
DEFAULT
 10
-438.7716808021069
 20
-140.646680802034
 30
5.936971094551297
  0
VERTEX
  5
8B9
  8
DEFAULT
 10
-438.859176158905
 20
-140.6091761588322
 30
5.936971094551297
  0
VERTEX
  5
8BA
  8
DEFAULT
 10
-438.9480204284191
 20
-140.5730204283462
 30
5.936971094551297
  0
VERTEX
  5
8BB
  8
DEFAULT
 10
-439.038200378418
 20
-140.5382003783451
 30
5.936971094551297
  0
VERTEX
  5
8BC
  8
DEFAULT
 10
-439.2225108146667
 20
-140.4725108145939
 30
5.936971094551297
  0
VERTEX
  5
8BD
  8
DEFAULT
 10
-439.4119873046875
 20
-140.4119873046146
 30
5.936971094551297
  0
VERTEX
  5
8BE
  8
DEFAULT
 10
-439.6064982414246
 20
-140.3564982413517
 30
5.936971094551297
  0
VERTEX
  5
8BF
  8
DEFAULT
 10
-439.8059005737305
 20
-140.3059005736576
 30
5.936971094551297
  0
VERTEX
  5
8C0
  8
DEFAULT
 10
-440.010039806366
 20
-140.2600398062931
 30
5.936971094551297
  0
VERTEX
  5
8C1
  8
DEFAULT
 10
-440.21875
 20
-140.2187499999271
 30
5.936971094551297
  0
VERTEX
  5
8C2
  8
DEFAULT
 10
-440.4318537712097
 20
-140.1818537711368
 30
5.936971094551297
  0
VERTEX
  5
8C3
  8
DEFAULT
 10
-440.6491622924805
 20
-140.1491622924076
 30
5.936971094551297
  0
VERTEX
  5
8C4
  8
DEFAULT
 10
-440.8704752922058
 20
-140.1204752921329
 30
5.936971094551297
  0
VERTEX
  5
8C5
  8
DEFAULT
 10
-441.0955810546875
 20
-140.0955810546146
 30
5.936971094551297
  0
VERTEX
  5
8C6
  8
DEFAULT
 10
-441.556266784668
 20
-140.0562667845951
 30
5.936971094551297
  0
VERTEX
  5
8C7
  8
DEFAULT
 10
-442.029296875
 20
-140.0292968749271
 30
5.936971094551297
  0
VERTEX
  5
8C8
  8
DEFAULT
 10
-443.0037841796874
 20
-140.0037841796146
 30
5.936971094551297
  0
VERTEX
  5
8C9
  8
DEFAULT
 10
-443.9999999999999
 20
-139.9999999999271
 30
5.936971094551297
  0
VERTEX
  5
8CA
  8
DEFAULT
 10
-452.4999999999999
 20
-139.9999999999271
 30
5.936971094551297
  0
VERTEX
  5
8CB
  8
DEFAULT
 10
-452.8735809326171
 20
-139.9985809325443
 30
5.936971094551297
  0
VERTEX
  5
8CC
  8
DEFAULT
 10
-453.2390136718749
 20
-139.9890136718021
 30
5.936971094551297
  0
VERTEX
  5
8CD
  8
DEFAULT
 10
-453.4163999557494
 20
-139.9788999556766
 30
5.936971094551297
  0
VERTEX
  5
8CE
  8
DEFAULT
 10
-453.5891571044921
 20
-139.9641571044193
 30
5.936971094551297
  0
VERTEX
  5
8CF
  8
DEFAULT
 10
-453.6735717654227
 20
-139.9548217653499
 30
5.936971094551297
  0
VERTEX
  5
8D0
  8
DEFAULT
 10
-453.7565641403197
 20
-139.944064140247
 30
5.936971094551297
  0
VERTEX
  5
8D1
  8
DEFAULT
 10
-453.8380548357963
 20
-139.9318048357235
 30
5.936971094551297
  0
VERTEX
  5
8D2
  8
DEFAULT
 10
-453.9179687499999
 20
-139.9179687499271
 30
5.936971094551297
  0
VERTEX
  5
8D3
  8
DEFAULT
 10
-453.9962350726126
 20
-139.9024850725399
 30
5.936971094551297
  0
VERTEX
  5
8D4
  8
DEFAULT
 10
-454.072787284851
 20
-139.8852872847782
 30
5.936971094551297
  0
VERTEX
  5
8D5
  8
DEFAULT
 10
-454.1475631594658
 20
-139.8663131593929
 30
5.936971094551297
  0
VERTEX
  5
8D6
  8
DEFAULT
 10
-454.2205047607421
 20
-139.8455047606693
 30
5.936971094551297
  0
VERTEX
  5
8D7
  8
DEFAULT
 10
-454.2915584444999
 20
-139.8228084444271
 30
5.936971094551297
  0
VERTEX
  5
8D8
  8
DEFAULT
 10
-454.3606748580932
 20
-139.7981748580204
 30
5.936971094551297
  0
VERTEX
  5
8D9
  8
DEFAULT
 10
-454.3944923393428
 20
-139.78511733927
 30
5.936971094551297
  0
VERTEX
  5
8DA
  8
DEFAULT
 10
-454.4278089404106
 20
-139.7715589403377
 30
5.936971094551297
  0
VERTEX
  5
8DB
  8
DEFAULT
 10
-454.4606196992099
 20
-139.7574946991371
 30
5.936971094551297
  0
VERTEX
  5
8DC
  8
DEFAULT
 10
-454.4929199218749
 20
-139.7429199218021
 30
5.936971094551297
  0
VERTEX
  5
8DD
  8
DEFAULT
 10
-454.5247051827609
 20
-139.7278301826881
 30
5.936971094551297
  0
VERTEX
  5
8DE
  8
DEFAULT
 10
-454.5559713244438
 20
-139.7122213243709
 30
5.936971094551297
  0
VERTEX
  5
8DF
  8
DEFAULT
 10
-454.5867144577205
 20
-139.6960894576476
 30
5.936971094551297
  0
VERTEX
  5
8E0
  8
DEFAULT
 10
-454.6169309616089
 20
-139.679430961536
 30
5.936971094551297
  0
VERTEX
  5
8E1
  8
DEFAULT
 10
-454.6466174833476
 20
-139.6622424832748
 30
5.936971094551297
  0
VERTEX
  5
8E2
  8
DEFAULT
 10
-454.6757709383965
 20
-139.6445209383236
 30
5.936971094551297
  0
VERTEX
  5
8E3
  8
DEFAULT
 10
-454.7043885104358
 20
-139.6262635103629
 30
5.936971094551297
  0
VERTEX
  5
8E4
  8
DEFAULT
 10
-454.7324676513672
 20
-139.6074676512943
 30
5.936971094551297
  0
VERTEX
  5
8E5
  8
DEFAULT
 10
-454.7600060813129
 20
-139.58813108124
 30
5.936971094551297
  0
VERTEX
  5
8E6
  8
DEFAULT
 10
-454.7870017886162
 20
-139.5682517885433
 30
5.936971094551297
  0
VERTEX
  5
8E7
  8
DEFAULT
 10
-454.8134530298412
 20
-139.5478280297683
 30
5.936971094551297
  0
VERTEX
  5
8E8
  8
DEFAULT
 10
-454.8393583297729
 20
-139.5268583297001
 30
5.936971094551297
  0
VERTEX
  5
8E9
  8
DEFAULT
 10
-454.8647164814173
 20
-139.5053414813445
 30
5.936971094551297
  0
VERTEX
  5
8EA
  8
DEFAULT
 10
-454.8895265460014
 20
-139.4832765459286
 30
5.936971094551297
  0
VERTEX
  5
8EB
  8
DEFAULT
 10
-454.9137878529727
 20
-139.4606628528999
 30
5.936971094551297
  0
VERTEX
  5
8EC
  8
DEFAULT
 10
-454.9374999999999
 20
-139.4374999999271
 30
5.936971094551297
  0
VERTEX
  5
8ED
  8
DEFAULT
 10
-454.9606628529727
 20
-139.4137878528999
 30
5.936971094551297
  0
VERTEX
  5
8EE
  8
DEFAULT
 10
-454.9832765460014
 20
-139.3895265459286
 30
5.936971094551297
  0
VERTEX
  5
8EF
  8
DEFAULT
 10
-455.0053414814174
 20
-139.3647164813445
 30
5.936971094551297
  0
VERTEX
  5
8F0
  8
DEFAULT
 10
-455.0268583297729
 20
-139.3393583297001
 30
5.936971094551297
  0
VERTEX
  5
8F1
  8
DEFAULT
 10
-455.0478280298411
 20
-139.3134530297683
 30
5.936971094551297
  0
VERTEX
  5
8F2
  8
DEFAULT
 10
-455.0682517886161
 20
-139.2870017885433
 30
5.936971094551297
  0
VERTEX
  5
8F3
  8
DEFAULT
 10
-455.0881310813128
 20
-139.26000608124
 30
5.936971094551297
  0
VERTEX
  5
8F4
  8
DEFAULT
 10
-455.1074676513671
 20
-139.2324676512943
 30
5.936971094551297
  0
VERTEX
  5
8F5
  8
DEFAULT
 10
-455.1262635104357
 20
-139.2043885103629
 30
5.936971094551297
  0
VERTEX
  5
8F6
  8
DEFAULT
 10
-455.1445209383963
 20
-139.1757709383236
 30
5.936971094551297
  0
VERTEX
  5
8F7
  8
DEFAULT
 10
-455.1622424833475
 20
-139.1466174832748
 30
5.936971094551297
  0
VERTEX
  5
8F8
  8
DEFAULT
 10
-455.1794309616088
 20
-139.116930961536
 30
5.936971094551297
  0
VERTEX
  5
8F9
  8
DEFAULT
 10
-455.1960894577205
 20
-139.0867144576476
 30
5.936971094551297
  0
VERTEX
  5
8FA
  8
DEFAULT
 10
-455.2122213244438
 20
-139.0559713243709
 30
5.936971094551297
  0
VERTEX
  5
8FB
  8
DEFAULT
 10
-455.227830182761
 20
-139.0247051826881
 30
5.936971094551297
  0
VERTEX
  5
8FC
  8
DEFAULT
 10
-455.2429199218749
 20
-138.9929199218021
 30
5.936971094551297
  0
VERTEX
  5
8FD
  8
DEFAULT
 10
-455.2574946992098
 20
-138.9606196991371
 30
5.936971094551297
  0
VERTEX
  5
8FE
  8
DEFAULT
 10
-455.2715589404106
 20
-138.9278089403377
 30
5.936971094551297
  0
VERTEX
  5
8FF
  8
DEFAULT
 10
-455.2851173393428
 20
-138.89449233927
 30
5.936971094551297
  0
VERTEX
  5
900
  8
DEFAULT
 10
-455.2981748580933
 20
-138.8606748580204
 30
5.936971094551297
  0
VERTEX
  5
901
  8
DEFAULT
 10
-455.3228084445
 20
-138.7915584444271
 30
5.936971094551297
  0
VERTEX
  5
902
  8
DEFAULT
 10
-455.3455047607422
 20
-138.7205047606693
 30
5.936971094551297
  0
VERTEX
  5
903
  8
DEFAULT
 10
-455.3663131594658
 20
-138.6475631593929
 30
5.936971094551297
  0
VERTEX
  5
904
  8
DEFAULT
 10
-455.3852872848511
 20
-138.5727872847782
 30
5.936971094551297
  0
VERTEX
  5
905
  8
DEFAULT
 10
-455.4024850726128
 20
-138.4962350725399
 30
5.936971094551297
  0
VERTEX
  5
906
  8
DEFAULT
 10
-455.41796875
 20
-138.4179687499271
 30
5.936971094551297
  0
VERTEX
  5
907
  8
DEFAULT
 10
-455.4318048357964
 20
-138.3380548357235
 30
5.936971094551297
  0
VERTEX
  5
908
  8
DEFAULT
 10
-455.4440641403198
 20
-138.256564140247
 30
5.936971094551297
  0
VERTEX
  5
909
  8
DEFAULT
 10
-455.4548217654228
 20
-138.1735717653499
 30
5.936971094551297
  0
VERTEX
  5
90A
  8
DEFAULT
 10
-455.4641571044922
 20
-138.0891571044193
 30
5.936971094551297
  0
VERTEX
  5
90B
  8
DEFAULT
 10
-455.4788999557495
 20
-137.9163999556766
 30
5.936971094551297
  0
VERTEX
  5
90C
  8
DEFAULT
 10
-455.489013671875
 20
-137.7390136718021
 30
5.936971094551297
  0
VERTEX
  5
90D
  8
DEFAULT
 10
-455.4985809326171
 20
-137.3735809325443
 30
5.936971094551297
  0
VERTEX
  5
90E
  8
DEFAULT
 10
-455.4999999999999
 20
-136.9999999999271
 30
5.936971094551297
  0
VERTEX
  5
90F
  8
DEFAULT
 10
-455.4999999999999
 20
-98.99999999992713
 30
5.936971094551297
  0
VERTEX
  5
910
  8
DEFAULT
 10
-455.4985809326171
 20
-98.62641906730994
 30
5.936971094551297
  0
VERTEX
  5
911
  8
DEFAULT
 10
-455.489013671875
 20
-98.26098632805213
 30
5.936971094551297
  0
VERTEX
  5
912
  8
DEFAULT
 10
-455.4788999557495
 20
-98.08360004417762
 30
5.936971094551297
  0
VERTEX
  5
913
  8
DEFAULT
 10
-455.4641571044922
 20
-97.91084289543494
 30
5.936971094551297
  0
VERTEX
  5
914
  8
DEFAULT
 10
-455.4548217654228
 20
-97.8264282345043
 30
5.936971094551297
  0
VERTEX
  5
915
  8
DEFAULT
 10
-455.4440641403198
 20
-97.7434358596073
 30
5.936971094551297
  0
VERTEX
  5
916
  8
DEFAULT
 10
-455.4318048357964
 20
-97.66194516413077
 30
5.936971094551297
  0
VERTEX
  5
917
  8
DEFAULT
 10
-455.41796875
 20
-97.58203124992713
 30
5.936971094551297
  0
VERTEX
  5
918
  8
DEFAULT
 10
-455.4024850726128
 20
-97.50376492731436
 30
5.936971094551297
  0
VERTEX
  5
919
  8
DEFAULT
 10
-455.3852872848511
 20
-97.42721271507605
 30
5.936971094551297
  0
VERTEX
  5
91A
  8
DEFAULT
 10
-455.3663131594658
 20
-97.35243684046134
 30
5.936971094551297
  0
VERTEX
  5
91B
  8
DEFAULT
 10
-455.3455047607422
 20
-97.27949523918494
 30
5.936971094551297
  0
VERTEX
  5
91C
  8
DEFAULT
 10
-455.3228084445
 20
-97.20844155542716
 30
5.936971094551297
  0
VERTEX
  5
91D
  8
DEFAULT
 10
-455.2981748580933
 20
-97.13932514183387
 30
5.936971094551297
  0
VERTEX
  5
91E
  8
DEFAULT
 10
-455.2851173393428
 20
-97.1055076605843
 30
5.936971094551297
  0
VERTEX
  5
91F
  8
DEFAULT
 10
-455.2715589404106
 20
-97.07219105951651
 30
5.936971094551297
  0
VERTEX
  5
920
  8
DEFAULT
 10
-455.2574946992098
 20
-97.0393803007172
 30
5.936971094551297
  0
VERTEX
  5
921
  8
DEFAULT
 10
-455.2429199218749
 20
-97.00708007805213
 30
5.936971094551297
  0
VERTEX
  5
922
  8
DEFAULT
 10
-455.227830182761
 20
-96.97529481716617
 30
5.936971094551297
  0
VERTEX
  5
923
  8
DEFAULT
 10
-455.2122213244438
 20
-96.94402867548331
 30
5.936971094551297
  0
VERTEX
  5
924
  8
DEFAULT
 10
-455.1960894577205
 20
-96.91328554220661
 30
5.936971094551297
  0
VERTEX
  5
925
  8
DEFAULT
 10
-455.1794309616088
 20
-96.88306903831824
 30
5.936971094551297
  0
VERTEX
  5
926
  8
DEFAULT
 10
-455.1622424833475
 20
-96.85338251657947
 30
5.936971094551297
  0
VERTEX
  5
927
  8
DEFAULT
 10
-455.1445209383963
 20
-96.82422906153067
 30
5.936971094551297
  0
VERTEX
  5
928
  8
DEFAULT
 10
-455.1262635104357
 20
-96.79561148949131
 30
5.936971094551297
  0
VERTEX
  5
929
  8
DEFAULT
 10
-455.1074676513671
 20
-96.76753234855994
 30
5.936971094551297
  0
VERTEX
  5
92A
  8
DEFAULT
 10
-455.0881310813128
 20
-96.73999391861423
 30
5.936971094551297
  0
VERTEX
  5
92B
  8
DEFAULT
 10
-455.0682517886161
 20
-96.71299821131095
 30
5.936971094551297
  0
VERTEX
  5
92C
  8
DEFAULT
 10
-455.0478280298411
 20
-96.68654697008594
 30
5.936971094551297
  0
VERTEX
  5
92D
  8
DEFAULT
 10
-455.0268583297729
 20
-96.66064167015418
 30
5.936971094551297
  0
VERTEX
  5
92E
  8
DEFAULT
 10
-455.0053414814174
 20
-96.63528351850971
 30
5.936971094551297
  0
VERTEX
  5
92F
  8
DEFAULT
 10
-454.9832765460014
 20
-96.61047345392569
 30
5.936971094551297
  0
VERTEX
  5
930
  8
DEFAULT
 10
-454.9606628529727
 20
-96.58621214695438
 30
5.936971094551297
  0
VERTEX
  5
931
  8
DEFAULT
 10
-454.9374999999999
 20
-96.56249999992713
 30
5.936971094551297
  0
VERTEX
  5
932
  8
DEFAULT
 10
-454.9137878529727
 20
-96.53933714695438
 30
5.936971094551297
  0
VERTEX
  5
933
  8
DEFAULT
 10
-454.8895265460014
 20
-96.51672345392569
 30
5.936971094551297
  0
VERTEX
  5
934
  8
DEFAULT
 10
-454.8647164814173
 20
-96.49465851850971
 30
5.936971094551297
  0
VERTEX
  5
935
  8
DEFAULT
 10
-454.8393583297729
 20
-96.47314167015418
 30
5.936971094551297
  0
VERTEX
  5
936
  8
DEFAULT
 10
-454.8134530298412
 20
-96.45217197008594
 30
5.936971094551297
  0
VERTEX
  5
937
  8
DEFAULT
 10
-454.7870017886162
 20
-96.43174821131095
 30
5.936971094551297
  0
VERTEX
  5
938
  8
DEFAULT
 10
-454.7600060813129
 20
-96.41186891861423
 30
5.936971094551297
  0
VERTEX
  5
939
  8
DEFAULT
 10
-454.7324676513672
 20
-96.39253234855994
 30
5.936971094551297
  0
VERTEX
  5
93A
  8
DEFAULT
 10
-454.7043885104358
 20
-96.37373648949131
 30
5.936971094551297
  0
VERTEX
  5
93B
  8
DEFAULT
 10
-454.6757709383965
 20
-96.35547906153067
 30
5.936971094551297
  0
VERTEX
  5
93C
  8
DEFAULT
 10
-454.6466174833476
 20
-96.33775751657947
 30
5.936971094551297
  0
VERTEX
  5
93D
  8
DEFAULT
 10
-454.6169309616089
 20
-96.32056903831824
 30
5.936971094551297
  0
VERTEX
  5
93E
  8
DEFAULT
 10
-454.5867144577205
 20
-96.30391054220661
 30
5.936971094551297
  0
VERTEX
  5
93F
  8
DEFAULT
 10
-454.5559713244438
 20
-96.28777867548331
 30
5.936971094551297
  0
VERTEX
  5
940
  8
DEFAULT
 10
-454.5247051827609
 20
-96.27216981716617
 30
5.936971094551297
  0
VERTEX
  5
941
  8
DEFAULT
 10
-454.4929199218749
 20
-96.25708007805213
 30
5.936971094551297
  0
VERTEX
  5
942
  8
DEFAULT
 10
-454.4606196992099
 20
-96.2425053007172
 30
5.936971094551297
  0
VERTEX
  5
943
  8
DEFAULT
 10
-454.4278089404106
 20
-96.22844105951651
 30
5.936971094551297
  0
VERTEX
  5
944
  8
DEFAULT
 10
-454.3944923393428
 20
-96.2148826605843
 30
5.936971094551297
  0
VERTEX
  5
945
  8
DEFAULT
 10
-454.3606748580932
 20
-96.20182514183387
 30
5.936971094551297
  0
VERTEX
  5
946
  8
DEFAULT
 10
-454.2915584444999
 20
-96.17719155542716
 30
5.936971094551297
  0
VERTEX
  5
947
  8
DEFAULT
 10
-454.2205047607421
 20
-96.15449523918494
 30
5.936971094551297
  0
VERTEX
  5
948
  8
DEFAULT
 10
-454.1475631594658
 20
-96.13368684046134
 30
5.936971094551297
  0
VERTEX
  5
949
  8
DEFAULT
 10
-454.072787284851
 20
-96.11471271507605
 30
5.936971094551297
  0
VERTEX
  5
94A
  8
DEFAULT
 10
-453.9962350726126
 20
-96.09751492731436
 30
5.936971094551297
  0
VERTEX
  5
94B
  8
DEFAULT
 10
-453.9179687499999
 20
-96.08203124992713
 30
5.936971094551297
  0
VERTEX
  5
94C
  8
DEFAULT
 10
-453.8380548357963
 20
-96.06819516413077
 30
5.936971094551297
  0
VERTEX
  5
94D
  8
DEFAULT
 10
-453.7565641403197
 20
-96.0559358596073
 30
5.936971094551297
  0
VERTEX
  5
94E
  8
DEFAULT
 10
-453.6735717654227
 20
-96.04517823450432
 30
5.936971094551297
  0
VERTEX
  5
94F
  8
DEFAULT
 10
-453.5891571044921
 20
-96.03584289543494
 30
5.936971094551297
  0
VERTEX
  5
950
  8
DEFAULT
 10
-453.4163999557494
 20
-96.02110004417762
 30
5.936971094551297
  0
VERTEX
  5
951
  8
DEFAULT
 10
-453.2390136718749
 20
-96.01098632805213
 30
5.936971094551297
  0
VERTEX
  5
952
  8
DEFAULT
 10
-452.8735809326171
 20
-96.00141906730994
 30
5.936971094551297
  0
VERTEX
  5
953
  8
DEFAULT
 10
-452.4999999999999
 20
-95.99999999992713
 30
5.936971094551297
  0
VERTEX
  5
954
  8
DEFAULT
 10
-443.9999999999999
 20
-95.99999999992713
 30
5.936971094551297
  0
VERTEX
  5
955
  8
DEFAULT
 10
-443.0037841796874
 20
-95.99621582023966
 30
5.936971094551297
  0
VERTEX
  5
956
  8
DEFAULT
 10
-442.0292968749999
 20
-95.97070312492716
 30
5.936971094551297
  0
VERTEX
  5
957
  8
DEFAULT
 10
-441.5562667846679
 20
-95.9437332152592
 30
5.936971094551297
  0
VERTEX
  5
958
  8
DEFAULT
 10
-441.0955810546874
 20
-95.90441894523966
 30
5.936971094551297
  0
VERTEX
  5
959
  8
DEFAULT
 10
-440.8704752922057
 20
-95.87952470772134
 30
5.936971094551297
  0
VERTEX
  5
95A
  8
DEFAULT
 10
-440.6491622924804
 20
-95.85083770744669
 30
5.936971094551297
  0
VERTEX
  5
95B
  8
DEFAULT
 10
-440.4318537712095
 20
-95.81814622871744
 30
5.936971094551297
  0
VERTEX
  5
95C
  8
DEFAULT
 10
-440.2187499999998
 20
-95.78124999992716
 30
5.936971094551297
  0
VERTEX
  5
95D
  8
DEFAULT
 10
-440.0100398063659
 20
-95.73996019356119
 30
5.936971094551297
  0
VERTEX
  5
95E
  8
DEFAULT
 10
-439.8059005737304
 20
-95.69409942619667
 30
5.936971094551297
  0
VERTEX
  5
95F
  8
DEFAULT
 10
-439.6064982414243
 20
-95.64350175850257
 30
5.936971094551297
  0
VERTEX
  5
960
  8
DEFAULT
 10
-439.4119873046873
 20
-95.58801269523963
 30
5.936971094551297
  0
VERTEX
  5
961
  8
DEFAULT
 10
-439.2225108146666
 20
-95.52748918526038
 30
5.936971094551297
  0
VERTEX
  5
962
  8
DEFAULT
 10
-439.0382003784178
 20
-95.46179962150913
 30
5.936971094551297
  0
VERTEX
  5
963
  8
DEFAULT
 10
-438.948020428419
 20
-95.42697957150799
 30
5.936971094551297
  0
VERTEX
  5
964
  8
DEFAULT
 10
-438.8591761589049
 20
-95.39082384102207
 30
5.936971094551297
  0
VERTEX
  5
965
  8
DEFAULT
 10
-438.7716808021067
 20
-95.35331919782024
 30
5.936971094551297
  0
VERTEX
  5
966
  8
DEFAULT
 10
-438.6855468749999
 20
-95.31445312492708
 30
5.936971094551297
  0
VERTEX
  5
967
  8
DEFAULT
 10
-438.600786179304
 20
-95.27421382062295
 30
5.936971094551297
  0
VERTEX
  5
968
  8
DEFAULT
 10
-438.517409801483
 20
-95.23259019844392
 30
5.936971094551297
  0
VERTEX
  5
969
  8
DEFAULT
 10
-438.4354281127452
 20
-95.18957188718178
 30
5.936971094551297
  0
VERTEX
  5
96A
  8
DEFAULT
 10
-438.3548507690429
 20
-95.1451492308841
 30
5.936971094551297
  0
VERTEX
  5
96B
  8
DEFAULT
 10
-438.2756867110728
 20
-95.09931328885415
 30
5.936971094551297
  0
VERTEX
  5
96C
  8
DEFAULT
 10
-438.197944164276
 20
-95.05205583565092
 30
5.936971094551297
  0
VERTEX
  5
96D
  8
DEFAULT
 10
-438.1216306388377
 20
-95.00336936108923
 30
5.936971094551297
  0
VERTEX
  5
96E
  8
DEFAULT
 10
-438.0467529296874
 20
-94.95324707023954
 30
5.936971094551297
  0
VERTEX
  5
96F
  8
DEFAULT
 10
-437.9733171164988
 20
-94.9016828834281
 30
5.936971094551297
  0
VERTEX
  5
970
  8
DEFAULT
 10
-437.9013285636901
 20
-94.84867143623684
 30
5.936971094551297
  0
VERTEX
  5
971
  8
DEFAULT
 10
-437.8307919204234
 20
-94.7942080795035
 30
5.936971094551297
  0
VERTEX
  5
972
  8
DEFAULT
 10
-437.7617111206054
 20
-94.73828887932154
 30
5.936971094551297
  0
VERTEX
  5
973
  8
DEFAULT
 10
-437.6940893828869
 20
-94.68091061704013
 30
5.936971094551297
  0
VERTEX
  5
974
  8
DEFAULT
 10
-437.6279292106628
 20
-94.62207078926414
 30
5.936971094551297
  0
VERTEX
  5
975
  8
DEFAULT
 10
-437.5632323920726
 20
-94.5617676078543
 30
5.936971094551297
  0
VERTEX
  5
976
  8
DEFAULT
 10
-437.4999999999999
 20
-94.49999999992697
 30
5.936971094551297
  0
VERTEX
  5
977
  8
DEFAULT
 10
-437.4382323920726
 20
-94.43676760785429
 30
5.936971094551297
  0
VERTEX
  5
978
  8
DEFAULT
 10
-437.3779292106627
 20
-94.37207078926411
 30
5.936971094551297
  0
VERTEX
  5
979
  8
DEFAULT
 10
-437.3190893828869
 20
-94.30591061704007
 30
5.936971094551297
  0
VERTEX
  5
97A
  8
DEFAULT
 10
-437.2617111206055
 20
-94.23828887932149
 30
5.936971094551297
  0
VERTEX
  5
97B
  8
DEFAULT
 10
-437.2057919204235
 20
-94.16920807950343
 30
5.936971094551297
  0
VERTEX
  5
97C
  8
DEFAULT
 10
-437.1513285636902
 20
-94.09867143623676
 30
5.936971094551297
  0
VERTEX
  5
97D
  8
DEFAULT
 10
-437.0983171164989
 20
-94.02668288342798
 30
5.936971094551297
  0
VERTEX
  5
97E
  8
DEFAULT
 10
-437.0467529296875
 20
-93.95324707023941
 30
5.936971094551297
  0
VERTEX
  5
97F
  8
DEFAULT
 10
-436.9966306388378
 20
-93.87836936108909
 30
5.936971094551297
  0
VERTEX
  5
980
  8
DEFAULT
 10
-436.9479441642761
 20
-93.80205583565078
 30
5.936971094551297
  0
VERTEX
  5
981
  8
DEFAULT
 10
-436.9006867110729
 20
-93.72431328885398
 30
5.936971094551297
  0
VERTEX
  5
982
  8
DEFAULT
 10
-436.854850769043
 20
-93.64514923088392
 30
5.936971094551297
  0
VERTEX
  5
983
  8
DEFAULT
 10
-436.8104281127453
 20
-93.56457188718161
 30
5.936971094551297
  0
VERTEX
  5
984
  8
DEFAULT
 10
-436.7674098014832
 20
-93.48259019844372
 30
5.936971094551297
  0
VERTEX
  5
985
  8
DEFAULT
 10
-436.7257861793041
 20
-93.39921382062275
 30
5.936971094551297
  0
VERTEX
  5
986
  8
DEFAULT
 10
-436.6855468750001
 20
-93.31445312492687
 30
5.936971094551297
  0
VERTEX
  5
987
  8
DEFAULT
 10
-436.646680802107
 20
-93.22831919782001
 30
5.936971094551297
  0
VERTEX
  5
988
  8
DEFAULT
 10
-436.6091761589051
 20
-93.14082384102184
 30
5.936971094551297
  0
VERTEX
  5
989
  8
DEFAULT
 10
-436.5730204284192
 20
-93.05197957150776
 30
5.936971094551297
  0
VERTEX
  5
98A
  8
DEFAULT
 10
-436.538200378418
 20
-92.96179962150889
 30
5.936971094551297
  0
VERTEX
  5
98B
  8
DEFAULT
 10
-436.4725108146669
 20
-92.7774891852601
 30
5.936971094551297
  0
VERTEX
  5
98C
  8
DEFAULT
 10
-436.4119873046876
 20
-92.58801269523934
 30
5.936971094551297
  0
VERTEX
  5
98D
  8
DEFAULT
 10
-436.3564982414247
 20
-92.39350175850227
 30
5.936971094551297
  0
VERTEX
  5
98E
  8
DEFAULT
 10
-436.3059005737306
 20
-92.19409942619635
 30
5.936971094551297
  0
VERTEX
  5
98F
  8
DEFAULT
 10
-436.2600398063661
 20
-91.98996019356085
 30
5.936971094551297
  0
VERTEX
  5
990
  8
DEFAULT
 10
-436.2187500000001
 20
-91.78124999992681
 30
5.936971094551297
  0
VERTEX
  5
991
  8
DEFAULT
 10
-436.1818537712098
 20
-91.5681462287171
 30
5.936971094551297
  0
VERTEX
  5
992
  8
DEFAULT
 10
-436.1491622924806
 20
-91.35083770744635
 30
5.936971094551297
  0
VERTEX
  5
993
  8
DEFAULT
 10
-436.1204752922059
 20
-91.129524707721
 30
5.936971094551297
  0
VERTEX
  5
994
  8
DEFAULT
 10
-436.0955810546876
 20
-90.90441894523931
 30
5.936971094551297
  0
VERTEX
  5
995
  8
DEFAULT
 10
-436.0562667846682
 20
-90.44373321525887
 30
5.936971094551297
  0
VERTEX
  5
996
  8
DEFAULT
 10
-436.0292968750002
 20
-89.97070312492684
 30
5.936971094551297
  0
VERTEX
  5
997
  8
DEFAULT
 10
-436.0037841796877
 20
-88.99621582023936
 30
5.936971094551297
  0
VERTEX
  5
998
  8
DEFAULT
 10
-436.0000000000002
 20
-87.9999999999269
 30
5.936971094551297
  0
VERTEX
  5
999
  8
DEFAULT
 10
-436.0000000000004
 20
59.99999999999986
 30
5.936971094551297
  0
VERTEX
  5
99A
  8
DEFAULT
 10
-436.0037841796879
 20
60.99621582031235
 30
5.936971094551297
  0
VERTEX
  5
99B
  8
DEFAULT
 10
-436.0292968750003
 20
61.97070312499984
 30
5.936971094551297
  0
VERTEX
  5
99C
  8
DEFAULT
 10
-436.0562667846684
 20
62.44373321533187
 30
5.936971094551297
  0
VERTEX
  5
99D
  8
DEFAULT
 10
-436.0955810546878
 20
62.90441894531234
 30
5.936971094551297
  0
VERTEX
  5
99E
  8
DEFAULT
 10
-436.1204752922062
 20
63.12952470779403
 30
5.936971094551297
  0
VERTEX
  5
99F
  8
DEFAULT
 10
-436.1491622924808
 20
63.35083770751937
 30
5.936971094551297
  0
VERTEX
  5
9A0
  8
DEFAULT
 10
-436.1818537712101
 20
63.56814622879013
 30
5.936971094551297
  0
VERTEX
  5
9A1
  8
DEFAULT
 10
-436.2187500000003
 20
63.78124999999984
 30
5.936971094551297
  0
VERTEX
  5
9A2
  8
DEFAULT
 10
-436.2600398063663
 20
63.98996019363388
 30
5.936971094551297
  0
VERTEX
  5
9A3
  8
DEFAULT
 10
-436.3059005737308
 20
64.19409942626937
 30
5.936971094551297
  0
VERTEX
  5
9A4
  8
DEFAULT
 10
-436.3564982414249
 20
64.39350175857527
 30
5.936971094551297
  0
VERTEX
  5
9A5
  8
DEFAULT
 10
-436.4119873046878
 20
64.58801269531234
 30
5.936971094551297
  0
VERTEX
  5
9A6
  8
DEFAULT
 10
-436.4725108146671
 20
64.7774891853331
 30
5.936971094551297
  0
VERTEX
  5
9A7
  8
DEFAULT
 10
-436.5382003784183
 20
64.96179962158187
 30
5.936971094551297
  0
VERTEX
  5
9A8
  8
DEFAULT
 10
-436.5730204284195
 20
65.05197957158074
 30
5.936971094551297
  0
VERTEX
  5
9A9
  8
DEFAULT
 10
-436.6091761589054
 20
65.14082384109483
 30
5.936971094551297
  0
VERTEX
  5
9AA
  8
DEFAULT
 10
-436.6466808021072
 20
65.228319197893
 30
5.936971094551297
  0
VERTEX
  5
9AB
  8
DEFAULT
 10
-436.6855468750003
 20
65.31445312499986
 30
5.936971094551297
  0
VERTEX
  5
9AC
  8
DEFAULT
 10
-436.7257861793045
 20
65.39921382069573
 30
5.936971094551297
  0
VERTEX
  5
9AD
  8
DEFAULT
 10
-436.7674098014835
 20
65.4825901985167
 30
5.936971094551297
  0
VERTEX
  5
9AE
  8
DEFAULT
 10
-436.8104281127456
 20
65.56457188725457
 30
5.936971094551297
  0
VERTEX
  5
9AF
  8
DEFAULT
 10
-436.8548507690433
 20
65.64514923095689
 30
5.936971094551297
  0
VERTEX
  5
9B0
  8
DEFAULT
 10
-436.9006867110733
 20
65.72431328892694
 30
5.936971094551297
  0
VERTEX
  5
9B1
  8
DEFAULT
 10
-436.9479441642765
 20
65.80205583572373
 30
5.936971094551297
  0
VERTEX
  5
9B2
  8
DEFAULT
 10
-436.9966306388382
 20
65.87836936116204
 30
5.936971094551297
  0
VERTEX
  5
9B3
  8
DEFAULT
 10
-437.0467529296878
 20
65.95324707031236
 30
5.936971094551297
  0
VERTEX
  5
9B4
  8
DEFAULT
 10
-437.0983171164993
 20
66.02668288350091
 30
5.936971094551297
  0
VERTEX
  5
9B5
  8
DEFAULT
 10
-437.1513285636905
 20
66.09867143630967
 30
5.936971094551297
  0
VERTEX
  5
9B6
  8
DEFAULT
 10
-437.2057919204238
 20
66.16920807957635
 30
5.936971094551297
  0
VERTEX
  5
9B7
  8
DEFAULT
 10
-437.2617111206058
 20
66.2382888793944
 30
5.936971094551297
  0
VERTEX
  5
9B8
  8
DEFAULT
 10
-437.3190893828872
 20
66.305910617113
 30
5.936971094551297
  0
VERTEX
  5
9B9
  8
DEFAULT
 10
-437.3779292106632
 20
66.37207078933703
 30
5.936971094551297
  0
VERTEX
  5
9BA
  8
DEFAULT
 10
-437.438232392073
 20
66.4367676079272
 30
5.936971094551297
  0
VERTEX
  5
9BB
  8
DEFAULT
 10
-437.5000000000003
 20
66.49999999999987
 30
5.936971094551297
  0
VERTEX
  5
9BC
  8
DEFAULT
 10
-437.563232392073
 20
66.5617676079272
 30
5.936971094551297
  0
VERTEX
  5
9BD
  8
DEFAULT
 10
-437.6279292106632
 20
66.62207078933702
 30
5.936971094551297
  0
VERTEX
  5
9BE
  8
DEFAULT
 10
-437.6940893828872
 20
66.680910617113
 30
5.936971094551297
  0
VERTEX
  5
9BF
  8
DEFAULT
 10
-437.7617111206058
 20
66.73828887939442
 30
5.936971094551297
  0
VERTEX
  5
9C0
  8
DEFAULT
 10
-437.8307919204238
 20
66.79420807957638
 30
5.936971094551297
  0
VERTEX
  5
9C1
  8
DEFAULT
 10
-437.9013285636905
 20
66.8486714363097
 30
5.936971094551297
  0
VERTEX
  5
9C2
  8
DEFAULT
 10
-437.9733171164993
 20
66.90168288350094
 30
5.936971094551297
  0
VERTEX
  5
9C3
  8
DEFAULT
 10
-438.0467529296878
 20
66.95324707031239
 30
5.936971094551297
  0
VERTEX
  5
9C4
  8
DEFAULT
 10
-438.1216306388382
 20
67.00336936116207
 30
5.936971094551297
  0
VERTEX
  5
9C5
  8
DEFAULT
 10
-438.1979441642765
 20
67.05205583572376
 30
5.936971094551297
  0
VERTEX
  5
9C6
  8
DEFAULT
 10
-438.2756867110733
 20
67.09931328892696
 30
5.936971094551297
  0
VERTEX
  5
9C7
  8
DEFAULT
 10
-438.3548507690433
 20
67.14514923095692
 30
5.936971094551297
  0
VERTEX
  5
9C8
  8
DEFAULT
 10
-438.4354281127456
 20
67.1895718872546
 30
5.936971094551297
  0
VERTEX
  5
9C9
  8
DEFAULT
 10
-438.5174098014835
 20
67.23259019851673
 30
5.936971094551297
  0
VERTEX
  5
9CA
  8
DEFAULT
 10
-438.6007861793045
 20
67.27421382069576
 30
5.936971094551297
  0
VERTEX
  5
9CB
  8
DEFAULT
 10
-438.6855468750003
 20
67.3144531249999
 30
5.936971094551297
  0
VERTEX
  5
9CC
  8
DEFAULT
 10
-438.7716808021072
 20
67.35331919789306
 30
5.936971094551297
  0
VERTEX
  5
9CD
  8
DEFAULT
 10
-438.8591761589054
 20
67.39082384109487
 30
5.936971094551297
  0
VERTEX
  5
9CE
  8
DEFAULT
 10
-438.9480204284195
 20
67.42697957158079
 30
5.936971094551297
  0
VERTEX
  5
9CF
  8
DEFAULT
 10
-439.0382003784183
 20
67.46179962158193
 30
5.936971094551297
  0
VERTEX
  5
9D0
  8
DEFAULT
 10
-439.222510814667
 20
67.52748918533317
 30
5.936971094551297
  0
VERTEX
  5
9D1
  8
DEFAULT
 10
-439.4119873046878
 20
67.58801269531241
 30
5.936971094551297
  0
VERTEX
  5
9D2
  8
DEFAULT
 10
-439.6064982414248
 20
67.64350175857535
 30
5.936971094551297
  0
VERTEX
  5
9D3
  8
DEFAULT
 10
-439.8059005737308
 20
67.69409942626945
 30
5.936971094551297
  0
VERTEX
  5
9D4
  8
DEFAULT
 10
-440.0100398063663
 20
67.73996019363395
 30
5.936971094551297
  0
VERTEX
  5
9D5
  8
DEFAULT
 10
-440.2187500000003
 20
67.78124999999991
 30
5.936971094551297
  0
VERTEX
  5
9D6
  8
DEFAULT
 10
-440.43185377121
 20
67.8181462287902
 30
5.936971094551297
  0
VERTEX
  5
9D7
  8
DEFAULT
 10
-440.6491622924808
 20
67.85083770751945
 30
5.936971094551297
  0
VERTEX
  5
9D8
  8
DEFAULT
 10
-440.8704752922062
 20
67.8795247077941
 30
5.936971094551297
  0
VERTEX
  5
9D9
  8
DEFAULT
 10
-441.0955810546878
 20
67.90441894531241
 30
5.936971094551297
  0
VERTEX
  5
9DA
  8
DEFAULT
 10
-441.5562667846683
 20
67.94373321533197
 30
5.936971094551297
  0
VERTEX
  5
9DB
  8
DEFAULT
 10
-442.0292968750003
 20
67.97070312499994
 30
5.936971094551297
  0
VERTEX
  5
9DC
  8
DEFAULT
 10
-443.0037841796878
 20
67.99621582031244
 30
5.936971094551297
  0
VERTEX
  5
9DD
  8
DEFAULT
 10
-444.0000000000003
 20
67.99999999999993
 30
5.936971094551297
  0
VERTEX
  5
9DE
  8
DEFAULT
 10
-523.9999999999997
 20
67.99999999999993
 30
5.936971094551297
  0
VERTEX
  5
9DF
  8
DEFAULT
 10
-524.9962158203123
 20
67.99621582031244
 30
5.936971094551297
  0
VERTEX
  5
9E0
  8
DEFAULT
 10
-525.9707031249998
 20
67.97070312499994
 30
5.936971094551297
  0
VERTEX
  5
9E1
  8
DEFAULT
 10
-526.4437332153318
 20
67.94373321533197
 30
5.936971094551297
  0
VERTEX
  5
9E2
  8
DEFAULT
 10
-526.9044189453122
 20
67.90441894531241
 30
5.936971094551297
  0
VERTEX
  5
9E3
  8
DEFAULT
 10
-527.129524707794
 20
67.8795247077941
 30
5.936971094551297
  0
VERTEX
  5
9E4
  8
DEFAULT
 10
-527.3508377075192
 20
67.85083770751945
 30
5.936971094551297
  0
VERTEX
  5
9E5
  8
DEFAULT
 10
-527.5681462287898
 20
67.8181462287902
 30
5.936971094551297
  0
VERTEX
  5
9E6
  8
DEFAULT
 10
-527.7812499999995
 20
67.78124999999991
 30
5.936971094551297
  0
VERTEX
  5
9E7
  8
DEFAULT
 10
-527.9899601936336
 20
67.73996019363395
 30
5.936971094551297
  0
VERTEX
  5
9E8
  8
DEFAULT
 10
-528.1940994262691
 20
67.69409942626945
 30
5.936971094551297
  0
VERTEX
  5
9E9
  8
DEFAULT
 10
-528.393501758575
 20
67.64350175857535
 30
5.936971094551297
  0
VERTEX
  5
9EA
  8
DEFAULT
 10
-528.588012695312
 20
67.58801269531241
 30
5.936971094551297
  0
VERTEX
  5
9EB
  8
DEFAULT
 10
-528.7774891853328
 20
67.52748918533317
 30
5.936971094551297
  0
VERTEX
  5
9EC
  8
DEFAULT
 10
-528.9617996215816
 20
67.46179962158193
 30
5.936971094551297
  0
VERTEX
  5
9ED
  8
DEFAULT
 10
-529.0519795715804
 20
67.42697957158079
 30
5.936971094551297
  0
VERTEX
  5
9EE
  8
DEFAULT
 10
-529.1408238410945
 20
67.39082384109487
 30
5.936971094551297
  0
VERTEX
  5
9EF
  8
DEFAULT
 10
-529.2283191978927
 20
67.35331919789306
 30
5.936971094551297
  0
VERTEX
  5
9F0
  8
DEFAULT
 10
-529.3144531249995
 20
67.3144531249999
 30
5.936971094551297
  0
VERTEX
  5
9F1
  8
DEFAULT
 10
-529.3992138206954
 20
67.27421382069576
 30
5.936971094551297
  0
VERTEX
  5
9F2
  8
DEFAULT
 10
-529.4825901985164
 20
67.23259019851673
 30
5.936971094551297
  0
VERTEX
  5
9F3
  8
DEFAULT
 10
-529.5645718872543
 20
67.1895718872546
 30
5.936971094551297
  0
VERTEX
  5
9F4
  8
DEFAULT
 10
-529.6451492309566
 20
67.14514923095692
 30
5.936971094551297
  0
VERTEX
  5
9F5
  8
DEFAULT
 10
-529.7243132889266
 20
67.09931328892696
 30
5.936971094551297
  0
VERTEX
  5
9F6
  8
DEFAULT
 10
-529.8020558357234
 20
67.05205583572376
 30
5.936971094551297
  0
VERTEX
  5
9F7
  8
DEFAULT
 10
-529.8783693611617
 20
67.00336936116207
 30
5.936971094551297
  0
VERTEX
  5
9F8
  8
DEFAULT
 10
-529.953247070312
 20
66.95324707031239
 30
5.936971094551297
  0
VERTEX
  5
9F9
  8
DEFAULT
 10
-530.0266828835006
 20
66.90168288350094
 30
5.936971094551297
  0
VERTEX
  5
9FA
  8
DEFAULT
 10
-530.0986714363094
 20
66.8486714363097
 30
5.936971094551297
  0
VERTEX
  5
9FB
  8
DEFAULT
 10
-530.169208079576
 20
66.79420807957638
 30
5.936971094551297
  0
VERTEX
  5
9FC
  8
DEFAULT
 10
-530.2382888793941
 20
66.73828887939442
 30
5.936971094551297
  0
VERTEX
  5
9FD
  8
DEFAULT
 10
-530.3059106171127
 20
66.680910617113
 30
5.936971094551297
  0
VERTEX
  5
9FE
  8
DEFAULT
 10
-530.3720707893367
 20
66.62207078933702
 30
5.936971094551297
  0
VERTEX
  5
9FF
  8
DEFAULT
 10
-530.4367676079269
 20
66.5617676079272
 30
5.936971094551297
  0
VERTEX
  5
A00
  8
DEFAULT
 10
-530.4999999999995
 20
66.49999999999987
 30
5.936971094551297
  0
VERTEX
  5
A01
  8
DEFAULT
 10
-530.5617676079269
 20
66.4367676079272
 30
5.936971094551297
  0
VERTEX
  5
A02
  8
DEFAULT
 10
-530.6220707893367
 20
66.37207078933703
 30
5.936971094551297
  0
VERTEX
  5
A03
  8
DEFAULT
 10
-530.6809106171127
 20
66.305910617113
 30
5.936971094551297
  0
VERTEX
  5
A04
  8
DEFAULT
 10
-530.7382888793941
 20
66.2382888793944
 30
5.936971094551297
  0
VERTEX
  5
A05
  8
DEFAULT
 10
-530.794208079576
 20
66.16920807957635
 30
5.936971094551297
  0
VERTEX
  5
A06
  8
DEFAULT
 10
-530.8486714363094
 20
66.09867143630967
 30
5.936971094551297
  0
VERTEX
  5
A07
  8
DEFAULT
 10
-530.9016828835006
 20
66.02668288350091
 30
5.936971094551297
  0
VERTEX
  5
A08
  8
DEFAULT
 10
-530.953247070312
 20
65.95324707031236
 30
5.936971094551297
  0
VERTEX
  5
A09
  8
DEFAULT
 10
-531.0033693611617
 20
65.87836936116204
 30
5.936971094551297
  0
VERTEX
  5
A0A
  8
DEFAULT
 10
-531.0520558357234
 20
65.80205583572373
 30
5.936971094551297
  0
VERTEX
  5
A0B
  8
DEFAULT
 10
-531.0993132889266
 20
65.72431328892694
 30
5.936971094551297
  0
VERTEX
  5
A0C
  8
DEFAULT
 10
-531.1451492309566
 20
65.64514923095689
 30
5.936971094551297
  0
VERTEX
  5
A0D
  8
DEFAULT
 10
-531.1895718872543
 20
65.56457188725457
 30
5.936971094551297
  0
VERTEX
  5
A0E
  8
DEFAULT
 10
-531.2325901985164
 20
65.4825901985167
 30
5.936971094551297
  0
VERTEX
  5
A0F
  8
DEFAULT
 10
-531.2742138206954
 20
65.39921382069573
 30
5.936971094551297
  0
VERTEX
  5
A10
  8
DEFAULT
 10
-531.3144531249995
 20
65.31445312499986
 30
5.936971094551297
  0
VERTEX
  5
A11
  8
DEFAULT
 10
-531.3533191978927
 20
65.228319197893
 30
5.936971094551297
  0
VERTEX
  5
A12
  8
DEFAULT
 10
-531.3908238410945
 20
65.14082384109483
 30
5.936971094551297
  0
VERTEX
  5
A13
  8
DEFAULT
 10
-531.4269795715804
 20
65.05197957158074
 30
5.936971094551297
  0
VERTEX
  5
A14
  8
DEFAULT
 10
-531.4617996215816
 20
64.96179962158187
 30
5.936971094551297
  0
VERTEX
  5
A15
  8
DEFAULT
 10
-531.5274891853328
 20
64.7774891853331
 30
5.936971094551297
  0
VERTEX
  5
A16
  8
DEFAULT
 10
-531.588012695312
 20
64.58801269531234
 30
5.936971094551297
  0
VERTEX
  5
A17
  8
DEFAULT
 10
-531.643501758575
 20
64.39350175857527
 30
5.936971094551297
  0
VERTEX
  5
A18
  8
DEFAULT
 10
-531.6940994262691
 20
64.19409942626937
 30
5.936971094551297
  0
VERTEX
  5
A19
  8
DEFAULT
 10
-531.7399601936336
 20
63.98996019363388
 30
5.936971094551297
  0
VERTEX
  5
A1A
  8
DEFAULT
 10
-531.7812499999995
 20
63.78124999999984
 30
5.936971094551297
  0
VERTEX
  5
A1B
  8
DEFAULT
 10
-531.8181462287898
 20
63.56814622879013
 30
5.936971094551297
  0
VERTEX
  5
A1C
  8
DEFAULT
 10
-531.8508377075191
 20
63.35083770751937
 30
5.936971094551297
  0
VERTEX
  5
A1D
  8
DEFAULT
 10
-531.8795247077937
 20
63.12952470779403
 30
5.936971094551297
  0
VERTEX
  5
A1E
  8
DEFAULT
 10
-531.904418945312
 20
62.90441894531234
 30
5.936971094551297
  0
VERTEX
  5
A1F
  8
DEFAULT
 10
-531.9437332153316
 20
62.44373321533187
 30
5.936971094551297
  0
VERTEX
  5
A20
  8
DEFAULT
 10
-531.9707031249995
 20
61.97070312499984
 30
5.936971094551297
  0
VERTEX
  5
A21
  8
DEFAULT
 10
-531.996215820312
 20
60.99621582031235
 30
5.936971094551297
  0
VERTEX
  5
A22
  8
DEFAULT
 10
-531.9999999999995
 20
59.99999999999986
 30
5.936971094551297
  0
VERTEX
  5
A23
  8
DEFAULT
 10
-531.9999999999998
 20
-87.9999999999269
 30
5.936971094551297
  0
VERTEX
  5
A24
  8
DEFAULT
 10
-531.9962158203123
 20
-88.99621582023936
 30
5.936971094551297
  0
VERTEX
  5
A25
  8
DEFAULT
 10
-531.9707031249998
 20
-89.97070312492684
 30
5.936971094551297
  0
VERTEX
  5
A26
  8
DEFAULT
 10
-531.9437332153318
 20
-90.44373321525887
 30
5.936971094551297
  0
VERTEX
  5
A27
  8
DEFAULT
 10
-531.9044189453123
 20
-90.90441894523931
 30
5.936971094551297
  0
VERTEX
  5
A28
  8
DEFAULT
 10
-531.879524707794
 20
-91.129524707721
 30
5.936971094551297
  0
VERTEX
  5
A29
  8
DEFAULT
 10
-531.8508377075193
 20
-91.35083770744635
 30
5.936971094551297
  0
VERTEX
  5
A2A
  8
DEFAULT
 10
-531.81814622879
 20
-91.5681462287171
 30
5.936971094551297
  0
VERTEX
  5
A2B
  8
DEFAULT
 10
-531.7812499999998
 20
-91.78124999992681
 30
5.936971094551297
  0
VERTEX
  5
A2C
  8
DEFAULT
 10
-531.7399601936338
 20
-91.98996019356085
 30
5.936971094551297
  0
VERTEX
  5
A2D
  8
DEFAULT
 10
-531.6940994262693
 20
-92.19409942619635
 30
5.936971094551297
  0
VERTEX
  5
A2E
  8
DEFAULT
 10
-531.6435017585752
 20
-92.39350175850227
 30
5.936971094551297
  0
VERTEX
  5
A2F
  8
DEFAULT
 10
-531.5880126953124
 20
-92.58801269523934
 30
5.936971094551297
  0
VERTEX
  5
A30
  8
DEFAULT
 10
-531.5274891853333
 20
-92.7774891852601
 30
5.936971094551297
  0
VERTEX
  5
A31
  8
DEFAULT
 10
-531.461799621582
 20
-92.96179962150889
 30
5.936971094551297
  0
VERTEX
  5
A32
  8
DEFAULT
 10
-531.4269795715809
 20
-93.05197957150776
 30
5.936971094551297
  0
VERTEX
  5
A33
  8
DEFAULT
 10
-531.390823841095
 20
-93.14082384102184
 30
5.936971094551297
  0
VERTEX
  5
A34
  8
DEFAULT
 10
-531.3533191978931
 20
-93.22831919782001
 30
5.936971094551297
  0
VERTEX
  5
A35
  8
DEFAULT
 10
-531.314453125
 20
-93.31445312492687
 30
5.936971094551297
  0
VERTEX
  5
A36
  8
DEFAULT
 10
-531.2742138206959
 20
-93.39921382062275
 30
5.936971094551297
  0
VERTEX
  5
A37
  8
DEFAULT
 10
-531.2325901985168
 20
-93.48259019844372
 30
5.936971094551297
  0
VERTEX
  5
A38
  8
DEFAULT
 10
-531.1895718872547
 20
-93.56457188718161
 30
5.936971094551297
  0
VERTEX
  5
A39
  8
DEFAULT
 10
-531.145149230957
 20
-93.64514923088392
 30
5.936971094551297
  0
VERTEX
  5
A3A
  8
DEFAULT
 10
-531.0993132889271
 20
-93.72431328885398
 30
5.936971094551297
  0
VERTEX
  5
A3B
  8
DEFAULT
 10
-531.0520558357239
 20
-93.80205583565078
 30
5.936971094551297
  0
VERTEX
  5
A3C
  8
DEFAULT
 10
-531.0033693611622
 20
-93.87836936108909
 30
5.936971094551297
  0
VERTEX
  5
A3D
  8
DEFAULT
 10
-530.9532470703125
 20
-93.95324707023941
 30
5.936971094551297
  0
VERTEX
  5
A3E
  8
DEFAULT
 10
-530.901682883501
 20
-94.02668288342798
 30
5.936971094551297
  0
VERTEX
  5
A3F
  8
DEFAULT
 10
-530.8486714363098
 20
-94.09867143623676
 30
5.936971094551297
  0
VERTEX
  5
A40
  8
DEFAULT
 10
-530.7942080795765
 20
-94.16920807950343
 30
5.936971094551297
  0
VERTEX
  5
A41
  8
DEFAULT
 10
-530.7382888793945
 20
-94.23828887932149
 30
5.936971094551297
  0
VERTEX
  5
A42
  8
DEFAULT
 10
-530.6809106171131
 20
-94.30591061704007
 30
5.936971094551297
  0
VERTEX
  5
A43
  8
DEFAULT
 10
-530.6220707893372
 20
-94.37207078926411
 30
5.936971094551297
  0
VERTEX
  5
A44
  8
DEFAULT
 10
-530.5617676079273
 20
-94.43676760785429
 30
5.936971094551297
  0
VERTEX
  5
A45
  8
DEFAULT
 10
-530.5
 20
-94.49999999992697
 30
5.936971094551297
  0
VERTEX
  5
A46
  8
DEFAULT
 10
-530.4367676079273
 20
-94.5617676078543
 30
5.936971094551297
  0
VERTEX
  5
A47
  8
DEFAULT
 10
-530.3720707893372
 20
-94.62207078926414
 30
5.936971094551297
  0
VERTEX
  5
A48
  8
DEFAULT
 10
-530.3059106171133
 20
-94.68091061704013
 30
5.936971094551297
  0
VERTEX
  5
A49
  8
DEFAULT
 10
-530.2382888793948
 20
-94.73828887932154
 30
5.936971094551297
  0
VERTEX
  5
A4A
  8
DEFAULT
 10
-530.1692080795767
 20
-94.7942080795035
 30
5.936971094551297
  0
VERTEX
  5
A4B
  8
DEFAULT
 10
-530.09867143631
 20
-94.84867143623684
 30
5.936971094551297
  0
VERTEX
  5
A4C
  8
DEFAULT
 10
-530.0266828835013
 20
-94.9016828834281
 30
5.936971094551297
  0
VERTEX
  5
A4D
  8
DEFAULT
 10
-529.9532470703127
 20
-94.95324707023954
 30
5.936971094551297
  0
VERTEX
  5
A4E
  8
DEFAULT
 10
-529.8783693611624
 20
-95.00336936108923
 30
5.936971094551297
  0
VERTEX
  5
A4F
  8
DEFAULT
 10
-529.8020558357241
 20
-95.05205583565092
 30
5.936971094551297
  0
VERTEX
  5
A50
  8
DEFAULT
 10
-529.7243132889273
 20
-95.09931328885415
 30
5.936971094551297
  0
VERTEX
  5
A51
  8
DEFAULT
 10
-529.6451492309573
 20
-95.1451492308841
 30
5.936971094551297
  0
VERTEX
  5
A52
  8
DEFAULT
 10
-529.5645718872549
 20
-95.18957188718178
 30
5.936971094551297
  0
VERTEX
  5
A53
  8
DEFAULT
 10
-529.4825901985171
 20
-95.23259019844392
 30
5.936971094551297
  0
VERTEX
  5
A54
  8
DEFAULT
 10
-529.3992138206961
 20
-95.27421382062295
 30
5.936971094551297
  0
VERTEX
  5
A55
  8
DEFAULT
 10
-529.3144531250002
 20
-95.31445312492708
 30
5.936971094551297
  0
VERTEX
  5
A56
  8
DEFAULT
 10
-529.2283191978934
 20
-95.35331919782024
 30
5.936971094551297
  0
VERTEX
  5
A57
  8
DEFAULT
 10
-529.1408238410952
 20
-95.39082384102207
 30
5.936971094551297
  0
VERTEX
  5
A58
  8
DEFAULT
 10
-529.0519795715811
 20
-95.42697957150799
 30
5.936971094551297
  0
VERTEX
  5
A59
  8
DEFAULT
 10
-528.9617996215823
 20
-95.46179962150913
 30
5.936971094551297
  0
VERTEX
  5
A5A
  8
DEFAULT
 10
-528.7774891853335
 20
-95.52748918526038
 30
5.936971094551297
  0
VERTEX
  5
A5B
  8
DEFAULT
 10
-528.5880126953127
 20
-95.58801269523963
 30
5.936971094551297
  0
VERTEX
  5
A5C
  8
DEFAULT
 10
-528.3935017585757
 20
-95.64350175850257
 30
5.936971094551297
  0
VERTEX
  5
A5D
  8
DEFAULT
 10
-528.1940994262698
 20
-95.69409942619667
 30
5.936971094551297
  0
VERTEX
  5
A5E
  8
DEFAULT
 10
-527.9899601936343
 20
-95.73996019356119
 30
5.936971094551297
  0
VERTEX
  5
A5F
  8
DEFAULT
 10
-527.7812500000002
 20
-95.78124999992716
 30
5.936971094551297
  0
VERTEX
  5
A60
  8
DEFAULT
 10
-527.5681462287905
 20
-95.81814622871744
 30
5.936971094551297
  0
VERTEX
  5
A61
  8
DEFAULT
 10
-527.3508377075198
 20
-95.85083770744669
 30
5.936971094551297
  0
VERTEX
  5
A62
  8
DEFAULT
 10
-527.1295247077944
 20
-95.87952470772134
 30
5.936971094551297
  0
VERTEX
  5
A63
  8
DEFAULT
 10
-526.9044189453127
 20
-95.90441894523966
 30
5.936971094551297
  0
VERTEX
  5
A64
  8
DEFAULT
 10
-526.4437332153323
 20
-95.9437332152592
 30
5.936971094551297
  0
VERTEX
  5
A65
  8
DEFAULT
 10
-525.9707031250002
 20
-95.97070312492716
 30
5.936971094551297
  0
VERTEX
  5
A66
  8
DEFAULT
 10
-524.9962158203126
 20
-95.99621582023966
 30
5.936971094551297
  0
VERTEX
  5
A67
  8
DEFAULT
 10
-524.0
 20
-95.99999999992713
 30
5.936971094551297
  0
VERTEX
  5
A68
  8
DEFAULT
 10
-515.5
 20
-95.99999999992713
 30
5.936971094551297
  0
VERTEX
  5
A69
  8
DEFAULT
 10
-515.1264190673828
 20
-96.00141906730994
 30
5.936971094551297
  0
VERTEX
  5
A6A
  8
DEFAULT
 10
-514.760986328125
 20
-96.01098632805213
 30
5.936971094551297
  0
VERTEX
  5
A6B
  8
DEFAULT
 10
-514.5836000442505
 20
-96.02110004417762
 30
5.936971094551297
  0
VERTEX
  5
A6C
  8
DEFAULT
 10
-514.4108428955079
 20
-96.03584289543494
 30
5.936971094551297
  0
VERTEX
  5
A6D
  8
DEFAULT
 10
-514.3264282345772
 20
-96.04517823450432
 30
5.936971094551297
  0
VERTEX
  5
A6E
  8
DEFAULT
 10
-514.2434358596803
 20
-96.0559358596073
 30
5.936971094551297
  0
VERTEX
  5
A6F
  8
DEFAULT
 10
-514.1619451642039
 20
-96.06819516413077
 30
5.936971094551297
  0
VERTEX
  5
A70
  8
DEFAULT
 10
-514.0820312500002
 20
-96.08203124992713
 30
5.936971094551297
  0
VERTEX
  5
A71
  8
DEFAULT
 10
-514.0037649273875
 20
-96.09751492731436
 30
5.936971094551297
  0
VERTEX
  5
A72
  8
DEFAULT
 10
-513.9272127151492
 20
-96.11471271507605
 30
5.936971094551297
  0
VERTEX
  5
A73
  8
DEFAULT
 10
-513.8524368405344
 20
-96.13368684046134
 30
5.936971094551297
  0
VERTEX
  5
A74
  8
DEFAULT
 10
-513.779495239258
 20
-96.15449523918494
 30
5.936971094551297
  0
VERTEX
  5
A75
  8
DEFAULT
 10
-513.7084415555003
 20
-96.17719155542716
 30
5.936971094551297
  0
VERTEX
  5
A76
  8
DEFAULT
 10
-513.639325141907
 20
-96.20182514183387
 30
5.936971094551297
  0
VERTEX
  5
A77
  8
DEFAULT
 10
-513.6055076606574
 20
-96.2148826605843
 30
5.936971094551297
  0
VERTEX
  5
A78
  8
DEFAULT
 10
-513.5721910595896
 20
-96.22844105951651
 30
5.936971094551297
  0
VERTEX
  5
A79
  8
DEFAULT
 10
-513.5393803007903
 20
-96.2425053007172
 30
5.936971094551297
  0
VERTEX
  5
A7A
  8
DEFAULT
 10
-513.5070800781251
 20
-96.25708007805213
 30
5.936971094551297
  0
VERTEX
  5
A7B
  8
DEFAULT
 10
-513.475294817239
 20
-96.27216981716617
 30
5.936971094551297
  0
VERTEX
  5
A7C
  8
DEFAULT
 10
-513.4440286755562
 20
-96.28777867548331
 30
5.936971094551297
  0
VERTEX
  5
A7D
  8
DEFAULT
 10
-513.4132855422795
 20
-96.30391054220661
 30
5.936971094551297
  0
VERTEX
  5
A7E
  8
DEFAULT
 10
-513.3830690383911
 20
-96.32056903831824
 30
5.936971094551297
  0
VERTEX
  5
A7F
  8
DEFAULT
 10
-513.3533825166523
 20
-96.33775751657947
 30
5.936971094551297
  0
VERTEX
  5
A80
  8
DEFAULT
 10
-513.3242290616035
 20
-96.35547906153067
 30
5.936971094551297
  0
VERTEX
  5
A81
  8
DEFAULT
 10
-513.2956114895642
 20
-96.37373648949131
 30
5.936971094551297
  0
VERTEX
  5
A82
  8
DEFAULT
 10
-513.2675323486328
 20
-96.39253234855994
 30
5.936971094551297
  0
VERTEX
  5
A83
  8
DEFAULT
 10
-513.2399939186871
 20
-96.41186891861423
 30
5.936971094551297
  0
VERTEX
  5
A84
  8
DEFAULT
 10
-513.2129982113838
 20
-96.43174821131095
 30
5.936971094551297
  0
VERTEX
  5
A85
  8
DEFAULT
 10
-513.1865469701588
 20
-96.45217197008594
 30
5.936971094551297
  0
VERTEX
  5
A86
  8
DEFAULT
 10
-513.160641670227
 20
-96.47314167015418
 30
5.936971094551297
  0
VERTEX
  5
A87
  8
DEFAULT
 10
-513.1352835185826
 20
-96.49465851850971
 30
5.936971094551297
  0
VERTEX
  5
A88
  8
DEFAULT
 10
-513.1104734539986
 20
-96.51672345392569
 30
5.936971094551297
  0
VERTEX
  5
A89
  8
DEFAULT
 10
-513.0862121470273
 20
-96.53933714695438
 30
5.936971094551297
  0
VERTEX
  5
A8A
  8
DEFAULT
 10
-513.0625
 20
-96.56249999992713
 30
5.936971094551297
  0
VERTEX
  5
A8B
  8
DEFAULT
 10
-513.0393371470273
 20
-96.58621214695438
 30
5.936971094551297
  0
VERTEX
  5
A8C
  8
DEFAULT
 10
-513.0167234539986
 20
-96.61047345392569
 30
5.936971094551297
  0
VERTEX
  5
A8D
  8
DEFAULT
 10
-512.9946585185826
 20
-96.63528351850971
 30
5.936971094551297
  0
VERTEX
  5
A8E
  8
DEFAULT
 10
-512.973141670227
 20
-96.66064167015418
 30
5.936971094551297
  0
VERTEX
  5
A8F
  8
DEFAULT
 10
-512.9521719701588
 20
-96.68654697008594
 30
5.936971094551297
  0
VERTEX
  5
A90
  8
DEFAULT
 10
-512.9317482113838
 20
-96.71299821131095
 30
5.936971094551297
  0
VERTEX
  5
A91
  8
DEFAULT
 10
-512.9118689186871
 20
-96.73999391861423
 30
5.936971094551297
  0
VERTEX
  5
A92
  8
DEFAULT
 10
-512.8925323486328
 20
-96.76753234855994
 30
5.936971094551297
  0
VERTEX
  5
A93
  8
DEFAULT
 10
-512.8737364895642
 20
-96.79561148949131
 30
5.936971094551297
  0
VERTEX
  5
A94
  8
DEFAULT
 10
-512.8554790616035
 20
-96.82422906153067
 30
5.936971094551297
  0
VERTEX
  5
A95
  8
DEFAULT
 10
-512.8377575166523
 20
-96.85338251657947
 30
5.936971094551297
  0
VERTEX
  5
A96
  8
DEFAULT
 10
-512.8205690383911
 20
-96.88306903831824
 30
5.936971094551297
  0
VERTEX
  5
A97
  8
DEFAULT
 10
-512.8039105422795
 20
-96.91328554220661
 30
5.936971094551297
  0
VERTEX
  5
A98
  8
DEFAULT
 10
-512.7877786755562
 20
-96.94402867548331
 30
5.936971094551297
  0
VERTEX
  5
A99
  8
DEFAULT
 10
-512.772169817239
 20
-96.97529481716617
 30
5.936971094551297
  0
VERTEX
  5
A9A
  8
DEFAULT
 10
-512.757080078125
 20
-97.00708007805213
 30
5.936971094551297
  0
VERTEX
  5
A9B
  8
DEFAULT
 10
-512.7425053007901
 20
-97.0393803007172
 30
5.936971094551297
  0
VERTEX
  5
A9C
  8
DEFAULT
 10
-512.7284410595894
 20
-97.07219105951651
 30
5.936971094551297
  0
VERTEX
  5
A9D
  8
DEFAULT
 10
-512.7148826606572
 20
-97.1055076605843
 30
5.936971094551297
  0
VERTEX
  5
A9E
  8
DEFAULT
 10
-512.7018251419067
 20
-97.13932514183387
 30
5.936971094551297
  0
VERTEX
  5
A9F
  8
DEFAULT
 10
-512.6771915555
 20
-97.20844155542716
 30
5.936971094551297
  0
VERTEX
  5
AA0
  8
DEFAULT
 10
-512.6544952392578
 20
-97.27949523918494
 30
5.936971094551297
  0
VERTEX
  5
AA1
  8
DEFAULT
 10
-512.6336868405342
 20
-97.35243684046134
 30
5.936971094551297
  0
VERTEX
  5
AA2
  8
DEFAULT
 10
-512.6147127151489
 20
-97.42721271507605
 30
5.936971094551297
  0
VERTEX
  5
AA3
  8
DEFAULT
 10
-512.5975149273872
 20
-97.50376492731436
 30
5.936971094551297
  0
VERTEX
  5
AA4
  8
DEFAULT
 10
-512.58203125
 20
-97.58203124992713
 30
5.936971094551297
  0
VERTEX
  5
AA5
  8
DEFAULT
 10
-512.5681951642036
 20
-97.66194516413077
 30
5.936971094551297
  0
VERTEX
  5
AA6
  8
DEFAULT
 10
-512.5559358596802
 20
-97.7434358596073
 30
5.936971094551297
  0
VERTEX
  5
AA7
  8
DEFAULT
 10
-512.5451782345772
 20
-97.8264282345043
 30
5.936971094551297
  0
VERTEX
  5
AA8
  8
DEFAULT
 10
-512.5358428955078
 20
-97.91084289543494
 30
5.936971094551297
  0
VERTEX
  5
AA9
  8
DEFAULT
 10
-512.5211000442505
 20
-98.08360004417762
 30
5.936971094551297
  0
VERTEX
  5
AAA
  8
DEFAULT
 10
-512.510986328125
 20
-98.26098632805213
 30
5.936971094551297
  0
VERTEX
  5
AAB
  8
DEFAULT
 10
-512.5014190673828
 20
-98.62641906730994
 30
5.936971094551297
  0
VERTEX
  5
AAC
  8
DEFAULT
 10
-512.5
 20
-98.99999999992713
 30
5.936971094551297
  0
VERTEX
  5
AAD
  8
DEFAULT
 10
-512.5
 20
-136.9999999999271
 30
5.936971094551297
  0
VERTEX
  5
AAE
  8
DEFAULT
 10
-512.5014190673828
 20
-137.3735809325443
 30
5.936971094551297
  0
VERTEX
  5
AAF
  8
DEFAULT
 10
-512.510986328125
 20
-137.7390136718021
 30
5.936971094551297
  0
VERTEX
  5
AB0
  8
DEFAULT
 10
-512.5211000442505
 20
-137.9163999556766
 30
5.936971094551297
  0
VERTEX
  5
AB1
  8
DEFAULT
 10
-512.5358428955078
 20
-138.0891571044193
 30
5.936971094551297
  0
VERTEX
  5
AB2
  8
DEFAULT
 10
-512.5451782345772
 20
-138.1735717653499
 30
5.936971094551297
  0
VERTEX
  5
AB3
  8
DEFAULT
 10
-512.5559358596802
 20
-138.256564140247
 30
5.936971094551297
  0
VERTEX
  5
AB4
  8
DEFAULT
 10
-512.5681951642036
 20
-138.3380548357235
 30
5.936971094551297
  0
VERTEX
  5
AB5
  8
DEFAULT
 10
-512.58203125
 20
-138.4179687499271
 30
5.936971094551297
  0
VERTEX
  5
AB6
  8
DEFAULT
 10
-512.5975149273872
 20
-138.4962350725399
 30
5.936971094551297
  0
VERTEX
  5
AB7
  8
DEFAULT
 10
-512.6147127151489
 20
-138.5727872847782
 30
5.936971094551297
  0
VERTEX
  5
AB8
  8
DEFAULT
 10
-512.6336868405342
 20
-138.6475631593929
 30
5.936971094551297
  0
VERTEX
  5
AB9
  8
DEFAULT
 10
-512.6544952392578
 20
-138.7205047606693
 30
5.936971094551297
  0
VERTEX
  5
ABA
  8
DEFAULT
 10
-512.6771915555
 20
-138.7915584444271
 30
5.936971094551297
  0
VERTEX
  5
ABB
  8
DEFAULT
 10
-512.7018251419067
 20
-138.8606748580204
 30
5.936971094551297
  0
VERTEX
  5
ABC
  8
DEFAULT
 10
-512.7148826606572
 20
-138.89449233927
 30
5.936971094551297
  0
VERTEX
  5
ABD
  8
DEFAULT
 10
-512.7284410595894
 20
-138.9278089403377
 30
5.936971094551297
  0
VERTEX
  5
ABE
  8
DEFAULT
 10
-512.7425053007901
 20
-138.9606196991371
 30
5.936971094551297
  0
VERTEX
  5
ABF
  8
DEFAULT
 10
-512.757080078125
 20
-138.9929199218021
 30
5.936971094551297
  0
VERTEX
  5
AC0
  8
DEFAULT
 10
-512.772169817239
 20
-139.0247051826881
 30
5.936971094551297
  0
VERTEX
  5
AC1
  8
DEFAULT
 10
-512.7877786755562
 20
-139.0559713243709
 30
5.936971094551297
  0
VERTEX
  5
AC2
  8
DEFAULT
 10
-512.8039105422795
 20
-139.0867144576476
 30
5.936971094551297
  0
VERTEX
  5
AC3
  8
DEFAULT
 10
-512.8205690383911
 20
-139.116930961536
 30
5.936971094551297
  0
VERTEX
  5
AC4
  8
DEFAULT
 10
-512.8377575166523
 20
-139.1466174832748
 30
5.936971094551297
  0
VERTEX
  5
AC5
  8
DEFAULT
 10
-512.8554790616035
 20
-139.1757709383236
 30
5.936971094551297
  0
VERTEX
  5
AC6
  8
DEFAULT
 10
-512.8737364895642
 20
-139.2043885103629
 30
5.936971094551297
  0
VERTEX
  5
AC7
  8
DEFAULT
 10
-512.8925323486328
 20
-139.2324676512943
 30
5.936971094551297
  0
VERTEX
  5
AC8
  8
DEFAULT
 10
-512.9118689186871
 20
-139.26000608124
 30
5.936971094551297
  0
VERTEX
  5
AC9
  8
DEFAULT
 10
-512.9317482113838
 20
-139.2870017885433
 30
5.936971094551297
  0
VERTEX
  5
ACA
  8
DEFAULT
 10
-512.9521719701588
 20
-139.3134530297683
 30
5.936971094551297
  0
VERTEX
  5
ACB
  8
DEFAULT
 10
-512.973141670227
 20
-139.3393583297001
 30
5.936971094551297
  0
VERTEX
  5
ACC
  8
DEFAULT
 10
-512.9946585185826
 20
-139.3647164813445
 30
5.936971094551297
  0
VERTEX
  5
ACD
  8
DEFAULT
 10
-513.0167234539986
 20
-139.3895265459286
 30
5.936971094551297
  0
VERTEX
  5
ACE
  8
DEFAULT
 10
-513.0393371470273
 20
-139.4137878528999
 30
5.936971094551297
  0
VERTEX
  5
ACF
  8
DEFAULT
 10
-513.0625
 20
-139.4374999999271
 30
5.936971094551297
  0
VERTEX
  5
AD0
  8
DEFAULT
 10
-513.0862121470273
 20
-139.4606628528999
 30
5.936971094551297
  0
VERTEX
  5
AD1
  8
DEFAULT
 10
-513.1104734539986
 20
-139.4832765459286
 30
5.936971094551297
  0
VERTEX
  5
AD2
  8
DEFAULT
 10
-513.1352835185826
 20
-139.5053414813445
 30
5.936971094551297
  0
VERTEX
  5
AD3
  8
DEFAULT
 10
-513.160641670227
 20
-139.5268583297001
 30
5.936971094551297
  0
VERTEX
  5
AD4
  8
DEFAULT
 10
-513.1865469701588
 20
-139.5478280297683
 30
5.936971094551297
  0
VERTEX
  5
AD5
  8
DEFAULT
 10
-513.2129982113838
 20
-139.5682517885433
 30
5.936971094551297
  0
VERTEX
  5
AD6
  8
DEFAULT
 10
-513.2399939186871
 20
-139.58813108124
 30
5.936971094551297
  0
VERTEX
  5
AD7
  8
DEFAULT
 10
-513.2675323486328
 20
-139.6074676512943
 30
5.936971094551297
  0
VERTEX
  5
AD8
  8
DEFAULT
 10
-513.2956114895642
 20
-139.6262635103629
 30
5.936971094551297
  0
VERTEX
  5
AD9
  8
DEFAULT
 10
-513.3242290616035
 20
-139.6445209383236
 30
5.936971094551297
  0
VERTEX
  5
ADA
  8
DEFAULT
 10
-513.3533825166523
 20
-139.6622424832748
 30
5.936971094551297
  0
VERTEX
  5
ADB
  8
DEFAULT
 10
-513.3830690383911
 20
-139.679430961536
 30
5.936971094551297
  0
VERTEX
  5
ADC
  8
DEFAULT
 10
-513.4132855422795
 20
-139.6960894576476
 30
5.936971094551297
  0
VERTEX
  5
ADD
  8
DEFAULT
 10
-513.4440286755562
 20
-139.7122213243709
 30
5.936971094551297
  0
VERTEX
  5
ADE
  8
DEFAULT
 10
-513.475294817239
 20
-139.7278301826881
 30
5.936971094551297
  0
VERTEX
  5
ADF
  8
DEFAULT
 10
-513.5070800781251
 20
-139.7429199218021
 30
5.936971094551297
  0
VERTEX
  5
AE0
  8
DEFAULT
 10
-513.5393803007903
 20
-139.7574946991371
 30
5.936971094551297
  0
VERTEX
  5
AE1
  8
DEFAULT
 10
-513.5721910595896
 20
-139.7715589403377
 30
5.936971094551297
  0
VERTEX
  5
AE2
  8
DEFAULT
 10
-513.6055076606574
 20
-139.78511733927
 30
5.936971094551297
  0
VERTEX
  5
AE3
  8
DEFAULT
 10
-513.639325141907
 20
-139.7981748580204
 30
5.936971094551297
  0
VERTEX
  5
AE4
  8
DEFAULT
 10
-513.7084415555003
 20
-139.8228084444271
 30
5.936971094551297
  0
VERTEX
  5
AE5
  8
DEFAULT
 10
-513.779495239258
 20
-139.8455047606693
 30
5.936971094551297
  0
VERTEX
  5
AE6
  8
DEFAULT
 10
-513.8524368405344
 20
-139.8663131593929
 30
5.936971094551297
  0
VERTEX
  5
AE7
  8
DEFAULT
 10
-513.9272127151492
 20
-139.8852872847782
 30
5.936971094551297
  0
VERTEX
  5
AE8
  8
DEFAULT
 10
-514.0037649273875
 20
-139.9024850725399
 30
5.936971094551297
  0
VERTEX
  5
AE9
  8
DEFAULT
 10
-514.0820312500002
 20
-139.9179687499271
 30
5.936971094551297
  0
VERTEX
  5
AEA
  8
DEFAULT
 10
-514.1619451642039
 20
-139.9318048357235
 30
5.936971094551297
  0
VERTEX
  5
AEB
  8
DEFAULT
 10
-514.2434358596803
 20
-139.944064140247
 30
5.936971094551297
  0
VERTEX
  5
AEC
  8
DEFAULT
 10
-514.3264282345772
 20
-139.9548217653499
 30
5.936971094551297
  0
VERTEX
  5
AED
  8
DEFAULT
 10
-514.4108428955079
 20
-139.9641571044193
 30
5.936971094551297
  0
VERTEX
  5
AEE
  8
DEFAULT
 10
-514.5836000442505
 20
-139.9788999556766
 30
5.936971094551297
  0
VERTEX
  5
AEF
  8
DEFAULT
 10
-514.760986328125
 20
-139.9890136718021
 30
5.936971094551297
  0
VERTEX
  5
AF0
  8
DEFAULT
 10
-515.1264190673828
 20
-139.9985809325443
 30
5.936971094551297
  0
VERTEX
  5
AF1
  8
DEFAULT
 10
-515.5
 20
-139.9999999999271
 30
5.936971094551297
  0
VERTEX
  5
AF2
  8
DEFAULT
 10
-524.0000000000001
 20
-139.9999999999271
 30
5.936971094551297
  0
VERTEX
  5
AF3
  8
DEFAULT
 10
-524.9962158203127
 20
-140.0037841796146
 30
5.936971094551297
  0
VERTEX
  5
AF4
  8
DEFAULT
 10
-525.9707031250002
 20
-140.0292968749271
 30
5.936971094551297
  0
VERTEX
  5
AF5
  8
DEFAULT
 10
-526.4437332153323
 20
-140.0562667845951
 30
5.936971094551297
  0
VERTEX
  5
AF6
  8
DEFAULT
 10
-526.9044189453126
 20
-140.0955810546146
 30
5.936971094551297
  0
VERTEX
  5
AF7
  8
DEFAULT
 10
-527.1295247077944
 20
-140.1204752921329
 30
5.936971094551297
  0
VERTEX
  5
AF8
  8
DEFAULT
 10
-527.3508377075196
 20
-140.1491622924076
 30
5.936971094551297
  0
VERTEX
  5
AF9
  8
DEFAULT
 10
-527.5681462287903
 20
-140.1818537711368
 30
5.936971094551297
  0
VERTEX
  5
AFA
  8
DEFAULT
 10
-527.78125
 20
-140.2187499999271
 30
5.936971094551297
  0
VERTEX
  5
AFB
  8
DEFAULT
 10
-527.989960193634
 20
-140.2600398062931
 30
5.936971094551297
  0
VERTEX
  5
AFC
  8
DEFAULT
 10
-528.1940994262695
 20
-140.3059005736576
 30
5.936971094551297
  0
VERTEX
  5
AFD
  8
DEFAULT
 10
-528.3935017585754
 20
-140.3564982413517
 30
5.936971094551297
  0
VERTEX
  5
AFE
  8
DEFAULT
 10
-528.5880126953125
 20
-140.4119873046146
 30
5.936971094551297
  0
VERTEX
  5
AFF
  8
DEFAULT
 10
-528.7774891853333
 20
-140.4725108145939
 30
5.936971094551297
  0
VERTEX
  5
B00
  8
DEFAULT
 10
-528.961799621582
 20
-140.5382003783451
 30
5.936971094551297
  0
VERTEX
  5
B01
  8
DEFAULT
 10
-529.0519795715809
 20
-140.5730204283462
 30
5.936971094551297
  0
VERTEX
  5
B02
  8
DEFAULT
 10
-529.140823841095
 20
-140.6091761588322
 30
5.936971094551297
  0
VERTEX
  5
B03
  8
DEFAULT
 10
-529.2283191978931
 20
-140.646680802034
 30
5.936971094551297
  0
VERTEX
  5
B04
  8
DEFAULT
 10
-529.314453125
 20
-140.6855468749271
 30
5.936971094551297
  0
VERTEX
  5
B05
  8
DEFAULT
 10
-529.3992138206959
 20
-140.7257861792312
 30
5.936971094551297
  0
VERTEX
  5
B06
  8
DEFAULT
 10
-529.4825901985168
 20
-140.7674098014103
 30
5.936971094551297
  0
VERTEX
  5
B07
  8
DEFAULT
 10
-529.5645718872547
 20
-140.8104281126724
 30
5.936971094551297
  0
VERTEX
  5
B08
  8
DEFAULT
 10
-529.645149230957
 20
-140.8548507689701
 30
5.936971094551297
  0
VERTEX
  5
B09
  8
DEFAULT
 10
-529.7243132889271
 20
-140.900686711
 30
5.936971094551297
  0
VERTEX
  5
B0A
  8
DEFAULT
 10
-529.8020558357239
 20
-140.9479441642032
 30
5.936971094551297
  0
VERTEX
  5
B0B
  8
DEFAULT
 10
-529.8783693611622
 20
-140.9966306387649
 30
5.936971094551297
  0
VERTEX
  5
B0C
  8
DEFAULT
 10
-529.9532470703125
 20
-141.0467529296146
 30
5.936971094551297
  0
VERTEX
  5
B0D
  8
DEFAULT
 10
-530.026682883501
 20
-141.0983171164261
 30
5.936971094551297
  0
VERTEX
  5
B0E
  8
DEFAULT
 10
-530.0986714363098
 20
-141.1513285636173
 30
5.936971094551297
  0
VERTEX
  5
B0F
  8
DEFAULT
 10
-530.1692080795765
 20
-141.2057919203506
 30
5.936971094551297
  0
VERTEX
  5
B10
  8
DEFAULT
 10
-530.2382888793945
 20
-141.2617111205326
 30
5.936971094551297
  0
VERTEX
  5
B11
  8
DEFAULT
 10
-530.3059106171131
 20
-141.319089382814
 30
5.936971094551297
  0
VERTEX
  5
B12
  8
DEFAULT
 10
-530.3720707893372
 20
-141.37792921059
 30
5.936971094551297
  0
VERTEX
  5
B13
  8
DEFAULT
 10
-530.4367676079273
 20
-141.4382323919998
 30
5.936971094551297
  0
VERTEX
  5
B14
  8
DEFAULT
 10
-530.5
 20
-141.4999999999271
 30
5.936971094551297
  0
VERTEX
  5
B15
  8
DEFAULT
 10
-530.5617676079273
 20
-141.5632323919998
 30
5.936971094551297
  0
VERTEX
  5
B16
  8
DEFAULT
 10
-530.6220707893372
 20
-141.62792921059
 30
5.936971094551297
  0
VERTEX
  5
B17
  8
DEFAULT
 10
-530.6809106171131
 20
-141.694089382814
 30
5.936971094551297
  0
VERTEX
  5
B18
  8
DEFAULT
 10
-530.7382888793945
 20
-141.7617111205326
 30
5.936971094551297
  0
VERTEX
  5
B19
  8
DEFAULT
 10
-530.7942080795765
 20
-141.8307919203506
 30
5.936971094551297
  0
VERTEX
  5
B1A
  8
DEFAULT
 10
-530.8486714363098
 20
-141.9013285636173
 30
5.936971094551297
  0
VERTEX
  5
B1B
  8
DEFAULT
 10
-530.901682883501
 20
-141.9733171164261
 30
5.936971094551297
  0
VERTEX
  5
B1C
  8
DEFAULT
 10
-530.9532470703125
 20
-142.0467529296146
 30
5.936971094551297
  0
VERTEX
  5
B1D
  8
DEFAULT
 10
-531.0033693611622
 20
-142.1216306387649
 30
5.936971094551297
  0
VERTEX
  5
B1E
  8
DEFAULT
 10
-531.0520558357239
 20
-142.1979441642032
 30
5.936971094551297
  0
VERTEX
  5
B1F
  8
DEFAULT
 10
-531.0993132889271
 20
-142.275686711
 30
5.936971094551297
  0
VERTEX
  5
B20
  8
DEFAULT
 10
-531.145149230957
 20
-142.3548507689701
 30
5.936971094551297
  0
VERTEX
  5
B21
  8
DEFAULT
 10
-531.1895718872547
 20
-142.4354281126724
 30
5.936971094551297
  0
VERTEX
  5
B22
  8
DEFAULT
 10
-531.2325901985168
 20
-142.5174098014103
 30
5.936971094551297
  0
VERTEX
  5
B23
  8
DEFAULT
 10
-531.2742138206959
 20
-142.6007861792312
 30
5.936971094551297
  0
VERTEX
  5
B24
  8
DEFAULT
 10
-531.314453125
 20
-142.6855468749271
 30
5.936971094551297
  0
VERTEX
  5
B25
  8
DEFAULT
 10
-531.3533191978931
 20
-142.7716808020339
 30
5.936971094551297
  0
VERTEX
  5
B26
  8
DEFAULT
 10
-531.390823841095
 20
-142.8591761588321
 30
5.936971094551297
  0
VERTEX
  5
B27
  8
DEFAULT
 10
-531.4269795715809
 20
-142.9480204283462
 30
5.936971094551297
  0
VERTEX
  5
B28
  8
DEFAULT
 10
-531.461799621582
 20
-143.038200378345
 30
5.936971094551297
  0
VERTEX
  5
B29
  8
DEFAULT
 10
-531.5274891853333
 20
-143.2225108145938
 30
5.936971094551297
  0
VERTEX
  5
B2A
  8
DEFAULT
 10
-531.5880126953124
 20
-143.4119873046146
 30
5.936971094551297
  0
VERTEX
  5
B2B
  8
DEFAULT
 10
-531.6435017585752
 20
-143.6064982413516
 30
5.936971094551297
  0
VERTEX
  5
B2C
  8
DEFAULT
 10
-531.6940994262693
 20
-143.8059005736575
 30
5.936971094551297
  0
VERTEX
  5
B2D
  8
DEFAULT
 10
-531.7399601936338
 20
-144.010039806293
 30
5.936971094551297
  0
VERTEX
  5
B2E
  8
DEFAULT
 10
-531.7812499999998
 20
-144.2187499999271
 30
5.936971094551297
  0
VERTEX
  5
B2F
  8
DEFAULT
 10
-531.81814622879
 20
-144.4318537711368
 30
5.936971094551297
  0
VERTEX
  5
B30
  8
DEFAULT
 10
-531.8508377075193
 20
-144.6491622924075
 30
5.936971094551297
  0
VERTEX
  5
B31
  8
DEFAULT
 10
-531.879524707794
 20
-144.8704752921329
 30
5.936971094551297
  0
VERTEX
  5
B32
  8
DEFAULT
 10
-531.9044189453123
 20
-145.0955810546146
 30
5.936971094551297
  0
VERTEX
  5
B33
  8
DEFAULT
 10
-531.9437332153318
 20
-145.556266784595
 30
5.936971094551297
  0
VERTEX
  5
B34
  8
DEFAULT
 10
-531.9707031249998
 20
-146.0292968749271
 30
5.936971094551297
  0
VERTEX
  5
B35
  8
DEFAULT
 10
-531.9962158203123
 20
-147.0037841796145
 30
5.936971094551297
  0
VERTEX
  5
B36
  8
DEFAULT
 10
-531.9999999999998
 20
-147.999999999927
 30
5.936971094551297
  0
VERTEX
  5
B37
  8
DEFAULT
 10
-531.9999999999998
 20
-162.0000000000003
 30
5.936971094551297
  0
VERTEX
  5
B38
  8
DEFAULT
 10
-531.9962158203123
 20
-162.9962158203129
 30
5.936971094551297
  0
VERTEX
  5
B39
  8
DEFAULT
 10
-531.9707031249998
 20
-163.9707031250005
 30
5.936971094551297
  0
VERTEX
  5
B3A
  8
DEFAULT
 10
-531.9437332153318
 20
-164.4437332153325
 30
5.936971094551297
  0
VERTEX
  5
B3B
  8
DEFAULT
 10
-531.9044189453122
 20
-164.9044189453129
 30
5.936971094551297
  0
VERTEX
  5
B3C
  8
DEFAULT
 10
-531.8795247077937
 20
-165.1295247077946
 30
5.936971094551297
  0
VERTEX
  5
B3D
  8
DEFAULT
 10
-531.8508377075192
 20
-165.3508377075199
 30
5.936971094551297
  0
VERTEX
  5
B3E
  8
DEFAULT
 10
-531.8181462287898
 20
-165.5681462287907
 30
5.936971094551297
  0
VERTEX
  5
B3F
  8
DEFAULT
 10
-531.7812499999995
 20
-165.7812500000004
 30
5.936971094551297
  0
VERTEX
  5
B40
  8
DEFAULT
 10
-531.7399601936336
 20
-165.9899601936345
 30
5.936971094551297
  0
VERTEX
  5
B41
  8
DEFAULT
 10
-531.6940994262691
 20
-166.1940994262699
 30
5.936971094551297
  0
VERTEX
  5
B42
  8
DEFAULT
 10
-531.643501758575
 20
-166.3935017585758
 30
5.936971094551297
  0
VERTEX
  5
B43
  8
DEFAULT
 10
-531.588012695312
 20
-166.5880126953129
 30
5.936971094551297
  0
VERTEX
  5
B44
  8
DEFAULT
 10
-531.5274891853328
 20
-166.7774891853336
 30
5.936971094551297
  0
VERTEX
  5
B45
  8
DEFAULT
 10
-531.4617996215816
 20
-166.9617996215824
 30
5.936971094551297
  0
VERTEX
  5
B46
  8
DEFAULT
 10
-531.4269795715804
 20
-167.0519795715812
 30
5.936971094551297
  0
VERTEX
  5
B47
  8
DEFAULT
 10
-531.3908238410945
 20
-167.1408238410953
 30
5.936971094551297
  0
VERTEX
  5
B48
  8
DEFAULT
 10
-531.3533191978927
 20
-167.2283191978935
 30
5.936971094551297
  0
VERTEX
  5
B49
  8
DEFAULT
 10
-531.3144531249995
 20
-167.3144531250003
 30
5.936971094551297
  0
VERTEX
  5
B4A
  8
DEFAULT
 10
-531.2742138206954
 20
-167.3992138206962
 30
5.936971094551297
  0
VERTEX
  5
B4B
  8
DEFAULT
 10
-531.2325901985164
 20
-167.4825901985171
 30
5.936971094551297
  0
VERTEX
  5
B4C
  8
DEFAULT
 10
-531.1895718872543
 20
-167.564571887255
 30
5.936971094551297
  0
VERTEX
  5
B4D
  8
DEFAULT
 10
-531.1451492309566
 20
-167.6451492309573
 30
5.936971094551297
  0
VERTEX
  5
B4E
  8
DEFAULT
 10
-531.0993132889266
 20
-167.7243132889273
 30
5.936971094551297
  0
VERTEX
  5
B4F
  8
DEFAULT
 10
-531.0520558357233
 20
-167.8020558357241
 30
5.936971094551297
  0
VERTEX
  5
B50
  8
DEFAULT
 10
-531.0033693611616
 20
-167.8783693611624
 30
5.936971094551297
  0
VERTEX
  5
B51
  8
DEFAULT
 10
-530.9532470703118
 20
-167.9532470703127
 30
5.936971094551297
  0
VERTEX
  5
B52
  8
DEFAULT
 10
-530.9016828835004
 20
-168.0266828835013
 30
5.936971094551297
  0
VERTEX
  5
B53
  8
DEFAULT
 10
-530.8486714363091
 20
-168.09867143631
 30
5.936971094551297
  0
VERTEX
  5
B54
  8
DEFAULT
 10
-530.7942080795758
 20
-168.1692080795767
 30
5.936971094551297
  0
VERTEX
  5
B55
  8
DEFAULT
 10
-530.7382888793938
 20
-168.2382888793947
 30
5.936971094551297
  0
VERTEX
  5
B56
  8
DEFAULT
 10
-530.6809106171124
 20
-168.3059106171133
 30
5.936971094551297
  0
VERTEX
  5
B57
  8
DEFAULT
 10
-530.6220707893365
 20
-168.3720707893373
 30
5.936971094551297
  0
VERTEX
  5
B58
  8
DEFAULT
 10
-530.5617676079266
 20
-168.4367676079275
 30
5.936971094551297
  0
VERTEX
  5
B59
  8
DEFAULT
 10
-530.4999999999993
 20
-168.5000000000001
 30
5.936971094551297
  0
VERTEX
  5
B5A
  8
DEFAULT
 10
-530.4367676079266
 20
-168.5617676079274
 30
5.936971094551297
  0
VERTEX
  5
B5B
  8
DEFAULT
 10
-530.3720707893365
 20
-168.6220707893372
 30
5.936971094551297
  0
VERTEX
  5
B5C
  8
DEFAULT
 10
-530.3059106171124
 20
-168.6809106171132
 30
5.936971094551297
  0
VERTEX
  5
B5D
  8
DEFAULT
 10
-530.2382888793938
 20
-168.7382888793946
 30
5.936971094551297
  0
VERTEX
  5
B5E
  8
DEFAULT
 10
-530.1692080795758
 20
-168.7942080795765
 30
5.936971094551297
  0
VERTEX
  5
B5F
  8
DEFAULT
 10
-530.098671436309
 20
-168.8486714363098
 30
5.936971094551297
  0
VERTEX
  5
B60
  8
DEFAULT
 10
-530.0266828835001
 20
-168.9016828835011
 30
5.936971094551297
  0
VERTEX
  5
B61
  8
DEFAULT
 10
-529.9532470703116
 20
-168.9532470703125
 30
5.936971094551297
  0
VERTEX
  5
B62
  8
DEFAULT
 10
-529.8783693611613
 20
-169.0033693611622
 30
5.936971094551297
  0
VERTEX
  5
B63
  8
DEFAULT
 10
-529.802055835723
 20
-169.0520558357238
 30
5.936971094551297
  0
VERTEX
  5
B64
  8
DEFAULT
 10
-529.7243132889262
 20
-169.099313288927
 30
5.936971094551297
  0
VERTEX
  5
B65
  8
DEFAULT
 10
-529.6451492309561
 20
-169.145149230957
 30
5.936971094551297
  0
VERTEX
  5
B66
  8
DEFAULT
 10
-529.5645718872538
 20
-169.1895718872547
 30
5.936971094551297
  0
VERTEX
  5
B67
  8
DEFAULT
 10
-529.4825901985159
 20
-169.2325901985168
 30
5.936971094551297
  0
VERTEX
  5
B68
  8
DEFAULT
 10
-529.399213820695
 20
-169.2742138206958
 30
5.936971094551297
  0
VERTEX
  5
B69
  8
DEFAULT
 10
-529.3144531249991
 20
-169.3144531249999
 30
5.936971094551297
  0
VERTEX
  5
B6A
  8
DEFAULT
 10
-529.2283191978922
 20
-169.353319197893
 30
5.936971094551297
  0
VERTEX
  5
B6B
  8
DEFAULT
 10
-529.1408238410941
 20
-169.3908238410949
 30
5.936971094551297
  0
VERTEX
  5
B6C
  8
DEFAULT
 10
-529.05197957158
 20
-169.4269795715807
 30
5.936971094551297
  0
VERTEX
  5
B6D
  8
DEFAULT
 10
-528.9617996215811
 20
-169.4617996215819
 30
5.936971094551297
  0
VERTEX
  5
B6E
  8
DEFAULT
 10
-528.7774891853323
 20
-169.5274891853331
 30
5.936971094551297
  0
VERTEX
  5
B6F
  8
DEFAULT
 10
-528.5880126953116
 20
-169.5880126953123
 30
5.936971094551297
  0
VERTEX
  5
B70
  8
DEFAULT
 10
-528.3935017585745
 20
-169.6435017585753
 30
5.936971094551297
  0
VERTEX
  5
B71
  8
DEFAULT
 10
-528.1940994262686
 20
-169.6940994262693
 30
5.936971094551297
  0
VERTEX
  5
B72
  8
DEFAULT
 10
-527.9899601936332
 20
-169.7399601936338
 30
5.936971094551297
  0
VERTEX
  5
B73
  8
DEFAULT
 10
-527.7812499999992
 20
-169.7812499999998
 30
5.936971094551297
  0
VERTEX
  5
B74
  8
DEFAULT
 10
-527.5681462287896
 20
-169.8181462287901
 30
5.936971094551297
  0
VERTEX
  5
B75
  8
DEFAULT
 10
-527.3508377075188
 20
-169.8508377075193
 30
5.936971094551297
  0
VERTEX
  5
B76
  8
DEFAULT
 10
-527.1295247077935
 20
-169.879524707794
 30
5.936971094551297
  0
VERTEX
  5
B77
  8
DEFAULT
 10
-526.9044189453117
 20
-169.9044189453122
 30
5.936971094551297
  0
VERTEX
  5
B78
  8
DEFAULT
 10
-526.4437332153313
 20
-169.9437332153317
 30
5.936971094551297
  0
VERTEX
  5
B79
  8
DEFAULT
 10
-525.9707031249993
 20
-169.9707031249997
 30
5.936971094551297
  0
VERTEX
  5
B7A
  8
DEFAULT
 10
-524.9962158203119
 20
-169.9962158203123
 30
5.936971094551297
  0
SEQEND
  5
B7B
  8
DEFAULT
  0
POLYLINE
  5
B7C
  8
DEFAULT
 66
     1
 10
0.0
 20
0.0
 30
5.936971094551297
 70
     1
  0
VERTEX
  5
B7D
  8
DEFAULT
 10
-488.0
 20
-151.0
 30
5.936971094551297
  0
VERTEX
  5
B7E
  8
DEFAULT
 10
-480.0
 20
-151.0
 30
5.936971094551297
  0
VERTEX
  5
B7F
  8
DEFAULT
 10
-480.0
 20
-157.0
 30
5.936971094551297
  0
VERTEX
  5
B80
  8
DEFAULT
 10
-488.0
 20
-157.0
 30
5.936971094551297
  0
SEQEND
  5
B81
  8
DEFAULT
  0
POLYLINE
  5
B82
  8
DEFAULT
 66
     1
 10
0.0
 20
0.0
 30
5.936971094551297
 70
     1
  0
VERTEX
  5
B83
  8
DEFAULT
 10
-471.0
 20
-157.0
 30
5.936971094551297
  0
VERTEX
  5
B84
  8
DEFAULT
 10
-477.0
 20
-157.0
 30
5.936971094551297
  0
VERTEX
  5
B85
  8
DEFAULT
 10
-477.0
 20
-137.0
 30
5.936971094551297
  0
VERTEX
  5
B86
  8
DEFAULT
 10
-471.0
 20
-137.0
 30
5.936971094551297
  0
SEQEND
  5
B87
  8
DEFAULT
  0
POLYLINE
  5
B88
  8
DEFAULT
 66
     1
 10
0.0
 20
0.0
 30
5.936971094551297
 70
     1
  0
VERTEX
  5
B89
  8
DEFAULT
 10
-471.0
 20
-101.9316063988464
 30
5.936971094551297
  0
VERTEX
  5
B8A
  8
DEFAULT
 10
-477.0
 20
-101.9316063988464
 30
5.936971094551297
  0
VERTEX
  5
B8B
  8
DEFAULT
 10
-477.0
 20
-65.0
 30
5.936971094551297
  0
VERTEX
  5
B8C
  8
DEFAULT
 10
-471.0
 20
-64.99999999999999
 30
5.936971094551297
  0
SEQEND
  5
B8D
  8
DEFAULT
  0
POLYLINE
  5
B8E
  8
DEFAULT
 66
     1
 10
0.0
 20
0.0
 30
5.936971094551297
 70
     1
  0
VERTEX
  5
B8F
  8
DEFAULT
 10
-477.0
 20
48.1461040092777
 30
5.936971094551297
  0
VERTEX
  5
B90
  8
DEFAULT
 10
-471.0
 20
48.1461040092777
 30
5.936971094551297
  0
VERTEX
  5
B91
  8
DEFAULT
 10
-471.0
 20
-29.93160639884638
 30
5.936971094551297
  0
VERTEX
  5
B92
  8
DEFAULT
 10
-477.0
 20
-29.93160639884638
 30
5.936971094551297
  0
SEQEND
  5
B93
  8
DEFAULT
  0
POLYLINE
  5
B94
  8
DEFAULT
 66
     1
 10
0.0
 20
0.0
 30
5.936971094551297
 70
     1
  0
VERTEX
  5
B95
  8
DEFAULT
 10
-491.0
 20
-137.0
 30
5.936971094551297
  0
VERTEX
  5
B96
  8
DEFAULT
 10
-497.0
 20
-137.0
 30
5.936971094551297
  0
VERTEX
  5
B97
  8
DEFAULT
 10
-497.0
 20
-157.0
 30
5.936971094551297
  0
VERTEX
  5
B98
  8
DEFAULT
 10
-491.0
 20
-157.0
 30
5.936971094551297
  0
SEQEND
  5
B99
  8
DEFAULT
  0
POLYLINE
  5
B9A
  8
DEFAULT
 66
     1
 10
0.0
 20
0.0
 30
5.936971094551297
 70
     1
  0
VERTEX
  5
B9B
  8
DEFAULT
 10
-497.0
 20
-64.99999999999999
 30
5.936971094551297
  0
VERTEX
  5
B9C
  8
DEFAULT
 10
-497.0
 20
-101.9316063988464
 30
5.936971094551297
  0
VERTEX
  5
B9D
  8
DEFAULT
 10
-491.0
 20
-101.9316063988464
 30
5.936971094551297
  0
VERTEX
  5
B9E
  8
DEFAULT
 10
-491.0
 20
-65.0
 30
5.936971094551297
  0
SEQEND
  5
B9F
  8
DEFAULT
  0
POLYLINE
  5
BA0
  8
DEFAULT
 66
     1
 10
0.0
 20
0.0
 30
5.936971094551297
 70
     1
  0
VERTEX
  5
BA1
  8
DEFAULT
 10
-491.0
 20
-29.93160639884638
 30
5.936971094551297
  0
VERTEX
  5
BA2
  8
DEFAULT
 10
-491.0
 20
48.1461040092777
 30
5.936971094551297
  0
VERTEX
  5
BA3
  8
DEFAULT
 10
-497.0
 20
48.1461040092777
 30
5.936971094551297
  0
VERTEX
  5
BA4
  8
DEFAULT
 10
-497.0
 20
-29.93160639884638
 30
5.936971094551297
  0
SEQEND
  5
BA5
  8
DEFAULT
  0
POLYLINE
  5
BA6
  8
DEFAULT
 66
     1
 10
0.0
 20
0.0
 30
5.936971094551297
 70
     1
  0
VERTEX
  5
BA7
  8
DEFAULT
 10
-780.0
 20
-93.30806366484765
 30
5.936971094551297
  0
VERTEX
  5
BA8
  8
DEFAULT
 10
-780.0
 20
-101.3794838321923
 30
5.936971094551297
  0
VERTEX
  5
BA9
  8
DEFAULT
 10
-786.0
 20
-101.3794838321924
 30
5.936971094551297
  0
VERTEX
  5
BAA
  8
DEFAULT
 10
-786.0
 20
-113.7681579497938
 30
5.936971094551297
  0
VERTEX
  5
BAB
  8
DEFAULT
 10
-780.0
 20
-113.7681579497938
 30
5.936971094551297
  0
VERTEX
  5
BAC
  8
DEFAULT
 10
-780.0
 20
-121.8395781171385
 30
5.936971094551297
  0
VERTEX
  5
BAD
  8
DEFAULT
 10
-777.0
 20
-121.8395781171385
 30
5.936971094551297
  0
VERTEX
  5
BAE
  8
DEFAULT
 10
-777.0
 20
-127.2629411142896
 30
5.936971094551297
  0
VERTEX
  5
BAF
  8
DEFAULT
 10
-769.0
 20
-127.2629411142896
 30
5.936971094551297
  0
VERTEX
  5
BB0
  8
DEFAULT
 10
-769.0
 20
-121.8395781171385
 30
5.936971094551297
  0
VERTEX
  5
BB1
  8
DEFAULT
 10
-766.0
 20
-121.8395781171385
 30
5.936971094551297
  0
VERTEX
  5
BB2
  8
DEFAULT
 10
-766.0
 20
-113.7681579497938
 30
5.936971094551297
  0
VERTEX
  5
BB3
  8
DEFAULT
 10
-760.0
 20
-113.7681579497938
 30
5.936971094551297
  0
VERTEX
  5
BB4
  8
DEFAULT
 10
-760.0
 20
-101.3794838321924
 30
5.936971094551297
  0
VERTEX
  5
BB5
  8
DEFAULT
 10
-766.0
 20
-101.3794838321924
 30
5.936971094551297
  0
VERTEX
  5
BB6
  8
DEFAULT
 10
-766.0
 20
-93.30806366484765
 30
5.936971094551297
  0
VERTEX
  5
BB7
  8
DEFAULT
 10
-769.0
 20
-93.30806366484765
 30
5.936971094551297
  0
VERTEX
  5
BB8
  8
DEFAULT
 10
-769.0
 20
-88.30806366484765
 30
5.936971094551297
  0
VERTEX
  5
BB9
  8
DEFAULT
 10
-777.0
 20
-88.30806366484765
 30
5.936971094551297
  0
VERTEX
  5
BBA
  8
DEFAULT
 10
-777.0
 20
-93.30806366484765
 30
5.936971094551297
  0
SEQEND
  5
BBB
  8
DEFAULT
  0
POLYLINE
  5
BBC
  8
DEFAULT
 66
     1
 10
0.0
 20
0.0
 30
5.936971094551297
 70
     1
  0
VERTEX
  5
BBD
  8
DEFAULT
 10
-780.0
 20
-138.3080636648477
 30
5.936971094551297
  0
VERTEX
  5
BBE
  8
DEFAULT
 10
-780.0
 20
-146.3794838321923
 30
5.936971094551297
  0
VERTEX
  5
BBF
  8
DEFAULT
 10
-786.0
 20
-146.3794838321924
 30
5.936971094551297
  0
VERTEX
  5
BC0
  8
DEFAULT
 10
-786.0
 20
-158.7681579497938
 30
5.936971094551297
  0
VERTEX
  5
BC1
  8
DEFAULT
 10
-780.0
 20
-158.7681579497938
 30
5.936971094551297
  0
VERTEX
  5
BC2
  8
DEFAULT
 10
-780.0
 20
-166.8395781171385
 30
5.936971094551297
  0
VERTEX
  5
BC3
  8
DEFAULT
 10
-777.0
 20
-166.8395781171385
 30
5.936971094551297
  0
VERTEX
  5
BC4
  8
DEFAULT
 10
-777.0
 20
-172.2629411142896
 30
5.936971094551297
  0
VERTEX
  5
BC5
  8
DEFAULT
 10
-769.0
 20
-172.2629411142896
 30
5.936971094551297
  0
VERTEX
  5
BC6
  8
DEFAULT
 10
-769.0
 20
-166.8395781171385
 30
5.936971094551297
  0
VERTEX
  5
BC7
  8
DEFAULT
 10
-766.0
 20
-166.8395781171385
 30
5.936971094551297
  0
VERTEX
  5
BC8
  8
DEFAULT
 10
-766.0
 20
-158.7681579497938
 30
5.936971094551297
  0
VERTEX
  5
BC9
  8
DEFAULT
 10
-760.0
 20
-158.7681579497938
 30
5.936971094551297
  0
VERTEX
  5
BCA
  8
DEFAULT
 10
-760.0
 20
-146.3794838321924
 30
5.936971094551297
  0
VERTEX
  5
BCB
  8
DEFAULT
 10
-766.0
 20
-146.3794838321924
 30
5.936971094551297
  0
VERTEX
  5
BCC
  8
DEFAULT
 10
-766.0
 20
-138.3080636648477
 30
5.936971094551297
  0
VERTEX
  5
BCD
  8
DEFAULT
 10
-769.0
 20
-138.3080636648477
 30
5.936971094551297
  0
VERTEX
  5
BCE
  8
DEFAULT
 10
-769.0
 20
-133.3080636648477
 30
5.936971094551297
  0
VERTEX
  5
BCF
  8
DEFAULT
 10
-777.0
 20
-133.3080636648477
 30
5.936971094551297
  0
VERTEX
  5
BD0
  8
DEFAULT
 10
-777.0
 20
-138.3080636648477
 30
5.936971094551297
  0
SEQEND
  5
BD1
  8
DEFAULT
  0
POLYLINE
  5
BD2
  8
DEFAULT
 66
     1
 10
0.0
 20
0.0
 30
5.936971094551297
 70
     1
  0
VERTEX
  5
BD3
  8
DEFAULT
 10
-717.2342427734197
 20
-27.61966281047824
 30
5.936971094551297
  0
VERTEX
  5
BD4
  8
DEFAULT
 10
-717.2366078857244
 20
-28.24229769817355
 30
5.936971094551297
  0
VERTEX
  5
BD5
  8
DEFAULT
 10
-717.2525533202947
 20
-28.85135226360324
 30
5.936971094551297
  0
VERTEX
  5
BD6
  8
DEFAULT
 10
-717.2694095138372
 20
-29.14699607006076
 30
5.936971094551297
  0
VERTEX
  5
BD7
  8
DEFAULT
 10
-717.2939809325994
 20
-29.43492465129855
 30
5.936971094551297
  0
VERTEX
  5
BD8
  8
DEFAULT
 10
-717.3095398310484
 20
-29.57561575284961
 30
5.936971094551297
  0
VERTEX
  5
BD9
  8
DEFAULT
 10
-717.32746920622
 20
-29.71393637767795
 30
5.936971094551297
  0
VERTEX
  5
BDA
  8
DEFAULT
 10
-717.3479013804258
 20
-29.84975420347217
 30
5.936971094551297
  0
VERTEX
  5
BDB
  8
DEFAULT
 10
-717.3709615234197
 20
-29.98294406047824
 30
5.936971094551297
  0
VERTEX
  5
BDC
  8
DEFAULT
 10
-717.3967676523985
 20
-30.11338793149951
 30
5.936971094551297
  0
VERTEX
  5
BDD
  8
DEFAULT
 10
-717.4254306320013
 20
-30.2409749518967
 30
5.936971094551297
  0
VERTEX
  5
BDE
  8
DEFAULT
 10
-717.4570541743101
 20
-30.36560140958789
 30
5.936971094551297
  0
VERTEX
  5
BDF
  8
DEFAULT
 10
-717.4917348388494
 20
-30.48717074504856
 30
5.936971094551297
  0
VERTEX
  5
BE0
  8
DEFAULT
 10
-717.5295620325865
 20
-30.60559355131153
 30
5.936971094551297
  0
VERTEX
  5
BE1
  8
DEFAULT
 10
-717.570618009931
 20
-30.72078757396702
 30
5.936971094551297
  0
VERTEX
  5
BE2
  8
DEFAULT
 10
-717.5923805411817
 20
-30.7771500427163
 30
5.936971094551297
  0
VERTEX
  5
BE3
  8
DEFAULT
 10
-717.6149778727354
 20
-30.8326777111626
 30
5.936971094551297
  0
VERTEX
  5
BE4
  8
DEFAULT
 10
-717.6384182747365
 20
-30.88736230916146
 30
5.936971094551297
  0
VERTEX
  5
BE5
  8
DEFAULT
 10
-717.6627095702947
 20
-30.94119601360325
 30
5.936971094551297
  0
VERTEX
  5
BE6
  8
DEFAULT
 10
-717.6878591354848
 20
-30.99417144841317
 30
5.936971094551297
  0
VERTEX
  5
BE7
  8
DEFAULT
 10
-717.7138738993467
 20
-31.04628168455127
 30
5.936971094551297
  0
VERTEX
  5
BE8
  8
DEFAULT
 10
-717.7407603438855
 20
-31.09752024001244
 30
5.936971094551297
  0
VERTEX
  5
BE9
  8
DEFAULT
 10
-717.7685245040716
 20
-31.14788107982639
 30
5.936971094551297
  0
VERTEX
  5
BEA
  8
DEFAULT
 10
-717.7971719678403
 20
-31.19735861605767
 30
5.936971094551297
  0
VERTEX
  5
BEB
  8
DEFAULT
 10
-717.8267078760923
 20
-31.24594770780567
 30
5.936971094551297
  0
VERTEX
  5
BEC
  8
DEFAULT
 10
-717.8571369226934
 20
-31.29364366120461
 30
5.936971094551297
  0
VERTEX
  5
BED
  8
DEFAULT
 10
-717.8884633544744
 20
-31.34044222942356
 30
5.936971094551297
  0
VERTEX
  5
BEE
  8
DEFAULT
 10
-717.9206909712316
 20
-31.3863396126664
 30
5.936971094551297
  0
VERTEX
  5
BEF
  8
DEFAULT
 10
-717.9538231257261
 20
-31.43133245817188
 30
5.936971094551297
  0
VERTEX
  5
BF0
  8
DEFAULT
 10
-717.9878627236844
 20
-31.47541786021355
 30
5.936971094551297
  0
VERTEX
  5
BF1
  8
DEFAULT
 10
-718.0228122237982
 20
-31.51859336009983
 30
5.936971094551297
  0
VERTEX
  5
BF2
  8
DEFAULT
 10
-718.058673637724
 20
-31.56085694617394
 30
5.936971094551297
  0
VERTEX
  5
BF3
  8
DEFAULT
 10
-718.095448530084
 20
-31.60220705381397
 30
5.936971094551297
  0
VERTEX
  5
BF4
  8
DEFAULT
 10
-718.1331380184652
 20
-31.64264256543282
 30
5.936971094551297
  0
VERTEX
  5
BF5
  8
DEFAULT
 10
-718.1717427734197
 20
-31.68216281047825
 30
5.936971094551297
  0
VERTEX
  5
BF6
  8
DEFAULT
 10
-718.2112630184652
 20
-31.72076756543282
 30
5.936971094551297
  0
VERTEX
  5
BF7
  8
DEFAULT
 10
-718.251698530084
 20
-31.75845705381397
 30
5.936971094551297
  0
VERTEX
  5
BF8
  8
DEFAULT
 10
-718.293048637724
 20
-31.79523194617394
 30
5.936971094551297
  0
VERTEX
  5
BF9
  8
DEFAULT
 10
-718.3353122237982
 20
-31.83109336009983
 30
5.936971094551297
  0
VERTEX
  5
BFA
  8
DEFAULT
 10
-718.3784877236844
 20
-31.86604286021355
 30
5.936971094551297
  0
VERTEX
  5
BFB
  8
DEFAULT
 10
-718.4225731257261
 20
-31.90008245817188
 30
5.936971094551297
  0
VERTEX
  5
BFC
  8
DEFAULT
 10
-718.4675659712316
 20
-31.9332146126664
 30
5.936971094551297
  0
VERTEX
  5
BFD
  8
DEFAULT
 10
-718.5134633544744
 20
-31.96544222942356
 30
5.936971094551297
  0
VERTEX
  5
BFE
  8
DEFAULT
 10
-718.5602619226934
 20
-31.99676866120461
 30
5.936971094551297
  0
VERTEX
  5
BFF
  8
DEFAULT
 10
-718.6079578760923
 20
-32.02719770780567
 30
5.936971094551297
  0
VERTEX
  5
C00
  8
DEFAULT
 10
-718.6565469678403
 20
-32.05673361605767
 30
5.936971094551297
  0
VERTEX
  5
C01
  8
DEFAULT
 10
-718.7060245040716
 20
-32.08538107982639
 30
5.936971094551297
  0
VERTEX
  5
C02
  8
DEFAULT
 10
-718.7563853438855
 20
-32.11314524001244
 30
5.936971094551297
  0
VERTEX
  5
C03
  8
DEFAULT
 10
-718.8076238993467
 20
-32.14003168455127
 30
5.936971094551297
  0
VERTEX
  5
C04
  8
DEFAULT
 10
-718.8597341354848
 20
-32.16604644841317
 30
5.936971094551297
  0
VERTEX
  5
C05
  8
DEFAULT
 10
-718.9127095702947
 20
-32.19119601360325
 30
5.936971094551297
  0
VERTEX
  5
C06
  8
DEFAULT
 10
-718.9665432747365
 20
-32.21548730916146
 30
5.936971094551297
  0
VERTEX
  5
C07
  8
DEFAULT
 10
-719.0212278727354
 20
-32.2389277111626
 30
5.936971094551297
  0
VERTEX
  5
C08
  8
DEFAULT
 10
-719.0767555411817
 20
-32.2615250427163
 30
5.936971094551297
  0
VERTEX
  5
C09
  8
DEFAULT
 10
-719.133118009931
 20
-32.28328757396702
 30
5.936971094551297
  0
VERTEX
  5
C0A
  8
DEFAULT
 10
-719.2483120325865
 20
-32.32434355131153
 30
5.936971094551297
  0
VERTEX
  5
C0B
  8
DEFAULT
 10
-719.3667348388494
 20
-32.36217074504856
 30
5.936971094551297
  0
VERTEX
  5
C0C
  8
DEFAULT
 10
-719.4883041743101
 20
-32.3968514095879
 30
5.936971094551297
  0
VERTEX
  5
C0D
  8
DEFAULT
 10
-719.6129306320013
 20
-32.4284749518967
 30
5.936971094551297
  0
VERTEX
  5
C0E
  8
DEFAULT
 10
-719.7405176523985
 20
-32.45713793149952
 30
5.936971094551297
  0
VERTEX
  5
C0F
  8
DEFAULT
 10
-719.8709615234197
 20
-32.48294406047825
 30
5.936971094551297
  0
VERTEX
  5
C10
  8
DEFAULT
 10
-720.0041513804258
 20
-32.50600420347217
 30
5.936971094551297
  0
VERTEX
  5
C11
  8
DEFAULT
 10
-720.13996920622
 20
-32.52643637767795
 30
5.936971094551297
  0
VERTEX
  5
C12
  8
DEFAULT
 10
-720.2782898310484
 20
-32.54436575284961
 30
5.936971094551297
  0
VERTEX
  5
C13
  8
DEFAULT
 10
-720.4189809325994
 20
-32.55992465129856
 30
5.936971094551297
  0
VERTEX
  5
C14
  8
DEFAULT
 10
-720.7069095138372
 20
-32.58449607006077
 30
5.936971094551297
  0
VERTEX
  5
C15
  8
DEFAULT
 10
-721.0025533202947
 20
-32.60135226360325
 30
5.936971094551297
  0
VERTEX
  5
C16
  8
DEFAULT
 10
-721.6116078857244
 20
-32.61729769817356
 30
5.936971094551297
  0
VERTEX
  5
C17
  8
DEFAULT
 10
-722.2342427734199
 20
-32.61966281047825
 30
5.936971094551297
  0
VERTEX
  5
C18
  8
DEFAULT
 10
-725.2993698043758
 20
-32.61966281047825
 30
5.936971094551297
  0
VERTEX
  5
C19
  8
DEFAULT
 10
-725.9220046920711
 20
-32.62202792278293
 30
5.936971094551297
  0
VERTEX
  5
C1A
  8
DEFAULT
 10
-726.5310592575008
 20
-32.63797335735325
 30
5.936971094551297
  0
VERTEX
  5
C1B
  8
DEFAULT
 10
-726.8267030639583
 20
-32.65482955089573
 30
5.936971094551297
  0
VERTEX
  5
C1C
  8
DEFAULT
 10
-727.1146316451961
 20
-32.67940096965793
 30
5.936971094551297
  0
VERTEX
  5
C1D
  8
DEFAULT
 10
-727.2553227467472
 20
-32.69495986810688
 30
5.936971094551297
  0
VERTEX
  5
C1E
  8
DEFAULT
 10
-727.3936433715755
 20
-32.71288924327854
 30
5.936971094551297
  0
VERTEX
  5
C1F
  8
DEFAULT
 10
-727.5294611973698
 20
-32.73332141748432
 30
5.936971094551297
  0
VERTEX
  5
C20
  8
DEFAULT
 10
-727.6626510543758
 20
-32.75638156047825
 30
5.936971094551297
  0
VERTEX
  5
C21
  8
DEFAULT
 10
-727.7930949253971
 20
-32.78218768945698
 30
5.936971094551297
  0
VERTEX
  5
C22
  8
DEFAULT
 10
-727.9206819457943
 20
-32.81085066905979
 30
5.936971094551297
  0
VERTEX
  5
C23
  8
DEFAULT
 10
-728.0453084034855
 20
-32.8424742113686
 30
5.936971094551297
  0
VERTEX
  5
C24
  8
DEFAULT
 10
-728.1668777389461
 20
-32.87715487590793
 30
5.936971094551297
  0
VERTEX
  5
C25
  8
DEFAULT
 10
-728.2853005452091
 20
-32.91498206964496
 30
5.936971094551297
  0
VERTEX
  5
C26
  8
DEFAULT
 10
-728.4004945678646
 20
-32.95603804698948
 30
5.936971094551297
  0
VERTEX
  5
C27
  8
DEFAULT
 10
-728.4568570366139
 20
-32.97780057824019
 30
5.936971094551297
  0
VERTEX
  5
C28
  8
DEFAULT
 10
-728.5123847050602
 20
-33.00039790979389
 30
5.936971094551297
  0
VERTEX
  5
C29
  8
DEFAULT
 10
-728.567069303059
 20
-33.02383831179503
 30
5.936971094551297
  0
VERTEX
  5
C2A
  8
DEFAULT
 10
-728.6209030075008
 20
-33.04812960735325
 30
5.936971094551297
  0
VERTEX
  5
C2B
  8
DEFAULT
 10
-728.6738784423108
 20
-33.07327917254332
 30
5.936971094551297
  0
VERTEX
  5
C2C
  8
DEFAULT
 10
-728.7259886784489
 20
-33.09929393640522
 30
5.936971094551297
  0
VERTEX
  5
C2D
  8
DEFAULT
 10
-728.77722723391
 20
-33.12618038094405
 30
5.936971094551297
  0
VERTEX
  5
C2E
  8
DEFAULT
 10
-728.827588073724
 20
-33.1539445411301
 30
5.936971094551297
  0
VERTEX
  5
C2F
  8
DEFAULT
 10
-728.8770656099553
 20
-33.18259200489882
 30
5.936971094551297
  0
VERTEX
  5
C30
  8
DEFAULT
 10
-728.9256547017033
 20
-33.21212791315082
 30
5.936971094551297
  0
VERTEX
  5
C31
  8
DEFAULT
 10
-728.9733506551022
 20
-33.24255695975188
 30
5.936971094551297
  0
VERTEX
  5
C32
  8
DEFAULT
 10
-729.0201492233211
 20
-33.27388339153293
 30
5.936971094551297
  0
VERTEX
  5
C33
  8
DEFAULT
 10
-729.066046606564
 20
-33.30611100829009
 30
5.936971094551297
  0
VERTEX
  5
C34
  8
DEFAULT
 10
-729.1110394520695
 20
-33.33924316278461
 30
5.936971094551297
  0
VERTEX
  5
C35
  8
DEFAULT
 10
-729.1551248541111
 20
-33.37328276074294
 30
5.936971094551297
  0
VERTEX
  5
C36
  8
DEFAULT
 10
-729.1983003539974
 20
-33.40823226085666
 30
5.936971094551297
  0
VERTEX
  5
C37
  8
DEFAULT
 10
-729.2405639400715
 20
-33.44409367478255
 30
5.936971094551297
  0
VERTEX
  5
C38
  8
DEFAULT
 10
-729.2819140477116
 20
-33.48086856714252
 30
5.936971094551297
  0
VERTEX
  5
C39
  8
DEFAULT
 10
-729.3223495593304
 20
-33.51855805552367
 30
5.936971094551297
  0
VERTEX
  5
C3A
  8
DEFAULT
 10
-729.3618698043758
 20
-33.55716281047825
 30
5.936971094551297
  0
VERTEX
  5
C3B
  8
DEFAULT
 10
-729.4004745593304
 20
-33.59668305552367
 30
5.936971094551297
  0
VERTEX
  5
C3C
  8
DEFAULT
 10
-729.4381640477116
 20
-33.63711856714252
 30
5.936971094551297
  0
VERTEX
  5
C3D
  8
DEFAULT
 10
-729.4749389400715
 20
-33.67846867478255
 30
5.936971094551297
  0
VERTEX
  5
C3E
  8
DEFAULT
 10
-729.5108003539974
 20
-33.72073226085666
 30
5.936971094551297
  0
VERTEX
  5
C3F
  8
DEFAULT
 10
-729.5457498541111
 20
-33.76390776074294
 30
5.936971094551297
  0
VERTEX
  5
C40
  8
DEFAULT
 10
-729.5797894520695
 20
-33.80799316278461
 30
5.936971094551297
  0
VERTEX
  5
C41
  8
DEFAULT
 10
-729.612921606564
 20
-33.85298600829009
 30
5.936971094551297
  0
VERTEX
  5
C42
  8
DEFAULT
 10
-729.6451492233211
 20
-33.89888339153293
 30
5.936971094551297
  0
VERTEX
  5
C43
  8
DEFAULT
 10
-729.6764756551022
 20
-33.94568195975188
 30
5.936971094551297
  0
VERTEX
  5
C44
  8
DEFAULT
 10
-729.7069047017033
 20
-33.99337791315082
 30
5.936971094551297
  0
VERTEX
  5
C45
  8
DEFAULT
 10
-729.7364406099553
 20
-34.04196700489882
 30
5.936971094551297
  0
VERTEX
  5
C46
  8
DEFAULT
 10
-729.765088073724
 20
-34.0914445411301
 30
5.936971094551297
  0
VERTEX
  5
C47
  8
DEFAULT
 10
-729.79285223391
 20
-34.14180538094405
 30
5.936971094551297
  0
VERTEX
  5
C48
  8
DEFAULT
 10
-729.8197386784489
 20
-34.19304393640522
 30
5.936971094551297
  0
VERTEX
  5
C49
  8
DEFAULT
 10
-729.8457534423108
 20
-34.24515417254332
 30
5.936971094551297
  0
VERTEX
  5
C4A
  8
DEFAULT
 10
-729.8709030075008
 20
-34.29812960735325
 30
5.936971094551297
  0
VERTEX
  5
C4B
  8
DEFAULT
 10
-729.895194303059
 20
-34.35196331179503
 30
5.936971094551297
  0
VERTEX
  5
C4C
  8
DEFAULT
 10
-729.9186347050602
 20
-34.40664790979389
 30
5.936971094551297
  0
VERTEX
  5
C4D
  8
DEFAULT
 10
-729.9412320366139
 20
-34.46217557824019
 30
5.936971094551297
  0
VERTEX
  5
C4E
  8
DEFAULT
 10
-729.9629945678646
 20
-34.51853804698948
 30
5.936971094551297
  0
VERTEX
  5
C4F
  8
DEFAULT
 10
-730.0040505452091
 20
-34.63373206964496
 30
5.936971094551297
  0
VERTEX
  5
C50
  8
DEFAULT
 10
-730.0418777389461
 20
-34.75215487590793
 30
5.936971094551297
  0
VERTEX
  5
C51
  8
DEFAULT
 10
-730.0765584034855
 20
-34.8737242113686
 30
5.936971094551297
  0
VERTEX
  5
C52
  8
DEFAULT
 10
-730.1081819457943
 20
-34.99835066905979
 30
5.936971094551297
  0
VERTEX
  5
C53
  8
DEFAULT
 10
-730.1368449253971
 20
-35.12593768945698
 30
5.936971094551297
  0
VERTEX
  5
C54
  8
DEFAULT
 10
-730.1626510543758
 20
-35.25638156047825
 30
5.936971094551297
  0
VERTEX
  5
C55
  8
DEFAULT
 10
-730.1857111973698
 20
-35.38957141748432
 30
5.936971094551297
  0
VERTEX
  5
C56
  8
DEFAULT
 10
-730.2061433715755
 20
-35.52538924327854
 30
5.936971094551297
  0
VERTEX
  5
C57
  8
DEFAULT
 10
-730.2240727467472
 20
-35.66370986810688
 30
5.936971094551297
  0
VERTEX
  5
C58
  8
DEFAULT
 10
-730.2396316451961
 20
-35.80440096965793
 30
5.936971094551297
  0
VERTEX
  5
C59
  8
DEFAULT
 10
-730.2642030639583
 20
-36.09232955089573
 30
5.936971094551297
  0
VERTEX
  5
C5A
  8
DEFAULT
 10
-730.2810592575008
 20
-36.38797335735325
 30
5.936971094551297
  0
VERTEX
  5
C5B
  8
DEFAULT
 10
-730.2970046920711
 20
-36.99702792278293
 30
5.936971094551297
  0
VERTEX
  5
C5C
  8
DEFAULT
 10
-730.2993698043758
 20
-37.61966281047825
 30
5.936971094551297
  0
VERTEX
  5
C5D
  8
DEFAULT
 10
-730.2993698043758
 20
-41.99999897408969
 30
5.936971094551297
  0
VERTEX
  5
C5E
  8
DEFAULT
 10
-730.2970046920711
 20
-42.622633861785
 30
5.936971094551297
  0
VERTEX
  5
C5F
  8
DEFAULT
 10
-730.2810592575008
 20
-43.23168842721469
 30
5.936971094551297
  0
VERTEX
  5
C60
  8
DEFAULT
 10
-730.2642030639583
 20
-43.52733223367221
 30
5.936971094551297
  0
VERTEX
  5
C61
  8
DEFAULT
 10
-730.2396316451961
 20
-43.81526081491
 30
5.936971094551297
  0
VERTEX
  5
C62
  8
DEFAULT
 10
-730.2240727467472
 20
-43.95595191646106
 30
5.936971094551297
  0
VERTEX
  5
C63
  8
DEFAULT
 10
-730.2061433715755
 20
-44.0942725412894
 30
5.936971094551297
  0
VERTEX
  5
C64
  8
DEFAULT
 10
-730.1857111973698
 20
-44.23009036708362
 30
5.936971094551297
  0
VERTEX
  5
C65
  8
DEFAULT
 10
-730.1626510543758
 20
-44.36328022408969
 30
5.936971094551297
  0
VERTEX
  5
C66
  8
DEFAULT
 10
-730.1368449253971
 20
-44.49372409511096
 30
5.936971094551297
  0
VERTEX
  5
C67
  8
DEFAULT
 10
-730.1081819457943
 20
-44.62131111550815
 30
5.936971094551297
  0
VERTEX
  5
C68
  8
DEFAULT
 10
-730.0765584034855
 20
-44.74593757319934
 30
5.936971094551297
  0
VERTEX
  5
C69
  8
DEFAULT
 10
-730.0418777389461
 20
-44.86750690866
 30
5.936971094551297
  0
VERTEX
  5
C6A
  8
DEFAULT
 10
-730.0040505452091
 20
-44.98592971492297
 30
5.936971094551297
  0
VERTEX
  5
C6B
  8
DEFAULT
 10
-729.9629945678646
 20
-45.10112373757846
 30
5.936971094551297
  0
VERTEX
  5
C6C
  8
DEFAULT
 10
-729.9412320366139
 20
-45.15748620632775
 30
5.936971094551297
  0
VERTEX
  5
C6D
  8
DEFAULT
 10
-729.9186347050602
 20
-45.21301387477405
 30
5.936971094551297
  0
VERTEX
  5
C6E
  8
DEFAULT
 10
-729.895194303059
 20
-45.26769847277291
 30
5.936971094551297
  0
VERTEX
  5
C6F
  8
DEFAULT
 10
-729.8709030075008
 20
-45.32153217721469
 30
5.936971094551297
  0
VERTEX
  5
C70
  8
DEFAULT
 10
-729.8457534423108
 20
-45.37450761202462
 30
5.936971094551297
  0
VERTEX
  5
C71
  8
DEFAULT
 10
-729.8197386784489
 20
-45.42661784816272
 30
5.936971094551297
  0
VERTEX
  5
C72
  8
DEFAULT
 10
-729.79285223391
 20
-45.47785640362389
 30
5.936971094551297
  0
VERTEX
  5
C73
  8
DEFAULT
 10
-729.765088073724
 20
-45.52821724343784
 30
5.936971094551297
  0
VERTEX
  5
C74
  8
DEFAULT
 10
-729.7364406099553
 20
-45.57769477966912
 30
5.936971094551297
  0
VERTEX
  5
C75
  8
DEFAULT
 10
-729.7069047017033
 20
-45.62628387141712
 30
5.936971094551297
  0
VERTEX
  5
C76
  8
DEFAULT
 10
-729.6764756551022
 20
-45.67397982481606
 30
5.936971094551297
  0
VERTEX
  5
C77
  8
DEFAULT
 10
-729.6451492233211
 20
-45.720778393035
 30
5.936971094551297
  0
VERTEX
  5
C78
  8
DEFAULT
 10
-729.612921606564
 20
-45.76667577627785
 30
5.936971094551297
  0
VERTEX
  5
C79
  8
DEFAULT
 10
-729.5797894520695
 20
-45.81166862178333
 30
5.936971094551297
  0
VERTEX
  5
C7A
  8
DEFAULT
 10
-729.5457498541111
 20
-45.855754023825
 30
5.936971094551297
  0
VERTEX
  5
C7B
  8
DEFAULT
 10
-729.5108003539974
 20
-45.89892952371127
 30
5.936971094551297
  0
VERTEX
  5
C7C
  8
DEFAULT
 10
-729.4749389400715
 20
-45.94119310978539
 30
5.936971094551297
  0
VERTEX
  5
C7D
  8
DEFAULT
 10
-729.4381640477116
 20
-45.98254321742542
 30
5.936971094551297
  0
VERTEX
  5
C7E
  8
DEFAULT
 10
-729.4004745593304
 20
-46.02297872904427
 30
5.936971094551297
  0
VERTEX
  5
C7F
  8
DEFAULT
 10
-729.3618698043758
 20
-46.06249897408969
 30
5.936971094551297
  0
VERTEX
  5
C80
  8
DEFAULT
 10
-729.3223495593304
 20
-46.10110372904427
 30
5.936971094551297
  0
VERTEX
  5
C81
  8
DEFAULT
 10
-729.2819140477116
 20
-46.13879321742542
 30
5.936971094551297
  0
VERTEX
  5
C82
  8
DEFAULT
 10
-729.2405639400715
 20
-46.17556810978539
 30
5.936971094551297
  0
VERTEX
  5
C83
  8
DEFAULT
 10
-729.1983003539974
 20
-46.21142952371127
 30
5.936971094551297
  0
VERTEX
  5
C84
  8
DEFAULT
 10
-729.1551248541111
 20
-46.246379023825
 30
5.936971094551297
  0
VERTEX
  5
C85
  8
DEFAULT
 10
-729.1110394520695
 20
-46.28041862178333
 30
5.936971094551297
  0
VERTEX
  5
C86
  8
DEFAULT
 10
-729.066046606564
 20
-46.31355077627785
 30
5.936971094551297
  0
VERTEX
  5
C87
  8
DEFAULT
 10
-729.0201492233211
 20
-46.345778393035
 30
5.936971094551297
  0
VERTEX
  5
C88
  8
DEFAULT
 10
-728.9733506551022
 20
-46.37710482481606
 30
5.936971094551297
  0
VERTEX
  5
C89
  8
DEFAULT
 10
-728.9256547017033
 20
-46.40753387141712
 30
5.936971094551297
  0
VERTEX
  5
C8A
  8
DEFAULT
 10
-728.8770656099553
 20
-46.43706977966912
 30
5.936971094551297
  0
VERTEX
  5
C8B
  8
DEFAULT
 10
-728.827588073724
 20
-46.46571724343784
 30
5.936971094551297
  0
VERTEX
  5
C8C
  8
DEFAULT
 10
-728.77722723391
 20
-46.49348140362389
 30
5.936971094551297
  0
VERTEX
  5
C8D
  8
DEFAULT
 10
-728.7259886784489
 20
-46.52036784816272
 30
5.936971094551297
  0
VERTEX
  5
C8E
  8
DEFAULT
 10
-728.6738784423108
 20
-46.54638261202462
 30
5.936971094551297
  0
VERTEX
  5
C8F
  8
DEFAULT
 10
-728.6209030075008
 20
-46.57153217721469
 30
5.936971094551297
  0
VERTEX
  5
C90
  8
DEFAULT
 10
-728.567069303059
 20
-46.59582347277291
 30
5.936971094551297
  0
VERTEX
  5
C91
  8
DEFAULT
 10
-728.5123847050602
 20
-46.61926387477405
 30
5.936971094551297
  0
VERTEX
  5
C92
  8
DEFAULT
 10
-728.4568570366139
 20
-46.64186120632775
 30
5.936971094551297
  0
VERTEX
  5
C93
  8
DEFAULT
 10
-728.4004945678646
 20
-46.66362373757846
 30
5.936971094551297
  0
VERTEX
  5
C94
  8
DEFAULT
 10
-728.2853005452091
 20
-46.70467971492297
 30
5.936971094551297
  0
VERTEX
  5
C95
  8
DEFAULT
 10
-728.1668777389461
 20
-46.74250690866
 30
5.936971094551297
  0
VERTEX
  5
C96
  8
DEFAULT
 10
-728.0453084034855
 20
-46.77718757319934
 30
5.936971094551297
  0
VERTEX
  5
C97
  8
DEFAULT
 10
-727.9206819457943
 20
-46.80881111550815
 30
5.936971094551297
  0
VERTEX
  5
C98
  8
DEFAULT
 10
-727.7930949253971
 20
-46.83747409511096
 30
5.936971094551297
  0
VERTEX
  5
C99
  8
DEFAULT
 10
-727.6626510543758
 20
-46.86328022408969
 30
5.936971094551297
  0
VERTEX
  5
C9A
  8
DEFAULT
 10
-727.5294611973698
 20
-46.88634036708362
 30
5.936971094551297
  0
VERTEX
  5
C9B
  8
DEFAULT
 10
-727.3936433715755
 20
-46.9067725412894
 30
5.936971094551297
  0
VERTEX
  5
C9C
  8
DEFAULT
 10
-727.2553227467472
 20
-46.92470191646106
 30
5.936971094551297
  0
VERTEX
  5
C9D
  8
DEFAULT
 10
-727.1146316451961
 20
-46.94026081491
 30
5.936971094551297
  0
VERTEX
  5
C9E
  8
DEFAULT
 10
-726.8267030639583
 20
-46.96483223367221
 30
5.936971094551297
  0
VERTEX
  5
C9F
  8
DEFAULT
 10
-726.5310592575008
 20
-46.98168842721469
 30
5.936971094551297
  0
VERTEX
  5
CA0
  8
DEFAULT
 10
-725.9220046920711
 20
-46.997633861785
 30
5.936971094551297
  0
VERTEX
  5
CA1
  8
DEFAULT
 10
-725.2993698043758
 20
-46.99999897408969
 30
5.936971094551297
  0
VERTEX
  5
CA2
  8
DEFAULT
 10
-722.2342427734199
 20
-46.99999897408969
 30
5.936971094551297
  0
VERTEX
  5
CA3
  8
DEFAULT
 10
-721.6116078857244
 20
-47.00236408639438
 30
5.936971094551297
  0
VERTEX
  5
CA4
  8
DEFAULT
 10
-721.0025533202947
 20
-47.01830952096469
 30
5.936971094551297
  0
VERTEX
  5
CA5
  8
DEFAULT
 10
-720.7069095138372
 20
-47.03516571450717
 30
5.936971094551297
  0
VERTEX
  5
CA6
  8
DEFAULT
 10
-720.4189809325994
 20
-47.05973713326938
 30
5.936971094551297
  0
VERTEX
  5
CA7
  8
DEFAULT
 10
-720.2782898310484
 20
-47.07529603171831
 30
5.936971094551297
  0
VERTEX
  5
CA8
  8
DEFAULT
 10
-720.13996920622
 20
-47.09322540688997
 30
5.936971094551297
  0
VERTEX
  5
CA9
  8
DEFAULT
 10
-720.0041513804258
 20
-47.11365758109575
 30
5.936971094551297
  0
VERTEX
  5
CAA
  8
DEFAULT
 10
-719.8709615234197
 20
-47.13671772408968
 30
5.936971094551297
  0
VERTEX
  5
CAB
  8
DEFAULT
 10
-719.7405176523985
 20
-47.16252385306841
 30
5.936971094551297
  0
VERTEX
  5
CAC
  8
DEFAULT
 10
-719.6129306320013
 20
-47.19118683267122
 30
5.936971094551297
  0
VERTEX
  5
CAD
  8
DEFAULT
 10
-719.4883041743101
 20
-47.22281037498003
 30
5.936971094551297
  0
VERTEX
  5
CAE
  8
DEFAULT
 10
-719.3667348388494
 20
-47.25749103951937
 30
5.936971094551297
  0
VERTEX
  5
CAF
  8
DEFAULT
 10
-719.2483120325865
 20
-47.2953182332564
 30
5.936971094551297
  0
VERTEX
  5
CB0
  8
DEFAULT
 10
-719.133118009931
 20
-47.33637421060091
 30
5.936971094551297
  0
VERTEX
  5
CB1
  8
DEFAULT
 10
-719.0767555411817
 20
-47.35813674185162
 30
5.936971094551297
  0
VERTEX
  5
CB2
  8
DEFAULT
 10
-719.0212278727354
 20
-47.38073407340532
 30
5.936971094551297
  0
VERTEX
  5
CB3
  8
DEFAULT
 10
-718.9665432747365
 20
-47.40417447540646
 30
5.936971094551297
  0
VERTEX
  5
CB4
  8
DEFAULT
 10
-718.9127095702947
 20
-47.42846577096468
 30
5.936971094551297
  0
VERTEX
  5
CB5
  8
DEFAULT
 10
-718.8597341354848
 20
-47.45361533615475
 30
5.936971094551297
  0
VERTEX
  5
CB6
  8
DEFAULT
 10
-718.8076238993467
 20
-47.47963010001665
 30
5.936971094551297
  0
VERTEX
  5
CB7
  8
DEFAULT
 10
-718.7563853438855
 20
-47.50651654455548
 30
5.936971094551297
  0
VERTEX
  5
CB8
  8
DEFAULT
 10
-718.7060245040716
 20
-47.53428070474153
 30
5.936971094551297
  0
VERTEX
  5
CB9
  8
DEFAULT
 10
-718.6565469678403
 20
-47.56292816851025
 30
5.936971094551297
  0
VERTEX
  5
CBA
  8
DEFAULT
 10
-718.6079578760923
 20
-47.59246407676225
 30
5.936971094551297
  0
VERTEX
  5
CBB
  8
DEFAULT
 10
-718.5602619226934
 20
-47.62289312336331
 30
5.936971094551297
  0
VERTEX
  5
CBC
  8
DEFAULT
 10
-718.5134633544744
 20
-47.65421955514437
 30
5.936971094551297
  0
VERTEX
  5
CBD
  8
DEFAULT
 10
-718.4675659712316
 20
-47.68644717190152
 30
5.936971094551297
  0
VERTEX
  5
CBE
  8
DEFAULT
 10
-718.4225731257261
 20
-47.71957932639604
 30
5.936971094551297
  0
VERTEX
  5
CBF
  8
DEFAULT
 10
-718.3784877236844
 20
-47.75361892435437
 30
5.936971094551297
  0
VERTEX
  5
CC0
  8
DEFAULT
 10
-718.3353122237982
 20
-47.7885684244681
 30
5.936971094551297
  0
VERTEX
  5
CC1
  8
DEFAULT
 10
-718.293048637724
 20
-47.82442983839398
 30
5.936971094551297
  0
VERTEX
  5
CC2
  8
DEFAULT
 10
-718.251698530084
 20
-47.86120473075395
 30
5.936971094551297
  0
VERTEX
  5
CC3
  8
DEFAULT
 10
-718.2112630184652
 20
-47.8988942191351
 30
5.936971094551297
  0
VERTEX
  5
CC4
  8
DEFAULT
 10
-718.1717427734197
 20
-47.93749897408967
 30
5.936971094551297
  0
VERTEX
  5
CC5
  8
DEFAULT
 10
-718.1331380184652
 20
-47.97701921913509
 30
5.936971094551297
  0
VERTEX
  5
CC6
  8
DEFAULT
 10
-718.095448530084
 20
-48.01745473075394
 30
5.936971094551297
  0
VERTEX
  5
CC7
  8
DEFAULT
 10
-718.058673637724
 20
-48.05880483839397
 30
5.936971094551297
  0
VERTEX
  5
CC8
  8
DEFAULT
 10
-718.0228122237982
 20
-48.10106842446808
 30
5.936971094551297
  0
VERTEX
  5
CC9
  8
DEFAULT
 10
-717.9878627236844
 20
-48.14424392435436
 30
5.936971094551297
  0
VERTEX
  5
CCA
  8
DEFAULT
 10
-717.9538231257261
 20
-48.18832932639603
 30
5.936971094551297
  0
VERTEX
  5
CCB
  8
DEFAULT
 10
-717.9206909712316
 20
-48.23332217190151
 30
5.936971094551297
  0
VERTEX
  5
CCC
  8
DEFAULT
 10
-717.8884633544744
 20
-48.27921955514435
 30
5.936971094551297
  0
VERTEX
  5
CCD
  8
DEFAULT
 10
-717.8571369226934
 20
-48.3260181233633
 30
5.936971094551297
  0
VERTEX
  5
CCE
  8
DEFAULT
 10
-717.8267078760923
 20
-48.37371407676224
 30
5.936971094551297
  0
VERTEX
  5
CCF
  8
DEFAULT
 10
-717.7971719678403
 20
-48.42230316851024
 30
5.936971094551297
  0
VERTEX
  5
CD0
  8
DEFAULT
 10
-717.7685245040716
 20
-48.47178070474152
 30
5.936971094551297
  0
VERTEX
  5
CD1
  8
DEFAULT
 10
-717.7407603438855
 20
-48.52214154455547
 30
5.936971094551297
  0
VERTEX
  5
CD2
  8
DEFAULT
 10
-717.7138738993467
 20
-48.57338010001664
 30
5.936971094551297
  0
VERTEX
  5
CD3
  8
DEFAULT
 10
-717.6878591354848
 20
-48.62549033615474
 30
5.936971094551297
  0
VERTEX
  5
CD4
  8
DEFAULT
 10
-717.6627095702947
 20
-48.67846577096466
 30
5.936971094551297
  0
VERTEX
  5
CD5
  8
DEFAULT
 10
-717.6384182747365
 20
-48.73229947540645
 30
5.936971094551297
  0
VERTEX
  5
CD6
  8
DEFAULT
 10
-717.6149778727354
 20
-48.78698407340531
 30
5.936971094551297
  0
VERTEX
  5
CD7
  8
DEFAULT
 10
-717.5923805411817
 20
-48.84251174185161
 30
5.936971094551297
  0
VERTEX
  5
CD8
  8
DEFAULT
 10
-717.570618009931
 20
-48.89887421060089
 30
5.936971094551297
  0
VERTEX
  5
CD9
  8
DEFAULT
 10
-717.5295620325865
 20
-49.01406823325638
 30
5.936971094551297
  0
VERTEX
  5
CDA
  8
DEFAULT
 10
-717.4917348388494
 20
-49.13249103951935
 30
5.936971094551297
  0
VERTEX
  5
CDB
  8
DEFAULT
 10
-717.4570541743101
 20
-49.25406037498001
 30
5.936971094551297
  0
VERTEX
  5
CDC
  8
DEFAULT
 10
-717.4254306320013
 20
-49.37868683267121
 30
5.936971094551297
  0
VERTEX
  5
CDD
  8
DEFAULT
 10
-717.3967676523985
 20
-49.50627385306839
 30
5.936971094551297
  0
VERTEX
  5
CDE
  8
DEFAULT
 10
-717.3709615234197
 20
-49.63671772408966
 30
5.936971094551297
  0
VERTEX
  5
CDF
  8
DEFAULT
 10
-717.3479013804258
 20
-49.76990758109574
 30
5.936971094551297
  0
VERTEX
  5
CE0
  8
DEFAULT
 10
-717.32746920622
 20
-49.90572540688996
 30
5.936971094551297
  0
VERTEX
  5
CE1
  8
DEFAULT
 10
-717.3095398310484
 20
-50.0440460317183
 30
5.936971094551297
  0
VERTEX
  5
CE2
  8
DEFAULT
 10
-717.2939809325994
 20
-50.18473713326935
 30
5.936971094551297
  0
VERTEX
  5
CE3
  8
DEFAULT
 10
-717.2694095138372
 20
-50.47266571450714
 30
5.936971094551297
  0
VERTEX
  5
CE4
  8
DEFAULT
 10
-717.2525533202947
 20
-50.76830952096466
 30
5.936971094551297
  0
VERTEX
  5
CE5
  8
DEFAULT
 10
-717.2366078857244
 20
-51.37736408639435
 30
5.936971094551297
  0
VERTEX
  5
CE6
  8
DEFAULT
 10
-717.2342427734197
 20
-51.99999897408966
 30
5.936971094551297
  0
VERTEX
  5
CE7
  8
DEFAULT
 10
-717.2342427734197
 20
-65.40004011345395
 30
5.936971094551297
  0
VERTEX
  5
CE8
  8
DEFAULT
 10
-712.2342427734197
 20
-65.40004011345395
 30
5.936971094551297
  0
VERTEX
  5
CE9
  8
DEFAULT
 10
-712.2342427734197
 20
-88.75169849325668
 30
5.936971094551297
  0
VERTEX
  5
CEA
  8
DEFAULT
 10
-717.2342427734197
 20
-88.75169849325668
 30
5.936971094551297
  0
VERTEX
  5
CEB
  8
DEFAULT
 10
-717.2342427734197
 20
-129.8984412192077
 30
5.936971094551297
  0
VERTEX
  5
CEC
  8
DEFAULT
 10
-712.2342427734197
 20
-129.8984412192077
 30
5.936971094551297
  0
VERTEX
  5
CED
  8
DEFAULT
 10
-712.2342427734197
 20
-153.2500995990104
 30
5.936971094551297
  0
VERTEX
  5
CEE
  8
DEFAULT
 10
-717.2342427734197
 20
-153.2500995990104
 30
5.936971094551297
  0
VERTEX
  5
CEF
  8
DEFAULT
 10
-717.2342427734197
 20
-172.0000000000001
 30
5.936971094551297
  0
VERTEX
  5
CF0
  8
DEFAULT
 10
-725.3056629407645
 20
-172.0000000000001
 30
5.936971094551297
  0
VERTEX
  5
CF1
  8
DEFAULT
 10
-725.3056629407645
 20
-166.0
 30
5.936971094551297
  0
VERTEX
  5
CF2
  8
DEFAULT
 10
-737.6943370583659
 20
-166.0
 30
5.936971094551297
  0
VERTEX
  5
CF3
  8
DEFAULT
 10
-737.6943370583659
 20
-172.0000000000001
 30
5.936971094551297
  0
VERTEX
  5
CF4
  8
DEFAULT
 10
-751.7657572265803
 20
-172.0000000000001
 30
5.936971094551297
  0
VERTEX
  5
CF5
  8
DEFAULT
 10
-751.7657572261455
 20
-152.0
 30
5.936971094551297
  0
VERTEX
  5
CF6
  8
DEFAULT
 10
-745.7657572257107
 20
-152.0
 30
5.936971094551297
  0
VERTEX
  5
CF7
  8
DEFAULT
 10
-745.7657572257107
 20
-116.9316063988464
 30
5.936971094551297
  0
VERTEX
  5
CF8
  8
DEFAULT
 10
-751.7657572261455
 20
-116.9316063988464
 30
5.936971094551297
  0
VERTEX
  5
CF9
  8
DEFAULT
 10
-751.765757225957
 20
-79.99999999999997
 30
5.936971094551297
  0
VERTEX
  5
CFA
  8
DEFAULT
 10
-745.7657572257107
 20
-79.99999999999999
 30
5.936971094551297
  0
VERTEX
  5
CFB
  8
DEFAULT
 10
-745.7657572257107
 20
-44.93160639884638
 30
5.936971094551297
  0
VERTEX
  5
CFC
  8
DEFAULT
 10
-751.7657572259845
 20
-44.93160639884636
 30
5.936971094551297
  0
VERTEX
  5
CFD
  8
DEFAULT
 10
-751.765757225961
 20
33.14610400927772
 30
5.936971094551297
  0
VERTEX
  5
CFE
  8
DEFAULT
 10
-745.7657572257107
 20
33.14610400927772
 30
5.936971094551297
  0
VERTEX
  5
CFF
  8
DEFAULT
 10
-745.7657572257107
 20
52.99999999999987
 30
5.936971094551297
  0
VERTEX
  5
D00
  8
DEFAULT
 10
-751.7657572261903
 20
52.99999999999987
 30
5.936971094551297
  0
VERTEX
  5
D01
  8
DEFAULT
 10
-751.7657572262334
 20
87.24377791350926
 30
5.936971094551297
  0
VERTEX
  5
D02
  8
DEFAULT
 10
-751.7548444006143
 20
88.45285434078428
 30
5.936971094551297
  0
VERTEX
  5
D03
  8
DEFAULT
 10
-751.744299319216
 20
88.75391738351969
 30
5.936971094551297
  0
VERTEX
  5
D04
  8
DEFAULT
 10
-751.7284706143635
 20
89.05351348976185
 30
5.936971094551297
  0
VERTEX
  5
D05
  8
DEFAULT
 10
-751.7062835159884
 20
89.35093395998688
 30
5.936971094551297
  0
VERTEX
  5
D06
  8
DEFAULT
 10
-751.6766836284986
 20
89.64538126618442
 30
5.936971094551297
  0
VERTEX
  5
D07
  8
DEFAULT
 10
-751.6386483553048
 20
89.93599083551555
 30
5.936971094551297
  0
VERTEX
  5
D08
  8
DEFAULT
 10
-751.6161593941789
 20
90.07957331809587
 30
5.936971094551297
  0
VERTEX
  5
D09
  8
DEFAULT
 10
-751.5911983233466
 20
90.22185283397093
 30
5.936971094551297
  0
VERTEX
  5
D0A
  8
DEFAULT
 10
-751.5636513491881
 20
90.36271215571307
 30
5.936971094551297
  0
VERTEX
  5
D0B
  8
DEFAULT
 10
-751.5334088076199
 20
90.50203395002873
 30
5.936971094551297
  0
VERTEX
  5
D0C
  8
DEFAULT
 10
-751.5003655211118
 20
90.63970145849774
 30
5.936971094551297
  0
VERTEX
  5
D0D
  8
DEFAULT
 10
-751.4644211557024
 20
90.77559917831272
 30
5.936971094551297
  0
VERTEX
  5
D0E
  8
DEFAULT
 10
-751.4254805780164
 20
90.90961354301822
 30
5.936971094551297
  0
VERTEX
  5
D0F
  8
DEFAULT
 10
-751.3834542122804
 20
91.04163360325026
 30
5.936971094551297
  0
VERTEX
  5
D10
  8
DEFAULT
 10
-751.3382583973398
 20
91.17155170747544
 30
5.936971094551297
  0
VERTEX
  5
D11
  8
DEFAULT
 10
-751.2898157436749
 20
91.2992641827304
 30
5.936971094551297
  0
VERTEX
  5
D12
  8
DEFAULT
 10
-751.238055490418
 20
91.42467201536101
 30
5.936971094551297
  0
VERTEX
  5
D13
  8
DEFAULT
 10
-751.1829138623688
 20
91.54768153176181
 30
5.936971094551297
  0
VERTEX
  5
D14
  8
DEFAULT
 10
-751.1243344270117
 20
91.66820507911521
 30
5.936971094551297
  0
VERTEX
  5
D15
  8
DEFAULT
 10
-751.0622684515322
 20
91.78616170613088
 30
5.936971094551297
  0
VERTEX
  5
D16
  8
DEFAULT
 10
-750.996675259833
 20
91.90147784378505
 30
5.936971094551297
  0
VERTEX
  5
D17
  8
DEFAULT
 10
-750.9275225895501
 20
92.01408798605974
 30
5.936971094551297
  0
VERTEX
  5
D18
  8
DEFAULT
 10
-750.8547869490707
 20
92.1239353706822
 30
5.936971094551297
  0
VERTEX
  5
D19
  8
DEFAULT
 10
-750.7784539745478
 20
92.23097265986418
 30
5.936971094551297
  0
VERTEX
  5
D1A
  8
DEFAULT
 10
-750.7389365820513
 20
92.28342547013932
 30
5.936971094551297
  0
VERTEX
  5
D1B
  8
DEFAULT
 10
-750.6985187869182
 20
92.33516262104119
 30
5.936971094551297
  0
VERTEX
  5
D1C
  8
DEFAULT
 10
-750.6572015198358
 20
92.38618114912427
 30
5.936971094551297
  0
VERTEX
  5
D1D
  8
DEFAULT
 10
-750.6149863489178
 20
92.43647880761188
 30
5.936971094551297
  0
VERTEX
  5
D1E
  8
DEFAULT
 10
-750.5718754908603
 20
92.48605408766942
 30
5.936971094551297
  0
VERTEX
  5
D1F
  8
DEFAULT
 10
-750.5278718220989
 20
92.53490623967733
 30
5.936971094551297
  0
VERTEX
  5
D20
  8
DEFAULT
 10
-750.4372009238463
 20
92.6304420847803
 30
5.936971094551297
  0
VERTEX
  5
D21
  8
DEFAULT
 10
-750.3430102843931
 20
92.7230963386447
 30
5.936971094551297
  0
VERTEX
  5
D22
  8
DEFAULT
 10
-750.245347803839
 20
92.8128925059147
 30
5.936971094551297
  0
VERTEX
  5
D23
  8
DEFAULT
 10
-750.1442730091642
 20
92.89986828089425
 30
5.936971094551297
  0
VERTEX
  5
D24
  8
DEFAULT
 10
-750.0398574112484
 20
92.98407622828627
 30
5.936971094551297
  0
VERTEX
  5
D25
  8
DEFAULT
 10
-749.9321848618852
 20
93.06558446393193
 30
5.936971094551297
  0
VERTEX
  5
D26
  8
DEFAULT
 10
-749.8213519107998
 20
93.14447733555002
 30
5.936971094551297
  0
VERTEX
  5
D27
  8
DEFAULT
 10
-749.7074681626648
 20
93.22085610347635
 30
5.936971094551297
  0
VERTEX
  5
D28
  8
DEFAULT
 10
-749.5906566341174
 20
93.29483962140291
 30
5.936971094551297
  0
VERTEX
  5
D29
  8
DEFAULT
 10
-749.471054110775
 20
93.36656501711728
 30
5.936971094551297
  0
VERTEX
  5
D2A
  8
DEFAULT
 10
-749.3488115042518
 20
93.43618837324189
 30
5.936971094551297
  0
VERTEX
  5
D2B
  8
DEFAULT
 10
-749.2240942091757
 20
93.50388540797339
 30
5.936971094551297
  0
VERTEX
  5
D2C
  8
DEFAULT
 10
-749.097082460205
 20
93.56985215582188
 30
5.936971094551297
  0
VERTEX
  5
D2D
  8
DEFAULT
 10
-748.8369728814578
 20
93.6974845949137
 30
5.936971094551297
  0
VERTEX
  5
D2E
  8
DEFAULT
 10
-748.5702350124959
 20
93.82108616096235
 30
5.936971094551297
  0
VERTEX
  5
D2F
  8
DEFAULT
 10
-748.0251962540547
 20
94.06606348102824
 30
5.936971094551297
  0
VERTEX
  5
D30
  8
DEFAULT
 10
-747.7517469993096
 20
94.19337045222775
 30
5.936971094551297
  0
VERTEX
  5
D31
  8
DEFAULT
 10
-747.6159933669305
 20
94.25973420774545
 30
5.936971094551297
  0
VERTEX
  5
D32
  8
DEFAULT
 10
-747.4813955728711
 20
94.3285525520648
 30
5.936971094551297
  0
VERTEX
  5
D33
  8
DEFAULT
 10
-747.3339804239563
 20
94.40821849383565
 30
5.936971094551297
  0
VERTEX
  5
D34
  8
DEFAULT
 10
-747.1896689213235
 20
94.49098808188896
 30
5.936971094551297
  0
VERTEX
  5
D35
  8
DEFAULT
 10
-747.0484833515583
 20
94.57688360281045
 30
5.936971094551297
  0
VERTEX
  5
D36
  8
DEFAULT
 10
-746.9104436930572
 20
94.66592503499663
 30
5.936971094551297
  0
VERTEX
  5
D37
  8
DEFAULT
 10
-746.7755676160276
 20
94.75813004865476
 30
5.936971094551297
  0
VERTEX
  5
D38
  8
DEFAULT
 10
-746.6438704824875
 20
94.85351400580299
 30
5.936971094551297
  0
VERTEX
  5
D39
  8
DEFAULT
 10
-746.515365346266
 20
94.95208996027017
 30
5.936971094551297
  0
VERTEX
  5
D3A
  8
DEFAULT
 10
-746.3900629530026
 20
95.05386865769592
 30
5.936971094551297
  0
VERTEX
  5
D3B
  8
DEFAULT
 10
-746.2679717401478
 20
95.15885853553073
 30
5.936971094551297
  0
VERTEX
  5
D3C
  8
DEFAULT
 10
-746.1490978369629
 20
95.26706572303583
 30
5.936971094551297
  0
VERTEX
  5
D3D
  8
DEFAULT
 10
-746.0334450645199
 20
95.37849404128323
 30
5.936971094551297
  0
VERTEX
  5
D3E
  8
DEFAULT
 10
-745.9210149357017
 20
95.49314500315575
 30
5.936971094551297
  0
VERTEX
  5
D3F
  8
DEFAULT
 10
-745.8118066552017
 20
95.61101781334696
 30
5.936971094551297
  0
VERTEX
  5
D40
  8
DEFAULT
 10
-745.7058171195247
 20
95.73210936836131
 30
5.936971094551297
  0
VERTEX
  5
D41
  8
DEFAULT
 10
-745.6030409169856
 20
95.85641425651389
 30
5.936971094551297
  0
VERTEX
  5
D42
  8
DEFAULT
 10
-745.5034703277104
 20
95.98392475793074
 30
5.936971094551297
  0
VERTEX
  5
D43
  8
DEFAULT
 10
-745.407095323636
 20
96.11463084454856
 30
5.936971094551297
  0
VERTEX
  5
D44
  8
DEFAULT
 10
-745.3139035685097
 20
96.2485201801149
 30
5.936971094551297
  0
VERTEX
  5
D45
  8
DEFAULT
 10
-745.2238804178902
 20
96.38557812018809
 30
5.936971094551297
  0
VERTEX
  5
D46
  8
DEFAULT
 10
-745.1370089191462
 20
96.5257877121372
 30
5.936971094551297
  0
VERTEX
  5
D47
  8
DEFAULT
 10
-745.0532698114579
 20
96.66912969514215
 30
5.936971094551297
  0
VERTEX
  5
D48
  8
DEFAULT
 10
-744.972641525816
 20
96.81558250019364
 30
5.936971094551297
  0
VERTEX
  5
D49
  8
DEFAULT
 10
-744.8951001850219
 20
96.96512225009312
 30
5.936971094551297
  0
VERTEX
  5
D4A
  8
DEFAULT
 10
-744.8206196036879
 20
97.11772275945287
 30
5.936971094551297
  0
VERTEX
  5
D4B
  8
DEFAULT
 10
-744.749171288237
 20
97.27335553469592
 30
5.936971094551297
  0
VERTEX
  5
D4C
  8
DEFAULT
 10
-744.6807244369032
 20
97.43198977405612
 30
5.936971094551297
  0
VERTEX
  5
D4D
  8
DEFAULT
 10
-744.615245939731
 20
97.59359236757808
 30
5.936971094551297
  0
VERTEX
  5
D4E
  8
DEFAULT
 10
-744.5527003785758
 20
97.75812789711725
 30
5.936971094551297
  0
VERTEX
  5
D4F
  8
DEFAULT
 10
-744.4930500271039
 20
97.92555863633976
 30
5.936971094551297
  0
VERTEX
  5
D50
  8
DEFAULT
 10
-744.4362548507922
 20
98.09584455072263
 30
5.936971094551297
  0
VERTEX
  5
D51
  8
DEFAULT
 10
-744.3822725069288
 20
98.26894329755365
 30
5.936971094551297
  0
VERTEX
  5
D52
  8
DEFAULT
 10
-744.3310583446117
 20
98.44481022593132
 30
5.936971094551297
  0
VERTEX
  5
D53
  8
DEFAULT
 10
-744.2825654047507
 20
98.62339837676504
 30
5.936971094551297
  0
VERTEX
  5
D54
  8
DEFAULT
 10
-744.2367444200659
 20
98.80465848277493
 30
5.936971094551297
  0
VERTEX
  5
D55
  8
DEFAULT
 10
-744.1529097061587
 20
99.17498595025768
 30
5.936971094551297
  0
VERTEX
  5
D56
  8
DEFAULT
 10
-744.0791139008672
 20
99.5553523263564
 30
5.936971094551297
  0
VERTEX
  5
D57
  8
DEFAULT
 10
-744.014879771141
 20
99.9452803780205
 30
5.936971094551297
  0
VERTEX
  5
D58
  8
DEFAULT
 10
-743.9596931529021
 20
100.344255941172
 30
5.936971094551297
  0
VERTEX
  5
D59
  8
DEFAULT
 10
-743.9130029510452
 20
100.7517279207056
 30
5.936971094551297
  0
VERTEX
  5
D5A
  8
DEFAULT
 10
-743.8742211394374
 20
101.1671082904884
 30
5.936971094551297
  0
VERTEX
  5
D5B
  8
DEFAULT
 10
-743.8427227609186
 20
101.5897720933603
 30
5.936971094551297
  0
VERTEX
  5
D5C
  8
DEFAULT
 10
-743.7988918193705
 20
102.4542655145936
 30
5.936971094551297
  0
VERTEX
  5
D5D
  8
DEFAULT
 10
-743.7757718485716
 20
103.3394699065759
 30
5.936971094551297
  0
VERTEX
  5
D5E
  8
DEFAULT
 10
-743.7657572257107
 20
105.1461040092778
 30
5.936971094551297
  0
VERTEX
  5
D5F
  8
DEFAULT
 10
-743.7657572257107
 20
116.2144976104312
 30
5.936971094551297
  0
VERTEX
  5
D60
  8
DEFAULT
 10
-743.7757718485716
 20
118.0211317131336
 30
5.936971094551297
  0
VERTEX
  5
D61
  8
DEFAULT
 10
-743.7988918193706
 20
118.9063361051162
 30
5.936971094551297
  0
VERTEX
  5
D62
  8
DEFAULT
 10
-743.8427227609188
 20
119.7708295263496
 30
5.936971094551297
  0
VERTEX
  5
D63
  8
DEFAULT
 10
-743.8742211394376
 20
120.1934933292216
 30
5.936971094551297
  0
VERTEX
  5
D64
  8
DEFAULT
 10
-743.9130029510455
 20
120.6088736990045
 30
5.936971094551297
  0
VERTEX
  5
D65
  8
DEFAULT
 10
-743.9596931529026
 20
121.0163456785382
 30
5.936971094551297
  0
VERTEX
  5
D66
  8
DEFAULT
 10
-744.0148797711414
 20
121.4153212416898
 30
5.936971094551297
  0
VERTEX
  5
D67
  8
DEFAULT
 10
-744.0791139008677
 20
121.805249293354
 30
5.936971094551297
  0
VERTEX
  5
D68
  8
DEFAULT
 10
-744.152909706159
 20
122.1856156694527
 30
5.936971094551297
  0
VERTEX
  5
D69
  8
DEFAULT
 10
-744.2367444200662
 20
122.5559431369355
 30
5.936971094551297
  0
VERTEX
  5
D6A
  8
DEFAULT
 10
-744.2825654047513
 20
122.7372032429454
 30
5.936971094551297
  0
VERTEX
  5
D6B
  8
DEFAULT
 10
-744.3310583446123
 20
122.9157913937792
 30
5.936971094551297
  0
VERTEX
  5
D6C
  8
DEFAULT
 10
-744.3822725069293
 20
123.0916583221569
 30
5.936971094551297
  0
VERTEX
  5
D6D
  8
DEFAULT
 10
-744.436254850793
 20
123.2647570689879
 30
5.936971094551297
  0
VERTEX
  5
D6E
  8
DEFAULT
 10
-744.4930500271047
 20
123.4350429833708
 30
5.936971094551297
  0
VERTEX
  5
D6F
  8
DEFAULT
 10
-744.5527003785767
 20
123.6024737225933
 30
5.936971094551297
  0
VERTEX
  5
D70
  8
DEFAULT
 10
-744.6152459397317
 20
123.7670092521325
 30
5.936971094551297
  0
VERTEX
  5
D71
  8
DEFAULT
 10
-744.680724436904
 20
123.9286118456544
 30
5.936971094551297
  0
VERTEX
  5
D72
  8
DEFAULT
 10
-744.7491712882379
 20
124.0872460850146
 30
5.936971094551297
  0
VERTEX
  5
D73
  8
DEFAULT
 10
-744.8206196036888
 20
124.2428788602577
 30
5.936971094551297
  0
VERTEX
  5
D74
  8
DEFAULT
 10
-744.8951001850228
 20
124.3954793696174
 30
5.936971094551297
  0
VERTEX
  5
D75
  8
DEFAULT
 10
-744.9726415258169
 20
124.5450191195169
 30
5.936971094551297
  0
VERTEX
  5
D76
  8
DEFAULT
 10
-745.0532698114588
 20
124.6914719245684
 30
5.936971094551297
  0
VERTEX
  5
D77
  8
DEFAULT
 10
-745.1370089191471
 20
124.8348139075733
 30
5.936971094551297
  0
VERTEX
  5
D78
  8
DEFAULT
 10
-745.2238804178911
 20
124.9750234995224
 30
5.936971094551297
  0
VERTEX
  5
D79
  8
DEFAULT
 10
-745.3139035685106
 20
125.1120814395956
 30
5.936971094551297
  0
VERTEX
  5
D7A
  8
DEFAULT
 10
-745.4070953236369
 20
125.2459707751619
 30
5.936971094551297
  0
VERTEX
  5
D7B
  8
DEFAULT
 10
-745.5034703277113
 20
125.3766768617797
 30
5.936971094551297
  0
VERTEX
  5
D7C
  8
DEFAULT
 10
-745.6030409169865
 20
125.5041873631965
 30
5.936971094551297
  0
VERTEX
  5
D7D
  8
DEFAULT
 10
-745.7058171195255
 20
125.6284922513491
 30
5.936971094551297
  0
VERTEX
  5
D7E
  8
DEFAULT
 10
-745.8118066552024
 20
125.7495838063633
 30
5.936971094551297
  0
VERTEX
  5
D7F
  8
DEFAULT
 10
-745.9210149357024
 20
125.8674566165546
 30
5.936971094551297
  0
VERTEX
  5
D80
  8
DEFAULT
 10
-746.0334450645205
 20
125.982107578427
 30
5.936971094551297
  0
VERTEX
  5
D81
  8
DEFAULT
 10
-746.1490978369634
 20
126.0935358966744
 30
5.936971094551297
  0
VERTEX
  5
D82
  8
DEFAULT
 10
-746.2679717401483
 20
126.2017430841795
 30
5.936971094551297
  0
VERTEX
  5
D83
  8
DEFAULT
 10
-746.390062953003
 20
126.3067329620142
 30
5.936971094551297
  0
VERTEX
  5
D84
  8
DEFAULT
 10
-746.5153653462664
 20
126.4085116594399
 30
5.936971094551297
  0
VERTEX
  5
D85
  8
DEFAULT
 10
-746.643870482488
 20
126.507087613907
 30
5.936971094551297
  0
VERTEX
  5
D86
  8
DEFAULT
 10
-746.7755676160281
 20
126.6024715710552
 30
5.936971094551297
  0
VERTEX
  5
D87
  8
DEFAULT
 10
-746.9104436930575
 20
126.6946765847133
 30
5.936971094551297
  0
VERTEX
  5
D88
  8
DEFAULT
 10
-747.0484833515585
 20
126.7837180168994
 30
5.936971094551297
  0
VERTEX
  5
D89
  8
DEFAULT
 10
-747.1896689213236
 20
126.8696135378208
 30
5.936971094551297
  0
VERTEX
  5
D8A
  8
DEFAULT
 10
-747.3339804239562
 20
126.9523831258741
 30
5.936971094551297
  0
VERTEX
  5
D8B
  8
DEFAULT
 10
-747.4813955728706
 20
127.0320490676449
 30
5.936971094551297
  0
VERTEX
  5
D8C
  8
DEFAULT
 10
-747.6159933669298
 20
127.1008674119642
 30
5.936971094551297
  0
VERTEX
  5
D8D
  8
DEFAULT
 10
-747.7517469993088
 20
127.1672311674819
 30
5.936971094551297
  0
VERTEX
  5
D8E
  8
DEFAULT
 10
-748.0251962540535
 20
127.2945381386814
 30
5.936971094551297
  0
VERTEX
  5
D8F
  8
DEFAULT
 10
-748.5702350124938
 20
127.5395154587473
 30
5.936971094551297
  0
VERTEX
  5
D90
  8
DEFAULT
 10
-748.8369728814553
 20
127.6631170247959
 30
5.936971094551297
  0
VERTEX
  5
D91
  8
DEFAULT
 10
-749.097082460202
 20
127.7907494638877
 30
5.936971094551297
  0
VERTEX
  5
D92
  8
DEFAULT
 10
-749.2240942091728
 20
127.8567162117362
 30
5.936971094551297
  0
VERTEX
  5
D93
  8
DEFAULT
 10
-749.3488115042485
 20
127.9244132464677
 30
5.936971094551297
  0
VERTEX
  5
D94
  8
DEFAULT
 10
-749.4710541107715
 20
127.9940366025923
 30
5.936971094551297
  0
VERTEX
  5
D95
  8
DEFAULT
 10
-749.5906566341138
 20
128.0657619983066
 30
5.936971094551297
  0
VERTEX
  5
D96
  8
DEFAULT
 10
-749.707468162661
 20
128.1397455162332
 30
5.936971094551297
  0
VERTEX
  5
D97
  8
DEFAULT
 10
-749.8213519107958
 20
128.2161242841595
 30
5.936971094551297
  0
VERTEX
  5
D98
  8
DEFAULT
 10
-749.9321848618808
 20
128.2950171557776
 30
5.936971094551297
  0
VERTEX
  5
D99
  8
DEFAULT
 10
-750.0398574112439
 20
128.3765253914232
 30
5.936971094551297
  0
VERTEX
  5
D9A
  8
DEFAULT
 10
-750.1442730091596
 20
128.4607333388152
 30
5.936971094551297
  0
VERTEX
  5
D9B
  8
DEFAULT
 10
-750.2453478038342
 20
128.5477091137948
 30
5.936971094551297
  0
VERTEX
  5
D9C
  8
DEFAULT
 10
-750.3430102843881
 20
128.6375052810648
 30
5.936971094551297
  0
VERTEX
  5
D9D
  8
DEFAULT
 10
-750.4372009238411
 20
128.7301595349292
 30
5.936971094551297
  0
VERTEX
  5
D9E
  8
DEFAULT
 10
-750.5278718220936
 20
128.8256953800321
 30
5.936971094551297
  0
VERTEX
  5
D9F
  8
DEFAULT
 10
-750.5718754908548
 20
128.87454753204
 30
5.936971094551297
  0
VERTEX
  5
DA0
  8
DEFAULT
 10
-750.6149863489122
 20
128.9241228120976
 30
5.936971094551297
  0
VERTEX
  5
DA1
  8
DEFAULT
 10
-750.6572015198301
 20
128.9744204705852
 30
5.936971094551297
  0
VERTEX
  5
DA2
  8
DEFAULT
 10
-750.6985187869124
 20
129.0254389986682
 30
5.936971094551297
  0
VERTEX
  5
DA3
  8
DEFAULT
 10
-750.7389365820454
 20
129.0771761495701
 30
5.936971094551297
  0
VERTEX
  5
DA4
  8
DEFAULT
 10
-750.7784539745419
 20
129.1296289598452
 30
5.936971094551297
  0
VERTEX
  5
DA5
  8
DEFAULT
 10
-750.8547869490643
 20
129.2366662490272
 30
5.936971094551297
  0
VERTEX
  5
DA6
  8
DEFAULT
 10
-750.9275225895436
 20
129.3465136336497
 30
5.936971094551297
  0
VERTEX
  5
DA7
  8
DEFAULT
 10
-750.9966752598261
 20
129.4591237759244
 30
5.936971094551297
  0
VERTEX
  5
DA8
  8
DEFAULT
 10
-751.0622684515253
 20
129.5744399135785
 30
5.936971094551297
  0
VERTEX
  5
DA9
  8
DEFAULT
 10
-751.1243344270044
 20
129.6923965405941
 30
5.936971094551297
  0
VERTEX
  5
DAA
  8
DEFAULT
 10
-751.1829138623614
 20
129.8129200879475
 30
5.936971094551297
  0
VERTEX
  5
DAB
  8
DEFAULT
 10
-751.2380554904103
 20
129.9359296043483
 30
5.936971094551297
  0
VERTEX
  5
DAC
  8
DEFAULT
 10
-751.289815743667
 20
130.0613374369789
 30
5.936971094551297
  0
VERTEX
  5
DAD
  8
DEFAULT
 10
-751.3382583973314
 20
130.1890499122339
 30
5.936971094551297
  0
VERTEX
  5
DAE
  8
DEFAULT
 10
-751.3834542122719
 20
130.3189680164591
 30
5.936971094551297
  0
VERTEX
  5
DAF
  8
DEFAULT
 10
-751.4254805780076
 20
130.4509880766911
 30
5.936971094551297
  0
VERTEX
  5
DB0
  8
DEFAULT
 10
-751.4644211556936
 20
130.5850024413966
 30
5.936971094551297
  0
VERTEX
  5
DB1
  8
DEFAULT
 10
-751.5003655211026
 20
130.7209001612116
 30
5.936971094551297
  0
VERTEX
  5
DB2
  8
DEFAULT
 10
-751.5334088076106
 20
130.8585676696806
 30
5.936971094551297
  0
VERTEX
  5
DB3
  8
DEFAULT
 10
-751.5636513491785
 20
130.9978894639962
 30
5.936971094551297
  0
VERTEX
  5
DB4
  8
DEFAULT
 10
-751.5911983233368
 20
131.1387487857384
 30
5.936971094551297
  0
VERTEX
  5
DB5
  8
DEFAULT
 10
-751.6161593941688
 20
131.2810283016134
 30
5.936971094551297
  0
VERTEX
  5
DB6
  8
DEFAULT
 10
-751.6386483552943
 20
131.4246107841937
 30
5.936971094551297
  0
VERTEX
  5
DB7
  8
DEFAULT
 10
-751.6766836284879
 20
131.7152203535249
 30
5.936971094551297
  0
VERTEX
  5
DB8
  8
DEFAULT
 10
-751.7062835159775
 20
132.0096676597224
 30
5.936971094551297
  0
VERTEX
  5
DB9
  8
DEFAULT
 10
-751.728470614352
 20
132.3070881299474
 30
5.936971094551297
  0
VERTEX
  5
DBA
  8
DEFAULT
 10
-751.7442993192041
 20
132.6066842361896
 30
5.936971094551297
  0
VERTEX
  5
DBB
  8
DEFAULT
 10
-751.754844400602
 20
132.9077472789249
 30
5.936971094551297
  0
VERTEX
  5
DBC
  8
DEFAULT
 10
-751.7657572262192
 20
134.1168237061999
 30
5.936971094551297
  0
VERTEX
  5
DBD
  8
DEFAULT
 10
-751.7657572265803
 20
168.2144976104314
 30
5.936971094551297
  0
VERTEX
  5
DBE
  8
DEFAULT
 10
-737.6943370583659
 20
168.2144976104314
 30
5.936971094551297
  0
VERTEX
  5
DBF
  8
DEFAULT
 10
-737.6943370583659
 20
162.2144976104314
 30
5.936971094551297
  0
VERTEX
  5
DC0
  8
DEFAULT
 10
-725.3056629407645
 20
162.2144976104314
 30
5.936971094551297
  0
VERTEX
  5
DC1
  8
DEFAULT
 10
-725.3056629407645
 20
168.2144976104314
 30
5.936971094551297
  0
VERTEX
  5
DC2
  8
DEFAULT
 10
-717.2342427734197
 20
168.2144976104314
 30
5.936971094551297
  0
VERTEX
  5
DC3
  8
DEFAULT
 10
-717.2342427734197
 20
141.4645972094418
 30
5.936971094551297
  0
VERTEX
  5
DC4
  8
DEFAULT
 10
-712.2342427734197
 20
141.4645972094418
 30
5.936971094551297
  0
VERTEX
  5
DC5
  8
DEFAULT
 10
-712.2342427734197
 20
118.112938829639
 30
5.936971094551297
  0
VERTEX
  5
DC6
  8
DEFAULT
 10
-717.2342427734197
 20
118.112938829639
 30
5.936971094551297
  0
VERTEX
  5
DC7
  8
DEFAULT
 10
-717.2342427734197
 20
76.96619610368802
 30
5.936971094551297
  0
VERTEX
  5
DC8
  8
DEFAULT
 10
-712.2342427734197
 20
76.96619610368802
 30
5.936971094551297
  0
VERTEX
  5
DC9
  8
DEFAULT
 10
-712.2342427734197
 20
53.61453772388529
 30
5.936971094551297
  0
VERTEX
  5
DCA
  8
DEFAULT
 10
-717.2342427734197
 20
53.61453772388529
 30
5.936971094551297
  0
VERTEX
  5
DCB
  8
DEFAULT
 10
-717.2342427734197
 20
5.873811186935043
 30
5.936971094551297
  0
VERTEX
  5
DCC
  8
DEFAULT
 10
-712.2342427734197
 20
5.873811186935043
 30
5.936971094551297
  0
VERTEX
  5
DCD
  8
DEFAULT
 10
-712.2342427734197
 20
-17.47784719286769
 30
5.936971094551297
  0
VERTEX
  5
DCE
  8
DEFAULT
 10
-717.2342427734197
 20
-17.47784719286769
 30
5.936971094551297
  0
SEQEND
  5
DCF
  8
DEFAULT
  0
POLYLINE
  5
DD0
  8
DEFAULT
 66
     1
 10
0.0
 20
0.0
 30
5.936971094551297
 70
     1
  0
VERTEX
  5
DD1
  8
DEFAULT
 10
-734.9618164672243
 20
-150.8687122879563
 30
5.936971094551297
 42
1.000000000000038
  0
VERTEX
  5
DD2
  8
DEFAULT
 10
-728.9618164672243
 20
-150.8687122879563
 30
5.936971094551297
  0
VERTEX
  5
DD3
  8
DEFAULT
 10
-728.9618164672244
 20
-115.954951150974
 30
5.936971094551297
 42
0.9999999999999524
  0
VERTEX
  5
DD4
  8
DEFAULT
 10
-734.9618164672241
 20
-115.954951150974
 30
5.936971094551297
  0
SEQEND
  5
DD5
  8
DEFAULT
  0
POLYLINE
  5
DD6
  8
DEFAULT
 66
     1
 10
0.0
 20
0.0
 30
5.936971094551297
 70
     1
  0
VERTEX
  5
DD7
  8
DEFAULT
 10
-734.9618164672243
 20
105.1312877120434
 30
5.936971094551297
 42
0.9999999999999524
  0
VERTEX
  5
DD8
  8
DEFAULT
 10
-728.9618164672243
 20
105.1312877120434
 30
5.936971094551297
  0
VERTEX
  5
DD9
  8
DEFAULT
 10
-728.9618164672244
 20
140.0450488490257
 30
5.936971094551297
 42
0.9999999999999997
  0
VERTEX
  5
DDA
  8
DEFAULT
 10
-734.9618164672241
 20
140.0450488490257
 30
5.936971094551297
  0
SEQEND
  5
DDB
  8
DEFAULT
  0
CIRCLE
  5
DDC
  8
DEFAULT
 10
-735.320644967559
 20
-39.80983140523915
 30
5.936971094551297
 40
1.500000000000028
  0
CIRCLE
  5
DDD
  8
DEFAULT
 10
-681.3206449675589
 20
-39.80983140523915
 30
5.936971094551297
 40
1.500000000000028
  0
POLYLINE
  5
DDE
  8
DEFAULT
 66
     1
 10
0.0
 20
0.0
 30
5.936971094551297
 70
     1
  0
VERTEX
  5
DDF
  8
DEFAULT
 10
-680.9618164672243
 20
105.1312877120434
 30
5.936971094551297
 42
0.9999999999999903
  0
VERTEX
  5
DE0
  8
DEFAULT
 10
-674.9618164672243
 20
105.1312877120434
 30
5.936971094551297
  0
VERTEX
  5
DE1
  8
DEFAULT
 10
-674.9618164672244
 20
140.0450488490257
 30
5.936971094551297
 42
0.9999999999999997
  0
VERTEX
  5
DE2
  8
DEFAULT
 10
-680.9618164672241
 20
140.0450488490257
 30
5.936971094551297
  0
SEQEND
  5
DE3
  8
DEFAULT
  0
POLYLINE
  5
DE4
  8
DEFAULT
 66
     1
 10
0.0
 20
0.0
 30
5.936971094551297
 70
     1
  0
VERTEX
  5
DE5
  8
DEFAULT
 10
-680.9618164672243
 20
-150.8687122879563
 30
5.936971094551297
 42
1.000000000000057
  0
VERTEX
  5
DE6
  8
DEFAULT
 10
-674.9618164672245
 20
-150.8687122879563
 30
5.936971094551297
  0
VERTEX
  5
DE7
  8
DEFAULT
 10
-674.9618164672244
 20
-115.954951150974
 30
5.936971094551297
 42
0.9999999999999524
  0
VERTEX
  5
DE8
  8
DEFAULT
 10
-680.9618164672241
 20
-115.954951150974
 30
5.936971094551297
  0
SEQEND
  5
DE9
  8
DEFAULT
  0
POLYLINE
  5
DEA
  8
DEFAULT
 66
     1
 10
0.0
 20
0.0
 30
5.936971094551297
 70
     1
  0
VERTEX
  5
DEB
  8
DEFAULT
 10
-663.2342427734197
 20
-27.61966281047824
 30
5.936971094551297
  0
VERTEX
  5
DEC
  8
DEFAULT
 10
-663.2366078857244
 20
-28.24229769817355
 30
5.936971094551297
  0
VERTEX
  5
DED
  8
DEFAULT
 10
-663.2525533202947
 20
-28.85135226360324
 30
5.936971094551297
  0
VERTEX
  5
DEE
  8
DEFAULT
 10
-663.2694095138372
 20
-29.14699607006076
 30
5.936971094551297
  0
VERTEX
  5
DEF
  8
DEFAULT
 10
-663.2939809325994
 20
-29.43492465129855
 30
5.936971094551297
  0
VERTEX
  5
DF0
  8
DEFAULT
 10
-663.3095398310484
 20
-29.57561575284961
 30
5.936971094551297
  0
VERTEX
  5
DF1
  8
DEFAULT
 10
-663.32746920622
 20
-29.71393637767795
 30
5.936971094551297
  0
VERTEX
  5
DF2
  8
DEFAULT
 10
-663.3479013804258
 20
-29.84975420347217
 30
5.936971094551297
  0
VERTEX
  5
DF3
  8
DEFAULT
 10
-663.3709615234197
 20
-29.98294406047824
 30
5.936971094551297
  0
VERTEX
  5
DF4
  8
DEFAULT
 10
-663.3967676523985
 20
-30.11338793149951
 30
5.936971094551297
  0
VERTEX
  5
DF5
  8
DEFAULT
 10
-663.4254306320013
 20
-30.2409749518967
 30
5.936971094551297
  0
VERTEX
  5
DF6
  8
DEFAULT
 10
-663.4570541743101
 20
-30.36560140958789
 30
5.936971094551297
  0
VERTEX
  5
DF7
  8
DEFAULT
 10
-663.4917348388494
 20
-30.48717074504856
 30
5.936971094551297
  0
VERTEX
  5
DF8
  8
DEFAULT
 10
-663.5295620325865
 20
-30.60559355131153
 30
5.936971094551297
  0
VERTEX
  5
DF9
  8
DEFAULT
 10
-663.570618009931
 20
-30.72078757396702
 30
5.936971094551297
  0
VERTEX
  5
DFA
  8
DEFAULT
 10
-663.5923805411817
 20
-30.7771500427163
 30
5.936971094551297
  0
VERTEX
  5
DFB
  8
DEFAULT
 10
-663.6149778727354
 20
-30.8326777111626
 30
5.936971094551297
  0
VERTEX
  5
DFC
  8
DEFAULT
 10
-663.6384182747365
 20
-30.88736230916146
 30
5.936971094551297
  0
VERTEX
  5
DFD
  8
DEFAULT
 10
-663.6627095702947
 20
-30.94119601360325
 30
5.936971094551297
  0
VERTEX
  5
DFE
  8
DEFAULT
 10
-663.6878591354848
 20
-30.99417144841317
 30
5.936971094551297
  0
VERTEX
  5
DFF
  8
DEFAULT
 10
-663.7138738993467
 20
-31.04628168455127
 30
5.936971094551297
  0
VERTEX
  5
E00
  8
DEFAULT
 10
-663.7407603438855
 20
-31.09752024001244
 30
5.936971094551297
  0
VERTEX
  5
E01
  8
DEFAULT
 10
-663.7685245040716
 20
-31.14788107982639
 30
5.936971094551297
  0
VERTEX
  5
E02
  8
DEFAULT
 10
-663.7971719678403
 20
-31.19735861605767
 30
5.936971094551297
  0
VERTEX
  5
E03
  8
DEFAULT
 10
-663.8267078760923
 20
-31.24594770780567
 30
5.936971094551297
  0
VERTEX
  5
E04
  8
DEFAULT
 10
-663.8571369226934
 20
-31.29364366120461
 30
5.936971094551297
  0
VERTEX
  5
E05
  8
DEFAULT
 10
-663.8884633544744
 20
-31.34044222942356
 30
5.936971094551297
  0
VERTEX
  5
E06
  8
DEFAULT
 10
-663.9206909712316
 20
-31.3863396126664
 30
5.936971094551297
  0
VERTEX
  5
E07
  8
DEFAULT
 10
-663.9538231257261
 20
-31.43133245817188
 30
5.936971094551297
  0
VERTEX
  5
E08
  8
DEFAULT
 10
-663.9878627236844
 20
-31.47541786021355
 30
5.936971094551297
  0
VERTEX
  5
E09
  8
DEFAULT
 10
-664.0228122237982
 20
-31.51859336009983
 30
5.936971094551297
  0
VERTEX
  5
E0A
  8
DEFAULT
 10
-664.058673637724
 20
-31.56085694617394
 30
5.936971094551297
  0
VERTEX
  5
E0B
  8
DEFAULT
 10
-664.095448530084
 20
-31.60220705381397
 30
5.936971094551297
  0
VERTEX
  5
E0C
  8
DEFAULT
 10
-664.1331380184652
 20
-31.64264256543282
 30
5.936971094551297
  0
VERTEX
  5
E0D
  8
DEFAULT
 10
-664.1717427734197
 20
-31.68216281047825
 30
5.936971094551297
  0
VERTEX
  5
E0E
  8
DEFAULT
 10
-664.2112630184652
 20
-31.72076756543282
 30
5.936971094551297
  0
VERTEX
  5
E0F
  8
DEFAULT
 10
-664.251698530084
 20
-31.75845705381397
 30
5.936971094551297
  0
VERTEX
  5
E10
  8
DEFAULT
 10
-664.293048637724
 20
-31.79523194617394
 30
5.936971094551297
  0
VERTEX
  5
E11
  8
DEFAULT
 10
-664.3353122237982
 20
-31.83109336009983
 30
5.936971094551297
  0
VERTEX
  5
E12
  8
DEFAULT
 10
-664.3784877236844
 20
-31.86604286021355
 30
5.936971094551297
  0
VERTEX
  5
E13
  8
DEFAULT
 10
-664.4225731257261
 20
-31.90008245817188
 30
5.936971094551297
  0
VERTEX
  5
E14
  8
DEFAULT
 10
-664.4675659712316
 20
-31.9332146126664
 30
5.936971094551297
  0
VERTEX
  5
E15
  8
DEFAULT
 10
-664.5134633544744
 20
-31.96544222942356
 30
5.936971094551297
  0
VERTEX
  5
E16
  8
DEFAULT
 10
-664.5602619226934
 20
-31.99676866120461
 30
5.936971094551297
  0
VERTEX
  5
E17
  8
DEFAULT
 10
-664.6079578760923
 20
-32.02719770780567
 30
5.936971094551297
  0
VERTEX
  5
E18
  8
DEFAULT
 10
-664.6565469678403
 20
-32.05673361605767
 30
5.936971094551297
  0
VERTEX
  5
E19
  8
DEFAULT
 10
-664.7060245040716
 20
-32.08538107982639
 30
5.936971094551297
  0
VERTEX
  5
E1A
  8
DEFAULT
 10
-664.7563853438855
 20
-32.11314524001244
 30
5.936971094551297
  0
VERTEX
  5
E1B
  8
DEFAULT
 10
-664.8076238993467
 20
-32.14003168455127
 30
5.936971094551297
  0
VERTEX
  5
E1C
  8
DEFAULT
 10
-664.8597341354848
 20
-32.16604644841317
 30
5.936971094551297
  0
VERTEX
  5
E1D
  8
DEFAULT
 10
-664.9127095702947
 20
-32.19119601360325
 30
5.936971094551297
  0
VERTEX
  5
E1E
  8
DEFAULT
 10
-664.9665432747365
 20
-32.21548730916146
 30
5.936971094551297
  0
VERTEX
  5
E1F
  8
DEFAULT
 10
-665.0212278727354
 20
-32.2389277111626
 30
5.936971094551297
  0
VERTEX
  5
E20
  8
DEFAULT
 10
-665.0767555411817
 20
-32.2615250427163
 30
5.936971094551297
  0
VERTEX
  5
E21
  8
DEFAULT
 10
-665.133118009931
 20
-32.28328757396702
 30
5.936971094551297
  0
VERTEX
  5
E22
  8
DEFAULT
 10
-665.2483120325865
 20
-32.32434355131153
 30
5.936971094551297
  0
VERTEX
  5
E23
  8
DEFAULT
 10
-665.3667348388494
 20
-32.36217074504856
 30
5.936971094551297
  0
VERTEX
  5
E24
  8
DEFAULT
 10
-665.4883041743101
 20
-32.3968514095879
 30
5.936971094551297
  0
VERTEX
  5
E25
  8
DEFAULT
 10
-665.6129306320013
 20
-32.4284749518967
 30
5.936971094551297
  0
VERTEX
  5
E26
  8
DEFAULT
 10
-665.7405176523985
 20
-32.45713793149952
 30
5.936971094551297
  0
VERTEX
  5
E27
  8
DEFAULT
 10
-665.8709615234197
 20
-32.48294406047825
 30
5.936971094551297
  0
VERTEX
  5
E28
  8
DEFAULT
 10
-666.0041513804258
 20
-32.50600420347217
 30
5.936971094551297
  0
VERTEX
  5
E29
  8
DEFAULT
 10
-666.13996920622
 20
-32.52643637767795
 30
5.936971094551297
  0
VERTEX
  5
E2A
  8
DEFAULT
 10
-666.2782898310484
 20
-32.54436575284961
 30
5.936971094551297
  0
VERTEX
  5
E2B
  8
DEFAULT
 10
-666.4189809325994
 20
-32.55992465129856
 30
5.936971094551297
  0
VERTEX
  5
E2C
  8
DEFAULT
 10
-666.7069095138372
 20
-32.58449607006077
 30
5.936971094551297
  0
VERTEX
  5
E2D
  8
DEFAULT
 10
-667.0025533202947
 20
-32.60135226360325
 30
5.936971094551297
  0
VERTEX
  5
E2E
  8
DEFAULT
 10
-667.6116078857244
 20
-32.61729769817356
 30
5.936971094551297
  0
VERTEX
  5
E2F
  8
DEFAULT
 10
-668.2342427734199
 20
-32.61966281047825
 30
5.936971094551297
  0
VERTEX
  5
E30
  8
DEFAULT
 10
-671.2993698043758
 20
-32.61966281047825
 30
5.936971094551297
  0
VERTEX
  5
E31
  8
DEFAULT
 10
-671.9220046920711
 20
-32.62202792278293
 30
5.936971094551297
  0
VERTEX
  5
E32
  8
DEFAULT
 10
-672.5310592575008
 20
-32.63797335735325
 30
5.936971094551297
  0
VERTEX
  5
E33
  8
DEFAULT
 10
-672.8267030639583
 20
-32.65482955089573
 30
5.936971094551297
  0
VERTEX
  5
E34
  8
DEFAULT
 10
-673.1146316451961
 20
-32.67940096965793
 30
5.936971094551297
  0
VERTEX
  5
E35
  8
DEFAULT
 10
-673.2553227467472
 20
-32.69495986810688
 30
5.936971094551297
  0
VERTEX
  5
E36
  8
DEFAULT
 10
-673.3936433715755
 20
-32.71288924327854
 30
5.936971094551297
  0
VERTEX
  5
E37
  8
DEFAULT
 10
-673.5294611973698
 20
-32.73332141748432
 30
5.936971094551297
  0
VERTEX
  5
E38
  8
DEFAULT
 10
-673.6626510543758
 20
-32.75638156047825
 30
5.936971094551297
  0
VERTEX
  5
E39
  8
DEFAULT
 10
-673.7930949253971
 20
-32.78218768945698
 30
5.936971094551297
  0
VERTEX
  5
E3A
  8
DEFAULT
 10
-673.9206819457943
 20
-32.81085066905979
 30
5.936971094551297
  0
VERTEX
  5
E3B
  8
DEFAULT
 10
-674.0453084034855
 20
-32.8424742113686
 30
5.936971094551297
  0
VERTEX
  5
E3C
  8
DEFAULT
 10
-674.1668777389461
 20
-32.87715487590793
 30
5.936971094551297
  0
VERTEX
  5
E3D
  8
DEFAULT
 10
-674.2853005452091
 20
-32.91498206964496
 30
5.936971094551297
  0
VERTEX
  5
E3E
  8
DEFAULT
 10
-674.4004945678646
 20
-32.95603804698948
 30
5.936971094551297
  0
VERTEX
  5
E3F
  8
DEFAULT
 10
-674.4568570366139
 20
-32.97780057824019
 30
5.936971094551297
  0
VERTEX
  5
E40
  8
DEFAULT
 10
-674.5123847050602
 20
-33.00039790979389
 30
5.936971094551297
  0
VERTEX
  5
E41
  8
DEFAULT
 10
-674.567069303059
 20
-33.02383831179503
 30
5.936971094551297
  0
VERTEX
  5
E42
  8
DEFAULT
 10
-674.6209030075008
 20
-33.04812960735325
 30
5.936971094551297
  0
VERTEX
  5
E43
  8
DEFAULT
 10
-674.6738784423108
 20
-33.07327917254332
 30
5.936971094551297
  0
VERTEX
  5
E44
  8
DEFAULT
 10
-674.7259886784489
 20
-33.09929393640522
 30
5.936971094551297
  0
VERTEX
  5
E45
  8
DEFAULT
 10
-674.77722723391
 20
-33.12618038094405
 30
5.936971094551297
  0
VERTEX
  5
E46
  8
DEFAULT
 10
-674.827588073724
 20
-33.1539445411301
 30
5.936971094551297
  0
VERTEX
  5
E47
  8
DEFAULT
 10
-674.8770656099553
 20
-33.18259200489882
 30
5.936971094551297
  0
VERTEX
  5
E48
  8
DEFAULT
 10
-674.9256547017033
 20
-33.21212791315082
 30
5.936971094551297
  0
VERTEX
  5
E49
  8
DEFAULT
 10
-674.9733506551022
 20
-33.24255695975188
 30
5.936971094551297
  0
VERTEX
  5
E4A
  8
DEFAULT
 10
-675.0201492233211
 20
-33.27388339153293
 30
5.936971094551297
  0
VERTEX
  5
E4B
  8
DEFAULT
 10
-675.066046606564
 20
-33.30611100829009
 30
5.936971094551297
  0
VERTEX
  5
E4C
  8
DEFAULT
 10
-675.1110394520695
 20
-33.33924316278461
 30
5.936971094551297
  0
VERTEX
  5
E4D
  8
DEFAULT
 10
-675.1551248541111
 20
-33.37328276074294
 30
5.936971094551297
  0
VERTEX
  5
E4E
  8
DEFAULT
 10
-675.1983003539974
 20
-33.40823226085666
 30
5.936971094551297
  0
VERTEX
  5
E4F
  8
DEFAULT
 10
-675.2405639400715
 20
-33.44409367478255
 30
5.936971094551297
  0
VERTEX
  5
E50
  8
DEFAULT
 10
-675.2819140477116
 20
-33.48086856714252
 30
5.936971094551297
  0
VERTEX
  5
E51
  8
DEFAULT
 10
-675.3223495593304
 20
-33.51855805552367
 30
5.936971094551297
  0
VERTEX
  5
E52
  8
DEFAULT
 10
-675.3618698043758
 20
-33.55716281047825
 30
5.936971094551297
  0
VERTEX
  5
E53
  8
DEFAULT
 10
-675.4004745593304
 20
-33.59668305552367
 30
5.936971094551297
  0
VERTEX
  5
E54
  8
DEFAULT
 10
-675.4381640477116
 20
-33.63711856714252
 30
5.936971094551297
  0
VERTEX
  5
E55
  8
DEFAULT
 10
-675.4749389400715
 20
-33.67846867478255
 30
5.936971094551297
  0
VERTEX
  5
E56
  8
DEFAULT
 10
-675.5108003539974
 20
-33.72073226085666
 30
5.936971094551297
  0
VERTEX
  5
E57
  8
DEFAULT
 10
-675.5457498541111
 20
-33.76390776074294
 30
5.936971094551297
  0
VERTEX
  5
E58
  8
DEFAULT
 10
-675.5797894520695
 20
-33.80799316278461
 30
5.936971094551297
  0
VERTEX
  5
E59
  8
DEFAULT
 10
-675.612921606564
 20
-33.85298600829009
 30
5.936971094551297
  0
VERTEX
  5
E5A
  8
DEFAULT
 10
-675.6451492233211
 20
-33.89888339153293
 30
5.936971094551297
  0
VERTEX
  5
E5B
  8
DEFAULT
 10
-675.6764756551022
 20
-33.94568195975188
 30
5.936971094551297
  0
VERTEX
  5
E5C
  8
DEFAULT
 10
-675.7069047017033
 20
-33.99337791315082
 30
5.936971094551297
  0
VERTEX
  5
E5D
  8
DEFAULT
 10
-675.7364406099553
 20
-34.04196700489882
 30
5.936971094551297
  0
VERTEX
  5
E5E
  8
DEFAULT
 10
-675.765088073724
 20
-34.0914445411301
 30
5.936971094551297
  0
VERTEX
  5
E5F
  8
DEFAULT
 10
-675.79285223391
 20
-34.14180538094405
 30
5.936971094551297
  0
VERTEX
  5
E60
  8
DEFAULT
 10
-675.8197386784489
 20
-34.19304393640522
 30
5.936971094551297
  0
VERTEX
  5
E61
  8
DEFAULT
 10
-675.8457534423108
 20
-34.24515417254332
 30
5.936971094551297
  0
VERTEX
  5
E62
  8
DEFAULT
 10
-675.8709030075008
 20
-34.29812960735325
 30
5.936971094551297
  0
VERTEX
  5
E63
  8
DEFAULT
 10
-675.895194303059
 20
-34.35196331179503
 30
5.936971094551297
  0
VERTEX
  5
E64
  8
DEFAULT
 10
-675.9186347050602
 20
-34.40664790979389
 30
5.936971094551297
  0
VERTEX
  5
E65
  8
DEFAULT
 10
-675.9412320366139
 20
-34.46217557824019
 30
5.936971094551297
  0
VERTEX
  5
E66
  8
DEFAULT
 10
-675.9629945678646
 20
-34.51853804698948
 30
5.936971094551297
  0
VERTEX
  5
E67
  8
DEFAULT
 10
-676.0040505452091
 20
-34.63373206964496
 30
5.936971094551297
  0
VERTEX
  5
E68
  8
DEFAULT
 10
-676.0418777389461
 20
-34.75215487590793
 30
5.936971094551297
  0
VERTEX
  5
E69
  8
DEFAULT
 10
-676.0765584034855
 20
-34.8737242113686
 30
5.936971094551297
  0
VERTEX
  5
E6A
  8
DEFAULT
 10
-676.1081819457943
 20
-34.99835066905979
 30
5.936971094551297
  0
VERTEX
  5
E6B
  8
DEFAULT
 10
-676.1368449253971
 20
-35.12593768945698
 30
5.936971094551297
  0
VERTEX
  5
E6C
  8
DEFAULT
 10
-676.1626510543758
 20
-35.25638156047825
 30
5.936971094551297
  0
VERTEX
  5
E6D
  8
DEFAULT
 10
-676.1857111973698
 20
-35.38957141748432
 30
5.936971094551297
  0
VERTEX
  5
E6E
  8
DEFAULT
 10
-676.2061433715755
 20
-35.52538924327854
 30
5.936971094551297
  0
VERTEX
  5
E6F
  8
DEFAULT
 10
-676.2240727467472
 20
-35.66370986810688
 30
5.936971094551297
  0
VERTEX
  5
E70
  8
DEFAULT
 10
-676.2396316451961
 20
-35.80440096965793
 30
5.936971094551297
  0
VERTEX
  5
E71
  8
DEFAULT
 10
-676.2642030639583
 20
-36.09232955089573
 30
5.936971094551297
  0
VERTEX
  5
E72
  8
DEFAULT
 10
-676.2810592575008
 20
-36.38797335735325
 30
5.936971094551297
  0
VERTEX
  5
E73
  8
DEFAULT
 10
-676.2970046920711
 20
-36.99702792278293
 30
5.936971094551297
  0
VERTEX
  5
E74
  8
DEFAULT
 10
-676.2993698043758
 20
-37.61966281047825
 30
5.936971094551297
  0
VERTEX
  5
E75
  8
DEFAULT
 10
-676.2993698043758
 20
-41.99999897408969
 30
5.936971094551297
  0
VERTEX
  5
E76
  8
DEFAULT
 10
-676.2970046920711
 20
-42.622633861785
 30
5.936971094551297
  0
VERTEX
  5
E77
  8
DEFAULT
 10
-676.2810592575008
 20
-43.23168842721469
 30
5.936971094551297
  0
VERTEX
  5
E78
  8
DEFAULT
 10
-676.2642030639583
 20
-43.52733223367221
 30
5.936971094551297
  0
VERTEX
  5
E79
  8
DEFAULT
 10
-676.2396316451961
 20
-43.81526081491
 30
5.936971094551297
  0
VERTEX
  5
E7A
  8
DEFAULT
 10
-676.2240727467472
 20
-43.95595191646106
 30
5.936971094551297
  0
VERTEX
  5
E7B
  8
DEFAULT
 10
-676.2061433715755
 20
-44.0942725412894
 30
5.936971094551297
  0
VERTEX
  5
E7C
  8
DEFAULT
 10
-676.1857111973698
 20
-44.23009036708362
 30
5.936971094551297
  0
VERTEX
  5
E7D
  8
DEFAULT
 10
-676.1626510543758
 20
-44.36328022408969
 30
5.936971094551297
  0
VERTEX
  5
E7E
  8
DEFAULT
 10
-676.1368449253971
 20
-44.49372409511096
 30
5.936971094551297
  0
VERTEX
  5
E7F
  8
DEFAULT
 10
-676.1081819457943
 20
-44.62131111550815
 30
5.936971094551297
  0
VERTEX
  5
E80
  8
DEFAULT
 10
-676.0765584034855
 20
-44.74593757319934
 30
5.936971094551297
  0
VERTEX
  5
E81
  8
DEFAULT
 10
-676.0418777389461
 20
-44.86750690866
 30
5.936971094551297
  0
VERTEX
  5
E82
  8
DEFAULT
 10
-676.0040505452091
 20
-44.98592971492297
 30
5.936971094551297
  0
VERTEX
  5
E83
  8
DEFAULT
 10
-675.9629945678646
 20
-45.10112373757846
 30
5.936971094551297
  0
VERTEX
  5
E84
  8
DEFAULT
 10
-675.9412320366139
 20
-45.15748620632775
 30
5.936971094551297
  0
VERTEX
  5
E85
  8
DEFAULT
 10
-675.9186347050602
 20
-45.21301387477405
 30
5.936971094551297
  0
VERTEX
  5
E86
  8
DEFAULT
 10
-675.895194303059
 20
-45.26769847277291
 30
5.936971094551297
  0
VERTEX
  5
E87
  8
DEFAULT
 10
-675.8709030075008
 20
-45.32153217721469
 30
5.936971094551297
  0
VERTEX
  5
E88
  8
DEFAULT
 10
-675.8457534423108
 20
-45.37450761202462
 30
5.936971094551297
  0
VERTEX
  5
E89
  8
DEFAULT
 10
-675.8197386784489
 20
-45.42661784816272
 30
5.936971094551297
  0
VERTEX
  5
E8A
  8
DEFAULT
 10
-675.79285223391
 20
-45.47785640362389
 30
5.936971094551297
  0
VERTEX
  5
E8B
  8
DEFAULT
 10
-675.765088073724
 20
-45.52821724343784
 30
5.936971094551297
  0
VERTEX
  5
E8C
  8
DEFAULT
 10
-675.7364406099553
 20
-45.57769477966912
 30
5.936971094551297
  0
VERTEX
  5
E8D
  8
DEFAULT
 10
-675.7069047017033
 20
-45.62628387141712
 30
5.936971094551297
  0
VERTEX
  5
E8E
  8
DEFAULT
 10
-675.6764756551022
 20
-45.67397982481606
 30
5.936971094551297
  0
VERTEX
  5
E8F
  8
DEFAULT
 10
-675.6451492233211
 20
-45.720778393035
 30
5.936971094551297
  0
VERTEX
  5
E90
  8
DEFAULT
 10
-675.612921606564
 20
-45.76667577627785
 30
5.936971094551297
  0
VERTEX
  5
E91
  8
DEFAULT
 10
-675.5797894520695
 20
-45.81166862178333
 30
5.936971094551297
  0
VERTEX
  5
E92
  8
DEFAULT
 10
-675.5457498541111
 20
-45.855754023825
 30
5.936971094551297
  0
VERTEX
  5
E93
  8
DEFAULT
 10
-675.5108003539974
 20
-45.89892952371127
 30
5.936971094551297
  0
VERTEX
  5
E94
  8
DEFAULT
 10
-675.4749389400715
 20
-45.94119310978539
 30
5.936971094551297
  0
VERTEX
  5
E95
  8
DEFAULT
 10
-675.4381640477116
 20
-45.98254321742542
 30
5.936971094551297
  0
VERTEX
  5
E96
  8
DEFAULT
 10
-675.4004745593304
 20
-46.02297872904427
 30
5.936971094551297
  0
VERTEX
  5
E97
  8
DEFAULT
 10
-675.3618698043758
 20
-46.06249897408969
 30
5.936971094551297
  0
VERTEX
  5
E98
  8
DEFAULT
 10
-675.3223495593304
 20
-46.10110372904427
 30
5.936971094551297
  0
VERTEX
  5
E99
  8
DEFAULT
 10
-675.2819140477116
 20
-46.13879321742542
 30
5.936971094551297
  0
VERTEX
  5
E9A
  8
DEFAULT
 10
-675.2405639400715
 20
-46.17556810978539
 30
5.936971094551297
  0
VERTEX
  5
E9B
  8
DEFAULT
 10
-675.1983003539974
 20
-46.21142952371127
 30
5.936971094551297
  0
VERTEX
  5
E9C
  8
DEFAULT
 10
-675.1551248541111
 20
-46.246379023825
 30
5.936971094551297
  0
VERTEX
  5
E9D
  8
DEFAULT
 10
-675.1110394520695
 20
-46.28041862178333
 30
5.936971094551297
  0
VERTEX
  5
E9E
  8
DEFAULT
 10
-675.066046606564
 20
-46.31355077627785
 30
5.936971094551297
  0
VERTEX
  5
E9F
  8
DEFAULT
 10
-675.0201492233211
 20
-46.345778393035
 30
5.936971094551297
  0
VERTEX
  5
EA0
  8
DEFAULT
 10
-674.9733506551022
 20
-46.37710482481606
 30
5.936971094551297
  0
VERTEX
  5
EA1
  8
DEFAULT
 10
-674.9256547017033
 20
-46.40753387141712
 30
5.936971094551297
  0
VERTEX
  5
EA2
  8
DEFAULT
 10
-674.8770656099553
 20
-46.43706977966912
 30
5.936971094551297
  0
VERTEX
  5
EA3
  8
DEFAULT
 10
-674.827588073724
 20
-46.46571724343784
 30
5.936971094551297
  0
VERTEX
  5
EA4
  8
DEFAULT
 10
-674.77722723391
 20
-46.49348140362389
 30
5.936971094551297
  0
VERTEX
  5
EA5
  8
DEFAULT
 10
-674.7259886784489
 20
-46.52036784816272
 30
5.936971094551297
  0
VERTEX
  5
EA6
  8
DEFAULT
 10
-674.6738784423108
 20
-46.54638261202462
 30
5.936971094551297
  0
VERTEX
  5
EA7
  8
DEFAULT
 10
-674.6209030075008
 20
-46.57153217721469
 30
5.936971094551297
  0
VERTEX
  5
EA8
  8
DEFAULT
 10
-674.567069303059
 20
-46.59582347277291
 30
5.936971094551297
  0
VERTEX
  5
EA9
  8
DEFAULT
 10
-674.5123847050602
 20
-46.61926387477405
 30
5.936971094551297
  0
VERTEX
  5
EAA
  8
DEFAULT
 10
-674.4568570366139
 20
-46.64186120632775
 30
5.936971094551297
  0
VERTEX
  5
EAB
  8
DEFAULT
 10
-674.4004945678646
 20
-46.66362373757846
 30
5.936971094551297
  0
VERTEX
  5
EAC
  8
DEFAULT
 10
-674.2853005452091
 20
-46.70467971492297
 30
5.936971094551297
  0
VERTEX
  5
EAD
  8
DEFAULT
 10
-674.1668777389461
 20
-46.74250690866
 30
5.936971094551297
  0
VERTEX
  5
EAE
  8
DEFAULT
 10
-674.0453084034855
 20
-46.77718757319934
 30
5.936971094551297
  0
VERTEX
  5
EAF
  8
DEFAULT
 10
-673.9206819457943
 20
-46.80881111550815
 30
5.936971094551297
  0
VERTEX
  5
EB0
  8
DEFAULT
 10
-673.7930949253971
 20
-46.83747409511096
 30
5.936971094551297
  0
VERTEX
  5
EB1
  8
DEFAULT
 10
-673.6626510543758
 20
-46.86328022408969
 30
5.936971094551297
  0
VERTEX
  5
EB2
  8
DEFAULT
 10
-673.5294611973698
 20
-46.88634036708362
 30
5.936971094551297
  0
VERTEX
  5
EB3
  8
DEFAULT
 10
-673.3936433715755
 20
-46.9067725412894
 30
5.936971094551297
  0
VERTEX
  5
EB4
  8
DEFAULT
 10
-673.2553227467472
 20
-46.92470191646106
 30
5.936971094551297
  0
VERTEX
  5
EB5
  8
DEFAULT
 10
-673.1146316451961
 20
-46.94026081491
 30
5.936971094551297
  0
VERTEX
  5
EB6
  8
DEFAULT
 10
-672.8267030639583
 20
-46.96483223367221
 30
5.936971094551297
  0
VERTEX
  5
EB7
  8
DEFAULT
 10
-672.5310592575008
 20
-46.98168842721469
 30
5.936971094551297
  0
VERTEX
  5
EB8
  8
DEFAULT
 10
-671.9220046920711
 20
-46.997633861785
 30
5.936971094551297
  0
VERTEX
  5
EB9
  8
DEFAULT
 10
-671.2993698043758
 20
-46.99999897408969
 30
5.936971094551297
  0
VERTEX
  5
EBA
  8
DEFAULT
 10
-668.2342427734199
 20
-46.99999897408969
 30
5.936971094551297
  0
VERTEX
  5
EBB
  8
DEFAULT
 10
-667.6116078857244
 20
-47.00236408639438
 30
5.936971094551297
  0
VERTEX
  5
EBC
  8
DEFAULT
 10
-667.0025533202947
 20
-47.01830952096469
 30
5.936971094551297
  0
VERTEX
  5
EBD
  8
DEFAULT
 10
-666.7069095138372
 20
-47.03516571450717
 30
5.936971094551297
  0
VERTEX
  5
EBE
  8
DEFAULT
 10
-666.4189809325994
 20
-47.05973713326938
 30
5.936971094551297
  0
VERTEX
  5
EBF
  8
DEFAULT
 10
-666.2782898310484
 20
-47.07529603171831
 30
5.936971094551297
  0
VERTEX
  5
EC0
  8
DEFAULT
 10
-666.13996920622
 20
-47.09322540688997
 30
5.936971094551297
  0
VERTEX
  5
EC1
  8
DEFAULT
 10
-666.0041513804258
 20
-47.11365758109575
 30
5.936971094551297
  0
VERTEX
  5
EC2
  8
DEFAULT
 10
-665.8709615234197
 20
-47.13671772408968
 30
5.936971094551297
  0
VERTEX
  5
EC3
  8
DEFAULT
 10
-665.7405176523985
 20
-47.16252385306841
 30
5.936971094551297
  0
VERTEX
  5
EC4
  8
DEFAULT
 10
-665.6129306320013
 20
-47.19118683267122
 30
5.936971094551297
  0
VERTEX
  5
EC5
  8
DEFAULT
 10
-665.4883041743101
 20
-47.22281037498003
 30
5.936971094551297
  0
VERTEX
  5
EC6
  8
DEFAULT
 10
-665.3667348388494
 20
-47.25749103951937
 30
5.936971094551297
  0
VERTEX
  5
EC7
  8
DEFAULT
 10
-665.2483120325865
 20
-47.2953182332564
 30
5.936971094551297
  0
VERTEX
  5
EC8
  8
DEFAULT
 10
-665.133118009931
 20
-47.33637421060091
 30
5.936971094551297
  0
VERTEX
  5
EC9
  8
DEFAULT
 10
-665.0767555411817
 20
-47.35813674185162
 30
5.936971094551297
  0
VERTEX
  5
ECA
  8
DEFAULT
 10
-665.0212278727354
 20
-47.38073407340532
 30
5.936971094551297
  0
VERTEX
  5
ECB
  8
DEFAULT
 10
-664.9665432747365
 20
-47.40417447540646
 30
5.936971094551297
  0
VERTEX
  5
ECC
  8
DEFAULT
 10
-664.9127095702947
 20
-47.42846577096468
 30
5.936971094551297
  0
VERTEX
  5
ECD
  8
DEFAULT
 10
-664.8597341354848
 20
-47.45361533615475
 30
5.936971094551297
  0
VERTEX
  5
ECE
  8
DEFAULT
 10
-664.8076238993467
 20
-47.47963010001665
 30
5.936971094551297
  0
VERTEX
  5
ECF
  8
DEFAULT
 10
-664.7563853438855
 20
-47.50651654455548
 30
5.936971094551297
  0
VERTEX
  5
ED0
  8
DEFAULT
 10
-664.7060245040716
 20
-47.53428070474153
 30
5.936971094551297
  0
VERTEX
  5
ED1
  8
DEFAULT
 10
-664.6565469678403
 20
-47.56292816851025
 30
5.936971094551297
  0
VERTEX
  5
ED2
  8
DEFAULT
 10
-664.6079578760923
 20
-47.59246407676225
 30
5.936971094551297
  0
VERTEX
  5
ED3
  8
DEFAULT
 10
-664.5602619226934
 20
-47.62289312336331
 30
5.936971094551297
  0
VERTEX
  5
ED4
  8
DEFAULT
 10
-664.5134633544744
 20
-47.65421955514437
 30
5.936971094551297
  0
VERTEX
  5
ED5
  8
DEFAULT
 10
-664.4675659712316
 20
-47.68644717190152
 30
5.936971094551297
  0
VERTEX
  5
ED6
  8
DEFAULT
 10
-664.4225731257261
 20
-47.71957932639604
 30
5.936971094551297
  0
VERTEX
  5
ED7
  8
DEFAULT
 10
-664.3784877236844
 20
-47.75361892435437
 30
5.936971094551297
  0
VERTEX
  5
ED8
  8
DEFAULT
 10
-664.3353122237982
 20
-47.7885684244681
 30
5.936971094551297
  0
VERTEX
  5
ED9
  8
DEFAULT
 10
-664.293048637724
 20
-47.82442983839398
 30
5.936971094551297
  0
VERTEX
  5
EDA
  8
DEFAULT
 10
-664.251698530084
 20
-47.86120473075395
 30
5.936971094551297
  0
VERTEX
  5
EDB
  8
DEFAULT
 10
-664.2112630184652
 20
-47.8988942191351
 30
5.936971094551297
  0
VERTEX
  5
EDC
  8
DEFAULT
 10
-664.1717427734197
 20
-47.93749897408967
 30
5.936971094551297
  0
VERTEX
  5
EDD
  8
DEFAULT
 10
-664.1331380184652
 20
-47.97701921913509
 30
5.936971094551297
  0
VERTEX
  5
EDE
  8
DEFAULT
 10
-664.095448530084
 20
-48.01745473075394
 30
5.936971094551297
  0
VERTEX
  5
EDF
  8
DEFAULT
 10
-664.058673637724
 20
-48.05880483839397
 30
5.936971094551297
  0
VERTEX
  5
EE0
  8
DEFAULT
 10
-664.0228122237982
 20
-48.10106842446808
 30
5.936971094551297
  0
VERTEX
  5
EE1
  8
DEFAULT
 10
-663.9878627236844
 20
-48.14424392435436
 30
5.936971094551297
  0
VERTEX
  5
EE2
  8
DEFAULT
 10
-663.9538231257261
 20
-48.18832932639603
 30
5.936971094551297
  0
VERTEX
  5
EE3
  8
DEFAULT
 10
-663.9206909712316
 20
-48.23332217190151
 30
5.936971094551297
  0
VERTEX
  5
EE4
  8
DEFAULT
 10
-663.8884633544744
 20
-48.27921955514435
 30
5.936971094551297
  0
VERTEX
  5
EE5
  8
DEFAULT
 10
-663.8571369226934
 20
-48.3260181233633
 30
5.936971094551297
  0
VERTEX
  5
EE6
  8
DEFAULT
 10
-663.8267078760923
 20
-48.37371407676224
 30
5.936971094551297
  0
VERTEX
  5
EE7
  8
DEFAULT
 10
-663.7971719678403
 20
-48.42230316851024
 30
5.936971094551297
  0
VERTEX
  5
EE8
  8
DEFAULT
 10
-663.7685245040716
 20
-48.47178070474152
 30
5.936971094551297
  0
VERTEX
  5
EE9
  8
DEFAULT
 10
-663.7407603438855
 20
-48.52214154455547
 30
5.936971094551297
  0
VERTEX
  5
EEA
  8
DEFAULT
 10
-663.7138738993467
 20
-48.57338010001664
 30
5.936971094551297
  0
VERTEX
  5
EEB
  8
DEFAULT
 10
-663.6878591354848
 20
-48.62549033615474
 30
5.936971094551297
  0
VERTEX
  5
EEC
  8
DEFAULT
 10
-663.6627095702947
 20
-48.67846577096466
 30
5.936971094551297
  0
VERTEX
  5
EED
  8
DEFAULT
 10
-663.6384182747365
 20
-48.73229947540645
 30
5.936971094551297
  0
VERTEX
  5
EEE
  8
DEFAULT
 10
-663.6149778727354
 20
-48.78698407340531
 30
5.936971094551297
  0
VERTEX
  5
EEF
  8
DEFAULT
 10
-663.5923805411817
 20
-48.84251174185161
 30
5.936971094551297
  0
VERTEX
  5
EF0
  8
DEFAULT
 10
-663.570618009931
 20
-48.89887421060089
 30
5.936971094551297
  0
VERTEX
  5
EF1
  8
DEFAULT
 10
-663.5295620325865
 20
-49.01406823325638
 30
5.936971094551297
  0
VERTEX
  5
EF2
  8
DEFAULT
 10
-663.4917348388494
 20
-49.13249103951935
 30
5.936971094551297
  0
VERTEX
  5
EF3
  8
DEFAULT
 10
-663.4570541743101
 20
-49.25406037498001
 30
5.936971094551297
  0
VERTEX
  5
EF4
  8
DEFAULT
 10
-663.4254306320013
 20
-49.37868683267121
 30
5.936971094551297
  0
VERTEX
  5
EF5
  8
DEFAULT
 10
-663.3967676523985
 20
-49.50627385306839
 30
5.936971094551297
  0
VERTEX
  5
EF6
  8
DEFAULT
 10
-663.3709615234197
 20
-49.63671772408966
 30
5.936971094551297
  0
VERTEX
  5
EF7
  8
DEFAULT
 10
-663.3479013804258
 20
-49.76990758109574
 30
5.936971094551297
  0
VERTEX
  5
EF8
  8
DEFAULT
 10
-663.32746920622
 20
-49.90572540688996
 30
5.936971094551297
  0
VERTEX
  5
EF9
  8
DEFAULT
 10
-663.3095398310484
 20
-50.0440460317183
 30
5.936971094551297
  0
VERTEX
  5
EFA
  8
DEFAULT
 10
-663.2939809325994
 20
-50.18473713326935
 30
5.936971094551297
  0
VERTEX
  5
EFB
  8
DEFAULT
 10
-663.2694095138372
 20
-50.47266571450714
 30
5.936971094551297
  0
VERTEX
  5
EFC
  8
DEFAULT
 10
-663.2525533202947
 20
-50.76830952096466
 30
5.936971094551297
  0
VERTEX
  5
EFD
  8
DEFAULT
 10
-663.2366078857244
 20
-51.37736408639435
 30
5.936971094551297
  0
VERTEX
  5
EFE
  8
DEFAULT
 10
-663.2342427734197
 20
-51.99999897408966
 30
5.936971094551297
  0
VERTEX
  5
EFF
  8
DEFAULT
 10
-663.2342427734197
 20
-65.40004011345395
 30
5.936971094551297
  0
VERTEX
  5
F00
  8
DEFAULT
 10
-658.2342427734197
 20
-65.40004011345395
 30
5.936971094551297
  0
VERTEX
  5
F01
  8
DEFAULT
 10
-658.2342427734197
 20
-88.75169849325668
 30
5.936971094551297
  0
VERTEX
  5
F02
  8
DEFAULT
 10
-663.2342427734197
 20
-88.75169849325668
 30
5.936971094551297
  0
VERTEX
  5
F03
  8
DEFAULT
 10
-663.2342427734197
 20
-129.8984412192077
 30
5.936971094551297
  0
VERTEX
  5
F04
  8
DEFAULT
 10
-658.2342427734197
 20
-129.8984412192077
 30
5.936971094551297
  0
VERTEX
  5
F05
  8
DEFAULT
 10
-658.2342427734197
 20
-153.2500995990104
 30
5.936971094551297
  0
VERTEX
  5
F06
  8
DEFAULT
 10
-663.2342427734197
 20
-153.2500995990104
 30
5.936971094551297
  0
VERTEX
  5
F07
  8
DEFAULT
 10
-663.2342427734197
 20
-172.0000000000001
 30
5.936971094551297
  0
VERTEX
  5
F08
  8
DEFAULT
 10
-671.3056629407645
 20
-172.0000000000001
 30
5.936971094551297
  0
VERTEX
  5
F09
  8
DEFAULT
 10
-671.3056629407645
 20
-166.0
 30
5.936971094551297
  0
VERTEX
  5
F0A
  8
DEFAULT
 10
-683.6943370583659
 20
-166.0
 30
5.936971094551297
  0
VERTEX
  5
F0B
  8
DEFAULT
 10
-683.6943370583659
 20
-172.0000000000001
 30
5.936971094551297
  0
VERTEX
  5
F0C
  8
DEFAULT
 10
-697.7657572265803
 20
-172.0000000000001
 30
5.936971094551297
  0
VERTEX
  5
F0D
  8
DEFAULT
 10
-697.7657572261455
 20
-152.0
 30
5.936971094551297
  0
VERTEX
  5
F0E
  8
DEFAULT
 10
-691.7657572257107
 20
-152.0
 30
5.936971094551297
  0
VERTEX
  5
F0F
  8
DEFAULT
 10
-691.7657572257107
 20
-116.9316063988464
 30
5.936971094551297
  0
VERTEX
  5
F10
  8
DEFAULT
 10
-697.7657572261455
 20
-116.9316063988464
 30
5.936971094551297
  0
VERTEX
  5
F11
  8
DEFAULT
 10
-697.765757225957
 20
-79.99999999999997
 30
5.936971094551297
  0
VERTEX
  5
F12
  8
DEFAULT
 10
-691.7657572257107
 20
-79.99999999999999
 30
5.936971094551297
  0
VERTEX
  5
F13
  8
DEFAULT
 10
-691.7657572257107
 20
-44.93160639884638
 30
5.936971094551297
  0
VERTEX
  5
F14
  8
DEFAULT
 10
-697.7657572259845
 20
-44.93160639884636
 30
5.936971094551297
  0
VERTEX
  5
F15
  8
DEFAULT
 10
-697.765757225961
 20
33.14610400927772
 30
5.936971094551297
  0
VERTEX
  5
F16
  8
DEFAULT
 10
-691.7657572257107
 20
33.14610400927772
 30
5.936971094551297
  0
VERTEX
  5
F17
  8
DEFAULT
 10
-691.7657572257107
 20
52.99999999999987
 30
5.936971094551297
  0
VERTEX
  5
F18
  8
DEFAULT
 10
-697.7657572261903
 20
52.99999999999987
 30
5.936971094551297
  0
VERTEX
  5
F19
  8
DEFAULT
 10
-697.7657572262334
 20
87.24377791350926
 30
5.936971094551297
  0
VERTEX
  5
F1A
  8
DEFAULT
 10
-697.7548444006143
 20
88.45285434078428
 30
5.936971094551297
  0
VERTEX
  5
F1B
  8
DEFAULT
 10
-697.744299319216
 20
88.75391738351969
 30
5.936971094551297
  0
VERTEX
  5
F1C
  8
DEFAULT
 10
-697.7284706143635
 20
89.05351348976185
 30
5.936971094551297
  0
VERTEX
  5
F1D
  8
DEFAULT
 10
-697.7062835159884
 20
89.35093395998688
 30
5.936971094551297
  0
VERTEX
  5
F1E
  8
DEFAULT
 10
-697.6766836284986
 20
89.64538126618442
 30
5.936971094551297
  0
VERTEX
  5
F1F
  8
DEFAULT
 10
-697.6386483553048
 20
89.93599083551555
 30
5.936971094551297
  0
VERTEX
  5
F20
  8
DEFAULT
 10
-697.6161593941789
 20
90.07957331809587
 30
5.936971094551297
  0
VERTEX
  5
F21
  8
DEFAULT
 10
-697.5911983233466
 20
90.22185283397093
 30
5.936971094551297
  0
VERTEX
  5
F22
  8
DEFAULT
 10
-697.5636513491881
 20
90.36271215571307
 30
5.936971094551297
  0
VERTEX
  5
F23
  8
DEFAULT
 10
-697.5334088076199
 20
90.50203395002873
 30
5.936971094551297
  0
VERTEX
  5
F24
  8
DEFAULT
 10
-697.5003655211118
 20
90.63970145849774
 30
5.936971094551297
  0
VERTEX
  5
F25
  8
DEFAULT
 10
-697.4644211557024
 20
90.77559917831272
 30
5.936971094551297
  0
VERTEX
  5
F26
  8
DEFAULT
 10
-697.4254805780164
 20
90.90961354301822
 30
5.936971094551297
  0
VERTEX
  5
F27
  8
DEFAULT
 10
-697.3834542122804
 20
91.04163360325026
 30
5.936971094551297
  0
VERTEX
  5
F28
  8
DEFAULT
 10
-697.3382583973398
 20
91.17155170747544
 30
5.936971094551297
  0
VERTEX
  5
F29
  8
DEFAULT
 10
-697.2898157436749
 20
91.2992641827304
 30
5.936971094551297
  0
VERTEX
  5
F2A
  8
DEFAULT
 10
-697.238055490418
 20
91.42467201536101
 30
5.936971094551297
  0
VERTEX
  5
F2B
  8
DEFAULT
 10
-697.1829138623688
 20
91.54768153176181
 30
5.936971094551297
  0
VERTEX
  5
F2C
  8
DEFAULT
 10
-697.1243344270117
 20
91.66820507911521
 30
5.936971094551297
  0
VERTEX
  5
F2D
  8
DEFAULT
 10
-697.0622684515322
 20
91.78616170613088
 30
5.936971094551297
  0
VERTEX
  5
F2E
  8
DEFAULT
 10
-696.996675259833
 20
91.90147784378505
 30
5.936971094551297
  0
VERTEX
  5
F2F
  8
DEFAULT
 10
-696.9275225895501
 20
92.01408798605974
 30
5.936971094551297
  0
VERTEX
  5
F30
  8
DEFAULT
 10
-696.8547869490707
 20
92.1239353706822
 30
5.936971094551297
  0
VERTEX
  5
F31
  8
DEFAULT
 10
-696.7784539745478
 20
92.23097265986418
 30
5.936971094551297
  0
VERTEX
  5
F32
  8
DEFAULT
 10
-696.7389365820513
 20
92.28342547013932
 30
5.936971094551297
  0
VERTEX
  5
F33
  8
DEFAULT
 10
-696.6985187869182
 20
92.33516262104119
 30
5.936971094551297
  0
VERTEX
  5
F34
  8
DEFAULT
 10
-696.6572015198358
 20
92.38618114912427
 30
5.936971094551297
  0
VERTEX
  5
F35
  8
DEFAULT
 10
-696.6149863489178
 20
92.43647880761188
 30
5.936971094551297
  0
VERTEX
  5
F36
  8
DEFAULT
 10
-696.5718754908603
 20
92.48605408766942
 30
5.936971094551297
  0
VERTEX
  5
F37
  8
DEFAULT
 10
-696.5278718220989
 20
92.53490623967733
 30
5.936971094551297
  0
VERTEX
  5
F38
  8
DEFAULT
 10
-696.4372009238463
 20
92.6304420847803
 30
5.936971094551297
  0
VERTEX
  5
F39
  8
DEFAULT
 10
-696.3430102843931
 20
92.7230963386447
 30
5.936971094551297
  0
VERTEX
  5
F3A
  8
DEFAULT
 10
-696.245347803839
 20
92.8128925059147
 30
5.936971094551297
  0
VERTEX
  5
F3B
  8
DEFAULT
 10
-696.1442730091642
 20
92.89986828089425
 30
5.936971094551297
  0
VERTEX
  5
F3C
  8
DEFAULT
 10
-696.0398574112484
 20
92.98407622828627
 30
5.936971094551297
  0
VERTEX
  5
F3D
  8
DEFAULT
 10
-695.9321848618852
 20
93.06558446393193
 30
5.936971094551297
  0
VERTEX
  5
F3E
  8
DEFAULT
 10
-695.8213519107998
 20
93.14447733555002
 30
5.936971094551297
  0
VERTEX
  5
F3F
  8
DEFAULT
 10
-695.7074681626648
 20
93.22085610347635
 30
5.936971094551297
  0
VERTEX
  5
F40
  8
DEFAULT
 10
-695.5906566341174
 20
93.29483962140291
 30
5.936971094551297
  0
VERTEX
  5
F41
  8
DEFAULT
 10
-695.471054110775
 20
93.36656501711728
 30
5.936971094551297
  0
VERTEX
  5
F42
  8
DEFAULT
 10
-695.3488115042518
 20
93.43618837324189
 30
5.936971094551297
  0
VERTEX
  5
F43
  8
DEFAULT
 10
-695.2240942091757
 20
93.50388540797339
 30
5.936971094551297
  0
VERTEX
  5
F44
  8
DEFAULT
 10
-695.097082460205
 20
93.56985215582188
 30
5.936971094551297
  0
VERTEX
  5
F45
  8
DEFAULT
 10
-694.8369728814578
 20
93.6974845949137
 30
5.936971094551297
  0
VERTEX
  5
F46
  8
DEFAULT
 10
-694.5702350124959
 20
93.82108616096235
 30
5.936971094551297
  0
VERTEX
  5
F47
  8
DEFAULT
 10
-694.0251962540547
 20
94.06606348102824
 30
5.936971094551297
  0
VERTEX
  5
F48
  8
DEFAULT
 10
-693.7517469993096
 20
94.19337045222775
 30
5.936971094551297
  0
VERTEX
  5
F49
  8
DEFAULT
 10
-693.6159933669305
 20
94.25973420774545
 30
5.936971094551297
  0
VERTEX
  5
F4A
  8
DEFAULT
 10
-693.4813955728711
 20
94.3285525520648
 30
5.936971094551297
  0
VERTEX
  5
F4B
  8
DEFAULT
 10
-693.3339804239563
 20
94.40821849383565
 30
5.936971094551297
  0
VERTEX
  5
F4C
  8
DEFAULT
 10
-693.1896689213235
 20
94.49098808188896
 30
5.936971094551297
  0
VERTEX
  5
F4D
  8
DEFAULT
 10
-693.0484833515583
 20
94.57688360281045
 30
5.936971094551297
  0
VERTEX
  5
F4E
  8
DEFAULT
 10
-692.9104436930572
 20
94.66592503499663
 30
5.936971094551297
  0
VERTEX
  5
F4F
  8
DEFAULT
 10
-692.7755676160276
 20
94.75813004865476
 30
5.936971094551297
  0
VERTEX
  5
F50
  8
DEFAULT
 10
-692.6438704824875
 20
94.85351400580299
 30
5.936971094551297
  0
VERTEX
  5
F51
  8
DEFAULT
 10
-692.515365346266
 20
94.95208996027017
 30
5.936971094551297
  0
VERTEX
  5
F52
  8
DEFAULT
 10
-692.3900629530026
 20
95.05386865769592
 30
5.936971094551297
  0
VERTEX
  5
F53
  8
DEFAULT
 10
-692.2679717401478
 20
95.15885853553073
 30
5.936971094551297
  0
VERTEX
  5
F54
  8
DEFAULT
 10
-692.1490978369629
 20
95.26706572303583
 30
5.936971094551297
  0
VERTEX
  5
F55
  8
DEFAULT
 10
-692.0334450645199
 20
95.37849404128323
 30
5.936971094551297
  0
VERTEX
  5
F56
  8
DEFAULT
 10
-691.9210149357017
 20
95.49314500315575
 30
5.936971094551297
  0
VERTEX
  5
F57
  8
DEFAULT
 10
-691.8118066552017
 20
95.61101781334696
 30
5.936971094551297
  0
VERTEX
  5
F58
  8
DEFAULT
 10
-691.7058171195247
 20
95.73210936836131
 30
5.936971094551297
  0
VERTEX
  5
F59
  8
DEFAULT
 10
-691.6030409169856
 20
95.85641425651389
 30
5.936971094551297
  0
VERTEX
  5
F5A
  8
DEFAULT
 10
-691.5034703277104
 20
95.98392475793074
 30
5.936971094551297
  0
VERTEX
  5
F5B
  8
DEFAULT
 10
-691.407095323636
 20
96.11463084454856
 30
5.936971094551297
  0
VERTEX
  5
F5C
  8
DEFAULT
 10
-691.3139035685097
 20
96.2485201801149
 30
5.936971094551297
  0
VERTEX
  5
F5D
  8
DEFAULT
 10
-691.2238804178902
 20
96.38557812018809
 30
5.936971094551297
  0
VERTEX
  5
F5E
  8
DEFAULT
 10
-691.1370089191462
 20
96.5257877121372
 30
5.936971094551297
  0
VERTEX
  5
F5F
  8
DEFAULT
 10
-691.0532698114579
 20
96.66912969514215
 30
5.936971094551297
  0
VERTEX
  5
F60
  8
DEFAULT
 10
-690.972641525816
 20
96.81558250019364
 30
5.936971094551297
  0
VERTEX
  5
F61
  8
DEFAULT
 10
-690.8951001850219
 20
96.96512225009312
 30
5.936971094551297
  0
VERTEX
  5
F62
  8
DEFAULT
 10
-690.8206196036879
 20
97.11772275945287
 30
5.936971094551297
  0
VERTEX
  5
F63
  8
DEFAULT
 10
-690.749171288237
 20
97.27335553469592
 30
5.936971094551297
  0
VERTEX
  5
F64
  8
DEFAULT
 10
-690.6807244369032
 20
97.43198977405612
 30
5.936971094551297
  0
VERTEX
  5
F65
  8
DEFAULT
 10
-690.615245939731
 20
97.59359236757808
 30
5.936971094551297
  0
VERTEX
  5
F66
  8
DEFAULT
 10
-690.5527003785758
 20
97.75812789711725
 30
5.936971094551297
  0
VERTEX
  5
F67
  8
DEFAULT
 10
-690.4930500271039
 20
97.92555863633976
 30
5.936971094551297
  0
VERTEX
  5
F68
  8
DEFAULT
 10
-690.4362548507922
 20
98.09584455072263
 30
5.936971094551297
  0
VERTEX
  5
F69
  8
DEFAULT
 10
-690.3822725069288
 20
98.26894329755365
 30
5.936971094551297
  0
VERTEX
  5
F6A
  8
DEFAULT
 10
-690.3310583446117
 20
98.44481022593132
 30
5.936971094551297
  0
VERTEX
  5
F6B
  8
DEFAULT
 10
-690.2825654047507
 20
98.62339837676504
 30
5.936971094551297
  0
VERTEX
  5
F6C
  8
DEFAULT
 10
-690.2367444200659
 20
98.80465848277493
 30
5.936971094551297
  0
VERTEX
  5
F6D
  8
DEFAULT
 10
-690.1529097061587
 20
99.17498595025768
 30
5.936971094551297
  0
VERTEX
  5
F6E
  8
DEFAULT
 10
-690.0791139008672
 20
99.5553523263564
 30
5.936971094551297
  0
VERTEX
  5
F6F
  8
DEFAULT
 10
-690.014879771141
 20
99.9452803780205
 30
5.936971094551297
  0
VERTEX
  5
F70
  8
DEFAULT
 10
-689.9596931529021
 20
100.344255941172
 30
5.936971094551297
  0
VERTEX
  5
F71
  8
DEFAULT
 10
-689.9130029510452
 20
100.7517279207056
 30
5.936971094551297
  0
VERTEX
  5
F72
  8
DEFAULT
 10
-689.8742211394374
 20
101.1671082904884
 30
5.936971094551297
  0
VERTEX
  5
F73
  8
DEFAULT
 10
-689.8427227609186
 20
101.5897720933603
 30
5.936971094551297
  0
VERTEX
  5
F74
  8
DEFAULT
 10
-689.7988918193705
 20
102.4542655145936
 30
5.936971094551297
  0
VERTEX
  5
F75
  8
DEFAULT
 10
-689.7757718485716
 20
103.3394699065759
 30
5.936971094551297
  0
VERTEX
  5
F76
  8
DEFAULT
 10
-689.7657572257107
 20
105.1461040092778
 30
5.936971094551297
  0
VERTEX
  5
F77
  8
DEFAULT
 10
-689.7657572257107
 20
116.2144976104312
 30
5.936971094551297
  0
VERTEX
  5
F78
  8
DEFAULT
 10
-689.7757718485716
 20
118.0211317131336
 30
5.936971094551297
  0
VERTEX
  5
F79
  8
DEFAULT
 10
-689.7988918193706
 20
118.9063361051162
 30
5.936971094551297
  0
VERTEX
  5
F7A
  8
DEFAULT
 10
-689.8427227609188
 20
119.7708295263496
 30
5.936971094551297
  0
VERTEX
  5
F7B
  8
DEFAULT
 10
-689.8742211394376
 20
120.1934933292216
 30
5.936971094551297
  0
VERTEX
  5
F7C
  8
DEFAULT
 10
-689.9130029510455
 20
120.6088736990045
 30
5.936971094551297
  0
VERTEX
  5
F7D
  8
DEFAULT
 10
-689.9596931529026
 20
121.0163456785382
 30
5.936971094551297
  0
VERTEX
  5
F7E
  8
DEFAULT
 10
-690.0148797711414
 20
121.4153212416898
 30
5.936971094551297
  0
VERTEX
  5
F7F
  8
DEFAULT
 10
-690.0791139008677
 20
121.805249293354
 30
5.936971094551297
  0
VERTEX
  5
F80
  8
DEFAULT
 10
-690.152909706159
 20
122.1856156694527
 30
5.936971094551297
  0
VERTEX
  5
F81
  8
DEFAULT
 10
-690.2367444200662
 20
122.5559431369355
 30
5.936971094551297
  0
VERTEX
  5
F82
  8
DEFAULT
 10
-690.2825654047513
 20
122.7372032429454
 30
5.936971094551297
  0
VERTEX
  5
F83
  8
DEFAULT
 10
-690.3310583446123
 20
122.9157913937792
 30
5.936971094551297
  0
VERTEX
  5
F84
  8
DEFAULT
 10
-690.3822725069293
 20
123.0916583221569
 30
5.936971094551297
  0
VERTEX
  5
F85
  8
DEFAULT
 10
-690.436254850793
 20
123.2647570689879
 30
5.936971094551297
  0
VERTEX
  5
F86
  8
DEFAULT
 10
-690.4930500271047
 20
123.4350429833708
 30
5.936971094551297
  0
VERTEX
  5
F87
  8
DEFAULT
 10
-690.5527003785767
 20
123.6024737225933
 30
5.936971094551297
  0
VERTEX
  5
F88
  8
DEFAULT
 10
-690.6152459397317
 20
123.7670092521325
 30
5.936971094551297
  0
VERTEX
  5
F89
  8
DEFAULT
 10
-690.680724436904
 20
123.9286118456544
 30
5.936971094551297
  0
VERTEX
  5
F8A
  8
DEFAULT
 10
-690.7491712882379
 20
124.0872460850146
 30
5.936971094551297
  0
VERTEX
  5
F8B
  8
DEFAULT
 10
-690.8206196036888
 20
124.2428788602577
 30
5.936971094551297
  0
VERTEX
  5
F8C
  8
DEFAULT
 10
-690.8951001850228
 20
124.3954793696174
 30
5.936971094551297
  0
VERTEX
  5
F8D
  8
DEFAULT
 10
-690.9726415258169
 20
124.5450191195169
 30
5.936971094551297
  0
VERTEX
  5
F8E
  8
DEFAULT
 10
-691.0532698114588
 20
124.6914719245684
 30
5.936971094551297
  0
VERTEX
  5
F8F
  8
DEFAULT
 10
-691.1370089191471
 20
124.8348139075733
 30
5.936971094551297
  0
VERTEX
  5
F90
  8
DEFAULT
 10
-691.2238804178911
 20
124.9750234995224
 30
5.936971094551297
  0
VERTEX
  5
F91
  8
DEFAULT
 10
-691.3139035685106
 20
125.1120814395956
 30
5.936971094551297
  0
VERTEX
  5
F92
  8
DEFAULT
 10
-691.4070953236369
 20
125.2459707751619
 30
5.936971094551297
  0
VERTEX
  5
F93
  8
DEFAULT
 10
-691.5034703277113
 20
125.3766768617797
 30
5.936971094551297
  0
VERTEX
  5
F94
  8
DEFAULT
 10
-691.6030409169865
 20
125.5041873631965
 30
5.936971094551297
  0
VERTEX
  5
F95
  8
DEFAULT
 10
-691.7058171195255
 20
125.6284922513491
 30
5.936971094551297
  0
VERTEX
  5
F96
  8
DEFAULT
 10
-691.8118066552024
 20
125.7495838063633
 30
5.936971094551297
  0
VERTEX
  5
F97
  8
DEFAULT
 10
-691.9210149357024
 20
125.8674566165546
 30
5.936971094551297
  0
VERTEX
  5
F98
  8
DEFAULT
 10
-692.0334450645205
 20
125.982107578427
 30
5.936971094551297
  0
VERTEX
  5
F99
  8
DEFAULT
 10
-692.1490978369634
 20
126.0935358966744
 30
5.936971094551297
  0
VERTEX
  5
F9A
  8
DEFAULT
 10
-692.2679717401483
 20
126.2017430841795
 30
5.936971094551297
  0
VERTEX
  5
F9B
  8
DEFAULT
 10
-692.390062953003
 20
126.3067329620142
 30
5.936971094551297
  0
VERTEX
  5
F9C
  8
DEFAULT
 10
-692.5153653462664
 20
126.4085116594399
 30
5.936971094551297
  0
VERTEX
  5
F9D
  8
DEFAULT
 10
-692.643870482488
 20
126.507087613907
 30
5.936971094551297
  0
VERTEX
  5
F9E
  8
DEFAULT
 10
-692.7755676160281
 20
126.6024715710552
 30
5.936971094551297
  0
VERTEX
  5
F9F
  8
DEFAULT
 10
-692.9104436930575
 20
126.6946765847133
 30
5.936971094551297
  0
VERTEX
  5
FA0
  8
DEFAULT
 10
-693.0484833515585
 20
126.7837180168994
 30
5.936971094551297
  0
VERTEX
  5
FA1
  8
DEFAULT
 10
-693.1896689213236
 20
126.8696135378208
 30
5.936971094551297
  0
VERTEX
  5
FA2
  8
DEFAULT
 10
-693.3339804239562
 20
126.9523831258741
 30
5.936971094551297
  0
VERTEX
  5
FA3
  8
DEFAULT
 10
-693.4813955728706
 20
127.0320490676449
 30
5.936971094551297
  0
VERTEX
  5
FA4
  8
DEFAULT
 10
-693.6159933669298
 20
127.1008674119642
 30
5.936971094551297
  0
VERTEX
  5
FA5
  8
DEFAULT
 10
-693.7517469993088
 20
127.1672311674819
 30
5.936971094551297
  0
VERTEX
  5
FA6
  8
DEFAULT
 10
-694.0251962540535
 20
127.2945381386814
 30
5.936971094551297
  0
VERTEX
  5
FA7
  8
DEFAULT
 10
-694.5702350124938
 20
127.5395154587473
 30
5.936971094551297
  0
VERTEX
  5
FA8
  8
DEFAULT
 10
-694.8369728814553
 20
127.6631170247959
 30
5.936971094551297
  0
VERTEX
  5
FA9
  8
DEFAULT
 10
-695.097082460202
 20
127.7907494638877
 30
5.936971094551297
  0
VERTEX
  5
FAA
  8
DEFAULT
 10
-695.2240942091728
 20
127.8567162117362
 30
5.936971094551297
  0
VERTEX
  5
FAB
  8
DEFAULT
 10
-695.3488115042485
 20
127.9244132464677
 30
5.936971094551297
  0
VERTEX
  5
FAC
  8
DEFAULT
 10
-695.4710541107715
 20
127.9940366025923
 30
5.936971094551297
  0
VERTEX
  5
FAD
  8
DEFAULT
 10
-695.5906566341138
 20
128.0657619983066
 30
5.936971094551297
  0
VERTEX
  5
FAE
  8
DEFAULT
 10
-695.707468162661
 20
128.1397455162332
 30
5.936971094551297
  0
VERTEX
  5
FAF
  8
DEFAULT
 10
-695.8213519107958
 20
128.2161242841595
 30
5.936971094551297
  0
VERTEX
  5
FB0
  8
DEFAULT
 10
-695.9321848618808
 20
128.2950171557776
 30
5.936971094551297
  0
VERTEX
  5
FB1
  8
DEFAULT
 10
-696.0398574112439
 20
128.3765253914232
 30
5.936971094551297
  0
VERTEX
  5
FB2
  8
DEFAULT
 10
-696.1442730091596
 20
128.4607333388152
 30
5.936971094551297
  0
VERTEX
  5
FB3
  8
DEFAULT
 10
-696.2453478038342
 20
128.5477091137948
 30
5.936971094551297
  0
VERTEX
  5
FB4
  8
DEFAULT
 10
-696.3430102843881
 20
128.6375052810648
 30
5.936971094551297
  0
VERTEX
  5
FB5
  8
DEFAULT
 10
-696.4372009238411
 20
128.7301595349292
 30
5.936971094551297
  0
VERTEX
  5
FB6
  8
DEFAULT
 10
-696.5278718220936
 20
128.8256953800321
 30
5.936971094551297
  0
VERTEX
  5
FB7
  8
DEFAULT
 10
-696.5718754908548
 20
128.87454753204
 30
5.936971094551297
  0
VERTEX
  5
FB8
  8
DEFAULT
 10
-696.6149863489122
 20
128.9241228120976
 30
5.936971094551297
  0
VERTEX
  5
FB9
  8
DEFAULT
 10
-696.6572015198301
 20
128.9744204705852
 30
5.936971094551297
  0
VERTEX
  5
FBA
  8
DEFAULT
 10
-696.6985187869124
 20
129.0254389986682
 30
5.936971094551297
  0
VERTEX
  5
FBB
  8
DEFAULT
 10
-696.7389365820454
 20
129.0771761495701
 30
5.936971094551297
  0
VERTEX
  5
FBC
  8
DEFAULT
 10
-696.7784539745419
 20
129.1296289598452
 30
5.936971094551297
  0
VERTEX
  5
FBD
  8
DEFAULT
 10
-696.8547869490643
 20
129.2366662490272
 30
5.936971094551297
  0
VERTEX
  5
FBE
  8
DEFAULT
 10
-696.9275225895436
 20
129.3465136336497
 30
5.936971094551297
  0
VERTEX
  5
FBF
  8
DEFAULT
 10
-696.9966752598261
 20
129.4591237759244
 30
5.936971094551297
  0
VERTEX
  5
FC0
  8
DEFAULT
 10
-697.0622684515253
 20
129.5744399135785
 30
5.936971094551297
  0
VERTEX
  5
FC1
  8
DEFAULT
 10
-697.1243344270044
 20
129.6923965405941
 30
5.936971094551297
  0
VERTEX
  5
FC2
  8
DEFAULT
 10
-697.1829138623614
 20
129.8129200879475
 30
5.936971094551297
  0
VERTEX
  5
FC3
  8
DEFAULT
 10
-697.2380554904103
 20
129.9359296043483
 30
5.936971094551297
  0
VERTEX
  5
FC4
  8
DEFAULT
 10
-697.289815743667
 20
130.0613374369789
 30
5.936971094551297
  0
VERTEX
  5
FC5
  8
DEFAULT
 10
-697.3382583973314
 20
130.1890499122339
 30
5.936971094551297
  0
VERTEX
  5
FC6
  8
DEFAULT
 10
-697.3834542122719
 20
130.3189680164591
 30
5.936971094551297
  0
VERTEX
  5
FC7
  8
DEFAULT
 10
-697.4254805780076
 20
130.4509880766911
 30
5.936971094551297
  0
VERTEX
  5
FC8
  8
DEFAULT
 10
-697.4644211556936
 20
130.5850024413966
 30
5.936971094551297
  0
VERTEX
  5
FC9
  8
DEFAULT
 10
-697.5003655211026
 20
130.7209001612116
 30
5.936971094551297
  0
VERTEX
  5
FCA
  8
DEFAULT
 10
-697.5334088076106
 20
130.8585676696806
 30
5.936971094551297
  0
VERTEX
  5
FCB
  8
DEFAULT
 10
-697.5636513491785
 20
130.9978894639962
 30
5.936971094551297
  0
VERTEX
  5
FCC
  8
DEFAULT
 10
-697.5911983233368
 20
131.1387487857384
 30
5.936971094551297
  0
VERTEX
  5
FCD
  8
DEFAULT
 10
-697.6161593941688
 20
131.2810283016134
 30
5.936971094551297
  0
VERTEX
  5
FCE
  8
DEFAULT
 10
-697.6386483552943
 20
131.4246107841937
 30
5.936971094551297
  0
VERTEX
  5
FCF
  8
DEFAULT
 10
-697.6766836284879
 20
131.7152203535249
 30
5.936971094551297
  0
VERTEX
  5
FD0
  8
DEFAULT
 10
-697.7062835159775
 20
132.0096676597224
 30
5.936971094551297
  0
VERTEX
  5
FD1
  8
DEFAULT
 10
-697.728470614352
 20
132.3070881299474
 30
5.936971094551297
  0
VERTEX
  5
FD2
  8
DEFAULT
 10
-697.7442993192041
 20
132.6066842361896
 30
5.936971094551297
  0
VERTEX
  5
FD3
  8
DEFAULT
 10
-697.754844400602
 20
132.9077472789249
 30
5.936971094551297
  0
VERTEX
  5
FD4
  8
DEFAULT
 10
-697.7657572262192
 20
134.1168237061999
 30
5.936971094551297
  0
VERTEX
  5
FD5
  8
DEFAULT
 10
-697.7657572265803
 20
168.2144976104314
 30
5.936971094551297
  0
VERTEX
  5
FD6
  8
DEFAULT
 10
-683.6943370583659
 20
168.2144976104314
 30
5.936971094551297
  0
VERTEX
  5
FD7
  8
DEFAULT
 10
-683.6943370583659
 20
162.2144976104314
 30
5.936971094551297
  0
VERTEX
  5
FD8
  8
DEFAULT
 10
-671.3056629407645
 20
162.2144976104314
 30
5.936971094551297
  0
VERTEX
  5
FD9
  8
DEFAULT
 10
-671.3056629407645
 20
168.2144976104314
 30
5.936971094551297
  0
VERTEX
  5
FDA
  8
DEFAULT
 10
-663.2342427734197
 20
168.2144976104314
 30
5.936971094551297
  0
VERTEX
  5
FDB
  8
DEFAULT
 10
-663.2342427734197
 20
141.4645972094418
 30
5.936971094551297
  0
VERTEX
  5
FDC
  8
DEFAULT
 10
-658.2342427734197
 20
141.4645972094418
 30
5.936971094551297
  0
VERTEX
  5
FDD
  8
DEFAULT
 10
-658.2342427734197
 20
118.112938829639
 30
5.936971094551297
  0
VERTEX
  5
FDE
  8
DEFAULT
 10
-663.2342427734197
 20
118.112938829639
 30
5.936971094551297
  0
VERTEX
  5
FDF
  8
DEFAULT
 10
-663.2342427734197
 20
76.96619610368802
 30
5.936971094551297
  0
VERTEX
  5
FE0
  8
DEFAULT
 10
-658.2342427734197
 20
76.96619610368802
 30
5.936971094551297
  0
VERTEX
  5
FE1
  8
DEFAULT
 10
-658.2342427734197
 20
53.61453772388529
 30
5.936971094551297
  0
VERTEX
  5
FE2
  8
DEFAULT
 10
-663.2342427734197
 20
53.61453772388529
 30
5.936971094551297
  0
VERTEX
  5
FE3
  8
DEFAULT
 10
-663.2342427734197
 20
5.873811186935043
 30
5.936971094551297
  0
VERTEX
  5
FE4
  8
DEFAULT
 10
-658.2342427734197
 20
5.873811186935043
 30
5.936971094551297
  0
VERTEX
  5
FE5
  8
DEFAULT
 10
-658.2342427734197
 20
-17.47784719286769
 30
5.936971094551297
  0
VERTEX
  5
FE6
  8
DEFAULT
 10
-663.2342427734197
 20
-17.47784719286769
 30
5.936971094551297
  0
SEQEND
  5
FE7
  8
DEFAULT
  0
POLYLINE
  5
FE8
  8
DEFAULT
 66
     1
 10
0.0
 20
0.0
 30
5.936971094551297
 70
     1
  0
VERTEX
  5
FE9
  8
DEFAULT
 10
-444.031514453159
 20
-224.0
 30
5.936971094551297
  0
VERTEX
  5
FEA
  8
DEFAULT
 10
-444.031514453159
 20
-215.6196623824311
 30
5.936971094551297
  0
VERTEX
  5
FEB
  8
DEFAULT
 10
-436.031514453159
 20
-215.6196623824311
 30
5.936971094551297
  0
VERTEX
  5
FEC
  8
DEFAULT
 10
-436.031514453159
 20
-224.0
 30
5.936971094551297
  0
SEQEND
  5
FED
  8
DEFAULT
  0
POLYLINE
  5
FEE
  8
DEFAULT
 66
     1
 10
0.0
 20
0.0
 30
5.936971094551297
 70
     1
  0
VERTEX
  5
FEF
  8
DEFAULT
 10
-427.2275736938033
 20
-219.8098311912156
 30
5.936971094551297
  0
VERTEX
  5
FF0
  8
DEFAULT
 10
-427.2458008644008
 20
-219.4210035077799
 30
5.936971094551297
  0
VERTEX
  5
FF1
  8
DEFAULT
 10
-427.2749180719856
 20
-219.0401756523742
 30
5.936971094551297
  0
VERTEX
  5
FF2
  8
DEFAULT
 10
-427.31464146559
 20
-218.6673454398794
 30
5.936971094551297
  0
VERTEX
  5
FF3
  8
DEFAULT
 10
-427.3646871942468
 20
-218.3025106851769
 30
5.936971094551297
  0
VERTEX
  5
FF4
  8
DEFAULT
 10
-427.4247714069883
 20
-217.9456692031478
 30
5.936971094551297
  0
VERTEX
  5
FF5
  8
DEFAULT
 10
-427.4946102528472
 20
-217.5968188086732
 30
5.936971094551297
  0
VERTEX
  5
FF6
  8
DEFAULT
 10
-427.5739198808559
 20
-217.2559573166343
 30
5.936971094551297
  0
VERTEX
  5
FF7
  8
DEFAULT
 10
-427.6624164400471
 20
-216.9230825419123
 30
5.936971094551297
  0
VERTEX
  5
FF8
  8
DEFAULT
 10
-427.7598160794532
 20
-216.5981922993884
 30
5.936971094551297
  0
VERTEX
  5
FF9
  8
DEFAULT
 10
-427.8658349481068
 20
-216.2812844039437
 30
5.936971094551297
  0
VERTEX
  5
FFA
  8
DEFAULT
 10
-427.9801891950405
 20
-215.9723566704593
 30
5.936971094551297
  0
VERTEX
  5
FFB
  8
DEFAULT
 10
-428.1025949692867
 20
-215.6714069138165
 30
5.936971094551297
  0
VERTEX
  5
FFC
  8
DEFAULT
 10
-428.232768419878
 20
-215.3784329488964
 30
5.936971094551297
  0
VERTEX
  5
FFD
  8
DEFAULT
 10
-428.370425695847
 20
-215.0934325905802
 30
5.936971094551297
  0
VERTEX
  5
FFE
  8
DEFAULT
 10
-428.5152829462263
 20
-214.816403653749
 30
5.936971094551297
  0
VERTEX
  5
FFF
  8
DEFAULT
 10
-428.6670563200482
 20
-214.5473439532841
 30
5.936971094551297
  0
VERTEX
  5
1000
  8
DEFAULT
 10
-428.8254619663454
 20
-214.2862513040665
 30
5.936971094551297
  0
VERTEX
  5
1001
  8
DEFAULT
 10
-428.9902160341504
 20
-214.0331235209775
 30
5.936971094551297
  0
VERTEX
  5
1002
  8
DEFAULT
 10
-429.1610346724958
 20
-213.7879584188983
 30
5.936971094551297
  0
VERTEX
  5
1003
  8
DEFAULT
 10
-429.3376340304141
 20
-213.5507538127098
 30
5.936971094551297
  0
VERTEX
  5
1004
  8
DEFAULT
 10
-429.5197302569377
 20
-213.3215075172935
 30
5.936971094551297
  0
VERTEX
  5
1005
  8
DEFAULT
 10
-429.7070395010994
 20
-213.1002173475303
 30
5.936971094551297
  0
VERTEX
  5
1006
  8
DEFAULT
 10
-429.8992779119316
 20
-212.8868811183015
 30
5.936971094551297
  0
VERTEX
  5
1007
  8
DEFAULT
 10
-430.0961616384668
 20
-212.6814966444883
 30
5.936971094551297
  0
VERTEX
  5
1008
  8
DEFAULT
 10
-430.2974068297375
 20
-212.4840617409718
 30
5.936971094551297
  0
VERTEX
  5
1009
  8
DEFAULT
 10
-430.5027296347765
 20
-212.2945742226332
 30
5.936971094551297
  0
VERTEX
  5
100A
  8
DEFAULT
 10
-430.7118462026161
 20
-212.1130319043536
 30
5.936971094551297
  0
VERTEX
  5
100B
  8
DEFAULT
 10
-430.9244726822889
 20
-211.9394326010142
 30
5.936971094551297
  0
VERTEX
  5
100C
  8
DEFAULT
 10
-431.1403252228274
 20
-211.7737741274962
 30
5.936971094551297
  0
VERTEX
  5
100D
  8
DEFAULT
 10
-431.3591199732642
 20
-211.6160542986808
 30
5.936971094551297
  0
VERTEX
  5
100E
  8
DEFAULT
 10
-431.5805730826318
 20
-211.466270929449
 30
5.936971094551297
  0
VERTEX
  5
100F
  8
DEFAULT
 10
-431.8044006999628
 20
-211.3244218346822
 30
5.936971094551297
  0
VERTEX
  5
1010
  8
DEFAULT
 10
-432.030336845274
 20
-211.1904813954089
 30
5.936971094551297
  0
VERTEX
  5
1011
  8
DEFAULT
 10
-432.2581870225196
 20
-211.0643302572474
 30
5.936971094551297
  0
VERTEX
  5
1012
  8
DEFAULT
 10
-432.4877746066379
 20
-210.9458256319638
 30
5.936971094551297
  0
VERTEX
  5
1013
  8
DEFAULT
 10
-432.7189229725676
 20
-210.8348247313237
 30
5.936971094551297
  0
VERTEX
  5
1014
  8
DEFAULT
 10
-432.9514554952469
 20
-210.7311847670932
 30
5.936971094551297
  0
VERTEX
  5
1015
  8
DEFAULT
 10
-433.1851955496145
 20
-210.6347629510381
 30
5.936971094551297
  0
VERTEX
  5
1016
  8
DEFAULT
 10
-433.4199665106086
 20
-210.5454164949242
 30
5.936971094551297
  0
VERTEX
  5
1017
  8
DEFAULT
 10
-433.6555917531679
 20
-210.4630026105173
 30
5.936971094551297
  0
VERTEX
  5
1018
  8
DEFAULT
 10
-433.8918946522307
 20
-210.3873785095834
 30
5.936971094551297
  0
VERTEX
  5
1019
  8
DEFAULT
 10
-434.1286985827355
 20
-210.3184014038884
 30
5.936971094551297
  0
VERTEX
  5
101A
  8
DEFAULT
 10
-434.3658269196208
 20
-210.255928505198
 30
5.936971094551297
  0
VERTEX
  5
101B
  8
DEFAULT
 10
-434.6031030378249
 20
-210.1998170252783
 30
5.936971094551297
  0
VERTEX
  5
101C
  8
DEFAULT
 10
-434.8403503122864
 20
-210.1499241758949
 30
5.936971094551297
  0
VERTEX
  5
101D
  8
DEFAULT
 10
-435.0773921179438
 20
-210.1061071688138
 30
5.936971094551297
  0
VERTEX
  5
101E
  8
DEFAULT
 10
-435.3140518297354
 20
-210.0682232158008
 30
5.936971094551297
  0
VERTEX
  5
101F
  8
DEFAULT
 10
-435.5501528225998
 20
-210.0361295286219
 30
5.936971094551297
  0
VERTEX
  5
1020
  8
DEFAULT
 10
-435.7855184714754
 20
-210.0096833190428
 30
5.936971094551297
  0
VERTEX
  5
1021
  8
DEFAULT
 10
-436.0199721513006
 20
-209.9887417988295
 30
5.936971094551297
  0
VERTEX
  5
1022
  8
DEFAULT
 10
-436.253337237014
 20
-209.9731621797477
 30
5.936971094551297
  0
VERTEX
  5
1023
  8
DEFAULT
 10
-436.4854371035539
 20
-209.9628016735634
 30
5.936971094551297
  0
VERTEX
  5
1024
  8
DEFAULT
 10
-436.7160951258588
 20
-209.9575174920425
 30
5.936971094551297
  0
VERTEX
  5
1025
  8
DEFAULT
 10
-436.9451346788672
 20
-209.9571668469507
 30
5.936971094551297
  0
VERTEX
  5
1026
  8
DEFAULT
 10
-437.1723791375175
 20
-209.961606950054
 30
5.936971094551297
  0
VERTEX
  5
1027
  8
DEFAULT
 10
-437.3976518767483
 20
-209.9706950131182
 30
5.936971094551297
  0
VERTEX
  5
1028
  8
DEFAULT
 10
-437.6207762714979
 20
-209.9842882479092
 30
5.936971094551297
  0
VERTEX
  5
1029
  8
DEFAULT
 10
-437.8415756967047
 20
-210.0022438661929
 30
5.936971094551297
  0
VERTEX
  5
102A
  8
DEFAULT
 10
-438.0598735273073
 20
-210.0244190797351
 30
5.936971094551297
  0
VERTEX
  5
102B
  8
DEFAULT
 10
-438.2754931382441
 20
-210.0506711003016
 30
5.936971094551297
  0
VERTEX
  5
102C
  8
DEFAULT
 10
-438.4882579044536
 20
-210.0808571396584
 30
5.936971094551297
  0
VERTEX
  5
102D
  8
DEFAULT
 10
-438.6979912008742
 20
-210.1148344095713
 30
5.936971094551297
  0
VERTEX
  5
102E
  8
DEFAULT
 10
-438.9045164024444
 20
-210.1524601218061
 30
5.936971094551297
  0
VERTEX
  5
102F
  8
DEFAULT
 10
-439.1076568841027
 20
-210.1935914881288
 30
5.936971094551297
  0
VERTEX
  5
1030
  8
DEFAULT
 10
-439.3072867170912
 20
-210.2381124864338
 30
5.936971094551297
  0
VERTEX
  5
1031
  8
DEFAULT
 10
-439.5034827578684
 20
-210.2860141591297
 30
5.936971094551297
  0
VERTEX
  5
1032
  8
DEFAULT
 10
-439.6963725591959
 20
-210.3373143147538
 30
5.936971094551297
  0
VERTEX
  5
1033
  8
DEFAULT
 10
-439.8860836738359
 20
-210.3920307618433
 30
5.936971094551297
  0
VERTEX
  5
1034
  8
DEFAULT
 10
-440.0727436545501
 20
-210.4501813089356
 30
5.936971094551297
  0
VERTEX
  5
1035
  8
DEFAULT
 10
-440.2564800541008
 20
-210.5117837645677
 30
5.936971094551297
  0
VERTEX
  5
1036
  8
DEFAULT
 10
-440.4374204252498
 20
-210.5768559372771
 30
5.936971094551297
  0
VERTEX
  5
1037
  8
DEFAULT
 10
-440.6156923207591
 20
-210.645415635601
 30
5.936971094551297
  0
VERTEX
  5
1038
  8
DEFAULT
 10
-440.7914232933907
 20
-210.7174806680765
 30
5.936971094551297
  0
VERTEX
  5
1039
  8
DEFAULT
 10
-440.9647408959066
 20
-210.7930688432409
 30
5.936971094551297
  0
VERTEX
  5
103A
  8
DEFAULT
 10
-441.1357726810687
 20
-210.8721979696316
 30
5.936971094551297
  0
VERTEX
  5
103B
  8
DEFAULT
 10
-441.304646201639
 20
-210.9548858557857
 30
5.936971094551297
  0
VERTEX
  5
103C
  8
DEFAULT
 10
-441.4714890103795
 20
-211.0411503102405
 30
5.936971094551297
  0
VERTEX
  5
103D
  8
DEFAULT
 10
-441.636428660052
 20
-211.1310091415333
 30
5.936971094551297
  0
VERTEX
  5
103E
  8
DEFAULT
 10
-441.7995927034187
 20
-211.2244801582012
 30
5.936971094551297
  0
VERTEX
  5
103F
  8
DEFAULT
 10
-441.9611086932415
 20
-211.3215811687816
 30
5.936971094551297
  0
VERTEX
  5
1040
  8
DEFAULT
 10
-442.1211041822824
 20
-211.4223299818117
 30
5.936971094551297
  0
VERTEX
  5
1041
  8
DEFAULT
 10
-442.2797067233033
 20
-211.5267444058287
 30
5.936971094551297
  0
VERTEX
  5
1042
  8
DEFAULT
 10
-442.4370438690663
 20
-211.6348422493699
 30
5.936971094551297
  0
VERTEX
  5
1043
  8
DEFAULT
 10
-442.5932431723332
 20
-211.7466413209726
 30
5.936971094551297
  0
VERTEX
  5
1044
  8
DEFAULT
 10
-442.7484321858661
 20
-211.8621594291739
 30
5.936971094551297
  0
VERTEX
  5
1045
  8
DEFAULT
 10
-442.902738462427
 20
-211.9814143825112
 30
5.936971094551297
  0
VERTEX
  5
1046
  8
DEFAULT
 10
-443.2092130156803
 20
-212.2312060587426
 30
5.936971094551297
  0
VERTEX
  5
1047
  8
DEFAULT
 10
-443.5136872541891
 20
-212.4961588179648
 30
5.936971094551297
  0
VERTEX
  5
1048
  8
DEFAULT
 10
-443.8171816000491
 20
-212.7764151284757
 30
5.936971094551297
  0
VERTEX
  5
1049
  8
DEFAULT
 10
-444.1207164753561
 20
-213.0721174585734
 30
5.936971094551297
  0
VERTEX
  5
104A
  8
DEFAULT
 10
-444.425312302206
 20
-213.3834082765559
 30
5.936971094551297
  0
VERTEX
  5
104B
  8
DEFAULT
 10
-444.7313783276294
 20
-213.7102370530022
 30
5.936971094551297
  0
VERTEX
  5
104C
  8
DEFAULT
 10
-445.0368790983983
 20
-214.051781267616
 30
5.936971094551297
  0
VERTEX
  5
104D
  8
DEFAULT
 10
-445.3391679862193
 20
-214.407025402382
 30
5.936971094551297
  0
VERTEX
  5
104E
  8
DEFAULT
 10
-445.6355983627991
 20
-214.7749539392847
 30
5.936971094551297
  0
VERTEX
  5
104F
  8
DEFAULT
 10
-445.9235235998443
 20
-215.154551360309
 30
5.936971094551297
  0
VERTEX
  5
1050
  8
DEFAULT
 10
-446.2002970690619
 20
-215.5448021474394
 30
5.936971094551297
  0
VERTEX
  5
1051
  8
DEFAULT
 10
-446.3336748193937
 20
-215.7436052039147
 30
5.936971094551297
  0
VERTEX
  5
1052
  8
DEFAULT
 10
-446.4632721421585
 20
-215.9446907826608
 30
5.936971094551297
  0
VERTEX
  5
1053
  8
DEFAULT
 10
-446.5887582088199
 20
-216.1479319439258
 30
5.936971094551297
  0
VERTEX
  5
1054
  8
DEFAULT
 10
-446.7098021908409
 20
-216.3532017479577
 30
5.936971094551297
  0
VERTEX
  5
1055
  8
DEFAULT
 10
-446.8260732596851
 20
-216.5603732550046
 30
5.936971094551297
  0
VERTEX
  5
1056
  8
DEFAULT
 10
-446.9372405868158
 20
-216.7693195253148
 30
5.936971094551297
  0
VERTEX
  5
1057
  8
DEFAULT
 10
-447.0429733436963
 20
-216.9799136191362
 30
5.936971094551297
  0
VERTEX
  5
1058
  8
DEFAULT
 10
-447.14294070179
 20
-217.1920285967169
 30
5.936971094551297
  0
VERTEX
  5
1059
  8
DEFAULT
 10
-447.2368118325602
 20
-217.405537518305
 30
5.936971094551297
  0
VERTEX
  5
105A
  8
DEFAULT
 10
-447.3242559074702
 20
-217.6203134441486
 30
5.936971094551297
  0
VERTEX
  5
105B
  8
DEFAULT
 10
-447.4049420979833
 20
-217.8362294344958
 30
5.936971094551297
  0
VERTEX
  5
105C
  8
DEFAULT
 10
-447.478539575563
 20
-218.0531585495946
 30
5.936971094551297
  0
VERTEX
  5
105D
  8
DEFAULT
 10
-447.5447175116726
 20
-218.2709738496932
 30
5.936971094551297
  0
VERTEX
  5
105E
  8
DEFAULT
 10
-447.6031450777754
 20
-218.4895483950397
 30
5.936971094551297
  0
VERTEX
  5
105F
  8
DEFAULT
 10
-447.6293490881566
 20
-218.5990807160083
 30
5.936971094551297
  0
VERTEX
  5
1060
  8
DEFAULT
 10
-447.6534914453348
 20
-218.708755245882
 30
5.936971094551297
  0
VERTEX
  5
1061
  8
DEFAULT
 10
-447.675530795743
 20
-218.8185561171917
 30
5.936971094551297
  0
VERTEX
  5
1062
  8
DEFAULT
 10
-447.695425785814
 20
-218.9284674624683
 30
5.936971094551297
  0
VERTEX
  5
1063
  8
DEFAULT
 10
-447.7131350619808
 20
-219.0384734142431
 30
5.936971094551297
  0
VERTEX
  5
1064
  8
DEFAULT
 10
-447.7286172706765
 20
-219.1485581050468
 30
5.936971094551297
  0
VERTEX
  5
1065
  8
DEFAULT
 10
-447.7418310583337
 20
-219.2587056674106
 30
5.936971094551297
  0
VERTEX
  5
1066
  8
DEFAULT
 10
-447.7527350713855
 20
-219.3689002338655
 30
5.936971094551297
  0
VERTEX
  5
1067
  8
DEFAULT
 10
-447.7612879562648
 20
-219.4791259369424
 30
5.936971094551297
  0
VERTEX
  5
1068
  8
DEFAULT
 10
-447.7674483594045
 20
-219.5893669091724
 30
5.936971094551297
  0
VERTEX
  5
1069
  8
DEFAULT
 10
-447.7711749272375
 20
-219.6996072830864
 30
5.936971094551297
  0
VERTEX
  5
106A
  8
DEFAULT
 10
-447.7724263061967
 20
-219.8098311912156
 30
5.936971094551297
  0
VERTEX
  5
106B
  8
DEFAULT
 10
-447.7711749272375
 20
-219.9200550993448
 30
5.936971094551297
  0
VERTEX
  5
106C
  8
DEFAULT
 10
-447.7674483594045
 20
-220.0302954732588
 30
5.936971094551297
  0
VERTEX
  5
106D
  8
DEFAULT
 10
-447.7612879562648
 20
-220.1405364454889
 30
5.936971094551297
  0
VERTEX
  5
106E
  8
DEFAULT
 10
-447.7527350713855
 20
-220.2507621485657
 30
5.936971094551297
  0
VERTEX
  5
106F
  8
DEFAULT
 10
-447.7418310583337
 20
-220.3609567150206
 30
5.936971094551297
  0
VERTEX
  5
1070
  8
DEFAULT
 10
-447.7286172706765
 20
-220.4711042773844
 30
5.936971094551297
  0
VERTEX
  5
1071
  8
DEFAULT
 10
-447.7131350619808
 20
-220.5811889681881
 30
5.936971094551297
  0
VERTEX
  5
1072
  8
DEFAULT
 10
-447.695425785814
 20
-220.6911949199628
 30
5.936971094551297
  0
VERTEX
  5
1073
  8
DEFAULT
 10
-447.675530795743
 20
-220.8011062652395
 30
5.936971094551297
  0
VERTEX
  5
1074
  8
DEFAULT
 10
-447.6534914453348
 20
-220.9109071365492
 30
5.936971094551297
  0
VERTEX
  5
1075
  8
DEFAULT
 10
-447.6293490881566
 20
-221.0205816664229
 30
5.936971094551297
  0
VERTEX
  5
1076
  8
DEFAULT
 10
-447.6031450777754
 20
-221.1301139873915
 30
5.936971094551297
  0
VERTEX
  5
1077
  8
DEFAULT
 10
-447.5447175116726
 20
-221.3486885327379
 30
5.936971094551297
  0
VERTEX
  5
1078
  8
DEFAULT
 10
-447.478539575563
 20
-221.5665038328365
 30
5.936971094551297
  0
VERTEX
  5
1079
  8
DEFAULT
 10
-447.4049420979833
 20
-221.7834329479354
 30
5.936971094551297
  0
VERTEX
  5
107A
  8
DEFAULT
 10
-447.3242559074702
 20
-221.9993489382825
 30
5.936971094551297
  0
VERTEX
  5
107B
  8
DEFAULT
 10
-447.2368118325602
 20
-222.2141248641261
 30
5.936971094551297
  0
VERTEX
  5
107C
  8
DEFAULT
 10
-447.14294070179
 20
-222.4276337857143
 30
5.936971094551297
  0
VERTEX
  5
107D
  8
DEFAULT
 10
-447.0429733436963
 20
-222.639748763295
 30
5.936971094551297
  0
VERTEX
  5
107E
  8
DEFAULT
 10
-446.9372405868158
 20
-222.8503428571163
 30
5.936971094551297
  0
VERTEX
  5
107F
  8
DEFAULT
 10
-446.8260732596851
 20
-223.0592891274265
 30
5.936971094551297
  0
VERTEX
  5
1080
  8
DEFAULT
 10
-446.7098021908409
 20
-223.2664606344735
 30
5.936971094551297
  0
VERTEX
  5
1081
  8
DEFAULT
 10
-446.5887582088199
 20
-223.4717304385055
 30
5.936971094551297
  0
VERTEX
  5
1082
  8
DEFAULT
 10
-446.4632721421585
 20
-223.6749715997704
 30
5.936971094551297
  0
VERTEX
  5
1083
  8
DEFAULT
 10
-446.3336748193937
 20
-223.8760571785165
 30
5.936971094551297
  0
VERTEX
  5
1084
  8
DEFAULT
 10
-446.2002970690619
 20
-224.0748602349918
 30
5.936971094551297
  0
VERTEX
  5
1085
  8
DEFAULT
 10
-445.9235235998443
 20
-224.4651110221222
 30
5.936971094551297
  0
VERTEX
  5
1086
  8
DEFAULT
 10
-445.6355983627991
 20
-224.8447084431465
 30
5.936971094551297
  0
VERTEX
  5
1087
  8
DEFAULT
 10
-445.3391679862193
 20
-225.2126369800492
 30
5.936971094551297
  0
VERTEX
  5
1088
  8
DEFAULT
 10
-445.0368790983983
 20
-225.5678811148152
 30
5.936971094551297
  0
VERTEX
  5
1089
  8
DEFAULT
 10
-444.7313783276294
 20
-225.909425329429
 30
5.936971094551297
  0
VERTEX
  5
108A
  8
DEFAULT
 10
-444.425312302206
 20
-226.2362541058753
 30
5.936971094551297
  0
VERTEX
  5
108B
  8
DEFAULT
 10
-444.1207164753561
 20
-226.5475449238578
 30
5.936971094551297
  0
VERTEX
  5
108C
  8
DEFAULT
 10
-443.8171816000491
 20
-226.8432472539555
 30
5.936971094551297
  0
VERTEX
  5
108D
  8
DEFAULT
 10
-443.5136872541891
 20
-227.1235035644664
 30
5.936971094551297
  0
VERTEX
  5
108E
  8
DEFAULT
 10
-443.2092130156803
 20
-227.3884563236886
 30
5.936971094551297
  0
VERTEX
  5
108F
  8
DEFAULT
 10
-442.902738462427
 20
-227.63824799992
 30
5.936971094551297
  0
VERTEX
  5
1090
  8
DEFAULT
 10
-442.7484321858661
 20
-227.7575029532573
 30
5.936971094551297
  0
VERTEX
  5
1091
  8
DEFAULT
 10
-442.5932431723332
 20
-227.8730210614586
 30
5.936971094551297
  0
VERTEX
  5
1092
  8
DEFAULT
 10
-442.4370438690663
 20
-227.9848201330613
 30
5.936971094551297
  0
VERTEX
  5
1093
  8
DEFAULT
 10
-442.2797067233033
 20
-228.0929179766025
 30
5.936971094551297
  0
VERTEX
  5
1094
  8
DEFAULT
 10
-442.1211041822824
 20
-228.1973324006195
 30
5.936971094551297
  0
VERTEX
  5
1095
  8
DEFAULT
 10
-441.9611086932415
 20
-228.2980812136496
 30
5.936971094551297
  0
VERTEX
  5
1096
  8
DEFAULT
 10
-441.7995927034187
 20
-228.39518222423
 30
5.936971094551297
  0
VERTEX
  5
1097
  8
DEFAULT
 10
-441.636428660052
 20
-228.4886532408979
 30
5.936971094551297
  0
VERTEX
  5
1098
  8
DEFAULT
 10
-441.4714890103795
 20
-228.5785120721907
 30
5.936971094551297
  0
VERTEX
  5
1099
  8
DEFAULT
 10
-441.304646201639
 20
-228.6647765266455
 30
5.936971094551297
  0
VERTEX
  5
109A
  8
DEFAULT
 10
-441.1357726810687
 20
-228.7474644127996
 30
5.936971094551297
  0
VERTEX
  5
109B
  8
DEFAULT
 10
-440.9647408959066
 20
-228.8265935391903
 30
5.936971094551297
  0
VERTEX
  5
109C
  8
DEFAULT
 10
-440.7914232933907
 20
-228.9021817143548
 30
5.936971094551297
  0
VERTEX
  5
109D
  8
DEFAULT
 10
-440.6156923207591
 20
-228.9742467468303
 30
5.936971094551297
  0
VERTEX
  5
109E
  8
DEFAULT
 10
-440.4374204252498
 20
-229.0428064451541
 30
5.936971094551297
  0
VERTEX
  5
109F
  8
DEFAULT
 10
-440.2564800541008
 20
-229.1078786178635
 30
5.936971094551297
  0
VERTEX
  5
10A0
  8
DEFAULT
 10
-440.0727436545501
 20
-229.1694810734957
 30
5.936971094551297
  0
VERTEX
  5
10A1
  8
DEFAULT
 10
-439.8860836738359
 20
-229.2276316205879
 30
5.936971094551297
  0
VERTEX
  5
10A2
  8
DEFAULT
 10
-439.6963725591959
 20
-229.2823480676774
 30
5.936971094551297
  0
VERTEX
  5
10A3
  8
DEFAULT
 10
-439.5034827578684
 20
-229.3336482233015
 30
5.936971094551297
  0
VERTEX
  5
10A4
  8
DEFAULT
 10
-439.3072867170912
 20
-229.3815498959974
 30
5.936971094551297
  0
VERTEX
  5
10A5
  8
DEFAULT
 10
-439.1076568841027
 20
-229.4260708943024
 30
5.936971094551297
  0
VERTEX
  5
10A6
  8
DEFAULT
 10
-438.9045164024444
 20
-229.4672022606251
 30
5.936971094551297
  0
VERTEX
  5
10A7
  8
DEFAULT
 10
-438.6979912008742
 20
-229.5048279728599
 30
5.936971094551297
  0
VERTEX
  5
10A8
  8
DEFAULT
 10
-438.4882579044536
 20
-229.5388052427728
 30
5.936971094551297
  0
VERTEX
  5
10A9
  8
DEFAULT
 10
-438.2754931382441
 20
-229.5689912821296
 30
5.936971094551297
  0
VERTEX
  5
10AA
  8
DEFAULT
 10
-438.0598735273073
 20
-229.5952433026961
 30
5.936971094551297
  0
VERTEX
  5
10AB
  8
DEFAULT
 10
-437.8415756967047
 20
-229.6174185162383
 30
5.936971094551297
  0
VERTEX
  5
10AC
  8
DEFAULT
 10
-437.6207762714979
 20
-229.6353741345219
 30
5.936971094551297
  0
VERTEX
  5
10AD
  8
DEFAULT
 10
-437.3976518767483
 20
-229.6489673693129
 30
5.936971094551297
  0
VERTEX
  5
10AE
  8
DEFAULT
 10
-437.1723791375175
 20
-229.6580554323772
 30
5.936971094551297
  0
VERTEX
  5
10AF
  8
DEFAULT
 10
-436.9451346788672
 20
-229.6624955354805
 30
5.936971094551297
  0
VERTEX
  5
10B0
  8
DEFAULT
 10
-436.7160951258588
 20
-229.6621448903887
 30
5.936971094551297
  0
VERTEX
  5
10B1
  8
DEFAULT
 10
-436.4854371035539
 20
-229.6568607088678
 30
5.936971094551297
  0
VERTEX
  5
10B2
  8
DEFAULT
 10
-436.253337237014
 20
-229.6465002026835
 30
5.936971094551297
  0
VERTEX
  5
10B3
  8
DEFAULT
 10
-436.0199721513006
 20
-229.6309205836017
 30
5.936971094551297
  0
VERTEX
  5
10B4
  8
DEFAULT
 10
-435.7855184714754
 20
-229.6099790633884
 30
5.936971094551297
  0
VERTEX
  5
10B5
  8
DEFAULT
 10
-435.5501528225998
 20
-229.5835328538093
 30
5.936971094551297
  0
VERTEX
  5
10B6
  8
DEFAULT
 10
-435.3140518297354
 20
-229.5514391666303
 30
5.936971094551297
  0
VERTEX
  5
10B7
  8
DEFAULT
 10
-435.0773921179438
 20
-229.5135552136174
 30
5.936971094551297
  0
VERTEX
  5
10B8
  8
DEFAULT
 10
-434.8403503122864
 20
-229.4697382065363
 30
5.936971094551297
  0
VERTEX
  5
10B9
  8
DEFAULT
 10
-434.6031030378249
 20
-229.4198453571529
 30
5.936971094551297
  0
VERTEX
  5
10BA
  8
DEFAULT
 10
-434.3658269196208
 20
-229.3637338772331
 30
5.936971094551297
  0
VERTEX
  5
10BB
  8
DEFAULT
 10
-434.1286985827355
 20
-229.3012609785427
 30
5.936971094551297
  0
VERTEX
  5
10BC
  8
DEFAULT
 10
-433.8918946522307
 20
-229.2322838728477
 30
5.936971094551297
  0
VERTEX
  5
10BD
  8
DEFAULT
 10
-433.6555917531679
 20
-229.1566597719138
 30
5.936971094551297
  0
VERTEX
  5
10BE
  8
DEFAULT
 10
-433.4199665106086
 20
-229.074245887507
 30
5.936971094551297
  0
VERTEX
  5
10BF
  8
DEFAULT
 10
-433.1851955496145
 20
-228.9848994313931
 30
5.936971094551297
  0
VERTEX
  5
10C0
  8
DEFAULT
 10
-432.9514554952469
 20
-228.8884776153379
 30
5.936971094551297
  0
VERTEX
  5
10C1
  8
DEFAULT
 10
-432.7189229725676
 20
-228.7848376511074
 30
5.936971094551297
  0
VERTEX
  5
10C2
  8
DEFAULT
 10
-432.4877746066379
 20
-228.6738367504674
 30
5.936971094551297
  0
VERTEX
  5
10C3
  8
DEFAULT
 10
-432.2581870225196
 20
-228.5553321251837
 30
5.936971094551297
  0
VERTEX
  5
10C4
  8
DEFAULT
 10
-432.030336845274
 20
-228.4291809870222
 30
5.936971094551297
  0
VERTEX
  5
10C5
  8
DEFAULT
 10
-431.8044006999628
 20
-228.2952405477489
 30
5.936971094551297
  0
VERTEX
  5
10C6
  8
DEFAULT
 10
-431.5805730826318
 20
-228.1533914529821
 30
5.936971094551297
  0
VERTEX
  5
10C7
  8
DEFAULT
 10
-431.3591199732642
 20
-228.0036080837503
 30
5.936971094551297
  0
VERTEX
  5
10C8
  8
DEFAULT
 10
-431.1403252228274
 20
-227.8458882549349
 30
5.936971094551297
  0
VERTEX
  5
10C9
  8
DEFAULT
 10
-430.9244726822889
 20
-227.6802297814169
 30
5.936971094551297
  0
VERTEX
  5
10CA
  8
DEFAULT
 10
-430.7118462026161
 20
-227.5066304780775
 30
5.936971094551297
  0
VERTEX
  5
10CB
  8
DEFAULT
 10
-430.5027296347765
 20
-227.3250881597979
 30
5.936971094551297
  0
VERTEX
  5
10CC
  8
DEFAULT
 10
-430.2974068297375
 20
-227.1356006414593
 30
5.936971094551297
  0
VERTEX
  5
10CD
  8
DEFAULT
 10
-430.0961616384668
 20
-226.9381657379428
 30
5.936971094551297
  0
VERTEX
  5
10CE
  8
DEFAULT
 10
-429.8992779119316
 20
-226.7327812641296
 30
5.936971094551297
  0
VERTEX
  5
10CF
  8
DEFAULT
 10
-429.7070395010994
 20
-226.5194450349008
 30
5.936971094551297
  0
VERTEX
  5
10D0
  8
DEFAULT
 10
-429.5197302569377
 20
-226.2981548651376
 30
5.936971094551297
  0
VERTEX
  5
10D1
  8
DEFAULT
 10
-429.3376340304141
 20
-226.0689085697213
 30
5.936971094551297
  0
VERTEX
  5
10D2
  8
DEFAULT
 10
-429.1610346724958
 20
-225.8317039635328
 30
5.936971094551297
  0
VERTEX
  5
10D3
  8
DEFAULT
 10
-428.9902160341504
 20
-225.5865388614536
 30
5.936971094551297
  0
VERTEX
  5
10D4
  8
DEFAULT
 10
-428.8254619663454
 20
-225.3334110783646
 30
5.936971094551297
  0
VERTEX
  5
10D5
  8
DEFAULT
 10
-428.6670563200482
 20
-225.072318429147
 30
5.936971094551297
  0
VERTEX
  5
10D6
  8
DEFAULT
 10
-428.5152829462263
 20
-224.8032587286821
 30
5.936971094551297
  0
VERTEX
  5
10D7
  8
DEFAULT
 10
-428.370425695847
 20
-224.5262297918509
 30
5.936971094551297
  0
VERTEX
  5
10D8
  8
DEFAULT
 10
-428.232768419878
 20
-224.2412294335348
 30
5.936971094551297
  0
VERTEX
  5
10D9
  8
DEFAULT
 10
-428.1025949692867
 20
-223.9482554686147
 30
5.936971094551297
  0
VERTEX
  5
10DA
  8
DEFAULT
 10
-427.9801891950405
 20
-223.6473057119719
 30
5.936971094551297
  0
VERTEX
  5
10DB
  8
DEFAULT
 10
-427.8658349481068
 20
-223.3383779784875
 30
5.936971094551297
  0
VERTEX
  5
10DC
  8
DEFAULT
 10
-427.7598160794532
 20
-223.0214700830428
 30
5.936971094551297
  0
VERTEX
  5
10DD
  8
DEFAULT
 10
-427.6624164400471
 20
-222.6965798405188
 30
5.936971094551297
  0
VERTEX
  5
10DE
  8
DEFAULT
 10
-427.5739198808559
 20
-222.3637050657968
 30
5.936971094551297
  0
VERTEX
  5
10DF
  8
DEFAULT
 10
-427.4946102528472
 20
-222.022843573758
 30
5.936971094551297
  0
VERTEX
  5
10E0
  8
DEFAULT
 10
-427.4247714069883
 20
-221.6739931792834
 30
5.936971094551297
  0
VERTEX
  5
10E1
  8
DEFAULT
 10
-427.3646871942468
 20
-221.3171516972542
 30
5.936971094551297
  0
VERTEX
  5
10E2
  8
DEFAULT
 10
-427.31464146559
 20
-220.9523169425518
 30
5.936971094551297
  0
VERTEX
  5
10E3
  8
DEFAULT
 10
-427.2749180719856
 20
-220.579486730057
 30
5.936971094551297
  0
VERTEX
  5
10E4
  8
DEFAULT
 10
-427.2458008644008
 20
-220.1986588746512
 30
5.936971094551297
  0
SEQEND
  5
10E5
  8
DEFAULT
  0
POLYLINE
  5
10E6
  8
DEFAULT
 66
     1
 10
0.0
 20
0.0
 30
5.936971094551297
 70
     1
  0
VERTEX
  5
10E7
  8
DEFAULT
 10
-449.2275736938033
 20
-219.8098311912156
 30
5.936971094551297
  0
VERTEX
  5
10E8
  8
DEFAULT
 10
-449.2458008644008
 20
-219.4210035077799
 30
5.936971094551297
  0
VERTEX
  5
10E9
  8
DEFAULT
 10
-449.2749180719856
 20
-219.0401756523742
 30
5.936971094551297
  0
VERTEX
  5
10EA
  8
DEFAULT
 10
-449.31464146559
 20
-218.6673454398794
 30
5.936971094551297
  0
VERTEX
  5
10EB
  8
DEFAULT
 10
-449.3646871942468
 20
-218.3025106851769
 30
5.936971094551297
  0
VERTEX
  5
10EC
  8
DEFAULT
 10
-449.4247714069883
 20
-217.9456692031478
 30
5.936971094551297
  0
VERTEX
  5
10ED
  8
DEFAULT
 10
-449.4946102528472
 20
-217.5968188086732
 30
5.936971094551297
  0
VERTEX
  5
10EE
  8
DEFAULT
 10
-449.5739198808559
 20
-217.2559573166343
 30
5.936971094551297
  0
VERTEX
  5
10EF
  8
DEFAULT
 10
-449.6624164400471
 20
-216.9230825419123
 30
5.936971094551297
  0
VERTEX
  5
10F0
  8
DEFAULT
 10
-449.7598160794532
 20
-216.5981922993884
 30
5.936971094551297
  0
VERTEX
  5
10F1
  8
DEFAULT
 10
-449.8658349481068
 20
-216.2812844039437
 30
5.936971094551297
  0
VERTEX
  5
10F2
  8
DEFAULT
 10
-449.9801891950405
 20
-215.9723566704593
 30
5.936971094551297
  0
VERTEX
  5
10F3
  8
DEFAULT
 10
-450.1025949692867
 20
-215.6714069138165
 30
5.936971094551297
  0
VERTEX
  5
10F4
  8
DEFAULT
 10
-450.232768419878
 20
-215.3784329488964
 30
5.936971094551297
  0
VERTEX
  5
10F5
  8
DEFAULT
 10
-450.370425695847
 20
-215.0934325905802
 30
5.936971094551297
  0
VERTEX
  5
10F6
  8
DEFAULT
 10
-450.5152829462263
 20
-214.816403653749
 30
5.936971094551297
  0
VERTEX
  5
10F7
  8
DEFAULT
 10
-450.6670563200482
 20
-214.5473439532841
 30
5.936971094551297
  0
VERTEX
  5
10F8
  8
DEFAULT
 10
-450.8254619663454
 20
-214.2862513040666
 30
5.936971094551297
  0
VERTEX
  5
10F9
  8
DEFAULT
 10
-450.9902160341504
 20
-214.0331235209775
 30
5.936971094551297
  0
VERTEX
  5
10FA
  8
DEFAULT
 10
-451.1610346724958
 20
-213.7879584188983
 30
5.936971094551297
  0
VERTEX
  5
10FB
  8
DEFAULT
 10
-451.3376340304141
 20
-213.5507538127098
 30
5.936971094551297
  0
VERTEX
  5
10FC
  8
DEFAULT
 10
-451.5197302569377
 20
-213.3215075172935
 30
5.936971094551297
  0
VERTEX
  5
10FD
  8
DEFAULT
 10
-451.7070395010994
 20
-213.1002173475303
 30
5.936971094551297
  0
VERTEX
  5
10FE
  8
DEFAULT
 10
-451.8992779119316
 20
-212.8868811183015
 30
5.936971094551297
  0
VERTEX
  5
10FF
  8
DEFAULT
 10
-452.0961616384668
 20
-212.6814966444883
 30
5.936971094551297
  0
VERTEX
  5
1100
  8
DEFAULT
 10
-452.2974068297375
 20
-212.4840617409718
 30
5.936971094551297
  0
VERTEX
  5
1101
  8
DEFAULT
 10
-452.5027296347765
 20
-212.2945742226332
 30
5.936971094551297
  0
VERTEX
  5
1102
  8
DEFAULT
 10
-452.7118462026161
 20
-212.1130319043536
 30
5.936971094551297
  0
VERTEX
  5
1103
  8
DEFAULT
 10
-452.9244726822889
 20
-211.9394326010142
 30
5.936971094551297
  0
VERTEX
  5
1104
  8
DEFAULT
 10
-453.1403252228274
 20
-211.7737741274963
 30
5.936971094551297
  0
VERTEX
  5
1105
  8
DEFAULT
 10
-453.3591199732642
 20
-211.6160542986808
 30
5.936971094551297
  0
VERTEX
  5
1106
  8
DEFAULT
 10
-453.5805730826318
 20
-211.4662709294491
 30
5.936971094551297
  0
VERTEX
  5
1107
  8
DEFAULT
 10
-453.8044006999628
 20
-211.3244218346822
 30
5.936971094551297
  0
VERTEX
  5
1108
  8
DEFAULT
 10
-454.030336845274
 20
-211.1904813954089
 30
5.936971094551297
  0
VERTEX
  5
1109
  8
DEFAULT
 10
-454.2581870225196
 20
-211.0643302572474
 30
5.936971094551297
  0
VERTEX
  5
110A
  8
DEFAULT
 10
-454.4877746066379
 20
-210.9458256319638
 30
5.936971094551297
  0
VERTEX
  5
110B
  8
DEFAULT
 10
-454.7189229725676
 20
-210.8348247313237
 30
5.936971094551297
  0
VERTEX
  5
110C
  8
DEFAULT
 10
-454.9514554952469
 20
-210.7311847670932
 30
5.936971094551297
  0
VERTEX
  5
110D
  8
DEFAULT
 10
-455.1851955496145
 20
-210.6347629510381
 30
5.936971094551297
  0
VERTEX
  5
110E
  8
DEFAULT
 10
-455.4199665106086
 20
-210.5454164949242
 30
5.936971094551297
  0
VERTEX
  5
110F
  8
DEFAULT
 10
-455.6555917531679
 20
-210.4630026105173
 30
5.936971094551297
  0
VERTEX
  5
1110
  8
DEFAULT
 10
-455.8918946522307
 20
-210.3873785095835
 30
5.936971094551297
  0
VERTEX
  5
1111
  8
DEFAULT
 10
-456.1286985827355
 20
-210.3184014038885
 30
5.936971094551297
  0
VERTEX
  5
1112
  8
DEFAULT
 10
-456.3658269196208
 20
-210.2559285051981
 30
5.936971094551297
  0
VERTEX
  5
1113
  8
DEFAULT
 10
-456.6031030378249
 20
-210.1998170252783
 30
5.936971094551297
  0
VERTEX
  5
1114
  8
DEFAULT
 10
-456.8403503122864
 20
-210.1499241758949
 30
5.936971094551297
  0
VERTEX
  5
1115
  8
DEFAULT
 10
-457.0773921179438
 20
-210.1061071688138
 30
5.936971094551297
  0
VERTEX
  5
1116
  8
DEFAULT
 10
-457.3140518297355
 20
-210.0682232158008
 30
5.936971094551297
  0
VERTEX
  5
1117
  8
DEFAULT
 10
-457.5501528225999
 20
-210.0361295286219
 30
5.936971094551297
  0
VERTEX
  5
1118
  8
DEFAULT
 10
-457.7855184714755
 20
-210.0096833190428
 30
5.936971094551297
  0
VERTEX
  5
1119
  8
DEFAULT
 10
-458.0199721513007
 20
-209.9887417988294
 30
5.936971094551297
  0
VERTEX
  5
111A
  8
DEFAULT
 10
-458.2533372370141
 20
-209.9731621797477
 30
5.936971094551297
  0
VERTEX
  5
111B
  8
DEFAULT
 10
-458.485437103554
 20
-209.9628016735634
 30
5.936971094551297
  0
VERTEX
  5
111C
  8
DEFAULT
 10
-458.7160951258589
 20
-209.9575174920424
 30
5.936971094551297
  0
VERTEX
  5
111D
  8
DEFAULT
 10
-458.9451346788672
 20
-209.9571668469507
 30
5.936971094551297
  0
VERTEX
  5
111E
  8
DEFAULT
 10
-459.1723791375175
 20
-209.961606950054
 30
5.936971094551297
  0
VERTEX
  5
111F
  8
DEFAULT
 10
-459.3976518767483
 20
-209.9706950131182
 30
5.936971094551297
  0
VERTEX
  5
1120
  8
DEFAULT
 10
-459.6207762714979
 20
-209.9842882479092
 30
5.936971094551297
  0
VERTEX
  5
1121
  8
DEFAULT
 10
-459.8415756967047
 20
-210.0022438661929
 30
5.936971094551297
  0
VERTEX
  5
1122
  8
DEFAULT
 10
-460.0598735273073
 20
-210.0244190797351
 30
5.936971094551297
  0
VERTEX
  5
1123
  8
DEFAULT
 10
-460.2754931382441
 20
-210.0506711003016
 30
5.936971094551297
  0
VERTEX
  5
1124
  8
DEFAULT
 10
-460.4882579044536
 20
-210.0808571396584
 30
5.936971094551297
  0
VERTEX
  5
1125
  8
DEFAULT
 10
-460.6979912008742
 20
-210.1148344095713
 30
5.936971094551297
  0
VERTEX
  5
1126
  8
DEFAULT
 10
-460.9045164024444
 20
-210.1524601218061
 30
5.936971094551297
  0
VERTEX
  5
1127
  8
DEFAULT
 10
-461.1076568841027
 20
-210.1935914881288
 30
5.936971094551297
  0
VERTEX
  5
1128
  8
DEFAULT
 10
-461.3072867170912
 20
-210.2381124864337
 30
5.936971094551297
  0
VERTEX
  5
1129
  8
DEFAULT
 10
-461.5034827578684
 20
-210.2860141591297
 30
5.936971094551297
  0
VERTEX
  5
112A
  8
DEFAULT
 10
-461.6963725591959
 20
-210.3373143147538
 30
5.936971094551297
  0
VERTEX
  5
112B
  8
DEFAULT
 10
-461.8860836738359
 20
-210.3920307618433
 30
5.936971094551297
  0
VERTEX
  5
112C
  8
DEFAULT
 10
-462.0727436545502
 20
-210.4501813089356
 30
5.936971094551297
  0
VERTEX
  5
112D
  8
DEFAULT
 10
-462.2564800541009
 20
-210.5117837645677
 30
5.936971094551297
  0
VERTEX
  5
112E
  8
DEFAULT
 10
-462.4374204252499
 20
-210.5768559372771
 30
5.936971094551297
  0
VERTEX
  5
112F
  8
DEFAULT
 10
-462.6156923207592
 20
-210.645415635601
 30
5.936971094551297
  0
VERTEX
  5
1130
  8
DEFAULT
 10
-462.7914232933907
 20
-210.7174806680765
 30
5.936971094551297
  0
VERTEX
  5
1131
  8
DEFAULT
 10
-462.9647408959066
 20
-210.7930688432409
 30
5.936971094551297
  0
VERTEX
  5
1132
  8
DEFAULT
 10
-463.1357726810687
 20
-210.8721979696316
 30
5.936971094551297
  0
VERTEX
  5
1133
  8
DEFAULT
 10
-463.304646201639
 20
-210.9548858557857
 30
5.936971094551297
  0
VERTEX
  5
1134
  8
DEFAULT
 10
-463.4714890103795
 20
-211.0411503102405
 30
5.936971094551297
  0
VERTEX
  5
1135
  8
DEFAULT
 10
-463.636428660052
 20
-211.1310091415332
 30
5.936971094551297
  0
VERTEX
  5
1136
  8
DEFAULT
 10
-463.7995927034187
 20
-211.2244801582012
 30
5.936971094551297
  0
VERTEX
  5
1137
  8
DEFAULT
 10
-463.9611086932416
 20
-211.3215811687816
 30
5.936971094551297
  0
VERTEX
  5
1138
  8
DEFAULT
 10
-464.1211041822825
 20
-211.4223299818116
 30
5.936971094551297
  0
VERTEX
  5
1139
  8
DEFAULT
 10
-464.2797067233034
 20
-211.5267444058287
 30
5.936971094551297
  0
VERTEX
  5
113A
  8
DEFAULT
 10
-464.4370438690663
 20
-211.6348422493699
 30
5.936971094551297
  0
VERTEX
  5
113B
  8
DEFAULT
 10
-464.5932431723332
 20
-211.7466413209725
 30
5.936971094551297
  0
VERTEX
  5
113C
  8
DEFAULT
 10
-464.7484321858661
 20
-211.8621594291739
 30
5.936971094551297
  0
VERTEX
  5
113D
  8
DEFAULT
 10
-464.902738462427
 20
-211.9814143825112
 30
5.936971094551297
  0
VERTEX
  5
113E
  8
DEFAULT
 10
-465.2092130156803
 20
-212.2312060587426
 30
5.936971094551297
  0
VERTEX
  5
113F
  8
DEFAULT
 10
-465.5136872541891
 20
-212.4961588179648
 30
5.936971094551297
  0
VERTEX
  5
1140
  8
DEFAULT
 10
-465.8171816000491
 20
-212.7764151284757
 30
5.936971094551297
  0
VERTEX
  5
1141
  8
DEFAULT
 10
-466.1207164753561
 20
-213.0721174585734
 30
5.936971094551297
  0
VERTEX
  5
1142
  8
DEFAULT
 10
-466.425312302206
 20
-213.3834082765559
 30
5.936971094551297
  0
VERTEX
  5
1143
  8
DEFAULT
 10
-466.7313783276294
 20
-213.7102370530023
 30
5.936971094551297
  0
VERTEX
  5
1144
  8
DEFAULT
 10
-467.0368790983983
 20
-214.0517812676161
 30
5.936971094551297
  0
VERTEX
  5
1145
  8
DEFAULT
 10
-467.3391679862193
 20
-214.407025402382
 30
5.936971094551297
  0
VERTEX
  5
1146
  8
DEFAULT
 10
-467.6355983627991
 20
-214.7749539392847
 30
5.936971094551297
  0
VERTEX
  5
1147
  8
DEFAULT
 10
-467.9235235998443
 20
-215.154551360309
 30
5.936971094551297
  0
VERTEX
  5
1148
  8
DEFAULT
 10
-468.2002970690619
 20
-215.5448021474394
 30
5.936971094551297
  0
VERTEX
  5
1149
  8
DEFAULT
 10
-468.3336748193937
 20
-215.7436052039147
 30
5.936971094551297
  0
VERTEX
  5
114A
  8
DEFAULT
 10
-468.4632721421585
 20
-215.9446907826608
 30
5.936971094551297
  0
VERTEX
  5
114B
  8
DEFAULT
 10
-468.5887582088199
 20
-216.1479319439258
 30
5.936971094551297
  0
VERTEX
  5
114C
  8
DEFAULT
 10
-468.7098021908409
 20
-216.3532017479577
 30
5.936971094551297
  0
VERTEX
  5
114D
  8
DEFAULT
 10
-468.8260732596851
 20
-216.5603732550046
 30
5.936971094551297
  0
VERTEX
  5
114E
  8
DEFAULT
 10
-468.9372405868158
 20
-216.7693195253148
 30
5.936971094551297
  0
VERTEX
  5
114F
  8
DEFAULT
 10
-469.0429733436963
 20
-216.9799136191362
 30
5.936971094551297
  0
VERTEX
  5
1150
  8
DEFAULT
 10
-469.14294070179
 20
-217.1920285967169
 30
5.936971094551297
  0
VERTEX
  5
1151
  8
DEFAULT
 10
-469.2368118325602
 20
-217.405537518305
 30
5.936971094551297
  0
VERTEX
  5
1152
  8
DEFAULT
 10
-469.3242559074702
 20
-217.6203134441486
 30
5.936971094551297
  0
VERTEX
  5
1153
  8
DEFAULT
 10
-469.4049420979833
 20
-217.8362294344958
 30
5.936971094551297
  0
VERTEX
  5
1154
  8
DEFAULT
 10
-469.478539575563
 20
-218.0531585495946
 30
5.936971094551297
  0
VERTEX
  5
1155
  8
DEFAULT
 10
-469.5447175116726
 20
-218.2709738496932
 30
5.936971094551297
  0
VERTEX
  5
1156
  8
DEFAULT
 10
-469.6031450777754
 20
-218.4895483950397
 30
5.936971094551297
  0
VERTEX
  5
1157
  8
DEFAULT
 10
-469.6293490881566
 20
-218.5990807160083
 30
5.936971094551297
  0
VERTEX
  5
1158
  8
DEFAULT
 10
-469.6534914453348
 20
-218.708755245882
 30
5.936971094551297
  0
VERTEX
  5
1159
  8
DEFAULT
 10
-469.675530795743
 20
-218.8185561171917
 30
5.936971094551297
  0
VERTEX
  5
115A
  8
DEFAULT
 10
-469.695425785814
 20
-218.9284674624683
 30
5.936971094551297
  0
VERTEX
  5
115B
  8
DEFAULT
 10
-469.7131350619808
 20
-219.038473414243
 30
5.936971094551297
  0
VERTEX
  5
115C
  8
DEFAULT
 10
-469.7286172706765
 20
-219.1485581050468
 30
5.936971094551297
  0
VERTEX
  5
115D
  8
DEFAULT
 10
-469.7418310583337
 20
-219.2587056674106
 30
5.936971094551297
  0
VERTEX
  5
115E
  8
DEFAULT
 10
-469.7527350713855
 20
-219.3689002338654
 30
5.936971094551297
  0
VERTEX
  5
115F
  8
DEFAULT
 10
-469.7612879562648
 20
-219.4791259369423
 30
5.936971094551297
  0
VERTEX
  5
1160
  8
DEFAULT
 10
-469.7674483594045
 20
-219.5893669091723
 30
5.936971094551297
  0
VERTEX
  5
1161
  8
DEFAULT
 10
-469.7711749272375
 20
-219.6996072830864
 30
5.936971094551297
  0
VERTEX
  5
1162
  8
DEFAULT
 10
-469.7724263061967
 20
-219.8098311912156
 30
5.936971094551297
  0
VERTEX
  5
1163
  8
DEFAULT
 10
-469.7711749272375
 20
-219.9200550993448
 30
5.936971094551297
  0
VERTEX
  5
1164
  8
DEFAULT
 10
-469.7674483594045
 20
-220.0302954732588
 30
5.936971094551297
  0
VERTEX
  5
1165
  8
DEFAULT
 10
-469.7612879562648
 20
-220.1405364454889
 30
5.936971094551297
  0
VERTEX
  5
1166
  8
DEFAULT
 10
-469.7527350713855
 20
-220.2507621485657
 30
5.936971094551297
  0
VERTEX
  5
1167
  8
DEFAULT
 10
-469.7418310583337
 20
-220.3609567150206
 30
5.936971094551297
  0
VERTEX
  5
1168
  8
DEFAULT
 10
-469.7286172706765
 20
-220.4711042773844
 30
5.936971094551297
  0
VERTEX
  5
1169
  8
DEFAULT
 10
-469.7131350619808
 20
-220.5811889681881
 30
5.936971094551297
  0
VERTEX
  5
116A
  8
DEFAULT
 10
-469.695425785814
 20
-220.6911949199628
 30
5.936971094551297
  0
VERTEX
  5
116B
  8
DEFAULT
 10
-469.675530795743
 20
-220.8011062652395
 30
5.936971094551297
  0
VERTEX
  5
116C
  8
DEFAULT
 10
-469.6534914453348
 20
-220.9109071365492
 30
5.936971094551297
  0
VERTEX
  5
116D
  8
DEFAULT
 10
-469.6293490881566
 20
-221.0205816664229
 30
5.936971094551297
  0
VERTEX
  5
116E
  8
DEFAULT
 10
-469.6031450777754
 20
-221.1301139873915
 30
5.936971094551297
  0
VERTEX
  5
116F
  8
DEFAULT
 10
-469.5447175116726
 20
-221.3486885327379
 30
5.936971094551297
  0
VERTEX
  5
1170
  8
DEFAULT
 10
-469.478539575563
 20
-221.5665038328365
 30
5.936971094551297
  0
VERTEX
  5
1171
  8
DEFAULT
 10
-469.4049420979833
 20
-221.7834329479354
 30
5.936971094551297
  0
VERTEX
  5
1172
  8
DEFAULT
 10
-469.3242559074702
 20
-221.9993489382825
 30
5.936971094551297
  0
VERTEX
  5
1173
  8
DEFAULT
 10
-469.2368118325602
 20
-222.2141248641261
 30
5.936971094551297
  0
VERTEX
  5
1174
  8
DEFAULT
 10
-469.14294070179
 20
-222.4276337857143
 30
5.936971094551297
  0
VERTEX
  5
1175
  8
DEFAULT
 10
-469.0429733436963
 20
-222.639748763295
 30
5.936971094551297
  0
VERTEX
  5
1176
  8
DEFAULT
 10
-468.9372405868158
 20
-222.8503428571163
 30
5.936971094551297
  0
VERTEX
  5
1177
  8
DEFAULT
 10
-468.8260732596851
 20
-223.0592891274265
 30
5.936971094551297
  0
VERTEX
  5
1178
  8
DEFAULT
 10
-468.7098021908409
 20
-223.2664606344735
 30
5.936971094551297
  0
VERTEX
  5
1179
  8
DEFAULT
 10
-468.5887582088199
 20
-223.4717304385055
 30
5.936971094551297
  0
VERTEX
  5
117A
  8
DEFAULT
 10
-468.4632721421585
 20
-223.6749715997704
 30
5.936971094551297
  0
VERTEX
  5
117B
  8
DEFAULT
 10
-468.3336748193937
 20
-223.8760571785165
 30
5.936971094551297
  0
VERTEX
  5
117C
  8
DEFAULT
 10
-468.2002970690619
 20
-224.0748602349918
 30
5.936971094551297
  0
VERTEX
  5
117D
  8
DEFAULT
 10
-467.9235235998443
 20
-224.4651110221222
 30
5.936971094551297
  0
VERTEX
  5
117E
  8
DEFAULT
 10
-467.6355983627991
 20
-224.8447084431465
 30
5.936971094551297
  0
VERTEX
  5
117F
  8
DEFAULT
 10
-467.3391679862193
 20
-225.2126369800492
 30
5.936971094551297
  0
VERTEX
  5
1180
  8
DEFAULT
 10
-467.0368790983983
 20
-225.5678811148152
 30
5.936971094551297
  0
VERTEX
  5
1181
  8
DEFAULT
 10
-466.7313783276294
 20
-225.909425329429
 30
5.936971094551297
  0
VERTEX
  5
1182
  8
DEFAULT
 10
-466.425312302206
 20
-226.2362541058753
 30
5.936971094551297
  0
VERTEX
  5
1183
  8
DEFAULT
 10
-466.1207164753561
 20
-226.5475449238578
 30
5.936971094551297
  0
VERTEX
  5
1184
  8
DEFAULT
 10
-465.8171816000491
 20
-226.8432472539555
 30
5.936971094551297
  0
VERTEX
  5
1185
  8
DEFAULT
 10
-465.5136872541891
 20
-227.1235035644664
 30
5.936971094551297
  0
VERTEX
  5
1186
  8
DEFAULT
 10
-465.2092130156803
 20
-227.3884563236886
 30
5.936971094551297
  0
VERTEX
  5
1187
  8
DEFAULT
 10
-464.902738462427
 20
-227.63824799992
 30
5.936971094551297
  0
VERTEX
  5
1188
  8
DEFAULT
 10
-464.7484321858661
 20
-227.7575029532573
 30
5.936971094551297
  0
VERTEX
  5
1189
  8
DEFAULT
 10
-464.5932431723332
 20
-227.8730210614586
 30
5.936971094551297
  0
VERTEX
  5
118A
  8
DEFAULT
 10
-464.4370438690663
 20
-227.9848201330613
 30
5.936971094551297
  0
VERTEX
  5
118B
  8
DEFAULT
 10
-464.2797067233034
 20
-228.0929179766025
 30
5.936971094551297
  0
VERTEX
  5
118C
  8
DEFAULT
 10
-464.1211041822825
 20
-228.1973324006195
 30
5.936971094551297
  0
VERTEX
  5
118D
  8
DEFAULT
 10
-463.9611086932416
 20
-228.2980812136496
 30
5.936971094551297
  0
VERTEX
  5
118E
  8
DEFAULT
 10
-463.7995927034187
 20
-228.39518222423
 30
5.936971094551297
  0
VERTEX
  5
118F
  8
DEFAULT
 10
-463.636428660052
 20
-228.4886532408979
 30
5.936971094551297
  0
VERTEX
  5
1190
  8
DEFAULT
 10
-463.4714890103795
 20
-228.5785120721907
 30
5.936971094551297
  0
VERTEX
  5
1191
  8
DEFAULT
 10
-463.304646201639
 20
-228.6647765266455
 30
5.936971094551297
  0
VERTEX
  5
1192
  8
DEFAULT
 10
-463.1357726810687
 20
-228.7474644127996
 30
5.936971094551297
  0
VERTEX
  5
1193
  8
DEFAULT
 10
-462.9647408959066
 20
-228.8265935391903
 30
5.936971094551297
  0
VERTEX
  5
1194
  8
DEFAULT
 10
-462.7914232933907
 20
-228.9021817143548
 30
5.936971094551297
  0
VERTEX
  5
1195
  8
DEFAULT
 10
-462.6156923207592
 20
-228.9742467468303
 30
5.936971094551297
  0
VERTEX
  5
1196
  8
DEFAULT
 10
-462.4374204252499
 20
-229.0428064451541
 30
5.936971094551297
  0
VERTEX
  5
1197
  8
DEFAULT
 10
-462.2564800541009
 20
-229.1078786178635
 30
5.936971094551297
  0
VERTEX
  5
1198
  8
DEFAULT
 10
-462.0727436545502
 20
-229.1694810734957
 30
5.936971094551297
  0
VERTEX
  5
1199
  8
DEFAULT
 10
-461.8860836738359
 20
-229.2276316205879
 30
5.936971094551297
  0
VERTEX
  5
119A
  8
DEFAULT
 10
-461.6963725591959
 20
-229.2823480676774
 30
5.936971094551297
  0
VERTEX
  5
119B
  8
DEFAULT
 10
-461.5034827578684
 20
-229.3336482233015
 30
5.936971094551297
  0
VERTEX
  5
119C
  8
DEFAULT
 10
-461.3072867170912
 20
-229.3815498959974
 30
5.936971094551297
  0
VERTEX
  5
119D
  8
DEFAULT
 10
-461.1076568841027
 20
-229.4260708943024
 30
5.936971094551297
  0
VERTEX
  5
119E
  8
DEFAULT
 10
-460.9045164024444
 20
-229.4672022606251
 30
5.936971094551297
  0
VERTEX
  5
119F
  8
DEFAULT
 10
-460.6979912008742
 20
-229.5048279728599
 30
5.936971094551297
  0
VERTEX
  5
11A0
  8
DEFAULT
 10
-460.4882579044537
 20
-229.5388052427728
 30
5.936971094551297
  0
VERTEX
  5
11A1
  8
DEFAULT
 10
-460.2754931382442
 20
-229.5689912821296
 30
5.936971094551297
  0
VERTEX
  5
11A2
  8
DEFAULT
 10
-460.0598735273074
 20
-229.5952433026961
 30
5.936971094551297
  0
VERTEX
  5
11A3
  8
DEFAULT
 10
-459.8415756967048
 20
-229.6174185162383
 30
5.936971094551297
  0
VERTEX
  5
11A4
  8
DEFAULT
 10
-459.6207762714979
 20
-229.6353741345219
 30
5.936971094551297
  0
VERTEX
  5
11A5
  8
DEFAULT
 10
-459.3976518767483
 20
-229.6489673693129
 30
5.936971094551297
  0
VERTEX
  5
11A6
  8
DEFAULT
 10
-459.1723791375176
 20
-229.6580554323772
 30
5.936971094551297
  0
VERTEX
  5
11A7
  8
DEFAULT
 10
-458.9451346788674
 20
-229.6624955354805
 30
5.936971094551297
  0
VERTEX
  5
11A8
  8
DEFAULT
 10
-458.7160951258589
 20
-229.6621448903887
 30
5.936971094551297
  0
VERTEX
  5
11A9
  8
DEFAULT
 10
-458.485437103554
 20
-229.6568607088678
 30
5.936971094551297
  0
VERTEX
  5
11AA
  8
DEFAULT
 10
-458.2533372370141
 20
-229.6465002026835
 30
5.936971094551297
  0
VERTEX
  5
11AB
  8
DEFAULT
 10
-458.0199721513007
 20
-229.6309205836017
 30
5.936971094551297
  0
VERTEX
  5
11AC
  8
DEFAULT
 10
-457.7855184714755
 20
-229.6099790633884
 30
5.936971094551297
  0
VERTEX
  5
11AD
  8
DEFAULT
 10
-457.5501528225999
 20
-229.5835328538093
 30
5.936971094551297
  0
VERTEX
  5
11AE
  8
DEFAULT
 10
-457.3140518297355
 20
-229.5514391666303
 30
5.936971094551297
  0
VERTEX
  5
11AF
  8
DEFAULT
 10
-457.0773921179438
 20
-229.5135552136174
 30
5.936971094551297
  0
VERTEX
  5
11B0
  8
DEFAULT
 10
-456.8403503122864
 20
-229.4697382065363
 30
5.936971094551297
  0
VERTEX
  5
11B1
  8
DEFAULT
 10
-456.6031030378249
 20
-229.4198453571529
 30
5.936971094551297
  0
VERTEX
  5
11B2
  8
DEFAULT
 10
-456.3658269196208
 20
-229.3637338772331
 30
5.936971094551297
  0
VERTEX
  5
11B3
  8
DEFAULT
 10
-456.1286985827355
 20
-229.3012609785427
 30
5.936971094551297
  0
VERTEX
  5
11B4
  8
DEFAULT
 10
-455.8918946522307
 20
-229.2322838728477
 30
5.936971094551297
  0
VERTEX
  5
11B5
  8
DEFAULT
 10
-455.6555917531679
 20
-229.1566597719138
 30
5.936971094551297
  0
VERTEX
  5
11B6
  8
DEFAULT
 10
-455.4199665106086
 20
-229.074245887507
 30
5.936971094551297
  0
VERTEX
  5
11B7
  8
DEFAULT
 10
-455.1851955496145
 20
-228.9848994313931
 30
5.936971094551297
  0
VERTEX
  5
11B8
  8
DEFAULT
 10
-454.9514554952469
 20
-228.8884776153379
 30
5.936971094551297
  0
VERTEX
  5
11B9
  8
DEFAULT
 10
-454.7189229725676
 20
-228.7848376511074
 30
5.936971094551297
  0
VERTEX
  5
11BA
  8
DEFAULT
 10
-454.4877746066379
 20
-228.6738367504674
 30
5.936971094551297
  0
VERTEX
  5
11BB
  8
DEFAULT
 10
-454.2581870225196
 20
-228.5553321251837
 30
5.936971094551297
  0
VERTEX
  5
11BC
  8
DEFAULT
 10
-454.030336845274
 20
-228.4291809870222
 30
5.936971094551297
  0
VERTEX
  5
11BD
  8
DEFAULT
 10
-453.8044006999628
 20
-228.2952405477489
 30
5.936971094551297
  0
VERTEX
  5
11BE
  8
DEFAULT
 10
-453.5805730826318
 20
-228.1533914529821
 30
5.936971094551297
  0
VERTEX
  5
11BF
  8
DEFAULT
 10
-453.3591199732642
 20
-228.0036080837503
 30
5.936971094551297
  0
VERTEX
  5
11C0
  8
DEFAULT
 10
-453.1403252228274
 20
-227.8458882549349
 30
5.936971094551297
  0
VERTEX
  5
11C1
  8
DEFAULT
 10
-452.9244726822889
 20
-227.6802297814169
 30
5.936971094551297
  0
VERTEX
  5
11C2
  8
DEFAULT
 10
-452.7118462026161
 20
-227.5066304780775
 30
5.936971094551297
  0
VERTEX
  5
11C3
  8
DEFAULT
 10
-452.5027296347765
 20
-227.3250881597979
 30
5.936971094551297
  0
VERTEX
  5
11C4
  8
DEFAULT
 10
-452.2974068297375
 20
-227.1356006414593
 30
5.936971094551297
  0
VERTEX
  5
11C5
  8
DEFAULT
 10
-452.0961616384668
 20
-226.9381657379428
 30
5.936971094551297
  0
VERTEX
  5
11C6
  8
DEFAULT
 10
-451.8992779119316
 20
-226.7327812641296
 30
5.936971094551297
  0
VERTEX
  5
11C7
  8
DEFAULT
 10
-451.7070395010994
 20
-226.5194450349008
 30
5.936971094551297
  0
VERTEX
  5
11C8
  8
DEFAULT
 10
-451.5197302569377
 20
-226.2981548651376
 30
5.936971094551297
  0
VERTEX
  5
11C9
  8
DEFAULT
 10
-451.3376340304141
 20
-226.0689085697213
 30
5.936971094551297
  0
VERTEX
  5
11CA
  8
DEFAULT
 10
-451.1610346724958
 20
-225.8317039635328
 30
5.936971094551297
  0
VERTEX
  5
11CB
  8
DEFAULT
 10
-450.9902160341504
 20
-225.5865388614536
 30
5.936971094551297
  0
VERTEX
  5
11CC
  8
DEFAULT
 10
-450.8254619663454
 20
-225.3334110783646
 30
5.936971094551297
  0
VERTEX
  5
11CD
  8
DEFAULT
 10
-450.6670563200482
 20
-225.072318429147
 30
5.936971094551297
  0
VERTEX
  5
11CE
  8
DEFAULT
 10
-450.5152829462263
 20
-224.8032587286821
 30
5.936971094551297
  0
VERTEX
  5
11CF
  8
DEFAULT
 10
-450.370425695847
 20
-224.5262297918509
 30
5.936971094551297
  0
VERTEX
  5
11D0
  8
DEFAULT
 10
-450.232768419878
 20
-224.2412294335348
 30
5.936971094551297
  0
VERTEX
  5
11D1
  8
DEFAULT
 10
-450.1025949692867
 20
-223.9482554686147
 30
5.936971094551297
  0
VERTEX
  5
11D2
  8
DEFAULT
 10
-449.9801891950405
 20
-223.6473057119719
 30
5.936971094551297
  0
VERTEX
  5
11D3
  8
DEFAULT
 10
-449.8658349481068
 20
-223.3383779784875
 30
5.936971094551297
  0
VERTEX
  5
11D4
  8
DEFAULT
 10
-449.7598160794532
 20
-223.0214700830428
 30
5.936971094551297
  0
VERTEX
  5
11D5
  8
DEFAULT
 10
-449.6624164400471
 20
-222.6965798405188
 30
5.936971094551297
  0
VERTEX
  5
11D6
  8
DEFAULT
 10
-449.5739198808559
 20
-222.3637050657968
 30
5.936971094551297
  0
VERTEX
  5
11D7
  8
DEFAULT
 10
-449.4946102528472
 20
-222.022843573758
 30
5.936971094551297
  0
VERTEX
  5
11D8
  8
DEFAULT
 10
-449.4247714069883
 20
-221.6739931792834
 30
5.936971094551297
  0
VERTEX
  5
11D9
  8
DEFAULT
 10
-449.3646871942468
 20
-221.3171516972542
 30
5.936971094551297
  0
VERTEX
  5
11DA
  8
DEFAULT
 10
-449.31464146559
 20
-220.9523169425518
 30
5.936971094551297
  0
VERTEX
  5
11DB
  8
DEFAULT
 10
-449.2749180719856
 20
-220.579486730057
 30
5.936971094551297
  0
VERTEX
  5
11DC
  8
DEFAULT
 10
-449.2458008644008
 20
-220.1986588746512
 30
5.936971094551297
  0
SEQEND
  5
11DD
  8
DEFAULT
  0
POLYLINE
  5
11DE
  8
DEFAULT
 66
     1
 10
0.0
 20
0.0
 30
5.936971094551297
 70
     1
  0
VERTEX
  5
11DF
  8
DEFAULT
 10
-462.031514453159
 20
-224.0
 30
5.936971094551297
  0
VERTEX
  5
11E0
  8
DEFAULT
 10
-462.031514453159
 20
-215.6196623824311
 30
5.936971094551297
  0
VERTEX
  5
11E1
  8
DEFAULT
 10
-453.031514453159
 20
-215.6196623824311
 30
5.936971094551297
  0
VERTEX
  5
11E2
  8
DEFAULT
 10
-453.031514453159
 20
-224.0
 30
5.936971094551297
  0
SEQEND
  5
11E3
  8
DEFAULT
  0
POLYLINE
  5
11E4
  8
DEFAULT
 66
     1
 10
0.0
 20
0.0
 30
5.936971094551297
 70
     1
  0
VERTEX
  5
11E5
  8
DEFAULT
 10
-601.0
 20
-29.93160639884638
 30
5.936971094551297
  0
VERTEX
  5
11E6
  8
DEFAULT
 10
-601.0
 20
48.1461040092777
 30
5.936971094551297
  0
VERTEX
  5
11E7
  8
DEFAULT
 10
-607.0
 20
48.1461040092777
 30
5.936971094551297
  0
VERTEX
  5
11E8
  8
DEFAULT
 10
-607.0
 20
-29.93160639884638
 30
5.936971094551297
  0
SEQEND
  5
11E9
  8
DEFAULT
  0
POLYLINE
  5
11EA
  8
DEFAULT
 66
     1
 10
0.0
 20
0.0
 30
5.936971094551297
 70
     1
  0
VERTEX
  5
11EB
  8
DEFAULT
 10
-607.0
 20
-64.99999999999999
 30
5.936971094551297
  0
VERTEX
  5
11EC
  8
DEFAULT
 10
-607.0
 20
-101.9316063988464
 30
5.936971094551297
  0
VERTEX
  5
11ED
  8
DEFAULT
 10
-601.0
 20
-101.9316063988464
 30
5.936971094551297
  0
VERTEX
  5
11EE
  8
DEFAULT
 10
-601.0
 20
-65.0
 30
5.936971094551297
  0
SEQEND
  5
11EF
  8
DEFAULT
  0
POLYLINE
  5
11F0
  8
DEFAULT
 66
     1
 10
0.0
 20
0.0
 30
5.936971094551297
 70
     1
  0
VERTEX
  5
11F1
  8
DEFAULT
 10
-601.0
 20
-137.0
 30
5.936971094551297
  0
VERTEX
  5
11F2
  8
DEFAULT
 10
-607.0
 20
-137.0
 30
5.936971094551297
  0
VERTEX
  5
11F3
  8
DEFAULT
 10
-607.0
 20
-157.0
 30
5.936971094551297
  0
VERTEX
  5
11F4
  8
DEFAULT
 10
-601.0
 20
-157.0
 30
5.936971094551297
  0
SEQEND
  5
11F5
  8
DEFAULT
  0
POLYLINE
  5
11F6
  8
DEFAULT
 66
     1
 10
0.0
 20
0.0
 30
5.936971094551297
 70
     1
  0
VERTEX
  5
11F7
  8
DEFAULT
 10
-587.0
 20
48.1461040092777
 30
5.936971094551297
  0
VERTEX
  5
11F8
  8
DEFAULT
 10
-581.0
 20
48.1461040092777
 30
5.936971094551297
  0
VERTEX
  5
11F9
  8
DEFAULT
 10
-581.0
 20
-29.93160639884638
 30
5.936971094551297
  0
VERTEX
  5
11FA
  8
DEFAULT
 10
-587.0
 20
-29.93160639884638
 30
5.936971094551297
  0
SEQEND
  5
11FB
  8
DEFAULT
  0
POLYLINE
  5
11FC
  8
DEFAULT
 66
     1
 10
0.0
 20
0.0
 30
5.936971094551297
 70
     1
  0
VERTEX
  5
11FD
  8
DEFAULT
 10
-581.0
 20
-101.9316063988464
 30
5.936971094551297
  0
VERTEX
  5
11FE
  8
DEFAULT
 10
-587.0
 20
-101.9316063988464
 30
5.936971094551297
  0
VERTEX
  5
11FF
  8
DEFAULT
 10
-587.0
 20
-65.0
 30
5.936971094551297
  0
VERTEX
  5
1200
  8
DEFAULT
 10
-581.0
 20
-64.99999999999999
 30
5.936971094551297
  0
SEQEND
  5
1201
  8
DEFAULT
  0
POLYLINE
  5
1202
  8
DEFAULT
 66
     1
 10
0.0
 20
0.0
 30
5.936971094551297
 70
     1
  0
VERTEX
  5
1203
  8
DEFAULT
 10
-581.0
 20
-157.0
 30
5.936971094551297
  0
VERTEX
  5
1204
  8
DEFAULT
 10
-587.0
 20
-157.0
 30
5.936971094551297
  0
VERTEX
  5
1205
  8
DEFAULT
 10
-587.0
 20
-137.0
 30
5.936971094551297
  0
VERTEX
  5
1206
  8
DEFAULT
 10
-581.0
 20
-137.0
 30
5.936971094551297
  0
SEQEND
  5
1207
  8
DEFAULT
  0
POLYLINE
  5
1208
  8
DEFAULT
 66
     1
 10
0.0
 20
0.0
 30
5.936971094551297
 70
     1
  0
VERTEX
  5
1209
  8
DEFAULT
 10
-598.0
 20
-151.0
 30
5.936971094551297
  0
VERTEX
  5
120A
  8
DEFAULT
 10
-590.0
 20
-151.0
 30
5.936971094551297
  0
VERTEX
  5
120B
  8
DEFAULT
 10
-590.0
 20
-157.0
 30
5.936971094551297
  0
VERTEX
  5
120C
  8
DEFAULT
 10
-598.0
 20
-157.0
 30
5.936971094551297
  0
SEQEND
  5
120D
  8
DEFAULT
  0
POLYLINE
  5
120E
  8
DEFAULT
 66
     1
 10
0.0
 20
0.0
 30
5.936971094551297
 70
     1
  0
VERTEX
  5
120F
  8
DEFAULT
 10
-633.9999999999995
 20
-169.9999999999998
 30
5.936971094551297
  0
VERTEX
  5
1210
  8
DEFAULT
 10
-554.0000000000005
 20
-169.9999999999998
 30
5.936971094551297
  0
VERTEX
  5
1211
  8
DEFAULT
 10
-553.0037841796881
 20
-169.9962158203123
 30
5.936971094551297
  0
VERTEX
  5
1212
  8
DEFAULT
 10
-552.0292968750007
 20
-169.9707031249997
 30
5.936971094551297
  0
VERTEX
  5
1213
  8
DEFAULT
 10
-551.5562667846687
 20
-169.9437332153317
 30
5.936971094551297
  0
VERTEX
  5
1214
  8
DEFAULT
 10
-551.0955810546883
 20
-169.9044189453122
 30
5.936971094551297
  0
VERTEX
  5
1215
  8
DEFAULT
 10
-550.8704752922065
 20
-169.879524707794
 30
5.936971094551297
  0
VERTEX
  5
1216
  8
DEFAULT
 10
-550.6491622924812
 20
-169.8508377075193
 30
5.936971094551297
  0
VERTEX
  5
1217
  8
DEFAULT
 10
-550.4318537712104
 20
-169.8181462287901
 30
5.936971094551297
  0
VERTEX
  5
1218
  8
DEFAULT
 10
-550.2187500000008
 20
-169.7812499999998
 30
5.936971094551297
  0
VERTEX
  5
1219
  8
DEFAULT
 10
-550.0100398063668
 20
-169.7399601936338
 30
5.936971094551297
  0
VERTEX
  5
121A
  8
DEFAULT
 10
-549.8059005737314
 20
-169.6940994262693
 30
5.936971094551297
  0
VERTEX
  5
121B
  8
DEFAULT
 10
-549.6064982414255
 20
-169.6435017585753
 30
5.936971094551297
  0
VERTEX
  5
121C
  8
DEFAULT
 10
-549.4119873046884
 20
-169.5880126953123
 30
5.936971094551297
  0
VERTEX
  5
121D
  8
DEFAULT
 10
-549.2225108146677
 20
-169.5274891853331
 30
5.936971094551297
  0
VERTEX
  5
121E
  8
DEFAULT
 10
-549.0382003784189
 20
-169.4617996215819
 30
5.936971094551297
  0
VERTEX
  5
121F
  8
DEFAULT
 10
-548.94802042842
 20
-169.4269795715807
 30
5.936971094551297
  0
VERTEX
  5
1220
  8
DEFAULT
 10
-548.8591761589059
 20
-169.3908238410949
 30
5.936971094551297
  0
VERTEX
  5
1221
  8
DEFAULT
 10
-548.7716808021078
 20
-169.353319197893
 30
5.936971094551297
  0
VERTEX
  5
1222
  8
DEFAULT
 10
-548.6855468750009
 20
-169.3144531249999
 30
5.936971094551297
  0
VERTEX
  5
1223
  8
DEFAULT
 10
-548.600786179305
 20
-169.2742138206958
 30
5.936971094551297
  0
VERTEX
  5
1224
  8
DEFAULT
 10
-548.5174098014841
 20
-169.2325901985168
 30
5.936971094551297
  0
VERTEX
  5
1225
  8
DEFAULT
 10
-548.4354281127462
 20
-169.1895718872547
 30
5.936971094551297
  0
VERTEX
  5
1226
  8
DEFAULT
 10
-548.3548507690439
 20
-169.145149230957
 30
5.936971094551297
  0
VERTEX
  5
1227
  8
DEFAULT
 10
-548.2756867110738
 20
-169.099313288927
 30
5.936971094551297
  0
VERTEX
  5
1228
  8
DEFAULT
 10
-548.197944164277
 20
-169.0520558357238
 30
5.936971094551297
  0
VERTEX
  5
1229
  8
DEFAULT
 10
-548.1216306388387
 20
-169.0033693611622
 30
5.936971094551297
  0
VERTEX
  5
122A
  8
DEFAULT
 10
-548.0467529296884
 20
-168.9532470703125
 30
5.936971094551297
  0
VERTEX
  5
122B
  8
DEFAULT
 10
-547.9733171164999
 20
-168.9016828835011
 30
5.936971094551297
  0
VERTEX
  5
122C
  8
DEFAULT
 10
-547.901328563691
 20
-168.8486714363098
 30
5.936971094551297
  0
VERTEX
  5
122D
  8
DEFAULT
 10
-547.8307919204242
 20
-168.7942080795765
 30
5.936971094551297
  0
VERTEX
  5
122E
  8
DEFAULT
 10
-547.7617111206062
 20
-168.7382888793946
 30
5.936971094551297
  0
VERTEX
  5
122F
  8
DEFAULT
 10
-547.6940893828876
 20
-168.6809106171132
 30
5.936971094551297
  0
VERTEX
  5
1230
  8
DEFAULT
 10
-547.6279292106635
 20
-168.6220707893372
 30
5.936971094551297
  0
VERTEX
  5
1231
  8
DEFAULT
 10
-547.5632323920734
 20
-168.5617676079274
 30
5.936971094551297
  0
VERTEX
  5
1232
  8
DEFAULT
 10
-547.5000000000007
 20
-168.5000000000001
 30
5.936971094551297
  0
VERTEX
  5
1233
  8
DEFAULT
 10
-547.4382323920734
 20
-168.4367676079275
 30
5.936971094551297
  0
VERTEX
  5
1234
  8
DEFAULT
 10
-547.3779292106635
 20
-168.3720707893373
 30
5.936971094551297
  0
VERTEX
  5
1235
  8
DEFAULT
 10
-547.3190893828876
 20
-168.3059106171133
 30
5.936971094551297
  0
VERTEX
  5
1236
  8
DEFAULT
 10
-547.2617111206062
 20
-168.2382888793947
 30
5.936971094551297
  0
VERTEX
  5
1237
  8
DEFAULT
 10
-547.2057919204242
 20
-168.1692080795767
 30
5.936971094551297
  0
VERTEX
  5
1238
  8
DEFAULT
 10
-547.1513285636909
 20
-168.09867143631
 30
5.936971094551297
  0
VERTEX
  5
1239
  8
DEFAULT
 10
-547.0983171164996
 20
-168.0266828835013
 30
5.936971094551297
  0
VERTEX
  5
123A
  8
DEFAULT
 10
-547.0467529296882
 20
-167.9532470703127
 30
5.936971094551297
  0
VERTEX
  5
123B
  8
DEFAULT
 10
-546.9966306388384
 20
-167.8783693611624
 30
5.936971094551297
  0
VERTEX
  5
123C
  8
DEFAULT
 10
-546.9479441642767
 20
-167.8020558357241
 30
5.936971094551297
  0
VERTEX
  5
123D
  8
DEFAULT
 10
-546.9006867110734
 20
-167.7243132889273
 30
5.936971094551297
  0
VERTEX
  5
123E
  8
DEFAULT
 10
-546.8548507690434
 20
-167.6451492309573
 30
5.936971094551297
  0
VERTEX
  5
123F
  8
DEFAULT
 10
-546.8104281127457
 20
-167.564571887255
 30
5.936971094551297
  0
VERTEX
  5
1240
  8
DEFAULT
 10
-546.7674098014836
 20
-167.4825901985171
 30
5.936971094551297
  0
VERTEX
  5
1241
  8
DEFAULT
 10
-546.7257861793046
 20
-167.3992138206962
 30
5.936971094551297
  0
VERTEX
  5
1242
  8
DEFAULT
 10
-546.6855468750005
 20
-167.3144531250003
 30
5.936971094551297
  0
VERTEX
  5
1243
  8
DEFAULT
 10
-546.6466808021073
 20
-167.2283191978935
 30
5.936971094551297
  0
VERTEX
  5
1244
  8
DEFAULT
 10
-546.6091761589055
 20
-167.1408238410953
 30
5.936971094551297
  0
VERTEX
  5
1245
  8
DEFAULT
 10
-546.5730204284196
 20
-167.0519795715812
 30
5.936971094551297
  0
VERTEX
  5
1246
  8
DEFAULT
 10
-546.5382003784184
 20
-166.9617996215824
 30
5.936971094551297
  0
VERTEX
  5
1247
  8
DEFAULT
 10
-546.4725108146672
 20
-166.7774891853336
 30
5.936971094551297
  0
VERTEX
  5
1248
  8
DEFAULT
 10
-546.411987304688
 20
-166.5880126953129
 30
5.936971094551297
  0
VERTEX
  5
1249
  8
DEFAULT
 10
-546.356498241425
 20
-166.3935017585758
 30
5.936971094551297
  0
VERTEX
  5
124A
  8
DEFAULT
 10
-546.3059005737309
 20
-166.1940994262699
 30
5.936971094551297
  0
VERTEX
  5
124B
  8
DEFAULT
 10
-546.2600398063664
 20
-165.9899601936345
 30
5.936971094551297
  0
VERTEX
  5
124C
  8
DEFAULT
 10
-546.2187500000005
 20
-165.7812500000004
 30
5.936971094551297
  0
VERTEX
  5
124D
  8
DEFAULT
 10
-546.1818537712102
 20
-165.5681462287907
 30
5.936971094551297
  0
VERTEX
  5
124E
  8
DEFAULT
 10
-546.1491622924808
 20
-165.3508377075199
 30
5.936971094551297
  0
VERTEX
  5
124F
  8
DEFAULT
 10
-546.1204752922063
 20
-165.1295247077946
 30
5.936971094551297
  0
VERTEX
  5
1250
  8
DEFAULT
 10
-546.0955810546878
 20
-164.9044189453129
 30
5.936971094551297
  0
VERTEX
  5
1251
  8
DEFAULT
 10
-546.0562667846682
 20
-164.4437332153325
 30
5.936971094551297
  0
VERTEX
  5
1252
  8
DEFAULT
 10
-546.0292968750002
 20
-163.9707031250005
 30
5.936971094551297
  0
VERTEX
  5
1253
  8
DEFAULT
 10
-546.0037841796877
 20
-162.9962158203129
 30
5.936971094551297
  0
VERTEX
  5
1254
  8
DEFAULT
 10
-546.0000000000002
 20
-162.0000000000003
 30
5.936971094551297
  0
VERTEX
  5
1255
  8
DEFAULT
 10
-546.0000000000002
 20
-147.999999999927
 30
5.936971094551297
  0
VERTEX
  5
1256
  8
DEFAULT
 10
-546.0037841796877
 20
-147.0037841796145
 30
5.936971094551297
  0
VERTEX
  5
1257
  8
DEFAULT
 10
-546.0292968750002
 20
-146.0292968749271
 30
5.936971094551297
  0
VERTEX
  5
1258
  8
DEFAULT
 10
-546.0562667846682
 20
-145.556266784595
 30
5.936971094551297
  0
VERTEX
  5
1259
  8
DEFAULT
 10
-546.0955810546877
 20
-145.0955810546146
 30
5.936971094551297
  0
VERTEX
  5
125A
  8
DEFAULT
 10
-546.120475292206
 20
-144.8704752921329
 30
5.936971094551297
  0
VERTEX
  5
125B
  8
DEFAULT
 10
-546.1491622924807
 20
-144.6491622924075
 30
5.936971094551297
  0
VERTEX
  5
125C
  8
DEFAULT
 10
-546.18185377121
 20
-144.4318537711368
 30
5.936971094551297
  0
VERTEX
  5
125D
  8
DEFAULT
 10
-546.2187500000002
 20
-144.2187499999271
 30
5.936971094551297
  0
VERTEX
  5
125E
  8
DEFAULT
 10
-546.2600398063662
 20
-144.010039806293
 30
5.936971094551297
  0
VERTEX
  5
125F
  8
DEFAULT
 10
-546.3059005737307
 20
-143.8059005736575
 30
5.936971094551297
  0
VERTEX
  5
1260
  8
DEFAULT
 10
-546.3564982414248
 20
-143.6064982413516
 30
5.936971094551297
  0
VERTEX
  5
1261
  8
DEFAULT
 10
-546.4119873046876
 20
-143.4119873046146
 30
5.936971094551297
  0
VERTEX
  5
1262
  8
DEFAULT
 10
-546.4725108146667
 20
-143.2225108145938
 30
5.936971094551297
  0
VERTEX
  5
1263
  8
DEFAULT
 10
-546.538200378418
 20
-143.038200378345
 30
5.936971094551297
  0
VERTEX
  5
1264
  8
DEFAULT
 10
-546.5730204284191
 20
-142.9480204283462
 30
5.936971094551297
  0
VERTEX
  5
1265
  8
DEFAULT
 10
-546.609176158905
 20
-142.8591761588321
 30
5.936971094551297
  0
VERTEX
  5
1266
  8
DEFAULT
 10
-546.6466808021069
 20
-142.7716808020339
 30
5.936971094551297
  0
VERTEX
  5
1267
  8
DEFAULT
 10
-546.685546875
 20
-142.6855468749271
 30
5.936971094551297
  0
VERTEX
  5
1268
  8
DEFAULT
 10
-546.7257861793041
 20
-142.6007861792312
 30
5.936971094551297
  0
VERTEX
  5
1269
  8
DEFAULT
 10
-546.7674098014832
 20
-142.5174098014103
 30
5.936971094551297
  0
VERTEX
  5
126A
  8
DEFAULT
 10
-546.8104281127453
 20
-142.4354281126724
 30
5.936971094551297
  0
VERTEX
  5
126B
  8
DEFAULT
 10
-546.854850769043
 20
-142.3548507689701
 30
5.936971094551297
  0
VERTEX
  5
126C
  8
DEFAULT
 10
-546.9006867110729
 20
-142.275686711
 30
5.936971094551297
  0
VERTEX
  5
126D
  8
DEFAULT
 10
-546.9479441642761
 20
-142.1979441642032
 30
5.936971094551297
  0
VERTEX
  5
126E
  8
DEFAULT
 10
-546.9966306388378
 20
-142.1216306387649
 30
5.936971094551297
  0
VERTEX
  5
126F
  8
DEFAULT
 10
-547.0467529296875
 20
-142.0467529296146
 30
5.936971094551297
  0
VERTEX
  5
1270
  8
DEFAULT
 10
-547.098317116499
 20
-141.9733171164261
 30
5.936971094551297
  0
VERTEX
  5
1271
  8
DEFAULT
 10
-547.1513285636902
 20
-141.9013285636173
 30
5.936971094551297
  0
VERTEX
  5
1272
  8
DEFAULT
 10
-547.2057919204235
 20
-141.8307919203506
 30
5.936971094551297
  0
VERTEX
  5
1273
  8
DEFAULT
 10
-547.2617111206055
 20
-141.7617111205326
 30
5.936971094551297
  0
VERTEX
  5
1274
  8
DEFAULT
 10
-547.3190893828869
 20
-141.694089382814
 30
5.936971094551297
  0
VERTEX
  5
1275
  8
DEFAULT
 10
-547.3779292106628
 20
-141.62792921059
 30
5.936971094551297
  0
VERTEX
  5
1276
  8
DEFAULT
 10
-547.4382323920727
 20
-141.5632323919998
 30
5.936971094551297
  0
VERTEX
  5
1277
  8
DEFAULT
 10
-547.5
 20
-141.4999999999271
 30
5.936971094551297
  0
VERTEX
  5
1278
  8
DEFAULT
 10
-547.5632323920727
 20
-141.4382323919998
 30
5.936971094551297
  0
VERTEX
  5
1279
  8
DEFAULT
 10
-547.6279292106628
 20
-141.37792921059
 30
5.936971094551297
  0
VERTEX
  5
127A
  8
DEFAULT
 10
-547.6940893828869
 20
-141.319089382814
 30
5.936971094551297
  0
VERTEX
  5
127B
  8
DEFAULT
 10
-547.7617111206055
 20
-141.2617111205326
 30
5.936971094551297
  0
VERTEX
  5
127C
  8
DEFAULT
 10
-547.8307919204235
 20
-141.2057919203506
 30
5.936971094551297
  0
VERTEX
  5
127D
  8
DEFAULT
 10
-547.9013285636902
 20
-141.1513285636173
 30
5.936971094551297
  0
VERTEX
  5
127E
  8
DEFAULT
 10
-547.973317116499
 20
-141.0983171164261
 30
5.936971094551297
  0
VERTEX
  5
127F
  8
DEFAULT
 10
-548.0467529296875
 20
-141.0467529296146
 30
5.936971094551297
  0
VERTEX
  5
1280
  8
DEFAULT
 10
-548.1216306388378
 20
-140.9966306387649
 30
5.936971094551297
  0
VERTEX
  5
1281
  8
DEFAULT
 10
-548.1979441642761
 20
-140.9479441642032
 30
5.936971094551297
  0
VERTEX
  5
1282
  8
DEFAULT
 10
-548.2756867110729
 20
-140.900686711
 30
5.936971094551297
  0
VERTEX
  5
1283
  8
DEFAULT
 10
-548.354850769043
 20
-140.8548507689701
 30
5.936971094551297
  0
VERTEX
  5
1284
  8
DEFAULT
 10
-548.4354281127453
 20
-140.8104281126724
 30
5.936971094551297
  0
VERTEX
  5
1285
  8
DEFAULT
 10
-548.5174098014832
 20
-140.7674098014103
 30
5.936971094551297
  0
VERTEX
  5
1286
  8
DEFAULT
 10
-548.6007861793041
 20
-140.7257861792312
 30
5.936971094551297
  0
VERTEX
  5
1287
  8
DEFAULT
 10
-548.685546875
 20
-140.6855468749271
 30
5.936971094551297
  0
VERTEX
  5
1288
  8
DEFAULT
 10
-548.7716808021069
 20
-140.646680802034
 30
5.936971094551297
  0
VERTEX
  5
1289
  8
DEFAULT
 10
-548.859176158905
 20
-140.6091761588322
 30
5.936971094551297
  0
VERTEX
  5
128A
  8
DEFAULT
 10
-548.9480204284191
 20
-140.5730204283462
 30
5.936971094551297
  0
VERTEX
  5
128B
  8
DEFAULT
 10
-549.038200378418
 20
-140.5382003783451
 30
5.936971094551297
  0
VERTEX
  5
128C
  8
DEFAULT
 10
-549.2225108146667
 20
-140.4725108145939
 30
5.936971094551297
  0
VERTEX
  5
128D
  8
DEFAULT
 10
-549.4119873046875
 20
-140.4119873046146
 30
5.936971094551297
  0
VERTEX
  5
128E
  8
DEFAULT
 10
-549.6064982414246
 20
-140.3564982413517
 30
5.936971094551297
  0
VERTEX
  5
128F
  8
DEFAULT
 10
-549.8059005737305
 20
-140.3059005736576
 30
5.936971094551297
  0
VERTEX
  5
1290
  8
DEFAULT
 10
-550.010039806366
 20
-140.2600398062931
 30
5.936971094551297
  0
VERTEX
  5
1291
  8
DEFAULT
 10
-550.21875
 20
-140.2187499999271
 30
5.936971094551297
  0
VERTEX
  5
1292
  8
DEFAULT
 10
-550.4318537712097
 20
-140.1818537711368
 30
5.936971094551297
  0
VERTEX
  5
1293
  8
DEFAULT
 10
-550.6491622924804
 20
-140.1491622924076
 30
5.936971094551297
  0
VERTEX
  5
1294
  8
DEFAULT
 10
-550.8704752922056
 20
-140.1204752921329
 30
5.936971094551297
  0
VERTEX
  5
1295
  8
DEFAULT
 10
-551.0955810546874
 20
-140.0955810546146
 30
5.936971094551297
  0
VERTEX
  5
1296
  8
DEFAULT
 10
-551.5562667846677
 20
-140.0562667845951
 30
5.936971094551297
  0
VERTEX
  5
1297
  8
DEFAULT
 10
-552.0292968749998
 20
-140.0292968749271
 30
5.936971094551297
  0
VERTEX
  5
1298
  8
DEFAULT
 10
-553.0037841796873
 20
-140.0037841796146
 30
5.936971094551297
  0
VERTEX
  5
1299
  8
DEFAULT
 10
-553.9999999999999
 20
-139.9999999999271
 30
5.936971094551297
  0
VERTEX
  5
129A
  8
DEFAULT
 10
-562.5
 20
-139.9999999999271
 30
5.936971094551297
  0
VERTEX
  5
129B
  8
DEFAULT
 10
-562.8735809326172
 20
-139.9985809325443
 30
5.936971094551297
  0
VERTEX
  5
129C
  8
DEFAULT
 10
-563.239013671875
 20
-139.9890136718021
 30
5.936971094551297
  0
VERTEX
  5
129D
  8
DEFAULT
 10
-563.4163999557495
 20
-139.9788999556766
 30
5.936971094551297
  0
VERTEX
  5
129E
  8
DEFAULT
 10
-563.5891571044921
 20
-139.9641571044193
 30
5.936971094551297
  0
VERTEX
  5
129F
  8
DEFAULT
 10
-563.6735717654228
 20
-139.9548217653499
 30
5.936971094551297
  0
VERTEX
  5
12A0
  8
DEFAULT
 10
-563.7565641403197
 20
-139.944064140247
 30
5.936971094551297
  0
VERTEX
  5
12A1
  8
DEFAULT
 10
-563.8380548357961
 20
-139.9318048357235
 30
5.936971094551297
  0
VERTEX
  5
12A2
  8
DEFAULT
 10
-563.9179687499998
 20
-139.9179687499271
 30
5.936971094551297
  0
VERTEX
  5
12A3
  8
DEFAULT
 10
-563.9962350726125
 20
-139.9024850725399
 30
5.936971094551297
  0
VERTEX
  5
12A4
  8
DEFAULT
 10
-564.0727872848508
 20
-139.8852872847782
 30
5.936971094551297
  0
VERTEX
  5
12A5
  8
DEFAULT
 10
-564.1475631594656
 20
-139.8663131593929
 30
5.936971094551297
  0
VERTEX
  5
12A6
  8
DEFAULT
 10
-564.220504760742
 20
-139.8455047606693
 30
5.936971094551297
  0
VERTEX
  5
12A7
  8
DEFAULT
 10
-564.2915584444997
 20
-139.8228084444271
 30
5.936971094551297
  0
VERTEX
  5
12A8
  8
DEFAULT
 10
-564.360674858093
 20
-139.7981748580204
 30
5.936971094551297
  0
VERTEX
  5
12A9
  8
DEFAULT
 10
-564.3944923393426
 20
-139.78511733927
 30
5.936971094551297
  0
VERTEX
  5
12AA
  8
DEFAULT
 10
-564.4278089404104
 20
-139.7715589403377
 30
5.936971094551297
  0
VERTEX
  5
12AB
  8
DEFAULT
 10
-564.4606196992097
 20
-139.7574946991371
 30
5.936971094551297
  0
VERTEX
  5
12AC
  8
DEFAULT
 10
-564.4929199218749
 20
-139.7429199218021
 30
5.936971094551297
  0
VERTEX
  5
12AD
  8
DEFAULT
 10
-564.524705182761
 20
-139.7278301826881
 30
5.936971094551297
  0
VERTEX
  5
12AE
  8
DEFAULT
 10
-564.5559713244438
 20
-139.7122213243709
 30
5.936971094551297
  0
VERTEX
  5
12AF
  8
DEFAULT
 10
-564.5867144577205
 20
-139.6960894576476
 30
5.936971094551297
  0
VERTEX
  5
12B0
  8
DEFAULT
 10
-564.6169309616089
 20
-139.679430961536
 30
5.936971094551297
  0
VERTEX
  5
12B1
  8
DEFAULT
 10
-564.6466174833477
 20
-139.6622424832748
 30
5.936971094551297
  0
VERTEX
  5
12B2
  8
DEFAULT
 10
-564.6757709383965
 20
-139.6445209383236
 30
5.936971094551297
  0
VERTEX
  5
12B3
  8
DEFAULT
 10
-564.7043885104358
 20
-139.6262635103629
 30
5.936971094551297
  0
VERTEX
  5
12B4
  8
DEFAULT
 10
-564.7324676513672
 20
-139.6074676512943
 30
5.936971094551297
  0
VERTEX
  5
12B5
  8
DEFAULT
 10
-564.7600060813129
 20
-139.58813108124
 30
5.936971094551297
  0
VERTEX
  5
12B6
  8
DEFAULT
 10
-564.7870017886162
 20
-139.5682517885433
 30
5.936971094551297
  0
VERTEX
  5
12B7
  8
DEFAULT
 10
-564.8134530298412
 20
-139.5478280297683
 30
5.936971094551297
  0
VERTEX
  5
12B8
  8
DEFAULT
 10
-564.839358329773
 20
-139.5268583297001
 30
5.936971094551297
  0
VERTEX
  5
12B9
  8
DEFAULT
 10
-564.8647164814174
 20
-139.5053414813445
 30
5.936971094551297
  0
VERTEX
  5
12BA
  8
DEFAULT
 10
-564.8895265460014
 20
-139.4832765459286
 30
5.936971094551297
  0
VERTEX
  5
12BB
  8
DEFAULT
 10
-564.9137878529727
 20
-139.4606628528999
 30
5.936971094551297
  0
VERTEX
  5
12BC
  8
DEFAULT
 10
-564.9375
 20
-139.4374999999271
 30
5.936971094551297
  0
VERTEX
  5
12BD
  8
DEFAULT
 10
-564.9606628529727
 20
-139.4137878528999
 30
5.936971094551297
  0
VERTEX
  5
12BE
  8
DEFAULT
 10
-564.9832765460014
 20
-139.3895265459286
 30
5.936971094551297
  0
VERTEX
  5
12BF
  8
DEFAULT
 10
-565.0053414814174
 20
-139.3647164813445
 30
5.936971094551297
  0
VERTEX
  5
12C0
  8
DEFAULT
 10
-565.026858329773
 20
-139.3393583297001
 30
5.936971094551297
  0
VERTEX
  5
12C1
  8
DEFAULT
 10
-565.0478280298412
 20
-139.3134530297683
 30
5.936971094551297
  0
VERTEX
  5
12C2
  8
DEFAULT
 10
-565.0682517886162
 20
-139.2870017885433
 30
5.936971094551297
  0
VERTEX
  5
12C3
  8
DEFAULT
 10
-565.0881310813129
 20
-139.26000608124
 30
5.936971094551297
  0
VERTEX
  5
12C4
  8
DEFAULT
 10
-565.1074676513672
 20
-139.2324676512943
 30
5.936971094551297
  0
VERTEX
  5
12C5
  8
DEFAULT
 10
-565.1262635104358
 20
-139.2043885103629
 30
5.936971094551297
  0
VERTEX
  5
12C6
  8
DEFAULT
 10
-565.1445209383965
 20
-139.1757709383236
 30
5.936971094551297
  0
VERTEX
  5
12C7
  8
DEFAULT
 10
-565.1622424833477
 20
-139.1466174832748
 30
5.936971094551297
  0
VERTEX
  5
12C8
  8
DEFAULT
 10
-565.1794309616089
 20
-139.116930961536
 30
5.936971094551297
  0
VERTEX
  5
12C9
  8
DEFAULT
 10
-565.1960894577205
 20
-139.0867144576476
 30
5.936971094551297
  0
VERTEX
  5
12CA
  8
DEFAULT
 10
-565.2122213244438
 20
-139.0559713243709
 30
5.936971094551297
  0
VERTEX
  5
12CB
  8
DEFAULT
 10
-565.227830182761
 20
-139.0247051826881
 30
5.936971094551297
  0
VERTEX
  5
12CC
  8
DEFAULT
 10
-565.242919921875
 20
-138.9929199218021
 30
5.936971094551297
  0
VERTEX
  5
12CD
  8
DEFAULT
 10
-565.2574946992099
 20
-138.9606196991371
 30
5.936971094551297
  0
VERTEX
  5
12CE
  8
DEFAULT
 10
-565.2715589404106
 20
-138.9278089403377
 30
5.936971094551297
  0
VERTEX
  5
12CF
  8
DEFAULT
 10
-565.2851173393428
 20
-138.89449233927
 30
5.936971094551297
  0
VERTEX
  5
12D0
  8
DEFAULT
 10
-565.2981748580933
 20
-138.8606748580204
 30
5.936971094551297
  0
VERTEX
  5
12D1
  8
DEFAULT
 10
-565.3228084445
 20
-138.7915584444271
 30
5.936971094551297
  0
VERTEX
  5
12D2
  8
DEFAULT
 10
-565.3455047607422
 20
-138.7205047606693
 30
5.936971094551297
  0
VERTEX
  5
12D3
  8
DEFAULT
 10
-565.3663131594658
 20
-138.6475631593929
 30
5.936971094551297
  0
VERTEX
  5
12D4
  8
DEFAULT
 10
-565.3852872848511
 20
-138.5727872847782
 30
5.936971094551297
  0
VERTEX
  5
12D5
  8
DEFAULT
 10
-565.4024850726128
 20
-138.4962350725399
 30
5.936971094551297
  0
VERTEX
  5
12D6
  8
DEFAULT
 10
-565.41796875
 20
-138.4179687499271
 30
5.936971094551297
  0
VERTEX
  5
12D7
  8
DEFAULT
 10
-565.4318048357964
 20
-138.3380548357235
 30
5.936971094551297
  0
VERTEX
  5
12D8
  8
DEFAULT
 10
-565.4440641403198
 20
-138.256564140247
 30
5.936971094551297
  0
VERTEX
  5
12D9
  8
DEFAULT
 10
-565.4548217654228
 20
-138.1735717653499
 30
5.936971094551297
  0
VERTEX
  5
12DA
  8
DEFAULT
 10
-565.4641571044922
 20
-138.0891571044193
 30
5.936971094551297
  0
VERTEX
  5
12DB
  8
DEFAULT
 10
-565.4788999557495
 20
-137.9163999556766
 30
5.936971094551297
  0
VERTEX
  5
12DC
  8
DEFAULT
 10
-565.489013671875
 20
-137.7390136718021
 30
5.936971094551297
  0
VERTEX
  5
12DD
  8
DEFAULT
 10
-565.4985809326172
 20
-137.3735809325443
 30
5.936971094551297
  0
VERTEX
  5
12DE
  8
DEFAULT
 10
-565.5
 20
-136.9999999999271
 30
5.936971094551297
  0
VERTEX
  5
12DF
  8
DEFAULT
 10
-565.5
 20
-98.99999999992713
 30
5.936971094551297
  0
VERTEX
  5
12E0
  8
DEFAULT
 10
-565.4985809326172
 20
-98.62641906730994
 30
5.936971094551297
  0
VERTEX
  5
12E1
  8
DEFAULT
 10
-565.489013671875
 20
-98.26098632805213
 30
5.936971094551297
  0
VERTEX
  5
12E2
  8
DEFAULT
 10
-565.4788999557495
 20
-98.08360004417762
 30
5.936971094551297
  0
VERTEX
  5
12E3
  8
DEFAULT
 10
-565.4641571044922
 20
-97.91084289543494
 30
5.936971094551297
  0
VERTEX
  5
12E4
  8
DEFAULT
 10
-565.4548217654228
 20
-97.8264282345043
 30
5.936971094551297
  0
VERTEX
  5
12E5
  8
DEFAULT
 10
-565.4440641403198
 20
-97.7434358596073
 30
5.936971094551297
  0
VERTEX
  5
12E6
  8
DEFAULT
 10
-565.4318048357964
 20
-97.66194516413077
 30
5.936971094551297
  0
VERTEX
  5
12E7
  8
DEFAULT
 10
-565.41796875
 20
-97.58203124992713
 30
5.936971094551297
  0
VERTEX
  5
12E8
  8
DEFAULT
 10
-565.4024850726128
 20
-97.50376492731436
 30
5.936971094551297
  0
VERTEX
  5
12E9
  8
DEFAULT
 10
-565.3852872848511
 20
-97.42721271507605
 30
5.936971094551297
  0
VERTEX
  5
12EA
  8
DEFAULT
 10
-565.3663131594658
 20
-97.35243684046134
 30
5.936971094551297
  0
VERTEX
  5
12EB
  8
DEFAULT
 10
-565.3455047607422
 20
-97.27949523918494
 30
5.936971094551297
  0
VERTEX
  5
12EC
  8
DEFAULT
 10
-565.3228084445
 20
-97.20844155542716
 30
5.936971094551297
  0
VERTEX
  5
12ED
  8
DEFAULT
 10
-565.2981748580933
 20
-97.13932514183387
 30
5.936971094551297
  0
VERTEX
  5
12EE
  8
DEFAULT
 10
-565.2851173393428
 20
-97.1055076605843
 30
5.936971094551297
  0
VERTEX
  5
12EF
  8
DEFAULT
 10
-565.2715589404106
 20
-97.07219105951651
 30
5.936971094551297
  0
VERTEX
  5
12F0
  8
DEFAULT
 10
-565.2574946992099
 20
-97.0393803007172
 30
5.936971094551297
  0
VERTEX
  5
12F1
  8
DEFAULT
 10
-565.242919921875
 20
-97.00708007805213
 30
5.936971094551297
  0
VERTEX
  5
12F2
  8
DEFAULT
 10
-565.227830182761
 20
-96.97529481716617
 30
5.936971094551297
  0
VERTEX
  5
12F3
  8
DEFAULT
 10
-565.2122213244438
 20
-96.94402867548331
 30
5.936971094551297
  0
VERTEX
  5
12F4
  8
DEFAULT
 10
-565.1960894577205
 20
-96.91328554220661
 30
5.936971094551297
  0
VERTEX
  5
12F5
  8
DEFAULT
 10
-565.1794309616089
 20
-96.88306903831824
 30
5.936971094551297
  0
VERTEX
  5
12F6
  8
DEFAULT
 10
-565.1622424833477
 20
-96.85338251657947
 30
5.936971094551297
  0
VERTEX
  5
12F7
  8
DEFAULT
 10
-565.1445209383965
 20
-96.82422906153067
 30
5.936971094551297
  0
VERTEX
  5
12F8
  8
DEFAULT
 10
-565.1262635104358
 20
-96.79561148949131
 30
5.936971094551297
  0
VERTEX
  5
12F9
  8
DEFAULT
 10
-565.1074676513672
 20
-96.76753234855994
 30
5.936971094551297
  0
VERTEX
  5
12FA
  8
DEFAULT
 10
-565.0881310813129
 20
-96.73999391861423
 30
5.936971094551297
  0
VERTEX
  5
12FB
  8
DEFAULT
 10
-565.0682517886162
 20
-96.71299821131095
 30
5.936971094551297
  0
VERTEX
  5
12FC
  8
DEFAULT
 10
-565.0478280298412
 20
-96.68654697008594
 30
5.936971094551297
  0
VERTEX
  5
12FD
  8
DEFAULT
 10
-565.026858329773
 20
-96.66064167015418
 30
5.936971094551297
  0
VERTEX
  5
12FE
  8
DEFAULT
 10
-565.0053414814174
 20
-96.63528351850971
 30
5.936971094551297
  0
VERTEX
  5
12FF
  8
DEFAULT
 10
-564.9832765460014
 20
-96.61047345392569
 30
5.936971094551297
  0
VERTEX
  5
1300
  8
DEFAULT
 10
-564.9606628529727
 20
-96.58621214695438
 30
5.936971094551297
  0
VERTEX
  5
1301
  8
DEFAULT
 10
-564.9375
 20
-96.56249999992713
 30
5.936971094551297
  0
VERTEX
  5
1302
  8
DEFAULT
 10
-564.9137878529727
 20
-96.53933714695438
 30
5.936971094551297
  0
VERTEX
  5
1303
  8
DEFAULT
 10
-564.8895265460014
 20
-96.51672345392569
 30
5.936971094551297
  0
VERTEX
  5
1304
  8
DEFAULT
 10
-564.8647164814174
 20
-96.49465851850971
 30
5.936971094551297
  0
VERTEX
  5
1305
  8
DEFAULT
 10
-564.839358329773
 20
-96.47314167015418
 30
5.936971094551297
  0
VERTEX
  5
1306
  8
DEFAULT
 10
-564.8134530298412
 20
-96.45217197008594
 30
5.936971094551297
  0
VERTEX
  5
1307
  8
DEFAULT
 10
-564.7870017886162
 20
-96.43174821131095
 30
5.936971094551297
  0
VERTEX
  5
1308
  8
DEFAULT
 10
-564.7600060813129
 20
-96.41186891861423
 30
5.936971094551297
  0
VERTEX
  5
1309
  8
DEFAULT
 10
-564.7324676513672
 20
-96.39253234855994
 30
5.936971094551297
  0
VERTEX
  5
130A
  8
DEFAULT
 10
-564.7043885104358
 20
-96.37373648949131
 30
5.936971094551297
  0
VERTEX
  5
130B
  8
DEFAULT
 10
-564.6757709383965
 20
-96.35547906153067
 30
5.936971094551297
  0
VERTEX
  5
130C
  8
DEFAULT
 10
-564.6466174833477
 20
-96.33775751657947
 30
5.936971094551297
  0
VERTEX
  5
130D
  8
DEFAULT
 10
-564.6169309616089
 20
-96.32056903831824
 30
5.936971094551297
  0
VERTEX
  5
130E
  8
DEFAULT
 10
-564.5867144577205
 20
-96.30391054220661
 30
5.936971094551297
  0
VERTEX
  5
130F
  8
DEFAULT
 10
-564.5559713244438
 20
-96.28777867548331
 30
5.936971094551297
  0
VERTEX
  5
1310
  8
DEFAULT
 10
-564.524705182761
 20
-96.27216981716617
 30
5.936971094551297
  0
VERTEX
  5
1311
  8
DEFAULT
 10
-564.4929199218749
 20
-96.25708007805213
 30
5.936971094551297
  0
VERTEX
  5
1312
  8
DEFAULT
 10
-564.4606196992097
 20
-96.2425053007172
 30
5.936971094551297
  0
VERTEX
  5
1313
  8
DEFAULT
 10
-564.4278089404104
 20
-96.22844105951651
 30
5.936971094551297
  0
VERTEX
  5
1314
  8
DEFAULT
 10
-564.3944923393426
 20
-96.2148826605843
 30
5.936971094551297
  0
VERTEX
  5
1315
  8
DEFAULT
 10
-564.360674858093
 20
-96.20182514183387
 30
5.936971094551297
  0
VERTEX
  5
1316
  8
DEFAULT
 10
-564.2915584444997
 20
-96.17719155542716
 30
5.936971094551297
  0
VERTEX
  5
1317
  8
DEFAULT
 10
-564.220504760742
 20
-96.15449523918494
 30
5.936971094551297
  0
VERTEX
  5
1318
  8
DEFAULT
 10
-564.1475631594656
 20
-96.13368684046134
 30
5.936971094551297
  0
VERTEX
  5
1319
  8
DEFAULT
 10
-564.0727872848508
 20
-96.11471271507605
 30
5.936971094551297
  0
VERTEX
  5
131A
  8
DEFAULT
 10
-563.9962350726125
 20
-96.09751492731436
 30
5.936971094551297
  0
VERTEX
  5
131B
  8
DEFAULT
 10
-563.9179687499998
 20
-96.08203124992713
 30
5.936971094551297
  0
VERTEX
  5
131C
  8
DEFAULT
 10
-563.8380548357961
 20
-96.06819516413077
 30
5.936971094551297
  0
VERTEX
  5
131D
  8
DEFAULT
 10
-563.7565641403197
 20
-96.0559358596073
 30
5.936971094551297
  0
VERTEX
  5
131E
  8
DEFAULT
 10
-563.6735717654228
 20
-96.04517823450432
 30
5.936971094551297
  0
VERTEX
  5
131F
  8
DEFAULT
 10
-563.5891571044921
 20
-96.03584289543494
 30
5.936971094551297
  0
VERTEX
  5
1320
  8
DEFAULT
 10
-563.4163999557495
 20
-96.02110004417762
 30
5.936971094551297
  0
VERTEX
  5
1321
  8
DEFAULT
 10
-563.239013671875
 20
-96.01098632805213
 30
5.936971094551297
  0
VERTEX
  5
1322
  8
DEFAULT
 10
-562.8735809326172
 20
-96.00141906730994
 30
5.936971094551297
  0
VERTEX
  5
1323
  8
DEFAULT
 10
-562.5
 20
-95.99999999992713
 30
5.936971094551297
  0
VERTEX
  5
1324
  8
DEFAULT
 10
-554.0
 20
-95.99999999992713
 30
5.936971094551297
  0
VERTEX
  5
1325
  8
DEFAULT
 10
-553.0037841796874
 20
-95.99621582023966
 30
5.936971094551297
  0
VERTEX
  5
1326
  8
DEFAULT
 10
-552.0292968749998
 20
-95.97070312492716
 30
5.936971094551297
  0
VERTEX
  5
1327
  8
DEFAULT
 10
-551.5562667846677
 20
-95.9437332152592
 30
5.936971094551297
  0
VERTEX
  5
1328
  8
DEFAULT
 10
-551.0955810546873
 20
-95.90441894523966
 30
5.936971094551297
  0
VERTEX
  5
1329
  8
DEFAULT
 10
-550.8704752922056
 20
-95.87952470772134
 30
5.936971094551297
  0
VERTEX
  5
132A
  8
DEFAULT
 10
-550.6491622924802
 20
-95.85083770744669
 30
5.936971094551297
  0
VERTEX
  5
132B
  8
DEFAULT
 10
-550.4318537712095
 20
-95.81814622871744
 30
5.936971094551297
  0
VERTEX
  5
132C
  8
DEFAULT
 10
-550.2187499999998
 20
-95.78124999992716
 30
5.936971094551297
  0
VERTEX
  5
132D
  8
DEFAULT
 10
-550.0100398063657
 20
-95.73996019356119
 30
5.936971094551297
  0
VERTEX
  5
132E
  8
DEFAULT
 10
-549.8059005737302
 20
-95.69409942619667
 30
5.936971094551297
  0
VERTEX
  5
132F
  8
DEFAULT
 10
-549.6064982414243
 20
-95.64350175850257
 30
5.936971094551297
  0
VERTEX
  5
1330
  8
DEFAULT
 10
-549.4119873046873
 20
-95.58801269523963
 30
5.936971094551297
  0
VERTEX
  5
1331
  8
DEFAULT
 10
-549.2225108146665
 20
-95.52748918526038
 30
5.936971094551297
  0
VERTEX
  5
1332
  8
DEFAULT
 10
-549.0382003784177
 20
-95.46179962150913
 30
5.936971094551297
  0
VERTEX
  5
1333
  8
DEFAULT
 10
-548.9480204284189
 20
-95.42697957150799
 30
5.936971094551297
  0
VERTEX
  5
1334
  8
DEFAULT
 10
-548.8591761589048
 20
-95.39082384102207
 30
5.936971094551297
  0
VERTEX
  5
1335
  8
DEFAULT
 10
-548.7716808021066
 20
-95.35331919782024
 30
5.936971094551297
  0
VERTEX
  5
1336
  8
DEFAULT
 10
-548.6855468749998
 20
-95.31445312492708
 30
5.936971094551297
  0
VERTEX
  5
1337
  8
DEFAULT
 10
-548.6007861793039
 20
-95.27421382062295
 30
5.936971094551297
  0
VERTEX
  5
1338
  8
DEFAULT
 10
-548.5174098014829
 20
-95.23259019844392
 30
5.936971094551297
  0
VERTEX
  5
1339
  8
DEFAULT
 10
-548.4354281127451
 20
-95.18957188718178
 30
5.936971094551297
  0
VERTEX
  5
133A
  8
DEFAULT
 10
-548.3548507690427
 20
-95.1451492308841
 30
5.936971094551297
  0
VERTEX
  5
133B
  8
DEFAULT
 10
-548.2756867110727
 20
-95.09931328885415
 30
5.936971094551297
  0
VERTEX
  5
133C
  8
DEFAULT
 10
-548.1979441642759
 20
-95.05205583565092
 30
5.936971094551297
  0
VERTEX
  5
133D
  8
DEFAULT
 10
-548.1216306388376
 20
-95.00336936108923
 30
5.936971094551297
  0
VERTEX
  5
133E
  8
DEFAULT
 10
-548.0467529296873
 20
-94.95324707023954
 30
5.936971094551297
  0
VERTEX
  5
133F
  8
DEFAULT
 10
-547.9733171164987
 20
-94.9016828834281
 30
5.936971094551297
  0
VERTEX
  5
1340
  8
DEFAULT
 10
-547.90132856369
 20
-94.84867143623684
 30
5.936971094551297
  0
VERTEX
  5
1341
  8
DEFAULT
 10
-547.8307919204233
 20
-94.7942080795035
 30
5.936971094551297
  0
VERTEX
  5
1342
  8
DEFAULT
 10
-547.7617111206052
 20
-94.73828887932154
 30
5.936971094551297
  0
VERTEX
  5
1343
  8
DEFAULT
 10
-547.6940893828867
 20
-94.68091061704013
 30
5.936971094551297
  0
VERTEX
  5
1344
  8
DEFAULT
 10
-547.6279292106628
 20
-94.62207078926414
 30
5.936971094551297
  0
VERTEX
  5
1345
  8
DEFAULT
 10
-547.5632323920727
 20
-94.5617676078543
 30
5.936971094551297
  0
VERTEX
  5
1346
  8
DEFAULT
 10
-547.5
 20
-94.49999999992697
 30
5.936971094551297
  0
VERTEX
  5
1347
  8
DEFAULT
 10
-547.4382323920727
 20
-94.43676760785429
 30
5.936971094551297
  0
VERTEX
  5
1348
  8
DEFAULT
 10
-547.3779292106628
 20
-94.37207078926411
 30
5.936971094551297
  0
VERTEX
  5
1349
  8
DEFAULT
 10
-547.3190893828869
 20
-94.30591061704007
 30
5.936971094551297
  0
VERTEX
  5
134A
  8
DEFAULT
 10
-547.2617111206055
 20
-94.23828887932149
 30
5.936971094551297
  0
VERTEX
  5
134B
  8
DEFAULT
 10
-547.2057919204235
 20
-94.16920807950343
 30
5.936971094551297
  0
VERTEX
  5
134C
  8
DEFAULT
 10
-547.1513285636902
 20
-94.09867143623676
 30
5.936971094551297
  0
VERTEX
  5
134D
  8
DEFAULT
 10
-547.098317116499
 20
-94.02668288342798
 30
5.936971094551297
  0
VERTEX
  5
134E
  8
DEFAULT
 10
-547.0467529296875
 20
-93.95324707023941
 30
5.936971094551297
  0
VERTEX
  5
134F
  8
DEFAULT
 10
-546.9966306388378
 20
-93.87836936108909
 30
5.936971094551297
  0
VERTEX
  5
1350
  8
DEFAULT
 10
-546.9479441642761
 20
-93.80205583565078
 30
5.936971094551297
  0
VERTEX
  5
1351
  8
DEFAULT
 10
-546.9006867110729
 20
-93.72431328885398
 30
5.936971094551297
  0
VERTEX
  5
1352
  8
DEFAULT
 10
-546.854850769043
 20
-93.64514923088392
 30
5.936971094551297
  0
VERTEX
  5
1353
  8
DEFAULT
 10
-546.8104281127453
 20
-93.56457188718161
 30
5.936971094551297
  0
VERTEX
  5
1354
  8
DEFAULT
 10
-546.7674098014832
 20
-93.48259019844372
 30
5.936971094551297
  0
VERTEX
  5
1355
  8
DEFAULT
 10
-546.7257861793041
 20
-93.39921382062275
 30
5.936971094551297
  0
VERTEX
  5
1356
  8
DEFAULT
 10
-546.685546875
 20
-93.31445312492687
 30
5.936971094551297
  0
VERTEX
  5
1357
  8
DEFAULT
 10
-546.6466808021069
 20
-93.22831919782001
 30
5.936971094551297
  0
VERTEX
  5
1358
  8
DEFAULT
 10
-546.609176158905
 20
-93.14082384102184
 30
5.936971094551297
  0
VERTEX
  5
1359
  8
DEFAULT
 10
-546.5730204284191
 20
-93.05197957150776
 30
5.936971094551297
  0
VERTEX
  5
135A
  8
DEFAULT
 10
-546.538200378418
 20
-92.96179962150889
 30
5.936971094551297
  0
VERTEX
  5
135B
  8
DEFAULT
 10
-546.4725108146667
 20
-92.7774891852601
 30
5.936971094551297
  0
VERTEX
  5
135C
  8
DEFAULT
 10
-546.4119873046876
 20
-92.58801269523934
 30
5.936971094551297
  0
VERTEX
  5
135D
  8
DEFAULT
 10
-546.3564982414248
 20
-92.39350175850227
 30
5.936971094551297
  0
VERTEX
  5
135E
  8
DEFAULT
 10
-546.3059005737307
 20
-92.19409942619635
 30
5.936971094551297
  0
VERTEX
  5
135F
  8
DEFAULT
 10
-546.2600398063662
 20
-91.98996019356085
 30
5.936971094551297
  0
VERTEX
  5
1360
  8
DEFAULT
 10
-546.2187500000002
 20
-91.78124999992681
 30
5.936971094551297
  0
VERTEX
  5
1361
  8
DEFAULT
 10
-546.18185377121
 20
-91.5681462287171
 30
5.936971094551297
  0
VERTEX
  5
1362
  8
DEFAULT
 10
-546.1491622924807
 20
-91.35083770744635
 30
5.936971094551297
  0
VERTEX
  5
1363
  8
DEFAULT
 10
-546.120475292206
 20
-91.129524707721
 30
5.936971094551297
  0
VERTEX
  5
1364
  8
DEFAULT
 10
-546.0955810546877
 20
-90.90441894523931
 30
5.936971094551297
  0
VERTEX
  5
1365
  8
DEFAULT
 10
-546.0562667846682
 20
-90.44373321525887
 30
5.936971094551297
  0
VERTEX
  5
1366
  8
DEFAULT
 10
-546.0292968750002
 20
-89.97070312492684
 30
5.936971094551297
  0
VERTEX
  5
1367
  8
DEFAULT
 10
-546.0037841796877
 20
-88.99621582023936
 30
5.936971094551297
  0
VERTEX
  5
1368
  8
DEFAULT
 10
-546.0000000000002
 20
-87.9999999999269
 30
5.936971094551297
  0
VERTEX
  5
1369
  8
DEFAULT
 10
-546.0000000000005
 20
59.99999999999986
 30
5.936971094551297
  0
VERTEX
  5
136A
  8
DEFAULT
 10
-546.003784179688
 20
60.99621582031235
 30
5.936971094551297
  0
VERTEX
  5
136B
  8
DEFAULT
 10
-546.0292968750005
 20
61.97070312499984
 30
5.936971094551297
  0
VERTEX
  5
136C
  8
DEFAULT
 10
-546.0562667846684
 20
62.44373321533187
 30
5.936971094551297
  0
VERTEX
  5
136D
  8
DEFAULT
 10
-546.095581054688
 20
62.90441894531234
 30
5.936971094551297
  0
VERTEX
  5
136E
  8
DEFAULT
 10
-546.1204752922063
 20
63.12952470779403
 30
5.936971094551297
  0
VERTEX
  5
136F
  8
DEFAULT
 10
-546.1491622924809
 20
63.35083770751937
 30
5.936971094551297
  0
VERTEX
  5
1370
  8
DEFAULT
 10
-546.1818537712102
 20
63.56814622879013
 30
5.936971094551297
  0
VERTEX
  5
1371
  8
DEFAULT
 10
-546.2187500000005
 20
63.78124999999984
 30
5.936971094551297
  0
VERTEX
  5
1372
  8
DEFAULT
 10
-546.2600398063664
 20
63.98996019363388
 30
5.936971094551297
  0
VERTEX
  5
1373
  8
DEFAULT
 10
-546.3059005737309
 20
64.19409942626937
 30
5.936971094551297
  0
VERTEX
  5
1374
  8
DEFAULT
 10
-546.356498241425
 20
64.39350175857527
 30
5.936971094551297
  0
VERTEX
  5
1375
  8
DEFAULT
 10
-546.411987304688
 20
64.58801269531234
 30
5.936971094551297
  0
VERTEX
  5
1376
  8
DEFAULT
 10
-546.4725108146672
 20
64.7774891853331
 30
5.936971094551297
  0
VERTEX
  5
1377
  8
DEFAULT
 10
-546.5382003784184
 20
64.96179962158187
 30
5.936971094551297
  0
VERTEX
  5
1378
  8
DEFAULT
 10
-546.5730204284196
 20
65.05197957158074
 30
5.936971094551297
  0
VERTEX
  5
1379
  8
DEFAULT
 10
-546.6091761589055
 20
65.14082384109483
 30
5.936971094551297
  0
VERTEX
  5
137A
  8
DEFAULT
 10
-546.6466808021073
 20
65.228319197893
 30
5.936971094551297
  0
VERTEX
  5
137B
  8
DEFAULT
 10
-546.6855468750005
 20
65.31445312499986
 30
5.936971094551297
  0
VERTEX
  5
137C
  8
DEFAULT
 10
-546.7257861793046
 20
65.39921382069573
 30
5.936971094551297
  0
VERTEX
  5
137D
  8
DEFAULT
 10
-546.7674098014836
 20
65.4825901985167
 30
5.936971094551297
  0
VERTEX
  5
137E
  8
DEFAULT
 10
-546.8104281127457
 20
65.56457188725457
 30
5.936971094551297
  0
VERTEX
  5
137F
  8
DEFAULT
 10
-546.8548507690434
 20
65.64514923095689
 30
5.936971094551297
  0
VERTEX
  5
1380
  8
DEFAULT
 10
-546.9006867110734
 20
65.72431328892694
 30
5.936971094551297
  0
VERTEX
  5
1381
  8
DEFAULT
 10
-546.9479441642766
 20
65.80205583572373
 30
5.936971094551297
  0
VERTEX
  5
1382
  8
DEFAULT
 10
-546.9966306388383
 20
65.87836936116204
 30
5.936971094551297
  0
VERTEX
  5
1383
  8
DEFAULT
 10
-547.046752929688
 20
65.95324707031236
 30
5.936971094551297
  0
VERTEX
  5
1384
  8
DEFAULT
 10
-547.0983171164994
 20
66.02668288350091
 30
5.936971094551297
  0
VERTEX
  5
1385
  8
DEFAULT
 10
-547.1513285636906
 20
66.09867143630967
 30
5.936971094551297
  0
VERTEX
  5
1386
  8
DEFAULT
 10
-547.205791920424
 20
66.16920807957635
 30
5.936971094551297
  0
VERTEX
  5
1387
  8
DEFAULT
 10
-547.2617111206059
 20
66.2382888793944
 30
5.936971094551297
  0
VERTEX
  5
1388
  8
DEFAULT
 10
-547.3190893828873
 20
66.305910617113
 30
5.936971094551297
  0
VERTEX
  5
1389
  8
DEFAULT
 10
-547.3779292106633
 20
66.37207078933703
 30
5.936971094551297
  0
VERTEX
  5
138A
  8
DEFAULT
 10
-547.4382323920731
 20
66.4367676079272
 30
5.936971094551297
  0
VERTEX
  5
138B
  8
DEFAULT
 10
-547.5000000000005
 20
66.49999999999987
 30
5.936971094551297
  0
VERTEX
  5
138C
  8
DEFAULT
 10
-547.5632323920731
 20
66.5617676079272
 30
5.936971094551297
  0
VERTEX
  5
138D
  8
DEFAULT
 10
-547.6279292106633
 20
66.62207078933702
 30
5.936971094551297
  0
VERTEX
  5
138E
  8
DEFAULT
 10
-547.6940893828873
 20
66.680910617113
 30
5.936971094551297
  0
VERTEX
  5
138F
  8
DEFAULT
 10
-547.7617111206059
 20
66.73828887939442
 30
5.936971094551297
  0
VERTEX
  5
1390
  8
DEFAULT
 10
-547.830791920424
 20
66.79420807957638
 30
5.936971094551297
  0
VERTEX
  5
1391
  8
DEFAULT
 10
-547.9013285636906
 20
66.8486714363097
 30
5.936971094551297
  0
VERTEX
  5
1392
  8
DEFAULT
 10
-547.9733171164994
 20
66.90168288350094
 30
5.936971094551297
  0
VERTEX
  5
1393
  8
DEFAULT
 10
-548.046752929688
 20
66.95324707031239
 30
5.936971094551297
  0
VERTEX
  5
1394
  8
DEFAULT
 10
-548.1216306388383
 20
67.00336936116207
 30
5.936971094551297
  0
VERTEX
  5
1395
  8
DEFAULT
 10
-548.1979441642766
 20
67.05205583572376
 30
5.936971094551297
  0
VERTEX
  5
1396
  8
DEFAULT
 10
-548.2756867110734
 20
67.09931328892696
 30
5.936971094551297
  0
VERTEX
  5
1397
  8
DEFAULT
 10
-548.3548507690434
 20
67.14514923095692
 30
5.936971094551297
  0
VERTEX
  5
1398
  8
DEFAULT
 10
-548.4354281127457
 20
67.1895718872546
 30
5.936971094551297
  0
VERTEX
  5
1399
  8
DEFAULT
 10
-548.5174098014836
 20
67.23259019851673
 30
5.936971094551297
  0
VERTEX
  5
139A
  8
DEFAULT
 10
-548.6007861793046
 20
67.27421382069576
 30
5.936971094551297
  0
VERTEX
  5
139B
  8
DEFAULT
 10
-548.6855468750005
 20
67.3144531249999
 30
5.936971094551297
  0
VERTEX
  5
139C
  8
DEFAULT
 10
-548.7716808021073
 20
67.35331919789306
 30
5.936971094551297
  0
VERTEX
  5
139D
  8
DEFAULT
 10
-548.8591761589055
 20
67.39082384109487
 30
5.936971094551297
  0
VERTEX
  5
139E
  8
DEFAULT
 10
-548.9480204284196
 20
67.42697957158079
 30
5.936971094551297
  0
VERTEX
  5
139F
  8
DEFAULT
 10
-549.0382003784184
 20
67.46179962158193
 30
5.936971094551297
  0
VERTEX
  5
13A0
  8
DEFAULT
 10
-549.2225108146672
 20
67.52748918533317
 30
5.936971094551297
  0
VERTEX
  5
13A1
  8
DEFAULT
 10
-549.411987304688
 20
67.58801269531241
 30
5.936971094551297
  0
VERTEX
  5
13A2
  8
DEFAULT
 10
-549.606498241425
 20
67.64350175857535
 30
5.936971094551297
  0
VERTEX
  5
13A3
  8
DEFAULT
 10
-549.8059005737309
 20
67.69409942626945
 30
5.936971094551297
  0
VERTEX
  5
13A4
  8
DEFAULT
 10
-550.0100398063664
 20
67.73996019363395
 30
5.936971094551297
  0
VERTEX
  5
13A5
  8
DEFAULT
 10
-550.2187500000005
 20
67.78124999999991
 30
5.936971094551297
  0
VERTEX
  5
13A6
  8
DEFAULT
 10
-550.4318537712102
 20
67.8181462287902
 30
5.936971094551297
  0
VERTEX
  5
13A7
  8
DEFAULT
 10
-550.6491622924808
 20
67.85083770751945
 30
5.936971094551297
  0
VERTEX
  5
13A8
  8
DEFAULT
 10
-550.870475292206
 20
67.8795247077941
 30
5.936971094551297
  0
VERTEX
  5
13A9
  8
DEFAULT
 10
-551.0955810546878
 20
67.90441894531241
 30
5.936971094551297
  0
VERTEX
  5
13AA
  8
DEFAULT
 10
-551.5562667846682
 20
67.94373321533197
 30
5.936971094551297
  0
VERTEX
  5
13AB
  8
DEFAULT
 10
-552.0292968750002
 20
67.97070312499994
 30
5.936971094551297
  0
VERTEX
  5
13AC
  8
DEFAULT
 10
-553.0037841796877
 20
67.99621582031244
 30
5.936971094551297
  0
VERTEX
  5
13AD
  8
DEFAULT
 10
-554.0000000000003
 20
67.99999999999993
 30
5.936971094551297
  0
VERTEX
  5
13AE
  8
DEFAULT
 10
-633.9999999999997
 20
67.99999999999993
 30
5.936971094551297
  0
VERTEX
  5
13AF
  8
DEFAULT
 10
-634.9962158203123
 20
67.99621582031244
 30
5.936971094551297
  0
VERTEX
  5
13B0
  8
DEFAULT
 10
-635.9707031249998
 20
67.97070312499994
 30
5.936971094551297
  0
VERTEX
  5
13B1
  8
DEFAULT
 10
-636.4437332153318
 20
67.94373321533197
 30
5.936971094551297
  0
VERTEX
  5
13B2
  8
DEFAULT
 10
-636.9044189453122
 20
67.90441894531241
 30
5.936971094551297
  0
VERTEX
  5
13B3
  8
DEFAULT
 10
-637.129524707794
 20
67.8795247077941
 30
5.936971094551297
  0
VERTEX
  5
13B4
  8
DEFAULT
 10
-637.3508377075192
 20
67.85083770751945
 30
5.936971094551297
  0
VERTEX
  5
13B5
  8
DEFAULT
 10
-637.5681462287898
 20
67.8181462287902
 30
5.936971094551297
  0
VERTEX
  5
13B6
  8
DEFAULT
 10
-637.7812499999995
 20
67.78124999999991
 30
5.936971094551297
  0
VERTEX
  5
13B7
  8
DEFAULT
 10
-637.9899601936336
 20
67.73996019363395
 30
5.936971094551297
  0
VERTEX
  5
13B8
  8
DEFAULT
 10
-638.1940994262691
 20
67.69409942626945
 30
5.936971094551297
  0
VERTEX
  5
13B9
  8
DEFAULT
 10
-638.393501758575
 20
67.64350175857535
 30
5.936971094551297
  0
VERTEX
  5
13BA
  8
DEFAULT
 10
-638.588012695312
 20
67.58801269531241
 30
5.936971094551297
  0
VERTEX
  5
13BB
  8
DEFAULT
 10
-638.7774891853328
 20
67.52748918533317
 30
5.936971094551297
  0
VERTEX
  5
13BC
  8
DEFAULT
 10
-638.9617996215816
 20
67.46179962158193
 30
5.936971094551297
  0
VERTEX
  5
13BD
  8
DEFAULT
 10
-639.0519795715804
 20
67.42697957158079
 30
5.936971094551297
  0
VERTEX
  5
13BE
  8
DEFAULT
 10
-639.1408238410945
 20
67.39082384109487
 30
5.936971094551297
  0
VERTEX
  5
13BF
  8
DEFAULT
 10
-639.2283191978927
 20
67.35331919789306
 30
5.936971094551297
  0
VERTEX
  5
13C0
  8
DEFAULT
 10
-639.3144531249995
 20
67.3144531249999
 30
5.936971094551297
  0
VERTEX
  5
13C1
  8
DEFAULT
 10
-639.3992138206954
 20
67.27421382069576
 30
5.936971094551297
  0
VERTEX
  5
13C2
  8
DEFAULT
 10
-639.4825901985164
 20
67.23259019851673
 30
5.936971094551297
  0
VERTEX
  5
13C3
  8
DEFAULT
 10
-639.5645718872543
 20
67.1895718872546
 30
5.936971094551297
  0
VERTEX
  5
13C4
  8
DEFAULT
 10
-639.6451492309566
 20
67.14514923095692
 30
5.936971094551297
  0
VERTEX
  5
13C5
  8
DEFAULT
 10
-639.7243132889266
 20
67.09931328892696
 30
5.936971094551297
  0
VERTEX
  5
13C6
  8
DEFAULT
 10
-639.8020558357234
 20
67.05205583572376
 30
5.936971094551297
  0
VERTEX
  5
13C7
  8
DEFAULT
 10
-639.8783693611617
 20
67.00336936116207
 30
5.936971094551297
  0
VERTEX
  5
13C8
  8
DEFAULT
 10
-639.953247070312
 20
66.95324707031239
 30
5.936971094551297
  0
VERTEX
  5
13C9
  8
DEFAULT
 10
-640.0266828835006
 20
66.90168288350094
 30
5.936971094551297
  0
VERTEX
  5
13CA
  8
DEFAULT
 10
-640.0986714363094
 20
66.8486714363097
 30
5.936971094551297
  0
VERTEX
  5
13CB
  8
DEFAULT
 10
-640.169208079576
 20
66.79420807957638
 30
5.936971094551297
  0
VERTEX
  5
13CC
  8
DEFAULT
 10
-640.2382888793941
 20
66.73828887939442
 30
5.936971094551297
  0
VERTEX
  5
13CD
  8
DEFAULT
 10
-640.3059106171127
 20
66.680910617113
 30
5.936971094551297
  0
VERTEX
  5
13CE
  8
DEFAULT
 10
-640.3720707893367
 20
66.62207078933702
 30
5.936971094551297
  0
VERTEX
  5
13CF
  8
DEFAULT
 10
-640.4367676079269
 20
66.5617676079272
 30
5.936971094551297
  0
VERTEX
  5
13D0
  8
DEFAULT
 10
-640.4999999999995
 20
66.49999999999987
 30
5.936971094551297
  0
VERTEX
  5
13D1
  8
DEFAULT
 10
-640.5617676079269
 20
66.4367676079272
 30
5.936971094551297
  0
VERTEX
  5
13D2
  8
DEFAULT
 10
-640.6220707893367
 20
66.37207078933703
 30
5.936971094551297
  0
VERTEX
  5
13D3
  8
DEFAULT
 10
-640.6809106171127
 20
66.305910617113
 30
5.936971094551297
  0
VERTEX
  5
13D4
  8
DEFAULT
 10
-640.7382888793941
 20
66.2382888793944
 30
5.936971094551297
  0
VERTEX
  5
13D5
  8
DEFAULT
 10
-640.794208079576
 20
66.16920807957635
 30
5.936971094551297
  0
VERTEX
  5
13D6
  8
DEFAULT
 10
-640.8486714363094
 20
66.09867143630967
 30
5.936971094551297
  0
VERTEX
  5
13D7
  8
DEFAULT
 10
-640.9016828835006
 20
66.02668288350091
 30
5.936971094551297
  0
VERTEX
  5
13D8
  8
DEFAULT
 10
-640.953247070312
 20
65.95324707031236
 30
5.936971094551297
  0
VERTEX
  5
13D9
  8
DEFAULT
 10
-641.0033693611617
 20
65.87836936116204
 30
5.936971094551297
  0
VERTEX
  5
13DA
  8
DEFAULT
 10
-641.0520558357234
 20
65.80205583572373
 30
5.936971094551297
  0
VERTEX
  5
13DB
  8
DEFAULT
 10
-641.0993132889266
 20
65.72431328892694
 30
5.936971094551297
  0
VERTEX
  5
13DC
  8
DEFAULT
 10
-641.1451492309566
 20
65.64514923095689
 30
5.936971094551297
  0
VERTEX
  5
13DD
  8
DEFAULT
 10
-641.1895718872543
 20
65.56457188725457
 30
5.936971094551297
  0
VERTEX
  5
13DE
  8
DEFAULT
 10
-641.2325901985164
 20
65.4825901985167
 30
5.936971094551297
  0
VERTEX
  5
13DF
  8
DEFAULT
 10
-641.2742138206954
 20
65.39921382069573
 30
5.936971094551297
  0
VERTEX
  5
13E0
  8
DEFAULT
 10
-641.3144531249995
 20
65.31445312499986
 30
5.936971094551297
  0
VERTEX
  5
13E1
  8
DEFAULT
 10
-641.3533191978927
 20
65.228319197893
 30
5.936971094551297
  0
VERTEX
  5
13E2
  8
DEFAULT
 10
-641.3908238410945
 20
65.14082384109483
 30
5.936971094551297
  0
VERTEX
  5
13E3
  8
DEFAULT
 10
-641.4269795715804
 20
65.05197957158074
 30
5.936971094551297
  0
VERTEX
  5
13E4
  8
DEFAULT
 10
-641.4617996215816
 20
64.96179962158187
 30
5.936971094551297
  0
VERTEX
  5
13E5
  8
DEFAULT
 10
-641.5274891853328
 20
64.7774891853331
 30
5.936971094551297
  0
VERTEX
  5
13E6
  8
DEFAULT
 10
-641.588012695312
 20
64.58801269531234
 30
5.936971094551297
  0
VERTEX
  5
13E7
  8
DEFAULT
 10
-641.643501758575
 20
64.39350175857527
 30
5.936971094551297
  0
VERTEX
  5
13E8
  8
DEFAULT
 10
-641.6940994262691
 20
64.19409942626937
 30
5.936971094551297
  0
VERTEX
  5
13E9
  8
DEFAULT
 10
-641.7399601936336
 20
63.98996019363388
 30
5.936971094551297
  0
VERTEX
  5
13EA
  8
DEFAULT
 10
-641.7812499999995
 20
63.78124999999984
 30
5.936971094551297
  0
VERTEX
  5
13EB
  8
DEFAULT
 10
-641.8181462287898
 20
63.56814622879013
 30
5.936971094551297
  0
VERTEX
  5
13EC
  8
DEFAULT
 10
-641.8508377075191
 20
63.35083770751937
 30
5.936971094551297
  0
VERTEX
  5
13ED
  8
DEFAULT
 10
-641.8795247077937
 20
63.12952470779403
 30
5.936971094551297
  0
VERTEX
  5
13EE
  8
DEFAULT
 10
-641.904418945312
 20
62.90441894531234
 30
5.936971094551297
  0
VERTEX
  5
13EF
  8
DEFAULT
 10
-641.9437332153316
 20
62.44373321533187
 30
5.936971094551297
  0
VERTEX
  5
13F0
  8
DEFAULT
 10
-641.9707031249995
 20
61.97070312499984
 30
5.936971094551297
  0
VERTEX
  5
13F1
  8
DEFAULT
 10
-641.996215820312
 20
60.99621582031235
 30
5.936971094551297
  0
VERTEX
  5
13F2
  8
DEFAULT
 10
-641.9999999999995
 20
59.99999999999986
 30
5.936971094551297
  0
VERTEX
  5
13F3
  8
DEFAULT
 10
-641.9999999999998
 20
-87.9999999999269
 30
5.936971094551297
  0
VERTEX
  5
13F4
  8
DEFAULT
 10
-641.9962158203123
 20
-88.99621582023936
 30
5.936971094551297
  0
VERTEX
  5
13F5
  8
DEFAULT
 10
-641.9707031249998
 20
-89.97070312492684
 30
5.936971094551297
  0
VERTEX
  5
13F6
  8
DEFAULT
 10
-641.9437332153318
 20
-90.44373321525887
 30
5.936971094551297
  0
VERTEX
  5
13F7
  8
DEFAULT
 10
-641.9044189453123
 20
-90.90441894523931
 30
5.936971094551297
  0
VERTEX
  5
13F8
  8
DEFAULT
 10
-641.879524707794
 20
-91.129524707721
 30
5.936971094551297
  0
VERTEX
  5
13F9
  8
DEFAULT
 10
-641.8508377075193
 20
-91.35083770744635
 30
5.936971094551297
  0
VERTEX
  5
13FA
  8
DEFAULT
 10
-641.81814622879
 20
-91.5681462287171
 30
5.936971094551297
  0
VERTEX
  5
13FB
  8
DEFAULT
 10
-641.7812499999998
 20
-91.78124999992681
 30
5.936971094551297
  0
VERTEX
  5
13FC
  8
DEFAULT
 10
-641.7399601936338
 20
-91.98996019356085
 30
5.936971094551297
  0
VERTEX
  5
13FD
  8
DEFAULT
 10
-641.6940994262693
 20
-92.19409942619635
 30
5.936971094551297
  0
VERTEX
  5
13FE
  8
DEFAULT
 10
-641.6435017585752
 20
-92.39350175850227
 30
5.936971094551297
  0
VERTEX
  5
13FF
  8
DEFAULT
 10
-641.5880126953124
 20
-92.58801269523934
 30
5.936971094551297
  0
VERTEX
  5
1400
  8
DEFAULT
 10
-641.5274891853333
 20
-92.7774891852601
 30
5.936971094551297
  0
VERTEX
  5
1401
  8
DEFAULT
 10
-641.461799621582
 20
-92.96179962150889
 30
5.936971094551297
  0
VERTEX
  5
1402
  8
DEFAULT
 10
-641.4269795715809
 20
-93.05197957150776
 30
5.936971094551297
  0
VERTEX
  5
1403
  8
DEFAULT
 10
-641.390823841095
 20
-93.14082384102184
 30
5.936971094551297
  0
VERTEX
  5
1404
  8
DEFAULT
 10
-641.3533191978931
 20
-93.22831919782001
 30
5.936971094551297
  0
VERTEX
  5
1405
  8
DEFAULT
 10
-641.314453125
 20
-93.31445312492687
 30
5.936971094551297
  0
VERTEX
  5
1406
  8
DEFAULT
 10
-641.2742138206959
 20
-93.39921382062275
 30
5.936971094551297
  0
VERTEX
  5
1407
  8
DEFAULT
 10
-641.2325901985168
 20
-93.48259019844372
 30
5.936971094551297
  0
VERTEX
  5
1408
  8
DEFAULT
 10
-641.1895718872547
 20
-93.56457188718161
 30
5.936971094551297
  0
VERTEX
  5
1409
  8
DEFAULT
 10
-641.145149230957
 20
-93.64514923088392
 30
5.936971094551297
  0
VERTEX
  5
140A
  8
DEFAULT
 10
-641.0993132889271
 20
-93.72431328885398
 30
5.936971094551297
  0
VERTEX
  5
140B
  8
DEFAULT
 10
-641.0520558357239
 20
-93.80205583565078
 30
5.936971094551297
  0
VERTEX
  5
140C
  8
DEFAULT
 10
-641.0033693611622
 20
-93.87836936108909
 30
5.936971094551297
  0
VERTEX
  5
140D
  8
DEFAULT
 10
-640.9532470703125
 20
-93.95324707023941
 30
5.936971094551297
  0
VERTEX
  5
140E
  8
DEFAULT
 10
-640.901682883501
 20
-94.02668288342798
 30
5.936971094551297
  0
VERTEX
  5
140F
  8
DEFAULT
 10
-640.8486714363098
 20
-94.09867143623676
 30
5.936971094551297
  0
VERTEX
  5
1410
  8
DEFAULT
 10
-640.7942080795765
 20
-94.16920807950343
 30
5.936971094551297
  0
VERTEX
  5
1411
  8
DEFAULT
 10
-640.7382888793945
 20
-94.23828887932149
 30
5.936971094551297
  0
VERTEX
  5
1412
  8
DEFAULT
 10
-640.6809106171131
 20
-94.30591061704007
 30
5.936971094551297
  0
VERTEX
  5
1413
  8
DEFAULT
 10
-640.6220707893372
 20
-94.37207078926411
 30
5.936971094551297
  0
VERTEX
  5
1414
  8
DEFAULT
 10
-640.5617676079273
 20
-94.43676760785429
 30
5.936971094551297
  0
VERTEX
  5
1415
  8
DEFAULT
 10
-640.5
 20
-94.49999999992697
 30
5.936971094551297
  0
VERTEX
  5
1416
  8
DEFAULT
 10
-640.4367676079273
 20
-94.5617676078543
 30
5.936971094551297
  0
VERTEX
  5
1417
  8
DEFAULT
 10
-640.3720707893372
 20
-94.62207078926414
 30
5.936971094551297
  0
VERTEX
  5
1418
  8
DEFAULT
 10
-640.3059106171133
 20
-94.68091061704013
 30
5.936971094551297
  0
VERTEX
  5
1419
  8
DEFAULT
 10
-640.2382888793948
 20
-94.73828887932154
 30
5.936971094551297
  0
VERTEX
  5
141A
  8
DEFAULT
 10
-640.1692080795767
 20
-94.7942080795035
 30
5.936971094551297
  0
VERTEX
  5
141B
  8
DEFAULT
 10
-640.09867143631
 20
-94.84867143623684
 30
5.936971094551297
  0
VERTEX
  5
141C
  8
DEFAULT
 10
-640.0266828835013
 20
-94.9016828834281
 30
5.936971094551297
  0
VERTEX
  5
141D
  8
DEFAULT
 10
-639.9532470703127
 20
-94.95324707023954
 30
5.936971094551297
  0
VERTEX
  5
141E
  8
DEFAULT
 10
-639.8783693611624
 20
-95.00336936108923
 30
5.936971094551297
  0
VERTEX
  5
141F
  8
DEFAULT
 10
-639.8020558357241
 20
-95.05205583565092
 30
5.936971094551297
  0
VERTEX
  5
1420
  8
DEFAULT
 10
-639.7243132889273
 20
-95.09931328885415
 30
5.936971094551297
  0
VERTEX
  5
1421
  8
DEFAULT
 10
-639.6451492309573
 20
-95.1451492308841
 30
5.936971094551297
  0
VERTEX
  5
1422
  8
DEFAULT
 10
-639.5645718872549
 20
-95.18957188718178
 30
5.936971094551297
  0
VERTEX
  5
1423
  8
DEFAULT
 10
-639.4825901985171
 20
-95.23259019844392
 30
5.936971094551297
  0
VERTEX
  5
1424
  8
DEFAULT
 10
-639.3992138206961
 20
-95.27421382062295
 30
5.936971094551297
  0
VERTEX
  5
1425
  8
DEFAULT
 10
-639.3144531250002
 20
-95.31445312492708
 30
5.936971094551297
  0
VERTEX
  5
1426
  8
DEFAULT
 10
-639.2283191978934
 20
-95.35331919782024
 30
5.936971094551297
  0
VERTEX
  5
1427
  8
DEFAULT
 10
-639.1408238410952
 20
-95.39082384102207
 30
5.936971094551297
  0
VERTEX
  5
1428
  8
DEFAULT
 10
-639.0519795715811
 20
-95.42697957150799
 30
5.936971094551297
  0
VERTEX
  5
1429
  8
DEFAULT
 10
-638.9617996215823
 20
-95.46179962150913
 30
5.936971094551297
  0
VERTEX
  5
142A
  8
DEFAULT
 10
-638.7774891853335
 20
-95.52748918526038
 30
5.936971094551297
  0
VERTEX
  5
142B
  8
DEFAULT
 10
-638.5880126953127
 20
-95.58801269523963
 30
5.936971094551297
  0
VERTEX
  5
142C
  8
DEFAULT
 10
-638.3935017585757
 20
-95.64350175850257
 30
5.936971094551297
  0
VERTEX
  5
142D
  8
DEFAULT
 10
-638.1940994262698
 20
-95.69409942619667
 30
5.936971094551297
  0
VERTEX
  5
142E
  8
DEFAULT
 10
-637.9899601936343
 20
-95.73996019356119
 30
5.936971094551297
  0
VERTEX
  5
142F
  8
DEFAULT
 10
-637.7812500000002
 20
-95.78124999992716
 30
5.936971094551297
  0
VERTEX
  5
1430
  8
DEFAULT
 10
-637.5681462287905
 20
-95.81814622871744
 30
5.936971094551297
  0
VERTEX
  5
1431
  8
DEFAULT
 10
-637.3508377075198
 20
-95.85083770744669
 30
5.936971094551297
  0
VERTEX
  5
1432
  8
DEFAULT
 10
-637.1295247077944
 20
-95.87952470772134
 30
5.936971094551297
  0
VERTEX
  5
1433
  8
DEFAULT
 10
-636.9044189453127
 20
-95.90441894523966
 30
5.936971094551297
  0
VERTEX
  5
1434
  8
DEFAULT
 10
-636.4437332153323
 20
-95.9437332152592
 30
5.936971094551297
  0
VERTEX
  5
1435
  8
DEFAULT
 10
-635.9707031250002
 20
-95.97070312492716
 30
5.936971094551297
  0
VERTEX
  5
1436
  8
DEFAULT
 10
-634.9962158203126
 20
-95.99621582023966
 30
5.936971094551297
  0
VERTEX
  5
1437
  8
DEFAULT
 10
-634.0
 20
-95.99999999992713
 30
5.936971094551297
  0
VERTEX
  5
1438
  8
DEFAULT
 10
-625.5
 20
-95.99999999992713
 30
5.936971094551297
  0
VERTEX
  5
1439
  8
DEFAULT
 10
-625.1264190673828
 20
-96.00141906730994
 30
5.936971094551297
  0
VERTEX
  5
143A
  8
DEFAULT
 10
-624.760986328125
 20
-96.01098632805213
 30
5.936971094551297
  0
VERTEX
  5
143B
  8
DEFAULT
 10
-624.5836000442505
 20
-96.02110004417762
 30
5.936971094551297
  0
VERTEX
  5
143C
  8
DEFAULT
 10
-624.4108428955079
 20
-96.03584289543494
 30
5.936971094551297
  0
VERTEX
  5
143D
  8
DEFAULT
 10
-624.3264282345772
 20
-96.04517823450432
 30
5.936971094551297
  0
VERTEX
  5
143E
  8
DEFAULT
 10
-624.2434358596803
 20
-96.0559358596073
 30
5.936971094551297
  0
VERTEX
  5
143F
  8
DEFAULT
 10
-624.1619451642039
 20
-96.06819516413077
 30
5.936971094551297
  0
VERTEX
  5
1440
  8
DEFAULT
 10
-624.0820312500002
 20
-96.08203124992713
 30
5.936971094551297
  0
VERTEX
  5
1441
  8
DEFAULT
 10
-624.0037649273875
 20
-96.09751492731436
 30
5.936971094551297
  0
VERTEX
  5
1442
  8
DEFAULT
 10
-623.9272127151492
 20
-96.11471271507605
 30
5.936971094551297
  0
VERTEX
  5
1443
  8
DEFAULT
 10
-623.8524368405344
 20
-96.13368684046134
 30
5.936971094551297
  0
VERTEX
  5
1444
  8
DEFAULT
 10
-623.779495239258
 20
-96.15449523918494
 30
5.936971094551297
  0
VERTEX
  5
1445
  8
DEFAULT
 10
-623.7084415555003
 20
-96.17719155542716
 30
5.936971094551297
  0
VERTEX
  5
1446
  8
DEFAULT
 10
-623.639325141907
 20
-96.20182514183387
 30
5.936971094551297
  0
VERTEX
  5
1447
  8
DEFAULT
 10
-623.6055076606574
 20
-96.2148826605843
 30
5.936971094551297
  0
VERTEX
  5
1448
  8
DEFAULT
 10
-623.5721910595896
 20
-96.22844105951651
 30
5.936971094551297
  0
VERTEX
  5
1449
  8
DEFAULT
 10
-623.5393803007903
 20
-96.2425053007172
 30
5.936971094551297
  0
VERTEX
  5
144A
  8
DEFAULT
 10
-623.5070800781251
 20
-96.25708007805213
 30
5.936971094551297
  0
VERTEX
  5
144B
  8
DEFAULT
 10
-623.475294817239
 20
-96.27216981716617
 30
5.936971094551297
  0
VERTEX
  5
144C
  8
DEFAULT
 10
-623.4440286755562
 20
-96.28777867548331
 30
5.936971094551297
  0
VERTEX
  5
144D
  8
DEFAULT
 10
-623.4132855422795
 20
-96.30391054220661
 30
5.936971094551297
  0
VERTEX
  5
144E
  8
DEFAULT
 10
-623.3830690383911
 20
-96.32056903831824
 30
5.936971094551297
  0
VERTEX
  5
144F
  8
DEFAULT
 10
-623.3533825166523
 20
-96.33775751657947
 30
5.936971094551297
  0
VERTEX
  5
1450
  8
DEFAULT
 10
-623.3242290616035
 20
-96.35547906153067
 30
5.936971094551297
  0
VERTEX
  5
1451
  8
DEFAULT
 10
-623.2956114895642
 20
-96.37373648949131
 30
5.936971094551297
  0
VERTEX
  5
1452
  8
DEFAULT
 10
-623.2675323486328
 20
-96.39253234855994
 30
5.936971094551297
  0
VERTEX
  5
1453
  8
DEFAULT
 10
-623.2399939186871
 20
-96.41186891861423
 30
5.936971094551297
  0
VERTEX
  5
1454
  8
DEFAULT
 10
-623.2129982113838
 20
-96.43174821131095
 30
5.936971094551297
  0
VERTEX
  5
1455
  8
DEFAULT
 10
-623.1865469701588
 20
-96.45217197008594
 30
5.936971094551297
  0
VERTEX
  5
1456
  8
DEFAULT
 10
-623.160641670227
 20
-96.47314167015418
 30
5.936971094551297
  0
VERTEX
  5
1457
  8
DEFAULT
 10
-623.1352835185826
 20
-96.49465851850971
 30
5.936971094551297
  0
VERTEX
  5
1458
  8
DEFAULT
 10
-623.1104734539986
 20
-96.51672345392569
 30
5.936971094551297
  0
VERTEX
  5
1459
  8
DEFAULT
 10
-623.0862121470273
 20
-96.53933714695438
 30
5.936971094551297
  0
VERTEX
  5
145A
  8
DEFAULT
 10
-623.0625
 20
-96.56249999992713
 30
5.936971094551297
  0
VERTEX
  5
145B
  8
DEFAULT
 10
-623.0393371470273
 20
-96.58621214695438
 30
5.936971094551297
  0
VERTEX
  5
145C
  8
DEFAULT
 10
-623.0167234539986
 20
-96.61047345392569
 30
5.936971094551297
  0
VERTEX
  5
145D
  8
DEFAULT
 10
-622.9946585185826
 20
-96.63528351850971
 30
5.936971094551297
  0
VERTEX
  5
145E
  8
DEFAULT
 10
-622.973141670227
 20
-96.66064167015418
 30
5.936971094551297
  0
VERTEX
  5
145F
  8
DEFAULT
 10
-622.9521719701588
 20
-96.68654697008594
 30
5.936971094551297
  0
VERTEX
  5
1460
  8
DEFAULT
 10
-622.9317482113838
 20
-96.71299821131095
 30
5.936971094551297
  0
VERTEX
  5
1461
  8
DEFAULT
 10
-622.9118689186871
 20
-96.73999391861423
 30
5.936971094551297
  0
VERTEX
  5
1462
  8
DEFAULT
 10
-622.8925323486328
 20
-96.76753234855994
 30
5.936971094551297
  0
VERTEX
  5
1463
  8
DEFAULT
 10
-622.8737364895642
 20
-96.79561148949131
 30
5.936971094551297
  0
VERTEX
  5
1464
  8
DEFAULT
 10
-622.8554790616035
 20
-96.82422906153067
 30
5.936971094551297
  0
VERTEX
  5
1465
  8
DEFAULT
 10
-622.8377575166523
 20
-96.85338251657947
 30
5.936971094551297
  0
VERTEX
  5
1466
  8
DEFAULT
 10
-622.8205690383911
 20
-96.88306903831824
 30
5.936971094551297
  0
VERTEX
  5
1467
  8
DEFAULT
 10
-622.8039105422795
 20
-96.91328554220661
 30
5.936971094551297
  0
VERTEX
  5
1468
  8
DEFAULT
 10
-622.7877786755562
 20
-96.94402867548331
 30
5.936971094551297
  0
VERTEX
  5
1469
  8
DEFAULT
 10
-622.772169817239
 20
-96.97529481716617
 30
5.936971094551297
  0
VERTEX
  5
146A
  8
DEFAULT
 10
-622.757080078125
 20
-97.00708007805213
 30
5.936971094551297
  0
VERTEX
  5
146B
  8
DEFAULT
 10
-622.7425053007901
 20
-97.0393803007172
 30
5.936971094551297
  0
VERTEX
  5
146C
  8
DEFAULT
 10
-622.7284410595894
 20
-97.07219105951651
 30
5.936971094551297
  0
VERTEX
  5
146D
  8
DEFAULT
 10
-622.7148826606572
 20
-97.1055076605843
 30
5.936971094551297
  0
VERTEX
  5
146E
  8
DEFAULT
 10
-622.7018251419067
 20
-97.13932514183387
 30
5.936971094551297
  0
VERTEX
  5
146F
  8
DEFAULT
 10
-622.6771915555
 20
-97.20844155542716
 30
5.936971094551297
  0
VERTEX
  5
1470
  8
DEFAULT
 10
-622.6544952392578
 20
-97.27949523918494
 30
5.936971094551297
  0
VERTEX
  5
1471
  8
DEFAULT
 10
-622.6336868405342
 20
-97.35243684046134
 30
5.936971094551297
  0
VERTEX
  5
1472
  8
DEFAULT
 10
-622.6147127151489
 20
-97.42721271507605
 30
5.936971094551297
  0
VERTEX
  5
1473
  8
DEFAULT
 10
-622.5975149273872
 20
-97.50376492731436
 30
5.936971094551297
  0
VERTEX
  5
1474
  8
DEFAULT
 10
-622.58203125
 20
-97.58203124992713
 30
5.936971094551297
  0
VERTEX
  5
1475
  8
DEFAULT
 10
-622.5681951642036
 20
-97.66194516413077
 30
5.936971094551297
  0
VERTEX
  5
1476
  8
DEFAULT
 10
-622.5559358596802
 20
-97.7434358596073
 30
5.936971094551297
  0
VERTEX
  5
1477
  8
DEFAULT
 10
-622.5451782345772
 20
-97.8264282345043
 30
5.936971094551297
  0
VERTEX
  5
1478
  8
DEFAULT
 10
-622.5358428955078
 20
-97.91084289543494
 30
5.936971094551297
  0
VERTEX
  5
1479
  8
DEFAULT
 10
-622.5211000442505
 20
-98.08360004417762
 30
5.936971094551297
  0
VERTEX
  5
147A
  8
DEFAULT
 10
-622.510986328125
 20
-98.26098632805213
 30
5.936971094551297
  0
VERTEX
  5
147B
  8
DEFAULT
 10
-622.5014190673828
 20
-98.62641906730994
 30
5.936971094551297
  0
VERTEX
  5
147C
  8
DEFAULT
 10
-622.5
 20
-98.99999999992713
 30
5.936971094551297
  0
VERTEX
  5
147D
  8
DEFAULT
 10
-622.5
 20
-136.9999999999271
 30
5.936971094551297
  0
VERTEX
  5
147E
  8
DEFAULT
 10
-622.5014190673828
 20
-137.3735809325443
 30
5.936971094551297
  0
VERTEX
  5
147F
  8
DEFAULT
 10
-622.510986328125
 20
-137.7390136718021
 30
5.936971094551297
  0
VERTEX
  5
1480
  8
DEFAULT
 10
-622.5211000442505
 20
-137.9163999556766
 30
5.936971094551297
  0
VERTEX
  5
1481
  8
DEFAULT
 10
-622.5358428955078
 20
-138.0891571044193
 30
5.936971094551297
  0
VERTEX
  5
1482
  8
DEFAULT
 10
-622.5451782345772
 20
-138.1735717653499
 30
5.936971094551297
  0
VERTEX
  5
1483
  8
DEFAULT
 10
-622.5559358596802
 20
-138.256564140247
 30
5.936971094551297
  0
VERTEX
  5
1484
  8
DEFAULT
 10
-622.5681951642036
 20
-138.3380548357235
 30
5.936971094551297
  0
VERTEX
  5
1485
  8
DEFAULT
 10
-622.58203125
 20
-138.4179687499271
 30
5.936971094551297
  0
VERTEX
  5
1486
  8
DEFAULT
 10
-622.5975149273872
 20
-138.4962350725399
 30
5.936971094551297
  0
VERTEX
  5
1487
  8
DEFAULT
 10
-622.6147127151489
 20
-138.5727872847782
 30
5.936971094551297
  0
VERTEX
  5
1488
  8
DEFAULT
 10
-622.6336868405342
 20
-138.6475631593929
 30
5.936971094551297
  0
VERTEX
  5
1489
  8
DEFAULT
 10
-622.6544952392578
 20
-138.7205047606693
 30
5.936971094551297
  0
VERTEX
  5
148A
  8
DEFAULT
 10
-622.6771915555
 20
-138.7915584444271
 30
5.936971094551297
  0
VERTEX
  5
148B
  8
DEFAULT
 10
-622.7018251419067
 20
-138.8606748580204
 30
5.936971094551297
  0
VERTEX
  5
148C
  8
DEFAULT
 10
-622.7148826606572
 20
-138.89449233927
 30
5.936971094551297
  0
VERTEX
  5
148D
  8
DEFAULT
 10
-622.7284410595894
 20
-138.9278089403377
 30
5.936971094551297
  0
VERTEX
  5
148E
  8
DEFAULT
 10
-622.7425053007901
 20
-138.9606196991371
 30
5.936971094551297
  0
VERTEX
  5
148F
  8
DEFAULT
 10
-622.757080078125
 20
-138.9929199218021
 30
5.936971094551297
  0
VERTEX
  5
1490
  8
DEFAULT
 10
-622.772169817239
 20
-139.0247051826881
 30
5.936971094551297
  0
VERTEX
  5
1491
  8
DEFAULT
 10
-622.7877786755562
 20
-139.0559713243709
 30
5.936971094551297
  0
VERTEX
  5
1492
  8
DEFAULT
 10
-622.8039105422795
 20
-139.0867144576476
 30
5.936971094551297
  0
VERTEX
  5
1493
  8
DEFAULT
 10
-622.8205690383911
 20
-139.116930961536
 30
5.936971094551297
  0
VERTEX
  5
1494
  8
DEFAULT
 10
-622.8377575166523
 20
-139.1466174832748
 30
5.936971094551297
  0
VERTEX
  5
1495
  8
DEFAULT
 10
-622.8554790616035
 20
-139.1757709383236
 30
5.936971094551297
  0
VERTEX
  5
1496
  8
DEFAULT
 10
-622.8737364895642
 20
-139.2043885103629
 30
5.936971094551297
  0
VERTEX
  5
1497
  8
DEFAULT
 10
-622.8925323486328
 20
-139.2324676512943
 30
5.936971094551297
  0
VERTEX
  5
1498
  8
DEFAULT
 10
-622.9118689186871
 20
-139.26000608124
 30
5.936971094551297
  0
VERTEX
  5
1499
  8
DEFAULT
 10
-622.9317482113838
 20
-139.2870017885433
 30
5.936971094551297
  0
VERTEX
  5
149A
  8
DEFAULT
 10
-622.9521719701588
 20
-139.3134530297683
 30
5.936971094551297
  0
VERTEX
  5
149B
  8
DEFAULT
 10
-622.973141670227
 20
-139.3393583297001
 30
5.936971094551297
  0
VERTEX
  5
149C
  8
DEFAULT
 10
-622.9946585185826
 20
-139.3647164813445
 30
5.936971094551297
  0
VERTEX
  5
149D
  8
DEFAULT
 10
-623.0167234539986
 20
-139.3895265459286
 30
5.936971094551297
  0
VERTEX
  5
149E
  8
DEFAULT
 10
-623.0393371470273
 20
-139.4137878528999
 30
5.936971094551297
  0
VERTEX
  5
149F
  8
DEFAULT
 10
-623.0625
 20
-139.4374999999271
 30
5.936971094551297
  0
VERTEX
  5
14A0
  8
DEFAULT
 10
-623.0862121470273
 20
-139.4606628528999
 30
5.936971094551297
  0
VERTEX
  5
14A1
  8
DEFAULT
 10
-623.1104734539986
 20
-139.4832765459286
 30
5.936971094551297
  0
VERTEX
  5
14A2
  8
DEFAULT
 10
-623.1352835185826
 20
-139.5053414813445
 30
5.936971094551297
  0
VERTEX
  5
14A3
  8
DEFAULT
 10
-623.160641670227
 20
-139.5268583297001
 30
5.936971094551297
  0
VERTEX
  5
14A4
  8
DEFAULT
 10
-623.1865469701588
 20
-139.5478280297683
 30
5.936971094551297
  0
VERTEX
  5
14A5
  8
DEFAULT
 10
-623.2129982113838
 20
-139.5682517885433
 30
5.936971094551297
  0
VERTEX
  5
14A6
  8
DEFAULT
 10
-623.2399939186871
 20
-139.58813108124
 30
5.936971094551297
  0
VERTEX
  5
14A7
  8
DEFAULT
 10
-623.2675323486328
 20
-139.6074676512943
 30
5.936971094551297
  0
VERTEX
  5
14A8
  8
DEFAULT
 10
-623.2956114895642
 20
-139.6262635103629
 30
5.936971094551297
  0
VERTEX
  5
14A9
  8
DEFAULT
 10
-623.3242290616035
 20
-139.6445209383236
 30
5.936971094551297
  0
VERTEX
  5
14AA
  8
DEFAULT
 10
-623.3533825166523
 20
-139.6622424832748
 30
5.936971094551297
  0
VERTEX
  5
14AB
  8
DEFAULT
 10
-623.3830690383911
 20
-139.679430961536
 30
5.936971094551297
  0
VERTEX
  5
14AC
  8
DEFAULT
 10
-623.4132855422795
 20
-139.6960894576476
 30
5.936971094551297
  0
VERTEX
  5
14AD
  8
DEFAULT
 10
-623.4440286755562
 20
-139.7122213243709
 30
5.936971094551297
  0
VERTEX
  5
14AE
  8
DEFAULT
 10
-623.475294817239
 20
-139.7278301826881
 30
5.936971094551297
  0
VERTEX
  5
14AF
  8
DEFAULT
 10
-623.5070800781251
 20
-139.7429199218021
 30
5.936971094551297
  0
VERTEX
  5
14B0
  8
DEFAULT
 10
-623.5393803007903
 20
-139.7574946991371
 30
5.936971094551297
  0
VERTEX
  5
14B1
  8
DEFAULT
 10
-623.5721910595896
 20
-139.7715589403377
 30
5.936971094551297
  0
VERTEX
  5
14B2
  8
DEFAULT
 10
-623.6055076606574
 20
-139.78511733927
 30
5.936971094551297
  0
VERTEX
  5
14B3
  8
DEFAULT
 10
-623.639325141907
 20
-139.7981748580204
 30
5.936971094551297
  0
VERTEX
  5
14B4
  8
DEFAULT
 10
-623.7084415555003
 20
-139.8228084444271
 30
5.936971094551297
  0
VERTEX
  5
14B5
  8
DEFAULT
 10
-623.779495239258
 20
-139.8455047606693
 30
5.936971094551297
  0
VERTEX
  5
14B6
  8
DEFAULT
 10
-623.8524368405344
 20
-139.8663131593929
 30
5.936971094551297
  0
VERTEX
  5
14B7
  8
DEFAULT
 10
-623.9272127151492
 20
-139.8852872847782
 30
5.936971094551297
  0
VERTEX
  5
14B8
  8
DEFAULT
 10
-624.0037649273875
 20
-139.9024850725399
 30
5.936971094551297
  0
VERTEX
  5
14B9
  8
DEFAULT
 10
-624.0820312500002
 20
-139.9179687499271
 30
5.936971094551297
  0
VERTEX
  5
14BA
  8
DEFAULT
 10
-624.1619451642039
 20
-139.9318048357235
 30
5.936971094551297
  0
VERTEX
  5
14BB
  8
DEFAULT
 10
-624.2434358596803
 20
-139.944064140247
 30
5.936971094551297
  0
VERTEX
  5
14BC
  8
DEFAULT
 10
-624.3264282345772
 20
-139.9548217653499
 30
5.936971094551297
  0
VERTEX
  5
14BD
  8
DEFAULT
 10
-624.4108428955079
 20
-139.9641571044193
 30
5.936971094551297
  0
VERTEX
  5
14BE
  8
DEFAULT
 10
-624.5836000442505
 20
-139.9788999556766
 30
5.936971094551297
  0
VERTEX
  5
14BF
  8
DEFAULT
 10
-624.760986328125
 20
-139.9890136718021
 30
5.936971094551297
  0
VERTEX
  5
14C0
  8
DEFAULT
 10
-625.1264190673828
 20
-139.9985809325443
 30
5.936971094551297
  0
VERTEX
  5
14C1
  8
DEFAULT
 10
-625.5
 20
-139.9999999999271
 30
5.936971094551297
  0
VERTEX
  5
14C2
  8
DEFAULT
 10
-634.0000000000001
 20
-139.9999999999271
 30
5.936971094551297
  0
VERTEX
  5
14C3
  8
DEFAULT
 10
-634.9962158203127
 20
-140.0037841796146
 30
5.936971094551297
  0
VERTEX
  5
14C4
  8
DEFAULT
 10
-635.9707031250002
 20
-140.0292968749271
 30
5.936971094551297
  0
VERTEX
  5
14C5
  8
DEFAULT
 10
-636.4437332153323
 20
-140.0562667845951
 30
5.936971094551297
  0
VERTEX
  5
14C6
  8
DEFAULT
 10
-636.9044189453126
 20
-140.0955810546146
 30
5.936971094551297
  0
VERTEX
  5
14C7
  8
DEFAULT
 10
-637.1295247077944
 20
-140.1204752921329
 30
5.936971094551297
  0
VERTEX
  5
14C8
  8
DEFAULT
 10
-637.3508377075196
 20
-140.1491622924076
 30
5.936971094551297
  0
VERTEX
  5
14C9
  8
DEFAULT
 10
-637.5681462287903
 20
-140.1818537711368
 30
5.936971094551297
  0
VERTEX
  5
14CA
  8
DEFAULT
 10
-637.78125
 20
-140.2187499999271
 30
5.936971094551297
  0
VERTEX
  5
14CB
  8
DEFAULT
 10
-637.989960193634
 20
-140.2600398062931
 30
5.936971094551297
  0
VERTEX
  5
14CC
  8
DEFAULT
 10
-638.1940994262695
 20
-140.3059005736576
 30
5.936971094551297
  0
VERTEX
  5
14CD
  8
DEFAULT
 10
-638.3935017585754
 20
-140.3564982413517
 30
5.936971094551297
  0
VERTEX
  5
14CE
  8
DEFAULT
 10
-638.5880126953125
 20
-140.4119873046146
 30
5.936971094551297
  0
VERTEX
  5
14CF
  8
DEFAULT
 10
-638.7774891853333
 20
-140.4725108145939
 30
5.936971094551297
  0
VERTEX
  5
14D0
  8
DEFAULT
 10
-638.961799621582
 20
-140.5382003783451
 30
5.936971094551297
  0
VERTEX
  5
14D1
  8
DEFAULT
 10
-639.0519795715809
 20
-140.5730204283462
 30
5.936971094551297
  0
VERTEX
  5
14D2
  8
DEFAULT
 10
-639.140823841095
 20
-140.6091761588322
 30
5.936971094551297
  0
VERTEX
  5
14D3
  8
DEFAULT
 10
-639.2283191978931
 20
-140.646680802034
 30
5.936971094551297
  0
VERTEX
  5
14D4
  8
DEFAULT
 10
-639.314453125
 20
-140.6855468749271
 30
5.936971094551297
  0
VERTEX
  5
14D5
  8
DEFAULT
 10
-639.3992138206959
 20
-140.7257861792312
 30
5.936971094551297
  0
VERTEX
  5
14D6
  8
DEFAULT
 10
-639.4825901985168
 20
-140.7674098014103
 30
5.936971094551297
  0
VERTEX
  5
14D7
  8
DEFAULT
 10
-639.5645718872547
 20
-140.8104281126724
 30
5.936971094551297
  0
VERTEX
  5
14D8
  8
DEFAULT
 10
-639.645149230957
 20
-140.8548507689701
 30
5.936971094551297
  0
VERTEX
  5
14D9
  8
DEFAULT
 10
-639.7243132889271
 20
-140.900686711
 30
5.936971094551297
  0
VERTEX
  5
14DA
  8
DEFAULT
 10
-639.8020558357239
 20
-140.9479441642032
 30
5.936971094551297
  0
VERTEX
  5
14DB
  8
DEFAULT
 10
-639.8783693611622
 20
-140.9966306387649
 30
5.936971094551297
  0
VERTEX
  5
14DC
  8
DEFAULT
 10
-639.9532470703125
 20
-141.0467529296146
 30
5.936971094551297
  0
VERTEX
  5
14DD
  8
DEFAULT
 10
-640.026682883501
 20
-141.0983171164261
 30
5.936971094551297
  0
VERTEX
  5
14DE
  8
DEFAULT
 10
-640.0986714363098
 20
-141.1513285636173
 30
5.936971094551297
  0
VERTEX
  5
14DF
  8
DEFAULT
 10
-640.1692080795765
 20
-141.2057919203506
 30
5.936971094551297
  0
VERTEX
  5
14E0
  8
DEFAULT
 10
-640.2382888793945
 20
-141.2617111205326
 30
5.936971094551297
  0
VERTEX
  5
14E1
  8
DEFAULT
 10
-640.3059106171131
 20
-141.319089382814
 30
5.936971094551297
  0
VERTEX
  5
14E2
  8
DEFAULT
 10
-640.3720707893372
 20
-141.37792921059
 30
5.936971094551297
  0
VERTEX
  5
14E3
  8
DEFAULT
 10
-640.4367676079273
 20
-141.4382323919998
 30
5.936971094551297
  0
VERTEX
  5
14E4
  8
DEFAULT
 10
-640.5
 20
-141.4999999999271
 30
5.936971094551297
  0
VERTEX
  5
14E5
  8
DEFAULT
 10
-640.5617676079273
 20
-141.5632323919998
 30
5.936971094551297
  0
VERTEX
  5
14E6
  8
DEFAULT
 10
-640.6220707893372
 20
-141.62792921059
 30
5.936971094551297
  0
VERTEX
  5
14E7
  8
DEFAULT
 10
-640.6809106171131
 20
-141.694089382814
 30
5.936971094551297
  0
VERTEX
  5
14E8
  8
DEFAULT
 10
-640.7382888793945
 20
-141.7617111205326
 30
5.936971094551297
  0
VERTEX
  5
14E9
  8
DEFAULT
 10
-640.7942080795765
 20
-141.8307919203506
 30
5.936971094551297
  0
VERTEX
  5
14EA
  8
DEFAULT
 10
-640.8486714363098
 20
-141.9013285636173
 30
5.936971094551297
  0
VERTEX
  5
14EB
  8
DEFAULT
 10
-640.901682883501
 20
-141.9733171164261
 30
5.936971094551297
  0
VERTEX
  5
14EC
  8
DEFAULT
 10
-640.9532470703125
 20
-142.0467529296146
 30
5.936971094551297
  0
VERTEX
  5
14ED
  8
DEFAULT
 10
-641.0033693611622
 20
-142.1216306387649
 30
5.936971094551297
  0
VERTEX
  5
14EE
  8
DEFAULT
 10
-641.0520558357239
 20
-142.1979441642032
 30
5.936971094551297
  0
VERTEX
  5
14EF
  8
DEFAULT
 10
-641.0993132889271
 20
-142.275686711
 30
5.936971094551297
  0
VERTEX
  5
14F0
  8
DEFAULT
 10
-641.145149230957
 20
-142.3548507689701
 30
5.936971094551297
  0
VERTEX
  5
14F1
  8
DEFAULT
 10
-641.1895718872547
 20
-142.4354281126724
 30
5.936971094551297
  0
VERTEX
  5
14F2
  8
DEFAULT
 10
-641.2325901985168
 20
-142.5174098014103
 30
5.936971094551297
  0
VERTEX
  5
14F3
  8
DEFAULT
 10
-641.2742138206959
 20
-142.6007861792312
 30
5.936971094551297
  0
VERTEX
  5
14F4
  8
DEFAULT
 10
-641.314453125
 20
-142.6855468749271
 30
5.936971094551297
  0
VERTEX
  5
14F5
  8
DEFAULT
 10
-641.3533191978931
 20
-142.7716808020339
 30
5.936971094551297
  0
VERTEX
  5
14F6
  8
DEFAULT
 10
-641.390823841095
 20
-142.8591761588321
 30
5.936971094551297
  0
VERTEX
  5
14F7
  8
DEFAULT
 10
-641.4269795715809
 20
-142.9480204283462
 30
5.936971094551297
  0
VERTEX
  5
14F8
  8
DEFAULT
 10
-641.461799621582
 20
-143.038200378345
 30
5.936971094551297
  0
VERTEX
  5
14F9
  8
DEFAULT
 10
-641.5274891853333
 20
-143.2225108145938
 30
5.936971094551297
  0
VERTEX
  5
14FA
  8
DEFAULT
 10
-641.5880126953124
 20
-143.4119873046146
 30
5.936971094551297
  0
VERTEX
  5
14FB
  8
DEFAULT
 10
-641.6435017585752
 20
-143.6064982413516
 30
5.936971094551297
  0
VERTEX
  5
14FC
  8
DEFAULT
 10
-641.6940994262693
 20
-143.8059005736575
 30
5.936971094551297
  0
VERTEX
  5
14FD
  8
DEFAULT
 10
-641.7399601936338
 20
-144.010039806293
 30
5.936971094551297
  0
VERTEX
  5
14FE
  8
DEFAULT
 10
-641.7812499999998
 20
-144.2187499999271
 30
5.936971094551297
  0
VERTEX
  5
14FF
  8
DEFAULT
 10
-641.81814622879
 20
-144.4318537711368
 30
5.936971094551297
  0
VERTEX
  5
1500
  8
DEFAULT
 10
-641.8508377075193
 20
-144.6491622924075
 30
5.936971094551297
  0
VERTEX
  5
1501
  8
DEFAULT
 10
-641.879524707794
 20
-144.8704752921329
 30
5.936971094551297
  0
VERTEX
  5
1502
  8
DEFAULT
 10
-641.9044189453123
 20
-145.0955810546146
 30
5.936971094551297
  0
VERTEX
  5
1503
  8
DEFAULT
 10
-641.9437332153318
 20
-145.556266784595
 30
5.936971094551297
  0
VERTEX
  5
1504
  8
DEFAULT
 10
-641.9707031249998
 20
-146.0292968749271
 30
5.936971094551297
  0
VERTEX
  5
1505
  8
DEFAULT
 10
-641.9962158203123
 20
-147.0037841796145
 30
5.936971094551297
  0
VERTEX
  5
1506
  8
DEFAULT
 10
-641.9999999999998
 20
-147.999999999927
 30
5.936971094551297
  0
VERTEX
  5
1507
  8
DEFAULT
 10
-641.9999999999998
 20
-162.0000000000003
 30
5.936971094551297
  0
VERTEX
  5
1508
  8
DEFAULT
 10
-641.9962158203123
 20
-162.9962158203129
 30
5.936971094551297
  0
VERTEX
  5
1509
  8
DEFAULT
 10
-641.9707031249998
 20
-163.9707031250005
 30
5.936971094551297
  0
VERTEX
  5
150A
  8
DEFAULT
 10
-641.9437332153318
 20
-164.4437332153325
 30
5.936971094551297
  0
VERTEX
  5
150B
  8
DEFAULT
 10
-641.9044189453122
 20
-164.9044189453129
 30
5.936971094551297
  0
VERTEX
  5
150C
  8
DEFAULT
 10
-641.8795247077937
 20
-165.1295247077946
 30
5.936971094551297
  0
VERTEX
  5
150D
  8
DEFAULT
 10
-641.8508377075192
 20
-165.3508377075199
 30
5.936971094551297
  0
VERTEX
  5
150E
  8
DEFAULT
 10
-641.8181462287898
 20
-165.5681462287907
 30
5.936971094551297
  0
VERTEX
  5
150F
  8
DEFAULT
 10
-641.7812499999995
 20
-165.7812500000004
 30
5.936971094551297
  0
VERTEX
  5
1510
  8
DEFAULT
 10
-641.7399601936336
 20
-165.9899601936345
 30
5.936971094551297
  0
VERTEX
  5
1511
  8
DEFAULT
 10
-641.6940994262691
 20
-166.1940994262699
 30
5.936971094551297
  0
VERTEX
  5
1512
  8
DEFAULT
 10
-641.643501758575
 20
-166.3935017585758
 30
5.936971094551297
  0
VERTEX
  5
1513
  8
DEFAULT
 10
-641.588012695312
 20
-166.5880126953129
 30
5.936971094551297
  0
VERTEX
  5
1514
  8
DEFAULT
 10
-641.5274891853328
 20
-166.7774891853336
 30
5.936971094551297
  0
VERTEX
  5
1515
  8
DEFAULT
 10
-641.4617996215816
 20
-166.9617996215824
 30
5.936971094551297
  0
VERTEX
  5
1516
  8
DEFAULT
 10
-641.4269795715804
 20
-167.0519795715812
 30
5.936971094551297
  0
VERTEX
  5
1517
  8
DEFAULT
 10
-641.3908238410945
 20
-167.1408238410953
 30
5.936971094551297
  0
VERTEX
  5
1518
  8
DEFAULT
 10
-641.3533191978927
 20
-167.2283191978935
 30
5.936971094551297
  0
VERTEX
  5
1519
  8
DEFAULT
 10
-641.3144531249995
 20
-167.3144531250003
 30
5.936971094551297
  0
VERTEX
  5
151A
  8
DEFAULT
 10
-641.2742138206954
 20
-167.3992138206962
 30
5.936971094551297
  0
VERTEX
  5
151B
  8
DEFAULT
 10
-641.2325901985164
 20
-167.4825901985171
 30
5.936971094551297
  0
VERTEX
  5
151C
  8
DEFAULT
 10
-641.1895718872543
 20
-167.564571887255
 30
5.936971094551297
  0
VERTEX
  5
151D
  8
DEFAULT
 10
-641.1451492309566
 20
-167.6451492309573
 30
5.936971094551297
  0
VERTEX
  5
151E
  8
DEFAULT
 10
-641.0993132889266
 20
-167.7243132889273
 30
5.936971094551297
  0
VERTEX
  5
151F
  8
DEFAULT
 10
-641.0520558357233
 20
-167.8020558357241
 30
5.936971094551297
  0
VERTEX
  5
1520
  8
DEFAULT
 10
-641.0033693611616
 20
-167.8783693611624
 30
5.936971094551297
  0
VERTEX
  5
1521
  8
DEFAULT
 10
-640.9532470703118
 20
-167.9532470703127
 30
5.936971094551297
  0
VERTEX
  5
1522
  8
DEFAULT
 10
-640.9016828835004
 20
-168.0266828835013
 30
5.936971094551297
  0
VERTEX
  5
1523
  8
DEFAULT
 10
-640.8486714363091
 20
-168.09867143631
 30
5.936971094551297
  0
VERTEX
  5
1524
  8
DEFAULT
 10
-640.7942080795758
 20
-168.1692080795767
 30
5.936971094551297
  0
VERTEX
  5
1525
  8
DEFAULT
 10
-640.7382888793938
 20
-168.2382888793947
 30
5.936971094551297
  0
VERTEX
  5
1526
  8
DEFAULT
 10
-640.6809106171124
 20
-168.3059106171133
 30
5.936971094551297
  0
VERTEX
  5
1527
  8
DEFAULT
 10
-640.6220707893365
 20
-168.3720707893373
 30
5.936971094551297
  0
VERTEX
  5
1528
  8
DEFAULT
 10
-640.5617676079266
 20
-168.4367676079275
 30
5.936971094551297
  0
VERTEX
  5
1529
  8
DEFAULT
 10
-640.4999999999993
 20
-168.5000000000001
 30
5.936971094551297
  0
VERTEX
  5
152A
  8
DEFAULT
 10
-640.4367676079266
 20
-168.5617676079274
 30
5.936971094551297
  0
VERTEX
  5
152B
  8
DEFAULT
 10
-640.3720707893365
 20
-168.6220707893372
 30
5.936971094551297
  0
VERTEX
  5
152C
  8
DEFAULT
 10
-640.3059106171124
 20
-168.6809106171132
 30
5.936971094551297
  0
VERTEX
  5
152D
  8
DEFAULT
 10
-640.2382888793938
 20
-168.7382888793946
 30
5.936971094551297
  0
VERTEX
  5
152E
  8
DEFAULT
 10
-640.1692080795758
 20
-168.7942080795765
 30
5.936971094551297
  0
VERTEX
  5
152F
  8
DEFAULT
 10
-640.098671436309
 20
-168.8486714363098
 30
5.936971094551297
  0
VERTEX
  5
1530
  8
DEFAULT
 10
-640.0266828835001
 20
-168.9016828835011
 30
5.936971094551297
  0
VERTEX
  5
1531
  8
DEFAULT
 10
-639.9532470703116
 20
-168.9532470703125
 30
5.936971094551297
  0
VERTEX
  5
1532
  8
DEFAULT
 10
-639.8783693611613
 20
-169.0033693611622
 30
5.936971094551297
  0
VERTEX
  5
1533
  8
DEFAULT
 10
-639.802055835723
 20
-169.0520558357238
 30
5.936971094551297
  0
VERTEX
  5
1534
  8
DEFAULT
 10
-639.7243132889262
 20
-169.099313288927
 30
5.936971094551297
  0
VERTEX
  5
1535
  8
DEFAULT
 10
-639.6451492309561
 20
-169.145149230957
 30
5.936971094551297
  0
VERTEX
  5
1536
  8
DEFAULT
 10
-639.5645718872538
 20
-169.1895718872547
 30
5.936971094551297
  0
VERTEX
  5
1537
  8
DEFAULT
 10
-639.4825901985159
 20
-169.2325901985168
 30
5.936971094551297
  0
VERTEX
  5
1538
  8
DEFAULT
 10
-639.399213820695
 20
-169.2742138206958
 30
5.936971094551297
  0
VERTEX
  5
1539
  8
DEFAULT
 10
-639.3144531249991
 20
-169.3144531249999
 30
5.936971094551297
  0
VERTEX
  5
153A
  8
DEFAULT
 10
-639.2283191978922
 20
-169.353319197893
 30
5.936971094551297
  0
VERTEX
  5
153B
  8
DEFAULT
 10
-639.1408238410941
 20
-169.3908238410949
 30
5.936971094551297
  0
VERTEX
  5
153C
  8
DEFAULT
 10
-639.05197957158
 20
-169.4269795715807
 30
5.936971094551297
  0
VERTEX
  5
153D
  8
DEFAULT
 10
-638.9617996215811
 20
-169.4617996215819
 30
5.936971094551297
  0
VERTEX
  5
153E
  8
DEFAULT
 10
-638.7774891853323
 20
-169.5274891853331
 30
5.936971094551297
  0
VERTEX
  5
153F
  8
DEFAULT
 10
-638.5880126953116
 20
-169.5880126953123
 30
5.936971094551297
  0
VERTEX
  5
1540
  8
DEFAULT
 10
-638.3935017585745
 20
-169.6435017585753
 30
5.936971094551297
  0
VERTEX
  5
1541
  8
DEFAULT
 10
-638.1940994262686
 20
-169.6940994262693
 30
5.936971094551297
  0
VERTEX
  5
1542
  8
DEFAULT
 10
-637.9899601936332
 20
-169.7399601936338
 30
5.936971094551297
  0
VERTEX
  5
1543
  8
DEFAULT
 10
-637.7812499999992
 20
-169.7812499999998
 30
5.936971094551297
  0
VERTEX
  5
1544
  8
DEFAULT
 10
-637.5681462287896
 20
-169.8181462287901
 30
5.936971094551297
  0
VERTEX
  5
1545
  8
DEFAULT
 10
-637.3508377075188
 20
-169.8508377075193
 30
5.936971094551297
  0
VERTEX
  5
1546
  8
DEFAULT
 10
-637.1295247077935
 20
-169.879524707794
 30
5.936971094551297
  0
VERTEX
  5
1547
  8
DEFAULT
 10
-636.9044189453117
 20
-169.9044189453122
 30
5.936971094551297
  0
VERTEX
  5
1548
  8
DEFAULT
 10
-636.4437332153313
 20
-169.9437332153317
 30
5.936971094551297
  0
VERTEX
  5
1549
  8
DEFAULT
 10
-635.9707031249993
 20
-169.9707031249997
 30
5.936971094551297
  0
VERTEX
  5
154A
  8
DEFAULT
 10
-634.9962158203119
 20
-169.9962158203123
 30
5.936971094551297
  0
SEQEND
  5
154B
  8
DEFAULT
  0
CIRCLE
  5
154C
  8
DEFAULT
 10
553.0000000000003
 20
-155.0
 30
-5.936971094551297
 40
3.0
210
0.0
220
0.0
230
-1.0
  0
CIRCLE
  5
154D
  8
DEFAULT
 10
634.0
 20
-155.0
 30
-5.936971094551297
 40
3.0
210
0.0
220
0.0
230
-1.0
  0
CIRCLE
  5
154E
  8
DEFAULT
 10
553.0000000000003
 20
60.0
 30
-5.936971094551297
 40
3.0
210
0.0
220
0.0
230
-1.0
  0
CIRCLE
  5
154F
  8
DEFAULT
 10
634.0
 20
60.0
 30
-5.936971094551297
 40
3.0
210
0.0
220
0.0
230
-1.0
  0
CIRCLE
  5
1550
  8
DEFAULT
 10
-614.9999999999999
 20
-8.619662810478303
 30
5.936971094551297
 40
3.5
  0
CIRCLE
  5
1551
  8
DEFAULT
 10
-614.9999999999999
 20
-41.0
 30
5.936971094551297
 40
3.5
  0
CIRCLE
  5
1552
  8
DEFAULT
 10
-573.0
 20
-41.0
 30
5.936971094551297
 40
3.5
  0
CIRCLE
  5
1553
  8
DEFAULT
 10
-573.0
 20
-8.619662810478303
 30
5.936971094551297
 40
3.5
  0
POLYLINE
  5
1554
  8
DEFAULT
 66
     1
 10
0.0
 20
0.0
 30
5.936971094551297
 70
     1
  0
VERTEX
  5
1555
  8
DEFAULT
 10
-471.2275736938033
 20
-218.8098311912156
 30
5.936971094551297
  0
VERTEX
  5
1556
  8
DEFAULT
 10
-471.2458008644008
 20
-218.4210035077799
 30
5.936971094551297
  0
VERTEX
  5
1557
  8
DEFAULT
 10
-471.2749180719856
 20
-218.0401756523741
 30
5.936971094551297
  0
VERTEX
  5
1558
  8
DEFAULT
 10
-471.31464146559
 20
-217.6673454398793
 30
5.936971094551297
  0
VERTEX
  5
1559
  8
DEFAULT
 10
-471.3646871942468
 20
-217.3025106851769
 30
5.936971094551297
  0
VERTEX
  5
155A
  8
DEFAULT
 10
-471.4247714069883
 20
-216.9456692031477
 30
5.936971094551297
  0
VERTEX
  5
155B
  8
DEFAULT
 10
-471.4946102528472
 20
-216.5968188086731
 30
5.936971094551297
  0
VERTEX
  5
155C
  8
DEFAULT
 10
-471.5739198808559
 20
-216.2559573166343
 30
5.936971094551297
  0
VERTEX
  5
155D
  8
DEFAULT
 10
-471.6624164400471
 20
-215.9230825419123
 30
5.936971094551297
  0
VERTEX
  5
155E
  8
DEFAULT
 10
-471.7598160794532
 20
-215.5981922993883
 30
5.936971094551297
  0
VERTEX
  5
155F
  8
DEFAULT
 10
-471.8658349481068
 20
-215.2812844039436
 30
5.936971094551297
  0
VERTEX
  5
1560
  8
DEFAULT
 10
-471.9801891950405
 20
-214.9723566704592
 30
5.936971094551297
  0
VERTEX
  5
1561
  8
DEFAULT
 10
-472.1025949692868
 20
-214.6714069138164
 30
5.936971094551297
  0
VERTEX
  5
1562
  8
DEFAULT
 10
-472.2327684198781
 20
-214.3784329488963
 30
5.936971094551297
  0
VERTEX
  5
1563
  8
DEFAULT
 10
-472.3704256958471
 20
-214.0934325905802
 30
5.936971094551297
  0
VERTEX
  5
1564
  8
DEFAULT
 10
-472.5152829462263
 20
-213.816403653749
 30
5.936971094551297
  0
VERTEX
  5
1565
  8
DEFAULT
 10
-472.6670563200482
 20
-213.5473439532841
 30
5.936971094551297
  0
VERTEX
  5
1566
  8
DEFAULT
 10
-472.8254619663454
 20
-213.2862513040665
 30
5.936971094551297
  0
VERTEX
  5
1567
  8
DEFAULT
 10
-472.9902160341504
 20
-213.0331235209775
 30
5.936971094551297
  0
VERTEX
  5
1568
  8
DEFAULT
 10
-473.1610346724958
 20
-212.7879584188983
 30
5.936971094551297
  0
VERTEX
  5
1569
  8
DEFAULT
 10
-473.3376340304141
 20
-212.5507538127098
 30
5.936971094551297
  0
VERTEX
  5
156A
  8
DEFAULT
 10
-473.5197302569377
 20
-212.3215075172935
 30
5.936971094551297
  0
VERTEX
  5
156B
  8
DEFAULT
 10
-473.7070395010994
 20
-212.1002173475303
 30
5.936971094551297
  0
VERTEX
  5
156C
  8
DEFAULT
 10
-473.8992779119316
 20
-211.8868811183015
 30
5.936971094551297
  0
VERTEX
  5
156D
  8
DEFAULT
 10
-474.0961616384668
 20
-211.6814966444883
 30
5.936971094551297
  0
VERTEX
  5
156E
  8
DEFAULT
 10
-474.2974068297375
 20
-211.4840617409718
 30
5.936971094551297
  0
VERTEX
  5
156F
  8
DEFAULT
 10
-474.5027296347765
 20
-211.2945742226332
 30
5.936971094551297
  0
VERTEX
  5
1570
  8
DEFAULT
 10
-474.7118462026161
 20
-211.1130319043536
 30
5.936971094551297
  0
VERTEX
  5
1571
  8
DEFAULT
 10
-474.9244726822889
 20
-210.9394326010142
 30
5.936971094551297
  0
VERTEX
  5
1572
  8
DEFAULT
 10
-475.1403252228274
 20
-210.7737741274962
 30
5.936971094551297
  0
VERTEX
  5
1573
  8
DEFAULT
 10
-475.3591199732642
 20
-210.6160542986808
 30
5.936971094551297
  0
VERTEX
  5
1574
  8
DEFAULT
 10
-475.5805730826318
 20
-210.466270929449
 30
5.936971094551297
  0
VERTEX
  5
1575
  8
DEFAULT
 10
-475.8044006999628
 20
-210.3244218346822
 30
5.936971094551297
  0
VERTEX
  5
1576
  8
DEFAULT
 10
-476.030336845274
 20
-210.1904813954089
 30
5.936971094551297
  0
VERTEX
  5
1577
  8
DEFAULT
 10
-476.2581870225196
 20
-210.0643302572474
 30
5.936971094551297
  0
VERTEX
  5
1578
  8
DEFAULT
 10
-476.4877746066379
 20
-209.9458256319637
 30
5.936971094551297
  0
VERTEX
  5
1579
  8
DEFAULT
 10
-476.7189229725676
 20
-209.8348247313237
 30
5.936971094551297
  0
VERTEX
  5
157A
  8
DEFAULT
 10
-476.9514554952469
 20
-209.7311847670932
 30
5.936971094551297
  0
VERTEX
  5
157B
  8
DEFAULT
 10
-477.1851955496145
 20
-209.634762951038
 30
5.936971094551297
  0
VERTEX
  5
157C
  8
DEFAULT
 10
-477.4199665106086
 20
-209.5454164949241
 30
5.936971094551297
  0
VERTEX
  5
157D
  8
DEFAULT
 10
-477.6555917531679
 20
-209.4630026105173
 30
5.936971094551297
  0
VERTEX
  5
157E
  8
DEFAULT
 10
-477.8918946522307
 20
-209.3873785095834
 30
5.936971094551297
  0
VERTEX
  5
157F
  8
DEFAULT
 10
-478.1286985827355
 20
-209.3184014038884
 30
5.936971094551297
  0
VERTEX
  5
1580
  8
DEFAULT
 10
-478.3658269196208
 20
-209.255928505198
 30
5.936971094551297
  0
VERTEX
  5
1581
  8
DEFAULT
 10
-478.603103037825
 20
-209.1998170252783
 30
5.936971094551297
  0
VERTEX
  5
1582
  8
DEFAULT
 10
-478.8403503122865
 20
-209.1499241758949
 30
5.936971094551297
  0
VERTEX
  5
1583
  8
DEFAULT
 10
-479.0773921179439
 20
-209.1061071688138
 30
5.936971094551297
  0
VERTEX
  5
1584
  8
DEFAULT
 10
-479.3140518297355
 20
-209.0682232158008
 30
5.936971094551297
  0
VERTEX
  5
1585
  8
DEFAULT
 10
-479.5501528225999
 20
-209.0361295286218
 30
5.936971094551297
  0
VERTEX
  5
1586
  8
DEFAULT
 10
-479.7855184714755
 20
-209.0096833190428
 30
5.936971094551297
  0
VERTEX
  5
1587
  8
DEFAULT
 10
-480.0199721513007
 20
-208.9887417988294
 30
5.936971094551297
  0
VERTEX
  5
1588
  8
DEFAULT
 10
-480.2533372370141
 20
-208.9731621797476
 30
5.936971094551297
  0
VERTEX
  5
1589
  8
DEFAULT
 10
-480.485437103554
 20
-208.9628016735634
 30
5.936971094551297
  0
VERTEX
  5
158A
  8
DEFAULT
 10
-480.7160951258589
 20
-208.9575174920424
 30
5.936971094551297
  0
VERTEX
  5
158B
  8
DEFAULT
 10
-480.9451346788674
 20
-208.9571668469507
 30
5.936971094551297
  0
VERTEX
  5
158C
  8
DEFAULT
 10
-481.1723791375176
 20
-208.961606950054
 30
5.936971094551297
  0
VERTEX
  5
158D
  8
DEFAULT
 10
-481.3976518767483
 20
-208.9706950131182
 30
5.936971094551297
  0
VERTEX
  5
158E
  8
DEFAULT
 10
-481.6207762714979
 20
-208.9842882479092
 30
5.936971094551297
  0
VERTEX
  5
158F
  8
DEFAULT
 10
-481.8415756967048
 20
-209.0022438661929
 30
5.936971094551297
  0
VERTEX
  5
1590
  8
DEFAULT
 10
-482.0598735273074
 20
-209.0244190797351
 30
5.936971094551297
  0
VERTEX
  5
1591
  8
DEFAULT
 10
-482.2754931382442
 20
-209.0506711003016
 30
5.936971094551297
  0
VERTEX
  5
1592
  8
DEFAULT
 10
-482.4882579044537
 20
-209.0808571396583
 30
5.936971094551297
  0
VERTEX
  5
1593
  8
DEFAULT
 10
-482.6979912008742
 20
-209.1148344095712
 30
5.936971094551297
  0
VERTEX
  5
1594
  8
DEFAULT
 10
-482.9045164024444
 20
-209.1524601218061
 30
5.936971094551297
  0
VERTEX
  5
1595
  8
DEFAULT
 10
-483.1076568841027
 20
-209.1935914881288
 30
5.936971094551297
  0
VERTEX
  5
1596
  8
DEFAULT
 10
-483.3072867170912
 20
-209.2381124864337
 30
5.936971094551297
  0
VERTEX
  5
1597
  8
DEFAULT
 10
-483.5034827578684
 20
-209.2860141591296
 30
5.936971094551297
  0
VERTEX
  5
1598
  8
DEFAULT
 10
-483.6963725591959
 20
-209.3373143147537
 30
5.936971094551297
  0
VERTEX
  5
1599
  8
DEFAULT
 10
-483.8860836738359
 20
-209.3920307618433
 30
5.936971094551297
  0
VERTEX
  5
159A
  8
DEFAULT
 10
-484.0727436545502
 20
-209.4501813089355
 30
5.936971094551297
  0
VERTEX
  5
159B
  8
DEFAULT
 10
-484.2564800541009
 20
-209.5117837645677
 30
5.936971094551297
  0
VERTEX
  5
159C
  8
DEFAULT
 10
-484.4374204252499
 20
-209.5768559372771
 30
5.936971094551297
  0
VERTEX
  5
159D
  8
DEFAULT
 10
-484.6156923207592
 20
-209.6454156356009
 30
5.936971094551297
  0
VERTEX
  5
159E
  8
DEFAULT
 10
-484.7914232933907
 20
-209.7174806680764
 30
5.936971094551297
  0
VERTEX
  5
159F
  8
DEFAULT
 10
-484.9647408959066
 20
-209.7930688432409
 30
5.936971094551297
  0
VERTEX
  5
15A0
  8
DEFAULT
 10
-485.1357726810687
 20
-209.8721979696315
 30
5.936971094551297
  0
VERTEX
  5
15A1
  8
DEFAULT
 10
-485.304646201639
 20
-209.9548858557856
 30
5.936971094551297
  0
VERTEX
  5
15A2
  8
DEFAULT
 10
-485.4714890103795
 20
-210.0411503102404
 30
5.936971094551297
  0
VERTEX
  5
15A3
  8
DEFAULT
 10
-485.636428660052
 20
-210.1310091415332
 30
5.936971094551297
  0
VERTEX
  5
15A4
  8
DEFAULT
 10
-485.7995927034187
 20
-210.2244801582011
 30
5.936971094551297
  0
VERTEX
  5
15A5
  8
DEFAULT
 10
-485.9611086932416
 20
-210.3215811687815
 30
5.936971094551297
  0
VERTEX
  5
15A6
  8
DEFAULT
 10
-486.1211041822825
 20
-210.4223299818116
 30
5.936971094551297
  0
VERTEX
  5
15A7
  8
DEFAULT
 10
-486.2797067233034
 20
-210.5267444058286
 30
5.936971094551297
  0
VERTEX
  5
15A8
  8
DEFAULT
 10
-486.4370438690664
 20
-210.6348422493698
 30
5.936971094551297
  0
VERTEX
  5
15A9
  8
DEFAULT
 10
-486.5932431723334
 20
-210.7466413209725
 30
5.936971094551297
  0
VERTEX
  5
15AA
  8
DEFAULT
 10
-486.7484321858662
 20
-210.8621594291738
 30
5.936971094551297
  0
VERTEX
  5
15AB
  8
DEFAULT
 10
-486.9027384624271
 20
-210.9814143825111
 30
5.936971094551297
  0
VERTEX
  5
15AC
  8
DEFAULT
 10
-487.2092130156803
 20
-211.2312060587425
 30
5.936971094551297
  0
VERTEX
  5
15AD
  8
DEFAULT
 10
-487.5136872541892
 20
-211.4961588179647
 30
5.936971094551297
  0
VERTEX
  5
15AE
  8
DEFAULT
 10
-487.8171816000491
 20
-211.7764151284757
 30
5.936971094551297
  0
VERTEX
  5
15AF
  8
DEFAULT
 10
-488.1207164753562
 20
-212.0721174585734
 30
5.936971094551297
  0
VERTEX
  5
15B0
  8
DEFAULT
 10
-488.425312302206
 20
-212.3834082765559
 30
5.936971094551297
  0
VERTEX
  5
15B1
  8
DEFAULT
 10
-488.7313783276294
 20
-212.7102370530022
 30
5.936971094551297
  0
VERTEX
  5
15B2
  8
DEFAULT
 10
-489.0368790983983
 20
-213.051781267616
 30
5.936971094551297
  0
VERTEX
  5
15B3
  8
DEFAULT
 10
-489.3391679862193
 20
-213.4070254023819
 30
5.936971094551297
  0
VERTEX
  5
15B4
  8
DEFAULT
 10
-489.6355983627991
 20
-213.7749539392847
 30
5.936971094551297
  0
VERTEX
  5
15B5
  8
DEFAULT
 10
-489.9235235998443
 20
-214.1545513603089
 30
5.936971094551297
  0
VERTEX
  5
15B6
  8
DEFAULT
 10
-490.2002970690619
 20
-214.5448021474394
 30
5.936971094551297
  0
VERTEX
  5
15B7
  8
DEFAULT
 10
-490.3336748193937
 20
-214.7436052039147
 30
5.936971094551297
  0
VERTEX
  5
15B8
  8
DEFAULT
 10
-490.4632721421585
 20
-214.9446907826607
 30
5.936971094551297
  0
VERTEX
  5
15B9
  8
DEFAULT
 10
-490.5887582088199
 20
-215.1479319439257
 30
5.936971094551297
  0
VERTEX
  5
15BA
  8
DEFAULT
 10
-490.7098021908409
 20
-215.3532017479576
 30
5.936971094551297
  0
VERTEX
  5
15BB
  8
DEFAULT
 10
-490.8260732596851
 20
-215.5603732550046
 30
5.936971094551297
  0
VERTEX
  5
15BC
  8
DEFAULT
 10
-490.9372405868158
 20
-215.7693195253148
 30
5.936971094551297
  0
VERTEX
  5
15BD
  8
DEFAULT
 10
-491.0429733436963
 20
-215.9799136191362
 30
5.936971094551297
  0
VERTEX
  5
15BE
  8
DEFAULT
 10
-491.14294070179
 20
-216.1920285967169
 30
5.936971094551297
  0
VERTEX
  5
15BF
  8
DEFAULT
 10
-491.2368118325602
 20
-216.405537518305
 30
5.936971094551297
  0
VERTEX
  5
15C0
  8
DEFAULT
 10
-491.3242559074702
 20
-216.6203134441486
 30
5.936971094551297
  0
VERTEX
  5
15C1
  8
DEFAULT
 10
-491.4049420979833
 20
-216.8362294344958
 30
5.936971094551297
  0
VERTEX
  5
15C2
  8
DEFAULT
 10
-491.478539575563
 20
-217.0531585495946
 30
5.936971094551297
  0
VERTEX
  5
15C3
  8
DEFAULT
 10
-491.5447175116726
 20
-217.2709738496932
 30
5.936971094551297
  0
VERTEX
  5
15C4
  8
DEFAULT
 10
-491.6031450777754
 20
-217.4895483950397
 30
5.936971094551297
  0
VERTEX
  5
15C5
  8
DEFAULT
 10
-491.6293490881566
 20
-217.5990807160083
 30
5.936971094551297
  0
VERTEX
  5
15C6
  8
DEFAULT
 10
-491.6534914453348
 20
-217.708755245882
 30
5.936971094551297
  0
VERTEX
  5
15C7
  8
DEFAULT
 10
-491.675530795743
 20
-217.8185561171917
 30
5.936971094551297
  0
VERTEX
  5
15C8
  8
DEFAULT
 10
-491.695425785814
 20
-217.9284674624683
 30
5.936971094551297
  0
VERTEX
  5
15C9
  8
DEFAULT
 10
-491.7131350619808
 20
-218.038473414243
 30
5.936971094551297
  0
VERTEX
  5
15CA
  8
DEFAULT
 10
-491.7286172706765
 20
-218.1485581050468
 30
5.936971094551297
  0
VERTEX
  5
15CB
  8
DEFAULT
 10
-491.7418310583337
 20
-218.2587056674106
 30
5.936971094551297
  0
VERTEX
  5
15CC
  8
DEFAULT
 10
-491.7527350713855
 20
-218.3689002338654
 30
5.936971094551297
  0
VERTEX
  5
15CD
  8
DEFAULT
 10
-491.7612879562648
 20
-218.4791259369423
 30
5.936971094551297
  0
VERTEX
  5
15CE
  8
DEFAULT
 10
-491.7674483594045
 20
-218.5893669091723
 30
5.936971094551297
  0
VERTEX
  5
15CF
  8
DEFAULT
 10
-491.7711749272375
 20
-218.6996072830864
 30
5.936971094551297
  0
VERTEX
  5
15D0
  8
DEFAULT
 10
-491.7724263061967
 20
-218.8098311912156
 30
5.936971094551297
  0
VERTEX
  5
15D1
  8
DEFAULT
 10
-491.7711749272375
 20
-218.9200550993447
 30
5.936971094551297
  0
VERTEX
  5
15D2
  8
DEFAULT
 10
-491.7674483594045
 20
-219.0302954732588
 30
5.936971094551297
  0
VERTEX
  5
15D3
  8
DEFAULT
 10
-491.7612879562648
 20
-219.1405364454888
 30
5.936971094551297
  0
VERTEX
  5
15D4
  8
DEFAULT
 10
-491.7527350713855
 20
-219.2507621485657
 30
5.936971094551297
  0
VERTEX
  5
15D5
  8
DEFAULT
 10
-491.7418310583337
 20
-219.3609567150205
 30
5.936971094551297
  0
VERTEX
  5
15D6
  8
DEFAULT
 10
-491.7286172706765
 20
-219.4711042773843
 30
5.936971094551297
  0
VERTEX
  5
15D7
  8
DEFAULT
 10
-491.7131350619808
 20
-219.5811889681881
 30
5.936971094551297
  0
VERTEX
  5
15D8
  8
DEFAULT
 10
-491.695425785814
 20
-219.6911949199628
 30
5.936971094551297
  0
VERTEX
  5
15D9
  8
DEFAULT
 10
-491.675530795743
 20
-219.8011062652394
 30
5.936971094551297
  0
VERTEX
  5
15DA
  8
DEFAULT
 10
-491.6534914453348
 20
-219.9109071365491
 30
5.936971094551297
  0
VERTEX
  5
15DB
  8
DEFAULT
 10
-491.6293490881566
 20
-220.0205816664228
 30
5.936971094551297
  0
VERTEX
  5
15DC
  8
DEFAULT
 10
-491.6031450777754
 20
-220.1301139873914
 30
5.936971094551297
  0
VERTEX
  5
15DD
  8
DEFAULT
 10
-491.5447175116726
 20
-220.3486885327379
 30
5.936971094551297
  0
VERTEX
  5
15DE
  8
DEFAULT
 10
-491.478539575563
 20
-220.5665038328365
 30
5.936971094551297
  0
VERTEX
  5
15DF
  8
DEFAULT
 10
-491.4049420979833
 20
-220.7834329479353
 30
5.936971094551297
  0
VERTEX
  5
15E0
  8
DEFAULT
 10
-491.3242559074702
 20
-220.9993489382825
 30
5.936971094551297
  0
VERTEX
  5
15E1
  8
DEFAULT
 10
-491.2368118325602
 20
-221.2141248641261
 30
5.936971094551297
  0
VERTEX
  5
15E2
  8
DEFAULT
 10
-491.14294070179
 20
-221.4276337857142
 30
5.936971094551297
  0
VERTEX
  5
15E3
  8
DEFAULT
 10
-491.0429733436963
 20
-221.6397487632949
 30
5.936971094551297
  0
VERTEX
  5
15E4
  8
DEFAULT
 10
-490.9372405868158
 20
-221.8503428571163
 30
5.936971094551297
  0
VERTEX
  5
15E5
  8
DEFAULT
 10
-490.8260732596851
 20
-222.0592891274265
 30
5.936971094551297
  0
VERTEX
  5
15E6
  8
DEFAULT
 10
-490.7098021908409
 20
-222.2664606344735
 30
5.936971094551297
  0
VERTEX
  5
15E7
  8
DEFAULT
 10
-490.5887582088199
 20
-222.4717304385054
 30
5.936971094551297
  0
VERTEX
  5
15E8
  8
DEFAULT
 10
-490.4632721421585
 20
-222.6749715997704
 30
5.936971094551297
  0
VERTEX
  5
15E9
  8
DEFAULT
 10
-490.3336748193937
 20
-222.8760571785164
 30
5.936971094551297
  0
VERTEX
  5
15EA
  8
DEFAULT
 10
-490.2002970690619
 20
-223.0748602349917
 30
5.936971094551297
  0
VERTEX
  5
15EB
  8
DEFAULT
 10
-489.9235235998443
 20
-223.4651110221222
 30
5.936971094551297
  0
VERTEX
  5
15EC
  8
DEFAULT
 10
-489.6355983627991
 20
-223.8447084431464
 30
5.936971094551297
  0
VERTEX
  5
15ED
  8
DEFAULT
 10
-489.3391679862193
 20
-224.2126369800492
 30
5.936971094551297
  0
VERTEX
  5
15EE
  8
DEFAULT
 10
-489.0368790983983
 20
-224.5678811148151
 30
5.936971094551297
  0
VERTEX
  5
15EF
  8
DEFAULT
 10
-488.7313783276294
 20
-224.9094253294289
 30
5.936971094551297
  0
VERTEX
  5
15F0
  8
DEFAULT
 10
-488.425312302206
 20
-225.2362541058753
 30
5.936971094551297
  0
VERTEX
  5
15F1
  8
DEFAULT
 10
-488.1207164753562
 20
-225.5475449238577
 30
5.936971094551297
  0
VERTEX
  5
15F2
  8
DEFAULT
 10
-487.8171816000491
 20
-225.8432472539554
 30
5.936971094551297
  0
VERTEX
  5
15F3
  8
DEFAULT
 10
-487.5136872541892
 20
-226.1235035644664
 30
5.936971094551297
  0
VERTEX
  5
15F4
  8
DEFAULT
 10
-487.2092130156803
 20
-226.3884563236886
 30
5.936971094551297
  0
VERTEX
  5
15F5
  8
DEFAULT
 10
-486.9027384624271
 20
-226.63824799992
 30
5.936971094551297
  0
VERTEX
  5
15F6
  8
DEFAULT
 10
-486.7484321858662
 20
-226.7575029532573
 30
5.936971094551297
  0
VERTEX
  5
15F7
  8
DEFAULT
 10
-486.5932431723334
 20
-226.8730210614586
 30
5.936971094551297
  0
VERTEX
  5
15F8
  8
DEFAULT
 10
-486.4370438690664
 20
-226.9848201330613
 30
5.936971094551297
  0
VERTEX
  5
15F9
  8
DEFAULT
 10
-486.2797067233034
 20
-227.0929179766025
 30
5.936971094551297
  0
VERTEX
  5
15FA
  8
DEFAULT
 10
-486.1211041822825
 20
-227.1973324006195
 30
5.936971094551297
  0
VERTEX
  5
15FB
  8
DEFAULT
 10
-485.9611086932416
 20
-227.2980812136496
 30
5.936971094551297
  0
VERTEX
  5
15FC
  8
DEFAULT
 10
-485.7995927034187
 20
-227.39518222423
 30
5.936971094551297
  0
VERTEX
  5
15FD
  8
DEFAULT
 10
-485.636428660052
 20
-227.4886532408979
 30
5.936971094551297
  0
VERTEX
  5
15FE
  8
DEFAULT
 10
-485.4714890103795
 20
-227.5785120721907
 30
5.936971094551297
  0
VERTEX
  5
15FF
  8
DEFAULT
 10
-485.304646201639
 20
-227.6647765266455
 30
5.936971094551297
  0
VERTEX
  5
1600
  8
DEFAULT
 10
-485.1357726810687
 20
-227.7474644127996
 30
5.936971094551297
  0
VERTEX
  5
1601
  8
DEFAULT
 10
-484.9647408959066
 20
-227.8265935391903
 30
5.936971094551297
  0
VERTEX
  5
1602
  8
DEFAULT
 10
-484.7914232933907
 20
-227.9021817143548
 30
5.936971094551297
  0
VERTEX
  5
1603
  8
DEFAULT
 10
-484.6156923207592
 20
-227.9742467468303
 30
5.936971094551297
  0
VERTEX
  5
1604
  8
DEFAULT
 10
-484.4374204252499
 20
-228.0428064451541
 30
5.936971094551297
  0
VERTEX
  5
1605
  8
DEFAULT
 10
-484.2564800541009
 20
-228.1078786178635
 30
5.936971094551297
  0
VERTEX
  5
1606
  8
DEFAULT
 10
-484.0727436545502
 20
-228.1694810734957
 30
5.936971094551297
  0
VERTEX
  5
1607
  8
DEFAULT
 10
-483.8860836738359
 20
-228.2276316205879
 30
5.936971094551297
  0
VERTEX
  5
1608
  8
DEFAULT
 10
-483.6963725591959
 20
-228.2823480676774
 30
5.936971094551297
  0
VERTEX
  5
1609
  8
DEFAULT
 10
-483.5034827578684
 20
-228.3336482233015
 30
5.936971094551297
  0
VERTEX
  5
160A
  8
DEFAULT
 10
-483.3072867170912
 20
-228.3815498959974
 30
5.936971094551297
  0
VERTEX
  5
160B
  8
DEFAULT
 10
-483.1076568841027
 20
-228.4260708943024
 30
5.936971094551297
  0
VERTEX
  5
160C
  8
DEFAULT
 10
-482.9045164024444
 20
-228.4672022606251
 30
5.936971094551297
  0
VERTEX
  5
160D
  8
DEFAULT
 10
-482.6979912008742
 20
-228.5048279728599
 30
5.936971094551297
  0
VERTEX
  5
160E
  8
DEFAULT
 10
-482.4882579044537
 20
-228.5388052427728
 30
5.936971094551297
  0
VERTEX
  5
160F
  8
DEFAULT
 10
-482.2754931382442
 20
-228.5689912821296
 30
5.936971094551297
  0
VERTEX
  5
1610
  8
DEFAULT
 10
-482.0598735273074
 20
-228.5952433026961
 30
5.936971094551297
  0
VERTEX
  5
1611
  8
DEFAULT
 10
-481.8415756967048
 20
-228.6174185162383
 30
5.936971094551297
  0
VERTEX
  5
1612
  8
DEFAULT
 10
-481.6207762714979
 20
-228.6353741345219
 30
5.936971094551297
  0
VERTEX
  5
1613
  8
DEFAULT
 10
-481.3976518767483
 20
-228.6489673693129
 30
5.936971094551297
  0
VERTEX
  5
1614
  8
DEFAULT
 10
-481.1723791375176
 20
-228.6580554323771
 30
5.936971094551297
  0
VERTEX
  5
1615
  8
DEFAULT
 10
-480.9451346788674
 20
-228.6624955354804
 30
5.936971094551297
  0
VERTEX
  5
1616
  8
DEFAULT
 10
-480.7160951258589
 20
-228.6621448903887
 30
5.936971094551297
  0
VERTEX
  5
1617
  8
DEFAULT
 10
-480.485437103554
 20
-228.6568607088677
 30
5.936971094551297
  0
VERTEX
  5
1618
  8
DEFAULT
 10
-480.2533372370141
 20
-228.6465002026835
 30
5.936971094551297
  0
VERTEX
  5
1619
  8
DEFAULT
 10
-480.0199721513007
 20
-228.6309205836017
 30
5.936971094551297
  0
VERTEX
  5
161A
  8
DEFAULT
 10
-479.7855184714755
 20
-228.6099790633884
 30
5.936971094551297
  0
VERTEX
  5
161B
  8
DEFAULT
 10
-479.5501528225999
 20
-228.5835328538093
 30
5.936971094551297
  0
VERTEX
  5
161C
  8
DEFAULT
 10
-479.3140518297355
 20
-228.5514391666303
 30
5.936971094551297
  0
VERTEX
  5
161D
  8
DEFAULT
 10
-479.0773921179439
 20
-228.5135552136174
 30
5.936971094551297
  0
VERTEX
  5
161E
  8
DEFAULT
 10
-478.8403503122865
 20
-228.4697382065363
 30
5.936971094551297
  0
VERTEX
  5
161F
  8
DEFAULT
 10
-478.603103037825
 20
-228.4198453571529
 30
5.936971094551297
  0
VERTEX
  5
1620
  8
DEFAULT
 10
-478.3658269196208
 20
-228.3637338772331
 30
5.936971094551297
  0
VERTEX
  5
1621
  8
DEFAULT
 10
-478.1286985827355
 20
-228.3012609785427
 30
5.936971094551297
  0
VERTEX
  5
1622
  8
DEFAULT
 10
-477.8918946522307
 20
-228.2322838728477
 30
5.936971094551297
  0
VERTEX
  5
1623
  8
DEFAULT
 10
-477.6555917531679
 20
-228.1566597719138
 30
5.936971094551297
  0
VERTEX
  5
1624
  8
DEFAULT
 10
-477.4199665106086
 20
-228.074245887507
 30
5.936971094551297
  0
VERTEX
  5
1625
  8
DEFAULT
 10
-477.1851955496145
 20
-227.9848994313931
 30
5.936971094551297
  0
VERTEX
  5
1626
  8
DEFAULT
 10
-476.9514554952469
 20
-227.8884776153379
 30
5.936971094551297
  0
VERTEX
  5
1627
  8
DEFAULT
 10
-476.7189229725676
 20
-227.7848376511074
 30
5.936971094551297
  0
VERTEX
  5
1628
  8
DEFAULT
 10
-476.4877746066379
 20
-227.6738367504674
 30
5.936971094551297
  0
VERTEX
  5
1629
  8
DEFAULT
 10
-476.2581870225196
 20
-227.5553321251837
 30
5.936971094551297
  0
VERTEX
  5
162A
  8
DEFAULT
 10
-476.030336845274
 20
-227.4291809870222
 30
5.936971094551297
  0
VERTEX
  5
162B
  8
DEFAULT
 10
-475.8044006999628
 20
-227.2952405477489
 30
5.936971094551297
  0
VERTEX
  5
162C
  8
DEFAULT
 10
-475.5805730826318
 20
-227.1533914529821
 30
5.936971094551297
  0
VERTEX
  5
162D
  8
DEFAULT
 10
-475.3591199732642
 20
-227.0036080837503
 30
5.936971094551297
  0
VERTEX
  5
162E
  8
DEFAULT
 10
-475.1403252228274
 20
-226.8458882549349
 30
5.936971094551297
  0
VERTEX
  5
162F
  8
DEFAULT
 10
-474.9244726822889
 20
-226.6802297814169
 30
5.936971094551297
  0
VERTEX
  5
1630
  8
DEFAULT
 10
-474.7118462026161
 20
-226.5066304780775
 30
5.936971094551297
  0
VERTEX
  5
1631
  8
DEFAULT
 10
-474.5027296347765
 20
-226.3250881597979
 30
5.936971094551297
  0
VERTEX
  5
1632
  8
DEFAULT
 10
-474.2974068297375
 20
-226.1356006414593
 30
5.936971094551297
  0
VERTEX
  5
1633
  8
DEFAULT
 10
-474.0961616384668
 20
-225.9381657379428
 30
5.936971094551297
  0
VERTEX
  5
1634
  8
DEFAULT
 10
-473.8992779119316
 20
-225.7327812641296
 30
5.936971094551297
  0
VERTEX
  5
1635
  8
DEFAULT
 10
-473.7070395010994
 20
-225.5194450349008
 30
5.936971094551297
  0
VERTEX
  5
1636
  8
DEFAULT
 10
-473.5197302569377
 20
-225.2981548651376
 30
5.936971094551297
  0
VERTEX
  5
1637
  8
DEFAULT
 10
-473.3376340304141
 20
-225.0689085697213
 30
5.936971094551297
  0
VERTEX
  5
1638
  8
DEFAULT
 10
-473.1610346724958
 20
-224.8317039635328
 30
5.936971094551297
  0
VERTEX
  5
1639
  8
DEFAULT
 10
-472.9902160341504
 20
-224.5865388614536
 30
5.936971094551297
  0
VERTEX
  5
163A
  8
DEFAULT
 10
-472.8254619663454
 20
-224.3334110783646
 30
5.936971094551297
  0
VERTEX
  5
163B
  8
DEFAULT
 10
-472.6670563200482
 20
-224.072318429147
 30
5.936971094551297
  0
VERTEX
  5
163C
  8
DEFAULT
 10
-472.5152829462263
 20
-223.8032587286821
 30
5.936971094551297
  0
VERTEX
  5
163D
  8
DEFAULT
 10
-472.370425695847
 20
-223.5262297918509
 30
5.936971094551297
  0
VERTEX
  5
163E
  8
DEFAULT
 10
-472.232768419878
 20
-223.2412294335347
 30
5.936971094551297
  0
VERTEX
  5
163F
  8
DEFAULT
 10
-472.1025949692867
 20
-222.9482554686146
 30
5.936971094551297
  0
VERTEX
  5
1640
  8
DEFAULT
 10
-471.9801891950405
 20
-222.6473057119718
 30
5.936971094551297
  0
VERTEX
  5
1641
  8
DEFAULT
 10
-471.8658349481068
 20
-222.3383779784874
 30
5.936971094551297
  0
VERTEX
  5
1642
  8
DEFAULT
 10
-471.7598160794532
 20
-222.0214700830427
 30
5.936971094551297
  0
VERTEX
  5
1643
  8
DEFAULT
 10
-471.6624164400471
 20
-221.6965798405188
 30
5.936971094551297
  0
VERTEX
  5
1644
  8
DEFAULT
 10
-471.5739198808559
 20
-221.3637050657968
 30
5.936971094551297
  0
VERTEX
  5
1645
  8
DEFAULT
 10
-471.4946102528472
 20
-221.0228435737579
 30
5.936971094551297
  0
VERTEX
  5
1646
  8
DEFAULT
 10
-471.4247714069883
 20
-220.6739931792833
 30
5.936971094551297
  0
VERTEX
  5
1647
  8
DEFAULT
 10
-471.3646871942468
 20
-220.3171516972542
 30
5.936971094551297
  0
VERTEX
  5
1648
  8
DEFAULT
 10
-471.31464146559
 20
-219.9523169425517
 30
5.936971094551297
  0
VERTEX
  5
1649
  8
DEFAULT
 10
-471.2749180719856
 20
-219.579486730057
 30
5.936971094551297
  0
VERTEX
  5
164A
  8
DEFAULT
 10
-471.2458008644008
 20
-219.1986588746512
 30
5.936971094551297
  0
SEQEND
  5
164B
  8
DEFAULT
  0
CIRCLE
  5
164C
  8
DEFAULT
 10
478.0315144531591
 20
-218.8098311912156
 30
-5.936971094551297
 40
3.0
210
0.0
220
0.0
230
-1.0
  0
POLYLINE
  5
164D
  8
DEFAULT
 66
     1
 10
0.0
 20
0.0
 30
5.936971094551297
 70
     1
  0
VERTEX
  5
164E
  8
DEFAULT
 10
-494.2275736938033
 20
-218.8098311912156
 30
5.936971094551297
  0
VERTEX
  5
164F
  8
DEFAULT
 10
-494.2458008644008
 20
-218.4210035077799
 30
5.936971094551297
  0
VERTEX
  5
1650
  8
DEFAULT
 10
-494.2749180719856
 20
-218.0401756523741
 30
5.936971094551297
  0
VERTEX
  5
1651
  8
DEFAULT
 10
-494.31464146559
 20
-217.6673454398793
 30
5.936971094551297
  0
VERTEX
  5
1652
  8
DEFAULT
 10
-494.3646871942468
 20
-217.3025106851769
 30
5.936971094551297
  0
VERTEX
  5
1653
  8
DEFAULT
 10
-494.4247714069883
 20
-216.9456692031477
 30
5.936971094551297
  0
VERTEX
  5
1654
  8
DEFAULT
 10
-494.4946102528472
 20
-216.5968188086731
 30
5.936971094551297
  0
VERTEX
  5
1655
  8
DEFAULT
 10
-494.5739198808559
 20
-216.2559573166343
 30
5.936971094551297
  0
VERTEX
  5
1656
  8
DEFAULT
 10
-494.6624164400471
 20
-215.9230825419123
 30
5.936971094551297
  0
VERTEX
  5
1657
  8
DEFAULT
 10
-494.7598160794532
 20
-215.5981922993883
 30
5.936971094551297
  0
VERTEX
  5
1658
  8
DEFAULT
 10
-494.8658349481068
 20
-215.2812844039436
 30
5.936971094551297
  0
VERTEX
  5
1659
  8
DEFAULT
 10
-494.9801891950405
 20
-214.9723566704592
 30
5.936971094551297
  0
VERTEX
  5
165A
  8
DEFAULT
 10
-495.1025949692867
 20
-214.6714069138164
 30
5.936971094551297
  0
VERTEX
  5
165B
  8
DEFAULT
 10
-495.232768419878
 20
-214.3784329488963
 30
5.936971094551297
  0
VERTEX
  5
165C
  8
DEFAULT
 10
-495.370425695847
 20
-214.0934325905802
 30
5.936971094551297
  0
VERTEX
  5
165D
  8
DEFAULT
 10
-495.5152829462263
 20
-213.816403653749
 30
5.936971094551297
  0
VERTEX
  5
165E
  8
DEFAULT
 10
-495.6670563200482
 20
-213.5473439532841
 30
5.936971094551297
  0
VERTEX
  5
165F
  8
DEFAULT
 10
-495.8254619663454
 20
-213.2862513040665
 30
5.936971094551297
  0
VERTEX
  5
1660
  8
DEFAULT
 10
-495.9902160341504
 20
-213.0331235209775
 30
5.936971094551297
  0
VERTEX
  5
1661
  8
DEFAULT
 10
-496.1610346724958
 20
-212.7879584188983
 30
5.936971094551297
  0
VERTEX
  5
1662
  8
DEFAULT
 10
-496.3376340304141
 20
-212.5507538127098
 30
5.936971094551297
  0
VERTEX
  5
1663
  8
DEFAULT
 10
-496.5197302569377
 20
-212.3215075172935
 30
5.936971094551297
  0
VERTEX
  5
1664
  8
DEFAULT
 10
-496.7070395010994
 20
-212.1002173475303
 30
5.936971094551297
  0
VERTEX
  5
1665
  8
DEFAULT
 10
-496.8992779119316
 20
-211.8868811183015
 30
5.936971094551297
  0
VERTEX
  5
1666
  8
DEFAULT
 10
-497.0961616384668
 20
-211.6814966444883
 30
5.936971094551297
  0
VERTEX
  5
1667
  8
DEFAULT
 10
-497.2974068297375
 20
-211.4840617409718
 30
5.936971094551297
  0
VERTEX
  5
1668
  8
DEFAULT
 10
-497.5027296347765
 20
-211.2945742226332
 30
5.936971094551297
  0
VERTEX
  5
1669
  8
DEFAULT
 10
-497.7118462026161
 20
-211.1130319043536
 30
5.936971094551297
  0
VERTEX
  5
166A
  8
DEFAULT
 10
-497.9244726822889
 20
-210.9394326010142
 30
5.936971094551297
  0
VERTEX
  5
166B
  8
DEFAULT
 10
-498.1403252228274
 20
-210.7737741274962
 30
5.936971094551297
  0
VERTEX
  5
166C
  8
DEFAULT
 10
-498.3591199732642
 20
-210.6160542986808
 30
5.936971094551297
  0
VERTEX
  5
166D
  8
DEFAULT
 10
-498.5805730826318
 20
-210.466270929449
 30
5.936971094551297
  0
VERTEX
  5
166E
  8
DEFAULT
 10
-498.8044006999628
 20
-210.3244218346822
 30
5.936971094551297
  0
VERTEX
  5
166F
  8
DEFAULT
 10
-499.030336845274
 20
-210.1904813954089
 30
5.936971094551297
  0
VERTEX
  5
1670
  8
DEFAULT
 10
-499.2581870225196
 20
-210.0643302572474
 30
5.936971094551297
  0
VERTEX
  5
1671
  8
DEFAULT
 10
-499.4877746066379
 20
-209.9458256319637
 30
5.936971094551297
  0
VERTEX
  5
1672
  8
DEFAULT
 10
-499.7189229725676
 20
-209.8348247313237
 30
5.936971094551297
  0
VERTEX
  5
1673
  8
DEFAULT
 10
-499.9514554952469
 20
-209.7311847670932
 30
5.936971094551297
  0
VERTEX
  5
1674
  8
DEFAULT
 10
-500.1851955496145
 20
-209.634762951038
 30
5.936971094551297
  0
VERTEX
  5
1675
  8
DEFAULT
 10
-500.4199665106086
 20
-209.5454164949241
 30
5.936971094551297
  0
VERTEX
  5
1676
  8
DEFAULT
 10
-500.6555917531679
 20
-209.4630026105173
 30
5.936971094551297
  0
VERTEX
  5
1677
  8
DEFAULT
 10
-500.8918946522307
 20
-209.3873785095834
 30
5.936971094551297
  0
VERTEX
  5
1678
  8
DEFAULT
 10
-501.1286985827355
 20
-209.3184014038884
 30
5.936971094551297
  0
VERTEX
  5
1679
  8
DEFAULT
 10
-501.3658269196208
 20
-209.255928505198
 30
5.936971094551297
  0
VERTEX
  5
167A
  8
DEFAULT
 10
-501.603103037825
 20
-209.1998170252783
 30
5.936971094551297
  0
VERTEX
  5
167B
  8
DEFAULT
 10
-501.8403503122865
 20
-209.1499241758949
 30
5.936971094551297
  0
VERTEX
  5
167C
  8
DEFAULT
 10
-502.0773921179439
 20
-209.1061071688138
 30
5.936971094551297
  0
VERTEX
  5
167D
  8
DEFAULT
 10
-502.3140518297355
 20
-209.0682232158008
 30
5.936971094551297
  0
VERTEX
  5
167E
  8
DEFAULT
 10
-502.5501528225999
 20
-209.0361295286218
 30
5.936971094551297
  0
VERTEX
  5
167F
  8
DEFAULT
 10
-502.7855184714755
 20
-209.0096833190428
 30
5.936971094551297
  0
VERTEX
  5
1680
  8
DEFAULT
 10
-503.0199721513007
 20
-208.9887417988294
 30
5.936971094551297
  0
VERTEX
  5
1681
  8
DEFAULT
 10
-503.2533372370141
 20
-208.9731621797476
 30
5.936971094551297
  0
VERTEX
  5
1682
  8
DEFAULT
 10
-503.485437103554
 20
-208.9628016735634
 30
5.936971094551297
  0
VERTEX
  5
1683
  8
DEFAULT
 10
-503.7160951258589
 20
-208.9575174920424
 30
5.936971094551297
  0
VERTEX
  5
1684
  8
DEFAULT
 10
-503.9451346788674
 20
-208.9571668469507
 30
5.936971094551297
  0
VERTEX
  5
1685
  8
DEFAULT
 10
-504.1723791375176
 20
-208.961606950054
 30
5.936971094551297
  0
VERTEX
  5
1686
  8
DEFAULT
 10
-504.3976518767483
 20
-208.9706950131182
 30
5.936971094551297
  0
VERTEX
  5
1687
  8
DEFAULT
 10
-504.6207762714979
 20
-208.9842882479092
 30
5.936971094551297
  0
VERTEX
  5
1688
  8
DEFAULT
 10
-504.8415756967048
 20
-209.0022438661929
 30
5.936971094551297
  0
VERTEX
  5
1689
  8
DEFAULT
 10
-505.0598735273074
 20
-209.0244190797351
 30
5.936971094551297
  0
VERTEX
  5
168A
  8
DEFAULT
 10
-505.2754931382442
 20
-209.0506711003016
 30
5.936971094551297
  0
VERTEX
  5
168B
  8
DEFAULT
 10
-505.4882579044537
 20
-209.0808571396583
 30
5.936971094551297
  0
VERTEX
  5
168C
  8
DEFAULT
 10
-505.6979912008742
 20
-209.1148344095712
 30
5.936971094551297
  0
VERTEX
  5
168D
  8
DEFAULT
 10
-505.9045164024444
 20
-209.1524601218061
 30
5.936971094551297
  0
VERTEX
  5
168E
  8
DEFAULT
 10
-506.1076568841027
 20
-209.1935914881288
 30
5.936971094551297
  0
VERTEX
  5
168F
  8
DEFAULT
 10
-506.3072867170912
 20
-209.2381124864337
 30
5.936971094551297
  0
VERTEX
  5
1690
  8
DEFAULT
 10
-506.5034827578684
 20
-209.2860141591296
 30
5.936971094551297
  0
VERTEX
  5
1691
  8
DEFAULT
 10
-506.6963725591959
 20
-209.3373143147537
 30
5.936971094551297
  0
VERTEX
  5
1692
  8
DEFAULT
 10
-506.8860836738359
 20
-209.3920307618433
 30
5.936971094551297
  0
VERTEX
  5
1693
  8
DEFAULT
 10
-507.0727436545502
 20
-209.4501813089355
 30
5.936971094551297
  0
VERTEX
  5
1694
  8
DEFAULT
 10
-507.2564800541009
 20
-209.5117837645677
 30
5.936971094551297
  0
VERTEX
  5
1695
  8
DEFAULT
 10
-507.4374204252499
 20
-209.5768559372771
 30
5.936971094551297
  0
VERTEX
  5
1696
  8
DEFAULT
 10
-507.6156923207592
 20
-209.6454156356009
 30
5.936971094551297
  0
VERTEX
  5
1697
  8
DEFAULT
 10
-507.7914232933907
 20
-209.7174806680764
 30
5.936971094551297
  0
VERTEX
  5
1698
  8
DEFAULT
 10
-507.9647408959066
 20
-209.7930688432409
 30
5.936971094551297
  0
VERTEX
  5
1699
  8
DEFAULT
 10
-508.1357726810687
 20
-209.8721979696315
 30
5.936971094551297
  0
VERTEX
  5
169A
  8
DEFAULT
 10
-508.304646201639
 20
-209.9548858557856
 30
5.936971094551297
  0
VERTEX
  5
169B
  8
DEFAULT
 10
-508.4714890103795
 20
-210.0411503102404
 30
5.936971094551297
  0
VERTEX
  5
169C
  8
DEFAULT
 10
-508.636428660052
 20
-210.1310091415332
 30
5.936971094551297
  0
VERTEX
  5
169D
  8
DEFAULT
 10
-508.7995927034187
 20
-210.2244801582011
 30
5.936971094551297
  0
VERTEX
  5
169E
  8
DEFAULT
 10
-508.9611086932416
 20
-210.3215811687815
 30
5.936971094551297
  0
VERTEX
  5
169F
  8
DEFAULT
 10
-509.1211041822825
 20
-210.4223299818116
 30
5.936971094551297
  0
VERTEX
  5
16A0
  8
DEFAULT
 10
-509.2797067233034
 20
-210.5267444058286
 30
5.936971094551297
  0
VERTEX
  5
16A1
  8
DEFAULT
 10
-509.4370438690664
 20
-210.6348422493698
 30
5.936971094551297
  0
VERTEX
  5
16A2
  8
DEFAULT
 10
-509.5932431723334
 20
-210.7466413209725
 30
5.936971094551297
  0
VERTEX
  5
16A3
  8
DEFAULT
 10
-509.7484321858662
 20
-210.8621594291738
 30
5.936971094551297
  0
VERTEX
  5
16A4
  8
DEFAULT
 10
-509.9027384624271
 20
-210.9814143825111
 30
5.936971094551297
  0
VERTEX
  5
16A5
  8
DEFAULT
 10
-510.2092130156803
 20
-211.2312060587425
 30
5.936971094551297
  0
VERTEX
  5
16A6
  8
DEFAULT
 10
-510.5136872541892
 20
-211.4961588179647
 30
5.936971094551297
  0
VERTEX
  5
16A7
  8
DEFAULT
 10
-510.8171816000491
 20
-211.7764151284757
 30
5.936971094551297
  0
VERTEX
  5
16A8
  8
DEFAULT
 10
-511.1207164753562
 20
-212.0721174585734
 30
5.936971094551297
  0
VERTEX
  5
16A9
  8
DEFAULT
 10
-511.425312302206
 20
-212.3834082765559
 30
5.936971094551297
  0
VERTEX
  5
16AA
  8
DEFAULT
 10
-511.7313783276294
 20
-212.7102370530022
 30
5.936971094551297
  0
VERTEX
  5
16AB
  8
DEFAULT
 10
-512.0368790983983
 20
-213.051781267616
 30
5.936971094551297
  0
VERTEX
  5
16AC
  8
DEFAULT
 10
-512.3391679862193
 20
-213.4070254023819
 30
5.936971094551297
  0
VERTEX
  5
16AD
  8
DEFAULT
 10
-512.6355983627991
 20
-213.7749539392847
 30
5.936971094551297
  0
VERTEX
  5
16AE
  8
DEFAULT
 10
-512.9235235998443
 20
-214.1545513603089
 30
5.936971094551297
  0
VERTEX
  5
16AF
  8
DEFAULT
 10
-513.2002970690619
 20
-214.5448021474394
 30
5.936971094551297
  0
VERTEX
  5
16B0
  8
DEFAULT
 10
-513.3336748193935
 20
-214.7436052039147
 30
5.936971094551297
  0
VERTEX
  5
16B1
  8
DEFAULT
 10
-513.4632721421585
 20
-214.9446907826607
 30
5.936971094551297
  0
VERTEX
  5
16B2
  8
DEFAULT
 10
-513.5887582088199
 20
-215.1479319439257
 30
5.936971094551297
  0
VERTEX
  5
16B3
  8
DEFAULT
 10
-513.709802190841
 20
-215.3532017479576
 30
5.936971094551297
  0
VERTEX
  5
16B4
  8
DEFAULT
 10
-513.8260732596851
 20
-215.5603732550046
 30
5.936971094551297
  0
VERTEX
  5
16B5
  8
DEFAULT
 10
-513.9372405868158
 20
-215.7693195253148
 30
5.936971094551297
  0
VERTEX
  5
16B6
  8
DEFAULT
 10
-514.0429733436964
 20
-215.9799136191362
 30
5.936971094551297
  0
VERTEX
  5
16B7
  8
DEFAULT
 10
-514.1429407017899
 20
-216.1920285967169
 30
5.936971094551297
  0
VERTEX
  5
16B8
  8
DEFAULT
 10
-514.2368118325601
 20
-216.405537518305
 30
5.936971094551297
  0
VERTEX
  5
16B9
  8
DEFAULT
 10
-514.3242559074702
 20
-216.6203134441486
 30
5.936971094551297
  0
VERTEX
  5
16BA
  8
DEFAULT
 10
-514.4049420979832
 20
-216.8362294344958
 30
5.936971094551297
  0
VERTEX
  5
16BB
  8
DEFAULT
 10
-514.478539575563
 20
-217.0531585495946
 30
5.936971094551297
  0
VERTEX
  5
16BC
  8
DEFAULT
 10
-514.5447175116726
 20
-217.2709738496932
 30
5.936971094551297
  0
VERTEX
  5
16BD
  8
DEFAULT
 10
-514.6031450777754
 20
-217.4895483950397
 30
5.936971094551297
  0
VERTEX
  5
16BE
  8
DEFAULT
 10
-514.6293490881565
 20
-217.5990807160083
 30
5.936971094551297
  0
VERTEX
  5
16BF
  8
DEFAULT
 10
-514.6534914453347
 20
-217.708755245882
 30
5.936971094551297
  0
VERTEX
  5
16C0
  8
DEFAULT
 10
-514.6755307957428
 20
-217.8185561171917
 30
5.936971094551297
  0
VERTEX
  5
16C1
  8
DEFAULT
 10
-514.6954257858139
 20
-217.9284674624683
 30
5.936971094551297
  0
VERTEX
  5
16C2
  8
DEFAULT
 10
-514.7131350619808
 20
-218.038473414243
 30
5.936971094551297
  0
VERTEX
  5
16C3
  8
DEFAULT
 10
-514.7286172706764
 20
-218.1485581050468
 30
5.936971094551297
  0
VERTEX
  5
16C4
  8
DEFAULT
 10
-514.7418310583337
 20
-218.2587056674106
 30
5.936971094551297
  0
VERTEX
  5
16C5
  8
DEFAULT
 10
-514.7527350713854
 20
-218.3689002338654
 30
5.936971094551297
  0
VERTEX
  5
16C6
  8
DEFAULT
 10
-514.7612879562647
 20
-218.4791259369423
 30
5.936971094551297
  0
VERTEX
  5
16C7
  8
DEFAULT
 10
-514.7674483594044
 20
-218.5893669091723
 30
5.936971094551297
  0
VERTEX
  5
16C8
  8
DEFAULT
 10
-514.7711749272373
 20
-218.6996072830864
 30
5.936971094551297
  0
VERTEX
  5
16C9
  8
DEFAULT
 10
-514.7724263061967
 20
-218.8098311912156
 30
5.936971094551297
  0
VERTEX
  5
16CA
  8
DEFAULT
 10
-514.7711749272373
 20
-218.9200550993447
 30
5.936971094551297
  0
VERTEX
  5
16CB
  8
DEFAULT
 10
-514.7674483594044
 20
-219.0302954732588
 30
5.936971094551297
  0
VERTEX
  5
16CC
  8
DEFAULT
 10
-514.7612879562647
 20
-219.1405364454888
 30
5.936971094551297
  0
VERTEX
  5
16CD
  8
DEFAULT
 10
-514.7527350713854
 20
-219.2507621485657
 30
5.936971094551297
  0
VERTEX
  5
16CE
  8
DEFAULT
 10
-514.7418310583337
 20
-219.3609567150205
 30
5.936971094551297
  0
VERTEX
  5
16CF
  8
DEFAULT
 10
-514.7286172706764
 20
-219.4711042773843
 30
5.936971094551297
  0
VERTEX
  5
16D0
  8
DEFAULT
 10
-514.7131350619808
 20
-219.5811889681881
 30
5.936971094551297
  0
VERTEX
  5
16D1
  8
DEFAULT
 10
-514.6954257858139
 20
-219.6911949199628
 30
5.936971094551297
  0
VERTEX
  5
16D2
  8
DEFAULT
 10
-514.6755307957428
 20
-219.8011062652394
 30
5.936971094551297
  0
VERTEX
  5
16D3
  8
DEFAULT
 10
-514.6534914453347
 20
-219.9109071365491
 30
5.936971094551297
  0
VERTEX
  5
16D4
  8
DEFAULT
 10
-514.6293490881565
 20
-220.0205816664228
 30
5.936971094551297
  0
VERTEX
  5
16D5
  8
DEFAULT
 10
-514.6031450777754
 20
-220.1301139873914
 30
5.936971094551297
  0
VERTEX
  5
16D6
  8
DEFAULT
 10
-514.5447175116726
 20
-220.3486885327379
 30
5.936971094551297
  0
VERTEX
  5
16D7
  8
DEFAULT
 10
-514.478539575563
 20
-220.5665038328365
 30
5.936971094551297
  0
VERTEX
  5
16D8
  8
DEFAULT
 10
-514.4049420979832
 20
-220.7834329479353
 30
5.936971094551297
  0
VERTEX
  5
16D9
  8
DEFAULT
 10
-514.3242559074702
 20
-220.9993489382825
 30
5.936971094551297
  0
VERTEX
  5
16DA
  8
DEFAULT
 10
-514.2368118325601
 20
-221.2141248641261
 30
5.936971094551297
  0
VERTEX
  5
16DB
  8
DEFAULT
 10
-514.1429407017899
 20
-221.4276337857142
 30
5.936971094551297
  0
VERTEX
  5
16DC
  8
DEFAULT
 10
-514.0429733436964
 20
-221.6397487632949
 30
5.936971094551297
  0
VERTEX
  5
16DD
  8
DEFAULT
 10
-513.9372405868158
 20
-221.8503428571163
 30
5.936971094551297
  0
VERTEX
  5
16DE
  8
DEFAULT
 10
-513.8260732596851
 20
-222.0592891274265
 30
5.936971094551297
  0
VERTEX
  5
16DF
  8
DEFAULT
 10
-513.709802190841
 20
-222.2664606344735
 30
5.936971094551297
  0
VERTEX
  5
16E0
  8
DEFAULT
 10
-513.5887582088199
 20
-222.4717304385054
 30
5.936971094551297
  0
VERTEX
  5
16E1
  8
DEFAULT
 10
-513.4632721421585
 20
-222.6749715997704
 30
5.936971094551297
  0
VERTEX
  5
16E2
  8
DEFAULT
 10
-513.3336748193935
 20
-222.8760571785164
 30
5.936971094551297
  0
VERTEX
  5
16E3
  8
DEFAULT
 10
-513.2002970690619
 20
-223.0748602349917
 30
5.936971094551297
  0
VERTEX
  5
16E4
  8
DEFAULT
 10
-512.9235235998443
 20
-223.4651110221222
 30
5.936971094551297
  0
VERTEX
  5
16E5
  8
DEFAULT
 10
-512.6355983627991
 20
-223.8447084431464
 30
5.936971094551297
  0
VERTEX
  5
16E6
  8
DEFAULT
 10
-512.3391679862193
 20
-224.2126369800492
 30
5.936971094551297
  0
VERTEX
  5
16E7
  8
DEFAULT
 10
-512.0368790983983
 20
-224.5678811148151
 30
5.936971094551297
  0
VERTEX
  5
16E8
  8
DEFAULT
 10
-511.7313783276294
 20
-224.9094253294289
 30
5.936971094551297
  0
VERTEX
  5
16E9
  8
DEFAULT
 10
-511.425312302206
 20
-225.2362541058753
 30
5.936971094551297
  0
VERTEX
  5
16EA
  8
DEFAULT
 10
-511.1207164753562
 20
-225.5475449238577
 30
5.936971094551297
  0
VERTEX
  5
16EB
  8
DEFAULT
 10
-510.8171816000491
 20
-225.8432472539554
 30
5.936971094551297
  0
VERTEX
  5
16EC
  8
DEFAULT
 10
-510.5136872541892
 20
-226.1235035644664
 30
5.936971094551297
  0
VERTEX
  5
16ED
  8
DEFAULT
 10
-510.2092130156803
 20
-226.3884563236886
 30
5.936971094551297
  0
VERTEX
  5
16EE
  8
DEFAULT
 10
-509.9027384624271
 20
-226.63824799992
 30
5.936971094551297
  0
VERTEX
  5
16EF
  8
DEFAULT
 10
-509.7484321858662
 20
-226.7575029532573
 30
5.936971094551297
  0
VERTEX
  5
16F0
  8
DEFAULT
 10
-509.5932431723334
 20
-226.8730210614586
 30
5.936971094551297
  0
VERTEX
  5
16F1
  8
DEFAULT
 10
-509.4370438690664
 20
-226.9848201330613
 30
5.936971094551297
  0
VERTEX
  5
16F2
  8
DEFAULT
 10
-509.2797067233034
 20
-227.0929179766025
 30
5.936971094551297
  0
VERTEX
  5
16F3
  8
DEFAULT
 10
-509.1211041822825
 20
-227.1973324006195
 30
5.936971094551297
  0
VERTEX
  5
16F4
  8
DEFAULT
 10
-508.9611086932416
 20
-227.2980812136496
 30
5.936971094551297
  0
VERTEX
  5
16F5
  8
DEFAULT
 10
-508.7995927034187
 20
-227.39518222423
 30
5.936971094551297
  0
VERTEX
  5
16F6
  8
DEFAULT
 10
-508.636428660052
 20
-227.4886532408979
 30
5.936971094551297
  0
VERTEX
  5
16F7
  8
DEFAULT
 10
-508.4714890103795
 20
-227.5785120721907
 30
5.936971094551297
  0
VERTEX
  5
16F8
  8
DEFAULT
 10
-508.304646201639
 20
-227.6647765266455
 30
5.936971094551297
  0
VERTEX
  5
16F9
  8
DEFAULT
 10
-508.1357726810687
 20
-227.7474644127996
 30
5.936971094551297
  0
VERTEX
  5
16FA
  8
DEFAULT
 10
-507.9647408959066
 20
-227.8265935391903
 30
5.936971094551297
  0
VERTEX
  5
16FB
  8
DEFAULT
 10
-507.7914232933907
 20
-227.9021817143548
 30
5.936971094551297
  0
VERTEX
  5
16FC
  8
DEFAULT
 10
-507.6156923207592
 20
-227.9742467468303
 30
5.936971094551297
  0
VERTEX
  5
16FD
  8
DEFAULT
 10
-507.4374204252499
 20
-228.0428064451541
 30
5.936971094551297
  0
VERTEX
  5
16FE
  8
DEFAULT
 10
-507.2564800541009
 20
-228.1078786178635
 30
5.936971094551297
  0
VERTEX
  5
16FF
  8
DEFAULT
 10
-507.0727436545502
 20
-228.1694810734957
 30
5.936971094551297
  0
VERTEX
  5
1700
  8
DEFAULT
 10
-506.8860836738359
 20
-228.2276316205879
 30
5.936971094551297
  0
VERTEX
  5
1701
  8
DEFAULT
 10
-506.6963725591959
 20
-228.2823480676774
 30
5.936971094551297
  0
VERTEX
  5
1702
  8
DEFAULT
 10
-506.5034827578684
 20
-228.3336482233015
 30
5.936971094551297
  0
VERTEX
  5
1703
  8
DEFAULT
 10
-506.3072867170912
 20
-228.3815498959974
 30
5.936971094551297
  0
VERTEX
  5
1704
  8
DEFAULT
 10
-506.1076568841027
 20
-228.4260708943024
 30
5.936971094551297
  0
VERTEX
  5
1705
  8
DEFAULT
 10
-505.9045164024444
 20
-228.4672022606251
 30
5.936971094551297
  0
VERTEX
  5
1706
  8
DEFAULT
 10
-505.6979912008742
 20
-228.5048279728599
 30
5.936971094551297
  0
VERTEX
  5
1707
  8
DEFAULT
 10
-505.4882579044537
 20
-228.5388052427728
 30
5.936971094551297
  0
VERTEX
  5
1708
  8
DEFAULT
 10
-505.2754931382442
 20
-228.5689912821296
 30
5.936971094551297
  0
VERTEX
  5
1709
  8
DEFAULT
 10
-505.0598735273074
 20
-228.5952433026961
 30
5.936971094551297
  0
VERTEX
  5
170A
  8
DEFAULT
 10
-504.8415756967048
 20
-228.6174185162383
 30
5.936971094551297
  0
VERTEX
  5
170B
  8
DEFAULT
 10
-504.6207762714979
 20
-228.6353741345219
 30
5.936971094551297
  0
VERTEX
  5
170C
  8
DEFAULT
 10
-504.3976518767483
 20
-228.6489673693129
 30
5.936971094551297
  0
VERTEX
  5
170D
  8
DEFAULT
 10
-504.1723791375176
 20
-228.6580554323771
 30
5.936971094551297
  0
VERTEX
  5
170E
  8
DEFAULT
 10
-503.9451346788674
 20
-228.6624955354804
 30
5.936971094551297
  0
VERTEX
  5
170F
  8
DEFAULT
 10
-503.7160951258589
 20
-228.6621448903887
 30
5.936971094551297
  0
VERTEX
  5
1710
  8
DEFAULT
 10
-503.485437103554
 20
-228.6568607088677
 30
5.936971094551297
  0
VERTEX
  5
1711
  8
DEFAULT
 10
-503.2533372370141
 20
-228.6465002026835
 30
5.936971094551297
  0
VERTEX
  5
1712
  8
DEFAULT
 10
-503.0199721513007
 20
-228.6309205836017
 30
5.936971094551297
  0
VERTEX
  5
1713
  8
DEFAULT
 10
-502.7855184714755
 20
-228.6099790633884
 30
5.936971094551297
  0
VERTEX
  5
1714
  8
DEFAULT
 10
-502.5501528225999
 20
-228.5835328538093
 30
5.936971094551297
  0
VERTEX
  5
1715
  8
DEFAULT
 10
-502.3140518297355
 20
-228.5514391666303
 30
5.936971094551297
  0
VERTEX
  5
1716
  8
DEFAULT
 10
-502.0773921179438
 20
-228.5135552136174
 30
5.936971094551297
  0
VERTEX
  5
1717
  8
DEFAULT
 10
-501.8403503122864
 20
-228.4697382065363
 30
5.936971094551297
  0
VERTEX
  5
1718
  8
DEFAULT
 10
-501.6031030378249
 20
-228.4198453571529
 30
5.936971094551297
  0
VERTEX
  5
1719
  8
DEFAULT
 10
-501.3658269196208
 20
-228.3637338772331
 30
5.936971094551297
  0
VERTEX
  5
171A
  8
DEFAULT
 10
-501.1286985827355
 20
-228.3012609785427
 30
5.936971094551297
  0
VERTEX
  5
171B
  8
DEFAULT
 10
-500.8918946522307
 20
-228.2322838728477
 30
5.936971094551297
  0
VERTEX
  5
171C
  8
DEFAULT
 10
-500.6555917531679
 20
-228.1566597719138
 30
5.936971094551297
  0
VERTEX
  5
171D
  8
DEFAULT
 10
-500.4199665106086
 20
-228.074245887507
 30
5.936971094551297
  0
VERTEX
  5
171E
  8
DEFAULT
 10
-500.1851955496145
 20
-227.9848994313931
 30
5.936971094551297
  0
VERTEX
  5
171F
  8
DEFAULT
 10
-499.9514554952469
 20
-227.8884776153379
 30
5.936971094551297
  0
VERTEX
  5
1720
  8
DEFAULT
 10
-499.7189229725676
 20
-227.7848376511074
 30
5.936971094551297
  0
VERTEX
  5
1721
  8
DEFAULT
 10
-499.4877746066379
 20
-227.6738367504674
 30
5.936971094551297
  0
VERTEX
  5
1722
  8
DEFAULT
 10
-499.2581870225196
 20
-227.5553321251837
 30
5.936971094551297
  0
VERTEX
  5
1723
  8
DEFAULT
 10
-499.030336845274
 20
-227.4291809870222
 30
5.936971094551297
  0
VERTEX
  5
1724
  8
DEFAULT
 10
-498.8044006999628
 20
-227.2952405477489
 30
5.936971094551297
  0
VERTEX
  5
1725
  8
DEFAULT
 10
-498.5805730826318
 20
-227.1533914529821
 30
5.936971094551297
  0
VERTEX
  5
1726
  8
DEFAULT
 10
-498.3591199732642
 20
-227.0036080837503
 30
5.936971094551297
  0
VERTEX
  5
1727
  8
DEFAULT
 10
-498.1403252228274
 20
-226.8458882549349
 30
5.936971094551297
  0
VERTEX
  5
1728
  8
DEFAULT
 10
-497.9244726822889
 20
-226.6802297814169
 30
5.936971094551297
  0
VERTEX
  5
1729
  8
DEFAULT
 10
-497.7118462026161
 20
-226.5066304780775
 30
5.936971094551297
  0
VERTEX
  5
172A
  8
DEFAULT
 10
-497.5027296347765
 20
-226.3250881597979
 30
5.936971094551297
  0
VERTEX
  5
172B
  8
DEFAULT
 10
-497.2974068297375
 20
-226.1356006414593
 30
5.936971094551297
  0
VERTEX
  5
172C
  8
DEFAULT
 10
-497.0961616384668
 20
-225.9381657379428
 30
5.936971094551297
  0
VERTEX
  5
172D
  8
DEFAULT
 10
-496.8992779119316
 20
-225.7327812641296
 30
5.936971094551297
  0
VERTEX
  5
172E
  8
DEFAULT
 10
-496.7070395010994
 20
-225.5194450349008
 30
5.936971094551297
  0
VERTEX
  5
172F
  8
DEFAULT
 10
-496.5197302569377
 20
-225.2981548651376
 30
5.936971094551297
  0
VERTEX
  5
1730
  8
DEFAULT
 10
-496.3376340304141
 20
-225.0689085697213
 30
5.936971094551297
  0
VERTEX
  5
1731
  8
DEFAULT
 10
-496.1610346724958
 20
-224.8317039635328
 30
5.936971094551297
  0
VERTEX
  5
1732
  8
DEFAULT
 10
-495.9902160341504
 20
-224.5865388614536
 30
5.936971094551297
  0
VERTEX
  5
1733
  8
DEFAULT
 10
-495.8254619663454
 20
-224.3334110783646
 30
5.936971094551297
  0
VERTEX
  5
1734
  8
DEFAULT
 10
-495.6670563200482
 20
-224.072318429147
 30
5.936971094551297
  0
VERTEX
  5
1735
  8
DEFAULT
 10
-495.5152829462263
 20
-223.8032587286821
 30
5.936971094551297
  0
VERTEX
  5
1736
  8
DEFAULT
 10
-495.370425695847
 20
-223.5262297918509
 30
5.936971094551297
  0
VERTEX
  5
1737
  8
DEFAULT
 10
-495.232768419878
 20
-223.2412294335347
 30
5.936971094551297
  0
VERTEX
  5
1738
  8
DEFAULT
 10
-495.1025949692867
 20
-222.9482554686146
 30
5.936971094551297
  0
VERTEX
  5
1739
  8
DEFAULT
 10
-494.9801891950405
 20
-222.6473057119718
 30
5.936971094551297
  0
VERTEX
  5
173A
  8
DEFAULT
 10
-494.8658349481068
 20
-222.3383779784874
 30
5.936971094551297
  0
VERTEX
  5
173B
  8
DEFAULT
 10
-494.7598160794532
 20
-222.0214700830427
 30
5.936971094551297
  0
VERTEX
  5
173C
  8
DEFAULT
 10
-494.6624164400471
 20
-221.6965798405188
 30
5.936971094551297
  0
VERTEX
  5
173D
  8
DEFAULT
 10
-494.5739198808559
 20
-221.3637050657968
 30
5.936971094551297
  0
VERTEX
  5
173E
  8
DEFAULT
 10
-494.4946102528472
 20
-221.0228435737579
 30
5.936971094551297
  0
VERTEX
  5
173F
  8
DEFAULT
 10
-494.4247714069883
 20
-220.6739931792833
 30
5.936971094551297
  0
VERTEX
  5
1740
  8
DEFAULT
 10
-494.3646871942468
 20
-220.3171516972542
 30
5.936971094551297
  0
VERTEX
  5
1741
  8
DEFAULT
 10
-494.31464146559
 20
-219.9523169425517
 30
5.936971094551297
  0
VERTEX
  5
1742
  8
DEFAULT
 10
-494.2749180719856
 20
-219.579486730057
 30
5.936971094551297
  0
VERTEX
  5
1743
  8
DEFAULT
 10
-494.2458008644008
 20
-219.1986588746512
 30
5.936971094551297
  0
SEQEND
  5
1744
  8
DEFAULT
  0
CIRCLE
  5
1745
  8
DEFAULT
 10
508.0315144531591
 20
-218.8098311912156
 30
-5.936971094551297
 40
3.0
210
0.0
220
0.0
230
-1.0
  0
ENDSEC
  0
EOF
